time_s,v_alpha_v,v_beta_v,i_alpha_a,i_beta_a,encoder_angle_rad,encoder_speed_rad_s,pll_angle_rad,pll_speed_rad_s,emf_alpha_v,emf_beta_v,phase_error_rad,locked,active,bus_voltage_v,angle_error_rad
20.558658599853516,-2.8594963550567627,0.6102002859115601,0.025281643494963646,0.054589979350566864,1.0065407752990723,838.3919677734375,1.390716791152954,834.3306274414062,-2.6280839443206787,1.1960445642471313,0.030169963836669922,1.0,0.0,12.330475807189941,0.38417601585388184
20.559158325195312,-2.8428595066070557,-0.6051155924797058,0.004334378056228161,0.03319306671619415,1.439140796661377,847.4439697265625,1.808777093887329,834.3681640625,-2.915726661682129,0.12267857044935226,-0.0029783248901367188,1.0,0.0,12.330475807189941,0.36963629722595215
20.55965805053711,-2.337897300720215,-1.7238160371780396,-0.010167574509978294,0.009935547597706318,1.862865924835205,847.4439697265625,2.225842237472534,834.3630981445312,-2.68709397315979,-1.0520892143249512,-0.0048160552978515625,1.0,0.0,12.330475807189941,0.3629763126373291
20.560157775878906,-1.5070581436157227,-2.471311330795288,-0.005333590321242809,0.005284044425934553,2.113028049468994,730.1748657226562,2.642620801925659,834.3461303710938,-2.022346258163452,-1.9948736429214478,-0.016275405883789062,1.0,0.0,12.330475807189941,0.529592752456665
20.56065559387207,-0.5039839148521423,-2.869636297225952,-0.026280855759978294,0.02295975759625435,2.4773857593536377,730.1748657226562,3.058758020401001,834.3025512695312,-1.0940550565719604,-2.649655818939209,-0.03183698654174805,1.0,0.0,12.330475807189941,0.5813722610473633
20.561155319213867,0.6781759858131409,-2.8459064960479736,-0.055284760892391205,-0.010531066916882992,3.018422842025757,849.1405639648438,-2.808873414993286,834.2353515625,0.0460553877055645,-2.893970251083374,-0.03995251655578613,1.0,0.0,12.330475807189941,0.4558892250061035
20.561655044555664,1.8016191720962524,-2.3204562664031982,-0.06495273113250732,-0.06262790411710739,3.442993640899658,849.1405639648438,-2.3928961753845215,834.1874389648438,1.2429088354110718,-2.502988576889038,-0.010837078094482422,1.0,0.0,12.330475807189941,0.4472956657409668
20.562156677246094,2.604079484939575,-1.4051554203033447,-0.06495273113250732,-0.09797932952642441,3.8663077354431152,848.2913818359375,-1.9756447076797485,834.1941528320312,2.2706656455993652,-1.7589153051376343,0.022875547409057617,1.0,0.0,12.330475807189941,0.44123315811157227
20.56265640258789,2.962249994277954,-0.24238499999046326,-0.050450775772333145,-0.10449143499135971,4.29045295715332,848.2913818359375,-1.5576367378234863,834.2324829101562,2.898829698562622,-0.7134839296340942,0.022623777389526367,1.0,0.0,12.330475807189941,0.43509578704833984
20.563156127929688,2.7998008728027344,0.971235454082489,-0.053673435002565384,-0.15100647509098053,4.714598178863525,848.2913818359375,-1.1404428482055664,834.235595703125,3.0089476108551025,0.4178469777107239,-0.015411138534545898,1.0,0.0,12.330475807189941,0.4281444549560547
20.563655853271484,2.1274962425231934,2.0136611461639404,-0.019835542887449265,-0.083094522356987,5.1387434005737305,848.2913818359375,-0.7243778705596924,834.1912231445312,2.590174436569214,1.5046120882034302,-0.04334211349487305,1.0,0.0,12.330475807189941,0.42006444931030273
20.56415557861328,1.1811814308166504,2.67301607131958,0.023670315742492676,-0.04681279510259628,5.419861316680908,751.650634765625,-0.30931830406188965,834.1058349609375,1.737526774406433,2.3766257762908936,-0.0451807975769043,1.0,0.0,12.330475807189941,0.5540060997009277
20.564655303955078,0.09101041406393051,2.906926155090332,0.030115628615021706,-0.026346178725361824,5.795685768127441,751.650634765625,0.10494184494018555,833.9883422851562,0.7295675873756409,2.8115363121032715,-0.08223724365234375,1.0,0.0,12.330475807189941,0.5924415588378906
20.565155029296875,-1.1224647760391235,2.710306406021118,0.0575082041323185,0.0285415630787611,0.03176140785217285,849.1405639648438,0.5186314582824707,833.8494873046875,-0.5103963613510132,2.788533926010132,-0.060962677001953125,1.0,0.0,12.330475807189941,0.48687005043029785
20.565656661987305,-2.144132614135742,2.025526285171509,0.08812344074249268,0.09087169915437698,0.4563322067260742,849.1405639648438,0.9338352680206299,833.77734375,-1.6823723316192627,2.259016513824463,-0.01691150665283203,1.0,0.0,12.330475807189941,0.47750306129455566
20.5661563873291,-2.82328724861145,0.9712356328964233,0.07039882987737656,0.10854741930961609,0.9114294052124023,869.7671508789062,1.3512299060821533,833.7987060546875,-2.608091354370117,1.3392876386642456,0.022137165069580078,1.0,0.0,12.330475807189941,0.439800500869751
20.5666561126709,-2.964207410812378,-0.2661149799823761,0.044617582112550735,0.11412922292947769,1.3463125228881836,869.7671508789062,1.7685787677764893,833.8175048828125,-3.025087356567383,0.25067412853240967,-0.0035905838012695312,1.0,0.0,12.330475807189941,0.42226624488830566
20.567155838012695,-2.5629773139953613,-1.4627856016159058,0.031726956367492676,0.08435960114002228,1.765305757522583,859.029296875,2.1847012042999268,833.784423828125,-2.857717275619507,-0.9142892360687256,-0.027502059936523438,1.0,0.0,12.330475807189941,0.41939544677734375
20.567655563354492,-1.6832079887390137,-2.389951229095459,-0.021446870639920235,0.038774870336055756,2.194819927215576,859.029296875,2.5997202396392822,833.70556640625,-2.2318978309631348,-1.884193778038025,-0.05116844177246094,1.0,0.0,12.330475807189941,0.40490031242370605
20.56815528869629,-0.6175023913383484,-2.856076240539551,-0.027892183512449265,0.018308253958821297,2.4813051223754883,762.3884887695312,3.0144340991973877,833.61572265625,-1.2649798393249512,-2.578312635421753,-0.052361488342285156,1.0,0.0,12.330475807189941,0.5331289768218994
20.568655014038086,0.5352990627288818,-2.8899762630462646,-0.061730075627565384,-0.025415878742933273,2.8617377281188965,762.3884887695312,-2.8539230823516846,833.532470703125,-0.08685562759637833,-2.8278963565826416,-0.04175925254821777,1.0,0.0,12.330475807189941,0.5675244331359863
20.569156646728516,1.6851645708084106,-2.4408011436462402,-0.07300937175750732,-0.06355820596218109,3.3720881938934326,849.1405639648438,-2.438746690750122,833.4656982421875,1.114482045173645,-2.568948745727539,-0.016824722290039062,1.0,0.0,12.330475807189941,0.4723505973815918
20.569656372070312,2.5482985973358154,-1.5627907514572144,-0.07784335315227509,-0.12030655145645142,3.795809507369995,849.1405639648438,-2.0223982334136963,833.4495849609375,2.1548044681549072,-1.9062604904174805,0.0041081905364990234,1.0,0.0,12.330475807189941,0.4649777412414551
20.57015609741211,2.970078706741333,-0.4118850827217102,-0.034337494522333145,-0.10077023506164551,4.219121932983398,848.2913818359375,-1.6051356792449951,833.4720458984375,2.8383591175079346,-0.89854896068573,0.0045359134674072266,1.0,0.0,12.330475807189941,0.45892763137817383
20.570655822753906,2.8594963550567627,0.8136003017425537,-0.019835542887449265,-0.0793733149766922,4.6432671546936035,848.2913818359375,-1.189389705657959,833.4302978515625,3.0170364379882812,0.20590345561504364,-0.03666329383850098,1.0,0.0,12.330475807189941,0.450528621673584
20.571155548095703,2.2322075366973877,1.927215814590454,0.034949611872434616,-0.003088661003857851,5.100485801696777,870.6377563476562,-0.7748253345489502,833.33984375,2.645498514175415,1.3370200395584106,-0.051506757736206055,1.0,0.0,12.330475807189941,0.40787458419799805
20.5716552734375,1.2046680450439453,2.6899662017822266,0.031726956367492676,-0.001228060107678175,5.535804271697998,870.6377563476562,-0.3605830669403076,833.2379150390625,1.8173871040344238,2.262340784072876,-0.039653778076171875,1.0,0.0,12.330475807189941,0.3867983818054199
20.572154998779297,0.09101041406393051,2.940826654434204,0.036560941487550735,0.03133246302604675,5.7779059410095215,740.1725463867188,0.0543217658996582,833.1658325195312,0.7430514097213745,2.8008177280426025,-0.03713274002075195,1.0,0.0,12.330475807189941,0.5596013069152832
20.572656631469727,-1.0500476360321045,2.7679362297058105,0.052674222737550735,0.05179908126592636,6.147991180419922,740.1725463867188,0.46942758560180664,833.103759765625,-0.45621636509895325,2.74418044090271,-0.02815532684326172,1.0,0.0,12.330475807189941,0.6046218872070312
20.573156356811523,-2.0893304347991943,2.1407859325408936,0.0977914109826088,0.10947772860527039,0.3961644172668457,849.1405639648438,0.8847596645355225,833.0525512695312,-1.574039101600647,2.3406476974487305,-0.016179561614990234,1.0,0.0,12.330475807189941,0.48859524726867676
20.57365608215332,-2.7753355503082275,1.1356507539749146,0.062342189252376556,0.09831411391496658,0.8207335472106934,849.1405639648438,1.301429033279419,833.0586547851562,-2.5112829208374023,1.5290453433990479,-0.000919342041015625,1.0,0.0,12.330475807189941,0.4806954860687256
20.574155807495117,-2.9984586238861084,-0.07797026634216309,0.043006252497434616,0.11319892108440399,1.259951114654541,859.029296875,1.7173893451690674,833.0347290039062,-2.998460292816162,0.43307018280029297,-0.013463020324707031,1.0,0.0,12.330475807189941,0.45743823051452637
20.57465362548828,-2.6853036880493164,-1.2915904521942139,0.023670315742492676,0.09273230284452438,1.688605785369873,859.029296875,2.132380247116089,832.970458984375,-2.9331588745117188,-0.7097095847129822,-0.04778146743774414,1.0,0.0,12.330475807189941,0.4437744617462158
20.575153350830078,-1.9679832458496094,-2.20180606842041,-0.002110934117808938,0.035053662955760956,1.9592013359069824,751.650634765625,2.546166181564331,832.85693359375,-2.3910622596740723,-1.7317818403244019,-0.07227420806884766,1.0,0.0,12.330475807189941,0.5869648456573486
20.575653076171875,-1.0011173486709595,-2.77471661567688,-0.042394135147333145,0.04342636838555336,2.335026264190674,751.650634765625,2.9587223529815674,832.6942749023438,-1.5297181606292725,-2.485835552215576,-0.0926513671875,1.0,0.0,12.330475807189941,0.6236960887908936
20.576154708862305,0.2201869636774063,-2.944216251373291,-0.08589999377727509,-0.0021583596244454384,2.8710427284240723,859.88916015625,-2.9127068519592285,832.5013427734375,-0.4159221053123474,-2.8521811962127686,-0.09765076637268066,1.0,0.0,12.330475807189941,0.4994359016418457
20.5766544342041,1.4180045127868652,-2.6018264293670654,-0.1116812452673912,-0.03937038779258728,3.300987720489502,859.88916015625,-2.4998714923858643,832.3579711914062,0.8403788805007935,-2.7243642807006836,-0.06638908386230469,1.0,0.0,12.330475807189941,0.48232603073120117
20.5771541595459,2.3946564197540283,-1.7882258892059326,-0.0875113233923912,-0.12960955500602722,3.7296605110168457,859.029296875,-2.0849764347076416,832.3041381835938,1.9963616132736206,-2.0703117847442627,-0.013070821762084961,1.0,0.0,12.330475807189941,0.4685482978820801
20.577651977539062,2.926041603088379,-0.6508803367614746,-0.0633414015173912,-0.09890963137149811,4.158315181732178,859.029296875,-1.6687099933624268,832.3088989257812,2.75996994972229,-1.0850434303283691,-0.0002765655517578125,1.0,0.0,12.330475807189941,0.4561600685119629
20.57815170288086,2.9074480533599854,0.5881652235984802,-0.01500155869871378,-0.05797640234231949,4.571937084197998,848.2913818359375,-1.2533729076385498,832.2744140625,3.0161705017089844,0.012655557133257389,-0.03700757026672363,1.0,0.0,12.330475807189941,0.45787572860717773
20.578651428222656,2.3956353664398193,1.725510835647583,-0.0037222623359411955,-0.0793733149766922,4.996082782745361,848.2913818359375,-0.8396904468536377,832.1713256835938,2.752302646636963,1.1393336057662964,-0.06254696846008301,1.0,0.0,12.330475807189941,0.44741201400756836
20.579151153564453,1.5540310144424438,2.4916512966156006,0.018836330622434616,0.004353743512183428,5.261308193206787,740.9127807617188,-0.42649292945861816,832.0499877929688,2.0849153995513916,2.1265366077423096,-0.07302737236022949,1.0,0.0,12.330475807189941,0.5953841209411621
20.579652786254883,0.49419763684272766,2.893366575241089,0.062342189252376556,-0.004018962848931551,5.631764888763428,740.9127807617188,-0.014492988586425781,831.880859375,1.0604885816574097,2.654670476913452,-0.08969545364379883,1.0,0.0,12.330475807189941,0.636927604675293
20.58015251159668,-0.7368927001953125,2.856076240539551,0.062342189252376556,0.02389005944132805,6.1783061027526855,859.88916015625,0.39748454093933105,831.7142944335938,-0.12445460259914398,2.8072478771209717,-0.07731366157531738,1.0,0.0,12.330475807189941,0.5023636817932129
20.580652236938477,-1.8534857034683228,2.311981201171875,0.07201015949249268,0.07412630319595337,0.32506561279296875,859.88916015625,0.8106553554534912,831.6014404296875,-1.3237223625183105,2.479813575744629,-0.04436802864074707,1.0,0.0,12.330475807189941,0.48558974266052246
20.581151962280273,-2.666710138320923,1.3712553977966309,0.07523281127214432,0.1225019320845604,0.7365789413452148,847.4439697265625,1.226146936416626,831.5886840820312,-2.396387815475464,1.6513760089874268,0.01749134063720703,1.0,0.0,12.330475807189941,0.48956799507141113
20.58165168762207,-2.9876937866210938,0.18475480377674103,0.060730863362550735,0.1215716302394867,1.1594533920288086,847.4439697265625,1.6420042514801025,831.59130859375,-2.9264132976531982,0.6681994199752808,-0.019626140594482422,1.0,0.0,12.330475807189941,0.48255085945129395
20.582151412963867,-2.810565233230591,-1.0068305730819702,0.046228908002376556,0.128083735704422,1.5549335479736328,828.349609375,2.0568630695343018,831.5519409179688,-3.0418777465820312,-0.5078257322311401,-0.04469776153564453,1.0,0.0,12.330475807189941,0.501929521560669
20.582651138305664,-2.1421756744384766,-2.042476177215576,-0.021446870639920235,0.06854449212551117,1.9691085815429688,828.349609375,2.4700233936309814,831.44189453125,-2.5859408378601074,-1.5892611742019653,-0.07236003875732422,1.0,0.0,12.330475807189941,0.5009148120880127
20.583152770996094,-1.153780221939087,-2.703526258468628,-0.021446870639920235,0.05179908126592636,2.331404685974121,792.044921875,2.881985902786255,831.2838745117188,-1.7401707172393799,-2.3888707160949707,-0.09430456161499023,1.0,0.0,12.330475807189941,0.5505812168121338
20.58365249633789,0.006850502919405699,-2.9272661209106445,-0.058507416397333145,0.022959759458899498,2.7274274826049805,792.044921875,-2.98962664604187,831.1128540039062,-0.6629677414894104,-2.81640887260437,-0.10761046409606934,1.0,0.0,12.330475807189941,0.5661311149597168
20.584152221679688,1.226197361946106,-2.6831862926483154,-0.08106601238250732,-0.05332489684224129,3.206693649291992,848.2913818359375,-2.5778868198394775,830.9525756835938,0.6004403829574585,-2.7589566707611084,-0.07378387451171875,1.0,0.0,12.330475807189941,0.49860525131225586
20.584651947021484,2.2468862533569336,-1.9628108739852905,-0.07300937175750732,-0.09890963137149811,3.6308412551879883,848.2913818359375,-2.163753032684326,830.8963623046875,1.8047882318496704,-2.1806132793426514,-0.010587453842163086,1.0,0.0,12.330475807189941,0.48859119415283203
20.58515167236328,2.87026047706604,-0.8695353269577026,-0.044005464762449265,-0.10635203868150711,4.086770057678223,869.7671508789062,-1.7482621669769287,830.8981323242188,2.651829481124878,-1.2697770595550537,0.006846427917480469,1.0,0.0,12.330475807189941,0.448153018951416
20.585651397705078,2.962249994277954,0.3847651481628418,-0.037560153752565384,-0.09890963137149811,4.520783424377441,869.7671508789062,-1.33341383934021,830.8728637695312,3.006223678588867,-0.18763691186904907,-0.023905038833618164,1.0,0.0,12.330475807189941,0.428987979888916
20.586151123046875,2.521876335144043,1.5610955953598022,-0.008556246757507324,-0.0803036242723465,4.9251604080200195,849.1405639648438,-0.9198544025421143,830.7940063476562,2.8458094596862793,0.9618956446647644,-0.04931306838989258,1.0,0.0,12.330475807189941,0.4381709098815918
20.586652755737305,1.6039403676986694,2.4594461917877197,0.044617582112550735,-0.027276478707790375,5.349730491638184,849.1405639648438,-0.5069401264190674,830.6895751953125,2.1618993282318115,1.8826152086257935,-0.07184934616088867,1.0,0.0,12.330475807189941,0.4265151023864746
20.5871524810791,0.5450853705406189,2.8899762630462646,0.028504298999905586,-0.006809864193201065,5.630017280578613,751.650634765625,-0.0937199592590332,830.6004028320312,1.1531070470809937,2.610905885696411,-0.046540260314941406,1.0,0.0,12.330475807189941,0.5594482421875
20.5876522064209,-0.597930371761322,2.8865866661071777,0.0494515635073185,0.03133246302604675,6.005841255187988,751.650634765625,0.31928586959838867,830.5039672851562,0.029497971758246422,2.810577869415283,-0.05421638488769531,1.0,0.0,12.330475807189941,0.5966300964355469
20.588151931762695,-1.7262667417526245,2.4102911949157715,0.0575082041323185,0.058311183005571365,0.25867414474487305,859.88916015625,0.7322678565979004,830.4086303710938,-1.1163822412490845,2.584029197692871,-0.04890131950378418,1.0,0.0,12.330475807189941,0.47359371185302734
20.588651657104492,-2.5835280418395996,1.5085505247116089,0.0575082041323185,0.09738381206989288,0.6886172294616699,859.88916015625,1.146150827407837,830.353271484375,-2.1681039333343506,1.8741153478622437,-0.012461662292480469,1.0,0.0,12.330475807189941,0.457533597946167
20.58915138244629,-2.9818222522735596,0.31696534156799316,0.0333382822573185,0.10947771370410919,1.1331934928894043,869.7671508789062,1.5614407062530518,830.3579711914062,-2.8642587661743164,0.8150198459625244,0.007910728454589844,1.0,0.0,12.330475807189941,0.42824721336364746
20.589649200439453,-2.826223373413086,-0.9390305876731873,0.020447658374905586,0.07970809936523438,1.567206859588623,869.7671508789062,1.9759957790374756,830.3316040039062,-2.955902099609375,-0.30041345953941345,-0.028299808502197266,1.0,0.0,12.330475807189941,0.40878891944885254
20.590150833129883,-2.1274964809417725,-2.0204410552978516,-0.027892183512449265,-0.031927984207868576,2.0020899772644043,869.7671508789062,2.389359712600708,830.255615234375,-2.5770840644836426,-1.3722138404846191,-0.053795814514160156,1.0,0.0,12.330475807189941,0.3872697353363037
20.59065055847168,-1.061790943145752,-2.744206190109253,-0.026280855759978294,-0.014252270571887493,2.4369730949401855,869.7671508789062,2.8024895191192627,830.171875,-1.6651087999343872,-2.2390990257263184,-0.024744033813476562,1.0,0.0,12.330475807189941,0.36551642417907715
20.591150283813477,0.08905360102653503,-2.9509963989257812,-0.035948824137449265,-0.03471888601779938,2.6970438957214355,751.650634765625,-3.066211223602295,830.1466674804688,-0.5735654830932617,-2.729980707168579,-0.006823539733886719,1.0,0.0,12.330475807189941,0.519930362701416
20.591650009155273,1.1870530843734741,-2.700136423110962,-0.037560153752565384,-0.04309159517288208,3.0728697776794434,751.650634765625,-2.651679515838623,830.1239013671875,0.5206404328346252,-2.769325017929077,-0.028532981872558594,1.0,0.0,12.330475807189941,0.5586361885070801
20.59214973449707,2.2106785774230957,-2.005185842514038,-0.048839449882507324,-0.0737915188074112,3.6247973442077637,870.6377563476562,-2.237217903137207,830.0986938476562,1.669174075126648,-2.3131139278411865,-0.0036475658416748047,1.0,0.0,12.330475807189941,0.4211702346801758
20.592649459838867,2.8389456272125244,-0.9169955849647522,-0.034337494522333145,-0.0784430205821991,4.060115337371826,870.6377563476562,-1.8221347332000732,830.10009765625,2.4987220764160156,-1.482572078704834,-0.008541345596313477,1.0,0.0,12.330475807189941,0.40093564987182617
20.593149185180664,2.9377851486206055,0.33222007751464844,0.018836330622434616,0.006214344874024391,4.492858409881592,868.8982543945312,-1.4078820943832397,830.0665283203125,2.8997600078582764,-0.38411736488342285,-0.019045352935791016,1.0,0.0,12.330475807189941,0.3824448585510254
20.593650817871094,2.5071966648101807,1.532280445098877,0.018836330622434616,0.0006325409049168229,4.927306652069092,868.8982543945312,-0.9944784641265869,829.9981079101562,2.750746250152588,0.7534515857696533,-0.03348278999328613,1.0,0.0,12.330475807189941,0.36140012741088867
20.59415054321289,1.6098122596740723,2.4424960613250732,0.015613675117492676,0.021099155768752098,5.364329814910889,870.6377563476562,-0.5810196399688721,829.9334106445312,2.1576201915740967,1.7490214109420776,-0.033125877380371094,1.0,0.0,12.330475807189941,0.33783578872680664
20.594648361206055,0.4002511203289032,2.903536081314087,0.020447658374905586,0.04807787388563156,5.7987799644470215,870.6377563476562,-0.1664104461669922,829.91845703125,1.1199820041656494,2.4408743381500244,0.011873483657836914,1.0,0.0,12.330475807189941,0.3179950714111328
20.59514808654785,-0.7642937302589417,2.8391263484954834,0.014002346433699131,0.053659677505493164,6.089780807495117,773.1263427734375,0.24990487098693848,829.9755249023438,-0.018740851432085037,2.7692220211029053,0.03261590003967285,1.0,0.0,12.330475807189941,0.44330930709838867
20.59564781188965,-1.7888976335525513,2.3357114791870117,-0.0037222623359411955,0.04156577214598656,0.1931595802307129,773.1263427734375,0.665733814239502,830.0106811523438,-1.0961767435073853,2.586850643157959,0.010750770568847656,1.0,0.0,12.330475807189941,0.47257423400878906
20.596147537231445,-2.606036424636841,1.4153259992599487,0.015613675117492676,0.04528697207570076,0.7240395545959473,870.6377563476562,1.081235647201538,830.0315551757812,-2.109645366668701,1.9618724584579468,0.016144275665283203,1.0,0.0,12.330475807189941,0.3571960926055908
20.596647262573242,-2.9270200729370117,0.19492502510547638,-0.031114840880036354,0.010865848511457443,1.1593575477600098,870.6377563476562,1.4966928958892822,830.0499877929688,-2.663809299468994,0.9923679232597351,-0.006893634796142578,1.0,0.0,12.330475807189941,0.33733534812927246
20.597148895263672,-2.7087900638580322,-1.0475107431411743,-0.052062105387449265,-0.05890670418739319,1.6092896461486816,880.5049438476562,1.910526990890503,829.9998168945312,-2.7683491706848145,-0.12402520328760147,-0.019415855407714844,1.0,0.0,12.330475807189941,0.3012373447418213
20.59764862060547,-1.965047001838684,-2.1051909923553467,-0.053673435002565384,-0.1007702425122261,2.0495400428771973,880.5049438476562,2.3244287967681885,829.9537353515625,-2.3213050365448,-1.157895803451538,-0.01538991928100586,1.0,0.0,12.330475807189941,0.2748887538909912
20.598148345947266,-0.899341881275177,-2.750986337661743,-0.032726168632507324,-0.09611872583627701,2.457991123199463,859.029296875,2.7400410175323486,829.9806518554688,-1.5335930585861206,-2.0777599811553955,0.041502952575683594,1.0,0.0,12.330475807189941,0.28204989433288574
20.598648071289062,0.33370569348335266,-2.8865866661071777,-0.0037222623359411955,-0.0812339186668396,2.886645793914795,859.029296875,-3.12520170211792,830.1047973632812,-0.4724560081958771,-2.5818541049957275,0.07860898971557617,1.0,0.0,12.330475807189941,0.27133798599243164
20.59914779663086,1.3906035423278809,-2.550976276397705,0.026892971247434616,-0.04123099148273468,3.1720032691955566,761.6268310546875,-2.7071821689605713,830.2293090820312,0.6161539554595947,-2.686004161834717,0.06706380844116211,1.0,0.0,12.330475807189941,0.40399980545043945
20.599647521972656,2.2341649532318115,-1.8424657583236694,0.025281643494963646,-0.0030886621680110693,3.5528159141540527,761.6268310546875,-2.2901604175567627,830.3092651367188,1.5785276889801025,-2.306790351867676,0.0245058536529541,1.0,0.0,12.330475807189941,0.44020891189575195
20.600147247314453,2.7596776485443115,-0.7898703813552856,0.023670315742492676,0.022029457613825798,4.078959941864014,859.88916015625,-1.875119686126709,830.3043212890625,2.311314821243286,-1.600725769996643,-0.025774717330932617,1.0,0.0,12.330475807189941,0.32910585403442383
20.600648880004883,2.8399240970611572,0.40680015087127686,0.039783596992492676,0.059241484850645065,4.50890588760376,859.88916015625,-1.4605729579925537,830.27880859375,2.732760429382324,-0.5047341585159302,-0.01721787452697754,1.0,0.0,12.330475807189941,0.3137068748474121
20.60114860534668,2.4259722232818604,1.5441457033157349,0.046228908002376556,0.03877486661076546,4.9375739097595215,859.029296875,-1.0461859703063965,830.2471923828125,2.659785509109497,0.6619255542755127,-0.005015373229980469,1.0,0.0,12.330475807189941,0.2994256019592285
20.601648330688477,1.5393524169921875,2.4018163681030273,0.020447658374905586,0.07412630319595337,5.367089748382568,859.029296875,-0.6310670375823975,830.2470092773438,2.0627102851867676,1.6363744735717773,0.006655216217041016,1.0,0.0,12.330475807189941,0.28502893447875977
20.602148056030273,0.5118125081062317,2.818786382675171,0.026892971247434616,0.06668388843536377,5.6376872062683105,751.650634765625,-0.21451401710510254,830.3071899414062,1.1507161855697632,2.383786916732788,0.04067730903625488,1.0,0.0,12.330475807189941,0.4309840202331543
20.60264778137207,-0.5333420038223267,2.825566291809082,0.0011117219692096114,0.005284043960273266,6.012758731842041,751.650634765625,0.20220422744750977,830.3729248046875,0.15376177430152893,2.813725233078003,0.01903080940246582,1.0,0.0,12.330475807189941,0.47263097763061523
20.603147506713867,-1.6352559328079224,2.3780863285064697,0.018836330622434616,0.03226276487112045,0.25084400177001953,849.9913330078125,0.617805004119873,830.3903198242188,-0.9522145986557007,2.625093936920166,0.005948781967163086,1.0,0.0,12.330475807189941,0.3669610023498535
20.603647232055664,-2.4475016593933105,1.5136358737945557,0.014002346433699131,0.02575065940618515,0.6758403778076172,849.9913330078125,1.0333631038665771,830.4055786132812,-1.9390053749084473,2.0224692821502686,0.006756305694580078,1.0,0.0,12.330475807189941,0.35752272605895996
20.604148864746094,-2.8663463592529297,0.3813750147819519,0.017225002869963646,0.03319306671619415,1.1129493713378906,858.1710815429688,1.4490349292755127,830.4253540039062,-2.636087417602539,1.0412873029708862,0.02141714096069336,1.0,0.0,12.330475807189941,0.33608555793762207
20.60464859008789,-2.7312982082366943,-0.8254653215408325,0.009168362244963646,0.019238555803894997,1.5420351028442383,858.1710815429688,1.8643772602081299,830.4307861328125,-2.797168254852295,0.005273792427033186,-0.019782066345214844,1.0,0.0,12.330475807189941,0.3223421573638916
20.605148315429688,-2.1578330993652344,-1.8865360021591187,-0.01500155869871378,0.018308255821466446,1.957758903503418,849.1405639648438,2.279557943344116,830.4292602539062,-2.5387818813323975,-1.1811949014663696,0.002486705780029297,1.0,0.0,12.330475807189941,0.32179903984069824
20.605648040771484,-1.1635663509368896,-2.6018264293670654,-0.0037222623359411955,-0.023555276915431023,2.3823280334472656,849.1405639648438,2.6949756145477295,830.4376220703125,-1.7700233459472656,-2.040008544921875,0.007763862609863281,1.0,0.0,12.330475807189941,0.31264758110046387
20.60614776611328,-0.08122438192367554,-2.856076240539551,-0.024669528007507324,-0.04123099148273468,2.6625146865844727,751.650634765625,3.111053705215454,830.4738159179688,-0.7821990847587585,-2.6466081142425537,0.01903247833251953,1.0,0.0,12.330475807189941,0.44853901863098145
20.606647491455078,0.9972026944160461,-2.6899662017822266,-0.01339023094624281,-0.01983407512307167,3.0383405685424805,751.650634765625,-2.7561511993408203,830.5050048828125,0.341042160987854,-2.7397351264953613,0.014252662658691406,1.0,0.0,12.330475807189941,0.4886937141418457
20.607145309448242,2.001255750656128,-2.076375961303711,-0.018224215134978294,-0.03564918413758278,3.572331428527832,859.029296875,-2.340463399887085,830.5232543945312,1.4538190364837646,-2.4506373405456543,0.01014566421508789,1.0,0.0,12.330475807189941,0.3703904151916504
20.60764503479004,2.6901962757110596,-1.0729354619979858,-0.037560153752565384,-0.050533998757600784,4.001847267150879,859.029296875,-1.9245543479919434,830.5504150390625,2.3234331607818604,-1.6237335205078125,0.019692182540893555,1.0,0.0,12.330475807189941,0.3567838668823242
20.60814666748047,2.878089666366577,0.13051514327526093,-0.006944918539375067,-0.012391669675707817,4.431363105773926,859.029296875,-1.5085291862487793,830.5819702148438,2.795313835144043,-0.581734836101532,0.00840306282043457,1.0,0.0,12.330475807189941,0.3432931900024414
20.608646392822266,2.5639562606811523,1.311930775642395,-0.01177890319377184,-0.03378858417272568,4.860878944396973,859.029296875,-1.0931346416473389,830.5864868164062,2.808868408203125,0.5813025832176208,0.0022377967834472656,1.0,0.0,12.330475807189941,0.32917165756225586
20.609146118164062,1.7722610235214233,2.242486000061035,0.01239101868122816,0.008074946701526642,5.258608818054199,837.5535278320312,-0.677893877029419,830.5844116210938,2.2692058086395264,1.5776931047439575,-0.009585380554199219,1.0,0.0,12.330475807189941,0.3466830253601074
20.60964584350586,0.7055771350860596,2.781496524810791,0.017225002869963646,0.02575065940618515,5.677386283874512,837.5535278320312,-0.262465238571167,830.5902099609375,1.3986201286315918,2.407552480697632,0.012055635452270508,1.0,0.0,12.330475807189941,0.34333372116088867
20.610145568847656,-0.4139518439769745,2.8459064960479736,0.017225002869963646,0.02947186306118965,5.969025611877441,751.650634765625,0.15359783172607422,830.6224975585938,0.3105974793434143,2.77274227142334,0.010724067687988281,1.0,0.0,12.330475807189941,0.4677577018737793
20.610645294189453,-1.448341727256775,2.4916512966156006,0.009168362244963646,0.0285415630787611,0.061666011810302734,751.650634765625,0.5692918300628662,830.6386108398438,-0.8039867281913757,2.676082134246826,-0.001607656478881836,1.0,0.0,12.330475807189941,0.5076258182525635
20.61114501953125,-2.351597785949707,1.7204257249832153,0.044617582112550735,0.039705172181129456,0.5817780494689941,849.1405639648438,0.9850461483001709,830.6569213867188,-1.8825531005859375,2.116389513015747,0.01786041259765625,1.0,0.0,12.330475807189941,0.40326809883117676
20.611644744873047,-2.8516671657562256,0.6169801354408264,0.022058987990021706,0.058311183005571365,1.0054993629455566,849.1405639648438,1.400824785232544,830.6759033203125,-2.5786633491516113,1.2081382274627686,0.007709026336669922,1.0,0.0,12.330475807189941,0.3953254222869873
20.612144470214844,-2.846774101257324,-0.5644354820251465,-0.006944918539375067,0.03412336856126785,1.3970274925231934,826.815673828125,1.8163444995880127,830.683349609375,-2.905294895172119,0.12641575932502747,-0.013237953186035156,1.0,0.0,12.330475807189941,0.41931700706481934
20.61264419555664,-2.3770415782928467,-1.6627956628799438,0.0011117219692096114,0.03319306671619415,1.8104348182678223,826.815673828125,2.2308285236358643,830.6472778320312,-2.6782312393188477,-1.0052778720855713,-0.025220394134521484,1.0,0.0,12.330475807189941,0.420393705368042
20.613143920898438,-1.4757426977157593,-2.498431444168091,-0.056896090507507324,-0.0021583617199212313,2.2556252479553223,848.2913818359375,2.645002603530884,830.5989990234375,-2.0065460205078125,-1.9892889261245728,-0.017377376556396484,1.0,0.0,12.330475807189941,0.3893773555755615
20.613643646240234,-0.31609055399894714,-2.8798062801361084,-0.027892183512449265,-0.011461368761956692,2.679771900177002,848.2913818359375,3.0596044063568115,830.5696411132812,-1.0038485527038574,-2.5985641479492188,-0.010892868041992188,1.0,0.0,12.330475807189941,0.37983250617980957
20.61414337158203,0.8014809489250183,-2.791666030883789,-0.037560153752565384,-0.03564918413758278,2.9301865100860596,730.90576171875,-2.808417558670044,830.5646362304688,0.16974619030952454,-2.747417688369751,0.0043599605560302734,1.0,0.0,12.330475807189941,0.544581413269043
20.614643096923828,1.7614961862564087,-2.3289313316345215,-0.055284760892391205,-0.051464296877384186,3.295640468597412,730.90576171875,-2.3936190605163574,830.5442504882812,1.2415083646774292,-2.52712345123291,-0.015592336654663086,1.0,0.0,12.330475807189941,0.593925952911377
20.615144729614258,2.5756993293762207,-1.4407505989074707,-0.056896090507507324,-0.0877460241317749,3.8508450984954834,859.029296875,-1.9788833856582642,830.5218505859375,2.233597755432129,-1.7720611095428467,0.01325678825378418,1.0,0.0,12.330475807189941,0.4534568786621094
20.615644454956055,2.946592330932617,-0.2966250479221344,-0.058507416397333145,-0.0942581295967102,4.2795000076293945,859.029296875,-1.5629323720932007,830.551025390625,2.8860485553741455,-0.7468773126602173,0.014771223068237305,1.0,0.0,12.330475807189941,0.4407529830932617
20.61614418029785,2.81937313079834,0.9034356474876404,-0.039171479642391205,-0.13147015869617462,4.677228927612305,837.5535278320312,-1.1474518775939941,830.5595703125,3.015504837036133,0.4299796223640442,-0.00592494010925293,1.0,0.0,12.330475807189941,0.45850467681884766
20.61664390563965,2.192084550857544,1.9356907606124878,-0.021446870639920235,-0.09890963137149811,5.096007347106934,837.5535278320312,-0.7336361408233643,830.4978637695312,2.634046792984009,1.478172779083252,-0.05019521713256836,1.0,0.0,12.330475807189941,0.45354223251342773
20.617143630981445,1.1772669553756714,2.6526763439178467,0.043006252497434616,-0.03937038779258728,5.53067684173584,848.2913818359375,-0.3210914134979248,830.3841552734375,1.7940888404846191,2.3235344886779785,-0.06093120574951172,1.0,0.0,12.330475807189941,0.43141698837280273
20.617643356323242,-0.03229423239827156,2.893366575241089,0.022058987990021706,-0.021694675087928772,5.954821586608887,848.2913818359375,0.09155154228210449,830.2769165039062,0.6879928112030029,2.7894599437713623,-0.0578913688659668,1.0,0.0,12.330475807189941,0.41991567611694336
20.61814308166504,-1.1616089344024658,2.6492862701416016,0.044617582112550735,0.0285415630787611,6.252959251403809,763.151611328125,0.5043752193450928,830.1796264648438,-0.5018752217292786,2.7546775341033936,-0.048681020736694336,1.0,0.0,12.330475807189941,0.5346016883850098
20.61864471435547,-2.1186890602111816,2.0221359729766846,0.0655648484826088,0.07412630319595337,0.3513498306274414,763.151611328125,0.9182674884796143,830.1293334960938,-1.6368834972381592,2.2630717754364014,-0.01647472381591797,1.0,0.0,12.330475807189941,0.5669176578521729
20.619144439697266,-2.7753360271453857,1.0271706581115723,0.07201015949249268,0.08901111036539078,0.8590183258056641,848.2913818359375,1.3334996700286865,830.1364135742188,-2.564408302307129,1.4035381078720093,0.01223897933959961,1.0,0.0,12.330475807189941,0.47448134422302246
20.619644165039062,-2.963228464126587,-0.16610991954803467,0.0655648484826088,0.11319892108440399,1.282315731048584,848.2913818359375,1.7485249042510986,830.1345825195312,-2.9915261268615723,0.30581313371658325,-0.003948211669921875,1.0,0.0,12.330475807189941,0.46620917320251465
20.62014389038086,-2.625608444213867,-1.354305386543274,0.026892971247434616,0.10761712491512299,1.7223541736602783,859.029296875,2.1626198291778564,830.0936889648438,-2.910318374633789,-0.8642781376838684,-0.027608394622802734,1.0,0.0,12.330475807189941,0.4402656555175781
20.620643615722656,-1.7888975143432617,-2.3018112182617188,-0.01500155869871378,0.05179908126592636,2.1518683433532715,859.029296875,2.575537919998169,830.0040893554688,-2.3051652908325195,-1.8202241659164429,-0.060985565185546875,1.0,0.0,12.330475807189941,0.42366957664489746
20.621143341064453,-0.6664326786994934,-2.8323464393615723,-0.021446870639920235,0.0276112612336874,2.5813825130462646,859.029296875,2.98796010017395,829.8956298828125,-1.3466496467590332,-2.567737579345703,-0.05401802062988281,1.0,0.0,12.330475807189941,0.40657758712768555
20.62164306640625,0.60575932264328,-2.8492963314056396,-0.035948824137449265,-0.006809864193201065,3.010896682739258,859.029296875,-2.881824016571045,829.8306884765625,-0.10384716093540192,-2.799635887145996,-0.021364927291870117,1.0,0.0,12.330475807189941,0.39046478271484375
20.62214469909668,1.676357388496399,-2.4018163681030273,-0.045616794377565384,-0.05518550053238869,3.281491994857788,751.650634765625,-2.4674370288848877,829.80859375,1.0690559148788452,-2.572263717651367,-0.004723787307739258,1.0,0.0,12.330475807189941,0.5342564582824707
20.622644424438477,2.4680521488189697,-1.6136409044265747,-0.044005464762449265,-0.0728612095117569,3.6573166847229004,751.650634765625,-2.0528786182403564,829.7940673828125,2.058340549468994,-1.9844826459884644,-0.009531736373901367,1.0,0.0,12.330475807189941,0.5729899406433105
20.623144149780273,2.915276527404785,-0.49324527382850647,-0.048839449882507324,-0.0868157297372818,4.177427291870117,849.1405639648438,-1.6383700370788574,829.7777099609375,2.682326316833496,-1.0281325578689575,-0.022997140884399414,1.0,0.0,12.330475807189941,0.4673881530761719
20.623641967773438,2.8741753101348877,0.7068151831626892,-0.018224215134978294,-0.0803036242723465,4.60114860534668,849.1405639648438,-1.2243305444717407,829.7420654296875,2.989222288131714,0.12598595023155212,-0.02892470359802246,1.0,0.0,12.330475807189941,0.4577064514160156
20.624141693115234,2.3163678646087646,1.7950057983398438,-0.01500155869871378,-0.0877460241317749,5.024462699890137,848.2913818359375,-0.8113901615142822,829.660888671875,2.6926729679107666,1.190060019493103,-0.06802749633789062,1.0,0.0,12.330475807189941,0.44733285903930664
20.62464141845703,1.355373740196228,2.588266372680664,0.028504298999905586,-0.029137084260582924,5.448607444763184,848.2913818359375,-0.39910173416137695,829.553955078125,1.9153798818588257,2.1122376918792725,-0.0622408390045166,1.0,0.0,12.330475807189941,0.43547630310058594
20.625141143798828,0.2593313157558441,2.9103167057037354,0.046228908002376556,0.01272644940763712,5.7297258377075195,751.650634765625,0.013445138931274414,829.4602661132812,0.8656647801399231,2.6967666149139404,-0.0488128662109375,1.0,0.0,12.330475807189941,0.5669045448303223
20.625642776489258,-0.862154483795166,2.8086161613464355,0.062342189252376556,0.04063547030091286,6.105550289154053,751.650634765625,0.4257349967956543,829.3577270507812,-0.2845679819583893,2.765615224838257,-0.047988176345825195,1.0,0.0,12.330475807189941,0.603370189666748
20.626142501831055,-1.9337319135665894,2.2475712299346924,0.07039882987737656,0.06947479397058487,0.34247541427612305,849.1405639648438,0.8387420177459717,829.28759765625,-1.4520559310913086,2.3956198692321777,-0.01851487159729004,1.0,0.0,12.330475807189941,0.49626660346984863
20.62664222717285,-2.6911752223968506,1.2949804067611694,0.08006680011749268,0.11785043030977249,0.7670445442199707,849.1405639648438,1.253075361251831,829.274658203125,-2.4185900688171387,1.6310999393463135,-0.00023221969604492188,1.0,0.0,12.330475807189941,0.48603081703186035
20.62714195251465,-2.984758138656616,0.10848013311624527,0.06395351886749268,0.1438988447189331,1.1903586387634277,848.2913818359375,1.6675074100494385,829.2659912109375,-2.9560506343841553,0.573344349861145,-0.012959480285644531,1.0,0.0,12.330475807189941,0.47714877128601074
20.627639770507812,-2.755763292312622,-1.094970703125,0.025281643494963646,0.10110501945018768,1.6136555671691895,848.2913818359375,2.0812084674835205,829.2267456054688,-3.0046441555023193,-0.5883228778839111,-0.041858673095703125,1.0,0.0,12.330475807189941,0.46755290031433105
20.62813949584961,-2.0443146228790283,-2.1034963130950928,-0.01339023094624281,0.06575359404087067,2.0378012657165527,848.2913818359375,2.4927256107330322,829.0964965820312,-2.5604236125946045,-1.6460506916046143,-0.0755624771118164,1.0,0.0,12.330475807189941,0.4549243450164795
20.628639221191406,-0.9561011791229248,-2.7611563205718994,-0.027892183512449265,0.02575065940618515,2.4619460105895996,848.2913818359375,2.9040682315826416,828.9618530273438,-1.5548282861709595,-2.396822452545166,-0.06291961669921875,1.0,0.0,12.330475807189941,0.442122220993042
20.629140853881836,0.1888713240623474,-2.913706064224243,-0.06495273113250732,0.002493139822036028,2.7430644035339355,751.650634765625,-2.9675421714782715,828.8396606445312,-0.45317336916923523,-2.7528488636016846,-0.0622248649597168,1.0,0.0,12.330475807189941,0.5725789070129395
20.629640579223633,1.2868709564208984,-2.6391165256500244,-0.055284760892391205,-0.04030068963766098,3.118889331817627,751.650634765625,-2.5553781986236572,828.7449340820312,0.734931468963623,-2.654402732849121,-0.041068315505981445,1.0,0.0,12.330475807189941,0.6089177131652832
20.63014030456543,2.2556939125061035,-1.9204357862472534,-0.0875113233923912,-0.12588834762573242,3.639000415802002,849.1405639648438,-2.1422741413116455,828.6915893554688,1.8227946758270264,-2.1764183044433594,-0.027033567428588867,1.0,0.0,12.330475807189941,0.5019106864929199
20.630640029907227,2.8673255443573,-0.8678404092788696,-0.0794546827673912,-0.12681865692138672,4.063570499420166,849.1405639648438,-1.727932333946228,828.6914672851562,2.6718482971191406,-1.2210601568222046,0.0036776065826416016,1.0,0.0,12.330475807189941,0.4916825294494629
20.631139755249023,2.9534425735473633,0.34578001499176025,-0.042394135147333145,-0.10542173683643341,4.486883640289307,848.2913818359375,-1.314009666442871,828.6736450195312,3.0376839637756348,-0.1332612931728363,-0.025546789169311523,1.0,0.0,12.330475807189941,0.48229217529296875
20.63163948059082,2.537533760070801,1.5000759363174438,-0.023058200255036354,-0.090536929666996,4.9110283851623535,848.2913818359375,-0.9019711017608643,828.576904296875,2.883836269378662,0.9722091555595398,-0.06879901885986328,1.0,0.0,12.330475807189941,0.4701857566833496
20.632139205932617,1.6744003295898438,2.3984262943267822,0.0011117219692096114,-0.052394598722457886,5.334326267242432,848.2913818359375,-0.49097514152526855,828.4384765625,2.220299005508423,1.9630292654037476,-0.08107352256774902,1.0,0.0,12.330475807189941,0.4578843116760254
20.632640838623047,0.5059407353401184,2.866246223449707,0.043006252497434616,-0.0021583617199212313,5.758471965789795,848.2913818359375,-0.08031988143920898,828.2886962890625,1.1941791772842407,2.574981212615967,-0.07918977737426758,1.0,0.0,12.330475807189941,0.4443936347961426
20.633140563964844,-0.6175025105476379,2.8425164222717285,0.0494515635073185,0.036914266645908356,6.023696422576904,740.9127807617188,0.3307037353515625,828.1575317382812,0.05002196505665779,2.825575590133667,-0.07369565963745117,1.0,0.0,12.330475807189941,0.5901927947998047
20.63364028930664,-1.6646143198013306,2.42215633392334,0.06717617064714432,0.08994140475988388,0.11096763610839844,740.9127807617188,0.7425496578216553,828.063720703125,-1.142923355102539,2.5341084003448486,-0.04404854774475098,1.0,0.0,12.330475807189941,0.6315820217132568
20.634140014648438,-2.5453624725341797,1.5746556520462036,0.07684414088726044,0.09738381952047348,0.6562376022338867,859.029296875,1.1555087566375732,828.0187377929688,-2.217087984085083,1.7861233949661255,0.012154102325439453,1.0,0.0,12.330475807189941,0.4992711544036865
20.634639739990234,-2.9681217670440674,0.4288349747657776,0.0655648484826088,0.1336655467748642,1.0857515335083008,859.029296875,1.5695970058441162,828.0220336914062,-2.8821346759796143,0.8200492858886719,-0.0010347366333007812,1.0,0.0,12.330475807189941,0.48384547233581543
20.63513946533203,-2.864389181137085,-0.8051252961158752,0.046228908002376556,0.1318049430847168,1.5165376663208008,859.88916015625,1.9825975894927979,827.9793090820312,-3.0110554695129395,-0.28242242336273193,-0.0435023307800293,1.0,0.0,12.330475807189941,0.46605992317199707
20.635639190673828,-2.251779794692993,-1.8865360021591187,0.005945706274360418,0.08249900490045547,1.9464845657348633,859.88916015625,2.393993616104126,827.8703002929688,-2.6862642765045166,-1.3706587553024292,-0.07678365707397461,1.0,0.0,12.330475807189941,0.4475090503692627
20.636140823364258,-1.241855263710022,-2.6391165256500244,-0.024669528007507324,0.02947186306118965,2.358403205871582,848.2913818359375,2.804248094558716,827.7154541015625,-1.8532369136810303,-2.2171850204467773,-0.08435821533203125,1.0,0.0,12.330475807189941,0.4458448886871338
20.636640548706055,-0.02055101841688156,-2.9170968532562256,-0.037560153752565384,0.012726448476314545,2.782547950744629,848.2913818359375,-3.0681538581848145,827.5863647460938,-0.7253130674362183,-2.706778049468994,-0.060674428939819336,1.0,0.0,12.330475807189941,0.4324836730957031
20.63714027404785,1.0970209836959839,-2.693356513977051,-0.026280855759978294,-0.029137080535292625,3.063666343688965,751.650634765625,-2.656694173812866,827.4884643554688,0.4119787812232971,-2.7669267654418945,-0.06255459785461426,1.0,0.0,12.330475807189941,0.5628247261047363
20.63763999938965,2.0580146312713623,-2.1001060009002686,-0.037560153752565384,-0.06169760972261429,3.43949031829834,751.650634765625,-2.2447125911712646,827.4144897460938,1.5522950887680054,-2.3429298400878906,-0.037119388580322266,1.0,0.0,12.330475807189941,0.5989823341369629
20.638139724731445,2.77239990234375,-1.1000555753707886,-0.06656406074762344,-0.11007324606180191,3.974238395690918,859.029296875,-1.8313592672348022,827.3998413085938,2.4589967727661133,-1.4364442825317383,0.006668806076049805,1.0,0.0,12.330475807189941,0.4775876998901367
20.638639450073242,2.9691002368927,0.0881400778889656,-0.039171479642391205,-0.09983992576599121,4.403750419616699,859.029296875,-1.4179184436798096,827.3888549804688,2.97920823097229,-0.4613676071166992,-0.031888723373413086,1.0,0.0,12.330475807189941,0.4615168571472168
20.63913917541504,2.664752721786499,1.2797256708145142,-0.021446870639920235,-0.10821263492107391,4.818629264831543,849.1405639648438,-1.0058794021606445,827.319091796875,2.917032480239868,0.6875662803649902,-0.05893993377685547,1.0,0.0,12.330475807189941,0.458676815032959
20.63964080810547,1.8965445756912231,2.230621099472046,-0.008556246757507324,-0.06169760227203369,5.24320125579834,849.1405639648438,-0.5951340198516846,827.1966552734375,2.423807144165039,1.75566828250885,-0.07439494132995605,1.0,0.0,12.330475807189941,0.44485044479370117
20.640140533447266,0.762336790561676,2.8153960704803467,0.030115628615021706,-0.004018961451947689,5.665257453918457,847.4439697265625,-0.1846914291381836,827.06396484375,1.4137811660766602,2.4416260719299316,-0.06578612327575684,1.0,0.0,12.330475807189941,0.43323659896850586
20.64063835144043,-0.4726680517196655,2.8798062801361084,0.020447658374905586,0.014587050303816795,6.088133811950684,847.4439697265625,0.22656536102294922,826.9684448242188,0.26085421442985535,2.7962043285369873,-0.04514765739440918,1.0,0.0,12.330475807189941,0.4216170310974121
20.641138076782227,-1.5373950004577637,2.479785919189453,0.028504298999905586,0.05086877942085266,0.08810567855834961,752.403076171875,0.6381673812866211,826.889404296875,-0.8720589280128479,2.6772232055664062,-0.048877716064453125,1.0,0.0,12.330475807189941,0.5500617027282715
20.641637802124023,-2.389763593673706,1.7356808185577393,0.052674222737550735,0.08156870305538177,0.4643073081970215,752.403076171875,1.0505759716033936,826.845947265625,-1.9382535219192505,2.046630620956421,-0.01785755157470703,1.0,0.0,12.330475807189941,0.5862686634063721
20.64213752746582,-2.9152767658233643,0.6424053311347961,0.023670315742492676,0.09645351022481918,0.9983134269714355,859.029296875,1.463768720626831,826.8362426757812,-2.7143726348876953,1.0782151222229004,0.003513336181640625,1.0,0.0,12.330475807189941,0.4654552936553955
20.642637252807617,-2.9054908752441406,-0.577995240688324,0.01239101868122816,0.08063840121030807,1.4278292655944824,859.029296875,1.8765161037445068,826.8079833984375,-2.981077194213867,-0.00044028207776136696,-0.03112936019897461,1.0,0.0,12.330475807189941,0.4486868381500244
20.643138885498047,-2.3887851238250732,-1.7170356512069702,-0.0004996061325073242,0.054589979350566864,1.8732352256774902,869.7671508789062,2.2880098819732666,826.7277221679688,-2.7311789989471436,-1.1278353929519653,-0.051262855529785156,1.0,0.0,12.330475807189941,0.41477465629577637
20.643638610839844,-1.431705117225647,-2.540806293487549,-0.026280855759978294,0.01365675125271082,2.3081183433532715,869.7671508789062,2.6987955570220947,826.6194458007812,-2.0293402671813965,-2.062436580657959,-0.06025409698486328,1.0,0.0,12.330475807189941,0.39067721366882324
20.64413833618164,-0.20844362676143646,-2.903536081314087,-0.035948824137449265,-0.025415876880288124,2.727111339569092,859.029296875,3.109886407852173,826.5262451171875,-0.9373762607574463,-2.606915235519409,-0.039155006408691406,1.0,0.0,12.330475807189941,0.38277506828308105
20.644638061523438,1.0343900918960571,-2.7306461334228516,-0.019835542887449265,-0.021694675087928772,3.156625270843506,859.029296875,-2.7608652114868164,826.491455078125,0.2610117495059967,-2.7538909912109375,-0.011811256408691406,1.0,0.0,12.330475807189941,0.3656949996948242
20.6451358795166,2.016913414001465,-2.1441760063171387,-0.006944918539375067,-0.04216128960251808,3.427581310272217,752.403076171875,-2.3475253582000732,826.4955444335938,1.4461337327957153,-2.4237279891967773,0.01843738555908203,1.0,0.0,12.330475807189941,0.5080790519714355
20.6456356048584,2.665731430053711,-1.2305705547332764,-0.01339023094624281,-0.03657948598265648,3.8037829399108887,752.403076171875,-1.9342730045318604,826.49560546875,2.2659528255462646,-1.7344967126846313,-0.015440225601196289,1.0,0.0,12.330475807189941,0.5451292991638184
20.646135330200195,2.940720558166504,-0.049154944717884064,0.004334378056228161,-0.030067380517721176,4.353682994842529,869.7671508789062,-1.5217852592468262,826.463623046875,2.8172404766082764,-0.7220880389213562,-0.02556753158569336,1.0,0.0,12.330475807189941,0.407717227935791
20.646635055541992,2.697047233581543,1.1627707481384277,0.018836330622434616,-0.014252271503210068,4.7885661125183105,869.7671508789062,-1.1102545261383057,826.39208984375,2.8885231018066406,0.460864394903183,-0.028006553649902344,1.0,0.0,12.330475807189941,0.38436460494995117
20.647136688232422,1.9239455461502075,2.1763811111450195,0.0333382822573185,0.010865847580134869,5.224738597869873,870.6377563476562,-0.6986095905303955,826.3268432617188,2.3783118724823,1.4522632360458374,-0.04978322982788086,1.0,0.0,12.330475807189941,0.35983705520629883
20.64763641357422,0.8190956711769104,2.7950563430786133,0.020447658374905586,0.02202945575118065,5.6600565910339355,870.6377563476562,-0.286693811416626,826.2745361328125,1.4756401777267456,2.2828497886657715,-0.012804746627807617,1.0,0.0,12.330475807189941,0.33643484115600586
20.648136138916016,-0.43939557671546936,2.8899762630462646,0.031726956367492676,0.054589979350566864,6.092802047729492,868.8982543945312,0.12673044204711914,826.2868041992188,0.3461328446865082,2.736203193664551,0.021929502487182617,1.0,0.0,12.330475807189941,0.31711387634277344
20.648635864257812,-1.6117693185806274,2.432326078414917,-0.016612887382507324,0.03412336856126785,0.2440648078918457,868.8982543945312,0.5410406589508057,826.3358764648438,-0.8168587684631348,2.6569530963897705,0.03178000450134277,1.0,0.0,12.330475807189941,0.29697585105895996
20.64913558959961,-2.415207624435425,1.6238105297088623,-0.023058200255036354,0.01179614756256342,0.5212445259094238,763.151611328125,0.9554178714752197,826.3865966796875,-1.8138059377670288,2.1717331409454346,0.014910697937011719,1.0,0.0,12.330475807189941,0.4341733455657959
20.649635314941406,-2.8350305557250977,0.5847755074501038,-0.031114840880036354,-0.015182571485638618,0.9028191566467285,763.151611328125,1.3680408000946045,826.3623657226562,-2.444201707839966,1.3650593757629395,-0.03229045867919922,1.0,0.0,12.330475807189941,0.465221643447876
20.650135040283203,-2.8379666805267334,-0.6271503567695618,-0.045616794377565384,-0.04774309694766998,1.4421868324279785,869.7671508789062,1.7802050113677979,826.3196411132812,-2.7977535724639893,0.20772336423397064,-0.009145259857177734,1.0,0.0,12.330475807189941,0.33801817893981934
20.650636672973633,-2.2723305225372314,-1.749240756034851,-0.048839449882507324,-0.0812339186668396,1.8770699501037598,869.7671508789062,2.191887140274048,826.257568359375,-2.5137691497802734,-0.8093293905258179,-0.035368919372558594,1.0,0.0,12.330475807189941,0.3148171901702881
20.65113639831543,-1.3495020866394043,-2.540806293487549,-0.031114840880036354,-0.0784430205821991,2.2960610389709473,859.029296875,2.604637384414673,826.2417602539062,-1.888301134109497,-1.8224726915359497,0.008240699768066406,1.0,0.0,12.330475807189941,0.3085763454437256
20.651636123657227,-0.16147054731845856,-2.893366575241089,-0.027892183512449265,-0.0784430205821991,2.725576877593994,859.029296875,3.019313097000122,826.3073120117188,-0.8822620511054993,-2.4831809997558594,0.055535316467285156,1.0,0.0,12.330475807189941,0.29373621940612793
20.652135848999023,0.9306573271751404,-2.737426280975342,0.005945706274360418,-0.03844008967280388,2.997286319732666,752.403076171875,-2.848217010498047,826.4124145507812,0.17423033714294434,-2.7151055335998535,0.045339345932006836,1.0,0.0,12.330475807189941,0.4376821517944336
20.65263557434082,1.872078776359558,-2.2119762897491455,0.005945706274360418,-0.05518550053238869,3.373486042022705,752.403076171875,-2.433783531188965,826.4639282226562,1.2300974130630493,-2.533569812774658,0.018724918365478516,1.0,0.0,12.330475807189941,0.47591590881347656
20.653135299682617,2.605057954788208,-1.2746407985687256,-0.010167574509978294,-0.01611287146806717,3.9076008796691895,859.029296875,-2.019925117492676,826.4902954101562,2.1246087551116943,-1.8366641998291016,0.010806083679199219,1.0,0.0,12.330475807189941,0.35565948486328125
20.653635025024414,2.8888542652130127,-0.10508997738361359,-0.0037222623359411955,-0.008670466020703316,4.3362555503845215,859.029296875,-1.6069568395614624,826.4786376953125,2.6731019020080566,-0.8715354204177856,-0.00456547737121582,1.0,0.0,12.330475807189941,0.33997297286987305
20.654136657714844,2.6598598957061768,1.0915806293487549,0.020447658374905586,0.001562841353006661,4.765771389007568,859.029296875,-1.1940641403198242,826.4639892578125,2.766477108001709,0.24930642545223236,-0.012450456619262695,1.0,0.0,12.330475807189941,0.3233499526977539
20.65463638305664,1.94645357131958,2.0899362564086914,0.023670315742492676,0.05179908126592636,5.195287227630615,859.029296875,-0.781491756439209,826.436279296875,2.3499279022216797,1.3030391931533813,-0.008597135543823242,1.0,0.0,12.330475807189941,0.30640649795532227
20.655136108398438,0.8915131092071533,2.706916332244873,0.0413949228823185,0.07505659759044647,5.6247992515563965,859.029296875,-0.3680131435394287,826.4473266601562,1.5865281820297241,2.1665313243865967,0.010441303253173828,1.0,0.0,12.330475807189941,0.2903733253479004
20.655635833740234,-0.3239196836948395,2.8526864051818848,-0.0037222623359411955,0.05086877942085266,6.054315090179443,859.029296875,0.04681205749511719,826.5147094726562,0.4518853724002838,2.6328771114349365,0.057930946350097656,1.0,0.0,12.330475807189941,0.2756824493408203
20.65613555908203,-1.359288215637207,2.513686180114746,-0.016612887382507324,0.030402161180973053,0.026929855346679688,741.6544189453125,0.4622368812561035,826.605712890625,-0.6087958812713623,2.677227258682251,0.03601574897766113,1.0,0.0,12.330475807189941,0.43530702590942383
20.656635284423828,-2.1862127780914307,1.844160795211792,-0.016612887382507324,0.0266809593886137,0.39775657653808594,741.6544189453125,0.8763077259063721,826.6378784179688,-1.5920145511627197,2.293983221054077,0.004914760589599609,1.0,0.0,12.330475807189941,0.47855114936828613
20.657135009765625,-2.7694642543792725,0.8271605372428894,0.01077969092875719,0.061102088540792465,0.926513671875,848.2913818359375,1.289733648300171,826.6424560546875,-2.411583662033081,1.4353910684585571,0.018772125244140625,1.0,0.0,12.330475807189941,0.3632199764251709
20.657634735107422,-2.839923858642578,-0.3525603115558624,0.005945706274360418,0.017377953976392746,1.3498106002807617,848.2913818359375,1.7034223079681396,826.65771484375,-2.773020029067993,0.4588230848312378,-0.022169113159179688,1.0,0.0,12.330475807189941,0.35361170768737793
20.65813446044922,-2.4553303718566895,-1.4865158796310425,-0.032726168632507324,0.002493141917511821,1.773956298828125,848.2913818359375,2.11635422706604,826.6410522460938,-2.6822149753570557,-0.7483778595924377,0.0010595321655273438,1.0,0.0,12.330475807189941,0.34239792823791504
20.658634185791016,-1.611769199371338,-2.350966215133667,-0.027892183512449265,-0.030067380517721176,2.198101043701172,848.2913818359375,2.5295279026031494,826.6348266601562,-2.13777756690979,-1.7140823602676392,-0.008409976959228516,1.0,0.0,12.330475807189941,0.33142685890197754
20.659133911132812,-0.49028339982032776,-2.8120064735412598,-0.010167574509978294,-0.03471888601779938,2.622246742248535,848.2913818359375,2.9430196285247803,826.6421508789062,-1.1776715517044067,-2.4109179973602295,0.018785476684570312,1.0,0.0,12.330475807189941,0.3207728862762451
20.65963363647461,0.6957909464836121,-2.77471661567688,-0.0004996061325073242,-0.029137080535292625,3.046391487121582,848.2913818359375,-2.925699472427368,826.6903686523438,-0.07751606404781342,-2.761967658996582,0.030710697174072266,1.0,0.0,12.330475807189941,0.3110947608947754
20.660133361816406,1.6978870630264282,-2.303506374359131,0.014002346433699131,-0.004018963314592838,3.327509880065918,751.650634765625,-2.5112812519073486,826.7354125976562,1.0379700660705566,-2.557065486907959,0.029964447021484375,1.0,0.0,12.330475807189941,0.444394588470459
20.660633087158203,2.435758590698242,-1.5068556070327759,0.01239101868122816,-0.008670466020703316,3.703335762023926,751.650634765625,-2.0974960327148438,826.7529907226562,1.9608948230743408,-1.9786685705184937,0.011392354965209961,1.0,0.0,12.330475807189941,0.48235368728637695
20.661134719848633,2.846774101257324,-0.4152752161026001,-0.005333590321242809,-0.01890377327799797,4.223447799682617,849.1405639648438,-1.6839317083358765,826.7608642578125,2.622462034225464,-1.0668140649795532,0.001344919204711914,1.0,0.0,12.330475807189941,0.3758058547973633
20.661632537841797,2.7753353118896484,0.776310384273529,-0.006944918539375067,-0.030997682362794876,4.64716911315918,849.1405639648438,-1.2705415487289429,826.76123046875,2.8640284538269043,0.07120584696531296,-0.0008437633514404297,1.0,0.0,12.330475807189941,0.3654747009277344
20.662132263183594,2.224378824234009,1.8322956562042236,-0.010167574509978294,-0.03657948598265648,5.0704803466796875,848.2913818359375,-0.8578569889068604,826.7318725585938,2.593717098236084,1.183485746383667,-0.010362863540649414,1.0,0.0,12.330475807189941,0.35484838485717773
20.66263198852539,1.2340258359909058,2.5747063159942627,0.026892971247434616,0.036914266645908356,5.494625091552734,848.2913818359375,-0.4450671672821045,826.7076416015625,1.845070481300354,2.028101921081543,-0.018648147583007812,1.0,0.0,12.330475807189941,0.3434929847717285
20.663131713867188,0.07730977237224579,2.869636297225952,0.002723050070926547,0.0006325409049168229,5.918770790100098,848.2913818359375,-0.0317692756652832,826.705322265625,0.8043703436851501,2.659247875213623,0.012630462646484375,1.0,0.0,12.330475807189941,0.3326454162597656
20.663631439208984,-1.1126788854599,2.6391165256500244,-0.0037222623359411955,0.0006325407302938402,0.05973005294799805,848.2913818359375,0.3818991184234619,826.718505859375,-0.318468302488327,2.743744134902954,0.008232355117797852,1.0,0.0,12.330475807189941,0.32216906547546387
20.66413116455078,-2.0286567211151123,2.028916120529175,-0.005333590321242809,0.033193062990903854,0.3101496696472168,730.90576171875,0.7959940433502197,826.74951171875,-1.403821587562561,2.395033597946167,0.008761405944824219,1.0,0.0,12.330475807189941,0.48584437370300293
20.66463279724121,-2.6539881229400635,1.1627702713012695,0.023670315742492676,0.05179908126592636,0.6756024360656738,730.90576171875,1.209590196609497,826.7588500976562,-2.2649898529052734,1.6637221574783325,0.0022401809692382812,1.0,0.0,12.330475807189941,0.5339877605438232
20.665132522583008,-2.903533697128296,0.03898534178733826,0.01077969092875719,0.04435667768120766,1.1989989280700684,837.5535278320312,1.6230762004852295,826.76318359375,-2.8302578926086426,0.6701245307922363,-0.010254859924316406,1.0,0.0,12.330475807189941,0.42407727241516113
20.665632247924805,-2.6745388507843018,-1.1339555978775024,0.0011117219692096114,0.04621727392077446,1.6177763938903809,837.5535278320312,2.0360267162323,826.7450561523438,-2.8485910892486572,-0.47314050793647766,-0.026194095611572266,1.0,0.0,12.330475807189941,0.41825032234191895
20.6661319732666,-1.9944056272506714,-2.115360736846924,0.01239101868122816,0.054589979350566864,2.0357136726379395,837.5535278320312,2.4480135440826416,826.6868286132812,-2.4060397148132324,-1.5706493854522705,-0.024448871612548828,1.0,0.0,12.330475807189941,0.41229987144470215
20.6666316986084,-0.9541440010070801,-2.7340362071990967,-0.023058200255036354,0.01179614756256342,2.454491376876831,837.5535278320312,2.8598177433013916,826.6221313476562,-1.5774259567260742,-2.346430540084839,-0.035732269287109375,1.0,0.0,12.330475807189941,0.40532636642456055
20.667131423950195,0.25345954298973083,-2.8899762630462646,-0.045616794377565384,-0.01797347329556942,2.889162540435791,848.2913818359375,-3.011169195175171,826.575439453125,-0.47632330656051636,-2.7960762977600098,-0.024765729904174805,1.0,0.0,12.330475807189941,0.38285398483276367
20.667631149291992,1.4356197118759155,-2.5238561630249023,-0.026280855759978294,-0.049603696912527084,3.313307762145996,848.2913818359375,-2.598308801651001,826.5575561523438,0.7270931601524353,-2.7104549407958984,-0.0067369937896728516,1.0,0.0,12.330475807189941,0.3715691566467285
20.668132781982422,2.2889668941497803,-1.8153456449508667,-0.035948824137449265,-0.05704610422253609,3.563720703125,730.90576171875,-2.1848371028900146,826.5657348632812,1.795928716659546,-2.1714699268341064,0.008796930313110352,1.0,0.0,12.330475807189941,0.5346274375915527
20.66863250732422,2.8144805431365967,-0.8644502758979797,-0.044005464762449265,-0.0840248167514801,3.9291746616363525,730.90576171875,-1.7712217569351196,826.5796508789062,2.5777859687805176,-1.2879083156585693,0.011629819869995117,1.0,0.0,12.330475807189941,0.5827889442443848
20.669132232666016,2.9426777362823486,0.28984519839286804,-0.021446870639920235,-0.0784430205821991,4.452572822570801,837.5535278320312,-1.357928991317749,826.5797119140625,2.9912784099578857,-0.2029058337211609,-0.006123781204223633,1.0,0.0,12.330475807189941,0.4726834297180176
20.669631958007812,2.5952718257904053,1.4204106330871582,-0.032726168632507324,-0.11844594776630402,4.870512962341309,837.5535278320312,-0.945361852645874,826.54931640625,2.9356846809387207,0.9895860552787781,-0.025928735733032227,1.0,0.0,12.330475807189941,0.46731042861938477
20.67013168334961,1.7703040838241577,2.3340163230895996,-0.019835542887449265,-0.0886763259768486,5.321072578430176,859.029296875,-0.5343794822692871,826.4528198242188,2.2952721118927,1.9669952392578125,-0.05365490913391113,1.0,0.0,12.330475807189941,0.4277334213256836
20.670631408691406,0.6253316402435303,2.8391263484954834,0.0333382822573185,-0.03937038779258728,5.75058650970459,859.029296875,-0.12397193908691406,826.3344116210938,1.3089320659637451,2.6476190090179443,-0.06100869178771973,1.0,0.0,12.330475807189941,0.4086270332336426
20.671131134033203,-0.5215986371040344,2.8526864051818848,0.051062893122434616,-0.010531066916882992,6.005288600921631,740.9127807617188,0.28668880462646484,826.2290649414062,0.13853390514850616,2.817060708999634,-0.06170201301574707,1.0,0.0,12.330475807189941,0.5645856857299805
20.671632766723633,-1.5765395164489746,2.473006248474121,0.08006680011749268,0.07505659759044647,0.0925605297088623,740.9127807617188,0.6978442668914795,826.1468505859375,-1.0908033847808838,2.5719895362854004,-0.022467613220214844,1.0,0.0,12.330475807189941,0.6052837371826172
20.67213249206543,-2.474902391433716,1.6492356061935425,0.0897347703576088,0.09738381952047348,0.6391000747680664,859.88916015625,1.1108591556549072,826.14453125,-2.1627755165100098,1.8580609560012817,0.024635791778564453,1.0,0.0,12.330475807189941,0.4717590808868408
20.672632217407227,-2.9426777362823486,0.527145266532898,0.06395351886749268,0.1252928376197815,1.069044828414917,859.88916015625,1.524669885635376,826.1755981445312,-2.899113416671753,0.876054584980011,0.027149200439453125,1.0,0.0,12.330475807189941,0.455625057220459
20.673131942749023,-2.8849399089813232,-0.7017303109169006,0.047840237617492676,0.1438988447189331,1.4818146228790283,848.2913818359375,1.9377915859222412,826.177001953125,-3.05910325050354,-0.2246396690607071,-0.019410133361816406,1.0,0.0,12.330475807189941,0.4559769630432129
20.673629760742188,-2.3310470581054688,-1.8034807443618774,0.01077969092875719,0.10761712491512299,1.9051120281219482,848.2913818359375,2.349661111831665,826.1255493164062,-2.737353801727295,-1.3784000873565674,-0.038191795349121094,1.0,0.0,12.330475807189941,0.4445490837097168
20.674129486083984,-1.3475450277328491,-2.588266372680664,-0.021446870639920235,0.055520281195640564,2.3451504707336426,859.029296875,2.760390043258667,826.0274047851562,-1.973250150680542,-2.2545154094696045,-0.06371641159057617,1.0,0.0,12.330475807189941,0.4152395725250244
20.67462921142578,-0.10862565785646439,-2.9103167057037354,-0.056896090507507324,-0.0021583617199212313,2.7746646404266357,859.029296875,-3.111988067626953,825.9347534179688,-0.8064363598823547,-2.735194444656372,-0.04220986366271973,1.0,0.0,12.330475807189941,0.3965325355529785
20.67513084411621,1.0578768253326416,-2.7272560596466064,-0.053673435002565384,-0.030067382380366325,3.0452582836151123,751.650634765625,-2.6999716758728027,825.8948974609375,0.42787885665893555,-2.716900587081909,-0.01119089126586914,1.0,0.0,12.330475807189941,0.5379557609558105
20.675630569458008,2.016913890838623,-2.15095591545105,-0.061730075627565384,-0.0719309151172638,3.4210829734802246,751.650634765625,-2.2874903678894043,825.8754272460938,1.5211771726608276,-2.350043773651123,-0.0053861141204833984,1.0,0.0,12.330475807189941,0.5746121406555176
20.676130294799805,2.755763292312622,-1.1831105947494507,-0.06978671252727509,-0.12309744954109192,3.9399383068084717,848.2913818359375,-1.8743689060211182,825.88330078125,2.4728662967681885,-1.4996730089187622,0.032828569412231445,1.0,0.0,12.330475807189941,0.46887826919555664
20.6766300201416,2.985736846923828,-0.005084906239062548,-0.045616794377565384,-0.10914294421672821,4.364083290100098,848.2913818359375,-1.4607369899749756,825.9121704101562,2.9924426078796387,-0.5058283805847168,-0.003247499465942383,1.0,0.0,12.330475807189941,0.45836496353149414
20.6771297454834,2.7146615982055664,1.200060486793518,-0.027892183512449265,-0.12123684585094452,4.789485454559326,849.1405639648438,-1.0486724376678467,825.8746337890625,2.950859546661377,0.6367719769477844,-0.03547382354736328,1.0,0.0,12.330475807189941,0.44502782821655273
20.677629470825195,1.966025948524475,2.191636085510254,0.0011117219692096114,-0.05797640234231949,5.214054584503174,849.1405639648438,-0.6376030445098877,825.7960205078125,2.4382073879241943,1.694020390510559,-0.0519566535949707,1.0,0.0,12.330475807189941,0.43152761459350586
20.678129196166992,0.864112138748169,2.8086161613464355,0.043006252497434616,-0.009600767865777016,5.637368679046631,848.2913818359375,-0.22680401802062988,825.7078857421875,1.4707748889923096,2.4893462657928467,-0.032770633697509766,1.0,0.0,12.330475807189941,0.41901254653930664
20.678627014160156,-0.3943794071674347,2.906926155090332,0.036560941487550735,0.036914266645908356,6.060666084289551,848.2913818359375,0.18445992469787598,825.6410522460938,0.32044127583503723,2.7686145305633545,-0.025606632232666016,1.0,0.0,12.330475807189941,0.4069790840148926
20.679128646850586,-1.485528588294983,2.549281120300293,0.038172267377376556,0.060171786695718765,0.04270505905151367,740.9127807617188,0.5965895652770996,825.6121826171875,-0.8639412522315979,2.612001657485962,-0.002991914749145508,1.0,0.0,12.330475807189941,0.5538845062255859
20.679628372192383,-2.344747543334961,1.847550868988037,0.0655648484826088,0.09645351022481918,0.4131627082824707,740.9127807617188,1.0098955631256104,825.63330078125,-1.9320272207260132,2.081411361694336,0.01253652572631836,1.0,0.0,12.330475807189941,0.5967328548431396
20.68012809753418,-2.8976619243621826,0.7746154069900513,0.059119533747434616,0.12064133584499359,0.9584307670593262,859.029296875,1.4236080646514893,825.6710205078125,-2.7133142948150635,1.1878013610839844,0.008788108825683594,1.0,0.0,12.330475807189941,0.4651772975921631
20.680627822875977,-2.9651858806610107,-0.44747984409332275,0.0575082041323185,0.1345958411693573,1.3879446983337402,859.029296875,1.8366024494171143,825.6776733398438,-3.034348964691162,0.07107174396514893,-0.015087127685546875,1.0,0.0,12.330475807189941,0.448657751083374
20.681127548217773,-2.550255537033081,-1.5661804676055908,0.015613675117492676,0.10854741930961609,1.7266488075256348,797.6700439453125,2.248331308364868,825.6309814453125,-2.8322153091430664,-1.1146968603134155,-0.028511524200439453,1.0,0.0,12.330475807189941,0.5216825008392334
20.68162727355957,-1.7155017852783203,-2.4085960388183594,-0.021446870639920235,0.057380884885787964,2.1254830360412598,797.6700439453125,2.6584055423736572,825.515625,-2.214460611343384,-2.031644344329834,-0.07139062881469727,1.0,0.0,12.330475807189941,0.5329225063323975
20.682126998901367,-0.5078980326652527,-2.903536081314087,-0.07462070137262344,0.017377952113747597,2.6780781745910645,905.1942138671875,3.067924737930298,825.379638671875,-1.15777587890625,-2.6282403469085693,-0.06744909286499023,1.0,0.0,12.330475807189941,0.3898465633392334
20.682628631591797,0.7975662350654602,-2.8289566040039062,-0.058507416397333145,-0.03657948598265648,3.1297688484191895,905.1942138671875,-2.804534673690796,825.2973022460938,0.07244572788476944,-2.819056510925293,-0.03744673728942871,1.0,0.0,12.330475807189941,0.34888219833374023
20.683128356933594,1.8544646501541138,-2.310286045074463,-0.055284760892391205,-0.0737915188074112,3.3551220893859863,751.650634765625,-2.392120599746704,825.28759765625,1.3021061420440674,-2.472200632095337,0.009417295455932617,1.0,0.0,12.330475807189941,0.535942554473877
20.68362808227539,2.6158225536346436,-1.4661755561828613,-0.0713980421423912,-0.12030655145645142,3.7309470176696777,751.650634765625,-1.9788575172424316,825.313720703125,2.279390573501587,-1.7454614639282227,0.028751611709594727,1.0,0.0,12.330475807189941,0.5733809471130371
20.684127807617188,2.9808435440063477,-0.3254401683807373,-0.050450775772333145,-0.11937624216079712,4.233910083770752,837.5535278320312,-1.565321683883667,825.3506469726562,2.9228310585021973,-0.7185456156730652,0.027675390243530273,1.0,0.0,12.330475807189941,0.48395395278930664
20.684627532958984,2.866346597671509,0.8695355653762817,-0.032726168632507324,-0.11844594776630402,4.652686595916748,837.5535278320312,-1.1527179479599,825.3475341796875,3.042344331741333,0.376821905374527,-0.020842552185058594,1.0,0.0,12.330475807189941,0.477780818939209
20.68512725830078,2.2263362407684326,1.944165825843811,0.018836330622434616,-0.04960370063781738,5.104520320892334,859.88916015625,-0.7416067123413086,825.28173828125,2.674743175506592,1.4487911462783813,-0.05895185470581055,1.0,0.0,12.330475807189941,0.4370584487915039
20.68562889099121,1.2085824012756348,2.6831862926483154,0.028504298999905586,-0.04030068963766098,5.534464359283447,859.88916015625,-0.33173322677612305,825.1654663085938,1.8432328701019287,2.324751138687134,-0.06488680839538574,1.0,0.0,12.330475807189941,0.41698789596557617
20.686128616333008,-0.04403719678521156,2.944216251373291,0.051062893122434616,0.02295975759625435,5.945977687835693,847.4439697265625,0.07857799530029297,825.0699462890625,0.6292943954467773,2.744351625442505,-0.030112504959106445,1.0,0.0,12.330475807189941,0.4157857894897461
20.686628341674805,-1.27512788772583,2.662846565246582,0.051062893122434616,0.056450583040714264,0.08566665649414062,847.4439697265625,0.49029088020324707,825.0354614257812,-0.5918405652046204,2.711911916732788,-0.001439809799194336,1.0,0.0,12.330475807189941,0.40462422370910645
20.6871280670166,-2.2126352787017822,1.9950159788131714,0.044617582112550735,0.06203238293528557,0.35402488708496094,742.3975830078125,0.903944730758667,825.0833129882812,-1.7380074262619019,2.178989887237549,0.04352998733520508,1.0,0.0,12.330475807189941,0.549919843673706
20.6876277923584,-2.7998008728027344,1.059375286102295,0.052674222737550735,0.10947771370410919,0.7252235412597656,742.3975830078125,1.3176376819610596,825.1316528320312,-2.554746389389038,1.4254237413406372,0.018328189849853516,1.0,0.0,12.330475807189941,0.592414140701294
20.688127517700195,-2.9965012073516846,-0.12203987687826157,0.043006252497434616,0.128083735704422,1.2678823471069336,858.1710815429688,1.7313177585601807,825.1783447265625,-3.0593886375427246,0.25343286991119385,0.03099536895751953,1.0,0.0,12.330475807189941,0.46343541145324707
20.688627243041992,-2.6921536922454834,-1.3204056024551392,0.031726956367492676,0.1197110265493393,1.6969690322875977,858.1710815429688,2.1436703205108643,825.1683349609375,-2.970510482788086,-0.8607518672943115,-0.016870498657226562,1.0,0.0,12.330475807189941,0.4467012882232666
20.689128875732422,-1.8965445756912231,-2.284860849380493,0.007557034492492676,0.08901111036539078,2.1273250579833984,859.029296875,2.5543911457061768,825.0900268554688,-2.4108524322509766,-1.8752570152282715,-0.048709869384765625,1.0,0.0,12.330475807189941,0.4270660877227783
20.68962860107422,-0.74863600730896,-2.8492963314056396,-0.039171479642391205,0.03040216490626335,2.5568389892578125,859.029296875,2.9646217823028564,824.9926147460938,-1.4063949584960938,-2.5809977054595947,-0.04817771911621094,1.0,0.0,12.330475807189941,0.40778279304504395
20.690128326416016,0.541171133518219,-2.896756410598755,-0.055284760892391205,-0.01797347143292427,2.9863548278808594,859.029296875,-2.9076907634735107,824.9244995117188,-0.16890636086463928,-2.803473711013794,-0.020210742950439453,1.0,0.0,12.330475807189941,0.38913965225219727
20.690628051757812,1.7096304893493652,-2.4119861125946045,-0.045616794377565384,-0.03844008967280388,3.415867805480957,859.029296875,-2.4955639839172363,824.9105224609375,1.0539695024490356,-2.60382342338562,0.012589693069458008,1.0,0.0,12.330475807189941,0.3717536926269531
20.691125869750977,2.5287258625030518,-1.5899109840393066,-0.042394135147333145,-0.083094522356987,3.686823844909668,752.403076171875,-2.0815610885620117,824.9757080078125,2.1458992958068848,-1.9378353357315063,0.050452232360839844,1.0,0.0,12.330475807189941,0.5148005485534668
20.691625595092773,2.9279985427856445,-0.5322301983833313,-0.035948824137449265,-0.068209707736969,4.06302547454834,752.403076171875,-1.6678823232650757,825.0256958007812,2.739431619644165,-1.0318673849105835,0.010881185531616211,1.0,0.0,12.330475807189941,0.5522775650024414
20.69212532043457,2.924084424972534,0.6746101379394531,-0.032726168632507324,-0.12402775138616562,4.597031593322754,859.029296875,-1.254945993423462,825.04345703125,3.0526444911956787,0.12064693868160248,-0.002367258071899414,1.0,0.0,12.330475807189941,0.43120813369750977
20.692625045776367,2.3780205249786377,1.7967009544372559,-0.0037222623359411955,-0.0775127187371254,5.026547431945801,859.029296875,-0.8429203033447266,825.0223999023438,2.753716468811035,1.2651519775390625,-0.023317337036132812,1.0,0.0,12.330475807189941,0.41371774673461914
20.693126678466797,1.4062613248825073,2.5984363555908203,0.038172267377376556,0.0006325409049168229,5.457335472106934,859.88916015625,-0.4318656921386719,824.9611206054688,2.0102319717407227,2.207146644592285,-0.03304910659790039,1.0,0.0,12.330475807189941,0.393984317779541
20.693626403808594,0.1692991405725479,2.940826654434204,0.046228908002376556,-0.013321969658136368,5.8872785568237305,859.88916015625,-0.02066779136657715,824.9072875976562,0.8736084699630737,2.7019824981689453,-0.018174409866333008,1.0,0.0,12.330475807189941,0.37523889541625977
20.69412612915039,-1.0891920328140259,2.744206190109253,0.0333382822573185,0.03877486661076546,0.03276395797729492,859.029296875,0.39168405532836914,824.9030151367188,-0.3657497465610504,2.7901930809020996,0.012654781341552734,1.0,0.0,12.330475807189941,0.3589200973510742
20.694625854492188,-2.1402182579040527,2.045866012573242,0.0333382822573185,0.04807787388563156,0.4622797966003418,859.029296875,0.8052592277526855,824.9503173828125,-1.509731411933899,2.395395517349243,0.031207561492919922,1.0,0.0,12.330475807189941,0.34297943115234375
20.695125579833984,-2.7665281295776367,1.0695455074310303,-0.0037222623359411955,0.05086877942085266,0.7327685356140137,751.650634765625,1.2194836139678955,825.0238037109375,-2.381134033203125,1.5869554281234741,0.03758811950683594,1.0,0.0,12.330475807189941,0.48671507835388184
20.69562339782715,-2.976928949356079,-0.027119925245642662,0.005945706274360418,0.06947479397058487,1.1078410148620605,751.650634765625,1.6334593296051025,825.085205078125,-2.8861095905303955,0.556403398513794,0.020979881286621094,1.0,0.0,12.330475807189941,0.525618314743042
20.696123123168945,-2.726405143737793,-1.2339606285095215,-0.023058200255036354,0.06389299035072327,1.6584773063659668,869.7671508789062,2.0464584827423096,825.1043701171875,-2.9192283153533936,-0.6536404490470886,0.01870250701904297,1.0,0.0,12.330475807189941,0.3879811763763428
20.696624755859375,-1.939603328704834,-2.230621099472046,-0.027892183512449265,0.016447652131319046,2.093362331390381,869.7671508789062,2.4588305950164795,825.0968017578125,-2.404651403427124,-1.639707088470459,-0.015623092651367188,1.0,0.0,12.330475807189941,0.36546826362609863
20.697124481201172,-0.8288820385932922,-2.8357365131378174,-0.037560153752565384,0.007144645322114229,2.528245449066162,869.7671508789062,2.870995283126831,825.0807495117188,-1.4891647100448608,-2.4629101753234863,0.0007829666137695312,1.0,0.0,12.330475807189941,0.34274983406066895
20.69762420654297,0.44331005215644836,-2.9170968532562256,-0.031114840880036354,-0.03564918413758278,2.9631285667419434,869.7671508789062,-2.9989254474639893,825.1112670898438,-0.3222571611404419,-2.8506269454956055,0.01885509490966797,1.0,0.0,12.330475807189941,0.32113122940063477
20.698123931884766,1.5501168966293335,-2.5255513191223145,-0.031114840880036354,-0.05983700603246689,3.224313259124756,752.403076171875,-2.5849616527557373,825.170654296875,0.9044468402862549,-2.676514148712158,0.0434565544128418,1.0,0.0,12.330475807189941,0.4739108085632324
20.698623657226562,2.399550199508667,-1.7729706764221191,-0.042394135147333145,-0.0700703114271164,3.6005148887634277,752.403076171875,-2.17043399810791,825.2522583007812,1.9330146312713623,-2.1069533824920654,0.04546189308166504,1.0,0.0,12.330475807189941,0.5122365951538086
20.69912338256836,2.9142980575561523,-0.6508803367614746,-0.023058200255036354,-0.0719309151172638,4.166436672210693,880.5049438476562,-1.7554155588150024,825.3528442382812,2.6814727783203125,-1.204572319984436,0.03666067123413086,1.0,0.0,12.330475807189941,0.36133337020874023
20.699623107910156,2.9142982959747314,0.6102004647254944,-0.010167574509978294,-0.05332489684224129,4.605807781219482,880.5049438476562,-1.3413598537445068,825.4108276367188,2.984067440032959,-0.05512852966785431,0.02631402015686035,1.0,0.0,12.330475807189941,0.33601808547973633
20.700124740600586,2.368234157562256,1.7729706764221191,0.01239101868122816,-0.053324904292821884,5.03016996383667,869.7671508789062,-0.9274859428405762,825.4599609375,2.698849678039551,1.0877176523208618,0.013992786407470703,1.0,0.0,12.330475807189941,0.3255295753479004
20.700624465942383,1.3886464834213257,2.5984363555908203,0.028504298999905586,0.015517352148890495,5.465053081512451,869.7671508789062,-0.5141201019287109,825.4866943359375,1.9832162857055664,2.0559515953063965,0.020952701568603516,1.0,0.0,12.330475807189941,0.3040122985839844
20.70112419128418,0.14385566115379333,2.9509963989257812,0.047840237617492676,0.05086877942085266,5.915828704833984,880.5049438476562,-0.09998607635498047,825.5452270507812,0.9028531312942505,2.7187623977661133,0.05374336242675781,1.0,0.0,12.330475807189941,0.26737070083618164
20.701623916625977,-1.1381224393844604,2.7272560596466064,0.009168362244963646,0.0248203594237566,0.07289361953735352,880.5049438476562,0.3157155513763428,825.6683349609375,-0.33830246329307556,2.8051722049713135,0.07883143424987793,1.0,0.0,12.330475807189941,0.24282193183898926
20.702123641967773,-2.1284751892089844,2.0662059783935547,-0.021446870639920235,0.03133246675133705,0.3394608497619629,763.151611328125,0.7321031093597412,825.8176879882812,-1.4735774993896484,2.411367177963257,0.09106302261352539,1.0,0.0,12.330475807189941,0.3926422595977783
20.70262336730957,-2.7430412769317627,1.103445291519165,-0.019835542887449265,0.0024931428488343954,0.7210392951965332,763.151611328125,1.1481835842132568,825.950927734375,-2.3021950721740723,1.6941938400268555,0.06274747848510742,1.0,0.0,12.330475807189941,0.42714428901672363
20.703123092651367,-2.972036123275757,-0.11017531156539917,-0.002110934117808938,0.020168853923678398,1.2605137825012207,869.7671508789062,1.563671350479126,826.056640625,-2.827756643295288,0.635831892490387,0.06052827835083008,1.0,0.0,12.330475807189941,0.3031575679779053
20.703624725341797,-2.6226723194122314,-1.332270622253418,-0.035948824137449265,-0.030997682362794876,1.6945290565490723,869.7671508789062,1.9785192012786865,826.133056640625,-2.7920234203338623,-0.477519154548645,0.036170005798339844,1.0,0.0,12.330475807189941,0.28399014472961426
20.704124450683594,-1.8074911832809448,-2.310285806655884,-0.034337494522333145,-0.050533998757600784,2.1294121742248535,869.7671508789062,2.393333673477173,826.2066040039062,-2.248286008834839,-1.5409572124481201,0.05291318893432617,1.0,0.0,12.330475807189941,0.26392149925231934
20.70462417602539,-0.6566470265388489,-2.869636297225952,-0.032726168632507324,-0.083094522356987,2.5642952919006348,869.7671508789062,2.8093907833099365,826.330810546875,-1.3329753875732422,-2.349501848220825,0.09093666076660156,1.0,0.0,12.330475807189941,0.24509549140930176
20.705123901367188,0.6096734404563904,-2.8899762630462646,-0.002110934117808938,-0.05611580237746239,2.999178409576416,869.7671508789062,-3.0556490421295166,826.540283203125,-0.16005568206310272,-2.7352840900421143,0.13063931465148926,1.0,0.0,12.330475807189941,0.22835779190063477
20.705623626708984,1.7595394849777222,-2.3662209510803223,0.020447658374905586,-0.024485580623149872,3.4340615272521973,869.7671508789062,-2.637329578399658,826.75244140625,0.9547581672668457,-2.615445137023926,0.12081265449523926,1.0,0.0,12.330475807189941,0.21179437637329102
20.70612335205078,2.518939971923828,-1.5255008935928345,0.015613675117492676,0.013656750321388245,3.6952462196350098,752.403076171875,-2.2197067737579346,826.9308471679688,1.9295090436935425,-2.0868797302246094,0.09937930107116699,1.0,0.0,12.330475807189941,0.36823225021362305
20.706623077392578,2.8829829692840576,-0.4746001958847046,0.034949611872434616,0.019238555803894997,4.071445941925049,752.403076171875,-1.8033367395401,827.052734375,2.538426399230957,-1.2527319192886353,0.04895901679992676,1.0,0.0,12.330475807189941,0.4084029197692871
20.707124710083008,2.8360092639923096,0.7322403788566589,0.044617582112550735,0.035983968526124954,4.605563640594482,859.029296875,-1.3876923322677612,827.1416625976562,2.8242602348327637,-0.10715386271476746,0.05388212203979492,1.0,0.0,12.330475807189941,0.2899293899536133
20.707624435424805,2.2840735912323,1.82382071018219,0.014002346433699131,0.02389005944132805,5.03507661819458,859.029296875,-0.9719412326812744,827.2333374023438,2.585095167160034,1.0066452026367188,0.047394752502441406,1.0,0.0,12.330475807189941,0.2761673927307129
20.70812225341797,1.3044859170913696,2.6052165031433105,0.039783596992492676,0.06668388843536377,5.479626178741455,869.7671508789062,-0.5559604167938232,827.332763671875,1.922774076461792,1.9709727764129639,0.05792832374572754,1.0,0.0,12.330475807189941,0.24759912490844727
20.708621978759766,0.08905360102653503,2.9272661209106445,0.023670315742492676,0.053659677505493164,5.914509296417236,869.7671508789062,-0.13865995407104492,827.485595703125,0.8442583084106445,2.5905537605285645,0.09882521629333496,1.0,0.0,12.330475807189941,0.23001623153686523
20.709121704101562,-1.1381224393844604,2.703526258468628,0.004334378056228161,0.03877486661076546,0.05158710479736328,859.88916015625,0.27976322174072266,827.682373046875,-0.34075024724006653,2.734992742538452,0.11954832077026367,1.0,0.0,12.330475807189941,0.22817611694335938
20.70962142944336,-2.1333680152893066,1.9899309873580933,-0.024669528007507324,0.018308253958821297,0.48153018951416016,859.88916015625,0.69842529296875,827.884765625,-1.4261813163757324,2.443856954574585,0.10519957542419434,1.0,0.0,12.330475807189941,0.21689510345458984
20.710121154785156,-2.7303197383880615,1.0237807035446167,-0.045616794377565384,0.01551735121756792,0.7500638961791992,750.8997802734375,1.1164000034332275,828.05419921875,-2.2897610664367676,1.6974869966506958,0.09182977676391602,1.0,0.0,12.330475807189941,0.3663361072540283
20.710622787475586,-2.9133195877075195,-0.06271491199731827,-0.0037222623359411955,0.009935547597706318,1.1255130767822266,750.8997802734375,1.5334351062774658,828.1804809570312,-2.7379555702209473,0.7056505084037781,0.060399532318115234,1.0,0.0,12.330475807189941,0.40792202949523926
20.711122512817383,-2.6549668312072754,-1.242435336112976,-0.040782809257507324,0.01458705123513937,1.6622676849365234,859.88916015625,1.950608491897583,828.3099975585938,-2.812680959701538,-0.48951324820518494,0.06785202026367188,1.0,0.0,12.330475807189941,0.28834080696105957
20.71162223815918,-1.9004591703414917,-2.2102813720703125,-0.021446870639920235,-0.011461367830634117,2.0922107696533203,859.88916015625,2.3674652576446533,828.4234008789062,-2.3510918617248535,-1.5410031080245972,0.05887413024902344,1.0,0.0,12.330475807189941,0.275254487991333
20.712120056152344,-0.8171388506889343,-2.7984464168548584,-0.023058200255036354,-0.030997682362794876,2.520021438598633,859.029296875,2.7844536304473877,828.5401000976562,-1.4959906339645386,-2.3835246562957764,0.07209062576293945,1.0,0.0,12.330475807189941,0.2644321918487549
20.71261978149414,0.4139513671398163,-2.8899762630462646,-0.006944918539375067,-0.01983407512307167,2.9495372772216797,859.029296875,-3.080812692642212,828.6935424804688,-0.345003217458725,-2.7826693058013916,0.09144377708435059,1.0,0.0,12.330475807189941,0.252835750579834
20.713119506835938,1.5921974182128906,-2.466226100921631,-0.01500155869871378,-0.03750978782773018,3.379049301147461,859.029296875,-2.6622767448425293,828.86962890625,0.8822924494743347,-2.6713857650756836,0.11541509628295898,1.0,0.0,12.330475807189941,0.24185943603515625
20.713619232177734,2.4572877883911133,-1.5644856691360474,-0.0004996061325073242,-0.03285828232765198,3.808565139770508,859.029296875,-2.2433090209960938,829.0601196289062,1.848330020904541,-2.1331052780151367,0.09140801429748535,1.0,0.0,12.330475807189941,0.23131132125854492
20.714120864868164,2.866346597671509,-0.5034151077270508,0.015613675117492676,-0.004949263297021389,4.095053672790527,762.3884887695312,-1.8247687816619873,829.2285766601562,2.558016777038574,-1.219831943511963,0.08472800254821777,1.0,0.0,12.330475807189941,0.36336278915405273
20.71462059020996,2.8536245822906494,0.6203704476356506,0.005945706274360418,-0.004949263297021389,4.476247787475586,762.3884887695312,-1.4067931175231934,829.3696899414062,2.8362295627593994,-0.10825072973966599,0.07357335090637207,1.0,0.0,12.330475807189941,0.4001445770263672
20.715120315551758,2.3780200481414795,1.722121000289917,0.007557034492492676,-0.022624976933002472,4.985835075378418,849.1405639648438,-0.98899245262146,829.5006103515625,2.6932435035705566,1.0614466667175293,0.06936931610107422,1.0,0.0,12.330475807189941,0.30835771560668945
20.715620040893555,1.4757426977157593,2.5391111373901367,0.004334378056228161,0.0015628414694219828,5.410404205322266,849.1405639648438,-0.5718061923980713,829.6029663085938,2.039458751678467,2.0592095851898193,0.0670013427734375,1.0,0.0,12.330475807189941,0.30097532272338867
20.71611976623535,0.2730318605899811,2.9103167057037354,0.018836330622434616,-0.014252271503210068,5.8496198654174805,859.029296875,-0.1540377140045166,829.7276000976562,1.0105668306350708,2.607435464859009,0.06007814407348633,1.0,0.0,12.330475807189941,0.2795281410217285
20.71661949157715,-0.9521865844726562,2.7679362297058105,0.005945706274360418,0.011796149425208569,6.2782745361328125,859.029296875,0.2639627456665039,829.8594970703125,-0.16894620656967163,2.841369152069092,0.0713038444519043,1.0,0.0,12.330475807189941,0.2688736915588379
20.717119216918945,-2.0443146228790283,2.1306159496307373,0.005945706274360418,0.03970516845583916,0.4246048927307129,859.029296875,0.6829414367675781,830.02978515625,-1.4236040115356445,2.450453042984009,0.1194918155670166,1.0,0.0,12.330475807189941,0.25833654403686523
20.717620849609375,-2.7440202236175537,1.0881903171539307,0.01239101868122816,0.04528697207570076,0.8541207313537598,859.029296875,1.1026594638824463,830.2274780273438,-2.3130064010620117,1.6946922540664673,0.11198139190673828,1.0,0.0,12.330475807189941,0.24853873252868652
20.718120574951172,-2.9495279788970947,-0.027119925245642662,-0.008556246757507324,0.01458705123513937,1.108823299407959,740.9127807617188,1.5221436023712158,830.4110107421875,-2.8266990184783936,0.6461145281791687,0.10011720657348633,1.0,0.0,12.330475807189941,0.41332030296325684
20.71862030029297,-2.7303197383880615,-1.1187007427215576,-0.010167574509978294,0.0248203594237566,1.4792790412902832,740.9127807617188,1.940483808517456,830.5427856445312,-2.856339454650879,-0.45904889702796936,0.06574153900146484,1.0,0.0,12.330475807189941,0.46120476722717285
20.719120025634766,-2.0805232524871826,-2.122141122817993,0.005945706274360418,0.04714757576584816,2.008653163909912,848.2913818359375,2.3582470417022705,830.6475219726562,-2.48150897026062,-1.6180751323699951,0.0664834976196289,1.0,0.0,12.330475807189941,0.3495938777923584
20.719619750976562,-1.0285180807113647,-2.7679362297058105,-0.027892183512449265,0.029471861198544502,2.4327986240386963,848.2913818359375,2.7755415439605713,830.730224609375,-1.6500111818313599,-2.404374837875366,0.04064655303955078,1.0,0.0,12.330475807189941,0.342742919921875
20.72011947631836,0.194743350148201,-2.940826654434204,-0.034337494522333145,0.005284044425934553,2.858205556869507,849.1405639648438,-3.0901925563812256,830.8179321289062,-0.5090415477752686,-2.8425493240356445,0.04749178886413574,1.0,0.0,12.330475807189941,0.33478736877441406
20.720619201660156,1.4023470878601074,-2.5984363555908203,-0.055284760892391205,-0.06262790411710739,3.2819268703460693,849.1405639648438,-2.6724095344543457,830.9178466796875,0.7148093581199646,-2.726539373397827,0.06340646743774414,1.0,0.0,12.330475807189941,0.32884931564331055
20.721120834350586,2.3114748001098633,-1.8848410844802856,-0.055284760892391205,-0.0849551185965538,3.578101873397827,762.3884887695312,-2.253380298614502,831.0679321289062,1.8607200384140015,-2.186452865600586,0.09324193000793457,1.0,0.0,12.330475807189941,0.4517035484313965
20.721620559692383,2.864389181137085,-0.8864855170249939,-0.08912265300750732,-0.13798226416110992,3.9592955112457275,762.3884887695312,-1.8332996368408203,831.2590942382812,2.699998378753662,-1.2237855195999146,0.11346125602722168,1.0,0.0,12.330475807189941,0.49059057235717773
20.72212028503418,2.985736846923828,0.28984498977661133,-0.056896090507507324,-0.15286707878112793,4.451735019683838,837.5535278320312,-1.4128150939941406,831.463134765625,3.1080472469329834,-0.01834343560039997,0.11269569396972656,1.0,0.0,12.330475807189941,0.41863536834716797
20.722620010375977,2.634416103363037,1.4339706897735596,-0.050450775772333145,-0.16030949354171753,4.870512962341309,837.5535278320312,-0.9941184520721436,831.5875244140625,2.9904119968414307,1.0687297582626343,0.04288887977600098,1.0,0.0,12.330475807189941,0.41855382919311523
20.723119735717773,1.798683762550354,2.3797812461853027,-0.010167574509978294,-0.12960955500602722,5.336963653564453,869.7671508789062,-0.5773410797119141,831.6287841796875,2.358957529067993,2.083085060119629,0.006105184555053711,1.0,0.0,12.330475807189941,0.3688807487487793
20.72361946105957,0.6155453324317932,2.8899762630462646,0.034949611872434616,-0.0737915188074112,5.771846771240234,869.7671508789062,-0.16170144081115723,831.6215209960938,1.3059604167938232,2.758094072341919,-0.004382133483886719,1.0,0.0,12.330475807189941,0.349637508392334
20.724117279052734,-0.7055773138999939,2.862856388092041,0.060730863362550735,0.013656752184033394,6.207150459289551,870.6377563476562,0.2543461322784424,831.631591796875,-0.00402433006092906,2.8764913082122803,0.023313283920288086,1.0,0.0,12.330475807189941,0.330380916595459
20.72461700439453,-1.8769725561141968,2.2984213829040527,0.055896878242492676,0.055520281195640564,0.3592839241027832,870.6377563476562,0.6725120544433594,831.7305908203125,-1.2944494485855103,2.5174360275268555,0.07895159721374512,1.0,0.0,12.330475807189941,0.31322813034057617
20.725120544433594,-2.650073766708374,1.4068509340286255,0.055896878242492676,0.10761712491512299,0.6351547241210938,762.3884887695312,1.092850923538208,831.918701171875,-2.383838415145874,1.758176565170288,0.11922264099121094,1.0,0.0,12.330475807189941,0.45769619941711426
20.725618362426758,-2.9828011989593506,0.3084898591041565,0.0736214891076088,0.1383170485496521,1.0155856609344482,762.3884887695312,1.5131056308746338,832.09912109375,-2.9239304065704346,0.7291749119758606,0.08998727798461914,1.0,0.0,12.330475807189941,0.49751996994018555
20.726118087768555,-2.8594958782196045,-0.9017403721809387,0.025281643494963646,0.1234322264790535,1.5398099422454834,859.029296875,1.932708978652954,832.2483520507812,-3.103459358215332,-0.47190022468566895,0.0656280517578125,1.0,0.0,12.330475807189941,0.3928990364074707
20.72661781311035,-2.2419936656951904,-1.9916257858276367,0.009168362244963646,0.11785043030977249,1.9693241119384766,859.029296875,2.3506457805633545,832.3244018554688,-2.695463180541992,-1.588541030883789,0.029207229614257812,1.0,0.0,12.330475807189941,0.38132166862487793
20.72711753845215,-1.1792242527008057,-2.7340362071990967,-0.034337494522333145,0.06482329219579697,2.4147298336029053,869.7671508789062,2.7674667835235596,832.35205078125,-1.81315016746521,-2.4091734886169434,0.0053844451904296875,1.0,0.0,12.330475807189941,0.3527369499206543
20.727617263793945,0.10862589627504349,-2.9679462909698486,-0.056896090507507324,-0.00029776067822240293,2.8496129512786865,869.7671508789062,-3.098912477493286,832.3786010742188,-0.6065052151679993,-2.847982406616211,0.02400374412536621,1.0,0.0,12.330475807189941,0.33466005325317383
20.728118896484375,1.371031403541565,-2.6560661792755127,-0.0633414015173912,-0.046812791377305984,3.2698779106140137,859.88916015625,-2.6806576251983643,832.465576171875,0.7199926972389221,-2.750276565551758,0.07184648513793945,1.0,0.0,12.330475807189941,0.33264970779418945
20.728618621826172,2.3701913356781006,-1.8373807668685913,-0.058507416397333145,-0.0812339186668396,3.6998226642608643,859.88916015625,-2.260300397872925,832.6390991210938,1.839895486831665,-2.1730098724365234,0.0981905460357666,1.0,0.0,12.330475807189941,0.3230624198913574
20.72911834716797,2.8888542652130127,-0.8102103471755981,-0.037560153752565384,-0.0840248167514801,3.9694666862487793,751.650634765625,-1.839673399925232,832.8201293945312,2.652566909790039,-1.281076431274414,0.09591197967529297,1.0,0.0,12.330475807189941,0.4740452766418457
20.729616165161133,2.9837796688079834,0.3135751783847809,-0.034337494522333145,-0.09890963137149811,4.344540596008301,751.650634765625,-1.420196294784546,832.9489135742188,3.0159618854522705,-0.19380605220794678,0.06208491325378418,1.0,0.0,12.330475807189941,0.5184483528137207
20.73011589050293,2.5874431133270264,1.5153306722640991,0.005945706274360418,-0.0756521075963974,4.970097064971924,920.3884887695312,-1.0018236637115479,833.0286865234375,2.934757709503174,0.9832063913345337,0.031049251556396484,1.0,0.0,12.330475807189941,0.3112645149230957
20.730615615844727,1.6558068990707397,2.4984312057495117,0.018836330622434616,-0.04774309694766998,5.430291175842285,920.3884887695312,-0.5844681262969971,833.0640258789062,2.2116799354553223,1.9908465147018433,0.023302793502807617,1.0,0.0,12.330475807189941,0.26842641830444336
20.731115341186523,0.4804971218109131,2.9476065635681152,0.031726956367492676,0.008074946701526642,5.7069549560546875,792.044921875,-0.1665329933166504,833.1229858398438,1.0975463390350342,2.6332879066467285,0.04848814010620117,1.0,0.0,12.330475807189941,0.4096975326538086
20.73161506652832,-0.7349355220794678,2.896756410598755,0.0494515635073185,0.06296268850564957,6.1029767990112305,792.044921875,0.25171422958374023,833.19384765625,-0.05338071286678314,2.831228494644165,0.043999433517456055,1.0,0.0,12.330475807189941,0.43192291259765625
20.73211669921875,-1.867186188697815,2.349271059036255,0.08490078151226044,0.09087169915437698,0.3150181770324707,859.029296875,0.6710641384124756,833.3096313476562,-1.280898094177246,2.564762592315674,0.06912565231323242,1.0,0.0,12.330475807189941,0.3560459613800049
20.732616424560547,-2.6676886081695557,1.369560718536377,0.038172267377376556,0.06761419028043747,0.7445321083068848,859.029296875,1.0910961627960205,833.4514770507812,-2.253662109375,1.8169114589691162,0.0782780647277832,1.0,0.0,12.330475807189941,0.34656405448913574
20.733116149902344,-2.987694025039673,0.25933513045310974,0.038172267377376556,0.09366261214017868,1.0297942161560059,761.6268310546875,1.5111877918243408,833.5929565429688,-2.8895554542541504,0.7788710594177246,0.07343530654907227,1.0,0.0,12.330475807189941,0.48139357566833496
20.73361587524414,-2.873196601867676,-0.8644502758979797,0.018836330622434616,0.09366261214017868,1.410606861114502,761.6268310546875,1.9301607608795166,833.6842041015625,-3.0362913608551025,-0.3791208863258362,0.0418705940246582,1.0,0.0,12.330475807189941,0.5195538997650146
20.734115600585938,-2.2889668941497803,-1.9373857975006104,0.004334378056228161,0.08342929929494858,1.9359898567199707,859.88916015625,2.347749948501587,833.7153930664062,-2.7169735431671143,-1.4774868488311768,-0.0020427703857421875,1.0,0.0,12.330475807189941,0.4117600917816162
20.734615325927734,-1.2692561149597168,-2.7136964797973633,-0.037560153752565384,0.05179908126592636,2.3659348487854004,859.88916015625,2.7639858722686768,833.6893310546875,-1.8555611371994019,-2.341601610183716,-0.015727519989013672,1.0,0.0,12.330475807189941,0.39805102348327637
20.73511505126953,0.010764866136014462,-2.9882864952087402,-0.09234530478715897,-0.020764373242855072,2.810497760772705,869.7671508789062,-3.102599620819092,833.6791381835938,-0.6780839562416077,-2.771733045578003,-0.002094268798828125,1.0,0.0,12.330475807189941,0.3700881004333496
20.73561668395996,1.2614271640777588,-2.7136964797973633,-0.0633414015173912,-0.06355820596218109,3.2453808784484863,869.7671508789062,-2.6848502159118652,833.7174682617188,0.607593297958374,-2.8032889366149902,0.033690452575683594,1.0,0.0,12.330475807189941,0.3529543876647949
20.736116409301758,2.289945363998413,-1.935690999031067,-0.044005464762449265,-0.0896066278219223,3.665645122528076,859.88916015625,-2.2654030323028564,833.826416015625,1.8166791200637817,-2.2455990314483643,0.0812382698059082,1.0,0.0,12.330475807189941,0.35213708877563477
20.736616134643555,2.886897325515747,-0.820380449295044,-0.035948824137449265,-0.05704610422253609,4.095591068267822,859.88916015625,-1.8451032638549805,833.9686889648438,2.637547731399536,-1.3320063352584839,0.0839381217956543,1.0,0.0,12.330475807189941,0.34249114990234375
20.73711585998535,2.971057176589966,0.4169701933860779,0.004334378056228161,-0.03937039151787758,4.46367883682251,818.1231079101562,-1.425121545791626,834.0946044921875,2.961345672607422,-0.20497171580791473,0.06245565414428711,1.0,0.0,12.330475807189941,0.39438486099243164
20.73761558532715,2.5385124683380127,1.5661804676055908,0.009168362244963646,-0.027276480570435524,4.871922969818115,818.1231079101562,-1.0068519115447998,834.1459350585938,2.8110690116882324,0.8862035870552063,0.018517494201660156,1.0,0.0,12.330475807189941,0.40441083908081055
20.738115310668945,1.7174590826034546,2.432325839996338,0.009168362244963646,-0.023555278778076172,5.2425007820129395,791.2112426757812,-0.5893580913543701,834.1636352539062,2.2081711292266846,1.904962420463562,0.0074040889739990234,1.0,0.0,12.330475807189941,0.451326847076416
20.738615036010742,0.6292458772659302,2.906926155090332,0.034949611872434616,0.008074945770204067,5.638105869293213,791.2112426757812,-0.1721818447113037,834.1675415039062,1.2656804323196411,2.593116283416748,-0.00491642951965332,1.0,0.0,12.330475807189941,0.472898006439209
20.739116668701172,-0.6214168667793274,2.913706064224243,0.046228908002376556,0.029471861198544502,6.134082317352295,859.029296875,0.24495840072631836,834.169921875,0.08129874616861343,2.835913896560669,0.0033953189849853516,1.0,0.0,12.330475807189941,0.3940615653991699
20.73961639404297,-1.7898759841918945,2.4085962772369385,0.062342189252376556,0.09087169915437698,0.2804107666015625,859.029296875,0.6631820201873779,834.2179565429688,-1.170311450958252,2.5921742916107178,0.03807520866394043,1.0,0.0,12.330475807189941,0.38277125358581543
20.740116119384766,-2.5639562606811523,1.5560109615325928,0.07039882987737656,0.11412922292947769,0.5668973922729492,762.3884887695312,1.0828721523284912,834.3263549804688,-2.2298974990844727,1.8831032514572144,0.06396198272705078,1.0,0.0,12.330475807189941,0.515974760055542
20.740615844726562,-2.9583356380462646,0.5000253915786743,0.08651211112737656,0.1513412445783615,0.9480924606323242,762.3884887695312,1.5025246143341064,834.4309692382812,-2.8941409587860107,0.8442263603210449,0.06178903579711914,1.0,0.0,12.330475807189941,0.5544321537017822
20.74111557006836,-2.9035332202911377,-0.7508853673934937,0.052674222737550735,0.163435161113739,1.579573631286621,931.502197265625,1.9215800762176514,834.5081176757812,-3.149416446685791,-0.3237018585205078,0.02886962890625,1.0,0.0,12.330475807189941,0.3420064449310303
20.741615295410156,-2.2840735912323,-1.9458608627319336,0.022058987990021706,0.10110501945018768,2.04532527923584,931.502197265625,2.339564085006714,834.5387573242188,-2.7582359313964844,-1.480538010597229,0.0009860992431640625,1.0,0.0,12.330475807189941,0.294238805770874
20.74211311340332,-1.2692561149597168,-2.6967461109161377,-0.008556246757507324,0.053659677505493164,2.3244857788085938,801.6702880859375,2.756258726119995,834.5145874023438,-1.8882126808166504,-2.3511152267456055,-0.014249801635742188,1.0,0.0,12.330475807189941,0.43177294731140137
20.74261474609375,-0.05186617001891136,-2.9747262001037598,-0.053673435002565384,-0.00029776067822240293,2.725320816040039,801.6702880859375,-3.1102142333984375,834.4918212890625,-0.7222232818603516,-2.8073713779449463,-0.006098270416259766,1.0,0.0,12.330475807189941,0.4476504325866699
20.743114471435547,1.2144542932510376,-2.7204763889312744,-0.055284760892391205,-0.051464296877384186,3.212261199951172,859.88916015625,-2.692805290222168,834.498779296875,0.5204704999923706,-2.756638288497925,0.014992475509643555,1.0,0.0,12.330475807189941,0.37811899185180664
20.743614196777344,2.259608507156372,-1.9746758937835693,-0.052062105387449265,-0.0923975333571434,3.642205238342285,859.88916015625,-2.274073600769043,834.5611572265625,1.7163212299346924,-2.2722342014312744,0.05675983428955078,1.0,0.0,12.330475807189941,0.36690664291381836
20.74411392211914,2.84090256690979,-0.9678454995155334,-0.045616794377565384,-0.0886763259768486,3.9278478622436523,762.3884887695312,-1.854018211364746,834.677734375,2.5730865001678467,-1.3986793756484985,0.06275010108947754,1.0,0.0,12.330475807189941,0.501319408416748
20.744613647460938,2.9974803924560547,0.1474652737379074,-0.040782809257507324,-0.10263083130121231,4.309042930603027,762.3884887695312,-1.43458092212677,834.765869140625,3.046416997909546,-0.3061499297618866,0.04099297523498535,1.0,0.0,12.330475807189941,0.5395617485046387
20.745113372802734,2.66573166847229,1.379730463027954,-0.031114840880036354,-0.12867926061153412,4.925375938415527,921.2659301757812,-1.016493320465088,834.7954711914062,2.9779884815216064,0.9416278004646301,0.029273271560668945,1.0,0.0,12.330475807189941,0.34131622314453125
20.7456111907959,1.7947694063186646,2.393340826034546,0.007557034492492676,-0.06355820596218109,5.385087013244629,921.2659301757812,-0.5994894504547119,834.77880859375,2.4035515785217285,1.937901258468628,-0.015622377395629883,1.0,0.0,12.330475807189941,0.29860925674438477
20.746112823486328,0.6546894907951355,2.906926155090332,0.028504298999905586,-0.012391669675707817,5.618525505065918,762.3884887695312,-0.18252873420715332,834.7608032226562,1.296459436416626,2.623981475830078,0.0008251667022705078,1.0,0.0,12.330475807189941,0.4821314811706543
20.746612548828125,-0.5255131721496582,2.934046506881714,0.062342189252376556,0.005284044425934553,5.999722480773926,762.3884887695312,0.23467135429382324,834.7532958984375,0.13122034072875977,2.8366808891296387,-0.0037207603454589844,1.0,0.0,12.330475807189941,0.518134593963623
20.747112274169922,-1.7497531175613403,2.437411308288574,0.07201015949249268,0.10203532129526138,0.31812238693237305,916.5090942382812,0.6528415679931641,834.7868041992188,-1.1128344535827637,2.618471384048462,0.0263369083404541,1.0,0.0,12.330475807189941,0.334719181060791
20.74761199951172,-2.6246299743652344,1.4509209394454956,0.052674222737550735,0.10389591753482819,0.7763762474060059,916.5090942382812,1.0722987651824951,834.8736572265625,-2.163177967071533,1.8985081911087036,0.0556340217590332,1.0,0.0,12.330475807189941,0.29592251777648926
20.748111724853516,-2.9818222522735596,0.33052507042884827,0.009168362244963646,0.04528697207570076,1.0052504539489746,761.6268310546875,1.4918100833892822,834.9608764648438,-2.7909064292907715,0.921408474445343,0.03752326965332031,1.0,0.0,12.330475807189941,0.4865596294403076
20.748611450195312,-2.8898327350616455,-0.8017353415489197,0.009168362244963646,0.07877779752016068,1.386064052581787,761.6268310546875,1.9107353687286377,835.0216674804688,-3.0082027912139893,-0.2793821394443512,0.030074596405029297,1.0,0.0,12.330475807189941,0.5246713161468506
20.74911117553711,-2.2860310077667236,-1.935690999031067,0.017225002869963646,0.08342929929494858,2.0182929039001465,931.502197265625,2.3281519412994385,835.017578125,-2.7405428886413574,-1.345138430595398,-0.02389240264892578,1.0,0.0,12.330475807189941,0.309859037399292
20.74961280822754,-1.1616090536117554,-2.754376173019409,-0.031114840880036354,0.014587050303816795,2.4831137657165527,931.502197265625,2.745375871658325,835.0057983398438,-1.8111571073532104,-2.3084421157836914,0.008258819580078125,1.0,0.0,12.330475807189941,0.26226210594177246
20.750112533569336,0.053823839873075485,-2.978116273880005,-0.035948824137449265,-0.029137080535292625,2.7223849296569824,773.1263427734375,-3.1197259426116943,835.0302734375,-0.6673986315727234,-2.7939159870147705,0.02102184295654297,1.0,0.0,12.330475807189941,0.44107484817504883
20.750612258911133,1.226197361946106,-2.7306461334228516,-0.053673435002565384,-0.05983700603246689,3.1089510917663574,773.1263427734375,-2.7005627155303955,835.099609375,0.5710707306861877,-2.7892744541168213,0.03838372230529785,1.0,0.0,12.330475807189941,0.47367143630981445
20.75111198425293,2.284074068069458,-1.9458608627319336,-0.045616794377565384,-0.06820971518754959,3.7162604331970215,926.8472900390625,-2.280916690826416,835.1878051757812,1.7204166650772095,-2.2855331897735596,0.06217241287231445,1.0,0.0,12.330475807189941,0.286008358001709
20.751611709594727,2.901576042175293,-0.7678355574607849,-0.002110934117808938,-0.026346180588006973,4.178758144378662,926.8472900390625,-1.8606572151184082,835.2998046875,2.578421115875244,-1.4073673486709595,0.06788420677185059,1.0,0.0,12.330475807189941,0.24377012252807617
20.752111434936523,2.931913375854492,0.5118901133537292,0.01239101868122816,-0.006809864658862352,4.497573375701904,829.1392822265625,-1.4414085149765015,835.3667602539062,2.8487765789031982,-0.34803667664527893,0.02654886245727539,1.0,0.0,12.330475807189941,0.34420347213745117
20.75261116027832,2.4543516635894775,1.6577107906341553,0.036560941487550735,0.038774870336055756,4.912143230438232,829.1392822265625,-1.0227749347686768,835.4066772460938,2.708112955093384,0.8160507678985596,0.022159814834594727,1.0,0.0,12.330475807189941,0.3482670783996582
20.75311279296875,1.6019831895828247,2.4967362880706787,0.051062893122434616,0.06575359404087067,5.246556758880615,773.1263427734375,-0.6039817333221436,835.4525146484375,2.087202787399292,1.8229128122329712,0.028636693954467773,1.0,0.0,12.330475807189941,0.4326472282409668
20.753612518310547,0.5392135381698608,2.9306564331054688,0.020447658374905586,0.035053662955760956,5.633121013641357,773.1263427734375,-0.1847546100616455,835.5156860351562,1.1579183340072632,2.545806884765625,0.03547954559326172,1.0,0.0,12.330475807189941,0.46530961990356445
20.754112243652344,-0.7036199569702148,2.913706064224243,0.054285548627376556,0.04156577214598656,6.189096450805664,892.1349487304688,0.23450851440429688,835.5789184570312,0.01784643903374672,2.8998091220855713,0.03695559501647949,1.0,0.0,12.330475807189941,0.3285975456237793
20.75461196899414,-1.8818655014038086,2.3374061584472656,0.043006252497434616,0.06854449212551117,0.35286951065063477,892.1349487304688,0.6545474529266357,835.6734619140625,-1.1874290704727173,2.5985028743743896,0.05179643630981445,1.0,0.0,12.330475807189941,0.301677942276001
20.755111694335938,-2.698025703430176,1.28989577293396,0.009168362244963646,0.03412336856126785,0.8463215827941895,925.8727416992188,1.0755574703216553,835.8067626953125,-2.184145927429199,1.8756288290023804,0.0634927749633789,1.0,0.0,12.330475807189941,0.22923588752746582
20.755611419677734,-2.9730145931243896,-0.03389980271458626,-0.031114840880036354,-0.007740165572613478,1.3092560768127441,925.8727416992188,1.4958727359771729,835.9080200195312,-2.7596535682678223,0.8585267663002014,0.0511012077331543,1.0,0.0,12.330475807189941,0.1866166591644287
20.75611114501953,-2.633437395095825,-1.2797255516052246,-0.0633414015173912,-0.0728612169623375,1.6290268898010254,829.1392822265625,1.9150416851043701,835.958984375,-2.710338592529297,-0.2422492802143097,0.022581100463867188,1.0,0.0,12.330475807189941,0.2860147953033447
20.75661277770996,-1.848592758178711,-2.2594358921051025,-0.055284760892391205,-0.11286413669586182,2.0435986518859863,829.1392822265625,2.334566831588745,836.0241088867188,-2.2075788974761963,-1.3218666315078735,0.05359029769897461,1.0,0.0,12.330475807189941,0.2909681797027588
20.757112503051758,-0.823010265827179,-2.818786382675171,-0.06817538291215897,-0.12588834762573242,2.3780159950256348,773.1263427734375,2.7555291652679443,836.1482543945312,-1.4173610210418701,-2.1825568675994873,0.08812761306762695,1.0,0.0,12.330475807189941,0.37751317024230957
20.757612228393555,0.27890363335609436,-2.93743634223938,-0.027892183512449265,-0.05983700603246689,2.7645764350891113,773.1263427734375,-3.1053504943847656,836.3259887695312,-0.429263710975647,-2.730978012084961,0.08591938018798828,1.0,0.0,12.330475807189941,0.41325855255126953
20.75811195373535,1.4493201971054077,-2.595046281814575,-0.006944918539375067,-0.05890670418739319,3.2894320487976074,869.7671508789062,-2.6837234497070312,836.4715576171875,0.74737948179245,-2.7430293560028076,0.0862572193145752,1.0,0.0,12.330475807189941,0.3100299835205078
20.758609771728516,2.3721492290496826,-1.7729706764221191,-0.002110934117808938,-0.022624976933002472,3.723447322845459,869.7671508789062,-2.2623822689056396,836.6021118164062,1.7850109338760376,-2.2445504665374756,0.07073307037353516,1.0,0.0,12.330475807189941,0.29735612869262695
20.759109497070312,2.8692820072174072,-0.6135901808738708,0.004334378056228161,-0.00774016510695219,4.15833044052124,869.7671508789062,-1.8415085077285767,836.7100830078125,2.4625964164733887,-1.383057713508606,0.03697800636291504,1.0,0.0,12.330475807189941,0.28334665298461914
20.75960922241211,2.8526458740234375,0.6288453936576843,0.022058987990021706,0.011796150356531143,4.5932135581970215,869.7671508789062,-1.4215881824493408,836.7757568359375,2.812918186187744,-0.27443379163742065,0.03152775764465332,1.0,0.0,12.330475807189941,0.2683835029602051
20.76011085510254,2.296795606613159,1.7746658325195312,0.039783596992492676,0.07226569205522537,5.029342174530029,870.6377563476562,-1.001873254776001,836.8314819335938,2.565237045288086,0.8707755208015442,0.03635287284851074,1.0,0.0,12.330475807189941,0.2519698143005371
20.760610580444336,1.3260153532028198,2.584876298904419,0.028504298999905586,0.07133539021015167,5.464659214019775,870.6377563476562,-0.5813953876495361,836.9183349609375,1.9029643535614014,1.8758134841918945,0.06699752807617188,1.0,0.0,12.330475807189941,0.23713064193725586
20.761110305786133,0.23388735949993134,2.906926155090332,0.018836330622434616,0.06203238293528557,5.729712009429932,751.650634765625,-0.15951895713806152,837.06201171875,0.9328358173370361,2.572819709777832,0.09001612663269043,1.0,0.0,12.330475807189941,0.3939547538757324
20.76161003112793,-0.8543257713317871,2.784886121749878,-0.008556246757507324,0.018308253958821297,6.10553503036499,751.650634765625,0.2626020908355713,837.212890625,-0.1393905133008957,2.8078348636627197,0.06527590751647949,1.0,0.0,12.330475807189941,0.44025278091430664
20.762109756469727,-1.9004589319229126,2.2170610427856445,0.007557034492492676,0.02575065940618515,0.36844635009765625,870.6377563476562,0.6833481788635254,837.3028564453125,-1.2355217933654785,2.5869436264038086,0.040419578552246094,1.0,0.0,12.330475807189941,0.31490182876586914
20.76260757446289,-2.664752721786499,1.2390453815460205,0.01239101868122816,0.03226276487112045,0.8028926849365234,870.6377563476562,1.1044671535491943,837.4066772460938,-2.231606960296631,1.8068046569824219,0.06407022476196289,1.0,0.0,12.330475807189941,0.3015744686126709
20.763107299804688,-2.908426284790039,0.02372998744249344,-0.01339023094624281,0.0062143453396856785,1.220372200012207,858.1710815429688,1.5251643657684326,837.4904174804688,-2.741582155227661,0.8063256740570068,0.03783988952636719,1.0,0.0,12.330475807189941,0.3047921657562256
20.763607025146484,-2.6539881229400635,-1.1831103563308716,-0.023058200255036354,-0.01983407512307167,1.6494569778442383,858.1710815429688,1.9455196857452393,837.5580444335938,-2.8098530769348145,-0.3775259554386139,0.037105560302734375,1.0,0.0,12.330475807189941,0.296062707901001
20.764108657836914,-1.8994804620742798,-2.1848559379577637,-0.045616794377565384,-0.03844008967280388,2.095128059387207,869.7671508789062,2.365661859512329,837.6154174804688,-2.3802647590637207,-1.4529027938842773,0.031429290771484375,1.0,0.0,12.330475807189941,0.27053380012512207
20.76460838317871,-0.8034381866455078,-2.781496524810791,-0.0037222623359411955,-0.01983407512307167,2.5300111770629883,869.7671508789062,2.7866222858428955,837.7060546875,-1.5135911703109741,-2.3158462047576904,0.05447530746459961,1.0,0.0,12.330475807189941,0.2566111087799072
20.765108108520508,0.35523518919944763,-2.8730263710021973,-0.023058200255036354,-0.03657948598265648,2.812434196472168,763.151611328125,-3.0748867988586426,837.8247680664062,-0.4259037971496582,-2.7378597259521484,0.05741381645202637,1.0,0.0,12.330475807189941,0.39586448669433594
20.765607833862305,1.4160476922988892,-2.5441958904266357,-0.01500155869871378,-0.046812791377305984,3.1940088272094727,763.151611328125,-2.653233289718628,837.9398803710938,0.7347736954689026,-2.762730836868286,0.0500333309173584,1.0,0.0,12.330475807189941,0.4359431266784668
20.7661075592041,2.336918830871582,-1.7661908864974976,-0.027892183512449265,-0.030067380517721176,3.7127857208251953,859.029296875,-2.2318665981292725,838.04052734375,1.7975761890411377,-2.193835973739624,0.05522418022155762,1.0,0.0,12.330475807189941,0.3385329246520996
20.7666072845459,2.873196840286255,-0.6678302884101868,-0.032726168632507324,-0.04774309694766998,4.141440391540527,859.029296875,-1.8104090690612793,838.1430053710938,2.627340316772461,-1.2802273035049438,0.06477975845336914,1.0,0.0,12.330475807189941,0.33133602142333984
20.767107009887695,2.8761327266693115,0.5881654024124146,-0.005333590321242809,-0.03750978782773018,4.5871782302856445,869.7671508789062,-1.3894551992416382,838.2221069335938,2.9121546745300293,-0.15107591450214386,0.04535222053527832,1.0,0.0,12.330475807189941,0.3065519332885742
20.767608642578125,2.3535549640655518,1.7305957078933716,-0.006944918539375067,-0.012391669675707817,5.021193504333496,869.7671508789062,-0.9689903259277344,838.2789916992188,2.6885147094726562,0.9992446899414062,0.03253316879272461,1.0,0.0,12.330475807189941,0.293001651763916
20.768108367919922,1.3925608396530151,2.550976276397705,0.015613675117492676,0.034123364835977554,5.440722465515137,859.029296875,-0.5483572483062744,838.3416748046875,2.0131354331970215,1.964125394821167,0.029132843017578125,1.0,0.0,12.330475807189941,0.29410600662231445
20.76860809326172,0.2006150335073471,2.906926155090332,0.009168362244963646,0.0248203594237566,5.870238304138184,859.029296875,-0.12744498252868652,838.4149169921875,0.982406735420227,2.6310906410217285,0.04869365692138672,1.0,0.0,12.330475807189941,0.28550195693969727
20.769107818603516,-0.9580583572387695,2.7611563205718994,-0.01177890319377184,0.03133246302604675,6.147276878356934,752.403076171875,0.29456138610839844,838.5325317382812,-0.2317747175693512,2.774731397628784,0.06749486923217773,1.0,0.0,12.330475807189941,0.43046998977661133
20.769607543945312,-1.913180947303772,2.2085859775543213,0.01239101868122816,0.03412336856126785,0.24029207229614258,752.403076171875,0.7155075073242188,838.6030883789062,-1.2735531330108643,2.5319745540618896,0.029109716415405273,1.0,0.0,12.330475807189941,0.47521543502807617
20.77010726928711,-2.6686670780181885,1.2797255516052246,0.036560941487550735,0.06854449212551117,0.7537083625793457,848.2913818359375,1.1367604732513428,838.6851196289062,-2.2692933082580566,1.7711031436920166,0.050017356872558594,1.0,0.0,12.330475807189941,0.38305211067199707
20.770606994628906,-2.9505069255828857,0.10000507533550262,0.023670315742492676,0.059241484850645065,1.1770052909851074,848.2913818359375,1.55818772315979,838.7726440429688,-2.854992389678955,0.7726914286613464,0.026923656463623047,1.0,0.0,12.330475807189941,0.3811824321746826
20.771108627319336,-2.727383852005005,-1.1102255582809448,0.0011117219692096114,0.061102088540792465,1.602001667022705,848.2913818359375,1.978752851486206,838.8221435546875,-2.9113807678222656,-0.40418872237205505,0.008560657501220703,1.0,0.0,12.330475807189941,0.376751184463501
20.771608352661133,-2.0345284938812256,-2.11366605758667,-0.0004996061325073242,0.037844568490982056,2.025299549102783,848.2913818359375,2.3985674381256104,838.8390502929688,-2.4816720485687256,-1.5275567770004272,0.0025415420532226562,1.0,0.0,12.330475807189941,0.37326788902282715
20.77210807800293,-0.9600157737731934,-2.7577662467956543,-0.006944918539375067,0.0248203594237566,2.46479868888855,859.029296875,2.8177034854888916,838.8271484375,-1.6326085329055786,-2.3292622566223145,-0.008952140808105469,1.0,0.0,12.330475807189941,0.3529047966003418
20.772607803344727,0.28673261404037476,-2.9204862117767334,-0.029503511264920235,-0.01797347143292427,2.8943145275115967,859.029296875,-3.045635223388672,838.8453979492188,-0.4491390287876129,-2.816612720489502,0.02455615997314453,1.0,0.0,12.330475807189941,0.34323549270629883
20.773107528686523,1.37690269947052,-2.581486463546753,-0.026280855759978294,-0.027276480570435524,3.155984401702881,741.6544189453125,-2.625208616256714,838.8875122070312,0.7136213183403015,-2.762590169906616,0.015022754669189453,1.0,0.0,12.330475807189941,0.5019927024841309
20.77360725402832,2.268415689468384,-1.898400902748108,-0.045616794377565384,-0.06076730787754059,3.526810646057129,741.6544189453125,-2.2048254013061523,838.9270629882812,1.802323579788208,-2.1921942234039307,0.030030012130737305,1.0,0.0,12.330475807189941,0.5515494346618652
20.77410888671875,2.863410234451294,-0.8678404092788696,-0.052062105387449265,-0.0942581295967102,4.065601348876953,859.029296875,-1.7837544679641724,838.9945678710938,2.672097682952881,-1.2953945398330688,0.0403139591217041,1.0,0.0,12.330475807189941,0.43382978439331055
20.774608612060547,2.97790789604187,0.3508651554584503,-0.06978671252727509,-0.14356407523155212,4.495115280151367,859.029296875,-1.362249493598938,839.0790405273438,3.0959088802337646,-0.0771511048078537,0.04534482955932617,1.0,0.0,12.330475807189941,0.42582082748413086
20.775108337402344,2.5541701316833496,1.532280445098877,-0.016612887382507324,-0.12402775138616562,4.93999719619751,869.7671508789062,-0.9419143199920654,839.1123046875,2.926295518875122,1.056050181388855,-0.003933429718017578,1.0,0.0,12.330475807189941,0.4012742042541504
20.775606155395508,1.6626569032669067,2.432325839996338,-0.002110934117808938,-0.0821642205119133,5.374011039733887,869.7671508789062,-0.5229804515838623,839.0861206054688,2.262894630432129,2.060469627380371,-0.030713558197021484,1.0,0.0,12.330475807189941,0.38619375228881836
20.776105880737305,0.5724862217903137,2.869636297225952,0.020447658374905586,-0.0710006132721901,5.6410627365112305,752.403076171875,-0.1048431396484375,839.0269775390625,1.219847559928894,2.7050225734710693,-0.040374755859375,1.0,0.0,12.330475807189941,0.5372796058654785
20.7766056060791,-0.5685721039772034,2.869636297225952,0.0413949228823185,-0.010531069710850716,6.017263412475586,752.403076171875,0.312741756439209,838.9459838867188,0.03763022646307945,2.8967037200927734,-0.047356605529785156,1.0,0.0,12.330475807189941,0.5786638259887695
20.7771053314209,-1.7203950881958008,2.4204611778259277,0.07039882987737656,0.034123364835977554,0.2628631591796875,859.029296875,0.7306780815124512,838.881591796875,-1.2489064931869507,2.5499279499053955,0.003326892852783203,1.0,0.0,12.330475807189941,0.46781492233276367
20.777605056762695,-2.5864639282226562,1.5170259475708008,0.11873867362737656,0.1401776522397995,0.6923773288726807,859.029296875,1.1508891582489014,838.9142456054688,-2.3012282848358154,1.788866400718689,0.03784990310668945,1.0,0.0,12.330475807189941,0.4585118293762207
20.778106689453125,-2.9837796688079834,0.3203548491001129,0.08006680011749268,0.1401776522397995,1.1372590065002441,869.7671508789062,1.5723307132720947,838.9976196289062,-2.9381043910980225,0.6811195015907288,0.049463748931884766,1.0,0.0,12.330475807189941,0.4350717067718506
20.77860450744629,-2.848731279373169,-0.9203853011131287,0.0333382822573185,0.128083735704422,1.571272611618042,869.7671508789062,1.9927427768707275,839.035888671875,-3.085845470428467,-0.45400819182395935,0.0027456283569335938,1.0,0.0,12.330475807189941,0.42147016525268555
20.779104232788086,-2.16957688331604,-2.008575916290283,0.025281643494963646,0.11598982661962509,2.021509885787964,880.5049438476562,2.4116051197052,839.0081787109375,-2.68141770362854,-1.547356367111206,-0.03899240493774414,1.0,0.0,12.330475807189941,0.39009523391723633
20.779603958129883,-1.0735342502593994,-2.737426280975342,-0.026280855759978294,0.04156577214598656,2.461761951446533,880.5049438476562,2.8295738697052,838.9435424804688,-1.7417794466018677,-2.416518449783325,-0.0340886116027832,1.0,0.0,12.330475807189941,0.367811918258667
20.78010368347168,0.12428335100412369,-2.9306564331054688,-0.053673435002565384,-0.030067382380366325,2.7177541255950928,751.650634765625,-3.035341739654541,838.89306640625,-0.5518555045127869,-2.800518751144409,-0.02235102653503418,1.0,0.0,12.330475807189941,0.5300898551940918
20.780603408813477,1.2340260744094849,-2.6831862926483154,-0.052062105387449265,-0.051464296877384186,3.093578815460205,751.650634765625,-2.616649627685547,838.8614501953125,0.6695405840873718,-2.7895054817199707,-0.01087808609008789,1.0,0.0,12.330475807189941,0.5729570388793945
20.781103134155273,2.2508013248443604,-1.9695907831192017,-0.058507416397333145,-0.0775127112865448,3.6395559310913086,870.6377563476562,-2.197160243988037,838.8640747070312,1.821120262145996,-2.221754312515259,0.02082514762878418,1.0,0.0,12.330475807189941,0.4464693069458008
20.781604766845703,2.87026047706604,-0.8763154745101929,-0.08267734199762344,-0.11937625706195831,4.0748748779296875,870.6377563476562,-1.7763782739639282,838.9207763671875,2.6891613006591797,-1.2832075357437134,0.03908681869506836,1.0,0.0,12.330475807189941,0.4319324493408203
20.7821044921875,2.97790789604187,0.37798529863357544,-0.061730075627565384,-0.10170053690671921,4.492354393005371,858.1710815429688,-1.3560572862625122,838.9568481445312,2.9709324836730957,-0.15826387703418732,0.010661840438842773,1.0,0.0,12.330475807189941,0.43477392196655273
20.782604217529297,2.5375335216522217,1.554315447807312,-0.010167574509978294,-0.068209707736969,4.921439170837402,858.1710815429688,-0.9372758865356445,838.9274291992188,2.8481063842773438,0.9586447477340698,-0.03040170669555664,1.0,0.0,12.330475807189941,0.4244704246520996
20.783103942871094,1.6744006872177124,2.439105987548828,0.022058987990021706,-0.05332489684224129,5.29325532913208,818.1231079101562,-0.5196118354797363,838.8517456054688,2.20357608795166,1.9610140323638916,-0.04561328887939453,1.0,0.0,12.330475807189941,0.4703183174133301
20.78360366821289,0.5274704694747925,2.906926155090332,0.0494515635073185,0.01272644940763712,5.701498985290527,818.1231079101562,-0.10206842422485352,838.7726440429688,1.1711260080337524,2.6159284114837646,-0.04051661491394043,1.0,0.0,12.330475807189941,0.4796180725097656
20.784103393554688,-0.6742618083953857,2.8831963539123535,0.044617582112550735,0.01365675125271082,6.075751304626465,792.8804321289062,0.31549549102783203,838.6959838867188,-0.011337360367178917,2.79209303855896,-0.03308248519897461,1.0,0.0,12.330475807189941,0.5229296684265137
20.784603118896484,-1.7624751329421997,2.4153764247894287,0.07845547050237656,0.10017471015453339,0.18900537490844727,792.8804321289062,0.7338309288024902,838.6536254882812,-1.2175090312957764,2.5475361347198486,-0.009568929672241211,1.0,0.0,12.330475807189941,0.544825553894043
20.785104751586914,-2.588421583175659,1.5136358737945557,0.08812344074249268,0.128083735704422,0.6797356605529785,858.1710815429688,1.1530430316925049,838.6488647460938,-2.1909067630767822,1.8812074661254883,-0.013318061828613281,1.0,0.0,12.330475807189941,0.47330737113952637
20.78560447692871,-2.9818220138549805,0.3440852761268616,0.052674222737550735,0.1262231320142746,1.1079630851745605,858.1710815429688,1.5729601383209229,838.6737670898438,-2.9045634269714355,0.798957109451294,0.007921695709228516,1.0,0.0,12.330475807189941,0.4649970531463623
20.786104202270508,-2.8751537799835205,-0.8610603213310242,0.044617582112550735,0.11226862668991089,1.478665828704834,817.3446655273438,1.9919073581695557,838.6571655273438,-3.0540969371795654,-0.3620738983154297,-0.024733543395996094,1.0,0.0,12.330475807189941,0.5132415294647217
20.786603927612305,-2.2879884243011475,-1.9187411069869995,0.0011117219692096114,0.08715050667524338,1.8873391151428223,817.3446655273438,2.4092838764190674,838.574951171875,-2.6869235038757324,-1.4571675062179565,-0.06337547302246094,1.0,0.0,12.330475807189941,0.5219447612762451
20.7871036529541,-1.286871075630188,-2.659456253051758,-0.047228120267391205,0.03505367040634155,2.353494167327881,859.029296875,2.8250434398651123,838.4266357421875,-1.9088904857635498,-2.314502239227295,-0.09509897232055664,1.0,0.0,12.330475807189941,0.47154927253723145
20.7876033782959,-0.038165897130966187,-2.9543864727020264,-0.053673435002565384,-0.00774016696959734,2.7821507453918457,859.029296875,-3.042654037475586,838.27001953125,-0.7139014601707458,-2.7768285274505615,-0.07253456115722656,1.0,0.0,12.330475807189941,0.45838069915771484
20.788103103637695,1.1596519947052002,-2.7238664627075195,-0.024669528007507324,-0.022624976933002472,3.1205124855041504,792.8804321289062,-2.626248836517334,838.1554565429688,0.557460606098175,-2.739232301712036,-0.03641533851623535,1.0,0.0,12.330475807189941,0.5364241600036621
20.788604736328125,2.1578333377838135,-2.076375961303711,-0.08428866416215897,-0.10914294421672821,3.5169520378112793,792.8804321289062,-2.208584785461426,838.09619140625,1.7074017524719238,-2.2709994316101074,-0.010086536407470703,1.0,0.0,12.330475807189941,0.5576486587524414
20.789104461669922,2.8086087703704834,-1.0441203117370605,-0.058507416397333145,-0.0775127112865448,4.008842945098877,859.029296875,-1.789367914199829,838.1033325195312,2.5805392265319824,-1.4442468881607056,-0.013425111770629883,1.0,0.0,12.330475807189941,0.48497438430786133
20.78960418701172,2.993565559387207,0.18136507272720337,-0.052062105387449265,-0.11658534407615662,4.437498569488525,859.029296875,-1.3707993030548096,838.0830688476562,3.0627353191375732,-0.28140881657600403,-0.013388395309448242,1.0,0.0,12.330475807189941,0.4748873710632324
20.790103912353516,2.6676886081695557,1.3627806901931763,-0.01339023094624281,-0.11472474038600922,4.8074049949646,817.3446655273438,-0.953449010848999,838.0119018554688,2.9577949047088623,0.8795474171638489,-0.05025362968444824,1.0,0.0,12.330475807189941,0.522331714630127
20.790603637695312,1.878929615020752,2.2882511615753174,-0.008556246757507324,-0.0858854204416275,5.2160773277282715,817.3446655273438,-0.5376412868499756,837.8773803710938,2.3872172832489014,1.8660029172897339,-0.0918576717376709,1.0,0.0,12.330475807189941,0.5294671058654785
20.79110336303711,0.740807056427002,2.856076240539551,-0.005333590321242809,-0.0858854204416275,5.74721097946167,906.1490478515625,-0.12313652038574219,837.6909790039062,1.4241894483566284,2.6274383068084717,-0.09581971168518066,1.0,0.0,12.330475807189941,0.4128379821777344
20.791601181030273,-0.6096734404563904,2.8730263710021973,0.026892971247434616,0.009005246683955193,6.1993794441223145,906.1490478515625,0.2921142578125,837.5399780273438,0.15278668701648712,2.839432954788208,-0.06804609298706055,1.0,0.0,12.330475807189941,0.37592029571533203
20.792102813720703,-1.7155019044876099,2.4018163681030273,0.018836330622434616,0.04714757576584816,0.14941120147705078,752.403076171875,0.709040641784668,837.462646484375,-1.1035186052322388,2.565981149673462,-0.024914026260375977,1.0,0.0,12.330475807189941,0.5596294403076172
20.7926025390625,-2.512089967727661,1.5916056632995605,0.0494515635073185,0.09087171405553818,0.5256137847900391,752.403076171875,1.1270434856414795,837.43212890625,-2.1136059761047363,1.9433919191360474,-0.021730422973632812,1.0,0.0,12.330475807189941,0.6014297008514404
20.793102264404297,-2.9612715244293213,0.48138052225112915,0.038172267377376556,0.08063840121030807,1.0378179550170898,847.4439697265625,1.5450708866119385,837.4031982421875,-2.8226966857910156,0.9420132040977478,-0.018392562866210938,1.0,0.0,12.330475807189941,0.5072529315948486
20.793601989746094,-2.9074478149414062,-0.7373256683349609,0.0413949228823185,0.1271534413099289,1.4615402221679688,847.4439697265625,1.9622156620025635,837.3378295898438,-3.0304043292999268,-0.21290135383605957,-0.043417930603027344,1.0,0.0,12.330475807189941,0.5006754398345947
20.79410171508789,-2.330068588256836,-1.859415888786316,-0.01500155869871378,0.07598689198493958,1.917184829711914,869.7671508789062,2.3783419132232666,837.2308349609375,-2.726248264312744,-1.3609645366668701,-0.066802978515625,1.0,0.0,12.330475807189941,0.46115708351135254
20.794601440429688,-1.3162294626235962,-2.6391165256500244,-0.032726168632507324,0.0248203594237566,2.3520679473876953,869.7671508789062,2.7932684421539307,837.0758666992188,-1.9257659912109375,-2.2220137119293213,-0.08818340301513672,1.0,0.0,12.330475807189941,0.44120049476623535
20.795101165771484,-0.16929925978183746,-2.9204862117767334,-0.016612887382507324,0.02295975759625435,2.6191205978393555,752.403076171875,-3.0750620365142822,836.9210815429688,-0.8423218727111816,-2.6943423748016357,-0.0920097827911377,1.0,0.0,12.330475807189941,0.5890030860900879
20.79560089111328,0.9502296447753906,-2.791666030883789,-0.0633414015173912,-0.03378858417272568,2.9945688247680664,752.403076171875,-2.660259246826172,836.7673950195312,0.35157448053359985,-2.822558641433716,-0.07989168167114258,1.0,0.0,12.330475807189941,0.6283574104309082
20.79610252380371,2.030613899230957,-2.1814663410186768,-0.058507416397333145,-0.0849551260471344,3.5407190322875977,870.6377563476562,-2.2446460723876953,836.6510009765625,1.5353686809539795,-2.3908398151397705,-0.04846835136413574,1.0,0.0,12.330475807189941,0.4978203773498535
20.796602249145508,2.765549659729004,-1.1661603450775146,-0.08267734199762344,-0.12681865692138672,3.97603702545166,870.6377563476562,-1.8274115324020386,836.6052856445312,2.5009846687316895,-1.5293998718261719,-0.014489889144897461,1.0,0.0,12.330475807189941,0.4797368049621582
20.797101974487305,3.0004160404205322,0.04745997488498688,-0.055284760892391205,-0.11100354790687561,4.393502235412598,858.1710815429688,-1.4100260734558105,836.5667724609375,3.0058071613311768,-0.4133150279521942,-0.019712209701538086,1.0,0.0,12.330475807189941,0.4796571731567383
20.79759979248047,2.6911752223968506,1.2678606510162354,-0.01177890319377184,-0.0840248167514801,4.821730613708496,858.1710815429688,-0.9938676357269287,836.4773559570312,2.9591801166534424,0.7156709432601929,-0.062137603759765625,1.0,0.0,12.330475807189941,0.4675869941711426
20.798099517822266,1.9337315559387207,2.234010934829712,0.015613675117492676,-0.05704610049724579,5.1924333572387695,817.3446655273438,-0.5789101123809814,836.3392333984375,2.4451613426208496,1.7743741273880005,-0.08678936958312988,1.0,0.0,12.330475807189941,0.5118422508239746
20.798599243164062,0.840625524520874,2.8086161613464355,0.028504298999905586,-0.01611287146806717,5.601107597351074,817.3446655273438,-0.16475844383239746,836.1703491210938,1.4809074401855469,2.472416877746582,-0.09765458106994629,1.0,0.0,12.330475807189941,0.5173192024230957
20.799100875854492,-0.35523495078086853,2.9204862117767334,0.044617582112550735,0.008074946701526642,5.99166202545166,804.207275390625,0.24922919273376465,835.9982299804688,0.3034229874610901,2.8109941482543945,-0.07948493957519531,1.0,0.0,12.330475807189941,0.5407528877258301
20.79960060119629,-1.4943361282348633,2.554366111755371,0.060730863362550735,0.039705172181129456,0.1105799674987793,804.207275390625,0.6638660430908203,835.85693359375,-0.8996272087097168,2.6377084255218506,-0.0578610897064209,1.0,0.0,12.330475807189941,0.553286075592041
20.800100326538086,-2.4161860942840576,1.7305959463119507,0.08006680011749268,0.11412922292947769,0.5923647880554199,859.88916015625,1.0795519351959229,835.7626953125,-1.9408912658691406,2.0824100971221924,-0.052007198333740234,1.0,0.0,12.330475807189941,0.48718714714050293
20.800600051879883,-2.9289770126342773,0.6051151752471924,0.0413949228823185,0.09552321583032608,1.0214495658874512,859.88916015625,1.4963839054107666,835.7186279296875,-2.7506978511810303,1.090143084526062,-0.025510311126708984,1.0,0.0,12.330475807189941,0.47493433952331543
20.80109977722168,-2.892768621444702,-0.6542702913284302,0.018836330622434616,0.09366261214017868,1.4655299186706543,869.7671508789062,1.9125654697418213,835.6480712890625,-2.970072031021118,-0.01570783741772175,-0.05924177169799805,1.0,0.0,12.330475807189941,0.447035551071167
20.801599502563477,-2.336918830871582,-1.8000909090042114,-0.024669528007507324,0.035053662955760956,1.9004130363464355,869.7671508789062,2.327833414077759,835.5405883789062,-2.690648078918457,-1.1835304498672485,-0.06546306610107422,1.0,0.0,12.330475807189941,0.42742037773132324
20.802099227905273,-1.3534164428710938,-2.595046281814575,-0.027892183512449265,-0.00029775960138067603,2.319932460784912,859.029296875,2.7423312664031982,835.403076171875,-1.976909875869751,-2.103210926055908,-0.07811260223388672,1.0,0.0,12.330475807189941,0.42239880561828613
20.802600860595703,-0.11254026740789413,-2.934046506881714,-0.024669528007507324,-0.0021583617199212313,2.749446392059326,859.029296875,-3.125671863555908,835.2973022460938,-0.8462836146354675,-2.663684368133545,-0.04636979103088379,1.0,0.0,12.330475807189941,0.4080672264099121
20.8031005859375,1.053961992263794,-2.744206190109253,-0.019835542887449265,-0.01797347329556942,3.0560336112976074,773.1263427734375,-2.709869384765625,835.2197265625,0.3189040422439575,-2.767080783843994,-0.03980112075805664,1.0,0.0,12.330475807189941,0.5172824859619141
20.803600311279297,2.032571315765381,-2.1373960971832275,-0.023058200255036354,-0.04774309694766998,3.442595958709717,773.1263427734375,-2.293689012527466,835.15966796875,1.4284486770629883,-2.4628944396972656,-0.04519248008728027,1.0,0.0,12.330475807189941,0.5469002723693848
20.804100036621094,2.7391271591186523,-1.15768563747406,-0.005333590321242809,-0.048673395067453384,3.952086925506592,859.029296875,-1.877556324005127,835.098876953125,2.3887534141540527,-1.679163932800293,-0.02875494956970215,1.0,0.0,12.330475807189941,0.45354223251342773
20.80459976196289,2.963228940963745,0.06440988183021545,-0.0037222623359411955,-0.025415876880288124,4.380740642547607,859.029296875,-1.4618492126464844,835.0213012695312,2.8557822704315186,-0.6234357953071594,-0.04679751396179199,1.0,0.0,12.330475807189941,0.4405956268310547
20.805099487304688,2.6402876377105713,1.3017605543136597,0.025281643494963646,-0.030997682362794876,4.841845989227295,880.5049438476562,-1.0467760562896729,834.9188232421875,2.8136484622955322,0.5251281261444092,-0.06252241134643555,1.0,0.0,12.330475807189941,0.3945631980895996
20.805599212646484,1.8182560205459595,2.2848610877990723,0.023670315742492676,0.022029457613825798,5.281219005584717,880.5049438476562,-0.6319506168365479,834.8081665039062,2.314377784729004,1.5619388818740845,-0.06825065612792969,1.0,0.0,12.330475807189941,0.37001562118530273
20.806100845336914,0.6566469073295593,2.8526864051818848,0.014002346433699131,0.05179908126592636,5.706117153167725,869.7671508789062,-0.2165989875793457,834.7219848632812,1.34695565700531,2.343057155609131,-0.02807450294494629,1.0,0.0,12.330475807189941,0.36046934127807617
20.80660057067871,-0.6077163815498352,2.8764164447784424,0.01239101868122816,0.05086877942085266,6.141000270843506,869.7671508789062,0.20026779174804688,834.7012939453125,0.19678393006324768,2.737492084503174,0.0051670074462890625,1.0,0.0,12.330475807189941,0.3424530029296875
20.807100296020508,-1.6939727067947388,2.4052062034606934,-0.027892183512449265,0.033193062990903854,0.15671777725219727,774.6756591796875,0.6180160045623779,834.718017578125,-0.9665980935096741,2.602661371231079,0.014826536178588867,1.0,0.0,12.330475807189941,0.46129822731018066
20.807600021362305,-2.4709880352020264,1.5814356803894043,-0.019835542887449265,0.011796149425208569,0.5440564155578613,774.6756591796875,1.034996747970581,834.7021484375,-1.9129359722137451,2.1095244884490967,-0.0213470458984375,1.0,0.0,12.330475807189941,0.4909403324127197
20.8080997467041,-2.9064693450927734,0.4406999945640564,-0.016612887382507324,0.009935547597706318,1.0663208961486816,868.8982543945312,1.4508483409881592,834.6390380859375,-2.589700698852539,1.187400460243225,-0.0329432487487793,1.0,0.0,12.330475807189941,0.38452744483947754
20.808597564697266,-2.7919719219207764,-0.8085156083106995,-0.035948824137449265,-0.027276480570435524,1.499901294708252,868.8982543945312,1.8660328388214111,834.5491943359375,-2.758744716644287,0.12409132719039917,-0.06332826614379883,1.0,0.0,12.330475807189941,0.3661315441131592
20.809097290039062,-2.19893479347229,-1.903485655784607,-0.031114840880036354,-0.05611579865217209,1.9355931282043457,869.7671508789062,2.280832052230835,834.4451904296875,-2.4892542362213135,-1.03974449634552,-0.037436485290527344,1.0,0.0,12.330475807189941,0.34523892402648926
20.80959701538086,-1.1635663509368896,-2.6492862701416016,-0.044005464762449265,-0.0989096388220787,2.370476245880127,869.7671508789062,2.6967837810516357,834.391845703125,-1.7692936658859253,-1.9310718774795532,-0.019908428192138672,1.0,0.0,12.330475807189941,0.3263075351715088
20.81009864807129,-0.05382359400391579,-2.9103167057037354,-0.006944918539375067,-0.06262790411710739,2.651808261871338,762.3884887695312,3.1145031452178955,834.4140625,-0.7288965582847595,-2.574120283126831,0.02834796905517578,1.0,0.0,12.330475807189941,0.4626948833465576
20.810598373413086,1.0246039628982544,-2.7272560596466064,0.002723050070926547,-0.04216128960251808,3.03300142288208,762.3884887695312,-2.7509992122650146,834.4338989257812,0.31097909808158875,-2.790043830871582,-0.002515554428100586,1.0,0.0,12.330475807189941,0.49918508529663086
20.811098098754883,2.0413784980773926,-2.0950210094451904,-0.002110934117808938,-0.026346180588006973,3.5689949989318848,870.6377563476562,-2.334217071533203,834.4155883789062,1.4244608879089355,-2.4765772819519043,-0.008365869522094727,1.0,0.0,12.330475807189941,0.3799734115600586
20.81159782409668,2.703897476196289,-1.0559853315353394,0.018836330622434616,0.004353743512183428,4.004312038421631,870.6377563476562,-1.9176123142242432,834.3902587890625,2.2671256065368652,-1.7113890647888184,-0.02281928062438965,1.0,0.0,12.330475807189941,0.36126089096069336
20.812097549438477,2.878089666366577,0.14407511055469513,0.017225002869963646,0.02575065940618515,4.407652378082275,848.2913818359375,-1.502341389656067,834.309326171875,2.703760862350464,-0.7155714631080627,-0.05034613609313965,1.0,0.0,12.330475807189941,0.37319183349609375
20.81259536743164,2.5551488399505615,1.313625454902649,0.030115628615021706,0.04993847757577896,4.830949306488037,848.2913818359375,-1.0872929096221924,834.2207641601562,2.7336654663085938,0.44963762164115906,-0.04364776611328125,1.0,0.0,12.330475807189941,0.3649430274963379
20.813095092773438,1.773240089416504,2.2543511390686035,0.018836330622434616,0.06761419028043747,5.270449161529541,859.029296875,-0.6718409061431885,834.1511840820312,2.2621471881866455,1.5014255046844482,-0.03615593910217285,1.0,0.0,12.330475807189941,0.3408951759338379
20.813596725463867,0.6742616295814514,2.7984464168548584,0.009168362244963646,0.05272938311100006,5.699965000152588,859.029296875,-0.25566935539245605,834.1133422851562,1.3590866327285767,2.3210361003875732,0.0029344558715820312,1.0,0.0,12.330475807189941,0.32755136489868164
20.814096450805664,-0.4570104777812958,2.8357365131378174,-0.006944918539375067,0.054589979350566864,5.975928783416748,751.650634765625,0.1617884635925293,834.1302490234375,0.296884149312973,2.699777603149414,0.0056955814361572266,1.0,0.0,12.330475807189941,0.46904516220092773
