time_s,v_alpha_v,v_beta_v,i_alpha_a,i_beta_a,encoder_angle_rad,encoder_speed_rad_s,pll_angle_rad,pll_speed_rad_s,emf_alpha_v,emf_beta_v,phase_error_rad,locked,active,bus_voltage_v,angle_error_rad
20.742263793945312,-1.8990927934646606,-0.5013598799705505,0.041804246604442596,0.15074220299720764,1.2554593086242676,526.1554565429688,1.9418385028839111,518.3635864257812,-2.019366979598999,-0.5731911063194275,0.07839107513427734,0.0,0.0,12.321611404418945,0.6863791942596436
20.74276351928711,-1.7093790769577026,-0.9451305270195007,0.035358935594558716,0.15260282158851624,1.4456672668457031,461.72821044921875,2.2028515338897705,518.4404296875,-1.9019317626953125,-1.0076463222503662,0.027823448181152344,0.0,0.0,12.321611404418945,0.7571842670440674
20.743263244628906,-1.4140516519546509,-1.3076001405715942,-0.00975825171917677,0.11166958510875702,1.6765336990356445,461.72821044921875,2.461865186691284,518.4315795898438,-1.586772084236145,-1.30952787399292,-0.028667926788330078,0.0,0.0,12.321611404418945,0.7853314876556396
20.743764877319336,-1.0590718984603882,-1.6040118932724,-0.016203563660383224,0.09120296686887741,1.9924087524414062,536.8932495117188,2.719832181930542,518.3790283203125,-1.1918046474456787,-1.6368554830551147,-0.03518962860107422,0.0,0.0,12.321611404418945,0.7274234294891357
20.744264602661133,-0.5955445766448975,-1.814041018486023,-0.058098096400499344,0.04840913787484169,2.2608561515808105,536.8932495117188,2.976839303970337,518.287353515625,-0.7476321458816528,-1.8290308713912964,-0.050986289978027344,0.0,0.0,12.321611404418945,0.7159831523895264
20.74476432800293,-0.09094535559415817,-1.895342469215393,-0.07582270354032516,0.006545607466250658,2.517160415649414,526.1554565429688,-3.0489656925201416,518.2134399414062,-0.21500220894813538,-1.8698759078979492,-0.03476881980895996,0.0,0.0,12.321611404418945,0.7170596122741699
20.745264053344727,0.4234329164028168,-1.8513039350509644,-0.08065668493509293,-0.048342134803533554,2.7802371978759766,526.1554565429688,-2.7909998893737793,518.1655883789062,0.31870216131210327,-1.7934824228286743,-0.0022706985473632812,0.0,0.0,12.321611404418945,0.7119483947753906
20.745763778686523,0.9045629501342773,-1.681925654411316,-0.09676996618509293,-0.07439055293798447,3.0555288791656494,537.4307250976562,-2.5300276279449463,518.2452392578125,0.8854150176048279,-1.5891618728637695,0.06954169273376465,0.0,0.0,12.321611404418945,0.6976289749145508
20.74626350402832,1.3387528657913208,-1.3905951976776123,-0.12093988806009293,-0.134860098361969,3.3242433071136475,537.4307250976562,-2.2671523094177246,518.4030151367188,1.342233419418335,-1.2495336532592773,0.11975646018981934,0.0,0.0,12.321611404418945,0.6917901039123535
20.746763229370117,1.6761302947998047,-1.0094940662384033,-0.10804926604032516,-0.1516055017709732,3.5194830894470215,472.4660949707031,-2.002213478088379,518.6442260742188,1.781214714050293,-0.826572597026825,0.17027926445007324,0.0,0.0,12.321611404418945,0.7614889144897461
20.747264862060547,1.8736673593521118,-0.5928236842155457,-0.0951586440205574,-0.1720721274614334,3.7557168006896973,472.4660949707031,-1.7368903160095215,518.8963623046875,2.022845506668091,-0.4115650951862335,0.13866496086120605,0.0,0.0,12.321611404418945,0.7905783653259277
20.747764587402344,1.9773250818252563,-0.12872736155986786,-0.09676996618509293,-0.20835384726524353,4.05327033996582,526.68212890625,-1.472123384475708,519.119873046875,2.159073829650879,0.11006458848714828,0.12556958198547363,0.0,0.0,12.321611404418945,0.7577919960021973
20.74826431274414,1.9333192110061646,0.35400038957595825,-0.07421137392520905,-0.19160844385623932,4.316610813140869,526.68212890625,-1.2093366384506226,519.2553100585938,2.135861396789551,0.5154299139976501,0.04836583137512207,0.0,0.0,12.321611404418945,0.7572379112243652
20.748764038085938,1.7651195526123047,0.821484386920929,-0.053264111280441284,-0.173932746052742,4.590902805328369,536.3568725585938,-0.9471085071563721,519.3648071289062,1.9878822565078735,1.0496801137924194,0.035150766372680664,0.0,0.0,12.321611404418945,0.7451739311218262
20.749263763427734,1.4873946905136108,1.2415423393249512,-0.00975825171917677,-0.1413722038269043,4.859081268310547,536.3568725585938,-0.6886932849884033,519.3114013671875,1.7061700820922852,1.337063193321228,-0.044742584228515625,0.0,0.0,12.321611404418945,0.7354111671447754
20.74976348876953,1.0962321758270264,1.566748857498169,0.025690967217087746,-0.10043897479772568,5.055534362792969,472.9390563964844,-0.4315972328186035,519.2037963867188,1.3061656951904297,1.621634602546692,-0.07396316528320312,0.0,0.0,12.321611404418945,0.7960538864135742
20.750261306762695,0.6698655486106873,1.780165195465088,0.049860887229442596,-0.06601785123348236,5.291531562805176,472.9390563964844,-0.17507457733154297,519.07421875,0.8169479370117188,1.7950873374938965,-0.07957816123962402,0.0,0.0,12.321611404418945,0.8165793418884277
20.750761032104492,0.21220557391643524,1.8817920684814453,0.07886479049921036,-0.02136341854929924,5.600940704345703,537.4307250976562,0.08051395416259766,518.9083862304688,0.3482591509819031,1.8907854557037354,-0.09032416343688965,0.0,0.0,12.321611404418945,0.762758731842041
20.751262664794922,-0.30804023146629333,1.864854097366333,0.08369877934455872,0.02608192153275013,5.869655609130859,537.4307250976562,0.3372640609741211,518.7949829101562,-0.20718525350093842,1.790822982788086,-0.049614906311035156,0.0,0.0,12.321611404418945,0.7507939338684082
20.75176239013672,-0.8087279200553894,1.7259643077850342,0.1223706528544426,0.0744575560092926,6.137762069702148,536.8932495117188,0.596487283706665,518.7880249023438,-0.7810376286506653,1.5945239067077637,0.031794071197509766,0.0,0.0,12.321611404418945,0.741910457611084
20.752262115478516,-1.2644320726394653,1.4515713453292847,0.12559330463409424,0.15632401406764984,0.12302446365356445,536.8932495117188,0.859114408493042,518.9241333007812,-1.2966891527175903,1.258812665939331,0.11430120468139648,0.0,0.0,12.321611404418945,0.7360899448394775
20.752761840820312,-1.611588478088379,1.0941834449768066,0.1143140122294426,0.17027851939201355,0.39086246490478516,536.3568725585938,1.1240170001983643,519.1527099609375,-1.71486496925354,0.9500383734703064,0.11414098739624023,0.0,0.0,12.321611404418945,0.7331545352935791
20.75326156616211,-1.862910270690918,0.6385559439659119,0.10948003083467484,0.18051184713840485,0.6590409278869629,536.3568725585938,1.3888003826141357,519.3714599609375,-1.980291724205017,0.43589159846305847,0.13878393173217773,0.0,0.0,12.321611404418945,0.7297594547271729
20.753761291503906,-1.9597233533859253,0.1388900727033615,0.08369877934455872,0.18609364330768585,0.8994622230529785,511.81439208984375,1.6532824039459229,519.5730590820312,-2.0801923274993896,-0.01700151152908802,0.09903526306152344,0.0,0.0,12.321611404418945,0.7538201808929443
20.75425910949707,-1.9313637018203735,-0.3438378870487213,0.059528857469558716,0.15725432336330414,1.1548585891723633,511.81439208984375,1.9161169528961182,519.7009887695312,-2.0951359272003174,-0.4694133996963501,0.04826688766479492,0.0,0.0,12.321611404418945,0.7612583637237549
20.7547607421875,-1.7729426622390747,-0.8011589646339417,0.038581591099500656,0.15818461775779724,1.3828911781311035,486.02972412109375,2.1767475605010986,519.7337036132812,-1.959922194480896,-0.853156328201294,-0.02249431610107422,0.0,0.0,12.321611404418945,0.7938563823699951
20.755260467529297,-1.5314003229141235,-1.2127480506896973,-0.006535595748573542,0.13399679958820343,1.6259055137634277,486.02972412109375,2.4353020191192627,519.6785278320312,-1.7103232145309448,-1.3349961042404175,-0.02888774871826172,0.0,0.0,12.321611404418945,0.809396505355835
20.755760192871094,-1.166641354560852,-1.5396480560302734,-0.032316844910383224,0.09678477048873901,1.926450252532959,536.8932495117188,2.6928441524505615,519.581787109375,-1.321376919746399,-1.5840719938278198,-0.0738515853881836,0.0,0.0,12.321611404418945,0.7663938999176025
20.75625991821289,-0.714849054813385,-1.780165195465088,-0.061320751905441284,0.0595727413892746,2.1948952674865723,536.8932495117188,2.9492175579071045,519.4381713867188,-0.863798975944519,-1.7861449718475342,-0.08554363250732422,0.0,0.0,12.321611404418945,0.7543222904205322
20.756759643554688,-0.21220557391643524,-1.895342469215393,-0.08549067378044128,0.02143041603267193,2.4639506340026855,537.4307250976562,-3.0776610374450684,519.2947998046875,-0.36124131083488464,-1.8711912631988525,-0.08214116096496582,0.0,0.0,12.321611404418945,0.7415738105773926
20.757259368896484,0.31781911849975586,-1.885179877281189,-0.1032152846455574,-0.03717852756381035,2.7326645851135254,537.4307250976562,-2.820525646209717,519.189453125,0.20609036087989807,-1.8049527406692505,-0.03471708297729492,0.0,0.0,12.321611404418945,0.7299952507019043
20.75775909423828,0.8145951628684998,-1.7429019212722778,-0.1112719252705574,-0.09020566940307617,2.9278416633605957,472.4660949707031,-2.5606443881988525,519.2017211914062,0.7778428196907043,-1.6134839057922363,0.04125189781188965,0.0,0.0,12.321611404418945,0.7946991920471191
20.75826072692871,1.2243378162384033,-1.5006911754608154,-0.1354418396949768,-0.1413722038269043,3.1636013984680176,472.4660949707031,-2.2981796264648438,519.3222045898438,1.2338124513626099,-1.3580142259597778,0.06723332405090332,0.0,0.0,12.321611404418945,0.8214044570922852
20.758760452270508,1.570516586303711,-1.1720973253250122,-0.1032152846455574,-0.1655600368976593,3.513184070587158,572.6862182617188,-2.033670663833618,519.5259399414062,1.669232726097107,-0.970507025718689,0.10961413383483887,0.0,0.0,12.321611404418945,0.736330509185791
20.759260177612305,1.8413962125778198,-0.716469943523407,-0.11771723628044128,-0.20370236039161682,3.7995266914367676,572.6862182617188,-1.7693556547164917,519.7171630859375,1.9562795162200928,-0.5480771064758301,0.09879469871520996,0.0,0.0,12.321611404418945,0.7143030166625977
20.7597599029541,1.959722876548767,-0.20664136111736298,-0.0790453627705574,-0.1720721274614334,3.96592378616333,461.72821044921875,-1.5057374238967896,519.8751220703125,2.0810728073120117,-0.09073850512504578,0.06467199325561523,0.0,0.0,12.321611404418945,0.8115243911743164
20.7602596282959,1.9538555145263672,0.25067970156669617,-0.0790453627705574,-0.1702115386724472,4.196787357330322,461.72821044921875,-1.2443517446517944,519.9359741210938,2.1023073196411133,0.3806949257850647,0.025861263275146484,0.0,0.0,12.321611404418945,0.8420462608337402
20.760759353637695,1.836506962776184,0.7046133279800415,-0.00975825171917677,-0.1618388295173645,4.4972968101501465,526.1554565429688,-0.9824800491333008,520.0162353515625,2.022176742553711,0.9605340361595154,0.028331995010375977,0.0,0.0,12.321611404418945,0.8034086227416992
20.761259078979492,1.588118553161621,1.1212838888168335,-0.00975825171917677,-0.1450934112071991,4.760374546051025,526.1554565429688,-0.7252779006958008,519.8981323242188,1.7879602909088135,1.18356454372406,-0.08810544013977051,0.0,0.0,12.321611404418945,0.7975330352783203
20.761760711669922,1.2360726594924927,1.4803657531738281,0.022468309849500656,-0.11904498934745789,5.023451328277588,526.1554565429688,-0.46955418586730957,519.7205200195312,1.4326016902923584,1.5337313413619995,-0.1092383861541748,0.0,0.0,12.321611404418945,0.7901797294616699
20.76226043701172,0.8028605580329895,1.7395142316818237,0.046638231724500656,-0.09392686933279037,5.286004543304443,526.1554565429688,-0.21454977989196777,519.5165405273438,0.9603732228279114,1.7650617361068726,-0.11130404472351074,0.0,0.0,12.321611404418945,0.7826313972473145
20.762760162353516,0.30608460307121277,1.8682419061660767,0.057917527854442596,-0.02043311670422554,5.491610050201416,472.9390563964844,0.040274858474731445,519.3092651367188,0.4565708041191101,1.8222296237945557,-0.11340451240539551,0.0,0.0,12.321611404418945,0.831850528717041
20.763259887695312,-0.17113345861434937,1.885179877281189,0.09175541996955872,0.03259402513504028,5.728079319000244,472.9390563964844,0.2960703372955322,519.1473388671875,-0.0773630365729332,1.7910499572753906,-0.08044624328613281,0.0,0.0,12.321611404418945,0.8511767387390137
20.76375961303711,-0.6483514904975891,1.7903281450271606,0.11753667145967484,0.0828302651643753,6.0648722648620605,565.746337890625,0.5536296367645264,519.0628662109375,-0.6177582740783691,1.666062593460083,-0.025899171829223633,0.0,0.0,12.321611404418945,0.7719426155090332
20.764259338378906,-1.1275252103805542,1.553198218345642,0.1223706528544426,0.10980898141860962,0.0645608901977539,565.746337890625,0.8137669563293457,519.0885009765625,-1.1370532512664795,1.360621690750122,0.05536365509033203,0.0,0.0,12.321611404418945,0.7492060661315918
20.764759063720703,-1.5157537460327148,1.2059729099273682,0.1062573716044426,0.12469379603862762,0.2737140655517578,500.6236267089844,1.0764906406402588,519.2223510742188,-1.578277587890625,1.0114649534225464,0.09760427474975586,0.0,0.0,12.321611404418945,0.802776575088501
20.765260696411133,-1.7778325080871582,0.799465000629425,0.09175541996955872,0.15911491215229034,0.5240268707275391,500.6236267089844,1.339381456375122,519.3602294921875,-1.866963267326355,0.6236635446548462,0.08222436904907227,0.0,0.0,12.321611404418945,0.815354585647583
20.76576042175293,-1.9352751970291138,0.35061290860176086,0.11270268261432648,0.20097845792770386,0.8025083541870117,526.68212890625,1.6023294925689697,519.4974975585938,-2.1003425121307373,0.1740167886018753,0.0589599609375,0.0,0.0,12.321611404418945,0.799821138381958
20.766260147094727,-1.9528779983520508,-0.15074653923511505,0.06275150924921036,0.20376934111118317,1.0658483505249023,526.68212890625,1.8637168407440186,519.566162109375,-2.112037420272827,-0.27955830097198486,0.011659622192382812,0.0,0.0,12.321611404418945,0.7978684902191162
20.76675796508789,-1.8325952291488647,-0.6165370345115662,0.046638231724500656,0.15911491215229034,1.2700557708740234,472.4660949707031,2.1211302280426025,519.4658203125,-2.0100159645080566,-0.5373022556304932,-0.11671829223632812,0.0,0.0,12.321611404418945,0.8510744571685791
20.767257690429688,-1.634080410003662,-1.0349010229110718,0.004743701312690973,0.13864830136299133,1.5062875747680664,472.4660949707031,2.378265619277954,519.356689453125,-1.8158007860183716,-1.126866340637207,-0.07951831817626953,0.0,0.0,12.321611404418945,0.8719780445098877
20.767757415771484,-1.3289738893508911,-1.3872077465057373,-0.033928174525499344,0.10887868702411652,1.800558090209961,526.1554565429688,2.633877992630005,519.185791015625,-1.4987103939056396,-1.475602388381958,-0.11312007904052734,0.0,0.0,12.321611404418945,0.833319902420044
20.76825714111328,-0.9221651554107666,-1.6717631816864014,-0.048430126160383224,0.08934236317873001,2.0636367797851562,526.1554565429688,2.8882434368133545,518.9661254882812,-1.0802803039550781,-1.7287825345993042,-0.13298654556274414,0.0,0.0,12.321611404418945,0.8246066570281982
20.76875877380371,-0.44299113750457764,-1.8343662023544312,-0.0709887221455574,0.02422131597995758,2.3389034271240234,537.4307250976562,-3.141308546066284,518.7201538085938,-0.5798072218894958,-1.7777501344680786,-0.14350247383117676,0.0,0.0,12.321611404418945,0.8029732704162598
20.769258499145508,0.0674755647778511,-1.885179877281189,-0.0709887221455574,-0.011130109429359436,2.6076173782348633,537.4307250976562,-2.886608362197876,518.5244140625,-0.03165570646524429,-1.8264217376708984,-0.10014772415161133,0.0,0.0,12.321611404418945,0.7889599800109863
20.769758224487305,0.5955447554588318,-1.8004902601242065,-0.12416254729032516,-0.09764807671308517,2.864133834838867,526.1554565429688,-2.629916191101074,518.4166259765625,0.5503559112548828,-1.6712948083877563,-0.021098852157592773,0.0,0.0,12.321611404418945,0.7891354560852051
20.7702579498291,1.0551600456237793,-1.5972365140914917,-0.11771723628044128,-0.10136927664279938,3.1272106170654297,526.1554565429688,-2.370558738708496,518.4229125976562,1.0455960035324097,-1.4445103406906128,0.028184890747070312,0.0,0.0,12.321611404418945,0.7854161262512207
20.7707576751709,1.4453448057174683,-1.2804992198944092,-0.10966059565544128,-0.1562570035457611,3.3205795288085938,461.72821044921875,-2.1086585521698,518.5359497070312,1.4880483150482178,-1.1168707609176636,0.06687188148498535,0.0,0.0,12.321611404418945,0.8539471626281738
20.771255493164062,1.7230700254440308,-0.9146425724029541,-0.09354731440544128,-0.1525358259677887,3.5509824752807617,461.72821044921875,-1.8461021184921265,518.674072265625,1.8445481061935425,-0.696121096611023,0.08743977546691895,0.0,0.0,12.321611404418945,0.8861010074615479
20.77175521850586,1.9010487794876099,-0.49797192215919495,-0.1112719252705574,-0.19067814946174622,3.863101005554199,536.8932495117188,-1.5846608877182007,518.762451171875,2.047245740890503,-0.2672608196735382,0.056955575942993164,0.0,0.0,12.321611404418945,0.835423469543457
20.77225685119629,1.9597233533859253,-0.010162713937461376,-0.0951586440205574,-0.21114476025104523,4.131546974182129,536.8932495117188,-1.3242961168289185,518.8036499023438,2.122227430343628,0.1590503305196762,0.0009877681732177734,0.0,0.0,12.321611404418945,0.8273425102233887
20.772756576538086,1.896159052848816,0.47934046387672424,-0.0629320815205574,-0.1757933348417282,4.3883867263793945,526.1554565429688,-1.0656020641326904,518.7738037109375,2.083697557449341,0.638435423374176,-0.03535938262939453,0.0,0.0,12.321611404418945,0.8291964530944824
20.773256301879883,1.6976438760757446,0.9315803050994873,-0.037150830030441284,-0.1590479165315628,4.651463508605957,526.1554565429688,-0.8093044757843018,518.643798828125,1.9182401895523071,1.0286985635757446,-0.09702944755554199,0.0,0.0,12.321611404418945,0.8224177360534668
20.77375602722168,1.381780982017517,1.32961905002594,0.019245654344558716,-0.10602077841758728,4.9151105880737305,526.68212890625,-0.555086612701416,518.4291381835938,1.5816892385482788,1.3867460489273071,-0.12385296821594238,0.0,0.0,12.321611404418945,0.81298828125
20.774255752563477,0.9720384478569031,1.6260311603546143,0.035358935594558716,-0.07439055293798447,5.178450584411621,526.68212890625,-0.30200839042663574,518.1712036132812,1.1676185131072998,1.6091159582138062,-0.1538853645324707,0.0,0.0,12.321611404418945,0.8027262687683105
20.774755477905273,0.501665472984314,1.8208160400390625,0.06275150924921036,-0.026945224031805992,5.372012138366699,462.1903991699219,-0.04899144172668457,517.9161987304688,0.6581256985664368,1.7828339338302612,-0.13280797004699707,0.0,0.0,12.321611404418945,0.8621819019317627
20.77525520324707,0.04400603100657463,1.8817920684814453,0.07241947948932648,-0.004618002567440271,5.602644920349121,462.1903991699219,0.20437002182006836,517.6809692382812,0.16979774832725525,1.7946442365646362,-0.12692737579345703,0.0,0.0,12.321611404418945,0.8849108219146729
20.7757568359375,-0.421477347612381,1.8411411046981812,0.10948003083467484,0.0651545524597168,5.902951240539551,526.1554565429688,0.4587862491607666,517.4952392578125,-0.35146158933639526,1.7215481996536255,-0.08551239967346191,0.0,0.0,12.321611404418945,0.8390202522277832
20.776256561279297,-0.8908721804618835,1.67853844165802,0.11109135299921036,0.12004228681325912,6.166028022766113,526.1554565429688,0.7156462669372559,517.4160766601562,-0.8669740557670593,1.544784665107727,-0.03214073181152344,0.0,0.0,12.321611404418945,0.8328037261962891
20.776756286621094,-1.3172389268875122,1.4007577896118164,0.12559330463409424,0.14516040682792664,0.15695905685424805,536.3568725585938,0.9748461246490479,517.4368896484375,-1.3568236827850342,1.1875568628311157,0.049411773681640625,0.0,0.0,12.321611404418945,0.8178870677947998
20.77725601196289,-1.6389700174331665,1.0264320373535156,0.10786870121955872,0.14981190860271454,0.42513608932495117,536.3568725585938,1.2359135150909424,517.5355834960938,-1.7078663110733032,0.8514562249183655,0.044841766357421875,0.0,0.0,12.321611404418945,0.8107774257659912
20.777755737304688,-1.8599766492843628,0.5758857131004333,0.0982007309794426,0.18516334891319275,0.6828570365905762,526.68212890625,1.496788740158081,517.6242065429688,-1.9573242664337158,0.41456544399261475,0.0377354621887207,0.0,0.0,12.321611404418945,0.8139317035675049
20.778255462646484,-1.9489659070968628,0.08299525082111359,0.0901440903544426,0.19353604316711426,0.9461970329284668,526.68212890625,1.7571218013763428,517.68798828125,-2.0412745475769043,-0.052307840436697006,0.01165151596069336,0.0,0.0,12.321611404418945,0.810924768447876
20.77875518798828,-1.9078937768936157,-0.398038774728775,0.043415576219558716,0.14609071612358093,1.1508784294128418,472.4660949707031,2.015362024307251,517.6624145507812,-2.091728925704956,-0.5253822207450867,-0.026294708251953125,0.0,0.0,12.321611404418945,0.8644835948944092
20.77925682067871,-1.7465394735336304,-0.8333408236503601,0.022468309849500656,0.14329981803894043,1.3866381645202637,472.4660949707031,2.2711613178253174,517.534912109375,-1.8974679708480835,-0.9120429158210754,-0.08038473129272461,0.0,0.0,12.321611404418945,0.8845231533050537
20.779756546020508,-1.4922839403152466,-1.2127479314804077,0.007966357283294201,0.14050890505313873,1.6809096336364746,526.1554565429688,2.525325059890747,517.3412475585938,-1.6830304861068726,-1.2931467294692993,-0.1277308464050293,0.0,0.0,12.321611404418945,0.8444154262542725
20.780256271362305,-1.1128567457199097,-1.5447295904159546,-0.030705517157912254,0.09213327616453171,1.943986415863037,526.1554565429688,2.778127431869507,517.094482421875,-1.2829419374465942,-1.5689646005630493,-0.15049362182617188,0.0,0.0,12.321611404418945,0.8341410160064697
20.7807559967041,-0.6698655486106873,-1.7733901739120483,-0.06776606291532516,0.05399094521999359,2.2070631980895996,526.1554565429688,3.0301125049591064,516.8186645507812,-0.8231586217880249,-1.7928582429885864,-0.1475386619567871,0.0,0.0,12.321611404418945,0.8230493068695068
20.7812557220459,-0.17504511773586273,-1.8817920684814453,-0.09999262541532516,-0.007408902980387211,2.470141887664795,526.1554565429688,-3.0006887912750244,516.5653686523438,-0.31798091530799866,-1.8574943542480469,-0.13909411430358887,0.0,0.0,12.321611404418945,0.812354564666748
20.781755447387695,0.3373773396015167,-1.8546916246414185,-0.09354731440544128,-0.04089973121881485,2.7454066276550293,537.4307250976562,-2.747124671936035,516.3670043945312,0.21948422491550446,-1.7737842798233032,-0.09990358352661133,0.0,0.0,12.321611404418945,0.790654182434082
20.782255172729492,0.8361096382141113,-1.7056385278701782,-0.10482660681009293,-0.09206626564264297,3.014125347137451,537.4307250976562,-2.49163556098938,516.2540893554688,0.770850419998169,-1.5751889944076538,-0.023113250732421875,0.0,0.0,12.321611404418945,0.7774243354797363
20.782756805419922,1.2781225442886353,-1.4346333742141724,-0.11771723628044128,-0.1367207020521164,3.200927257537842,461.72821044921875,-2.233017683029175,516.2748413085938,1.25484299659729,-1.252200722694397,0.04992532730102539,0.0,0.0,12.321611404418945,0.849240779876709
20.78325653076172,1.5812731981277466,-1.1060397624969482,-0.0871020033955574,-0.1357903927564621,3.431792736053467,461.72821044921875,-1.9734244346618652,516.3359375,1.6214447021484375,-0.9667923450469971,0.03698253631591797,0.0,0.0,12.321611404418945,0.8779680728912354
20.783754348754883,1.815970540046692,-0.713082492351532,-0.09676996618509293,-0.1488146185874939,3.7434496879577637,536.8932495117188,-1.71351957321167,516.4089965820312,1.9276682138442993,-0.5132365822792053,0.05462527275085449,0.0,0.0,12.321611404418945,0.8262162208557129
20.78425407409668,1.9401646852493286,-0.2405170053243637,-0.0871020033955574,-0.1767236292362213,4.0118937492370605,536.8932495117188,-1.4545812606811523,516.439697265625,2.0804224014282227,-0.11113972961902618,0.002318143844604492,0.0,0.0,12.321611404418945,0.8167104721069336
20.784753799438477,1.929408073425293,0.25237366557121277,-0.056486766785383224,-0.155326709151268,4.268735408782959,526.1554565429688,-1.1970247030258179,516.4116821289062,2.0985236167907715,0.3416520953178406,-0.040666818618774414,0.0,0.0,12.321611404418945,0.8174252510070801
20.785253524780273,1.8032582998275757,0.7283264398574829,-0.035539500415325165,-0.1506752073764801,4.531814098358154,526.1554565429688,-0.9415969848632812,516.2947998046875,2.0143485069274902,0.8395471572875977,-0.06272482872009277,0.0,0.0,12.321611404418945,0.8097743988037109
20.78575325012207,1.5343338251113892,1.1534658670425415,-0.004924267530441284,-0.11067228019237518,4.736850261688232,472.4660949707031,-0.687432050704956,516.127197265625,1.718499779701233,1.1907495260238647,-0.10607171058654785,0.0,0.0,12.321611404418945,0.858903169631958
20.7862548828125,1.2047797441482544,1.473590612411499,0.017634326592087746,-0.08462385833263397,4.973084926605225,472.4660949707031,-0.43512892723083496,515.8850708007812,1.3927743434906006,1.4761756658554077,-0.15012454986572266,0.0,0.0,12.321611404418945,0.8749716281890869
20.786754608154297,0.8067720532417297,1.7191890478134155,0.04502690210938454,-0.07625115662813187,5.267924785614014,526.68212890625,-0.18368792533874512,515.61181640625,0.9628232717514038,1.746730923652649,-0.14909100532531738,0.0,0.0,12.321611404418945,0.8315730094909668
20.78725242614746,0.3256421983242035,1.8546916246414185,0.07080814987421036,-0.011130109429359436,5.530740261077881,526.68212890625,0.06712222099304199,515.3177490234375,0.48154518008232117,1.8253860473632812,-0.1541733741760254,0.0,0.0,12.321611404418945,0.8195672035217285
20.787752151489258,-0.18678002059459686,1.8716295957565308,0.10464604198932648,0.019569816067814827,5.80511999130249,536.8932495117188,0.31914734840393066,515.0811157226562,-0.06456734240055084,1.7689381837844849,-0.11168670654296875,0.0,0.0,12.321611404418945,0.797213077545166
20.788251876831055,-0.6816005110740662,1.7598398923873901,0.0901440903544426,0.0744575560092926,6.07356595993042,536.8932495117188,0.5731799602508545,514.9337768554688,-0.5810060501098633,1.6722744703292847,-0.06768107414245605,0.0,0.0,12.321611404418945,0.782799243927002
20.78875160217285,-1.1412159204483032,1.5227104425430298,0.09981206059455872,0.10050597786903381,0.05882835388183594,536.8932495117188,0.8296658992767334,514.892822265625,-1.0913925170898438,1.383748173713684,0.00958108901977539,0.0,0.0,12.321611404418945,0.7708375453948975
20.78925132751465,-1.5128198862075806,1.1771785020828247,0.0982007309794426,0.13306649029254913,0.3272724151611328,536.8932495117188,1.087963342666626,514.9286499023438,-1.4839558601379395,1.069474458694458,0.029872894287109375,0.0,0.0,12.321611404418945,0.7606909275054932
20.789751052856445,-1.7739206552505493,0.7520391941070557,0.09336674958467484,0.15632402896881104,0.5144672393798828,461.72821044921875,1.3474504947662354,515.0137329101562,-1.7875778675079346,0.6734316349029541,0.03462648391723633,0.0,0.0,12.321611404418945,0.8329832553863525
20.790252685546875,-1.9137614965438843,0.3201245367527008,0.059528857469558716,0.15539373457431793,0.745330810546875,461.72821044921875,1.6064202785491943,515.0750122070312,-1.969897985458374,0.22894753515720367,0.020198345184326172,0.0,0.0,12.321611404418945,0.8610894680023193
20.790752410888672,-1.9470100402832031,-0.13380861282348633,0.049860887229442596,0.16469672322273254,1.0574493408203125,536.8932495117188,1.8645555973052979,515.1001586914062,-2.05954647064209,-0.2662910521030426,0.006299495697021484,0.0,0.0,12.321611404418945,0.8071062564849854
20.79125213623047,-1.8345509767532349,-0.6063740253448486,0.017634326592087746,0.13864831626415253,1.3258953094482422,536.8932495117188,2.1206066608428955,515.0369873046875,-1.996163010597229,-0.6415815949440002,-0.06768512725830078,0.0,0.0,12.321611404418945,0.7947113513946533
20.791751861572266,-1.611588478088379,-1.0535324811935425,0.012800341472029686,0.12283318489789963,1.5943851470947266,537.4307250976562,2.3752291202545166,514.9151611328125,-1.8023402690887451,-1.0926780700683594,-0.08840751647949219,0.0,0.0,12.321611404418945,0.78084397315979
20.792251586914062,-1.274211049079895,-1.4278582334518433,-0.021037548780441284,0.09771507233381271,1.8631000518798828,537.4307250976562,2.6281702518463135,514.7254638671875,-1.4717196226119995,-1.4545483589172363,-0.10696601867675781,0.0,0.0,12.321611404418945,0.7650701999664307
20.79275131225586,-0.8341533541679382,-1.7124136686325073,-0.053264111280441284,0.0735272541642189,2.131235122680664,536.8932495117188,2.8808176517486572,514.5272827148438,-1.0028430223464966,-1.6989229917526245,-0.10163307189941406,0.0,0.0,12.321611404418945,0.7495825290679932
20.793251037597656,-0.3373773396015167,-1.861466884613037,-0.054875437170267105,0.02608192153275013,2.3996829986572266,536.8932495117188,3.133903741836548,514.3516845703125,-0.5149314403533936,-1.8166558742523193,-0.09772396087646484,0.0,0.0,12.321611404418945,0.7342207431793213
20.793752670288086,0.17895643413066864,-1.885179877281189,-0.08387934416532516,-0.022293714806437492,2.586874008178711,461.72821044921875,-2.8955700397491455,514.2061767578125,0.02158939279615879,-1.7980194091796875,-0.06312680244445801,0.0,0.0,12.321611404418945,0.8007416725158691
20.794252395629883,0.6248818039894104,-1.7903281450271606,-0.08065668493509293,-0.06694814562797546,2.817739486694336,461.72821044921875,-2.640205144882202,514.1331787109375,0.5087481141090393,-1.7378365993499756,-0.04565930366516113,0.0,0.0,12.321611404418945,0.8252406120300293
20.79475212097168,1.0610276460647583,-1.5938491821289062,-0.09838129580020905,-0.11067228764295578,3.1298580169677734,536.8932495117188,-2.383089780807495,514.1353759765625,1.026689052581787,-1.475053310394287,0.020773887634277344,0.0,0.0,12.321611404418945,0.7702374458312988
20.795251846313477,1.4453448057174683,-1.2804992198944092,-0.09999262541532516,-0.12276618927717209,3.3983020782470703,536.8932495117188,-2.1246373653411865,514.1935424804688,1.4378130435943604,-1.1900765895843506,0.03372693061828613,0.0,0.0,12.321611404418945,0.7602458000183105
20.795751571655273,1.7436057329177856,-0.872298002243042,-0.09354731440544128,-0.1618388295173645,3.667329788208008,537.4307250976562,-1.865419626235962,514.28271484375,1.799856185913086,-0.7672246694564819,0.06312012672424316,0.0,0.0,12.321611404418945,0.7504363059997559
20.79625129699707,1.8990927934646606,-0.3997327387332916,-0.06454340368509293,-0.1339298039674759,3.9355106353759766,537.4307250976562,-1.6058160066604614,514.3861694335938,1.9931575059890747,-0.3551759123802185,0.030011415481567383,0.0,0.0,12.321611404418945,0.741858959197998
20.796751022338867,1.938209056854248,0.1016269251704216,-0.048430126160383224,-0.1432328075170517,4.203643798828125,536.8932495117188,-1.3480916023254395,514.4085083007812,2.0564489364624023,0.08860418945550919,-0.008460283279418945,0.0,0.0,12.321611404418945,0.731450080871582
20.797252655029297,1.8453078269958496,0.601292610168457,-0.027482861652970314,-0.1255570948123932,4.4720916748046875,536.8932495117188,-1.0913703441619873,514.3881225585938,1.9997977018356323,0.6106216311454773,-0.011912107467651367,0.0,0.0,12.321611404418945,0.7197232246398926
20.797752380371094,1.6047431230545044,1.0518388748168945,0.009577685035765171,-0.07811175286769867,4.670890808105469,472.4660949707031,-0.8359799385070801,514.3121337890625,1.7777243852615356,0.9761269688606262,-0.061743736267089844,0.0,0.0,12.321611404418945,0.7763147354125977
20.79825210571289,1.2957251071929932,1.3973703384399414,0.011189013719558716,-0.05857544392347336,4.907125473022461,472.4660949707031,-0.5819826126098633,514.1793212890625,1.4801136255264282,1.3286765813827515,-0.08649635314941406,0.0,0.0,12.321611404418945,0.7940773963928223
20.798751831054688,0.9162974953651428,1.6683754920959473,0.032136280089616776,-0.04648153483867645,5.224611282348633,547.6311645507812,-0.3288698196411133,514.0122680664062,1.1083391904830933,1.618893027305603,-0.10079741477966309,0.0,0.0,12.321611404418945,0.7297043800354004
20.799251556396484,0.42734456062316895,1.8513039350509644,0.051472216844558716,-0.03531792387366295,5.49842643737793,547.6311645507812,-0.07585024833679199,513.8447265625,0.5918692350387573,1.7597830295562744,-0.07788825035095215,0.0,0.0,12.321611404418945,0.7089085578918457
20.79975128173828,-0.08898945897817612,1.891954779624939,0.056306201964616776,0.034454625099897385,5.761215686798096,537.4307250976562,0.17771124839782715,513.7035522460938,0.09648803621530533,1.8236255645751953,-0.05983591079711914,0.0,0.0,12.321611404418945,0.6996808052062988
20.800249099731445,-0.5994560122489929,1.8004902601242065,0.0659741684794426,0.0642242506146431,6.029392719268799,537.4307250976562,0.43337106704711914,513.6536254882812,-0.4230230748653412,1.7208913564682007,-0.0214540958404541,0.0,0.0,12.321611404418945,0.6871638298034668
20.800750732421875,-1.0786300897598267,1.5836864709854126,0.09658940136432648,0.10794837772846222,0.025946617126464844,547.6311645507812,0.6906697750091553,513.6736450195312,-0.9433318376541138,1.4869885444641113,0.0458221435546875,0.0,0.0,12.321611404418945,0.6647231578826904
20.801250457763672,-1.4727258682250977,1.2466236352920532,0.06758549809455872,0.10980898141860962,0.29976558685302734,547.6311645507812,0.9501974582672119,513.7867431640625,-1.3858650922775269,1.1945335865020752,0.08056402206420898,0.0,0.0,12.321611404418945,0.6504318714141846
20.80175018310547,-1.7533847093582153,0.821484386920929,0.038581591099500656,0.0781787559390068,0.4923257827758789,472.4660949707031,1.210876703262329,513.94580078125,-1.7111362218856812,0.8180596828460693,0.08538532257080078,0.0,0.0,12.321611404418945,0.7185509204864502
20.802249908447266,-1.8990927934646606,0.37940728664398193,0.038581591099500656,0.10794837772846222,0.7285604476928711,472.4660949707031,1.4704110622406006,514.053466796875,-1.893531084060669,0.410539835691452,0.05822420120239258,0.0,0.0,12.321611404418945,0.7418506145477295
20.802749633789062,-1.9362531900405884,-0.0779137834906578,0.027302294969558716,0.10515747964382172,1.0234003067016602,526.68212890625,1.7292072772979736,514.1276245117188,-1.9812763929367065,-0.011489255353808403,0.018592357635498047,0.0,0.0,12.321611404418945,0.7058069705963135
20.80324935913086,-1.8433523178100586,-0.5640296936035156,-0.001701611210592091,0.0772484615445137,1.2867403030395508,526.68212890625,1.9868371486663818,514.1511840820312,-1.9268728494644165,-0.4554503858089447,-0.012852191925048828,0.0,0.0,12.321611404418945,0.700096845626831
20.803749084472656,-1.6331024169921875,-1.0094945430755615,0.011189013719558716,0.0753878578543663,1.5611324310302734,536.8932495117188,2.243128538131714,514.1181640625,-1.7630643844604492,-0.8949952721595764,-0.03160285949707031,0.0,0.0,12.321611404418945,0.6819961071014404
20.804248809814453,-1.2986586093902588,-1.4058393239974976,-0.048430126160383224,0.037245530635118484,1.8290424346923828,536.8932495117188,2.498734712600708,514.0570068359375,-1.4316329956054688,-1.2818243503570557,-0.026701927185058594,0.0,0.0,12.321611404418945,0.6696922779083252
20.80474853515625,-0.8810932040214539,-1.6954760551452637,-0.048430126160383224,0.039106130599975586,2.1090917587280273,547.6311645507812,2.754438638687134,514.0014038085938,-1.0490386486053467,-1.5789661407470703,-0.028299331665039062,0.0,0.0,12.321611404418945,0.6453468799591064
20.805248260498047,-0.38627293705940247,-1.861466884613037,-0.056486766785383224,-0.01578161120414734,2.38291072845459,547.6311645507812,3.010516405105591,513.962646484375,-0.5734297633171082,-1.7619460821151733,-0.012544631958007812,0.0,0.0,12.321611404418945,0.627605676651001
20.805747985839844,0.12614978849887848,-1.8987298011779785,-0.058098096400499344,-0.007408905308693647,2.5638656616210938,461.72821044921875,-3.015700101852417,513.962158203125,-0.06504469364881516,-1.8043254613876343,0.009184122085571289,0.0,0.0,12.321611404418945,0.7036194801330566
20.80624771118164,0.5779422521591187,-1.814041018486023,-0.050041455775499344,-0.03996942937374115,2.7947282791137695,461.72821044921875,-2.7574431896209717,514.015869140625,0.4147094190120697,-1.7697834968566895,0.017187118530273438,0.0,0.0,12.321611404418945,0.7310137748718262
20.806747436523438,1.0209333896636963,-1.6294188499450684,-0.09354731440544128,-0.08555416762828827,3.10684871673584,536.8932495117188,-2.497992753982544,514.11865234375,0.9217056632041931,-1.5356336832046509,0.06838536262512207,0.0,0.0,12.321611404418945,0.6783442497253418
20.807247161865234,1.4052506685256958,-1.3228440284729004,-0.08065668493509293,-0.11160258203744888,3.3752965927124023,536.8932495117188,-2.237941026687622,514.2444458007812,1.3309177160263062,-1.320851445198059,0.056946516036987305,0.0,0.0,12.321611404418945,0.6699481010437012
20.807748794555664,1.7084013223648071,-0.919723629951477,-0.061320751905441284,-0.10602078586816788,3.643740653991699,536.8932495117188,-1.9768717288970947,514.4102783203125,1.7152231931686401,-0.9040446281433105,0.09261441230773926,0.0,0.0,12.321611404418945,0.6625733375549316
20.80824851989746,1.8863800764083862,-0.4488523304462433,-0.0709887221455574,-0.11532378941774368,3.9121875762939453,536.8932495117188,-1.7160263061523438,514.5631103515625,1.9143548011779785,-0.4900859296321869,0.06615519523620605,0.0,0.0,12.321611404418945,0.6549715995788574
20.808748245239258,1.9284297227859497,0.04403835907578468,-0.040373485535383224,-0.10509047657251358,4.111027717590332,472.9390563964844,-1.4559246301651,514.6814575195312,2.0254406929016113,-0.046748921275138855,0.03350257873535156,0.0,0.0,12.321611404418945,0.7162332534790039
20.809247970581055,1.8736673593521118,0.5047469735145569,-0.046818796545267105,-0.1329994946718216,4.347495079040527,472.9390563964844,-1.1969209909439087,514.7513427734375,2.0022614002227783,0.4777740240097046,0.031828880310058594,0.0,0.0,12.321611404418945,0.73876953125
20.80974769592285,1.6771082878112793,0.9264988303184509,0.009577685035765171,-0.08555416017770767,4.653099060058594,536.8932495117188,-0.9393820762634277,514.7579345703125,1.8558146953582764,0.8597510457038879,-0.02635049819946289,0.0,0.0,12.321611404418945,0.690704345703125
20.81024742126465,1.3798249959945679,1.3194564580917358,-0.001701611210592091,-0.11439348757266998,4.921546459197998,536.8932495117188,-0.6832759380340576,514.7042846679688,1.5894975662231445,1.2425751686096191,-0.052915334701538086,0.0,0.0,12.321611404418945,0.6783633232116699
20.810747146606445,0.9700825810432434,1.6294186115264893,0.027302294969558716,-0.06229664757847786,5.189993858337402,536.8932495117188,-0.4278233051300049,514.62451171875,1.1693568229675293,1.557077407836914,-0.045211076736450195,0.0,0.0,12.321611404418945,0.6653685569763184
20.811248779296875,0.4938424825668335,1.8174282312393188,0.041804246604442596,-0.012990708462893963,5.458441257476807,536.8932495117188,-0.17206931114196777,514.5590209960938,0.700953483581543,1.725093960762024,-0.04278874397277832,0.0,0.0,12.321611404418945,0.6526751518249512
20.811748504638672,-0.024447547271847725,1.8885669708251953,0.0659741684794426,0.034454625099897385,5.715847015380859,526.68212890625,0.08419537544250488,514.516357421875,0.13559110462665558,1.8013969659805298,0.011982440948486328,0.0,0.0,12.321611404418945,0.6515336036682129
20.81224822998047,-0.5212236046791077,1.8106532096862793,0.06758549809455872,0.0651545524597168,5.979187488555908,526.68212890625,0.3416008949279785,514.5225830078125,-0.31656113266944885,1.752272129058838,0.008422374725341797,0.0,0.0,12.321611404418945,0.6455988883972168
20.812747955322266,-0.9759498238563538,1.6260308027267456,0.0740308091044426,0.061433345079422,6.183868408203125,472.4660949707031,0.6007652282714844,514.6027221679688,-0.8438880443572998,1.5991618633270264,0.05632138252258301,0.0,0.0,12.321611404418945,0.7000823020935059
20.813247680664062,-1.3622225522994995,1.3431693315505981,0.06919682770967484,0.09957567602396011,0.1364426612854004,472.4660949707031,0.8619120121002197,514.7642822265625,-1.286952018737793,1.2782436609268188,0.0986318588256836,0.0,0.0,12.321611404418945,0.7254693508148193
20.81374740600586,-1.6585279703140259,0.985781192779541,0.08531010895967484,0.11632108688354492,0.442324161529541,536.8932495117188,1.1241471767425537,514.96826171875,-1.6502647399902344,0.8926289677619934,0.12273836135864258,0.0,0.0,12.321611404418945,0.6818230152130127
20.814247131347656,-1.863888144493103,0.5352352857589722,0.07725346833467484,0.14888161420822144,0.7107715606689453,536.8932495117188,1.386902093887329,515.189697265625,-1.915457844734192,0.4903911352157593,0.1051797866821289,0.0,0.0,12.321611404418945,0.6761305332183838
20.814748764038086,-1.937231183052063,0.049119818955659866,0.056306201964616776,0.14236950874328613,0.9792156219482422,536.8932495117188,1.648789644241333,515.3700561523438,-2.044306516647339,0.03574727475643158,0.07638072967529297,0.0,0.0,12.321611404418945,0.6695740222930908
20.815248489379883,-1.8726893663406372,-0.4522400200366974,0.027302294969558716,0.12190289050340652,1.2476630210876465,536.8932495117188,1.9093596935272217,515.4910888671875,-1.9920867681503296,-0.41598430275917053,0.03903961181640625,0.0,0.0,12.321611404418945,0.6616966724395752
20.81574821472168,-1.694710612297058,-0.929886519908905,0.007966357283294201,0.10515747964382172,1.5161104202270508,536.8932495117188,2.168696165084839,515.5579833984375,-1.8507317304611206,-0.9569224715232849,0.05111074447631836,0.0,0.0,12.321611404418945,0.6525857448577881
20.816247940063477,-1.3729795217514038,-1.3313130140304565,-0.029094189405441284,0.0688757449388504,1.784557819366455,536.8932495117188,2.427114248275757,515.5847778320312,-1.5419095754623413,-1.2745301723480225,0.006064891815185547,0.0,0.0,12.321611404418945,0.6425564289093018
20.816747665405273,-0.96225905418396,-1.6361936330795288,-0.050041455775499344,0.04189703240990639,1.972245693206787,462.1903991699219,2.6849586963653564,515.5869750976562,-1.1477856636047363,-1.549303650856018,-0.00940704345703125,0.0,0.0,12.321611404418945,0.7127130031585693
20.817245483398438,-0.5407819151878357,-1.8208160400390625,-0.056486766785383224,0.019569814205169678,2.2028818130493164,462.1903991699219,2.94238018989563,515.5712280273438,-0.7163430452346802,-1.7720433473587036,-0.013399600982666016,0.0,0.0,12.321611404418945,0.7394983768463135
20.817745208740234,-0.08116623014211655,-1.895342469215393,-0.08549067378044128,-0.01950281485915184,2.5147314071655273,536.8932495117188,-3.083317279815674,515.5587768554688,-0.21352404356002808,-1.8195722103118896,-0.0035021305084228516,0.0,0.0,12.321611404418945,0.6851367950439453
20.818246841430664,0.41169849038124084,-1.8445289134979248,-0.06454340368509293,-0.03159672021865845,2.7831788063049316,536.8932495117188,-2.824986696243286,515.5818481445312,0.2618432939052582,-1.7965655326843262,-0.00026988983154296875,0.0,0.0,12.321611404418945,0.6750197410583496
20.81874656677246,0.9104297757148743,-1.6853134632110596,-0.10643793642520905,-0.07811175286769867,3.0516228675842285,536.8932495117188,-2.5650794506073,515.6710815429688,0.8555741310119629,-1.5760862827301025,0.0928494930267334,0.0,0.0,12.321611404418945,0.6664834022521973
20.819246292114258,1.3319073915481567,-1.3956763744354248,-0.09999262541532516,-0.10229957848787308,3.320070266723633,536.8932495117188,-2.302769660949707,515.859130859375,1.3146076202392578,-1.293445110321045,0.1269218921661377,0.0,0.0,12.321611404418945,0.6603455543518066
20.819746017456055,1.6507047414779663,-1.0061066150665283,-0.061320751905441284,-0.09857837110757828,3.588517665863037,536.8932495117188,-2.039583921432495,516.0800170898438,1.6674002408981323,-0.9502512216567993,0.12308454513549805,0.0,0.0,12.321611404418945,0.6550841331481934
20.82024574279785,1.868777871131897,-0.547091543674469,-0.08549067378044128,-0.1404419094324112,3.8569650650024414,536.8932495117188,-1.7759851217269897,516.3136596679688,1.9371036291122437,-0.503122866153717,0.1234431266784668,0.0,0.0,12.321611404418945,0.6502351760864258
20.82074546813965,1.9518998861312866,-0.05081336200237274,-0.053264111280441284,-0.11811468750238419,4.056278705596924,472.9390563964844,-1.5128743648529053,516.5216674804688,2.0692036151885986,-0.010615513660013676,0.10932660102844238,0.0,0.0,12.321611404418945,0.7140326499938965
20.821243286132812,1.9078937768936157,0.4115891754627228,-0.048430126160383224,-0.11904498934745789,4.292272090911865,472.9390563964844,-1.2512767314910889,516.6618041992188,2.0588154792785645,0.4730641841888428,0.07863211631774902,0.0,0.0,12.321611404418945,0.7396368980407715
20.82174301147461,1.7445837259292603,0.8435035943984985,-0.033928174525499344,-0.11625409126281738,4.59787654876709,536.8932495117188,-0.9912979602813721,516.7310180664062,1.9297149181365967,0.8759810328483582,0.018699169158935547,0.0,0.0,12.321611404418945,0.6940112113952637
20.82224464416504,1.4600130319595337,1.255092740058899,-0.006535595748573542,-0.12462678551673889,4.866323947906494,536.8932495117188,-0.7331070899963379,516.723388671875,1.6735585927963257,1.229841947555542,-0.0320897102355957,0.0,0.0,12.321611404418945,0.6837544441223145
20.822744369506836,1.0727624893188477,1.5870739221572876,0.01441167015582323,-0.10509047657251358,5.134771347045898,536.8932495117188,-0.47612667083740234,516.6652221679688,1.2806761264801025,1.5727427005767822,-0.03544902801513672,0.0,0.0,12.321611404418945,0.6722874641418457
20.823244094848633,0.6033675670623779,1.8072657585144043,0.051472216844558716,-0.026014916598796844,5.403218746185303,536.8932495117188,-0.21932291984558105,516.60107421875,0.8135555386543274,1.8022079467773438,-0.03290224075317383,0.0,0.0,12.321611404418945,0.6606440544128418
20.82374382019043,0.08507803082466125,1.8885669708251953,0.06758549809455872,3.3500818972242996e-05,5.672243595123291,537.4307250976562,0.03791069984436035,516.5562744140625,0.29626473784446716,1.8160037994384766,-0.027810335159301758,0.0,0.0,12.321611404418945,0.6488528251647949
20.824243545532227,-0.43907979130744934,1.847916603088379,0.06758549809455872,0.057712145149707794,5.940958023071289,537.4307250976562,0.2970438003540039,516.5924682617188,-0.3010571599006653,1.7530039548873901,0.04516911506652832,0.0,0.0,12.321611404418945,0.6392712593078613
20.824743270874023,-0.9143416881561279,1.6751505136489868,0.0659741684794426,0.05120003968477249,6.127764701843262,461.72821044921875,0.5576858520507812,516.691162109375,-0.7902645468711853,1.60491943359375,0.0721440315246582,0.0,0.0,12.321611404418945,0.713106632232666
20.82524299621582,-1.306481957435608,1.419389247894287,0.08692143112421036,0.10794837772846222,0.074981689453125,461.72821044921875,0.8199031352996826,516.8541259765625,-1.2612340450286865,1.3363970518112183,0.10905623435974121,0.0,0.0,12.321611404418945,0.7449214458465576
20.82574462890625,-1.6106104850769043,1.089102029800415,0.09497807174921036,0.14795131981372833,0.3870983123779297,536.8932495117188,1.0819427967071533,517.0054931640625,-1.6555718183517456,1.152807354927063,0.05290555953979492,0.0,0.0,12.321611404418945,0.6948444843292236
20.826244354248047,-1.857042908668518,0.6351684331893921,0.10303471237421036,0.17493002116680145,0.655545711517334,536.8932495117188,1.346773386001587,517.2716064453125,-1.9360946416854858,0.49236106872558594,0.14778375625610352,0.0,0.0,12.321611404418945,0.6912276744842529
20.826744079589844,-1.9528779983520508,0.15074653923511505,0.06114018335938454,0.13399679958820343,0.912384033203125,526.1554565429688,1.611018419265747,517.507080078125,-2.081362247467041,0.06341197341680527,0.10199642181396484,0.0,0.0,12.321611404418945,0.6986343860626221
20.82724380493164,-1.9254961013793945,-0.3472253978252411,0.03697026148438454,0.15167252719402313,1.175464153289795,526.1554565429688,1.8732836246490479,517.6546630859375,-2.083317995071411,-0.43153074383735657,0.07436943054199219,0.0,0.0,12.321611404418945,0.6978194713592529
20.827743530273438,-1.7690315246582031,-0.821484386920929,0.030524950474500656,0.16283610463142395,1.4501466751098633,536.8932495117188,2.134241819381714,517.7440795898438,-1.9436240196228027,-0.8753242492675781,0.03216695785522461,0.0,0.0,12.321611404418945,0.6840951442718506
20.828243255615234,-1.476637840270996,-1.2466237545013428,-0.008146923966705799,0.10887867957353592,1.7185940742492676,536.8932495117188,2.3935177326202393,517.7608032226562,-1.6609081029891968,-1.2516058683395386,-0.004627704620361328,0.0,0.0,12.321611404418945,0.6749236583709717
20.828744888305664,-1.0903648138046265,-1.5769113302230835,-0.027482861652970314,0.08096965402364731,1.906285285949707,462.1903991699219,2.6519596576690674,517.7423706054688,-1.2782831192016602,-1.5781530141830444,-0.018919944763183594,0.0,0.0,12.321611404418945,0.7456743717193604
20.82924461364746,-0.673777163028717,-1.783552885055542,-0.022648876532912254,0.0670151486992836,2.1369214057922363,462.1903991699219,2.9095022678375244,517.6865844726562,-0.8167127966880798,-1.776002287864685,-0.02673625946044922,0.0,0.0,12.321611404418945,0.7725808620452881
20.829744338989258,-0.22002892196178436,-1.885179877281189,-0.0790453627705574,0.030733417719602585,2.437161922454834,526.1554565429688,-3.116715908050537,517.6077880859375,-0.3695208430290222,-1.8498616218566895,-0.04996514320373535,0.0,0.0,12.321611404418945,0.7293076515197754
20.830244064331055,0.28457021713256836,-1.885179877281189,-0.09193598479032516,-0.03810882940888405,2.70024037361145,526.1554565429688,-2.859448194503784,517.5433959960938,0.20978248119354248,-1.8297476768493652,0.004286766052246094,0.0,0.0,12.321611404418945,0.7234969139099121
20.83074378967285,0.7754793763160706,-1.7462894916534424,-0.11449457705020905,-0.07904206216335297,2.963886260986328,526.68212890625,-2.5994608402252197,517.5947265625,0.7312953472137451,-1.6359175443649292,0.0507349967956543,0.0,0.0,12.321611404418945,0.7198386192321777
20.83124351501465,1.212603211402893,-1.4939160346984863,-0.11771723628044128,-0.11625409126281738,3.227226734161377,526.68212890625,-2.3372156620025635,517.73974609375,1.2257851362228394,-1.36995267868042,0.09827494621276855,0.0,0.0,12.321611404418945,0.718742847442627
20.831743240356445,1.580295443534851,-1.1348339319229126,-0.12577387690544128,-0.1655600219964981,3.5010364055633545,536.3568725585938,-2.072826623916626,517.9717407226562,1.644441843032837,-0.9599853754043579,0.14664196968078613,0.0,0.0,12.321611404418945,0.709322452545166
20.832244873046875,1.8247718811035156,-0.6978382468223572,-0.10804926604032516,-0.1757933348417282,3.7692134380340576,536.3568725585938,-1.8077210187911987,518.228759765625,1.9248648881912231,-0.551271915435791,0.13103199005126953,0.0,0.0,12.321611404418945,0.7062511444091797
20.832744598388672,1.9567890167236328,-0.21172282099723816,-0.1032152846455574,-0.20277206599712372,3.968839168548584,472.9390563964844,-1.5432186126708984,518.4550170898438,2.0936858654022217,-0.05870067700743675,0.1174471378326416,0.0,0.0,12.321611404418945,0.7711277008056641
20.83324432373047,1.9411426782608032,0.2455984652042389,-0.07582270354032516,-0.18323573470115662,4.205307960510254,472.9390563964844,-1.279894471168518,518.626953125,2.12794828414917,0.3692249357700348,0.05374503135681152,0.0,0.0,12.321611404418945,0.7979831695556641
20.833742141723633,1.8423742055892944,0.701225996017456,-0.032316844910383224,-0.1469539999961853,4.510440349578857,536.8932495117188,-1.0165245532989502,518.7977905273438,2.0722692012786865,1.0707213878631592,0.09571623802185059,0.0,0.0,12.321611404418945,0.7562203407287598
20.83424186706543,1.5793176889419556,1.1297527551651,-0.021037548780441284,-0.1739327311515808,4.778885841369629,536.8932495117188,-0.7579324245452881,518.7636108398438,1.7969090938568115,1.222833514213562,-0.04284477233886719,0.0,0.0,12.321611404418945,0.7463669776916504
20.834741592407227,1.2194479703903198,1.4888347387313843,0.019245654344558716,-0.1264873892068863,5.035724639892578,526.1554565429688,-0.5010354518890381,518.6589965820312,1.4253318309783936,1.5658971071243286,-0.06504607200622559,0.0,0.0,12.321611404418945,0.7464251518249512
20.835241317749023,0.7735231518745422,1.7361270189285278,0.046638231724500656,-0.05857544392347336,5.298802852630615,526.1554565429688,-0.24466228485107422,518.5346069335938,0.9732664227485657,1.764552354812622,-0.0871572494506836,0.0,0.0,12.321611404418945,0.739720344543457
20.83574104309082,0.2826147973537445,1.8682419061660767,0.0820874497294426,-0.015781613066792488,5.5043535232543945,472.9390563964844,0.011058568954467773,518.3856811523438,0.469974160194397,1.8605037927627563,-0.08630919456481934,0.0,0.0,12.321611404418945,0.7898907661437988
20.83624267578125,-0.19264733791351318,1.8817920684814453,0.08692143112421036,0.02608191967010498,5.7408223152160645,472.9390563964844,0.268294095993042,518.3034057617188,-0.09985527396202087,1.836655855178833,-0.0416407585144043,0.0,0.0,12.321611404418945,0.8106570243835449
20.836742401123047,-0.6659536957740784,1.7733901739120483,0.11914799362421036,0.11725138872861862,6.04649019241333,536.8932495117188,0.5267045497894287,518.2723999023438,-0.6045001149177551,1.6613049507141113,-0.00524592399597168,0.0,0.0,12.321611404418945,0.763399600982666
20.837242126464844,-1.1245917081832886,1.5515046119689941,0.13203862309455872,0.12841500341892242,0.03175210952758789,536.8932495117188,0.7875325679779053,518.3436279296875,-1.123997688293457,1.385988473892212,0.06666779518127441,0.0,0.0,12.321611404418945,0.7557804584503174
20.83774185180664,-1.5089083909988403,1.2178293466567993,0.1143140122294426,0.16841793060302734,0.3001980781555176,536.8932495117188,1.0515506267547607,518.5474853515625,-1.6015177965164185,1.012571930885315,0.12857580184936523,0.0,0.0,12.321611404418945,0.7513525485992432
20.838239669799805,-1.7915233373641968,0.7960779666900635,0.13203862309455872,0.20283904671669006,0.568108081817627,536.8932495117188,1.3165724277496338,518.7890625,-1.9199163913726807,0.5775253176689148,0.13526630401611328,0.0,0.0,12.321611404418945,0.7484643459320068
20.8387393951416,-1.9362531900405884,0.3082685172557831,0.0901440903544426,0.17865122854709625,0.836555004119873,536.8932495117188,1.581188440322876,519.0084228515625,-2.055859327316284,0.11939731240272522,0.1047811508178711,0.0,0.0,12.321611404418945,0.7446334362030029
20.8392391204834,-1.9479881525039673,-0.19309136271476746,0.06436283886432648,0.17679063975811005,1.1050009727478027,536.8932495117188,1.8441493511199951,519.1536254882812,-2.109069347381592,-0.3420029580593109,0.06045389175415039,0.0,0.0,12.321611404418945,0.7391483783721924
20.839740753173828,-1.8374848365783691,-0.6825942993164062,0.043415576219558716,0.17027851939201355,1.3038039207458496,472.4660949707031,2.105146646499634,519.213134765625,-2.024625301361084,-0.8009476065635681,0.015238285064697266,0.0,0.0,12.321611404418945,0.8013427257537842
20.840240478515625,-1.606698989868164,-1.0958770513534546,0.012800341472029686,0.14702102541923523,1.5400357246398926,472.4660949707031,2.3640682697296143,519.1842651367188,-1.769397497177124,-1.197872519493103,-0.025454998016357422,0.0,0.0,12.321611404418945,0.8240325450897217
20.840740203857422,-1.2888797521591187,-1.4363272190093994,-0.014592235907912254,0.10887868702411652,1.8459153175354004,536.8932495117188,2.621412515640259,519.0896606445312,-1.4622219800949097,-1.5229147672653198,-0.072418212890625,0.0,0.0,12.321611404418945,0.7754971981048584
20.84123992919922,-0.8595790863037109,-1.7158013582229614,-0.053264111280441284,0.0791090577840805,2.11436128616333,536.8932495117188,2.877387285232544,518.939697265625,-1.0173903703689575,-1.7910188436508179,-0.0800018310546875,0.0,0.0,12.321611404418945,0.7630259990692139
20.841739654541016,-0.354979544878006,-1.864854097366333,-0.08065668493509293,0.03910612687468529,2.383389949798584,537.4307250976562,3.1331002712249756,518.7817993164062,-0.49534696340560913,-1.7948886156082153,-0.08847999572753906,0.0,0.0,12.321611404418945,0.7497103214263916
20.842239379882812,0.15744265913963318,-1.895342469215393,-0.09193598479032516,-0.03624822571873665,2.651566982269287,537.4307250976562,-2.893867015838623,518.6484375,0.03408018499612808,-1.8527803421020508,-0.05694437026977539,0.0,0.0,12.321611404418945,0.7377514839172363
20.84273910522461,0.673777163028717,-1.7937153577804565,-0.1112719252705574,-0.07718145847320557,2.908092975616455,526.1554565429688,-2.6348822116851807,518.634521484375,0.6233785152435303,-1.6957802772521973,0.018260955810546875,0.0,0.0,12.321611404418945,0.7402100563049316
20.84324073791504,1.1402380466461182,-1.5582798719406128,-0.11771723628044128,-0.1274176836013794,3.1711716651916504,526.1554565429688,-2.3730344772338867,518.7410278320312,1.1159040927886963,-1.407543659210205,0.07474946975708008,0.0,0.0,12.321611404418945,0.7389793395996094
20.843740463256836,1.5089082717895508,-1.2313793897628784,-0.11449457705020905,-0.1404419094324112,3.3646035194396973,461.72821044921875,-2.1094906330108643,518.9163818359375,1.550521731376648,-1.1081403493881226,0.09127616882324219,0.0,0.0,12.321611404418945,0.8090910911560059
20.844240188598633,1.7807663679122925,-0.8485848903656006,-0.1112719252705574,-0.1739327311515808,3.5954670906066895,461.72821044921875,-1.845736026763916,519.0969848632812,1.867085337638855,-0.6571200489997864,0.10976433753967285,0.0,0.0,12.321611404418945,0.841982364654541
20.84473991394043,1.9372309446334839,-0.4217519164085388,-0.10160395503044128,-0.19812053442001343,3.907585620880127,536.8932495117188,-1.5825831890106201,519.2483520507812,2.0821895599365234,-0.21864686906337738,0.08032488822937012,0.0,0.0,12.321611404418945,0.7930169105529785
20.845239639282227,1.9831925630569458,0.07113878428936005,-0.08226801455020905,-0.19439935684204102,4.17603063583374,536.8932495117188,-1.32046639919281,519.3529663085938,2.1668896675109863,0.2636624276638031,0.04379725456237793,0.0,0.0,12.321611404418945,0.7866883277893066
20.845739364624023,1.903982162475586,0.574192225933075,-0.06776606291532516,-0.20835386216640472,4.4334397315979,526.68212890625,-1.0579698085784912,519.471923828125,2.099193811416626,0.9098211526870728,0.06934046745300293,0.0,0.0,12.321611404418945,0.791776180267334
20.84623908996582,1.6585279703140259,1.0061066150665283,-0.024260204285383224,-0.149744912981987,4.696253299713135,526.68212890625,-0.7999417781829834,519.3998413085938,1.881165862083435,1.0623664855957031,-0.08424186706542969,0.0,0.0,12.321611404418945,0.7869906425476074
20.84674072265625,1.34070885181427,1.4007577896118164,0.007966357283294201,-0.1404419094324112,4.970633029937744,536.8932495117188,-0.5440118312835693,519.241455078125,1.5458046197891235,1.4859883785247803,-0.08866024017333984,0.0,0.0,12.321611404418945,0.7685408592224121
20.847240447998047,0.9006513953208923,1.681925654411316,0.030524950474500656,-0.08090265095233917,5.239078998565674,536.8932495117188,-0.288499116897583,519.068603515625,1.0994075536727905,1.682921051979065,-0.11790013313293457,0.0,0.0,12.321611404418945,0.7556071281433105
20.847740173339844,0.41365399956703186,1.8580790758132935,0.051472216844558716,-0.01671190932393074,5.426773548126221,462.1903991699219,-0.033432722091674805,518.8809204101562,0.5597953796386719,1.8453855514526367,-0.0887601375579834,0.0,0.0,12.321611404418945,0.8229794502258301
20.84823989868164,-0.061608243733644485,1.895342469215393,0.0820874497294426,0.02329101786017418,5.6578688621521,462.1903991699219,0.22228384017944336,518.7244262695312,0.0517103485763073,1.8067843914031982,-0.07857203483581543,0.0,0.0,12.321611404418945,0.8476004600524902
20.848739624023438,-0.5290469527244568,1.8343662023544312,0.10948003083467484,0.0781787633895874,5.958174228668213,526.1554565429688,0.47934675216674805,518.6280517578125,-0.49704331159591675,1.714432716369629,-0.024648427963256836,0.0,0.0,12.321611404418945,0.8043580055236816
20.849239349365234,-0.9984416961669922,1.6412750482559204,0.13203862309455872,0.13027560710906982,6.221251010894775,526.1554565429688,0.7388577461242676,518.6365966796875,-1.011894702911377,1.454269289970398,0.04184913635253906,0.0,0.0,12.321611404418945,0.8007922172546387
20.84973907470703,-1.4042726755142212,1.338088035583496,0.13526128232479095,0.17865124344825745,0.21276187896728516,536.8932495117188,1.0007984638214111,518.746826171875,-1.4590057134628296,1.137350082397461,0.0808572769165039,0.0,0.0,12.321611404418945,0.788036584854126
20.85024070739746,-1.7113350629806519,0.9417425990104675,0.10464604198932648,0.17399972677230835,0.48120880126953125,536.8932495117188,1.2644827365875244,518.9279174804688,-1.8180698156356812,0.7251326441764832,0.09993934631347656,0.0,0.0,12.321611404418945,0.7832739353179932
20.850738525390625,-1.9039822816848755,0.4793400466442108,0.11592534184455872,0.19167543947696686,0.7375097274780273,526.1554565429688,1.5270373821258545,519.0578002929688,-2.037081003189087,0.3000537157058716,0.07057332992553711,0.0,0.0,12.321611404418945,0.7895276546478271
20.851238250732422,-1.962656855583191,-0.01863146759569645,0.07725346833467484,0.16562703251838684,1.0005884170532227,526.1554565429688,1.7888052463531494,519.1517333984375,-2.0954668521881104,-0.18210315704345703,0.04164552688598633,0.0,0.0,12.321611404418945,0.7882168292999268
20.85173797607422,-1.8863801956176758,-0.5030533671379089,0.043415576219558716,0.18516334891319275,1.1940202713012695,461.72821044921875,2.0489113330841064,519.173828125,-2.0563087463378906,-0.5974056720733643,-0.022667884826660156,0.0,0.0,12.321611404418945,0.8548910617828369
20.852237701416016,-1.699600100517273,-0.9214175939559937,0.016022996976971626,0.15074220299720764,1.4248838424682617,461.72821044921875,2.3065073490142822,519.0899047851562,-1.8652249574661255,-0.9866071343421936,-0.0767207145690918,0.0,0.0,12.321611404418945,0.8816235065460205
20.852737426757812,-1.4355655908584595,-1.2838870286941528,0.0063550290651619434,0.13771800696849823,1.7370023727416992,536.8932495117188,2.562312364578247,518.9326171875,-1.6176689863204956,-1.384868860244751,-0.11124134063720703,0.0,0.0,12.321611404418945,0.8253099918365479
20.85323715209961,-1.04342520236969,-1.6040116548538208,-0.043596141040325165,0.09213327616453171,2.005448341369629,536.8932495117188,2.816265344619751,518.700927734375,-1.2199934720993042,-1.6755086183547974,-0.13193893432617188,0.0,0.0,12.321611404418945,0.8108170032501221
20.85373878479004,-0.5622955560684204,-1.8004902601242065,-0.07421137392520905,0.059572748839855194,2.2628564834594727,526.68212890625,3.0685007572174072,518.401611328125,-0.6991875767707825,-1.6250544786453247,-0.16135072708129883,0.0,0.0,12.321611404418945,0.8056442737579346
20.854238510131836,-0.0655195489525795,-1.8885669708251953,-0.08226801455020905,0.0046850042417645454,2.5261974334716797,526.68212890625,-2.960489511489868,518.1912841796875,-0.18066814541816711,-1.8606160879135132,-0.10586833953857422,0.0,0.0,12.321611404418945,0.7964987754821777
20.854738235473633,0.44885870814323425,-1.8377540111541748,-0.08387934416532516,-0.03903913125395775,2.801168441772461,537.4307250976562,-2.704615354537964,518.0560302734375,0.39757826924324036,-1.7319880723953247,-0.03906869888305664,0.0,0.0,12.321611404418945,0.7774014472961426
20.855236053466797,0.9319440722465515,-1.6616004705429077,-0.11771723628044128,-0.10322987288236618,3.069345474243164,537.4307250976562,-2.446704864501953,518.0093383789062,0.8994976878166199,-1.5486128330230713,0.0037560462951660156,0.0,0.0,12.321611404418945,0.7671351432800293
20.855735778808594,1.3514657020568848,-1.368576169013977,-0.10966059565544128,-0.1320692002773285,3.2556533813476562,461.2669677734375,-2.18583345413208,518.0879516601562,1.3706552982330322,-1.2200605869293213,0.060396432876586914,0.0,0.0,12.321611404418945,0.8416986465454102
20.85623550415039,1.6458148956298828,-1.0213507413864136,-0.09032465517520905,-0.1469539999961853,3.4862871170043945,461.2669677734375,-1.9237122535705566,518.2172241210938,1.7271623611450195,-0.8741117715835571,0.05712580680847168,0.0,0.0,12.321611404418945,0.8731863498687744
20.856735229492188,1.8560649156570435,-0.6165367960929871,-0.10160395503044128,-0.18509633839130402,3.787064552307129,526.1554565429688,-1.6618149280548096,518.3345336914062,2.003331422805786,-0.41962242126464844,0.05730438232421875,0.0,0.0,12.321611404418945,0.8343062400817871
20.857236862182617,1.9538555145263672,-0.1422775685787201,-0.08549067378044128,-0.1832357496023178,4.050143241882324,526.1554565429688,-1.4013973474502563,518.3870239257812,2.1186513900756836,0.03154682740569115,0.01810622215270996,0.0,0.0,12.321611404418945,0.8316450119018555
20.857736587524414,1.9147394895553589,0.3455314338207245,-0.045207470655441284,-0.1655600219964981,4.3132219314575195,526.1554565429688,-1.142601490020752,518.3702392578125,2.0925214290618896,0.47401633858680725,-0.03302884101867676,0.0,0.0,12.321611404418945,0.827362060546875
20.85823631286621,1.7621859312057495,0.806240439414978,-0.035539500415325165,-0.1581176221370697,4.576298713684082,526.1554565429688,-0.8858015537261963,518.2698364257812,1.9926989078521729,0.9118126034736633,-0.08370637893676758,0.0,0.0,12.321611404418945,0.8210854530334473
20.858736038208008,1.4883724451065063,1.2195229530334473,-0.032316844910383224,-0.1432328075170517,4.781847953796387,472.9390563964844,-0.6312553882598877,518.076904296875,1.6720623970031738,1.2795639038085938,-0.11438512802124023,0.0,0.0,12.321611404418945,0.8700821399688721
20.859235763549805,1.1265476942062378,1.521016240119934,0.020856982097029686,-0.09764807671308517,5.017844200134277,472.9390563964844,-0.3781874179840088,517.8258056640625,1.3112092018127441,1.5154341459274292,-0.16341519355773926,0.0,0.0,12.321611404418945,0.8871538639068604
20.8597354888916,0.7285396456718445,1.7429019212722778,0.051472216844558716,-0.05578454211354256,5.311841011047363,526.1554565429688,-0.12607407569885254,517.5399780273438,0.8993452787399292,1.7824900150299072,-0.16965246200561523,0.0,0.0,12.321611404418945,0.8452706336975098
20.8602352142334,0.23763138055801392,1.864854097366333,0.06919682770967484,-0.03996942192316055,5.574917793273926,526.1554565429688,0.12615060806274414,517.2648315429688,0.37161195278167725,1.8150287866592407,-0.15658783912658691,0.0,0.0,12.321611404418945,0.8344182968139648
20.860736846923828,-0.2650122344493866,1.8580790758132935,0.09336674958467484,0.04468793794512749,5.838566780090332,526.68212890625,0.37924790382385254,517.0322875976562,-0.17482686042785645,1.7931523323059082,-0.11042904853820801,0.0,0.0,12.321611404418945,0.8238663673400879
20.861236572265625,-0.7617886066436768,1.7259643077850342,0.10948003083467484,0.09678477793931961,6.101906776428223,526.68212890625,0.6346156597137451,516.900146484375,-0.7104334831237793,1.586348533630371,-0.04168510437011719,0.0,0.0,12.321611404418945,0.815894603729248
20.861736297607422,-1.204779863357544,1.4803657531738281,0.11914799362421036,0.12283318489789963,0.09311246871948242,536.8932495117188,0.8926117420196533,516.8812866210938,-1.2169936895370483,1.2967522144317627,0.0332484245300293,0.0,0.0,12.321611404418945,0.7994992733001709
20.86223602294922,-1.557803750038147,1.119590163230896,0.10948003083467484,0.14329981803894043,0.3615565299987793,536.8932495117188,1.153315782546997,516.9765625,-1.582574486732483,0.9572619795799255,0.04574728012084961,0.0,0.0,12.321611404418945,0.7917592525482178
20.862735748291016,-1.8071695566177368,0.6944503784179688,0.11592534184455872,0.17493002116680145,0.5486750602722168,461.72821044921875,1.4138696193695068,517.0632934570312,-1.8785960674285889,0.560107409954071,0.039432525634765625,0.0,0.0,12.321611404418945,0.86519455909729
20.863235473632812,-1.932341456413269,0.25406721234321594,0.0820874497294426,0.19818755984306335,0.7790770530700684,461.72821044921875,1.6741435527801514,517.1364135742188,-2.0629303455352783,0.07304269820451736,0.033525943756103516,0.0,0.0,12.321611404418945,0.895066499710083
20.86373519897461,-1.939186692237854,-0.19478489458560944,0.056306201964616776,0.18144214153289795,1.079587459564209,526.1554565429688,1.93312668800354,517.1536865234375,-2.0888354778289795,-0.37758028507232666,-0.011416435241699219,0.0,0.0,12.321611404418945,0.853539228439331
20.86423683166504,-1.8179265260696411,-0.662268877029419,0.024079637601971626,0.16469673812389374,1.3426661491394043,526.1554565429688,2.189687967300415,517.0687255859375,-1.9951316118240356,-0.7697368860244751,-0.07890653610229492,0.0,0.0,12.321611404418945,0.8470218181610107
20.864736557006836,-1.5822514295578003,-1.090795874595642,0.004743701312690973,0.12004228681325912,1.6173510551452637,536.8932495117188,2.443662405014038,516.8767700195312,-1.7754935026168823,-1.1575006246566772,-0.1236119270324707,0.0,0.0,12.321611404418945,0.8263113498687744
20.865236282348633,-1.2350949048995972,-1.4549591541290283,-0.021037548780441284,0.10887868702411652,1.8857989311218262,536.8932495117188,2.696342706680298,516.6348876953125,-1.4313284158706665,-1.5277479887008667,-0.1361861228942871,0.0,0.0,12.321611404418945,0.8105437755584717
20.86573600769043,-0.7950370907783508,-1.7124136686325073,-0.016203563660383224,0.10236658155918121,2.14320707321167,526.68212890625,2.9484426975250244,516.3735961914062,-0.9708839058876038,-1.7074600458145142,-0.15263652801513672,0.0,0.0,12.321611404418945,0.8052356243133545
20.866235733032227,-0.2943498194217682,-1.861466884613037,-0.06454340368509293,0.009336507879197598,2.4065470695495605,526.68212890625,-3.0825068950653076,516.1237182617188,-0.4071314334869385,-1.8097317218780518,-0.10903573036193848,0.0,0.0,12.321611404418945,0.7941317558288574
20.866735458374023,0.20829378068447113,-1.8750168085098267,-0.09032465517520905,-0.04276032745838165,2.610715389251709,471.99407958984375,-2.8292415142059326,515.9221801757812,0.09503310918807983,-1.8166327476501465,-0.08873462677001953,0.0,0.0,12.321611404418945,0.843228816986084
20.86723518371582,0.671820878982544,-1.7666150331497192,-0.07743403315544128,-0.05578454211354256,2.8467135429382324,471.99407958984375,-2.5739078521728516,515.8118286132812,0.6169707775115967,-1.6407028436660767,-0.036468505859375,0.0,0.0,12.321611404418945,0.8625643253326416
20.867733001708984,1.0972100496292114,-1.5650547742843628,-0.11449457705020905,-0.11997529119253159,3.1412997245788574,526.68212890625,-2.316922903060913,515.7733764648438,1.0959925651550293,-1.4177614450454712,0.005112171173095703,0.0,0.0,12.321611404418945,0.8249630928039551
20.868234634399414,1.476637840270996,-1.2466237545013428,-0.10966059565544128,-0.1655600219964981,3.4046435356140137,526.68212890625,-2.057398796081543,515.84228515625,1.5243533849716187,-1.0862971544265747,0.039312124252319336,0.0,0.0,12.321611404418945,0.8211431503295898
20.86873435974121,1.754362940788269,-0.8401159048080444,-0.10643793642520905,-0.19346903264522552,3.6790213584899902,536.8932495117188,-1.7976409196853638,515.9193725585938,1.8353166580200195,-0.6931398510932922,0.03761625289916992,0.0,0.0,12.321611404418945,0.806523323059082
20.869234085083008,1.9157172441482544,-0.37093833088874817,-0.0871020033955574,-0.1618388295173645,3.94746732711792,536.8932495117188,-1.538120985031128,515.9848022460938,2.060643196105957,-0.24228999018669128,0.022118330001831055,0.0,0.0,12.321611404418945,0.7975974082946777
20.869733810424805,1.9421205520629883,0.12872757017612457,-0.0629320815205574,-0.1702115386724472,4.2043070793151855,526.1554565429688,-1.2804011106491089,515.9732666015625,2.0864474773406982,0.1986173689365387,-0.023847341537475586,0.0,0.0,12.321611404418945,0.7984771728515625
20.8702335357666,1.8365068435668945,0.6165366172790527,-0.033928174525499344,-0.1423025131225586,4.467385768890381,526.1554565429688,-1.024482011795044,515.88623046875,2.0009305477142334,0.665104329586029,-0.05392098426818848,0.0,0.0,12.321611404418945,0.7913174629211426
20.8707332611084,1.6135444641113281,1.0569204092025757,-0.01136957947164774,-0.11067228764295578,4.661317348480225,462.1903991699219,-0.7700181007385254,515.7399291992188,1.797035574913025,1.0954922437667847,-0.08200263977050781,0.0,0.0,12.321611404418945,0.8518500328063965
20.871231079101562,1.301592230796814,1.3939826488494873,0.009577685035765171,-0.08555416017770767,4.8919501304626465,462.1903991699219,-0.5169680118560791,515.5371704101562,1.485834002494812,1.3883931636810303,-0.1312730312347412,0.0,0.0,12.321611404418945,0.8742668628692627
20.871732711791992,0.9162974953651428,1.6548255681991577,0.056306201964616776,-0.03624822199344635,5.203797817230225,536.8932495117188,-0.2654154300689697,515.27587890625,1.0870022773742676,1.6201956272125244,-0.15465641021728516,0.0,0.0,12.321611404418945,0.813971996307373
20.87223243713379,0.458638072013855,1.8343662023544312,0.056306201964616776,-0.028805820271372795,5.472245693206787,536.8932495117188,-0.014562368392944336,514.9908447265625,0.6175824999809265,1.8211208581924438,-0.14156770706176758,0.0,0.0,12.321611404418945,0.7963776588439941
20.872732162475586,-0.05769669637084007,1.8716295957565308,0.07564213871955872,0.02515161968767643,5.729653835296631,526.68212890625,0.23699283599853516,514.7412109375,0.13115933537483215,1.7798279523849487,-0.13980603218078613,0.0,0.0,12.321611404418945,0.7905244827270508
20.873231887817383,-0.5544725060462952,1.8004902601242065,0.07725346833467484,0.059572745114564896,5.992995738983154,526.68212890625,0.4904899597167969,514.5785522460938,-0.4328461289405823,1.7016892433166504,-0.07042741775512695,0.0,0.0,12.321611404418945,0.7806797027587891
20.87373161315918,-1.024845004081726,1.6023176908493042,0.09658940136432648,0.10608778148889542,6.26680326461792,536.3568725585938,0.7460029125213623,514.5040893554688,-0.9468930959701538,1.4811573028564453,-0.005964517593383789,0.0,0.0,12.321611404418945,0.7623848915100098
20.874231338500977,-1.424808382987976,1.2821931838989258,0.07886479049921036,0.12004229426383972,0.2517986297607422,536.3568725585938,1.00435471534729,514.5504760742188,-1.3957157135009766,1.148464322090149,0.049396514892578125,0.0,0.0,12.321611404418945,0.7525560855865479
20.874731063842773,-1.7084015607833862,0.8926231861114502,0.08531010895967484,0.14981190860271454,0.4398002624511719,462.1903991699219,1.261200189590454,514.5318603515625,-1.726381778717041,0.9730778932571411,-0.03254270553588867,0.0,0.0,12.321611404418945,0.8213999271392822
20.875232696533203,-1.8863798379898071,0.4624025225639343,0.06919682770967484,0.15167252719402313,0.6708965301513672,462.1903991699219,1.5204484462738037,514.615234375,-1.9516676664352417,0.34136632084846497,0.048682212829589844,0.0,0.0,12.321611404418945,0.8495519161224365
20.875732421875,-1.938209056854248,0.013550427742302418,0.056306201964616776,0.13120590150356293,0.9828205108642578,536.8932495117188,1.7790415287017822,514.6690673828125,-2.036069393157959,-0.08832923322916031,0.006443500518798828,0.0,0.0,12.321611404418945,0.7962210178375244
20.876232147216797,-1.8795346021652222,-0.47425898909568787,0.024079637601971626,0.14795131981372833,1.2507305145263672,536.8932495117188,2.03570294380188,514.6407470703125,-2.027958393096924,-0.5324288606643677,-0.03701496124267578,0.0,0.0,12.321611404418945,0.7849724292755127
20.876731872558594,-1.6839536428451538,-0.9349680542945862,0.028913622722029686,0.13957859575748444,1.5191764831542969,536.8932495117188,2.290818452835083,514.5479736328125,-1.829645037651062,-0.9624009728431702,-0.06479263305664062,0.0,0.0,12.321611404418945,0.7716419696807861
20.87723159790039,-1.3690677881240845,-1.331312894821167,0.009577685035765171,0.12097259610891342,1.7876243591308594,536.8932495117188,2.5445334911346436,514.398193359375,-1.540757179260254,-1.3152518272399902,-0.09631967544555664,0.0,0.0,12.321611404418945,0.7569091320037842
20.877731323242188,-0.9612811207771301,-1.6378872394561768,-0.037150830030441284,0.054921235889196396,2.056070327758789,536.8932495117188,2.797356367111206,514.2142944335938,-1.1403775215148926,-1.616232991218567,-0.09948348999023438,0.0,0.0,12.321611404418945,0.741286039352417
20.878231048583984,-0.48015156388282776,-1.824203372001648,-0.035539500415325165,0.04282733425498009,2.3245162963867188,536.8932495117188,3.050147294998169,514.0328979492188,-0.670180082321167,-1.7665212154388428,-0.10048294067382812,0.0,0.0,12.321611404418945,0.7256309986114502
20.878732681274414,0.030315116047859192,-1.885179877281189,-0.058098096400499344,-0.014851311221718788,2.511709213256836,461.72821044921875,-2.9793591499328613,513.8927612304688,-0.1342901736497879,-1.8118385076522827,-0.06544113159179688,0.0,0.0,12.321611404418945,0.7921171188354492
20.87923240661621,0.495798259973526,-1.8309786319732666,-0.059709422290325165,-0.04369062930345535,2.742574691772461,461.72821044921875,-2.7246150970458984,513.8004150390625,0.3981383144855499,-1.736637830734253,-0.02068185806274414,0.0,0.0,12.321611404418945,0.8159956932067871
20.879732131958008,0.9319443106651306,-1.6649878025054932,-0.07743403315544128,-0.06508754938840866,3.0552730560302734,537.4307250976562,-2.4682211875915527,513.7793579101562,0.9039589166641235,-1.5437670946121216,0.027484416961669922,0.0,0.0,12.321611404418945,0.7596912384033203
20.880231857299805,1.3367972373962402,-1.373657464981079,-0.09193598479032516,-0.11439348757266998,3.3234500885009766,537.4307250976562,-2.210043430328369,513.83349609375,1.2861707210540771,-1.2722411155700684,0.03045034408569336,0.0,0.0,12.321611404418945,0.7496919631958008
20.8807315826416,1.6604838371276855,-0.9891687035560608,-0.08226801455020905,-0.1423025131225586,3.6031932830810547,547.6311645507812,-1.9504404067993164,513.9464721679688,1.6890350580215454,-0.9094280004501343,0.05703234672546387,0.0,0.0,12.321611404418945,0.7295517921447754
20.8812313079834,1.8687776327133179,-0.526766300201416,-0.06937739253044128,-0.12183588743209839,3.8770084381103516,547.6311645507812,-1.6911723613739014,514.0428466796875,1.954337477684021,-0.4620134234428406,0.05958199501037598,0.0,0.0,12.321611404418945,0.7150044441223145
20.881731033325195,1.938209056854248,-0.02710042893886566,-0.054875437170267105,-0.12462678551673889,4.069568634033203,472.4660949707031,-1.433206558227539,514.0824584960938,2.0298683643341064,-0.01648653671145439,0.025507211685180664,0.0,0.0,12.321611404418945,0.7804102897644043
20.882232666015625,1.882468581199646,0.43530210852622986,-0.035539500415325165,-0.11904498189687729,4.305803298950195,472.4660949707031,-1.1759873628616333,514.0899047851562,1.9905002117156982,0.4530143141746521,8.249282836914062e-05,0.0,0.0,12.321611404418945,0.8013949394226074
20.882732391357422,1.722091794013977,0.8621350526809692,-0.0033129393123090267,-0.09671777486801147,4.61168098449707,536.8932495117188,-0.9203286170959473,514.0315551757812,1.9017963409423828,0.8873937726020813,-0.04297304153442383,0.0,0.0,12.321611404418945,0.7511758804321289
20.88323211669922,1.43556547164917,1.2635612487792969,-0.004924267530441284,-0.11253288388252258,4.880128860473633,536.8932495117188,-0.6663353443145752,513.9044189453125,1.6527761220932007,1.2320581674575806,-0.0932166576385498,0.0,0.0,12.321611404418945,0.7367215156555176
20.883731842041016,1.0375580787658691,1.5938490629196167,0.028913622722029686,-0.05764514207839966,5.14915657043457,537.4307250976562,-0.4128754138946533,513.7576293945312,1.2458230257034302,1.5866239070892334,-0.08211731910705566,0.0,0.0,12.321611404418945,0.721153736114502
20.88422966003418,0.5740309357643127,1.8004902601242065,0.043415576219558716,-0.0008967986213974655,5.417333602905273,537.4307250976562,-0.15942811965942383,513.6134643554688,0.7983034253120422,1.775438904762268,-0.09255480766296387,0.0,0.0,12.321611404418945,0.7064237594604492
20.884729385375977,0.0655197873711586,1.8885669708251953,0.057917527854442596,-0.029736123979091644,5.685470104217529,536.8932495117188,0.09438967704772949,513.488037109375,0.24154070019721985,1.8242928981781006,-0.0553431510925293,0.0,0.0,12.321611404418945,0.6921048164367676
20.885229110717773,-0.4566820561885834,1.8309786319732666,0.059528857469558716,0.04561823606491089,5.953917026519775,536.8932495117188,0.3496847152709961,513.42724609375,-0.26929208636283875,1.7622913122177124,-0.02726912498474121,0.0,0.0,12.321611404418945,0.6789531707763672
20.885730743408203,-0.9358556270599365,1.6582127809524536,0.06758549809455872,0.0763181522488594,6.15322732925415,472.9390563964844,0.6066563129425049,513.438232421875,-0.8092159032821655,1.601358413696289,0.03228020668029785,0.0,0.0,12.321611404418945,0.7366147041320801
20.88623046875,-1.3191946744918823,1.3838200569152832,0.06919682770967484,0.10701808333396912,0.10650920867919922,472.9390563964844,0.8653271198272705,513.520263671875,-1.2146251201629639,1.3343799114227295,0.0442352294921875,0.0,0.0,12.321611404418945,0.7588179111480713
20.886730194091797,-1.6311465501785278,1.0332070589065552,0.09658940136432648,0.12469379603862762,0.4232053756713867,547.0841064453125,1.1249735355377197,513.6416015625,-1.5846168994903564,0.9612678289413452,0.07181262969970703,0.0,0.0,12.321611404418945,0.701768159866333
20.887229919433594,-1.8472636938095093,0.57757967710495,0.05308354273438454,0.12748469412326813,0.696746826171875,547.0841064453125,1.385305643081665,513.7892456054688,-1.85801100730896,0.5540167093276978,0.0670018196105957,0.0,0.0,12.321611404418945,0.68855881690979
20.88772964477539,-1.944076418876648,0.09146421402692795,0.051472216844558716,0.12097259610891342,0.9598531723022461,537.4307250976562,1.6448838710784912,513.9020385742188,-2.0417940616607666,0.09907332062721252,0.04868364334106445,0.0,0.0,12.321611404418945,0.6850306987762451
20.888227462768555,-1.8834463357925415,-0.4200577437877655,0.012800341472029686,0.10422717034816742,1.2280302047729492,537.4307250976562,1.9028599262237549,513.9450073242188,-1.971007227897644,-0.33262717723846436,0.006213665008544922,0.0,0.0,12.321611404418945,0.6748297214508057
20.88872718811035,-1.7025337219238281,-0.89601069688797,-0.004924267530441284,0.08283025771379471,1.4961671829223633,536.8932495117188,2.159877061843872,513.94677734375,-1.8309826850891113,-0.8075774312019348,-0.002628326416015625,0.0,0.0,12.321611404418945,0.6637098789215088
20.88922882080078,-1.3905819654464722,-1.3075997829437256,-0.021037548780441284,0.05306063964962959,1.7646150588989258,536.8932495117188,2.4161455631256104,513.9169921875,-1.5500723123550415,-1.1684123277664185,-0.02849578857421875,0.0,0.0,12.321611404418945,0.6515305042266846
20.889728546142578,-0.9886626601219177,-1.6243371963500977,-0.029094189405441284,0.02608191967010498,1.963414192199707,472.4660949707031,2.6720330715179443,513.8720703125,-1.1485579013824463,-1.4680200815200806,-0.023403644561767578,0.0,0.0,12.321611404418945,0.7086188793182373
20.890228271484375,-0.568163275718689,-1.814041018486023,-0.032316844910383224,0.016778914257884026,2.199648857116699,472.4660949707031,2.9280588626861572,513.8338623046875,-0.7501122355461121,-1.7233364582061768,-0.026080608367919922,0.0,0.0,12.321611404418945,0.728410005569458
20.890727996826172,-0.09290111809968948,-1.891954779624939,-0.056486766785383224,-0.021363412961363792,2.505526542663574,536.8932495117188,-3.098869562149048,513.80615234375,-0.24802742898464203,-1.7552622556686401,-0.01212930679321289,0.0,0.0,12.321611404418945,0.6787896156311035
20.89122772216797,0.3960515558719635,-1.861466884613037,-0.06615473330020905,-0.026945218443870544,2.7739744186401367,536.8932495117188,-2.8423051834106445,513.7919921875,0.23243200778961182,-1.8152836561203003,-0.0009267330169677734,0.0,0.0,12.321611404418945,0.6669058799743652
20.891727447509766,0.886960506439209,-1.6954760551452637,-0.06937739253044128,-0.05857544392347336,3.043002128601074,537.4307250976562,-2.5840041637420654,513.8512573242188,0.7677732110023499,-1.6148427724838257,0.05750083923339844,0.0,0.0,12.321611404418945,0.6561789512634277
20.892227172851562,1.307459831237793,-1.4109207391738892,-0.08549067378044128,-0.09950866550207138,3.3117170333862305,537.4307250976562,-2.3240342140197754,513.9793090820312,1.1972336769104004,-1.4070509672164917,0.05877089500427246,0.0,0.0,12.321611404418945,0.6474342346191406
20.892728805541992,1.6379919052124023,-1.0213507413864136,-0.045207470655441284,-0.07811176031827927,3.567704200744629,526.1554565429688,-2.0629100799560547,514.153076171875,1.5964951515197754,-1.0020205974578857,0.10318684577941895,0.0,0.0,12.321611404418945,0.6525712013244629
20.89322853088379,1.8511751890182495,-0.5708046555519104,-0.051652781665325165,-0.09671777486801147,3.8307838439941406,526.1554565429688,-1.8021161556243896,514.3093872070312,1.8528517484664917,-0.6017014384269714,0.08887934684753418,0.0,0.0,12.321611404418945,0.6502852439880371
20.893728256225586,1.9362534284591675,-0.08468900620937347,-0.035539500415325165,-0.11718438565731049,4.035821914672852,472.4660949707031,-1.5417304039001465,514.445068359375,1.9836980104446411,-0.16239088773727417,0.060739994049072266,0.0,0.0,12.321611404418945,0.7056331634521484
20.894227981567383,1.8981150388717651,0.37432584166526794,-0.029094189405441284,-0.10229957848787308,4.272055625915527,472.4660949707031,-1.2821077108383179,514.5457763671875,1.9919015169143677,0.3089478611946106,0.0366063117980957,0.0,0.0,12.321611404418945,0.7290220260620117
20.89472770690918,1.7504509687423706,0.8130154013633728,-0.019426221027970314,-0.09299656748771667,4.5779337882995605,536.8932495117188,-1.0239360332489014,514.5834350585938,1.8804881572723389,0.7760589718818665,0.015882492065429688,0.0,0.0,12.321611404418945,0.6813158988952637
20.895227432250977,1.4678362607955933,1.2212170362472534,-0.006535595748573542,-0.09113596379756927,4.846381187438965,536.8932495117188,-0.7673609256744385,514.5532836914062,1.6417632102966309,1.111037254333496,-0.037383317947387695,0.0,0.0,12.321611404418945,0.6694436073303223
20.895727157592773,1.090364694595337,1.5565860271453857,0.028913622722029686,-0.04276032745838165,5.114828586578369,536.8932495117188,-0.5113847255706787,514.49853515625,1.2986422777175903,1.466568946838379,-0.04228615760803223,0.0,0.0,12.321611404418945,0.6569724082946777
20.896228790283203,0.63270503282547,1.7903281450271606,0.030524950474500656,-0.026945220306515694,5.383275985717773,536.8932495117188,-0.2554337978363037,514.444091796875,0.8227158188819885,1.7391715049743652,-0.01525425910949707,0.0,0.0,12.321611404418945,0.6444754600524902
20.896728515625,0.12810543179512024,1.885179877281189,0.057917527854442596,-0.01671190932393074,5.640681743621826,526.68212890625,0.0009074211120605469,514.4071044921875,0.3315052092075348,1.7872123718261719,-0.01314544677734375,0.0,0.0,12.321611404418945,0.6434111595153809
20.897228240966797,-0.38627293705940247,1.8546916246414185,0.057917527854442596,0.05026973783969879,5.903494834899902,526.68212890625,0.2591402530670166,514.4506225585938,-0.2387310266494751,1.7618553638458252,0.04697012901306152,0.0,0.0,12.321611404418945,0.6388306617736816
20.897727966308594,-0.8537117838859558,1.6920884847640991,0.0659741684794426,0.0753878578543663,6.108743190765381,472.9390563964844,0.5182898044586182,514.5316162109375,-0.6895069479942322,1.6590009927749634,0.047063589096069336,0.0,0.0,12.321611404418945,0.6927323341369629
20.89822769165039,-1.2585645914077759,1.4414087533950806,0.0659741684794426,0.09771507233381271,0.06202507019042969,472.9390563964844,0.7795233726501465,514.6984252929688,-1.1800336837768555,1.3589935302734375,0.10727262496948242,0.0,0.0,12.321611404418945,0.7174983024597168
20.898727416992188,-1.5744279623031616,1.097570776939392,0.07725346833467484,0.13027560710906982,0.36711549758911133,536.3568725585938,1.0416810512542725,514.9005737304688,-1.522188425064087,1.0295639038085938,0.10625219345092773,0.0,0.0,12.321611404418945,0.6745655536651611
20.899227142333984,-1.8198823928833008,0.6724314093589783,0.08047612011432648,0.13957861065864563,0.6352925300598145,536.3568725585938,1.3046562671661377,515.1326904296875,-1.8628875017166138,0.6083975434303284,0.12244510650634766,0.0,0.0,12.321611404418945,0.6693637371063232
20.899728775024414,-1.9254961013793945,0.19139738380908966,0.06919682770967484,0.13306650519371033,0.9046311378479004,537.4307250976562,1.566681146621704,515.3200073242188,-2.0127954483032227,0.19403061270713806,0.07987070083618164,0.0,0.0,12.321611404418945,0.6620500087738037
20.90022850036621,-1.9010485410690308,-0.31504347920417786,0.024079637601971626,0.12562409043312073,1.1733455657958984,537.4307250976562,1.8276917934417725,515.4608154296875,-2.0147271156311035,-0.29446133971214294,0.060051918029785156,0.0,0.0,12.321611404418945,0.654346227645874
20.900728225708008,-1.7582744359970093,-0.7926904559135437,0.01441167015582323,0.10143627971410751,1.360152244567871,461.72821044921875,2.0873000621795654,515.5396728515625,-1.902091145515442,-0.7928487062454224,0.0502324104309082,0.0,0.0,12.321611404418945,0.7271478176116943
20.901226043701172,-1.509886384010315,-1.1754850149154663,-0.012980908155441284,0.083760567009449,1.5905547142028809,461.72821044921875,2.345878839492798,515.5736083984375,-1.6611326932907104,-1.1520541906356812,0.002910614013671875,0.0,0.0,12.321611404418945,0.755324125289917
20.90172576904297,-1.1803323030471802,-1.4888347387313843,-0.022648876532912254,0.0632939413189888,1.9026713371276855,536.8932495117188,2.6031057834625244,515.5498657226562,-1.3449921607971191,-1.4677599668502808,-0.031826019287109375,0.0,0.0,12.321611404418945,0.7004344463348389
20.902225494384766,-0.7480979561805725,-1.7395142316818237,-0.046818796545267105,0.05306064337491989,2.17111873626709,536.8932495117188,2.859203577041626,515.4793701171875,-0.9291648864746094,-1.7380393743515015,-0.03713703155517578,0.0,0.0,12.321611404418945,0.6880848407745361
20.902725219726562,-0.2591451406478882,-1.8682419061660767,-0.056486766785383224,0.015848612412810326,2.451766014099121,548.1793212890625,3.1156294345855713,515.4241943359375,-0.43144479393959045,-1.8449896574020386,-0.0323333740234375,0.0,0.0,12.321611404418945,0.6638634204864502
20.903226852416992,0.2630566954612732,-1.8682419061660767,-0.07743403315544128,-0.01857251301407814,2.7258543968200684,548.1793212890625,-2.9111077785491943,515.371337890625,0.12001796066761017,-1.8258576393127441,0.0067212581634521484,0.0,0.0,12.321611404418945,0.6462235450744629
20.90372657775879,0.7735233902931213,-1.72935152053833,-0.10160395503044128,-0.08276326209306717,2.9877328872680664,536.8932495117188,-2.651995897293091,515.4314575195312,0.6513392925262451,-1.6669114828109741,0.05469536781311035,0.0,0.0,12.321611404418945,0.6434569358825684
20.904226303100586,1.2155367136001587,-1.4685090780258179,-0.09193598479032516,-0.09764807671308517,3.2561769485473633,536.8932495117188,-2.3906280994415283,515.5850219726562,1.1396064758300781,-1.4191585779190063,0.09763145446777344,0.0,0.0,12.321611404418945,0.636380672454834
20.904726028442383,1.5754060745239258,-1.1094274520874023,-0.08387934416532516,-0.11532378941774368,3.4432973861694336,461.72821044921875,-2.127249002456665,515.81982421875,1.5710632801055908,-1.0542713403701782,0.1376819610595703,0.0,0.0,12.321611404418945,0.712639331817627
20.905223846435547,1.8013023138046265,-0.7113884687423706,-0.07582270354032516,-0.1311388909816742,3.6736998558044434,461.72821044921875,-1.8640533685684204,516.0420532226562,1.8442448377609253,-0.6514485478401184,0.12599444389343262,0.0,0.0,12.321611404418945,0.7454323768615723
20.905723571777344,1.9294079542160034,-0.2794741094112396,-0.07582270354032516,-0.155326709151268,3.9858198165893555,536.8932495117188,-1.6016278266906738,516.2271118164062,2.0456714630126953,-0.21139153838157654,0.10010361671447754,0.0,0.0,12.321611404418945,0.6957378387451172
20.90622329711914,1.9391865730285645,0.21511033177375793,-0.048430126160383224,-0.1469539999961853,4.25426721572876,536.8932495117188,-1.3396793603897095,516.3881225585938,2.101670503616333,0.2800632417201996,0.07354474067687988,0.0,0.0,12.321611404418945,0.6892390251159668
20.906723022460938,1.807169795036316,0.7012258172035217,-0.019426221027970314,-0.1357904076576233,4.522711277008057,536.8932495117188,-1.0791003704071045,516.48828125,1.9909861087799072,0.7376384139060974,0.0351715087890625,0.0,0.0,12.321611404418945,0.6813740730285645
20.907224655151367,1.5548697710037231,1.1314464807510376,-0.01136957947164774,-0.10322988033294678,4.791158676147461,536.8932495117188,-0.8203051090240479,516.51123046875,1.8040393590927124,1.1443915367126465,-0.013334512710571289,0.0,0.0,12.321611404418945,0.6717219352722168
20.907724380493164,1.180332064628601,1.4956097602844238,-0.0033129393123090267,-0.11160258203744888,5.059606075286865,536.8932495117188,-0.5629875659942627,516.4718017578125,1.365139365196228,1.4231420755386353,-0.0298311710357666,0.0,0.0,12.321611404418945,0.6605916023254395
20.90822410583496,0.7344072461128235,1.749677300453186,0.032136280089616776,-0.04648153483867645,5.3280534744262695,536.8932495117188,-0.3061516284942627,516.4129028320312,0.9711481332778931,1.706475019454956,-0.03951406478881836,0.0,0.0,12.321611404418945,0.6489806175231934
20.908723831176758,0.23567523062229156,1.8750168085098267,0.048249561339616776,-0.012990705668926239,5.5273637771606445,472.9390563964844,-0.04900217056274414,516.3685913085938,0.4408641457557678,1.811397910118103,-0.017943620681762695,0.0,0.0,12.321611404418945,0.7068195343017578
20.909223556518555,-0.23763100802898407,1.8784047365188599,0.046638231724500656,0.019569816067814827,5.763357162475586,472.9390563964844,0.2088761329650879,516.355712890625,-0.07062795013189316,1.8043111562728882,0.0021233558654785156,0.0,0.0,12.321611404418945,0.7287044525146484
20.90972328186035,-0.697246789932251,1.7666150331497192,0.059528857469558716,0.05120003968477249,6.057926654815674,526.68212890625,0.4682128429412842,516.404541015625,-0.5889725685119629,1.6812100410461426,0.04080629348754883,0.0,0.0,12.321611404418945,0.6934714317321777
20.91022300720215,-1.1568623781204224,1.5362603664398193,0.10303471237421036,0.11166958510875702,0.03808164596557617,526.68212890625,0.7295465469360352,516.536376953125,-1.089089274406433,1.4057974815368652,0.10193705558776855,0.0,0.0,12.321611404418945,0.691464900970459
20.910724639892578,-1.5294443368911743,1.195810317993164,0.09658940136432648,0.14143919944763184,0.3002805709838867,525.6298217773438,0.9936420917510986,516.7813720703125,-1.5272936820983887,1.0194929838180542,0.16124629974365234,0.0,0.0,12.321611404418945,0.6933615207672119
20.911224365234375,-1.7915233373641968,0.782527506351471,0.08692143112421036,0.18051184713840485,0.5630970001220703,525.6298217773438,1.2585241794586182,517.05419921875,-1.8769408464431763,0.6502137184143066,0.1515207290649414,0.0,0.0,12.321611404418945,0.6954271793365479
20.911724090576172,-1.9372310638427734,0.29979953169822693,0.07080814987421036,0.14888161420822144,0.8380899429321289,536.8932495117188,1.5234434604644775,517.3228759765625,-2.002549409866333,0.13094061613082886,0.15489435195922852,0.0,0.0,12.321611404418945,0.6853535175323486
20.91222381591797,-1.938209056854248,-0.19647842645645142,0.056306201964616776,0.13492710888385773,1.1065373420715332,536.8932495117188,1.7862379550933838,517.4965209960938,-2.0507848262786865,-0.24491803348064423,0.07598495483398438,0.0,0.0,12.321611404418945,0.6797006130218506
20.912723541259766,-1.8179265260696411,-0.6825942993164062,0.019245654344558716,0.12655439972877502,1.2942285537719727,462.1903991699219,2.0474016666412354,517.5980224609375,-1.9432196617126465,-0.713552713394165,0.04778909683227539,0.0,0.0,12.321611404418945,0.7531731128692627
20.913223266601562,-1.5998536348342896,-1.0874080657958984,-0.016203563660383224,0.10608777403831482,1.524864673614502,462.1903991699219,2.3071343898773193,517.6370849609375,-1.7577860355377197,-1.139963984489441,0.0113372802734375,0.0,0.0,12.321611404418945,0.7822697162628174
20.913724899291992,-1.2947471141815186,-1.4193897247314453,-0.008146923966705799,0.09399387240409851,1.8251018524169922,526.1554565429688,2.565319299697876,517.6102905273438,-1.4624148607254028,-1.4660019874572754,-0.0357666015625,0.0,0.0,12.321611404418945,0.7402174472808838
20.91422462463379,-0.8791372776031494,-1.6920884847640991,-0.041984815150499344,0.0856211706995964,2.088181972503662,526.1554565429688,2.8218414783477783,517.5142822265625,-1.0574321746826172,-1.710884928703308,-0.061850547790527344,0.0,0.0,12.321611404418945,0.7336595058441162
20.914724349975586,-0.40974271297454834,-1.847916603088379,-0.059709422290325165,0.03445462882518768,2.3512587547302246,526.1554565429688,3.077733278274536,517.393798828125,-0.5773957967758179,-1.8327003717422485,-0.0694284439086914,0.0,0.0,12.321611404418945,0.7264745235443115
20.915224075317383,0.10854780673980713,-1.891954779624939,-0.0871020033955574,-0.005548304412513971,2.614337205886841,526.1554565429688,-2.9489197731018066,517.302978515625,0.0017148045590147376,-1.8207755088806152,-0.01963210105895996,0.0,0.0,12.321611404418945,0.7199282646179199
20.91572380065918,0.603367805480957,-1.7971030473709106,-0.10482660681009293,-0.051133036613464355,2.8896021842956543,537.4307250976562,-2.6904525756835938,517.2953491210938,0.5215065479278564,-1.7354869842529297,0.013004064559936523,0.0,0.0,12.321611404418945,0.7031307220458984
20.916223526000977,1.0766741037368774,-1.5802990198135376,-0.10804926604032516,-0.09764807671308517,3.1583166122436523,537.4307250976562,-2.4302799701690674,517.359619140625,1.0398972034454346,-1.4785422086715698,0.07415199279785156,0.0,0.0,12.321611404418945,0.6945891380310059
20.916723251342773,1.4658807516098022,-1.2517049312591553,-0.11771723628044128,-0.1311388909816742,3.3446242809295654,461.2669677734375,-2.167158603668213,517.5463256835938,1.483891487121582,-1.1251741647720337,0.1203615665435791,0.0,0.0,12.321611404418945,0.7714028358459473
20.917224884033203,1.7348047494888306,-0.8807666897773743,-0.08387934416532516,-0.1339298039674759,3.575258731842041,461.2669677734375,-1.902839183807373,517.779541015625,1.8476744890213013,-0.7029083371162415,0.14145207405090332,0.0,0.0,12.321611404418945,0.8050875663757324
20.917724609375,1.9127835035324097,-0.45732128620147705,-0.1193285658955574,-0.20277206599712372,3.8882248401641846,537.4307250976562,-1.6387066841125488,517.9998779296875,2.0631630420684814,-0.24269837141036987,0.12374424934387207,0.0,0.0,12.321611404418945,0.756253719329834
20.918222427368164,1.971457600593567,0.030488142743706703,-0.10482660681009293,-0.21486595273017883,4.156401634216309,537.4307250976562,-1.3754050731658936,518.180419921875,2.1770896911621094,0.22025668621063232,0.07823514938354492,0.0,0.0,12.321611404418945,0.7513785362243652
20.91872215270996,1.882468342781067,0.5233786106109619,-0.045207470655441284,-0.1823054403066635,4.412928104400635,526.1554565429688,-1.11379075050354,518.2862548828125,2.1052494049072266,0.6812533736228943,0.028584003448486328,0.0,0.0,12.321611404418945,0.7564663887023926
20.919221878051758,1.6751521825790405,0.9705374240875244,-0.024260204285383224,-0.1460237056016922,4.676006317138672,526.1554565429688,-0.8545510768890381,518.2902221679688,1.907957911491394,1.1100709438323975,-0.016869306564331055,0.0,0.0,12.321611404418945,0.7526278495788574
20.919721603393555,1.353421688079834,1.3651882410049438,0.04502690210938454,-0.11718439310789108,4.950692176818848,536.8932495117188,-0.5973234176635742,518.2095336914062,1.5795224905014038,1.4586931467056274,-0.05557441711425781,0.0,0.0,12.321611404418945,0.7351698875427246
20.92022132873535,0.9319441914558411,1.6548255681991577,0.027302294969558716,-0.08090266585350037,5.219138145446777,536.8932495117188,-0.3410491943359375,518.0903930664062,1.1472690105438232,1.689953088760376,-0.08326458930969238,0.0,0.0,12.321611404418945,0.7229981422424316
20.92072105407715,0.4547260105609894,1.8411411046981812,0.059528857469558716,-0.03438762202858925,5.418450355529785,472.9390563964844,-0.08516335487365723,517.9577026367188,0.6358346343040466,1.8783797025680542,-0.069122314453125,0.0,0.0,12.321611404418945,0.7795720100402832
20.921222686767578,-0.038138337433338165,1.885179877281189,0.06919682770967484,0.0028244054410606623,5.654919147491455,472.9390563964844,0.17139935493469238,517.8563232421875,0.05864131450653076,1.7919273376464844,-0.03188157081604004,0.0,0.0,12.321611404418945,0.7996659278869629
20.921722412109375,-0.5036213397979736,1.824203372001648,0.11109135299921036,0.0753878578543663,5.961169242858887,537.4307250976562,0.428941011428833,517.7980346679688,-0.41561806201934814,1.7335880994796753,-0.021381855010986328,0.0,0.0,12.321611404418945,0.7509570121765137
20.92222023010254,-0.9818172454833984,1.6429691314697266,0.13526128232479095,0.11539079248905182,6.22934627532959,537.4307250976562,0.6886303424835205,517.8313598632812,-0.9575871229171753,1.523500680923462,0.045058250427246094,0.0,0.0,12.321611404418945,0.742469310760498
20.922719955444336,-1.3993831872940063,1.333006739616394,0.13526128232479095,0.15818461775779724,0.2137155532836914,536.3568725585938,0.9517576694488525,518.0086059570312,-1.4264755249023438,1.1465479135513306,0.11490297317504883,0.0,0.0,12.321611404418945,0.7380421161651611
20.923219680786133,-1.7113350629806519,0.9349680542945862,0.10948003083467484,0.17120882868766785,0.48189258575439453,536.3568725585938,1.2162868976593018,518.24072265625,-1.776149034500122,0.7515882253646851,0.1272258758544922,0.0,0.0,12.321611404418945,0.7343943119049072
20.92371940612793,-1.8951815366744995,0.47425898909568787,0.10948003083467484,0.17493003606796265,0.7506518363952637,536.8932495117188,1.4803273677825928,518.4473876953125,-1.997409462928772,0.3617948293685913,0.08419227600097656,0.0,0.0,12.321611404418945,0.7296755313873291
20.924219131469727,-1.958745002746582,-0.03218146786093712,0.06436283886432648,0.17306943237781525,1.0190978050231934,536.8932495117188,1.7429888248443604,518.5916748046875,-2.0985825061798096,-0.13205650448799133,0.06352519989013672,0.0,0.0,12.321611404418945,0.723891019821167
20.924720764160156,-1.8863798379898071,-0.5301538109779358,0.046638231724500656,0.15911491215229034,1.2067923545837402,462.1903991699219,2.0042002201080322,518.6720581054688,-2.0389575958251953,-0.6161894798278809,0.032849788665771484,0.0,0.0,12.321611404418945,0.797407865524292
20.925220489501953,-1.701555848121643,-0.9451305270195007,-0.001701611210592091,0.13120590150356293,1.4378876686096191,462.1903991699219,2.2638843059539795,518.6865234375,-1.9013344049453735,-1.0485438108444214,-0.016540050506591797,0.0,0.0,12.321611404418945,0.8259966373443604
20.92572021484375,-1.4120960235595703,-1.3109875917434692,-0.008146923966705799,0.09399387240409851,1.7498106956481934,536.8932495117188,2.521576166152954,518.616943359375,-1.5770848989486694,-1.3629611730575562,-0.06574106216430664,0.0,0.0,12.321611404418945,0.7717654705047607
20.926219940185547,-1.0258232355117798,-1.6277247667312622,-0.019426221027970314,0.10236656665802002,2.0177206993103027,536.8932495117188,2.7772839069366455,518.465576171875,-1.1831257343292236,-1.6590715646743774,-0.08295202255249023,0.0,0.0,12.321611404418945,0.7595632076263428
20.926719665527344,-0.5466492772102356,-1.827591061592102,-0.041984815150499344,0.04468793421983719,2.286167621612549,536.8932495117188,3.0329716205596924,518.3165893554688,-0.6746084094047546,-1.8191914558410645,-0.07428121566772461,0.0,0.0,12.321611404418945,0.7468039989471436
20.92721939086914,-0.05769669637084007,-1.891954779624939,-0.08871332556009293,0.010266809724271297,2.5546135902404785,536.8932495117188,-2.994791030883789,518.1593627929688,-0.28937217593193054,-1.9170457124710083,-0.12467432022094727,0.0,0.0,12.321611404418945,0.7337808609008789
20.927719116210938,0.48210784792900085,-1.8445289134979248,-0.09193598479032516,-0.04369063302874565,2.7423062324523926,462.1903991699219,-2.737401008605957,518.0886840820312,0.40740275382995605,-1.7422516345977783,-0.002048969268798828,0.0,0.0,12.321611404418945,0.8034782409667969
20.928220748901367,0.9221649169921875,-1.6853134632110596,-0.12416254729032516,-0.10695108026266098,2.9734015464782715,462.1903991699219,-2.477924108505249,518.1071166992188,0.9144630432128906,-1.5688754320144653,0.0366671085357666,0.0,0.0,12.321611404418945,0.8318600654602051
20.928720474243164,1.3162606954574585,-1.4227772951126099,-0.12416254729032516,-0.1367207020521164,3.284745693206787,536.3568725585938,-2.215679883956909,518.2411499023438,1.3753801584243774,-1.221261978149414,0.091644287109375,0.0,0.0,12.321611404418945,0.7827601432800293
20.92922019958496,1.6477712392807007,-1.045063853263855,-0.10966059565544128,-0.1730024218559265,3.5529227256774902,536.3568725585938,-1.9525867700576782,518.4082641601562,1.7376103401184082,-0.8432562351226807,0.10295319557189941,0.0,0.0,12.321611404418945,0.7776761054992676
20.929719924926758,1.8785572052001953,-0.597905158996582,-0.12577387690544128,-0.21951746940612793,3.8106436729431152,526.68212890625,-1.6892642974853516,518.5813598632812,2.0146024227142334,-0.3845597505569458,0.10288643836975098,0.0,0.0,12.321611404418945,0.7832775115966797
20.930219650268555,1.964612603187561,-0.11687089502811432,-0.0951586440205574,-0.19067814946174622,4.073984622955322,526.68212890625,-1.4267596006393433,518.7162475585938,2.1431612968444824,0.04931923374533653,0.05183815956115723,0.0,0.0,12.321611404418945,0.7824411392211914
20.93071937561035,1.9196290969848633,0.37093833088874817,-0.07421137392520905,-0.1655600219964981,4.336227893829346,526.1554565429688,-1.1667619943618774,518.742919921875,2.12459135055542,0.4855998754501343,-0.006701946258544922,0.0,0.0,12.321611404418945,0.7801957130432129
20.93121910095215,1.7484949827194214,0.8435035943984985,-0.035539500415325165,-0.1618388295173645,4.599306583404541,526.1554565429688,-0.9083983898162842,518.7005615234375,1.9568424224853516,0.9423122406005859,-0.04114866256713867,0.0,0.0,12.321611404418945,0.7754807472229004
20.931720733642578,1.457079291343689,1.2533990144729614,0.0015210449928417802,-0.11811468005180359,4.804348468780518,472.4660949707031,-0.6517534255981445,518.586669921875,1.6584722995758057,1.298417568206787,-0.08255457878112793,0.0,0.0,12.321611404418945,0.8270835876464844
20.932220458984375,1.0991657972335815,1.5548920631408691,0.017634326592087746,-0.09578747302293777,5.0405802726745605,472.4660949707031,-0.39652156829833984,518.4158935546875,1.2796121835708618,1.5780469179153442,-0.11274170875549316,0.0,0.0,12.321611404418945,0.8460836410522461
20.932720184326172,0.6855118274688721,1.7700023651123047,0.05308354273438454,-0.054854243993759155,5.334850788116455,526.1554565429688,-0.14207744598388672,518.2158813476562,0.8340851664543152,1.8019657135009766,-0.11944746971130371,0.0,0.0,12.321611404418945,0.8062572479248047
20.93321990966797,0.19069157540798187,1.8716295957565308,0.059528857469558716,-0.013921009376645088,5.59792947769165,526.1554565429688,0.11225390434265137,518.0151977539062,0.32225820422172546,1.8291311264038086,-0.11470770835876465,0.0,0.0,12.321611404418945,0.7975096702575684
20.933719635009766,-0.3158634603023529,1.861466884613037,0.08853276073932648,0.036315228790044785,5.861576557159424,526.68212890625,0.3672671318054199,517.8475341796875,-0.23376290500164032,1.7805768251419067,-0.06463742256164551,0.0,0.0,12.321611404418945,0.7888760566711426
20.934219360351562,-0.8106837272644043,1.7158013582229614,0.11592534184455872,0.09678477793931961,6.124917507171631,526.68212890625,0.6247391700744629,517.7867431640625,-0.7627860903739929,1.5670557022094727,0.0006074905395507812,0.0,0.0,12.321611404418945,0.7830071449279785
20.93471908569336,-1.2419401407241821,1.4566526412963867,0.1062573716044426,0.09678477793931961,0.1161203384399414,536.8932495117188,0.8855178356170654,517.8661499023438,-1.2597296237945557,1.273308515548706,0.0671687126159668,0.0,0.0,12.321611404418945,0.769397497177124
20.935218811035156,-1.5939865112304688,1.090795874595642,0.10786870121955872,0.13492710888385773,0.3840303421020508,536.8932495117188,1.1477038860321045,518.0030517578125,-1.6405720710754395,0.9138498902320862,0.0876469612121582,0.0,0.0,12.321611404418945,0.7636735439300537
20.935718536376953,-1.8355289697647095,0.6588813662528992,0.11592534184455872,0.17865124344825745,0.5712242126464844,461.72821044921875,1.4103858470916748,518.1578369140625,-1.9408584833145142,0.5144054293632507,0.07410144805908203,0.0,0.0,12.321611404418945,0.8391616344451904
20.93621826171875,-1.9489659070968628,0.21172282099723816,0.0820874497294426,0.19260573387145996,0.8020877838134766,461.72821044921875,1.672302007675171,518.2769775390625,-2.070466995239258,0.012155798263847828,0.06540107727050781,0.0,0.0,12.321611404418945,0.8702142238616943
20.936717987060547,-1.9411425590515137,-0.23882326483726501,0.05308354273438454,0.18144214153289795,1.1025972366333008,526.1554565429688,1.9325635433197021,518.3237915039062,-2.0961737632751465,-0.4081292450428009,0.0030612945556640625,0.0,0.0,12.321611404418945,0.8299663066864014
20.937217712402344,-1.810103416442871,-0.7029197216033936,0.027302294969558716,0.17213913798332214,1.3656749725341797,526.1554565429688,2.1905128955841064,518.272705078125,-1.994310736656189,-0.8147103190422058,-0.059636592864990234,0.0,0.0,12.321611404418945,0.8248379230499268
20.93771743774414,-1.5529142618179321,-1.128058910369873,0.004743701312690973,0.14795130491256714,1.6409416198730469,537.4307250976562,2.4465620517730713,518.1428833007812,-1.7384085655212402,-1.1811599731445312,-0.10695314407348633,0.0,0.0,12.321611404418945,0.8056204319000244
20.938217163085938,-1.2018460035324097,-1.4854472875595093,-0.016203563660383224,0.09678477048873901,1.9096565246582031,537.4307250976562,2.7008392810821533,517.9412841796875,-1.400905728340149,-1.5577410459518433,-0.11979389190673828,0.0,0.0,12.321611404418945,0.7911827564239502
20.938716888427734,-0.7480979561805725,-1.7395142316818237,-0.059709422290325165,0.04189702868461609,2.165646553039551,526.1554565429688,2.9545719623565674,517.72119140625,-0.9013951420783997,-1.740524172782898,-0.11901235580444336,0.0,0.0,12.321611404418945,0.7889254093170166
20.93921661376953,-0.2552335858345032,-1.8716295957565308,-0.0790453627705574,0.02143041603267193,2.428725242614746,526.1554565429688,-3.074631690979004,517.5162963867188,-0.38670891523361206,-1.8418352603912354,-0.10208916664123535,0.0,0.0,12.321611404418945,0.7798285484313965
20.939716339111328,0.2611009180545807,-1.861466884613037,-0.10804926604032516,-0.04555123299360275,2.622157096862793,461.72821044921875,-2.8194808959960938,517.3648071289062,0.12412342429161072,-1.7391239404678345,-0.07899045944213867,0.0,0.0,12.321611404418945,0.8415474891662598
20.940216064453125,0.7031142711639404,-1.756452202796936,-0.0871020033955574,-0.06880875676870346,2.853020668029785,461.72821044921875,-2.5621492862701416,517.3081665039062,0.6468543410301208,-1.6433101892471313,-0.0323941707611084,0.0,0.0,12.321611404418945,0.8680155277252197
20.940715789794922,1.1285029649734497,-1.5515046119689941,-0.12255121767520905,-0.1264873892068863,3.1535301208496094,526.1554565429688,-2.3030128479003906,517.3286743164062,1.1639606952667236,-1.361964225769043,0.040950775146484375,0.0,0.0,12.321611404418945,0.8266425132751465
20.94121551513672,1.4942398071289062,-1.22968590259552,-0.1112719252705574,-0.1460237056016922,3.4166078567504883,526.1554565429688,-2.041720390319824,517.4390869140625,1.581534504890442,-1.0390172004699707,0.06215214729309082,0.0,0.0,12.321611404418945,0.824857234954834
20.941715240478516,1.7660976648330688,-0.8197906613349915,-0.10482660681009293,-0.18509633839130402,3.6912946701049805,536.8932495117188,-1.7804254293441772,517.5472412109375,1.885636806488037,-0.6510353088378906,0.049652814865112305,0.0,0.0,12.321611404418945,0.8114652633666992
20.942216873168945,1.9215846061706543,-0.3472253978252411,-0.09676996618509293,-0.1823054403066635,3.95974063873291,536.8932495117188,-1.519572138786316,517.634521484375,2.0676302909851074,-0.19787663221359253,0.02576279640197754,0.0,0.0,12.321611404418945,0.8038725852966309
20.942716598510742,1.9440768957138062,0.15244029462337494,-0.07260004431009293,-0.1664903312921524,4.217146873474121,526.68212890625,-1.2605504989624023,517.6429443359375,2.1059610843658447,0.282147079706192,-0.004789590835571289,0.0,0.0,12.321611404418945,0.805488109588623
20.94321632385254,1.8404179811477661,0.6368622183799744,-0.046818796545267105,-0.18137513101100922,4.479964256286621,526.68212890625,-1.0032992362976074,517.5768432617188,2.0388033390045166,0.7498047351837158,-0.042990684509277344,0.0,0.0,12.321611404418945,0.799921989440918
20.943716049194336,1.583229422569275,1.0755518674850464,-0.001701611210592091,-0.1311388909816742,4.673089027404785,461.72821044921875,-0.747647762298584,517.44482421875,1.7308058738708496,1.0652209520339966,-0.09963655471801758,0.0,0.0,12.321611404418945,0.8624489307403564
20.944215774536133,1.2908354997634888,1.4058393239974976,0.007966357283294201,-0.1274176985025406,4.903952598571777,461.72821044921875,-0.4941291809082031,517.2259521484375,1.483810544013977,1.423875331878662,-0.14031028747558594,0.0,0.0,12.321611404418945,0.8851034641265869
20.94471549987793,0.8986954092979431,1.6649878025054932,0.056306201964616776,-0.052993640303611755,5.204463005065918,526.1554565429688,-0.24191665649414062,516.9569702148438,1.0410640239715576,1.6492401361465454,-0.14971637725830078,0.0,0.0,12.321611404418945,0.8368058204650879
20.945215225219727,0.43516814708709717,1.827591061592102,0.059528857469558716,-0.030666420236229897,5.4675397872924805,526.1554565429688,0.010282516479492188,516.6929321289062,0.6015154123306274,1.7921223640441895,-0.16281390190124512,0.0,0.0,12.321611404418945,0.8259282112121582
20.945716857910156,-0.05965234711766243,1.8750168085098267,0.07564213871955872,0.021430417895317078,5.731186866760254,526.68212890625,0.26262831687927246,516.4408569335938,0.08049819618463516,1.815475344657898,-0.13561177253723145,0.0,0.0,12.321611404418945,0.8146271705627441
20.946216583251953,-0.5720747113227844,1.7937153577804565,0.10303471237421036,0.08562115579843521,5.9945268630981445,526.68212890625,0.5172266960144043,516.288818359375,-0.4838053286075592,1.6513094902038574,-0.06062936782836914,0.0,0.0,12.321611404418945,0.8058853149414062
20.94671630859375,-1.0346242189407349,1.5921552181243896,0.10948003083467484,0.11353018879890442,6.257298469543457,526.1554565429688,0.7742717266082764,516.24267578125,-0.9992455840110779,1.4173544645309448,0.01168513298034668,0.0,0.0,12.321611404418945,0.8001589775085449
20.947216033935547,-1.430675983428955,1.2855806350708008,0.10948003083467484,0.15446341037750244,0.2366652488708496,526.1554565429688,1.0336387157440186,516.295166015625,-1.4547383785247803,1.107061505317688,0.05874347686767578,0.0,0.0,12.321611404418945,0.796973466873169
20.947715759277344,-1.713290810585022,0.8909292221069336,0.0820874497294426,0.14981190860271454,0.44170713424682617,472.4660949707031,1.2941434383392334,516.3941650390625,-1.7719087600708008,0.7580448389053345,0.044467926025390625,0.0,0.0,12.321611404418945,0.8524363040924072
20.94821548461914,-1.8854020833969116,0.4640960991382599,0.0820874497294426,0.14423011243343353,0.6779398918151855,472.4660949707031,1.5539686679840088,516.4625854492188,-1.9981939792633057,0.2909510135650635,0.04432392120361328,0.0,0.0,12.321611404418945,0.8760287761688232
20.948715209960938,-1.944076418876648,0.016937928274273872,0.0740308091044426,0.14329981803894043,0.9722094535827637,526.1554565429688,1.812896490097046,516.4918823242188,-2.0818281173706055,-0.14519576728343964,-0.0005593299865722656,0.0,0.0,12.321611404418945,0.8406870365142822
20.949216842651367,-1.890291690826416,-0.4691779613494873,0.06758549809455872,0.18423302471637726,1.235288143157959,526.1554565429688,2.070101499557495,516.4480590820312,-2.05477237701416,-0.6290181875228882,-0.030468463897705078,0.0,0.0,12.321611404418945,0.8348133563995361
20.949716567993164,-1.6917767524719238,-0.9146421551704407,0.054694872349500656,0.16934822499752045,1.4983668327331543,526.1554565429688,2.3252365589141846,516.3179931640625,-1.8553630113601685,-0.9707261323928833,-0.10097360610961914,0.0,0.0,12.321611404418945,0.8268697261810303
20.95021629333496,-1.3974270820617676,-1.3092936277389526,0.019245654344558716,0.12469378858804703,1.7614436149597168,526.1554565429688,2.5786402225494385,516.1180419921875,-1.5748759508132935,-1.3800244331359863,-0.11699390411376953,0.0,0.0,12.321611404418945,0.8171966075897217
20.950716018676758,-0.9955077767372131,-1.6057053804397583,-0.053264111280441284,0.02701221965253353,1.9669947624206543,472.9390563964844,2.830700159072876,515.865966796875,-1.2018098831176758,-1.6435236930847168,-0.1494150161743164,0.0,0.0,12.321611404418945,0.8637053966522217
20.951213836669922,-0.5681631565093994,-1.8004902601242065,-0.059709422290325165,0.05120003595948219,2.202991008758545,472.9390563964844,3.0822222232818604,515.596435546875,-0.6922346949577332,-1.7975131273269653,-0.1371908187866211,0.0,0.0,12.321611404418945,0.8792312145233154
20.95171356201172,-0.11245911568403244,-1.8750168085098267,-0.07743403315544128,0.007475904654711485,2.4964194297790527,525.6298217773438,-2.9492013454437256,515.3427124023438,-0.23554439842700958,-1.8581273555755615,-0.14757061004638672,0.0,0.0,12.321611404418945,0.8375649452209473
20.952213287353516,0.3980078399181366,-1.8411411046981812,-0.10643793642520905,-0.027875518426299095,2.759232997894287,525.6298217773438,-2.6965954303741455,515.1298828125,0.32867133617401123,-1.738683819770813,-0.08707165718078613,0.0,0.0,12.321611404418945,0.8273568153381348
20.952713012695312,0.8732700943946838,-1.67853844165802,-0.11288324743509293,-0.09299656748771667,3.0347933769226074,537.4307250976562,-2.4413418769836426,515.0328979492188,0.85505610704422,-1.5511682033538818,-0.02513861656188965,0.0,0.0,12.321611404418945,0.8070502281188965
20.953214645385742,1.2996362447738647,-1.3973705768585205,-0.12416254729032516,-0.1441631019115448,3.3035082817077637,537.4307250976562,-2.1839475631713867,515.0279541015625,1.3232311010360718,-1.2462767362594604,0.029241323471069336,0.0,0.0,12.321611404418945,0.7957296371459961
20.95371437072754,1.6507047414779663,-1.0061066150665283,-0.12416254729032516,-0.18881753087043762,3.560035228729248,526.1554565429688,-1.921473503112793,515.237060546875,1.700824499130249,-0.6583145260810852,0.15351653099060059,0.0,0.0,12.321611404418945,0.8016767501831055
20.954214096069336,1.8443301916122437,-0.5758859515190125,-0.07743403315544128,-0.1581176221370697,3.8231120109558105,526.1554565429688,-1.6624267101287842,515.296875,1.9452040195465088,-0.4927321672439575,0.015120744705200195,0.0,0.0,12.321611404418945,0.7976469993591309
20.954713821411133,1.9333194494247437,-0.09654568135738373,-0.06454340368509293,-0.1525358259677887,4.028663158416748,472.9390563964844,-1.4047698974609375,515.297119140625,2.053936004638672,-0.022465741261839867,-0.005471467971801758,0.0,0.0,12.321611404418945,0.8497524261474609
20.95521354675293,1.8990925550460815,0.35908186435699463,-0.053264111280441284,-0.1516055017709732,4.265134334564209,472.9390563964844,-1.1483113765716553,515.2471313476562,2.045941114425659,0.4498748183250427,-0.03468942642211914,0.0,0.0,12.321611404418945,0.8697397708892822
20.955711364746094,1.7592521905899048,0.7977712750434875,-0.019426221027970314,-0.1450934112071991,4.558656215667725,526.1554565429688,-0.8933849334716797,515.1336669921875,1.9339172840118408,0.887259840965271,-0.07613015174865723,0.0,0.0,12.321611404418945,0.8311443328857422
20.95621109008789,1.4746819734573364,1.2025854587554932,-0.0033129393123090267,-0.11904498934745789,4.82173490524292,526.1554565429688,-0.6404232978820801,514.93994140625,1.6571376323699951,1.2098774909973145,-0.12887191772460938,0.0,0.0,12.321611404418945,0.8210272789001465
20.95671272277832,1.1197023391723633,1.5328727960586548,0.038581591099500656,-0.07811175286769867,5.084813594818115,526.1554565429688,-0.38866209983825684,514.699951171875,1.3428215980529785,1.5911051034927368,-0.141587495803833,0.0,0.0,12.321611404418945,0.8097100257873535
20.957212448120117,0.6796445846557617,1.7632272243499756,0.048249561339616776,-0.05578454211354256,5.347890377044678,526.1554565429688,-0.13741660118103027,514.443359375,0.8710184693336487,1.7713205814361572,-0.1489875316619873,0.0,0.0,12.321611404418945,0.7978787422180176
20.957712173461914,0.17504499852657318,1.8682419061660767,0.06919682770967484,0.017709216102957726,5.623157024383545,537.4307250976562,0.11379361152648926,514.1907348632812,0.34766095876693726,1.818602204322815,-0.13208842277526855,0.0,0.0,12.321611404418945,0.7738223075866699
20.95821189880371,-0.3432447910308838,1.8513039350509644,0.07725346833467484,0.04096673056483269,5.891871929168701,537.4307250976562,0.3661160469055176,513.9904174804688,-0.1824227273464203,1.7756417989730835,-0.09304666519165039,0.0,0.0,12.321611404418945,0.7574295997619629
20.958711624145508,-0.8341534733772278,1.7022514343261719,0.08853276073932648,0.09585446864366531,6.078677654266357,461.72821044921875,0.6204376220703125,513.878173828125,-0.7263583540916443,1.5949066877365112,-0.022130727767944336,0.0,0.0,12.321611404418945,0.8249454498291016
20.959211349487305,-1.2243380546569824,1.4600403308868408,0.07241947948932648,0.10887867957353592,0.026355743408203125,461.72821044921875,0.8775994777679443,513.8875732421875,-1.1781971454620361,1.3356083631515503,0.016377925872802734,0.0,0.0,12.321611404418945,0.8512437343597412
20.9597110748291,-1.5558480024337769,1.1433031558990479,0.1143140122294426,0.14795131981372833,0.3385486602783203,536.8932495117188,1.1363070011138916,513.9618530273438,-1.5871950387954712,0.9838448762893677,0.05087709426879883,0.0,0.0,12.321611404418945,0.7977583408355713
20.96021270751953,-1.8140150308609009,0.7164697647094727,0.0740308091044426,0.15260282158851624,0.6064586639404297,536.8932495117188,1.3959333896636963,514.0731201171875,-1.9210017919540405,0.5237201452255249,0.08014678955078125,0.0,0.0,12.321611404418945,0.7894747257232666
20.960712432861328,-1.929408073425293,0.23882326483726501,0.07080814987421036,0.16748762130737305,0.8632965087890625,526.1554565429688,1.6540682315826416,514.119140625,-2.0275731086730957,0.1621071845293045,0.008104324340820312,0.0,0.0,12.321611404418945,0.7907717227935791
20.961212158203125,-1.9245182275772095,-0.2608426511287689,0.048249561339616776,0.16004522144794464,1.126373291015625,526.1554565429688,1.911644697189331,514.1408081054688,-2.049952745437622,-0.36437636613845825,0.006220340728759766,0.0,0.0,12.321611404418945,0.785271406173706
20.961711883544922,-1.7885894775390625,-0.733407735824585,0.033747605979442596,0.13864831626415253,1.4010601043701172,536.8932495117188,2.167720079421997,514.0989990234375,-1.9394043684005737,-0.7832624316215515,-0.04214620590209961,0.0,0.0,12.321611404418945,0.7666599750518799
20.96221160888672,-1.519665241241455,-1.1653220653533936,-0.008146923966705799,0.10887867957353592,1.6695079803466797,536.8932495117188,2.421274423599243,513.9519653320312,-1.689315676689148,-1.1402204036712646,-0.08604717254638672,0.0,0.0,12.321611404418945,0.7517664432525635
20.962711334228516,-1.1470834016799927,-1.505772352218628,-0.024260204285383224,0.05492124706506729,1.8567008972167969,461.72821044921875,2.674326181411743,513.7869873046875,-1.336342453956604,-1.4427313804626465,-0.10931110382080078,0.0,0.0,12.321611404418945,0.8176252841949463
20.963211059570312,-0.7480980753898621,-1.7361270189285278,-0.048430126160383224,0.040966734290122986,2.087564468383789,461.72821044921875,2.9266836643218994,513.596435546875,-0.9033632278442383,-1.6795953512191772,-0.10805606842041016,0.0,0.0,12.321611404418945,0.8391191959381104
20.963712692260742,-0.31195178627967834,-1.8682419061660767,-0.06615473330020905,0.0046850042417645454,2.4002628326416016,537.4307250976562,-3.1039912700653076,513.4161376953125,-0.4397152364253998,-1.8486394882202148,-0.10065102577209473,0.0,0.0,12.321611404418945,0.7789311408996582
20.96421241760254,0.20633774995803833,-1.8750168085098267,-0.08226801455020905,-0.04555123299360275,2.6684398651123047,537.4307250976562,-2.851621150970459,513.2339477539062,0.07511961460113525,-1.7860972881317139,-0.07743191719055176,0.0,0.0,12.321611404418945,0.7631244659423828
20.964712142944336,0.6992022395133972,-1.7666150331497192,-0.10804926604032516,-0.08462385833263397,2.936574935913086,536.8932495117188,-2.596865177154541,513.1559448242188,0.6232748031616211,-1.6801702976226807,-0.018778085708618164,0.0,0.0,12.321611404418945,0.7497453689575195
20.965211868286133,1.1480611562728882,-1.5244039297103882,-0.10482660681009293,-0.09578747302293777,3.2050228118896484,536.8932495117188,-2.3401730060577393,513.1607666015625,1.0861244201660156,-1.4436628818511963,0.014443397521972656,0.0,0.0,12.321611404418945,0.7379899024963379
20.96571159362793,1.5206432342529297,-1.1771787405014038,-0.09838129580020905,-0.1292782872915268,3.4734668731689453,536.8932495117188,-2.081599235534668,513.2446899414062,1.5110816955566406,-1.0984398126602173,0.05329251289367676,0.0,0.0,12.321611404418945,0.7281193733215332
20.966211318969727,1.781744122505188,-0.7452641129493713,-0.058098096400499344,-0.09671777486801147,3.741914749145508,536.8932495117188,-1.8224326372146606,513.3516235351562,1.813499093055725,-0.6874347925186157,0.060428619384765625,0.0,0.0,12.321611404418945,0.7188382148742676
20.966711044311523,1.9147392511367798,-0.2642301619052887,-0.050041455775499344,-0.11439348757266998,3.9407176971435547,472.4660949707031,-1.5641971826553345,513.4172973632812,1.972912311553955,-0.251309871673584,0.037752389907836914,0.0,0.0,12.321611404418945,0.7782707214355469
20.967212677001953,1.9264744520187378,0.19647885859012604,-0.035539500415325165,-0.11160258203744888,4.176946640014648,472.4660949707031,-1.307079792022705,513.4344482421875,2.026467800140381,0.20122110843658447,0.006178379058837891,0.0,0.0,12.321611404418945,0.799159049987793
20.96771240234375,1.8189043998718262,0.6470247507095337,-0.014592235907912254,-0.11811468005180359,4.483409881591797,537.4307250976562,-1.0510313510894775,513.40625,1.9414453506469727,0.6392307877540588,-0.03093099594116211,0.0,0.0,12.321611404418945,0.7487444877624512
20.968210220336914,1.5822511911392212,1.0840206146240234,-0.017814891412854195,-0.11253288388252258,4.7515869140625,537.4307250976562,-0.7961914539337158,513.3278198242188,1.7499656677246094,1.0403860807418823,-0.06764745712280273,0.0,0.0,12.321611404418945,0.7354073524475098
20.96870994567871,1.235094666481018,1.4481838941574097,0.011189013719558716,-0.07532085478305817,4.992082595825195,511.32696533203125,-0.5430223941802979,513.1809692382812,1.4293655157089233,1.3805092573165894,-0.08932185173034668,0.0,0.0,12.321611404418945,0.7480807304382324
20.969209671020508,0.8126398921012878,1.7056385278701782,0.041804246604442596,-0.024154318496584892,5.247747421264648,511.32696533203125,-0.2899935245513916,513.03125,0.9987025856971741,1.6236999034881592,-0.09105682373046875,0.0,0.0,12.321611404418945,0.7454447746276855
20.969709396362305,0.34128889441490173,1.8546916246414185,0.07725346833467484,0.007475909311324358,5.541405200958252,548.1793212890625,-0.037058353424072266,512.880859375,0.5323393940925598,1.7847750186920166,-0.08243918418884277,0.0,0.0,12.321611404418945,0.7047219276428223
20.9702091217041,-0.1809125691652298,1.8784047365188599,0.07080814987421036,0.04468793421983719,5.815496921539307,548.1793212890625,0.21675872802734375,512.7706298828125,0.0008978162077255547,1.7834293842315674,-0.046781063079833984,0.0,0.0,12.321611404418945,0.6844472885131836
20.97071075439453,-0.6816003918647766,1.7666150331497192,0.07564213871955872,0.0716666579246521,6.037109851837158,497.33270263671875,0.4721059799194336,512.7271118164062,-0.5142771601676941,1.6983449459075928,-0.007441282272338867,0.0,0.0,12.321611404418945,0.7181816101074219
20.971210479736328,-1.1177459955215454,1.543035626411438,0.0659741684794426,0.09213327616453171,0.0025920867919921875,497.33270263671875,0.7299537658691406,512.78955078125,-0.9984483122825623,1.46560537815094,0.0389251708984375,0.0,0.0,12.321611404418945,0.7273616790771484
20.971710205078125,-1.4717479944229126,1.2279919385910034,0.07564213871955872,0.11632108688354492,0.2664003372192383,511.32696533203125,0.9886376857757568,512.8858032226562,-1.4021631479263306,1.2294954061508179,0.033132076263427734,0.0,0.0,12.321611404418945,0.7222373485565186
20.972209930419922,-1.7563185691833496,0.8231783509254456,0.07564213871955872,0.13120590150356293,0.5220632553100586,511.32696533203125,1.2488892078399658,513.0460205078125,-1.7706366777420044,0.7386864423751831,0.09784984588623047,0.0,0.0,12.321611404418945,0.7268259525299072
20.972707748413086,-1.9127835035324097,0.35569435358047485,0.057917527854442596,0.12469379603862762,0.8035745620727539,536.8932495117188,1.508479356765747,513.1748657226562,-1.9407293796539307,0.27044442296028137,0.09506511688232422,0.0,0.0,12.321611404418945,0.7049047946929932
20.973207473754883,-1.9352751970291138,-0.13380903005599976,0.033747605979442596,0.13492710888385773,1.0720224380493164,536.8932495117188,1.766920804977417,513.2525634765625,-1.9989585876464844,-0.10374096781015396,0.026674270629882812,0.0,0.0,12.321611404418945,0.6948983669281006
20.97370719909668,-1.8120594024658203,-0.6182305216789246,0.025690967217087746,0.0818999633193016,1.3404664993286133,536.8932495117188,2.0237109661102295,513.2590942382812,-1.9232237339019775,-0.4946646988391876,-0.030454158782958984,0.0,0.0,12.321611404418945,0.6832444667816162
20.97420883178711,-1.5890966653823853,-1.0721639394760132,0.016022996976971626,0.09492416679859161,1.6089143753051758,536.8932495117188,2.2793843746185303,513.2186889648438,-1.7278000116348267,-0.9631131887435913,-0.029362201690673828,0.0,0.0,12.321611404418945,0.6704699993133545
20.974708557128906,-1.238028645515442,-1.4498777389526367,-0.022648876532912254,0.04840913414955139,1.8773612976074219,536.8932495117188,2.5347702503204346,513.1672973632812,-1.417967438697815,-1.3527344465255737,-0.03143882751464844,0.0,0.0,12.321611404418945,0.6574089527130127
20.975208282470703,-0.7930813431739807,-1.7225764989852905,-0.056486766785383224,0.015848612412810326,2.145808219909668,536.8932495117188,2.789909601211548,513.1066284179688,-0.9843782782554626,-1.5991501808166504,-0.029436588287353516,0.0,0.0,12.321611404418945,0.6441013813018799
20.9757080078125,-0.3041286766529083,-1.8716295957565308,-0.032316844910383224,-0.01671191118657589,2.337235450744629,462.1903991699219,3.0461313724517822,513.0927124023438,-0.5005834102630615,-1.771807312965393,-0.009143829345703125,0.0,0.0,12.321611404418945,0.7088959217071533
20.976207733154297,0.15157534182071686,-1.891954779624939,-0.056486766785383224,-0.028805820271372795,2.568331718444824,462.1903991699219,-2.9810097217559814,513.0716552734375,-0.036966875195503235,-1.8394216299057007,-0.009942293167114258,0.0,0.0,12.321611404418945,0.7338442802429199
20.976707458496094,0.6229260563850403,-1.8106532096862793,-0.0709887221455574,-0.04276033118367195,2.8765363693237305,537.4307250976562,-2.7234268188476562,513.115966796875,0.5419148206710815,-1.69145667552948,0.06293964385986328,0.0,0.0,12.321611404418945,0.6832222938537598
20.97720718383789,1.0815635919570923,-1.5921552181243896,-0.0871020033955574,-0.07997235655784607,3.145254135131836,537.4307250976562,-2.4641799926757812,513.2291259765625,1.0125409364700317,-1.4650801420211792,0.09856748580932617,0.0,0.0,12.321611404418945,0.6737513542175293
20.97770881652832,1.4570797681808472,-1.2669490575790405,-0.07421137392520905,-0.10416017472743988,3.4128570556640625,536.3568725585938,-2.204284906387329,513.366943359375,1.395297884941101,-1.2287276983261108,0.08270478248596191,0.0,0.0,12.321611404418945,0.666043758392334
20.978208541870117,1.7338266372680664,-0.8553600311279297,-0.059709422290325165,-0.09764807671308517,3.681036949157715,536.3568725585938,-1.9437079429626465,513.5305786132812,1.7338597774505615,-0.8504502773284912,0.08819460868835449,0.0,0.0,12.321611404418945,0.6584405899047852
20.978708267211914,1.9010485410690308,-0.37601980566978455,-0.06454340368509293,-0.11532378941774368,3.9497690200805664,536.8932495117188,-1.683585286140442,513.6715698242188,1.9399919509887695,-0.41294631361961365,0.07434606552124023,0.0,0.0,12.321611404418945,0.6498312950134277
20.97920799255371,1.937231183052063,0.13042111694812775,-0.040373485535383224,-0.10136927664279938,4.2182159423828125,536.8932495117188,-1.4235756397247314,513.8048706054688,2.0215096473693848,0.10104627162218094,0.07405304908752441,0.0,0.0,12.321611404418945,0.6413941383361816
20.979707717895508,1.8179265260696411,0.6283932328224182,-0.019426221027970314,-0.09485717117786407,4.409646034240723,462.1903991699219,-1.1646913290023804,513.8881225585938,1.92268705368042,0.5479247570037842,0.042740821838378906,0.0,0.0,12.321611404418945,0.7088479995727539
20.980207443237305,1.6086548566818237,1.0315134525299072,-0.014592235907912254,-0.07346025109291077,4.640742301940918,462.1903991699219,-0.90781569480896,513.8850708007812,1.7442518472671509,0.9040533304214478,-0.013808250427246094,0.0,0.0,12.321611404418945,0.7346272468566895
20.9807071685791,1.3240842819213867,1.375351071357727,-9.028315253090113e-05,-0.07997235655784607,4.948389530181885,536.8932495117188,-0.6517884731292725,513.8466186523438,1.4957423210144043,1.301462173461914,-0.03205370903015137,0.0,0.0,12.321611404418945,0.6830077171325684
20.98120880126953,0.9104300141334534,1.6649878025054932,0.030524950474500656,-0.028805820271372795,5.216836929321289,536.8932495117188,-0.3963809013366699,513.7828369140625,1.0968619585037231,1.5799317359924316,-0.039626121520996094,0.0,0.0,12.321611404418945,0.6699676513671875
20.981708526611328,0.4390796720981598,1.8377540111541748,0.048249561339616776,-0.027875518426299095,5.485838413238525,537.4307250976562,-0.14135527610778809,513.7044677734375,0.645669162273407,1.7537152767181396,-0.04059886932373047,0.0,0.0,12.321611404418945,0.6559920310974121
20.982208251953125,-0.06943109631538391,1.8885669708251953,0.05308354273438454,0.013988010585308075,5.754556179046631,537.4307250976562,0.11468315124511719,513.67041015625,0.11416687816381454,1.8257944583892822,-0.006182432174682617,0.0,0.0,12.321611404418945,0.6433124542236328
20.982707977294922,-0.5877212882041931,1.7971030473709106,0.07080814987421036,0.0595727413892746,6.011631488800049,526.1554565429688,0.37187838554382324,513.6856689453125,-0.41202104091644287,1.6967060565948486,0.03748345375061035,0.0,0.0,12.321611404418945,0.6434321403503418
20.98320770263672,-1.0453811883926392,1.5870739221572876,0.06275150924921036,0.0753878578543663,6.274711608886719,526.1554565429688,0.6315836906433105,513.8062133789062,-0.9275484085083008,1.5028800964355469,0.09278130531311035,0.0,0.0,12.321611404418945,0.6400575637817383
20.983707427978516,-1.422852635383606,1.2855806350708008,0.08369877934455872,0.09678477793931961,0.19919776916503906,472.4660949707031,0.8908684253692627,513.9059448242188,-1.3498022556304932,1.42311429977417,0.039315223693847656,0.0,0.0,12.321611404418945,0.6916706562042236
20.984207153320312,-1.706445336341858,0.8960111737251282,0.06919682770967484,0.13678769767284393,0.4354281425476074,472.4660949707031,1.1531507968902588,514.1300659179688,-1.6884983777999878,0.8367695212364197,0.12921667098999023,0.0,0.0,12.321611404418945,0.7177226543426514
20.984708786010742,-1.862910270690918,0.482727974653244,0.056306201964616776,0.13120590150356293,0.7270669937133789,526.1554565429688,1.4147541522979736,514.3203735351562,-1.906693696975708,0.5313562154769897,0.05568218231201172,0.0,0.0,12.321611404418945,0.6876871585845947
20.985206604003906,-1.9362531900405884,-0.010162502527236938,0.049860887229442596,0.14609070122241974,0.9896197319030762,526.1554565429688,1.6760985851287842,514.4962768554688,-2.008044719696045,-0.03660764545202255,0.08452939987182617,0.0,0.0,12.321611404418945,0.686478853225708
20.985706329345703,-1.8668221235275269,-0.4895029664039612,0.041804246604442596,0.11539079248905182,1.263768196105957,536.8932495117188,1.936279058456421,514.6193237304688,-2.0074057579040527,-0.49862268567085266,0.04947853088378906,0.0,0.0,12.321611404418945,0.6725108623504639
20.9862060546875,-1.6712404489517212,-0.9502120018005371,0.012800341472029686,0.10980898141860962,1.5322155952453613,536.8932495117188,2.1947171688079834,514.6666259765625,-1.8499590158462524,-0.9473974704742432,0.0207672119140625,0.0,0.0,12.321611404418945,0.6625015735626221
20.986705780029297,-1.3514657020568848,-1.3482506275177002,-0.016203563660383224,0.0781787559390068,1.8006596565246582,536.8932495117188,2.452130079269409,514.669921875,-1.5377063751220703,-1.3259351253509521,0.0015606880187988281,0.0,0.0,12.321611404418945,0.651470422744751
20.987205505371094,-0.9417234063148499,-1.648050308227539,-0.012980908155441284,0.0707363486289978,2.0691070556640625,536.8932495117188,2.708589792251587,514.633056640625,-1.150834083557129,-1.6015607118606567,-0.018862247467041016,0.0,0.0,12.321611404418945,0.6394827365875244
20.98770523071289,-0.4527702331542969,-1.8343662023544312,-0.059709422290325165,0.017709214240312576,2.271618366241455,472.9390563964844,2.965404748916626,514.6119384765625,-0.6364227533340454,-1.7563714981079102,-0.00015974044799804688,0.0,0.0,12.321611404418945,0.6937863826751709
20.98820686340332,0.010757126845419407,-1.8885669708251953,-0.0629320815205574,0.0046850042417645454,2.508089065551758,472.9390563964844,-3.060359477996826,514.6168212890625,-0.16790349781513214,-1.851098656654358,-0.0004029273986816406,0.0,0.0,12.321611404418945,0.7147369384765625
20.988706588745117,0.48015156388282776,-1.8309786319732666,-0.10160395503044128,-0.052993640303611755,2.8105592727661133,536.8932495117188,-2.8023412227630615,514.646728515625,0.35773658752441406,-1.7598263025283813,0.03273153305053711,0.0,0.0,12.321611404418945,0.6702847480773926
20.989206314086914,0.957369863986969,-1.6514378786087036,-0.0951586440205574,-0.08834506571292877,3.0790066719055176,536.8932495117188,-2.5423693656921387,514.7579956054688,0.870895504951477,-1.564510464668274,0.08038902282714844,0.0,0.0,12.321611404418945,0.6618094444274902
20.989704132080078,1.3622227907180786,-1.3499443531036377,-0.09193598479032516,-0.12183588743209839,3.3469133377075195,536.8932495117188,-2.2801129817962646,514.9630126953125,1.3278790712356567,-1.2913058996200562,0.10974454879760742,0.0,0.0,12.321611404418945,0.6561589241027832
20.990203857421875,1.6692852973937988,-0.9603747129440308,-0.09193598479032516,-0.1255570948123932,3.615360736846924,536.8932495117188,-2.0173325538635254,515.1856079101562,1.6967421770095825,-0.9451199769973755,0.11025857925415039,0.0,0.0,12.321611404418945,0.6504921913146973
20.990703582763672,1.8697553873062134,-0.4911969304084778,-0.032316844910383224,-0.11346318572759628,3.883808135986328,536.8932495117188,-1.754565715789795,515.4030151367188,1.937146544456482,-0.4711228013038635,0.11723732948303223,0.0,0.0,12.321611404418945,0.6448116302490234
20.99120330810547,1.9284300804138184,0.010162502527236938,-0.032316844910383224,-0.10602078586816788,4.152255535125732,536.8932495117188,-1.4922082424163818,515.5985717773438,2.022261381149292,-0.012316089123487473,0.08730196952819824,0.0,0.0,12.321611404418945,0.6387219429016113
20.991703033447266,1.8932255506515503,0.5250725746154785,-0.038762155920267105,-0.12462678551673889,4.354763507843018,472.9390563964844,-1.2310490608215332,515.7398071289062,2.0191643238067627,0.6538791060447693,0.14570355415344238,0.0,0.0,12.321611404418945,0.6973729133605957
20.992204666137695,1.6751526594161987,0.9366615414619446,-0.017814891412854195,-0.08276325464248657,4.59123420715332,472.9390563964844,-0.9708125591278076,515.8389892578125,1.819893717765808,0.871516764163971,0.018400192260742188,0.0,0.0,12.321611404418945,0.7211384773254395
20.992704391479492,1.4003607034683228,1.3042123317718506,0.004743701312690973,-0.06415724754333496,4.882622718811035,526.1554565429688,-0.7129137516021729,515.8379516601562,1.5618976354599,1.2548282146453857,-0.009416818618774414,0.0,0.0,12.321611404418945,0.6876492500305176
20.99320411682129,1.017999529838562,1.6141743659973145,0.024079637601971626,-0.08090266585350037,5.145175457000732,526.1554565429688,-0.4559192657470703,515.799072265625,1.226977825164795,1.5822014808654785,-0.032148122787475586,0.0,0.0,12.321611404418945,0.6820907592773438
20.993703842163086,0.5544726252555847,1.814041018486023,0.07241947948932648,-0.00833920482546091,5.419320583343506,536.8932495117188,-0.19938087463378906,515.7418212890625,0.7565078139305115,1.7720630168914795,-0.032578229904174805,0.0,0.0,12.321611404418945,0.6644840240478516
20.994203567504883,0.05378514528274536,1.8885669708251953,0.040192920714616776,-0.0027573995757848024,5.68776798248291,536.8932495117188,0.057755470275878906,515.7109985351562,0.24407337605953217,1.8349642753601074,-0.018416404724121094,0.0,0.0,12.321611404418945,0.6531729698181152
20.99470329284668,-0.4664609134197235,1.8411411046981812,0.08853276073932648,0.04003642871975899,5.9567694664001465,537.4307250976562,0.3150336742401123,515.6869506835938,-0.29591649770736694,1.7720146179199219,0.0221710205078125,0.0,0.0,12.321611404418945,0.6414494514465332
20.995203018188477,-0.9515021443367004,1.651437520980835,0.08047612011432648,0.0744575560092926,6.225487232208252,537.4307250976562,0.575481653213501,515.7965087890625,-0.8239290118217468,1.548710823059082,0.08548307418823242,0.0,0.0,12.321611404418945,0.6331801414489746
20.995704650878906,-1.3651562929153442,1.3516381978988647,0.08531010895967484,0.10329687595367432,0.1324162483215332,461.2669677734375,0.8381757736206055,515.9982299804688,-1.2973581552505493,1.271720290184021,0.12949109077453613,0.0,0.0,12.321611404418945,0.7057595252990723
20.996204376220703,-1.6634174585342407,0.9976378083229065,0.06919682770967484,0.12934529781341553,0.3630490303039551,461.2669677734375,1.1021287441253662,516.2484741210938,-1.6699812412261963,0.9084489941596985,0.14288043975830078,0.0,0.0,12.321611404418945,0.7390797138214111
20.9967041015625,-1.8589987754821777,0.5911296606063843,0.07725346833467484,0.12097259610891342,0.6611232757568359,526.68212890625,1.3661777973175049,516.49755859375,-1.925089955329895,0.4604247212409973,0.14236736297607422,0.0,0.0,12.321611404418945,0.705054521560669
20.997203826904297,-1.9479881525039673,0.11856464296579361,0.06436283886432648,0.13957861065864563,0.9244637489318848,526.68212890625,1.6291778087615967,516.6971435546875,-2.0633723735809326,0.037175409495830536,0.09598493576049805,0.0,0.0,12.321611404418945,0.7047140598297119
20.997703552246094,-1.9235402345657349,-0.37093833088874817,0.06114018335938454,0.15074220299720764,1.186739444732666,526.1554565429688,1.8911693096160889,516.8502807617188,-2.092108726501465,-0.4882727265357971,0.08128118515014648,0.0,0.0,12.321611404418945,0.7044298648834229
