time_s,v_alpha_v,v_beta_v,i_alpha_a,i_beta_a,encoder_angle_rad,encoder_speed_rad_s,pll_angle_rad,pll_speed_rad_s,emf_alpha_v,emf_beta_v,phase_error_rad,locked,active,bus_voltage_v,angle_error_rad
11.093062400817871,-0.8147684931755066,0.48500189185142517,-0.011851286515593529,-0.013780532404780388,0.9123005867004395,278.90557861328125,1.0753352642059326,271.9732666015625,-0.6187912225723267,0.6440788507461548,-0.039565086364746094,1.0,0.0,12.250696182250977,0.16303467750549316
11.093562126159668,-0.8653269410133362,0.3772236704826355,-0.02474191226065159,-0.00819872971624136,0.9995555877685547,236.4695281982422,1.2091691493988037,271.8826904296875,-0.6964592337608337,0.5710739493370056,-0.05492973327636719,1.0,0.0,12.250696182250977,0.20961356163024902
11.094061851501465,-0.9032459259033203,0.2643931806087494,-0.02313058264553547,-0.005407826509326696,1.1177892684936523,236.4695281982422,1.3422505855560303,271.7624206542969,-0.7499052882194519,0.48805421590805054,-0.07837867736816406,1.0,0.0,12.250696182250977,0.22446131706237793
11.094561576843262,-0.9275527596473694,0.14819514751434326,-0.0376325361430645,-0.013780532404780388,1.2886075973510742,279.18450927734375,1.474336862564087,271.6029052734375,-0.7965612411499023,0.3923729658126831,-0.09141969680786133,1.0,0.0,12.250696182250977,0.1857292652130127
11.095062255859375,-0.940192461013794,0.031996674835681915,-0.03279855102300644,-0.03703805059194565,1.4282002449035645,279.18450927734375,1.605985403060913,271.4283752441406,-0.8414158821105957,0.28982654213905334,-0.0972900390625,1.0,0.0,12.250696182250977,0.17778515815734863
11.095561027526855,-0.9226913452148438,-0.08925402164459229,-0.01829659938812256,-0.050992559641599655,1.5543079376220703,268.4466247558594,1.7369353771209717,271.22808837890625,-0.8560218811035156,0.1935885101556778,-0.11921119689941406,1.0,0.0,12.250696182250977,0.18262743949890137
11.096060752868652,-0.9081071019172668,-0.2155560702085495,-0.01829659938812256,0.012267885729670525,1.6885299682617188,268.4466247558594,1.8670332431793213,270.996337890625,-0.8532998561859131,0.08742978423833847,-0.12927484512329102,1.0,0.0,12.250696182250977,0.17850327491760254
11.096561431884766,-0.8692159652709961,-0.3233347535133362,-0.011851286515593529,-0.010059330612421036,1.7831315994262695,236.23304748535156,1.996476411819458,270.74176025390625,-0.8448483943939209,-0.010612839832901955,-0.1443643569946289,1.0,0.0,12.250696182250977,0.21334481239318848
11.097061157226562,-0.8206021189689636,-0.42100855708122253,-0.013462615199387074,-0.029595645144581795,1.9012484550476074,236.23304748535156,2.126004457473755,270.4962463378906,-0.8297219276428223,-0.13065311312675476,-0.13045454025268555,1.0,0.0,12.250696182250977,0.22475600242614746
11.09756088256836,-0.7544873356819153,-0.5153141617774963,-0.0295758955180645,-0.012850232422351837,2.072540760040283,279.4639587402344,2.2559587955474854,270.27374267578125,-0.8015257120132446,-0.24109452962875366,-0.1246023178100586,1.0,0.0,12.250696182250977,0.18341803550720215
11.098060607910156,-0.6815664768218994,-0.6146724224090576,-0.015073942951858044,-0.008198728784918785,2.2122702598571777,279.4639587402344,2.3860151767730713,270.060302734375,-0.7582113146781921,-0.34599483013153076,-0.1189260482788086,1.0,0.0,12.250696182250977,0.17374491691589355
11.09856128692627,-0.5950339436531067,-0.7039262056350708,-0.02474191226065159,-0.028665345162153244,2.338438034057617,268.4466247558594,2.5164501667022705,269.86724853515625,-0.700522780418396,-0.4590493440628052,-0.09748125076293945,1.0,0.0,12.250696182250977,0.17801213264465332
11.099061012268066,-0.4910000264644623,-0.7696036100387573,-0.010239958763122559,-0.029595645144581795,2.472663402557373,268.4466247558594,2.647287130355835,269.695068359375,-0.6274155378341675,-0.545661985874176,-0.09273719787597656,1.0,0.0,12.250696182250977,0.17462372779846191
11.099559783935547,-0.3801603615283966,-0.8335967063903809,-0.0295758955180645,-0.03703805059194565,2.6066184043884277,268.4466247558594,2.778491258621216,269.5419616699219,-0.5407686233520508,-0.6298379898071289,-0.07851362228393555,1.0,0.0,12.250696182250977,0.17187285423278809
11.100061416625977,-0.27126553654670715,-0.8773818016052246,-0.000571989978197962,-0.007268428802490234,2.7411108016967773,268.4466247558594,2.9103119373321533,269.41802978515625,-0.4452325701713562,-0.7042697072029114,-0.064697265625,1.0,0.0,12.250696182250977,0.16920113563537598
11.100560188293457,-0.1526474803686142,-0.9043260216712952,-0.01990792714059353,-0.03703805059194565,2.8486499786376953,246.97091674804688,3.0423214435577393,269.30462646484375,-0.34401413798332214,-0.7624624967575073,-0.05687522888183594,1.0,0.0,12.250696182250977,0.19367146492004395
11.10106086730957,-0.03597443923354149,-0.9144304990768433,-0.008628630079329014,-0.023083539679646492,2.972381114959717,246.97091674804688,-3.1084113121032715,269.212158203125,-0.2372170388698578,-0.8109942674636841,-0.05011296272277832,1.0,0.0,12.250696182250977,0.2023930549621582
11.10155963897705,0.07875457406044006,-0.9177982807159424,0.010707306675612926,-0.026804741472005844,3.1088294982910156,257.7087707519531,-2.9758412837982178,269.1265869140625,-0.12194549292325974,-0.8477728962898254,-0.04102945327758789,1.0,0.0,12.250696182250977,0.19851446151733398
11.10206127166748,0.20126141607761383,-0.894221842288971,-0.005405974108725786,-0.024944141507148743,3.237941265106201,257.7087707519531,-2.8431293964385986,269.048828125,-0.008505014702677727,-0.8589539527893066,-0.040856122970581055,1.0,0.0,12.250696182250977,0.20211458206176758
11.102560043334961,0.3159901797771454,-0.860541582107544,-0.013462615199387074,-0.012850233353674412,3.380404472351074,268.984619140625,-2.710451364517212,268.9712219238281,0.09983037412166595,-0.8522450923919678,-0.04712820053100586,1.0,0.0,12.250696182250977,0.19232988357543945
11.103060722351074,0.4248849153518677,-0.8100202679634094,0.0010393380653113127,-0.02122293785214424,3.5151638984680176,268.984619140625,-2.577674388885498,268.8994140625,0.21754910051822662,-0.8234499096870422,-0.03825545310974121,1.0,0.0,12.250696182250977,0.19034719467163086
11.103558540344238,0.5337803959846497,-0.7493951320648193,-0.010239958763122559,-0.014710834249854088,3.648127555847168,268.1784362792969,-2.4451026916503906,268.82049560546875,0.3181140422821045,-0.799929678440094,-0.050743818283081055,1.0,0.0,12.250696182250977,0.1899552345275879
11.104061126708984,0.6319805979728699,-0.6736137270927429,0.007484650705009699,-0.013780533336102962,3.7827534675598145,268.1784362792969,-2.312828540802002,268.730712890625,0.4277983009815216,-0.7549607753753662,-0.04605388641357422,1.0,0.0,12.250696182250977,0.18760347366333008
11.104558944702148,0.7078182697296143,-0.5894119143486023,0.03165457025170326,0.031804200261831284,3.900913715362549,255.66348266601562,-2.180771827697754,268.63360595703125,0.517914891242981,-0.70624178647995,-0.0610504150390625,1.0,0.0,12.250696182250977,0.20149993896484375
11.105060577392578,0.7817111611366272,-0.49510595202445984,0.05260183662176132,0.02157089300453663,4.029257774353027,255.66348266601562,-2.0494823455810547,268.5063171386719,0.6056385040283203,-0.6453825235366821,-0.07162141799926758,1.0,0.0,12.250696182250977,0.20444536209106445
11.105559349060059,0.8332415223121643,-0.39237990975379944,-0.0021833181381225586,0.0011042776750400662,4.134984493255615,237.36334228515625,-1.9190295934677124,268.3465576171875,0.6641097068786621,-0.5780080556869507,-0.10138630867004395,1.0,0.0,12.250696182250977,0.2291712760925293
11.106060981750488,0.8789390921592712,-0.2930220663547516,0.012318634428083897,-0.007268428802490234,4.254139423370361,237.36334228515625,-1.789115309715271,268.16754150390625,0.741112470626831,-0.49375832080841064,-0.10299992561340332,1.0,0.0,12.250696182250977,0.2399306297302246
11.106558799743652,0.911996603012085,-0.18861183524131775,-0.010239958763122559,0.02622239664196968,4.410912036895752,268.7153625488281,-1.6596136093139648,267.97491455078125,0.7968299984931946,-0.39829114079475403,-0.10853028297424316,1.0,0.0,12.250696182250977,0.2126598358154297
11.107061386108398,0.9275525212287903,-0.06062513589859009,0.03809988498687744,0.02622239664196968,4.545804977416992,268.7153625488281,-1.530690312385559,267.76202392578125,0.8446121215820312,-0.2997058033943176,-0.11515069007873535,1.0,0.0,12.250696182250977,0.20669031143188477
11.107558250427246,0.9168576598167419,0.052205123007297516,0.02359793148934841,0.02343149483203888,4.665817737579346,257.7087707519531,-1.402222990989685,267.534423828125,0.8621346950531006,-0.20411303639411926,-0.13541340827941895,1.0,0.0,12.250696182250977,0.21514463424682617
11.108057975769043,0.906162679195404,0.16503538191318512,0.03165457025170326,0.02250119112432003,4.79467248916626,257.7087707519531,-1.2745896577835083,267.2766418457031,0.866712749004364,-0.10228122025728226,-0.1483478546142578,1.0,0.0,12.250696182250977,0.21392345428466797
11.10855770111084,0.8808832168579102,0.28291764855384827,0.007484650705009699,0.017849691212177277,4.921310901641846,255.90719604492188,-1.1474906206130981,267.0018310546875,0.8657435178756714,0.009525743313133717,-0.14724326133728027,0.0,0.0,12.250696182250977,0.2143840789794922
11.109060287475586,0.8322694897651672,0.3873279094696045,0.01715261861681938,0.02715269848704338,5.049775123596191,255.90719604492188,-1.0203063488006592,266.7364196777344,0.8502299189567566,0.11879739165306091,-0.1468651294708252,0.0,0.0,12.250696182250977,0.2131037712097168
11.10955810546875,0.7807386517524719,0.4900539517402649,0.007484650705009699,-0.0026169249322265387,5.155318260192871,237.36334228515625,-0.8932874202728271,266.4696044921875,0.8260097503662109,0.2254883050918579,-0.14647841453552246,0.0,0.0,12.250696182250977,0.23457956314086914
11.110057830810547,0.7117069363594055,0.5759395360946655,0.012318634428083897,0.05041021481156349,5.273999214172363,237.36334228515625,-0.7659823894500732,266.2204284667969,0.77320796251297,0.33172574639320374,-0.13519954681396484,0.0,0.0,12.250696182250977,0.24320363998413086
11.110557556152344,0.627118706703186,0.6550893187522888,0.02359793148934841,0.010407284833490849,5.43094539642334,268.4466247558594,-0.6389470100402832,265.96514892578125,0.7216783165931702,0.416944682598114,-0.1439037322998047,0.0,0.0,12.250696182250977,0.21329307556152344
11.111058235168457,0.5425307154655457,0.727502703666687,0.013929963111877441,0.030873900279402733,5.565170764923096,268.4466247558594,-0.5118997097015381,265.7156677246094,0.6568645238876343,0.5039170980453491,-0.1406865119934082,0.0,0.0,12.250696182250977,0.2061152458190918
11.111557006835938,0.4423864185810089,0.7965482473373413,0.009095978923141956,0.02622239664196968,5.685914516448975,257.7087707519531,-0.3847794532775879,265.4745178222656,0.5784499049186707,0.5904285907745361,-0.12673234939575195,0.0,0.0,12.250696182250977,0.21249151229858398
11.112056732177734,0.3334909677505493,0.8437011241912842,0.009095978923141956,0.033664803951978683,5.814769268035889,257.7087707519531,-0.25748372077941895,265.2458801269531,0.4970943033695221,0.6533495187759399,-0.1295166015625,0.0,0.0,12.250696182250977,0.21093225479125977
11.112557411193848,0.22848504781723022,0.8841180205345154,0.03165457025170326,0.02250119112432003,5.904277324676514,225.72088623046875,-0.13006067276000977,265.0274353027344,0.3977367579936981,0.7171136140823364,-0.11308073997497559,0.0,0.0,12.250696182250977,0.24884748458862305
11.113059043884277,0.12153470516204834,0.900958240032196,0.015541290864348412,-0.02029263973236084,6.0175909996032715,225.72088623046875,-0.0020377635955810547,264.83868408203125,0.29608607292175293,0.7645131945610046,-0.10435819625854492,0.0,0.0,12.250696182250977,0.26355695724487305
11.113556861877441,0.010695093311369419,0.9076944589614868,0.007484650705009699,0.030873902142047882,6.1825947761535645,268.4466247558594,0.1262359619140625,264.6645202636719,0.19231478869915009,0.814601719379425,-0.09510588645935059,0.0,0.0,12.250696182250977,0.22682666778564453
11.114059448242188,-0.11181211471557617,0.900958240032196,0.009095978923141956,0.009476983919739723,0.03416872024536133,268.4466247558594,0.25447869300842285,264.49267578125,0.0858878418803215,0.8305076956748962,-0.0947270393371582,0.0,0.0,12.250696182250977,0.22030997276306152
11.114557266235352,-0.22848528623580933,0.8841180205345154,0.02359793148934841,0.017849691212177277,0.15463876724243164,257.7087707519531,0.38258790969848633,264.31884765625,-0.02252611704170704,0.8460659980773926,-0.09333372116088867,0.0,0.0,12.250696182250977,0.2279491424560547
11.115058898925781,-0.3412691652774811,0.8470689058303833,0.02359793148934841,0.004825480282306671,0.28400754928588867,257.7087707519531,0.5112545490264893,264.1720886230469,-0.144209623336792,0.8371830582618713,-0.07811951637268066,0.0,0.0,12.250696182250977,0.22724699974060059
11.115556716918945,-0.45210888981819153,0.7931800484657288,0.02359793148934841,0.017849691212177277,0.42589664459228516,268.7153625488281,0.639840841293335,264.02496337890625,-0.24659723043441772,0.8088245391845703,-0.08151555061340332,0.0,0.0,12.250696182250977,0.2139441967010498
11.116057395935059,-0.5541980862617493,0.7342386841773987,0.005873322486877441,0.033664803951978683,0.5602555274963379,268.7153625488281,0.7685449123382568,263.8858947753906,-0.3579670190811157,0.7845591306686401,-0.07822227478027344,0.0,0.0,12.250696182250977,0.20828938484191895
11.116556167602539,-0.6407306790351868,0.6517211198806763,0.0010393380653113127,0.001104277791455388,0.6279172897338867,214.75732421875,0.8970754146575928,263.7424621582031,-0.446786493062973,0.7287179827690125,-0.08496761322021484,0.0,0.0,12.250696182250977,0.26915812492370605
11.117055892944336,-0.718513011932373,0.5776234865188599,0.015541290864348412,0.04668901488184929,0.7352962493896484,214.75732421875,1.0254194736480713,263.59423828125,-0.5465713143348694,0.6760515570640564,-0.08357048034667969,0.0,0.0,12.250696182250977,0.29012322425842285
11.117555618286133,-0.7778217792510986,0.4883697032928467,-0.0037946461234241724,0.01319818664342165,0.9087681770324707,268.4466247558594,1.153761625289917,263.4489440917969,-0.6263822317123413,0.6041033267974854,-0.08846092224121094,0.0,0.0,12.250696182250977,0.2449934482574463
11.118056297302246,-0.8371308445930481,0.38564345240592957,-0.02313058264553547,0.005755782127380371,1.0429935455322266,268.4466247558594,1.2815783023834229,263.28472900390625,-0.7055200338363647,0.5276265144348145,-0.09128332138061523,0.0,0.0,12.250696182250977,0.2385847568511963
11.118556022644043,-0.886716902256012,0.27281343936920166,0.012318634428083897,0.0038951796013861895,1.1639976501464844,257.7087707519531,1.4090368747711182,263.10894775390625,-0.7617020606994629,0.43681344389915466,-0.09749794006347656,0.0,0.0,12.250696182250977,0.2450392246246338
11.11905574798584,-0.9110240340232849,0.15661536157131195,-0.01829659938812256,-0.0007563235703855753,1.2928524017333984,257.7087707519531,1.5363776683807373,262.9317626953125,-0.8147692084312439,0.34431353211402893,-0.10418415069580078,0.0,0.0,12.250696182250977,0.24352526664733887
11.119556427001953,-0.9265806078910828,0.035364679992198944,-0.011851286515593529,0.006686082575470209,1.4217071533203125,257.7087707519531,1.6631462574005127,262.73431396484375,-0.8460566401481628,0.24348051846027374,-0.11156034469604492,0.0,0.0,12.250696182250977,0.2414391040802002
11.12005615234375,-0.9158851504325867,-0.0808337926864624,-0.03440988063812256,-0.013780533336102962,1.5505619049072266,257.7087707519531,1.7894175052642822,262.5201110839844,-0.8587471842765808,0.14558078348636627,-0.12582015991210938,0.0,0.0,12.250696182250977,0.23885560035705566
11.12055492401123,-0.897412121295929,-0.1936638504266739,-0.02635324001312256,-0.012850233353674412,1.6527438163757324,236.23304748535156,1.915029764175415,262.2827453613281,-0.8618411421775818,0.046935539692640305,-0.13819169998168945,0.0,0.0,12.250696182250977,0.2622859477996826
11.121054649353027,-0.8701881766319275,-0.30144208669662476,-0.04246652126312256,-0.024013841524720192,1.7708611488342285,236.23304748535156,2.040015459060669,262.0240173339844,-0.8424959778785706,-0.0540938675403595,-0.14493513107299805,0.0,0.0,12.250696182250977,0.26915431022644043
11.12155532836914,-0.8254637122154236,-0.3991159200668335,-0.007017302326858044,-0.03703805059194565,1.9157071113586426,257.96673583984375,2.1646625995635986,261.75653076171875,-0.8267174363136292,-0.15069349110126495,-0.1537008285522461,0.0,0.0,12.250696182250977,0.24895548820495605
11.122055053710938,-0.7710159420967102,-0.5068941712379456,-0.05857980251312256,-0.03703805059194565,2.0446887016296387,257.96673583984375,2.288792848587036,261.4730224609375,-0.8001469969749451,-0.251228004693985,-0.15418243408203125,0.0,0.0,12.250696182250977,0.24410414695739746
11.122554779052734,-0.6951784491539001,-0.597832202911377,-0.01668527163565159,-0.01843203604221344,2.173356533050537,257.7087707519531,2.413203001022339,261.2071533203125,-0.7499000430107117,-0.3536243438720703,-0.1423969268798828,0.0,0.0,12.250696182250977,0.23984646797180176
11.123054504394531,-0.616424024105072,-0.6870859861373901,-0.03602120652794838,-0.04261985421180725,2.302211284637451,257.7087707519531,2.5376899242401123,260.9501647949219,-0.6905031204223633,-0.44526851177215576,-0.13500308990478516,0.0,0.0,12.250696182250977,0.23547863960266113
11.123555183410645,-0.526002049446106,-0.756131112575531,-0.011851286515593529,-0.026804741472005844,2.415958881378174,245.4369354248047,2.6624834537506104,260.7114562988281,-0.6243306994438171,-0.5323479175567627,-0.12670040130615234,0.0,0.0,12.250696182250977,0.24652457237243652
11.124054908752441,-0.42099639773368835,-0.813388466835022,-0.01829659938812256,-0.024944143369793892,2.5386786460876465,245.4369354248047,2.7874691486358643,260.4858093261719,-0.5416666865348816,-0.6008644104003906,-0.12076091766357422,0.0,0.0,12.250696182250977,0.24879050254821777
11.124553680419922,-0.3121010363101959,-0.8571732044219971,-0.03602120652794838,-0.029595645144581795,2.6649632453918457,248.66635131835938,2.9128353595733643,260.281005859375,-0.45447656512260437,-0.6699231266975403,-0.10873126983642578,0.0,0.0,12.250696182250977,0.24787211418151855
11.125054359436035,-0.2070949673652649,-0.8908540606498718,-0.01668527163565159,-0.027735043317079544,2.7892956733703613,248.66635131835938,3.038825273513794,260.106689453125,-0.3496858775615692,-0.7225050330162048,-0.08949089050292969,0.0,0.0,12.250696182250977,0.24952960014343262
11.125554084777832,-0.08653289079666138,-0.9144304990768433,-0.01990792714059353,-0.04075925424695015,2.9250664710998535,257.96673583984375,-3.1178581714630127,259.95751953125,-0.24769431352615356,-0.77503502368927,-0.07465291023254395,0.0,0.0,12.250696182250977,0.24026060104370117
11.126053810119629,0.02625136263668537,-0.9177982807159424,-0.008628630079329014,-0.010059330612421036,3.054047107696533,257.96673583984375,-2.9909780025482178,259.8272705078125,-0.1472673863172531,-0.8068403005599976,-0.07285857200622559,0.0,0.0,12.250696182250977,0.2381606101989746
11.126553535461426,0.13903586566448212,-0.9076944589614868,0.004261994268745184,-0.030525945127010345,3.1827149391174316,257.7087707519531,-2.8640832901000977,259.7004699707031,-0.04395134374499321,-0.8343828320503235,-0.07196474075317383,0.0,0.0,12.250696182250977,0.2363872528076172
11.127056121826172,0.26348721981048584,-0.8773818016052246,-0.010239958763122559,-0.03703805059194565,3.312084674835205,257.7087707519531,-2.737673759460449,259.55584716796875,0.05544932931661606,-0.828157365322113,-0.07906365394592285,0.0,0.0,12.250696182250977,0.2334270477294922
11.127553939819336,0.3704376518726349,-0.8403328657150269,-0.01668527163565159,-0.01843203604221344,3.4142794609069824,236.4695281982422,-2.610677719116211,259.43896484375,0.1761724352836609,-0.8092121481895447,-0.05858325958251953,0.0,0.0,12.250696182250977,0.2582283020019531
11.12805461883545,0.4686379134654999,-0.7948639988899231,-0.0021833181381225586,-0.013780533336102962,3.532749652862549,236.4695281982422,-2.483609199523926,259.3275146484375,0.2751826345920563,-0.7949233055114746,-0.06689596176147461,0.0,0.0,12.250696182250977,0.2668266296386719
11.12855339050293,0.5775326490402222,-0.7275028824806213,-0.01990792714059353,-0.06866827607154846,3.676659107208252,257.7087707519531,-2.3569142818450928,259.2027893066406,0.37991926074028015,-0.7721214890480042,-0.06972455978393555,0.0,0.0,12.250696182250977,0.24961233139038086
11.129053115844727,0.6553148627281189,-0.6534050703048706,0.005873322486877441,0.02622239664196968,3.805513858795166,257.7087707519531,-2.2299540042877197,259.0917663574219,0.4767763614654541,-0.7096489071846008,-0.062447547912597656,0.0,0.0,12.250696182250977,0.24771738052368164
11.129552841186523,0.7360137104988098,-0.5607835054397583,-0.000571989978197962,-0.012850233353674412,3.93436861038208,257.7087707519531,-2.1034092903137207,258.9656066894531,0.5657895803451538,-0.661994993686676,-0.07354211807250977,0.0,0.0,12.250696182250977,0.2454075813293457
11.13005256652832,0.8050459027290344,-0.4681616723537445,-0.02635324001312256,-0.005407826974987984,4.063223361968994,257.7087707519531,-1.9770716428756714,258.8334655761719,0.6501748561859131,-0.5894381999969482,-0.07285261154174805,0.0,0.0,12.250696182250977,0.2428903579711914
11.130553245544434,0.8653269410133362,-0.3570152223110199,-0.013462615199387074,-0.01657143607735634,4.205292224884033,268.4466247558594,-1.8510112762451172,258.6923522949219,0.7190492153167725,-0.5162613987922668,-0.08535194396972656,0.0,0.0,12.250696182250977,0.2268819808959961
11.13105297088623,0.9061623215675354,-0.23913274705410004,0.03326589986681938,-0.0007563235703855753,4.339518070220947,268.4466247558594,-1.725314974784851,258.5389099121094,0.7876900434494019,-0.4292243719100952,-0.08744931221008301,0.0,0.0,12.250696182250977,0.2183523178100586
11.131552696228027,0.9343584179878235,-0.1229344829916954,0.015541290864348412,-0.005407826974987984,4.420868396759033,225.49517822265625,-1.5998235940933228,258.380126953125,0.8387002944946289,-0.3283969759941101,-0.08737063407897949,0.0,0.0,12.250696182250977,0.2624936103820801
11.13205337524414,0.9343585968017578,-0.015156441368162632,0.026820586994290352,-0.008198728784918785,4.533613681793213,225.49517822265625,-1.4746769666671753,258.2101135253906,0.8604485988616943,-0.23664122819900513,-0.10794925689697266,0.0,0.0,12.250696182250977,0.27489471435546875
11.132552146911621,0.9314420223236084,0.09430581331253052,0.018763946369290352,0.013198185712099075,4.698968410491943,268.4466247558594,-1.3505100011825562,258.0025329589844,0.8685677647590637,-0.14361156523227692,-0.12787699699401855,0.0,0.0,12.250696182250977,0.23370695114135742
11.133052825927734,0.9110240936279297,0.21724028885364532,0.02359793148934841,-0.006338127423077822,4.833460330963135,268.4466247558594,-1.226967692375183,257.7730712890625,0.8710471987724304,-0.03754056617617607,-0.13086867332458496,0.0,0.0,12.250696182250977,0.22275733947753906
11.133551597595215,0.8779667019844055,0.3283865451812744,0.012318634428083897,0.02250119484961033,4.954207897186279,257.7087707519531,-1.1038484573364258,257.5306701660156,0.8485178351402283,0.0610957108438015,-0.1393108367919922,0.0,0.0,12.250696182250977,0.2251291275024414
11.134052276611328,0.8264356255531311,0.4378487765789032,0.018763946369290352,0.035525403916835785,5.083062648773193,257.7087707519531,-0.9807765483856201,257.2914123535156,0.832382082939148,0.1737615466117859,-0.12865710258483887,0.0,0.0,12.250696182250977,0.2193465232849121
11.134552001953125,0.7583765387535095,0.5355228185653687,0.04615652561187744,0.04761931672692299,5.212234973907471,257.96673583984375,-0.8578298091888428,257.0519104003906,0.8075382113456726,0.2698378562927246,-0.1351795196533203,0.0,0.0,12.250696182250977,0.2131209373474121
11.135051727294922,0.6864278316497803,0.6331966519355774,0.018763946369290352,0.009476983919739723,5.34121561050415,257.96673583984375,-0.7350609302520752,256.80999755859375,0.7496394515037537,0.3608280420303345,-0.13205361366271973,0.0,0.0,12.250696182250977,0.2069087028503418
11.135552406311035,0.5989229679107666,0.7106622457504272,0.03326589986681938,0.04203750565648079,5.430226802825928,225.49517822265625,-0.6120133399963379,256.5848693847656,0.6915419697761536,0.4529303014278412,-0.12404322624206543,0.0,0.0,12.250696182250977,0.24094533920288086
11.136052131652832,0.5162793397903442,0.7729713916778564,0.007484650705009699,0.032734502106904984,5.542973041534424,225.49517822265625,-0.4887049198150635,256.3754577636719,0.6200729012489319,0.5391156673431396,-0.11168837547302246,0.0,0.0,12.250696182250977,0.2515072822570801
11.136551856994629,0.4190516173839569,0.830228865146637,0.0010393380653113127,0.014128487557172775,5.695375919342041,257.7087707519531,-0.36509108543395996,256.1833190917969,0.5332266092300415,0.6073445677757263,-0.10082888603210449,0.0,0.0,12.250696182250977,0.2227187156677246
11.137051582336426,0.3121010363101959,0.8740136027336121,0.00265066628344357,0.02622239664196968,5.824230670928955,257.7087707519531,-0.2409067153930664,256.0191650390625,0.4523374140262604,0.6873990893363953,-0.08661913871765137,0.0,0.0,12.250696182250977,0.218048095703125
11.137551307678223,0.19348323345184326,0.9043260216712952,0.03165457025170326,0.02250119112432003,5.966367244720459,268.7153625488281,-0.11644792556762695,255.8699951171875,0.35705333948135376,0.7390264868736267,-0.07925629615783691,0.0,0.0,12.250696182250977,0.20037031173706055
11.138052940368652,0.0709763839840889,0.9211665391921997,-0.000571989978197962,0.00761638255789876,6.101259708404541,268.7153625488281,0.008668184280395508,255.75157165527344,0.2470979243516922,0.7819174528121948,-0.06042790412902832,0.0,0.0,12.250696182250977,0.19059419631958008
11.138550758361816,-0.05930915102362633,0.9245347380638123,0.02198660373687744,0.033664803951978683,6.221533298492432,257.7087707519531,0.13413143157958984,255.65023803710938,0.13981883227825165,0.8188218474388123,-0.04898524284362793,0.0,0.0,12.250696182250977,0.1957836151123047
11.139053344726562,-0.1759823113679886,0.9076944589614868,0.02037527598440647,0.02343149483203888,0.06771659851074219,257.7087707519531,0.26000165939331055,255.56805419921875,0.0325620099902153,0.8342165350914001,-0.04480791091918945,0.0,0.0,12.250696182250977,0.19228506088256836
11.139551162719727,-0.2946000099182129,0.8874858021736145,0.02520925924181938,0.018779989331960678,0.15668010711669922,225.72088623046875,0.38633179664611816,255.50697326660156,-0.08829037845134735,0.8329755663871765,-0.026511192321777344,0.0,0.0,12.250696182250977,0.22965168952941895
11.140052795410156,-0.397661417722702,0.8470689058303833,0.03648855537176132,0.05320111662149429,0.2699909210205078,225.72088623046875,0.513481616973877,255.4816436767578,-0.20832222700119019,0.821624219417572,-0.010905742645263672,0.0,0.0,12.250696182250977,0.24349069595336914
11.14055061340332,-0.49197253584861755,0.7881279587745667,0.02037527598440647,0.029013298451900482,0.42180728912353516,257.7087707519531,0.6406059265136719,255.45567321777344,-0.3052382469177246,0.7910812497138977,-0.018152952194213867,0.0,0.0,12.250696182250977,0.21879863739013672
11.141051292419434,-0.5911446213722229,0.7173982262611389,0.0010393380653113127,0.010407284833490849,0.5506620407104492,257.7087707519531,0.7676136493682861,255.42539978027344,-0.4082190692424774,0.7553372383117676,-0.0179595947265625,0.0,0.0,12.250696182250977,0.21695160865783691
11.141550064086914,-0.6874001026153564,0.6315126419067383,0.0010393380653113127,0.032734502106904984,0.6921472549438477,268.1784362792969,0.895195722579956,255.42002868652344,-0.5226399898529053,0.6903899908065796,0.007055759429931641,0.0,0.0,12.250696182250977,0.2030484676361084
11.142049789428711,-0.7612932324409485,0.5372068285942078,-0.0021833181381225586,0.02715269848704338,0.8262357711791992,268.1784362792969,1.0229594707489014,255.42227172851562,-0.6012506484985352,0.63487309217453,-0.010551929473876953,0.0,0.0,12.250696182250977,0.19672369956970215
11.142549514770508,-0.8312973380088806,0.4361647963523865,-0.007017302326858044,0.0150587884709239,0.9345455169677734,247.21812438964844,1.150766134262085,255.42637634277344,-0.7001367211341858,0.5499259829521179,0.00850534439086914,0.0,0.0,12.250696182250977,0.21622061729431152
11.143050193786621,-0.8721329569816589,0.33175456523895264,-0.03118722327053547,0.02157089300453663,1.0581531524658203,247.21812438964844,1.2779314517974854,255.4031982421875,-0.7495725154876709,0.49400970339775085,-0.03576850891113281,0.0,0.0,12.250696182250977,0.21977829933166504
11.143549919128418,-0.9119961261749268,0.22902850806713104,-0.005405974108725786,-0.008198728784918785,1.155024528503418,225.49517822265625,1.4037392139434814,255.32363891601562,-0.7944290041923523,0.40933048725128174,-0.054791927337646484,0.0,0.0,12.250696182250977,0.24871468544006348
11.144049644470215,-0.9401922225952148,0.11283004283905029,-0.01829659938812256,0.004825480282306671,1.267770767211914,225.49517822265625,1.5288465023040771,255.21629333496094,-0.83831387758255,0.30860456824302673,-0.056969642639160156,0.0,0.0,12.250696182250977,0.2610757350921631
11.144550323486328,-0.9431092143058777,0.0,-0.01990792714059353,-0.005407826974987984,1.4333887100219727,268.4466247558594,1.6540119647979736,255.11363220214844,-0.8699789047241211,0.1984664797782898,-0.05378246307373047,0.0,0.0,12.250696182250977,0.22062325477600098
11.145050048828125,-0.9363031983375549,-0.11956606060266495,-0.0215192548930645,0.02529209665954113,1.5676145553588867,268.4466247558594,1.7789013385772705,255.00149536132812,-0.8845674395561218,0.09822789579629898,-0.06513261795043945,0.0,0.0,12.250696182250977,0.2112867832183838
11.145548820495605,-0.8983842730522156,-0.23913295567035675,-0.000571989978197962,-0.012850233353674412,1.6883611679077148,257.7087707519531,1.9038288593292236,254.8933563232422,-0.8797085881233215,-0.01167286280542612,-0.06630992889404297,0.0,0.0,12.250696182250977,0.2154676914215088
11.146048545837402,-0.8672714829444885,-0.3536472022533417,-0.03118722327053547,-0.04727135971188545,1.817215919494629,257.7087707519531,2.0281736850738525,254.76300048828125,-0.8686647415161133,-0.11395739763975143,-0.0736393928527832,0.0,0.0,12.250696182250977,0.21095776557922363
11.146549224853516,-0.8167130351066589,-0.46142545342445374,-0.007017302326858044,-0.029595647007226944,1.959609031677246,268.7153625488281,2.152048349380493,254.61563110351562,-0.8437114953994751,-0.21330039203166962,-0.0805063247680664,0.0,0.0,12.250696182250977,0.19243931770324707
11.147048950195312,-0.7467092871665955,-0.5692034959793091,-0.03118722327053547,-0.06959857791662216,2.0939645767211914,268.7153625488281,2.2759859561920166,254.47396850585938,-0.8003959059715271,-0.3181617259979248,-0.07382583618164062,0.0,0.0,12.250696182250977,0.1820213794708252
11.14754867553711,-0.6660102009773254,-0.6618255376815796,-0.005405974108725786,-0.004477526061236858,2.175121307373047,225.49517822265625,2.399991750717163,254.33822631835938,-0.7448474168777466,-0.4138723313808441,-0.06913185119628906,0.0,0.0,12.250696182250977,0.2248704433441162
11.148049354553223,-0.5853111147880554,-0.7409750819206238,-0.0376325361430645,-0.024944141507148743,2.287867546081543,225.49517822265625,2.524589776992798,254.230224609375,-0.6748709678649902,-0.5113783478736877,-0.05249929428100586,0.0,0.0,12.250696182250977,0.23672223091125488
11.14854907989502,-0.49877819418907166,-0.803284227848053,-0.03118722327053547,-0.004477525595575571,2.425164222717285,245.4369354248047,2.6495344638824463,254.13902282714844,-0.605877697467804,-0.5955019593238831,-0.049196720123291016,0.0,0.0,12.250696182250977,0.22437024116516113
11.149048805236816,-0.39571714401245117,-0.8538053631782532,-0.005405974108725786,-0.030525945127010345,2.5478830337524414,245.4369354248047,2.774568796157837,254.0535430908203,-0.5259435772895813,-0.6699082255363464,-0.04585552215576172,0.0,0.0,12.250696182250977,0.2266857624053955
11.149547576904297,-0.27709922194480896,-0.8975901007652283,-0.05213448777794838,-0.02029263786971569,2.700840950012207,271.27239990234375,2.899739980697632,253.9755859375,-0.42518123984336853,-0.7263480424880981,-0.03506326675415039,0.0,0.0,12.250696182250977,0.1988990306854248
11.150050163269043,-0.15848128497600555,-0.9245347380638123,-0.01829659938812256,-0.01936233788728714,2.8370189666748047,271.27239990234375,3.0259578227996826,253.94329833984375,-0.3121565282344818,-0.7804088592529297,-0.012126445770263672,0.0,0.0,12.250696182250977,0.18893885612487793
11.150547981262207,-0.030140399932861328,-0.9447429776191711,-0.0215192548930645,-0.01750173605978489,2.968966484069824,268.7153625488281,-3.130509614944458,253.9326629638672,-0.20487770438194275,-0.8244456648826599,-0.0018849372863769531,0.0,0.0,12.250696182250977,0.18370962142944336
11.151047706604004,0.09625524282455444,-0.9380069375038147,0.005873322486877441,-0.03517744690179825,3.1033248901367188,268.7153625488281,-3.0035035610198975,253.934326171875,-0.09630664438009262,-0.8545964360237122,0.00247955322265625,0.0,0.0,12.250696182250977,0.17635679244995117
11.151548385620117,0.22070683538913727,-0.9245347380638123,-0.01829659938812256,-0.024944143369793892,3.1976966857910156,236.23304748535156,-2.876305341720581,253.9440460205078,0.020332487300038338,-0.8498018383979797,0.011468172073364258,0.0,0.0,12.250696182250977,0.2091832160949707
11.152050018310547,0.33738037943840027,-0.8908540606498718,-0.013462615199387074,-0.02029263973236084,3.3162851333618164,236.23304748535156,-2.7483725547790527,253.98451232910156,0.14526605606079102,-0.8475409746170044,0.029474496841430664,0.0,0.0,12.250696182250977,0.21852779388427734
11.152547836303711,0.4482196271419525,-0.8369649052619934,-0.01668527163565159,-0.01843203604221344,3.4606847763061523,257.96673583984375,-2.6199252605438232,254.04566955566406,0.2581590712070465,-0.8282456994056702,0.03350639343261719,0.0,0.0,12.250696182250977,0.2025752067565918
11.153047561645508,0.5454475283622742,-0.7830759882926941,-0.007017302326858044,-0.012850233353674412,3.589667320251465,257.96673583984375,-2.491525411605835,254.10354614257812,0.3642444312572479,-0.8037124276161194,0.028507232666015625,0.0,0.0,12.250696182250977,0.20199251174926758
11.153547286987305,0.6553148627281189,-0.7005580067634583,-0.01990792714059353,-0.04820166155695915,3.717759132385254,257.4513244628906,-2.3628392219543457,254.17227172851562,0.47492194175720215,-0.7504025101661682,0.03866863250732422,0.0,0.0,12.250696182250977,0.20258712768554688
11.154047012329102,0.7408755421638489,-0.6129881739616394,-0.0021833181381225586,-0.013780533336102962,3.8464841842651367,257.4513244628906,-2.2338480949401855,254.25230407714844,0.5728611350059509,-0.6864389181137085,0.04096388816833496,0.0,0.0,12.250696182250977,0.20285320281982422
11.154546737670898,0.8079623579978943,-0.5169985890388489,-0.000571989978197962,-0.022153237834572792,3.9494028091430664,236.4695281982422,-2.105375051498413,254.308837890625,0.6528270244598389,-0.6299090385437012,0.020274877548217773,0.0,0.0,12.250696182250977,0.2284073829650879
11.155047416687012,0.8721327781677246,-0.41258835792541504,0.004261994268745184,-0.01750173605978489,4.0676374435424805,236.4695281982422,-1.9772815704345703,254.34832763671875,0.7357587218284607,-0.5426226258277893,0.024316787719726562,0.0,0.0,12.250696182250977,0.2382664680480957
11.155547142028809,0.9207468032836914,-0.30144208669662476,-0.000571989978197962,-0.025874441489577293,4.225235939025879,268.4466247558594,-1.8494873046875,254.37432861328125,0.8049524426460266,-0.4623991847038269,0.010530233383178711,0.0,0.0,12.250696182250977,0.20846223831176758
11.156046867370605,0.9518596529960632,-0.18019162118434906,0.013929963111877441,-0.008198728784918785,4.359457969665527,268.4466247558594,-1.7219548225402832,254.3888397216797,0.8620027303695679,-0.36413416266441345,0.004713535308837891,0.0,0.0,12.250696182250977,0.20177268981933594
11.156546592712402,0.9713051319122314,-0.052205123007297516,0.004261994268745184,-0.011919931508600712,4.493681907653809,268.4466247558594,-1.594971776008606,254.37994384765625,0.8948916792869568,-0.2616542875766754,-0.0070934295654296875,0.0,0.0,12.250696182250977,0.19453191757202148
11.157047271728516,0.9722773432731628,0.07746537029743195,0.004261994268745184,-0.032386548817157745,4.62790584564209,268.4466247558594,-1.4682127237319946,254.36183166503906,0.9194115400314331,-0.15084509551525116,-0.01205134391784668,0.0,0.0,12.250696182250977,0.18706703186035156
11.157546997070312,0.9518596529960632,0.20713628828525543,0.012318634428083897,0.009476983919739723,4.762127876281738,268.4466247558594,-1.3415589332580566,254.33961486816406,0.9105584025382996,-0.03837873414158821,-0.018257856369018555,0.0,0.0,12.250696182250977,0.17949867248535156
11.15804672241211,0.9158851504325867,0.33007076382637024,0.02520925924181938,0.02250119484961033,4.8963518142700195,268.4466247558594,-1.21501624584198,254.31326293945312,0.9009503722190857,0.0787254273891449,-0.015532732009887695,0.0,0.0,12.250696182250977,0.17181730270385742
11.158546447753906,0.8653269410133362,0.44458481669425964,0.018763946369290352,0.02064059115946293,4.99068546295166,236.23304748535156,-1.0887854099273682,254.2743377685547,0.886934220790863,0.1812591254711151,-0.027419328689575195,0.0,0.0,12.250696182250977,0.20371484756469727
11.159046173095703,0.8079625964164734,0.550679087638855,0.02037527598440647,0.017849691212177277,5.10880184173584,236.23304748535156,-0.9627957344055176,254.22613525390625,0.8460425138473511,0.2863368093967438,-0.028709888458251953,0.0,0.0,12.250696182250977,0.21158790588378906
11.1595458984375,0.7447646260261536,0.6534050703048706,0.04454519599676132,0.0150587884709239,5.280091285705566,279.4639587402344,-0.8367569446563721,254.18101501464844,0.814186155796051,0.4046797454357147,-0.019825458526611328,0.0,0.0,12.250696182250977,0.1663374900817871
11.160045623779297,0.6407307982444763,0.7460271120071411,0.02520925924181938,0.0150587884709239,5.41982364654541,279.4639587402344,-0.7101395130157471,254.16119384765625,0.736367404460907,0.5101086497306824,-0.0018279552459716797,0.0,0.0,12.250696182250977,0.15322256088256836
11.16054630279541,0.5240573287010193,0.83359694480896,0.05260183662176132,0.030873900279402733,5.532774925231934,257.7087707519531,-0.5828931331634521,254.16818237304688,0.6471796631813049,0.5986415147781372,0.011609554290771484,0.0,0.0,12.250696182250977,0.16751718521118164
11.161046028137207,0.42294076085090637,0.8908540606498718,0.015541290864348412,0.02250119484961033,5.661629676818848,257.7087707519531,-0.4550027847290039,254.2021026611328,0.5602027773857117,0.679219663143158,0.01845383644104004,0.0,0.0,12.250696182250977,0.16655302047729492
11.161545753479004,0.2887663245201111,0.9380069375038147,0.04454519599676132,0.02250119484961033,5.803702354431152,268.4466247558594,-0.3269374370574951,254.24264526367188,0.4543013274669647,0.7364686131477356,0.02740311622619629,0.0,0.0,12.250696182250977,0.15254545211791992
11.162046432495117,0.1604255586862564,0.9716876149177551,0.009095978923141956,0.029943598434329033,5.937926292419434,268.4466247558594,-0.19812273979187012,254.31382751464844,0.33969300985336304,0.7928978800773621,0.04670119285583496,0.0,0.0,12.250696182250977,0.14713621139526367
11.162545204162598,0.030140886083245277,0.981791615486145,0.02520925924181938,0.029943598434329033,6.045769691467285,247.21812438964844,-0.06859660148620605,254.41346740722656,0.22048012912273407,0.8299394249916077,0.06244015693664551,0.0,0.0,12.250696182250977,0.16881895065307617
11.163046836853027,-0.09820012003183365,0.9851598739624023,0.04132254049181938,0.03924660384654999,6.169873237609863,247.21812438964844,0.061609745025634766,254.53958129882812,0.10119707882404327,0.8712906241416931,0.07644772529602051,0.0,0.0,12.250696182250977,0.17492198944091797
11.163544654846191,-0.22459588944911957,0.9582151770591736,0.012318634428083897,0.04296781122684479,0.0359339714050293,268.4466247558594,0.19249916076660156,254.69174194335938,-0.023839391767978668,0.8719549775123596,0.08871960639953613,0.0,0.0,12.250696182250977,0.15656518936157227
11.164047241210938,-0.35099199414253235,0.9279027581214905,0.03165457025170326,0.037386003881692886,0.17069578170776367,268.4466247558594,0.32369279861450195,254.85345458984375,-0.14450706541538239,0.8682048916816711,0.09531044960021973,0.0,0.0,12.250696182250977,0.15299701690673828
11.164545059204102,-0.4715547263622284,0.8672776222229004,0.01715261861681938,0.05134051293134689,0.3175978660583496,279.18450927734375,0.45525050163269043,255.02706909179688,-0.2601609528064728,0.8518192768096924,0.0954129695892334,0.0,0.0,12.250696182250977,0.13765263557434082
11.165046691894531,-0.5940616726875305,0.7864440083503723,0.00265066628344357,0.0615738220512867,0.4577498435974121,279.18450927734375,0.5871737003326416,255.21243286132812,-0.3806222677230835,0.8114563822746277,0.10588645935058594,0.0,0.0,12.250696182250977,0.1294238567352295
11.165544509887695,-0.7049011588096619,0.7022421956062317,0.015541290864348412,0.035525403916835785,0.583564281463623,268.4466247558594,0.7202003002166748,255.4403839111328,-0.51563560962677,0.7416231036186218,0.14219188690185547,0.0,0.0,12.250696182250977,0.13663601875305176
11.166045188903809,-0.7943505644798279,0.6079362034797668,0.004261994268745184,0.0122678866609931,0.7177882194519043,268.4466247558594,0.8539307117462158,255.69288635253906,-0.6204110980033875,0.6893452405929565,0.133941650390625,0.0,0.0,12.250696182250977,0.13614249229431152
11.166543960571289,-0.8731052875518799,0.4917379319667816,-0.01990792714059353,0.015058789402246475,0.8253283500671387,246.97091674804688,0.9876730442047119,255.94073486328125,-0.7244594693183899,0.6038315296173096,0.1436314582824707,0.0,0.0,12.250696182250977,0.16234469413757324
11.167043685913086,-0.9256079792976379,0.38059166073799133,-0.02313058264553547,0.002034578938037157,0.9488139152526855,246.97091674804688,1.121001958847046,256.1658630371094,-0.7847895622253418,0.5237714052200317,0.11673498153686523,0.0,0.0,12.250696182250977,0.17218804359436035
11.1675443649292,-0.9664435982704163,0.2627094089984894,-0.007017302326858044,-0.007268428336828947,1.0990443229675293,268.7153625488281,1.2535207271575928,256.3522644042969,-0.839672863483429,0.43507683277130127,0.09476089477539062,0.0,0.0,12.250696182250977,0.15447640419006348
11.168044090270996,-0.9936676025390625,0.12798669934272766,-0.015073942951858044,0.02157089300453663,1.2334036827087402,268.7153625488281,1.3853180408477783,256.5044250488281,-0.8872590065002441,0.34029892086982727,0.0748586654663086,0.0,0.0,12.250696182250977,0.15191435813903809
11.168543815612793,-1.0043625831604004,-0.00842022243887186,-0.02474191226065159,0.004825480282306671,1.3806452751159668,279.18450927734375,1.5168473720550537,256.6422119140625,-0.9234471321105957,0.21994943916797638,0.07587957382202148,0.0,0.0,12.250696182250977,0.13620209693908691
11.16904354095459,-0.9956121444702148,-0.1448267251253128,-0.013462615199387074,-0.01843203604221344,1.5202383995056152,279.18450927734375,1.648158311843872,256.7677307128906,-0.9374180436134338,0.10797259211540222,0.06379365921020508,0.0,0.0,12.250696182250977,0.12791991233825684
11.169544219970703,-0.9625548720359802,-0.28291743993759155,-0.03602120652794838,-0.007268426939845085,1.6598315238952637,279.18450927734375,1.7788450717926025,256.8644714355469,-0.9304447174072266,-0.0005204862682148814,0.04837512969970703,0.0,0.0,12.250696182250977,0.11901354789733887
11.1700439453125,-0.9188023209571838,-0.40585190057754517,0.0010393380653113127,-0.004477526061236858,1.799424648284912,279.18450927734375,1.9093339443206787,256.9508972167969,-0.910342812538147,-0.11813721805810928,0.04645490646362305,0.0,0.0,12.250696182250977,0.1099092960357666
11.17054271697998,-0.853659451007843,-0.5321546196937561,-0.03602120652794838,-0.03331684693694115,1.9126410484313965,257.96673583984375,2.0399105548858643,257.0391845703125,-0.9003376960754395,-0.245344340801239,0.05298423767089844,0.0,0.0,12.250696182250977,0.12726950645446777
11.171043395996094,-0.7778221964836121,-0.6433010697364807,-0.04246652126312256,-0.01657143607735634,2.041623592376709,257.96673583984375,2.170661211013794,257.1329345703125,-0.8394848704338074,-0.35591235756874084,0.05729389190673828,0.0,0.0,12.250696182250977,0.12903761863708496
11.17154312133789,-0.6815664768218994,-0.735922634601593,-0.02635324001312256,-0.03703805059194565,2.1963820457458496,278.90557861328125,2.3022258281707764,257.259033203125,-0.7722289562225342,-0.4723937213420868,0.07392597198486328,0.0,0.0,12.250696182250977,0.10584378242492676
11.172042846679688,-0.5716989636421204,-0.8184404373168945,-0.0376325361430645,-0.058434970676898956,2.33583402633667,278.90557861328125,2.433870553970337,257.38568115234375,-0.6979154944419861,-0.558830738067627,0.06856250762939453,0.0,0.0,12.250696182250977,0.09803652763366699
11.172542572021484,-0.46377626061439514,-0.894221842288971,-0.02313058264553547,-0.007268428336828947,2.4467005729675293,255.66348266601562,2.565908670425415,257.5262756347656,-0.6063668131828308,-0.650944173336029,0.08238077163696289,1.0,0.0,12.250696182250977,0.11920809745788574
11.173043251037598,-0.32571300864219666,-0.9481111764907837,-0.03602120652794838,-0.04448045417666435,2.574531078338623,255.66348266601562,2.698634386062622,257.69287109375,-0.4932425320148468,-0.7272158265113831,0.10387849807739258,1.0,0.0,12.250696182250977,0.12410330772399902
11.173542976379395,-0.19737237691879272,-0.9784238338470459,-0.007017302326858044,-0.029595647007226944,2.743131160736084,290.21258544921875,2.8323962688446045,257.89947509765625,-0.37311938405036926,-0.7835488319396973,0.12196063995361328,1.0,0.0,12.250696182250977,0.08926510810852051
11.174042701721191,-0.05347535014152527,-0.9952642917633057,-0.015073942951858044,-0.06029556691646576,2.8882365226745605,290.21258544921875,2.9669620990753174,258.1355895996094,-0.2539221942424774,-0.8379719853401184,0.13788700103759766,1.0,0.0,12.250696182250977,0.07872557640075684
11.174543380737305,0.0690317377448082,-1.002000331878662,0.0010393380653113127,-0.0007563235703855753,2.997626781463623,259.9693603515625,3.1020891666412354,258.3902587890625,-0.13664399087429047,-0.8795047998428345,0.14312505722045898,1.0,0.0,12.250696182250977,0.1044623851776123
11.175042152404785,0.2187623232603073,-0.981791615486145,-0.03440988063812256,-0.06401676684617996,3.1273512840270996,259.9693603515625,-3.0456016063690186,258.655029296875,-0.011491739191114902,-0.9051488637924194,0.1493539810180664,0.0,0.0,12.250696182250977,0.11023283004760742
11.175541877746582,0.3451584577560425,-0.9481111764907837,-0.02635324001312256,-0.012850233353674412,3.2813143730163574,279.4639587402344,-2.909809112548828,258.92669677734375,0.11614397168159485,-0.9046379923820496,0.15423321723937988,0.0,0.0,12.250696182250977,0.09206199645996094
11.176043510437012,0.47544336318969727,-0.8908540606498718,-0.007017302326858044,-0.025874441489577293,3.4216055870056152,279.4639587402344,-2.773529052734375,259.21319580078125,0.24807506799697876,-0.8974264860153198,0.16026616096496582,0.0,0.0,12.250696182250977,0.08805084228515625
11.176542282104492,0.5969786047935486,-0.8150722980499268,-0.01668527163565159,-0.025874441489577293,3.547545909881592,268.7153625488281,-2.6370580196380615,259.50164794921875,0.3704567849636078,-0.8540748357772827,0.16365885734558105,0.0,0.0,12.250696182250977,0.09858179092407227
11.177042007446289,0.7039287686347961,-0.7308708429336548,0.01715261861681938,-0.00819872971624136,3.6819052696228027,268.7153625488281,-2.5001566410064697,259.80218505859375,0.4975842833518982,-0.7991418242454529,0.1747448444366455,0.0,0.0,12.250696182250977,0.10112333297729492
11.177541732788086,0.7982394695281982,-0.6281448602676392,0.005873322486877441,-0.04820166155695915,3.8420329093933105,289.6327819824219,-2.363297700881958,260.09454345703125,0.5985040068626404,-0.7490382790565491,0.15533781051635742,0.0,0.0,12.250696182250977,0.07785463333129883
11.1780424118042,0.8838002681732178,-0.5068943500518799,-0.005405974108725786,-0.050992559641599655,3.9868483543395996,289.6327819824219,-2.2264604568481445,260.3798522949219,0.6921940445899963,-0.6589317321777344,0.15464138984680176,0.0,0.0,12.250696182250977,0.06987667083740234
11.178542137145996,0.9431090354919434,-0.38395968079566956,0.02520925924181938,-0.012850233353674412,4.079148769378662,246.97091674804688,-2.089698076248169,260.6559753417969,0.7766197323799133,-0.5677604079246521,0.14763474464416504,0.0,0.0,12.250696182250977,0.11433839797973633
11.179041862487793,0.9858892560005188,-0.26270920038223267,0.02037527598440647,0.006686082575470209,4.202634334564209,246.97091674804688,-1.9532897472381592,260.9114990234375,0.8487470149993896,-0.4707491397857666,0.1363060474395752,0.0,0.0,12.250696182250977,0.12726163864135742
11.179540634155273,1.013113021850586,-0.12125047296285629,0.026820586994290352,-0.04355015605688095,4.378701686859131,289.9223937988281,-1.8171602487564087,261.14990234375,0.9015597701072693,-0.35928526520729065,0.1275491714477539,0.0,0.0,12.250696182250977,0.08732366561889648
11.180041313171387,1.0170023441314697,0.013472228311002254,0.013929963111877441,-0.0026169244665652514,4.5236639976501465,289.9223937988281,-1.6815356016159058,261.362060546875,0.9351284503936768,-0.25549060106277466,0.10456061363220215,0.0,0.0,12.250696182250977,0.07798576354980469
11.180541038513184,0.9985288977622986,0.14651094377040863,0.013929963111877441,0.006686082109808922,4.6425395011901855,268.7153625488281,-1.547408938407898,261.5066833496094,0.918721616268158,-0.15858194231987,0.06619858741760254,0.0,0.0,12.250696182250977,0.09323692321777344
11.18104076385498,0.9722775816917419,0.2862856388092041,0.01715261861681938,-0.006338127423077822,4.7768988609313965,268.7153625488281,-1.413644552230835,261.6332702636719,0.9226120114326477,-0.02670639008283615,0.07458186149597168,0.0,0.0,12.250696182250977,0.09264230728149414
11.181541442871094,0.923663854598999,0.40416812896728516,0.009095978923141956,0.031804200261831284,4.871270656585693,236.23304748535156,-1.2793641090393066,261.7788391113281,0.9125010371208191,0.10104167461395264,0.07968521118164062,0.0,0.0,12.250696182250977,0.13255071640014648
11.18204116821289,0.8653271198272705,0.5052101612091064,0.02037527598440647,0.017849691212177277,4.989387035369873,236.23304748535156,-1.1452174186706543,261.9156799316406,0.8817173838615417,0.2130667120218277,0.07246708869934082,0.0,0.0,12.250696182250977,0.14858102798461914
11.182540893554688,0.7943505644798279,0.6079362034797668,0.012318634428083897,0.00761638255789876,5.173594951629639,289.9223937988281,-1.011345624923706,262.0381164550781,0.8470614552497864,0.32083001732826233,0.06363606452941895,0.0,0.0,12.250696182250977,0.09824514389038086
11.183040618896484,0.7029569149017334,0.7123461961746216,0.02198660373687744,0.007616383023560047,5.318557262420654,289.9223937988281,-0.8772861957550049,262.1658935546875,0.8025250434875488,0.4454466998577118,0.07440328598022461,0.0,0.0,12.250696182250977,0.0873417854309082
11.183540344238281,0.5872554779052734,0.8049682974815369,0.0429338701069355,0.006686082575470209,5.450019359588623,279.18450927734375,-0.7427506446838379,262.31103515625,0.7275785803794861,0.5573216676712036,0.08700442314147949,0.0,0.0,12.250696182250977,0.09041547775268555
11.184040069580078,0.46961018443107605,0.8807496428489685,0.02037527598440647,0.002964879386126995,5.5896124839782715,279.18450927734375,-0.6074426174163818,262.485595703125,0.6270895600318909,0.6546708941459656,0.10519599914550781,0.0,0.0,12.250696182250977,0.08613061904907227
11.184539794921875,0.34126952290534973,0.9380069375038147,0.02359793148934841,0.017849691212177277,5.74276876449585,290.21258544921875,-0.47119688987731934,262.69586181640625,0.5250694155693054,0.7466337084770203,0.12019848823547363,0.0,0.0,12.250696182250977,0.06922006607055664
11.185039520263672,0.19542811810970306,0.981791615486145,0.07193777710199356,0.019710293039679527,5.887876033782959,290.21258544921875,-0.33422279357910156,262.9323425292969,0.3946110010147095,0.8043830990791321,0.14036273956298828,0.0,0.0,12.250696182250977,0.06108665466308594
11.185540199279785,0.05930878221988678,0.9918959140777588,0.010707306675612926,0.036455705761909485,5.979751110076904,246.97091674804688,-0.19634604454040527,263.2016906738281,0.2700013816356659,0.8502445816993713,0.15139055252075195,0.0,0.0,12.250696182250977,0.10708856582641602
11.186041831970215,-0.0670870989561081,1.002000331878662,0.02037527598440647,0.02715269848704338,6.103732585906982,246.97091674804688,-0.058243751525878906,263.47491455078125,0.14682810008525848,0.8857222199440002,0.15678668022155762,0.0,0.0,12.250696182250977,0.12120914459228516
11.186539649963379,-0.20126141607761383,0.9750555753707886,0.009095978923141956,0.02436179481446743,6.279952526092529,290.21258544921875,0.08028268814086914,263.7601623535156,0.024212853983044624,0.8973577618598938,0.1558399200439453,0.0,0.0,12.250696182250977,0.08351564407348633
11.187041282653809,-0.3373802602291107,0.931270956993103,0.005873322486877441,0.02436179481446743,0.14216232299804688,290.21258544921875,0.21879339218139648,264.0388488769531,-0.09684313833713531,0.9027286767959595,0.15143132209777832,0.0,0.0,12.250696182250977,0.07663106918334961
11.187539100646973,-0.4715547263622284,0.8807496428489685,0.013929963111877441,0.015989089384675026,0.2731132507324219,279.18450927734375,0.35734033584594727,264.3131408691406,-0.2234179675579071,0.8918444514274597,0.1517469882965088,0.0,0.0,12.250696182250977,0.08422708511352539
11.188040733337402,-0.598922848701477,0.8049682974815369,0.007484650705009699,0.04389810934662819,0.4132652282714844,279.18450927734375,0.4965479373931885,264.6095275878906,-0.3630620241165161,0.845546543598175,0.1730332374572754,0.0,0.0,12.250696182250977,0.0832827091217041
11.188538551330566,-0.7049010396003723,0.7157144546508789,0.02037527598440647,0.04203750938177109,0.5522975921630859,279.18450927734375,0.6363167762756348,264.92315673828125,-0.4802296757698059,0.7890849709510803,0.17471647262573242,0.0,0.0,12.250696182250977,0.08401918411254883
11.18903923034668,-0.7982398867607117,0.6146721839904785,-0.000571989978197962,0.02808299846947193,0.6918888092041016,279.18450927734375,0.7763936519622803,265.2431640625,-0.5934311747550964,0.7236707806587219,0.1750791072845459,0.0,0.0,12.250696182250977,0.08450484275817871
11.189538955688477,-0.8769943118095398,0.5052103996276855,-0.010239958763122559,0.01319818664342165,0.8050460815429688,257.7087707519531,0.9162709712982178,265.5480651855469,-0.6866132020950317,0.6464823484420776,0.16411495208740234,0.0,0.0,12.250696182250977,0.11122488975524902
11.190038681030273,-0.9372755885124207,0.38059166073799133,-0.0295758955180645,-0.005407826974987984,0.9339008331298828,257.7087707519531,1.0557634830474854,265.8302917480469,-0.7657906413078308,0.5567808747291565,0.15149164199829102,0.0,0.0,12.250696182250977,0.12186264991760254
11.190539360046387,-0.9800557494163513,0.25260496139526367,-0.02313058264553547,0.02250119484961033,1.0891895294189453,279.18450927734375,1.1952154636383057,266.1050720214844,-0.8549721837043762,0.45171478390693665,0.15492582321166992,0.0,0.0,12.250696182250977,0.10602593421936035
11.191039085388184,-1.0082515478134155,0.1229344829916954,-0.013462615199387074,-0.012850233353674412,1.2287826538085938,279.18450927734375,1.3343746662139893,266.36163330078125,-0.9024531245231628,0.3475342392921448,0.1344003677368164,0.0,0.0,12.250696182250977,0.10559201240539551
11.191537857055664,-1.0121408700942993,-0.021892238408327103,-0.03279855102300644,0.0038951800670474768,1.3684406280517578,279.4639587402344,1.4729340076446533,266.587646484375,-0.9346749186515808,0.2324964702129364,0.11980199813842773,0.0,0.0,12.250696182250977,0.10449337959289551
11.192037582397461,-1.0072795152664185,-0.16503560543060303,-0.01990792714059353,-0.029595647007226944,1.5081729888916016,279.4639587402344,1.6111090183258057,266.7928161621094,-0.9554198980331421,0.10326573997735977,0.11795282363891602,0.0,0.0,12.250696182250977,0.1029360294342041
11.192538261413574,-0.964499294757843,-0.2997578978538513,-0.02635324001312256,-0.0016866240184754133,1.6607780456542969,289.9223937988281,1.7490503787994385,266.9837341308594,-0.9462522268295288,-0.009736014530062675,0.09807395935058594,0.0,0.0,12.250696182250977,0.0882723331451416
11.193037986755371,-0.9168575406074524,-0.4294287860393524,-0.007017302326858044,0.005755781661719084,1.8057403564453125,289.9223937988281,1.8867332935333252,267.1597900390625,-0.9251838326454163,-0.13130402565002441,0.09122848510742188,0.0,0.0,12.250696182250977,0.0809929370880127
11.193537712097168,-0.8449090123176575,-0.5540472865104675,-0.02635324001312256,-0.027735043317079544,1.8978290557861328,246.97091674804688,2.024531602859497,267.3371276855469,-0.9059460759162903,-0.2686760723590851,0.10097026824951172,0.0,0.0,12.250696182250977,0.12670254707336426
11.194038391113281,-0.7671268582344055,-0.6550890803337097,-0.01990792714059353,-0.014710834249854088,2.0213146209716797,246.97091674804688,2.1624557971954346,267.51593017578125,-0.8424158692359924,-0.37896403670310974,0.09763479232788086,0.0,0.0,12.250696182250977,0.14114117622375488
11.194538116455078,-0.6718438267707825,-0.7460271120071411,-0.01990792714059353,-0.014710834249854088,2.1844539642333984,279.18450927734375,2.3003780841827393,267.6909484863281,-0.7663572430610657,-0.47496986389160156,0.0919637680053711,0.0,0.0,12.250696182250977,0.11592411994934082
11.195037841796875,-0.5648933053016663,-0.8234926462173462,-0.011851286515593529,-0.028665345162153244,2.324047088623047,279.18450927734375,2.4380528926849365,267.8518371582031,-0.688986599445343,-0.5662689805030823,0.0875396728515625,0.0,0.0,12.250696182250977,0.11400580406188965
11.195536613464355,-0.44627559185028076,-0.900958240032196,-0.04246652126312256,-0.0035472260788083076,2.4765663146972656,289.9223937988281,2.5760624408721924,268.0235595703125,-0.600691020488739,-0.6668936610221863,0.0993809700012207,0.0,0.0,12.250696182250977,0.09949612617492676
11.196037292480469,-0.3004336655139923,-0.9548473954200745,-0.010239958763122559,0.00017397692136000842,2.6215286254882812,289.9223937988281,2.7149393558502197,268.2281494140625,-0.4812036156654358,-0.7509586215019226,0.12415409088134766,0.0,0.0,12.250696182250977,0.09341073036193848
11.196537017822266,-0.15848104655742645,-0.981791615486145,0.004261994268745184,-0.03424714878201485,2.766847610473633,290.21258544921875,2.854738473892212,268.4670715332031,-0.365260511636734,-0.8188567161560059,0.13493013381958008,0.0,0.0,12.250696182250977,0.0878908634185791
11.197038650512695,-0.018473288044333458,-1.0053681135177612,-0.02313058264553547,-0.003547225147485733,2.9125328063964844,290.21258544921875,2.9948742389678955,268.7151184082031,-0.2434447556734085,-0.8746161460876465,0.1431732177734375,0.0,0.0,12.250696182250977,0.08234143257141113
11.197537422180176,0.1273680180311203,-0.9952642917633057,-0.015073942951858044,-0.04168955236673355,3.017047882080078,257.7087707519531,3.135525941848755,268.9796142578125,-0.1153581440448761,-0.9060997366905212,0.1476421356201172,0.0,0.0,12.250696182250977,0.11847805976867676
11.198039054870605,0.2615427076816559,-0.9750555753707886,-0.013462615199387074,-0.012850233353674412,3.1464176177978516,257.7087707519531,-3.006809711456299,269.2469177246094,0.017964180558919907,-0.9062933325767517,0.15352988243103027,0.0,0.0,12.250696182250977,0.1299581527709961
11.19853687286377,0.3898831307888031,-0.9245347380638123,-0.007017302326858044,-0.025874441489577293,3.3011932373046875,279.18450927734375,-2.86544132232666,269.5303955078125,0.14980347454547882,-0.9055455327033997,0.15657806396484375,0.0,0.0,12.250696182250977,0.11655092239379883
11.1990385055542,0.515306830406189,-0.8689613938331604,-0.01668527163565159,-0.014710834249854088,3.441343307495117,279.18450927734375,-2.7240192890167236,269.8102111816406,0.2830261290073395,-0.8879354596138,0.16006684303283691,0.0,0.0,12.250696182250977,0.11782312393188477
11.19953727722168,0.6261466145515442,-0.7914960384368896,0.005873322486877441,-0.0016866240184754133,3.580718994140625,279.4639587402344,-2.582472562789917,270.08935546875,0.40544939041137695,-0.8593142032623291,0.15105128288269043,0.0,0.0,12.250696182250977,0.11999368667602539
11.200037002563477,0.7369863390922546,-0.6938217282295227,-0.005405974108725786,-0.03610774874687195,3.7204513549804688,279.4639587402344,-2.440883159637451,270.3644104003906,0.5258157253265381,-0.7921237349510193,0.1549091339111328,0.0,0.0,12.250696182250977,0.12185096740722656
11.200535774230957,0.8342142105102539,-0.5793077349662781,0.02037527598440647,-0.021222935989499092,3.872781753540039,289.9223937988281,-2.2989909648895264,270.6463317871094,0.6359285712242126,-0.7072964310646057,0.15961122512817383,0.0,0.0,12.250696182250977,0.11141252517700195
11.201035499572754,0.9071348309516907,-0.4597412645816803,-0.008628630079329014,-0.013780532404780388,4.017742156982422,289.9223937988281,-2.15724515914917,270.9161682128906,0.725807249546051,-0.6259781718254089,0.1448688507080078,0.0,0.0,12.250696182250977,0.10819816589355469
11.201536178588867,0.9538042545318604,-0.33175456523895264,0.007484650705009699,-0.004477526526898146,4.123048782348633,257.7087707519531,-2.0160157680511475,271.1586608886719,0.8000777959823608,-0.5375561714172363,0.12387204170227051,0.0,0.0,12.250696182250977,0.1441206932067871
11.202035903930664,0.9897783398628235,-0.20208406448364258,0.03326589986681938,0.02157089300453663,4.251901626586914,257.7087707519531,-1.8754785060882568,271.366943359375,0.8608754277229309,-0.43277668952941895,0.10926461219787598,0.0,0.0,12.250696182250977,0.15580511093139648
11.202535629272461,1.002417802810669,-0.0724133625626564,0.02359793148934841,0.02157089300453663,4.407194137573242,279.18450927734375,-1.7359291315078735,271.5293273925781,0.8987359404563904,-0.3363941013813019,0.07741045951843262,0.0,0.0,12.250696182250977,0.1400623321533203
11.203036308288574,1.0199190378189087,0.06904535740613937,0.009095978923141956,0.00017397745978087187,4.546785354614258,279.18450927734375,-1.5972321033477783,271.652587890625,0.9384045600891113,-0.21522299945354462,0.07151389122009277,0.0,0.0,12.250696182250977,0.13916826248168945
11.203536033630371,0.9868617653846741,0.20040005445480347,0.02037527598440647,0.02157089300453663,4.686378479003906,279.18450927734375,-1.459106683731079,271.7491149902344,0.9268664717674255,-0.10544785112142563,0.0455477237701416,0.0,0.0,12.250696182250977,0.13770055770874023
11.204035758972168,0.9538042545318604,0.33849096298217773,0.02198660373687744,0.020640593022108078,4.825967788696289,279.18450927734375,-1.3213136196136475,271.8297424316406,0.9330652952194214,0.0278940349817276,0.05102372169494629,0.0,0.0,12.250696182250977,0.13590383529663086
11.204534530639648,0.8886614441871643,0.4580572545528412,0.02359793148934841,0.02157089300453663,4.978849411010742,290.21258544921875,-1.1832383871078491,271.9205017089844,0.9194671511650085,0.1508781611919403,0.04577374458312988,0.0,0.0,12.250696182250977,0.12109756469726562
11.205035209655762,0.8147686123847961,0.5793079137802124,0.02037527598440647,0.019710291177034378,5.123952865600586,290.21258544921875,-1.0452697277069092,272.0048828125,0.8885912895202637,0.2712041735649109,0.04145407676696777,0.0,0.0,12.250696182250977,0.11396265029907227
11.205534934997559,0.7272636890411377,0.6837175488471985,0.02843191660940647,0.02808299846947193,5.215829849243164,246.97091674804688,-0.9074890613555908,272.07958984375,0.82832270860672,0.3840022385120392,0.04161834716796875,0.0,0.0,12.250696182250977,0.1598668098449707
11.206034660339355,0.6348970532417297,0.7696036100387573,0.03326589986681938,0.04203750565648079,5.339313507080078,246.97091674804688,-0.7695658206939697,272.1587219238281,0.754753053188324,0.4916248619556427,0.04703640937805176,0.0,0.0,12.250696182250977,0.17430639266967773
11.206535339355469,0.5269743204116821,0.8487529158592224,0.0010393380653113127,0.001104277791455388,5.51567268371582,289.9223937988281,-0.6311473846435547,272.25701904296875,0.6627692580223083,0.5949686765670776,0.06298398971557617,0.0,0.0,12.250696182250977,0.13636541366577148
11.207035064697266,0.3937722444534302,0.9144304990768433,0.04937918111681938,0.04761931672692299,5.660633087158203,289.9223937988281,-0.4918100833892822,272.39190673828125,0.5643464922904968,0.6986401081085205,0.08365011215209961,0.0,0.0,12.250696182250977,0.13074254989624023
11.207534790039062,0.25959843397140503,0.9582151770591736,0.03004324436187744,0.029013298451900482,5.805597305297852,289.9223937988281,-0.3518087863922119,272.55181884765625,0.4554578363895416,0.7731082439422607,0.09091687202453613,0.0,0.0,12.250696182250977,0.1257796287536621
11.208036422729492,0.11764579266309738,0.9851598739624023,0.026820586994290352,0.04761930927634239,5.950845718383789,289.9223937988281,-0.2112729549407959,272.73089599609375,0.3315851092338562,0.831227719783783,0.10342693328857422,0.0,0.0,12.250696182250977,0.12106657028198242
11.208534240722656,-0.012639611959457397,0.9851598739624023,0.005873322486877441,0.028082996606826782,6.042701721191406,247.21812438964844,-0.07031917572021484,272.9237365722656,0.21153801679611206,0.8699593544006348,0.10370111465454102,0.0,0.0,12.250696182250977,0.1701645851135254
11.209035873413086,-0.14098013937473297,0.981791615486145,0.02198660373687744,0.035525403916835785,6.166807174682617,247.21812438964844,0.07069015502929688,273.1148376464844,0.08707233518362045,0.8987333178520203,0.10483169555664062,0.0,0.0,12.250696182250977,0.18706846237182617
11.20953369140625,-0.27904361486434937,0.9514791369438171,0.0010393380653113127,0.015989089384675026,0.05930185317993164,289.9223937988281,0.2117316722869873,273.3033447265625,-0.04349982738494873,0.9001628160476685,0.10886096954345703,0.0,0.0,12.250696182250977,0.15242981910705566
11.210036277770996,-0.4034952223300934,0.900958240032196,-0.010239958763122559,0.009476983919739723,0.20484209060668945,289.9223937988281,0.3530147075653076,273.4979248046875,-0.16823184490203857,0.884781002998352,0.10737323760986328,0.0,0.0,12.250696182250977,0.14817261695861816
11.21053409576416,-0.5328081250190735,0.8319129347801208,0.0010393380653113127,0.015989089384675026,0.34958314895629883,290.21258544921875,0.4942948818206787,273.6883239746094,-0.29366710782051086,0.858715295791626,0.10790205001831055,0.0,0.0,12.250696182250977,0.14471173286437988
11.211033821105957,-0.6582317352294922,0.7493951320648193,0.015541290864348412,0.05227081850171089,0.4946904182434082,290.21258544921875,0.6358730792999268,273.8873596191406,-0.42636895179748535,0.8121361136436462,0.1204996109008789,0.0,0.0,12.250696182250977,0.14118266105651855
11.211533546447754,-0.7476813197135925,0.6483532786369324,-0.03279855102300644,0.002034578938037157,0.6258625984191895,278.90557861328125,0.778104305267334,274.1094970703125,-0.5399636626243591,0.7559492588043213,0.11527013778686523,0.0,0.0,12.250696182250977,0.15224170684814453
11.212034225463867,-0.8342139720916748,0.5388908386230469,0.012318634428083897,0.03924660384654999,0.7653164863586426,278.90557861328125,0.9197394847869873,274.3019714355469,-0.6309119462966919,0.6828992962837219,0.09935951232910156,0.0,0.0,12.250696182250977,0.15442299842834473
11.212532997131348,-0.9071349501609802,0.4193247854709625,-0.011851286515593529,0.017849689349532127,0.8784184455871582,257.7087707519531,1.0610616207122803,274.4772644042969,-0.7219648361206055,0.5966300368309021,0.0924983024597168,0.0,0.0,12.250696182250977,0.18264317512512207
11.213032722473145,-0.9508874416351318,0.30312585830688477,-0.02635324001312256,-0.010989631526172161,1.007275104522705,257.7087707519531,1.2020103931427002,274.6330871582031,-0.801413893699646,0.5021539330482483,0.08255577087402344,0.0,0.0,12.250696182250977,0.19473528861999512
11.213533401489258,-0.9790833592414856,0.1734553873538971,-0.01829659938812256,-0.024944143369793892,1.1893277168273926,300.96124267578125,1.3423035144805908,274.75811767578125,-0.8584383726119995,0.4066137969493866,0.059670448303222656,0.0,0.0,12.250696182250977,0.15297579765319824
11.214033126831055,-1.0004732608795166,0.028628669679164886,-0.01990792714059353,-0.022153237834572792,1.3398098945617676,300.96124267578125,1.482032060623169,274.8567810058594,-0.9111499786376953,0.2901946008205414,0.054041385650634766,0.0,0.0,12.250696182250977,0.14222216606140137
11.214532852172852,-0.9839447140693665,-0.11788226664066315,-0.03279855102300644,-0.005407826043665409,1.46348237991333,279.18450927734375,1.6213247776031494,274.9350280761719,-0.9211644530296326,0.17681044340133667,0.03344106674194336,0.0,0.0,12.250696182250977,0.15784239768981934
11.215032577514648,-0.9586657881736755,-0.24923697113990784,-0.013462615199387074,-0.03331684693694115,1.6030774116516113,279.18450927734375,1.7601501941680908,274.9920654296875,-0.9303120374679565,0.054269351065158844,0.026009082794189453,0.0,0.0,12.250696182250977,0.1570727825164795
11.215533256530762,-0.9197744727134705,-0.383960098028183,-0.03602120652794838,-0.029595645144581795,1.7558865547180176,289.9223937988281,1.8986027240753174,275.0322570800781,-0.9250488877296448,-0.06830201297998428,0.01954030990600586,0.0,0.0,12.250696182250977,0.1427161693572998
11.216032981872559,-0.8575488924980164,-0.5052103996276855,-0.010239958763122559,-0.014710834249854088,1.9008450508117676,289.9223937988281,2.0368540287017822,275.06317138671875,-0.8947950601577759,-0.1880001276731491,0.014688968658447266,0.0,0.0,12.250696182250977,0.13600897789001465
11.216531753540039,-0.7749050259590149,-0.6214084029197693,-0.0295758955180645,-0.04075925424695015,1.992992877960205,247.21812438964844,2.1752283573150635,275.0986022949219,-0.8504713773727417,-0.3135806620121002,0.022538185119628906,0.0,0.0,12.250696182250977,0.1822354793548584
11.217032432556152,-0.6864280104637146,-0.7207666635513306,-0.05052316188812256,-0.03238654509186745,2.1166043281555176,247.21812438964844,2.3136541843414307,275.135498046875,-0.7784702181816101,-0.4227026700973511,0.028369903564453125,0.0,0.0,12.250696182250977,0.19704985618591309
11.217533111572266,-0.5882279872894287,-0.7965482473373413,-0.0456891767680645,-0.04075925424695015,2.313854694366455,306.796142578125,2.452704668045044,275.1978759765625,-0.7052118182182312,-0.5321665406227112,0.038426876068115234,0.0,0.0,12.250696182250977,0.13884997367858887
11.218031883239746,-0.4579428434371948,-0.8740136027336121,-0.0037946461234241724,-0.03889865428209305,2.4669461250305176,306.796142578125,2.592099905014038,275.27337646484375,-0.6116083264350891,-0.6227342486381531,0.04710197448730469,0.0,0.0,12.250696182250977,0.1251537799835205
11.218531608581543,-0.3296021819114685,-0.931270956993103,-0.02313058264553547,-0.03331684693694115,2.5783963203430176,271.27239990234375,2.731768846511841,275.35882568359375,-0.5198480486869812,-0.7103176712989807,0.05213642120361328,0.0,0.0,12.250696182250977,0.15337252616882324
11.219032287597656,-0.19153882563114166,-0.9615834355354309,-0.0037946461234241724,-0.04448045790195465,2.7140278816223145,271.27239990234375,2.8721964359283447,275.4743347167969,-0.3977144956588745,-0.775560200214386,0.06983757019042969,0.0,0.0,12.250696182250977,0.15816855430603027
11.219532012939453,-0.057364385575056076,-0.9750555753707886,0.007484650705009699,-0.024944141507148743,2.859405994415283,279.18450927734375,3.0130999088287354,275.6075134277344,-0.28047072887420654,-0.8235843777656555,0.07469654083251953,0.0,0.0,12.250696182250977,0.15369391441345215
11.22003173828125,0.07680981606245041,-0.981791615486145,-0.0037946461234241724,-0.02215323969721794,2.998997211456299,279.18450927734375,-3.1290595531463623,275.7428894042969,-0.1640135794878006,-0.8674533367156982,0.07516765594482422,0.0,0.0,12.250696182250977,0.15512895584106445
11.220532417297363,0.21292877197265625,-0.9649515748023987,-0.01829659938812256,-0.01564113423228264,3.1348118782043457,276.1165771484375,-2.987804889678955,275.8851318359375,-0.035982631146907806,-0.9014237523078918,0.08104920387268066,0.0,0.0,12.250696182250977,0.1605687141418457
11.221033096313477,0.3412694036960602,-0.9245347380638123,0.0010393380653113127,-0.01750173605978489,3.2731480598449707,276.1165771484375,-2.846461296081543,276.028076171875,0.0912359207868576,-0.9093793034553528,0.07973098754882812,0.0,0.0,12.250696182250977,0.1635761260986328
11.22153091430664,0.46377649903297424,-0.8639093637466431,-0.007017302326858044,-0.01843203604221344,3.405277729034424,271.5582275390625,-2.705169439315796,276.1658020019531,0.2111002504825592,-0.8887979984283447,0.07173991203308105,0.0,0.0,12.250696182250977,0.17273855209350586
11.22203254699707,0.578505277633667,-0.7999160289764404,-0.000571989978197962,-0.012850233353674412,3.541599750518799,271.5582275390625,-2.5641419887542725,276.2894592285156,0.33032315969467163,-0.8656714558601379,0.06213116645812988,0.0,0.0,12.250696182250977,0.1774439811706543
11.22253131866455,0.6854557394981384,-0.7089782357215881,0.012318634428083897,-0.01843203790485859,3.686222553253174,279.18450927734375,-2.4235260486602783,276.393310546875,0.44785332679748535,-0.8181658983230591,0.057907819747924805,0.0,0.0,12.250696182250977,0.17343664169311523
11.223031044006348,0.7700436115264893,-0.616356611251831,-0.0021833181381225586,-0.008198728784918785,3.8258137702941895,279.18450927734375,-2.283128499984741,276.48577880859375,0.5533984303474426,-0.758182168006897,0.04723668098449707,0.0,0.0,12.250696182250977,0.17424345016479492
11.223530769348145,0.8517153263092041,-0.5018419027328491,0.005873322486877441,-0.0016866240184754133,3.9786229133605957,289.9223937988281,-2.143292188644409,276.552734375,0.6517627835273743,-0.6850599646568298,0.03740835189819336,0.0,0.0,12.250696182250977,0.1612706184387207
11.224031448364258,0.9071348309516907,-0.3789076805114746,0.02843191660940647,0.011337585747241974,4.123585224151611,289.9223937988281,-2.003453016281128,276.6183776855469,0.7397218346595764,-0.5971549153327942,0.028741121292114258,0.0,0.0,12.250696182250977,0.15614748001098633
11.224531173706055,0.9489429593086243,-0.25260496139526367,0.02843191660940647,0.02436179481446743,4.215672016143799,246.97091674804688,-1.8645044565200806,276.6451416015625,0.7948334217071533,-0.5056795477867126,0.00225067138671875,0.0,0.0,12.250696182250977,0.20300912857055664
11.225030899047852,0.9771388173103333,-0.13640671968460083,0.013929963111877441,0.014128487557172775,4.339157581329346,246.97091674804688,-1.7264543771743774,276.6336669921875,0.8514045476913452,-0.401275098323822,-0.009673357009887695,0.0,0.0,12.250696182250977,0.2175736427307129
11.225529670715332,0.978111207485199,-0.006736219860613346,0.02037527598440647,0.02343149483203888,4.515228748321533,289.9223937988281,-1.5892274379730225,276.5877685546875,0.8686796426773071,-0.292348176240921,-0.031236886978149414,0.0,0.0,12.250696182250977,0.17872953414916992
11.226030349731445,0.9625546932220459,0.12798649072647095,0.0348772294819355,0.05599202215671539,4.660187244415283,289.9223937988281,-1.4522606134414673,276.5320129394531,0.9063100814819336,-0.17386673390865326,-0.033167123794555664,0.0,0.0,12.250696182250977,0.17073774337768555
11.226530075073242,0.9382475018501282,0.2576572000980377,0.02198660373687744,0.02622239664196968,4.792286396026611,279.4639587402344,-1.3155779838562012,276.4654846191406,0.9178828597068787,-0.0488138310611248,-0.03350996971130371,0.0,0.0,12.250696182250977,0.17532110214233398
11.227029800415039,0.8964396119117737,0.38395968079566956,0.012318634428083897,0.04110720753669739,4.932018756866455,279.4639587402344,-1.1789186000823975,276.39935302734375,0.9104523658752441,0.07340096682310104,-0.03667044639587402,0.0,0.0,12.250696182250977,0.17224836349487305
11.227529525756836,0.8264357447624207,0.5052101612091064,0.010707306675612926,0.02343149296939373,5.084625720977783,289.9223937988281,-1.0423510074615479,276.330810546875,0.8851025104522705,0.19648239016532898,-0.035300254821777344,0.0,0.0,12.250696182250977,0.15620851516723633
11.22803020477295,0.7496258616447449,0.6180403828620911,0.018763946369290352,0.018779989331960678,5.229584217071533,289.9223937988281,-0.905571699142456,276.2725830078125,0.8442184329032898,0.3174034655094147,-0.030941486358642578,0.0,0.0,12.250696182250977,0.14802980422973633
11.228529930114746,0.655315101146698,0.7140304446220398,0.010707306675612926,0.02343149296939373,5.321671009063721,246.97091674804688,-0.7685182094573975,276.2271423339844,0.7651966214179993,0.4269345998764038,-0.018693923950195312,0.0,0.0,12.250696182250977,0.19299650192260742
11.229029655456543,0.5610039830207825,0.7898117899894714,0.013929963111877441,0.034595102071762085,5.445160388946533,246.97091674804688,-0.6308917999267578,276.20672607421875,0.6933282017707825,0.5346503853797913,-0.008326053619384766,0.0,0.0,12.250696182250977,0.20713329315185547
11.22952938079834,0.4501645267009735,0.8571732044219971,0.02198660373687744,0.016919389367103577,5.621227741241455,289.9223937988281,-0.49302053451538086,276.19696044921875,0.6075268387794495,0.6258429884910583,-0.0028285980224609375,0.0,0.0,12.250696182250977,0.16893720626831055
11.230029106140137,0.3237682580947876,0.9177982807159424,0.007484650705009699,-0.0026169249322265387,5.766190052032471,289.9223937988281,-0.35448431968688965,276.2154235839844,0.49822595715522766,0.7149491310119629,0.020676136016845703,0.0,0.0,12.250696182250977,0.16251134872436523
11.230528831481934,0.181815505027771,0.9481111764907837,0.02359793148934841,0.032734502106904984,5.9115071296691895,290.21258544921875,-0.21535634994506836,276.25830078125,0.3994019329547882,0.7890799045562744,0.02165079116821289,0.0,0.0,12.250696182250977,0.15632200241088867
11.23103141784668,0.051530588418245316,0.9649515748023987,0.004261994268745184,0.019710291177034378,6.057194232940674,290.21258544921875,-0.07586550712585449,276.3155517578125,0.2691168487071991,0.8311582207679749,0.03771376609802246,0.0,0.0,12.250696182250977,0.15012598037719727
11.231529235839844,-0.09236633032560349,0.9615834355354309,-0.010239958763122559,0.037386007606983185,6.188488483428955,279.4639587402344,0.0639045238494873,276.38330078125,0.15049175918102264,0.8703804016113281,0.03994154930114746,0.0,0.0,12.250696182250977,0.1586012840270996
11.232030868530273,-0.22848528623580933,0.9447429776191711,0.007484650705009699,0.015989089384675026,0.045592308044433594,279.4639587402344,0.20363497734069824,276.4479675292969,0.026397399604320526,0.8817294239997864,0.041562795639038086,0.0,0.0,12.250696182250977,0.15804266929626465
11.232528686523438,-0.3490477502346039,0.900958240032196,-0.01668527163565159,0.018779993057250977,0.14473247528076172,246.97091674804688,0.3437345027923584,276.52685546875,-0.10238207131624222,0.8841509222984314,0.046774864196777344,0.0,0.0,12.250696182250977,0.19900202751159668
11.233030319213867,-0.4579428434371948,0.8571732044219971,0.018763946369290352,0.029943598434329033,0.26846981048583984,246.97091674804688,0.4836118221282959,276.5946350097656,-0.21220152080059052,0.8766000866889954,0.029113292694091797,0.0,0.0,12.250696182250977,0.21514201164245605
11.233528137207031,-0.5687824487686157,0.7830759882926941,-0.005405974108725786,0.0122678866609931,0.44433116912841797,289.9223937988281,0.622917890548706,276.636962890625,-0.3238374590873718,0.8453347086906433,0.0181424617767334,0.0,0.0,12.250696182250977,0.17858672142028809
11.234027862548828,-0.6728160977363586,0.6971902251243591,0.010707306675612926,0.04203750938177109,0.5892934799194336,289.9223937988281,0.7619049549102783,276.6650695800781,-0.43289902806282043,0.8006435036659241,0.008969783782958984,0.0,0.0,12.250696182250977,0.17261147499084473
11.234527587890625,-0.7671269774436951,0.5944639444351196,-0.01668527163565159,0.0076163820922374725,0.721034049987793,279.18450927734375,0.9008333683013916,276.6901550292969,-0.5429429411888123,0.7277108430862427,0.015424251556396484,0.0,0.0,12.250696182250977,0.17979931831359863
11.235028266906738,-0.8449091911315918,0.4799497127532959,-0.007017302326858044,0.02436179481446743,0.8606290817260742,279.18450927734375,1.039689302444458,276.7115783691406,-0.6370460987091064,0.6403281092643738,0.018431663513183594,0.0,0.0,12.250696182250977,0.1790602207183838
11.235527992248535,-0.8983845114707947,0.3671192228794098,-0.02313058264553547,0.00017397799820173532,1.0002202987670898,279.18450927734375,1.1785075664520264,276.73101806640625,-0.7157209515571594,0.5644015669822693,-0.00021314620971679688,0.0,0.0,12.250696182250977,0.17828726768493652
11.236027717590332,-0.9343586564064026,0.2441851645708084,-0.03924386575818062,-0.012850233353674412,1.139815330505371,279.18450927734375,1.3164417743682861,276.7128601074219,-0.7791717052459717,0.47720152139663696,-0.02003002166748047,0.0,0.0,12.250696182250977,0.17662644386291504
11.236528396606445,-0.9518596529960632,0.11283004283905029,-0.03602120652794838,-0.01843203604221344,1.2529668807983398,257.7087707519531,1.4535191059112549,276.6590270996094,-0.8232008218765259,0.37877243757247925,-0.03895425796508789,0.0,0.0,12.250696182250977,0.20055222511291504
11.237028121948242,-0.9635269641876221,-0.011788226664066315,-0.013462615199387074,0.00761638255789876,1.381819725036621,257.7087707519531,1.5899202823638916,276.57806396484375,-0.8552989959716797,0.26777148246765137,-0.047638893127441406,0.0,0.0,12.250696182250977,0.2081005573272705
11.237526893615723,-0.953804075717926,-0.13640649616718292,-0.02474191226065159,-0.01564113423228264,1.5368337631225586,279.18450927734375,1.7261712551116943,276.4924621582031,-0.8795052766799927,0.14581307768821716,-0.04485130310058594,0.0,0.0,12.250696182250977,0.18933749198913574
11.23802661895752,-0.9217192530632019,-0.2593410015106201,-0.013462615199387074,-0.03331684693694115,1.6764287948608398,279.18450927734375,1.8623459339141846,276.4053955078125,-0.8862781524658203,0.033927686512470245,-0.055119991302490234,0.0,0.0,12.250696182250977,0.18591713905334473
11.238527297973633,-0.8799111843109131,-0.385643869638443,-0.010239958763122559,0.016919389367103577,1.8163633346557617,279.4639587402344,1.9979660511016846,276.2968444824219,-0.8799007534980774,-0.0810360461473465,-0.06077003479003906,0.0,0.0,12.250696182250977,0.18160271644592285
11.23902702331543,-0.8167131543159485,-0.49510613083839417,-0.011851286515593529,0.006686082575470209,1.9560918807983398,279.4639587402344,2.133939027786255,276.2054138183594,-0.8570200800895691,-0.20597776770591736,-0.05276918411254883,0.0,0.0,12.250696182250977,0.17784714698791504
11.239526748657227,-0.7360140681266785,-0.6012001633644104,-0.0295758955180645,-0.025874441489577293,2.055830955505371,246.97091674804688,2.2699882984161377,276.1191711425781,-0.8075435757637024,-0.3190608620643616,-0.04847860336303711,0.0,0.0,12.250696182250977,0.2141573429107666
11.24002742767334,-0.6601762771606445,-0.6921377778053284,-0.0215192548930645,-0.0026169244665652514,2.1793127059936523,246.97091674804688,2.405884027481079,276.0282897949219,-0.7506520748138428,-0.42408305406570435,-0.04648113250732422,0.0,0.0,12.250696182250977,0.22657132148742676
11.240527153015137,-0.5629485249519348,-0.7662353515625,-0.01990792714059353,-0.01657143607735634,2.3638525009155273,296.5696105957031,2.542271852493286,275.9599609375,-0.6843516230583191,-0.53373783826828,-0.03476381301879883,0.0,0.0,12.250696182250977,0.1784193515777588
11.241026878356934,-0.44433072209358215,-0.8335967063903809,-0.000571989978197962,0.00017397715419065207,2.512141227722168,296.5696105957031,2.678978204727173,275.9064636230469,-0.6010912656784058,-0.6211602687835693,-0.03207111358642578,0.0,0.0,12.250696182250977,0.16683697700500488
11.24152660369873,-0.3159901797771454,-0.894221842288971,-0.01668527163565159,-0.024013841524720192,2.630549430847168,271.27239990234375,2.815880060195923,275.8622741699219,-0.5041669011116028,-0.7105693221092224,-0.017065048217773438,0.0,0.0,12.250696182250977,0.18533062934875488
11.242027282714844,-0.19737213850021362,-0.9279027581214905,0.00265066628344357,-0.03517745062708855,2.7661848068237305,271.27239990234375,2.953185796737671,275.8360595703125,-0.3971293568611145,-0.7748202681541443,-0.010913848876953125,0.0,0.0,12.250696182250977,0.18700098991394043
11.242526054382324,-0.06708697974681854,-0.9413747191429138,0.01715261861681938,0.0029648789204657078,2.911627769470215,279.4639587402344,3.0906450748443604,275.8167724609375,-0.28590038418769836,-0.818148672580719,-0.010943412780761719,0.0,0.0,12.250696182250977,0.1790173053741455
11.243025779724121,0.07097650319337845,-0.9514791369438171,-0.01829659938812256,-0.01564113423228264,3.051356315612793,279.4639587402344,-3.055210828781128,275.79248046875,-0.17375046014785767,-0.8699678778648376,-0.00923299789428711,0.0,0.0,12.250696182250977,0.17661809921264648
11.243525505065918,0.19737237691879272,-0.931270956993103,0.007484650705009699,-0.026804741472005844,3.1510915756225586,246.97091674804688,-2.91766619682312,275.77764892578125,-0.05367675796151161,-0.8909091949462891,-0.00984501838684082,0.0,0.0,12.250696182250977,0.21442747116088867
11.244028091430664,0.31404566764831543,-0.900958240032196,-0.000571989978197962,-0.009129030629992485,3.275069236755371,246.97091674804688,-2.780333995819092,275.7542724609375,0.06623572111129761,-0.8913291692733765,-0.012860774993896484,0.0,0.0,12.250696182250977,0.2277822494506836
11.244525909423828,0.43071869015693665,-0.8538053631782532,-0.010239958763122559,-0.01843203604221344,3.450934410095215,289.9223937988281,-2.642976760864258,275.732421875,0.19104443490505219,-0.8808060884475708,-0.01081705093383789,0.0,0.0,12.250696182250977,0.18927431106567383
11.245027542114258,0.5473922491073608,-0.786443829536438,-0.008628630079329014,-0.023083539679646492,3.5964765548706055,289.9223937988281,-2.505603790283203,275.711669921875,0.3097953498363495,-0.8501012325286865,-0.012341022491455078,0.0,0.0,12.250696182250977,0.1811051368713379
11.245526313781738,0.6465644240379333,-0.7022421956062317,-0.000571989978197962,-0.027735043317079544,3.714423179626465,268.4466247558594,-2.3681838512420654,275.69329833984375,0.4249865710735321,-0.8061028718948364,-0.01407170295715332,0.0,0.0,12.250696182250977,0.2005782127380371
11.246026039123535,0.7418477535247803,-0.6113044023513794,0.005873322486877441,-0.010989631526172161,3.8486433029174805,268.4466247558594,-2.2308056354522705,275.6736145019531,0.5354121327400208,-0.7412191033363342,-0.011073589324951172,0.0,0.0,12.250696182250977,0.2037367820739746
11.246524810791016,0.8128237724304199,-0.508578360080719,0.01715261861681938,0.004825480282306671,4.0090131759643555,289.9223937988281,-2.0937063694000244,275.64251708984375,0.6244895458221436,-0.6774467825889587,-0.029094219207763672,0.0,0.0,12.250696182250977,0.1804661750793457
11.247024536132812,0.8760223388671875,-0.39237990975379944,0.01715261861681938,0.02715269848704338,4.153975486755371,289.9223937988281,-1.9575097560882568,275.57421875,0.704053521156311,-0.609049916267395,-0.05257534980773926,0.0,0.0,12.250696182250977,0.17170000076293945
11.247525215148926,0.9246357083320618,-0.2677614092826843,0.005873322486877441,0.0020345784723758698,4.233187675476074,236.4695281982422,-1.822501540184021,275.45745849609375,0.7707958221435547,-0.5179197788238525,-0.06621718406677246,0.0,0.0,12.250696182250977,0.22749614715576172
11.248024940490723,0.9440815448760986,-0.15998317301273346,0.026820586994290352,0.02529209479689598,4.351424217224121,236.4695281982422,-1.6875826120376587,275.3393859863281,0.822277307510376,-0.41255125403404236,-0.07467103004455566,0.0,0.0,12.250696182250977,0.24417877197265625
11.24852466583252,0.9469982981681824,-0.03368067741394043,0.0429338701069355,0.01412848848849535,4.535460472106934,289.9223937988281,-1.55351984500885,275.1877136230469,0.8488144278526306,-0.31568753719329834,-0.10002923011779785,0.0,0.0,12.250696182250977,0.19420528411865234
11.249025344848633,0.9489427208900452,0.09767402708530426,0.02198660373687744,0.029943598434329033,4.680418968200684,289.9223937988281,-1.4203153848648071,275.0032653808594,0.8734739422798157,-0.19977839291095734,-0.10220980644226074,0.0,0.0,12.250696182250977,0.1824512481689453
11.24952507019043,0.9256079792976379,0.21892450749874115,0.01715261861681938,0.017849691212177277,4.798945426940918,268.4466247558594,-1.288009762763977,274.7848205566406,0.8625244498252869,-0.1023678407073021,-0.12811732292175293,0.0,0.0,12.250696182250977,0.19623041152954102
11.250024795532227,0.8847723603248596,0.3368067741394043,0.02037527598440647,0.05134051293134689,4.933169364929199,268.4466247558594,-1.1555596590042114,274.5771789550781,0.8598397970199585,0.030116459354758263,-0.10754561424255371,0.0,0.0,12.250696182250977,0.1944565773010254
11.250523567199707,0.8390757441520691,0.4563732445240021,0.007484650705009699,0.030873902142047882,5.080328941345215,279.18450927734375,-1.0231084823608398,274.3739013671875,0.8510556221008301,0.14299005270004272,-0.10875272750854492,0.0,0.0,12.250696182250977,0.1797480583190918
11.251025199890137,0.7651824355125427,0.5708875060081482,0.018763946369290352,0.0057557811960577965,5.220198631286621,279.18450927734375,-0.8903744220733643,274.1868896484375,0.8218578100204468,0.26765164732933044,-0.09323334693908691,1.0,0.0,12.250696182250977,0.17261266708374023
11.251524925231934,0.6854557394981384,0.6618252992630005,-0.005405974108725786,-0.01564113423228264,5.343428611755371,265.8900146484375,-0.7569155693054199,274.0341796875,0.7758948802947998,0.38411539793014526,-0.08194231986999512,1.0,0.0,12.250696182250977,0.18284130096435547
11.25202465057373,0.5853108763694763,0.7477111220359802,0.03004324436187744,0.02529209665954113,5.476374626159668,265.8900146484375,-0.6230254173278809,273.90277099609375,0.7154415249824524,0.49214881658554077,-0.0730588436126709,1.0,0.0,12.250696182250977,0.18378543853759766
11.252524375915527,0.47155460715293884,0.8167564868927002,0.03004324436187744,0.0643647238612175,5.599398136138916,257.7087707519531,-0.48909640312194824,273.7757873535156,0.6255831122398376,0.5748803615570068,-0.06645441055297852,1.0,0.0,12.250696182250977,0.19469118118286133
11.253024101257324,0.3646043539047241,0.8639093637466431,0.03971121087670326,0.060643520206213,5.72825288772583,257.7087707519531,-0.35501861572265625,273.6577453613281,0.5340123176574707,0.6468508243560791,-0.06315732002258301,1.0,0.0,12.250696182250977,0.19991397857666016
11.253524780273438,0.2557089030742645,0.9110622406005859,0.01715261861681938,0.036455705761909485,5.870365619659424,268.7153625488281,-0.22050857543945312,273.5603332519531,0.435484915971756,0.7259297370910645,-0.04791569709777832,1.0,0.0,12.250696182250977,0.19231128692626953
11.254023551940918,0.12931302189826965,0.9346387386322021,-0.000571989978197962,0.016919389367103577,6.004454135894775,268.7153625488281,-0.08568692207336426,273.47802734375,0.33130738139152527,0.7889706492424011,-0.040003299713134766,1.0,0.0,12.250696182250977,0.19304418563842773
11.254524230957031,0.008750454522669315,0.9413747191429138,-0.0021833181381225586,0.014128487557172775,6.163853645324707,289.9223937988281,0.04945969581604004,273.4111633300781,0.22192656993865967,0.83622807264328,-0.03705096244812012,1.0,0.0,12.250696182250977,0.1687912940979004
11.255023002624512,-0.13125742971897125,0.931270956993103,0.012318634428083897,0.029943598434329033,0.025341033935546875,289.9223937988281,0.18450498580932617,273.3414001464844,0.1104055643081665,0.8625103831291199,-0.040079593658447266,1.0,0.0,12.250696182250977,0.1591639518737793
11.255522727966309,-0.2557090222835541,0.9043260216712952,-0.01668527163565159,0.033664803951978683,0.10828351974487305,237.36334228515625,0.3195381164550781,273.2724914550781,-0.007352166343480349,0.8747275471687317,-0.03946065902709961,1.0,0.0,12.250696182250977,0.21125459671020508
11.256025314331055,-0.3665485382080078,0.8672776222229004,-0.0021833181381225586,0.04575871303677559,0.22743844985961914,237.36334228515625,0.4545013904571533,273.2021789550781,-0.12666989862918854,0.8709468841552734,-0.0384674072265625,1.0,0.0,12.250696182250977,0.22706294059753418
11.256523132324219,-0.467665433883667,0.8100202679634094,-0.011851286515593529,0.02157089300453663,0.3974323272705078,279.4639587402344,0.5893042087554932,273.1265563964844,-0.23355308175086975,0.844480037689209,-0.047989845275878906,1.0,0.0,12.250696182250977,0.19187188148498535
11.257022857666016,-0.5843388438224792,0.7426590919494629,0.02198660373687744,0.031804200261831284,0.5371618270874023,279.4639587402344,0.7237131595611572,273.0360107421875,-0.34602442383766174,0.8089865446090698,-0.048131465911865234,1.0,0.0,12.250696182250977,0.18655133247375488
11.257522583007812,-0.6708715558052063,0.6534052491188049,-0.02635324001312256,0.0020345780067145824,0.6598749160766602,265.6369934082031,0.8583049774169922,272.9550476074219,-0.44760870933532715,0.7520022988319397,-0.05008888244628906,1.0,0.0,12.250696182250977,0.19843006134033203
11.258023262023926,-0.7525429725646973,0.5590992569923401,-0.007017302326858044,0.016919389367103577,0.792691707611084,265.6369934082031,0.9922354221343994,272.84796142578125,-0.5336464047431946,0.6973772048950195,-0.06792593002319336,1.0,0.0,12.250696182250977,0.19954371452331543
11.258522987365723,-0.8147684931755066,0.46479347348213196,-0.02313058264553547,-0.01657143607735634,0.9291400909423828,268.7153625488281,1.1258156299591064,272.728515625,-0.6282156109809875,0.6257038116455078,-0.06739044189453125,1.0,0.0,12.250696182250977,0.19667553901672363
11.25902271270752,-0.8721329569816589,0.3452270030975342,-0.02635324001312256,0.02250119484961033,1.0634989738464355,268.7153625488281,1.259103536605835,272.5992126464844,-0.7040178775787354,0.5405896306037903,-0.0722665786743164,1.0,0.0,12.250696182250977,0.19560456275939941
11.259523391723633,-0.9061625599861145,0.2256605178117752,-0.02796456776559353,-0.010059330612421036,1.2229018211364746,289.9223937988281,1.392151117324829,272.4624938964844,-0.7615898251533508,0.44776466488838196,-0.0821533203125,1.0,0.0,12.250696182250977,0.1692492961883545
11.26002311706543,-0.9304696917533875,0.09599002450704575,-0.03602120652794838,-0.012850231491029263,1.3678650856018066,289.9223937988281,1.524599313735962,272.3034362792969,-0.8122279644012451,0.3494701087474823,-0.08960676193237305,1.0,0.0,12.250696182250977,0.15673422813415527
11.260522842407227,-0.935330867767334,-0.02694445662200451,-0.03924386575818062,-0.029595647007226944,1.4367384910583496,225.49517822265625,1.656825304031372,272.13836669921875,-0.8406452536582947,0.2454286515712738,-0.09977579116821289,1.0,0.0,12.250696182250977,0.22008681297302246
11.261021614074707,-0.9207468032836914,-0.1330384910106659,-0.01668527163565159,-0.03517745062708855,1.5492610931396484,225.49517822265625,1.788198709487915,271.9409484863281,-0.8526278138160706,0.14567694067955017,-0.1165766716003418,1.0,0.0,12.250696182250977,0.2389376163482666
11.26152229309082,-0.8915786147117615,-0.23744875192642212,-0.02474191226065159,-0.04727135971188545,1.7256903648376465,279.4639587402344,1.919135332107544,271.72930908203125,-0.8538277745246887,0.043259378522634506,-0.12917184829711914,1.0,0.0,12.250696182250977,0.19344496726989746
11.262022018432617,-0.8565765023231506,-0.3586989939212799,-0.04085519164800644,-0.06029556691646576,1.8654232025146484,279.4639587402344,2.0492279529571533,271.4866943359375,-0.8562787771224976,-0.06550221890211105,-0.13254833221435547,1.0,0.0,12.250696182250977,0.18380475044250488
11.262521743774414,-0.801156759262085,-0.4681612551212311,-0.010239958763122559,-0.02029263973236084,1.99214506149292,268.4466247558594,2.1792733669281006,271.2472839355469,-0.8215137124061584,-0.17705747485160828,-0.1268749237060547,1.0,0.0,12.250696182250977,0.18712830543518066
11.263022422790527,-0.7272636294364929,-0.5692034959793091,-0.02796456776559353,-0.010059330612421036,2.1263670921325684,268.4466247558594,2.3095290660858154,271.02166748046875,-0.7883131504058838,-0.28599345684051514,-0.12158536911010742,1.0,0.0,12.250696182250977,0.18316197395324707
11.263522148132324,-0.6523980498313904,-0.6584570407867432,0.015541290864348412,-0.03703805059194565,2.260589122772217,268.4466247558594,2.4400761127471924,270.81292724609375,-0.732421338558197,-0.3909650146961212,-0.10999584197998047,1.0,0.0,12.250696182250977,0.17948698997497559
11.264021873474121,-0.5503090023994446,-0.7409746646881104,-0.0295758955180645,-0.024013841524720192,2.3948111534118652,268.4466247558594,2.570880651473999,270.6195373535156,-0.671101987361908,-0.49115777015686035,-0.0994720458984375,1.0,0.0,12.250696182250977,0.1760694980621338
11.264520645141602,-0.4521090090274811,-0.8100202679634094,-0.03440988063812256,-0.03424714878201485,2.478084087371826,225.49517822265625,2.7025835514068604,270.4679870605469,-0.5826253294944763,-0.5898866653442383,-0.07141494750976562,1.0,0.0,12.250696182250977,0.22449946403503418
11.265021324157715,-0.347103089094162,-0.8437011241912842,-0.007017302326858044,-0.05750466510653496,2.5908336639404297,225.49517822265625,2.835153818130493,270.3560791015625,-0.49061164259910583,-0.6648911237716675,-0.060545921325683594,1.0,0.0,12.250696182250977,0.24432015419006348
11.265521049499512,-0.2479305863380432,-0.8874858021736145,-0.008628630079329014,-0.011919931508600712,2.7672629356384277,279.4639587402344,2.967432737350464,270.23419189453125,-0.40777525305747986,-0.7328101992607117,-0.0650477409362793,1.0,0.0,12.250696182250977,0.20016980171203613
11.266020774841309,-0.12153446674346924,-0.9110622406005859,-0.02635324001312256,-0.029595647007226944,2.9069957733154297,279.4639587402344,3.0996763706207275,270.113525390625,-0.3120209872722626,-0.786376416683197,-0.06736516952514648,1.0,0.0,12.250696182250977,0.19268059730529785
11.266520500183105,-0.004861174151301384,-0.9177982807159424,0.0010393380653113127,-0.0007563235703855753,3.0237040519714355,259.9693603515625,-3.0511791706085205,269.99896240234375,-0.20443478226661682,-0.8262174129486084,-0.06462907791137695,1.0,0.0,12.250696182250977,0.20830202102661133
11.267021179199219,0.12153495103120804,-0.9076944589614868,-0.02635324001312256,-0.02215323969721794,3.1536903381347656,259.9693603515625,-2.9190123081207275,269.8798828125,-0.09752801060676575,-0.8532578349113464,-0.06817173957824707,1.0,0.0,12.250696182250977,0.21048307418823242
11.267520904541016,0.23820775747299194,-0.8773818016052246,-0.005405974108725786,-0.03424714878201485,3.3035502433776855,276.1165771484375,-2.787031412124634,269.75555419921875,0.013972070999443531,-0.8501564860343933,-0.07004237174987793,1.0,0.0,12.250696182250977,0.19260358810424805
11.268019676208496,0.3529365062713623,-0.8437011241912842,0.03326589986681938,0.008546683937311172,3.4413304328918457,276.1165771484375,-2.6551482677459717,269.6297607421875,0.13227519392967224,-0.833676278591156,-0.06109261512756348,1.0,0.0,12.250696182250977,0.1867070198059082
11.26852035522461,0.4647483825683594,-0.7948642373085022,-0.013462615199387074,-0.005407826974987984,3.5473074913024902,248.9283905029297,-2.5235860347747803,269.4930114746094,0.23100684583187103,-0.8401866555213928,-0.08191084861755371,1.0,0.0,12.250696182250977,0.21229219436645508
11.269021987915039,0.561004102230072,-0.7291868925094604,-0.005405974108725786,-0.026804741472005844,3.6722702980041504,248.9283905029297,-2.392080783843994,269.3567810058594,0.34781414270401,-0.806409478187561,-0.07463264465332031,1.0,0.0,12.250696182250977,0.21883440017700195
11.269519805908203,0.6514257788658142,-0.6534052491188049,0.004261994268745184,-0.011919931508600712,3.8202643394470215,268.4466247558594,-2.260378360748291,269.2317810058594,0.45323261618614197,-0.7504155039787292,-0.07030797004699707,1.0,0.0,12.250696182250977,0.20254278182983398
11.27001953125,0.7369861006736755,-0.5590992569923401,-0.000571989978197962,-0.014710834249854088,3.9544897079467773,268.4466247558594,-2.1293141841888428,269.08245849609375,0.5365042090415955,-0.6933794617652893,-0.08639144897460938,1.0,0.0,12.250696182250977,0.19938135147094727
11.270520210266113,0.801156759262085,-0.461425244808197,0.018763946369290352,-0.007268429268151522,4.060386657714844,245.4369354248047,-1.9986906051635742,268.917724609375,0.6206220984458923,-0.6283716559410095,-0.09655547142028809,1.0,0.0,12.250696182250977,0.22410821914672852
11.27101993560791,0.8517148494720459,-0.3603832423686981,0.03326589986681938,-0.01936233602464199,4.183106422424316,245.4369354248047,-1.8685977458953857,268.7342529296875,0.6912777423858643,-0.5464109778404236,-0.10413908958435059,1.0,0.0,12.250696182250977,0.23148107528686523
11.271519660949707,0.891578197479248,-0.2643931806087494,-0.007017302326858044,0.0038951800670474768,4.28227424621582,225.49517822265625,-1.73930025100708,268.5210876464844,0.7431750297546387,-0.4726262092590332,-0.13131356239318848,1.0,0.0,12.250696182250977,0.2616109848022461
11.272019386291504,0.9119963049888611,-0.15493115782737732,0.007484650705009699,-0.011919931508600712,4.394796848297119,225.49517822265625,-1.6105302572250366,268.2903747558594,0.7971901297569275,-0.3704250752925873,-0.12884283065795898,1.0,0.0,12.250696182250977,0.27785825729370117
11.272520065307617,0.9236636757850647,-0.05388912558555603,-0.011851286515593529,-0.004477526526898146,4.558809280395508,268.7153625488281,-1.482211709022522,268.04541015625,0.8320145606994629,-0.2759193480014801,-0.14269328117370605,1.0,0.0,12.250696182250977,0.24216461181640625
11.273018836975098,0.9188022017478943,0.062309347093105316,0.012318634428083897,0.0057557811960577965,4.692897796630859,268.7153625488281,-1.3542358875274658,267.791259765625,0.8712484240531921,-0.17224180698394775,-0.14589619636535645,1.0,0.0,12.250696182250977,0.2360520362854004
11.273518562316895,0.8983846306800842,0.17850761115550995,0.013929963111877441,-0.0026169244665652514,4.826939582824707,268.4466247558594,-1.2266604900360107,267.525634765625,0.8807014226913452,-0.06471826136112213,-0.1519320011138916,0.0,0.0,12.250696182250977,0.2295851707458496
11.274019241333008,0.8662992119789124,0.294705867767334,0.012318634428083897,0.016919389367103577,4.9611616134643555,268.4466247558594,-1.0994434356689453,267.25054931640625,0.8714697360992432,0.04225495085120201,-0.15764117240905762,0.0,0.0,12.250696182250977,0.2225804328918457
11.274518966674805,0.8157410025596619,0.40248414874076843,0.02359793148934841,0.02343149483203888,5.0586771965026855,237.36334228515625,-0.9727749824523926,266.9581604003906,0.8488304615020752,0.1447555273771286,-0.16416263580322266,0.0,0.0,12.250696182250977,0.25173330307006836
11.275018692016602,0.7651821970939636,0.4967901408672333,0.012318634428083897,0.0057557811960577965,5.177358150482178,237.36334228515625,-0.8465690612792969,266.6524658203125,0.8125596046447754,0.239282488822937,-0.1732323169708252,0.0,0.0,12.250696182250977,0.2592582702636719
11.275518417358398,0.6971229910850525,0.5877277851104736,0.0010393380653113127,0.015989089384675026,5.321146488189697,257.96673583984375,-0.7203927040100098,266.35205078125,0.772138774394989,0.35154518485069275,-0.15878844261169434,0.0,0.0,12.250696182250977,0.24164628982543945
11.276018142700195,0.6067013144493103,0.6702457666397095,0.009095978923141956,0.028082996606826782,5.450128078460693,257.96673583984375,-0.5941383838653564,266.06109619140625,0.715152382850647,0.44001293182373047,-0.16100764274597168,0.0,0.0,12.250696182250977,0.23891878128051758
11.276517868041992,0.5162795782089233,0.7460269331932068,0.009095978923141956,0.02622239664196968,5.591683387756348,268.1784362792969,-0.4678831100463867,265.7764892578125,0.6413715481758118,0.532264232635498,-0.14635729789733887,0.0,0.0,12.250696182250977,0.2236189842224121
11.277017593383789,0.41905173659324646,0.8100202679634094,0.02198660373687744,0.020640593022108078,5.725771903991699,268.1784362792969,-0.34148406982421875,265.5037536621094,0.5681765675544739,0.6032852530479431,-0.15038156509399414,0.0,0.0,12.250696182250977,0.21592950820922852
11.277518272399902,0.30626723170280457,0.8571732044219971,0.012318634428083897,0.03924660384654999,5.86052131652832,268.7153625488281,-0.2147536277770996,265.2507629394531,0.4747926592826843,0.6744537353515625,-0.13524556159973145,0.0,0.0,12.250696182250977,0.20791053771972656
11.2780179977417,0.1876494288444519,0.8908540606498718,0.009095978923141956,0.029943598434329033,5.994876861572266,268.7153625488281,-0.08773589134216309,265.01513671875,0.37766116857528687,0.7300904989242554,-0.12645244598388672,0.0,0.0,12.250696182250977,0.20057249069213867
11.278517723083496,0.0748654156923294,0.9144304990768433,0.01715261861681938,0.036455705761909485,6.062812328338623,214.75732421875,0.0394744873046875,264.7925720214844,0.27789610624313354,0.7808286547660828,-0.1183938980102539,0.0,0.0,12.250696182250977,0.25984764099121094
11.279020309448242,-0.034029681235551834,0.9177982807159424,0.018763946369290352,0.04296780750155449,6.170621871948242,214.75732421875,0.16722440719604492,264.59735107421875,0.16072608530521393,0.8122482299804688,-0.09969425201416016,0.0,0.0,12.250696182250977,0.2797880172729492
11.27951717376709,-0.13903586566448212,0.900958240032196,0.010707306675612926,0.017849691212177277,0.047319889068603516,257.96673583984375,0.295440673828125,264.4258117675781,0.053334880620241165,0.8265413045883179,-0.0971531867980957,0.0,0.0,12.250696182250977,0.24812078475952148
11.28001880645752,-0.2537645101547241,0.8841180205345154,0.03165457025170326,0.04110720753669739,0.17681884765625,257.96673583984375,0.42375850677490234,264.2621154785156,-0.06038814038038254,0.8325746059417725,-0.08875465393066406,0.0,0.0,12.250696182250977,0.24693965911865234
11.280516624450684,-0.3646038770675659,0.8403328657150269,0.02520925924181938,0.016919389367103577,0.31818723678588867,268.4466247558594,0.5521585941314697,264.1053161621094,-0.16914349794387817,0.8178255558013916,-0.08575677871704102,0.0,0.0,12.250696182250977,0.23397135734558105
11.28101921081543,-0.47447147965431213,0.7847598195075989,0.010707306675612926,0.02529209665954113,0.45294666290283203,268.4466247558594,0.6810197830200195,263.97125244140625,-0.287601500749588,0.8045461177825928,-0.07533884048461914,0.0,0.0,12.250696182250977,0.2280731201171875
11.281517028808594,-0.576560378074646,0.7157144546508789,-0.007017302326858044,0.018779989331960678,0.5337629318237305,225.49517822265625,0.8097786903381348,263.8356628417969,-0.38773268461227417,0.7632856369018555,-0.0775446891784668,0.0,0.0,12.250696182250977,0.2760157585144043
11.28201675415039,-0.6572595238685608,0.6500368714332581,0.0010393380653113127,0.014128487557172775,0.6465091705322266,225.49517822265625,0.9383437633514404,263.69476318359375,-0.4894137978553772,0.7158113121986389,-0.0765390396118164,0.0,0.0,12.250696182250977,0.29183459281921387
11.282517433166504,-0.7301803231239319,0.5574150681495667,0.004261994268745184,0.04203750565648079,0.8121271133422852,268.4466247558594,1.0665371417999268,263.54119873046875,-0.5690461993217468,0.6515632271766663,-0.08674287796020508,0.0,0.0,12.250696182250977,0.2544100284576416
11.2830171585083,-0.7982398867607117,0.46647748351097107,0.004261994268745184,-0.0026169249322265387,0.946352481842041,268.4466247558594,1.1946051120758057,263.3855285644531,-0.6549723744392395,0.5872067213058472,-0.09298944473266602,0.0,0.0,12.250696182250977,0.24825263023376465
11.283516883850098,-0.8614377379417419,0.35027918219566345,0.007484650705009699,0.019710291177034378,1.0541386604309082,246.97091674804688,1.3224918842315674,263.2256774902344,-0.7407224774360657,0.4975793957710266,-0.08160161972045898,0.0,0.0,12.250696182250977,0.2683532238006592
11.284016609191895,-0.8925507068634033,0.24923697113990784,-0.01668527163565159,-0.024013841524720192,1.1776227951049805,246.97091674804688,1.4500939846038818,263.0570373535156,-0.7869139909744263,0.4136768877506256,-0.10193204879760742,0.0,0.0,12.250696182250977,0.27247118949890137
11.284516334533691,-0.9207468032836914,0.1330384910106659,-0.01668527163565159,0.0113375848159194,1.3276095390319824,268.7153625488281,1.576636552810669,262.8474426269531,-0.8252058625221252,0.3266431987285614,-0.12167739868164062,0.0,0.0,12.250696182250977,0.24902701377868652
11.285016059875488,-0.9226913452148438,0.00842022243887186,-0.007017302326858044,0.02064059115946293,1.4619650840759277,268.7153625488281,1.702544927597046,262.6156311035156,-0.8393633961677551,0.22954849898815155,-0.1379241943359375,0.0,0.0,12.250696182250977,0.24057984352111816
11.285515785217285,-0.9236636757850647,-0.10777825117111206,-0.01829659938812256,-0.0007563235703855753,1.5431218147277832,225.49517822265625,1.8277132511138916,262.3575439453125,-0.8515834808349609,0.12526777386665344,-0.14246606826782227,0.0,0.0,12.250696182250977,0.2845914363861084
11.286015510559082,-0.9042180180549622,-0.21555650234222412,-0.011851286515593529,-0.011919931508600712,1.6558680534362793,225.49517822265625,1.952470064163208,262.0875549316406,-0.8509821891784668,0.02523789368569851,-0.15111970901489258,0.0,0.0,12.250696182250977,0.2966020107269287
11.286516189575195,-0.8731050491333008,-0.32333430647850037,-0.015073942951858044,0.004825481213629246,1.821485996246338,268.4466247558594,2.077129602432251,261.8193664550781,-0.8570982813835144,-0.08792383968830109,-0.14414119720458984,0.0,0.0,12.250696182250977,0.2556436061859131
11.287015914916992,-0.8176854252815247,-0.43279677629470825,-0.02474191226065159,0.010407283902168274,1.955711841583252,268.4466247558594,2.201599359512329,261.548583984375,-0.8300488591194153,-0.1829124242067337,-0.15424728393554688,0.0,0.0,12.250696182250977,0.24588751792907715
11.287515640258789,-0.7496259212493896,-0.5304708480834961,-0.015073942951858044,-0.01750173605978489,2.0767159461975098,257.7087707519531,2.325969934463501,261.2794189453125,-0.7919224500656128,-0.2813456058502197,-0.1544198989868164,0.0,0.0,12.250696182250977,0.2492539882659912
11.288016319274902,-0.6786496639251709,-0.6264608502388,-0.03924386575818062,-0.04261985421180725,2.205570697784424,257.7087707519531,2.4497907161712646,260.99285888671875,-0.748932421207428,-0.37145060300827026,-0.1594839096069336,0.0,0.0,12.250696182250977,0.24422001838684082
11.288515090942383,-0.5930892825126648,-0.7072944045066833,-0.03279855102300644,-0.03331684693694115,2.334167957305908,257.7087707519531,2.573498487472534,260.70758056640625,-0.686526358127594,-0.4602096378803253,-0.15332365036010742,0.0,0.0,12.250696182250977,0.23933053016662598
11.28901481628418,-0.497806191444397,-0.7780237793922424,-0.01829659938812256,-0.030525945127010345,2.4630227088928223,257.7087707519531,2.6975929737091064,260.4446105957031,-0.6073419451713562,-0.5434423685073853,-0.13823318481445312,0.0,0.0,12.250696182250977,0.23457026481628418
11.289514541625977,-0.3937726318836212,-0.830228865146637,-0.02313058264553547,-0.029595645144581795,2.5525307655334473,225.72088623046875,2.822134256362915,260.2059326171875,-0.5186588168144226,-0.6067416071891785,-0.1293954849243164,0.0,0.0,12.250696182250977,0.2696034908294678
11.29001522064209,-0.2926556169986725,-0.8740136027336121,-0.01829659938812256,-0.03238654509186745,2.6653904914855957,225.72088623046875,2.9471848011016846,259.9936828613281,-0.42737945914268494,-0.679053008556366,-0.10902214050292969,0.0,0.0,12.250696182250977,0.28179430961608887
11.290514945983887,-0.17598243057727814,-0.900958240032196,-0.04891183227300644,-0.05750466510653496,2.8528780937194824,286.3431091308594,3.072842836380005,259.8114318847656,-0.32614558935165405,-0.7318137288093567,-0.09229707717895508,0.0,0.0,12.250696182250977,0.21996474266052246
11.291014671325684,-0.05930890515446663,-0.9177982807159424,-0.0021833181381225586,-0.02122293785214424,2.9960522651672363,286.3431091308594,-3.0840816497802734,259.65826416015625,-0.22814211249351501,-0.7799144983291626,-0.08401322364807129,0.0,0.0,12.250696182250977,0.20305156707763672
11.291515350341797,0.0729207769036293,-0.9177982807159424,-0.005405974108725786,-0.004477526061236858,3.0813746452331543,237.36334228515625,-2.9576425552368164,259.51580810546875,-0.12125250697135925,-0.8060504198074341,-0.07528328895568848,0.0,0.0,12.250696182250977,0.24416828155517578
11.292015075683594,0.181815505027771,-0.9043260216712952,-0.0215192548930645,-0.03238654509186745,3.2000555992126465,237.36334228515625,-2.8308305740356445,259.3919677734375,-0.014206601306796074,-0.8256598114967346,-0.07009220123291016,0.0,0.0,12.250696182250977,0.25229930877685547
11.292513847351074,0.30043405294418335,-0.8740136027336121,-0.0021833181381225586,-0.026804743334650993,3.3570656776428223,268.7153625488281,-2.7041022777557373,259.26727294921875,0.09605638682842255,-0.8171095252037048,-0.06268930435180664,0.0,0.0,12.250696182250977,0.22201776504516602
11.293014526367188,0.41321781277656555,-0.8335967063903809,-0.008628630079329014,-0.010059330612421036,3.4916911125183105,268.7153625488281,-2.5770468711853027,259.158935546875,0.20711708068847656,-0.8140155076980591,-0.05769848823547363,0.0,0.0,12.250696182250977,0.2144474983215332
11.293514251708984,0.5172516107559204,-0.7780237793922424,-0.007017302326858044,-0.024013841524720192,3.559356212615967,214.75732421875,-2.4499781131744385,259.0534362792969,0.3147100806236267,-0.7995787858963013,-0.05905628204345703,0.0,0.0,12.250696182250977,0.2738509178161621
11.294014930725098,0.6037840247154236,-0.7157144546508789,-0.005405974108725786,-0.023083539679646492,3.666952610015869,214.75732421875,-2.323101758956909,258.9421081542969,0.4135766625404358,-0.7591697573661804,-0.062204837799072266,0.0,0.0,12.250696182250977,0.29313135147094727
11.294513702392578,0.6757326722145081,-0.6382486820220947,0.0010393380653113127,-0.03238654509186745,3.8244729042053223,255.66348266601562,-2.1961498260498047,258.83624267578125,0.511975884437561,-0.7152875661849976,-0.06687641143798828,0.0,0.0,12.250696182250977,0.26256275177001953
11.295015335083008,0.7583767771720886,-0.5489950180053711,0.00265066628344357,-0.0035472256131470203,3.952558994293213,255.66348266601562,-2.06976056098938,258.7089538574219,0.5989207625389099,-0.646763801574707,-0.0676107406616211,0.0,0.0,12.250696182250977,0.2608656883239746
11.295514106750488,0.8206021189689636,-0.4479530155658722,-0.010239958763122559,-0.012850233353674412,4.0952324867248535,268.4466247558594,-1.9436650276184082,258.5719909667969,0.6772550344467163,-0.5816941857337952,-0.0797426700592041,0.0,0.0,12.250696182250977,0.24428796768188477
11.296013832092285,0.8682438731193542,-0.338490754365921,0.007484650705009699,-0.01936233602464199,4.229454517364502,268.4466247558594,-1.8174747228622437,258.44189453125,0.7456584572792053,-0.4923388361930847,-0.07998776435852051,0.0,0.0,12.250696182250977,0.23625612258911133
11.296513557434082,0.913940966129303,-0.21892428398132324,-0.007017302326858044,-0.025874441489577293,4.350996494293213,257.7087707519531,-1.6920793056488037,258.2810974121094,0.7986793518066406,-0.4046914577484131,-0.09101653099060059,0.0,0.0,12.250696182250977,0.24010992050170898
11.297013282775879,0.9304697513580322,-0.09598981589078903,0.012318634428083897,-0.02029263973236084,4.479590892791748,257.7087707519531,-1.5672396421432495,258.1003112792969,0.8318769335746765,-0.3135334849357605,-0.10754203796386719,0.0,0.0,12.250696182250977,0.23635482788085938
11.297513008117676,0.9421367645263672,0.015156230889260769,0.007484650705009699,-0.03238654509186745,4.608752727508545,257.96673583984375,-1.4430854320526123,257.89453125,0.8649545907974243,-0.2210789918899536,-0.12176108360290527,0.0,0.0,12.250696182250977,0.23134756088256836
11.298012733459473,0.9217190742492676,0.13809092342853546,0.02198660373687744,0.033664803951978683,4.737734317779541,257.96673583984375,-1.3188061714172363,257.6983642578125,0.8713449239730835,-0.09905729442834854,-0.10914111137390137,0.0,0.0,12.250696182250977,0.22664499282836914
11.298513412475586,0.9042177796363831,0.2559731900691986,-0.0021833181381225586,-0.03796835243701935,4.8410515785217285,236.23304748535156,-1.1948097944259644,257.49444580078125,0.8740960359573364,0.002611380536109209,-0.1171867847442627,0.0,0.0,12.250696182250977,0.24732398986816406
11.299013137817383,0.8672716021537781,0.36038342118263245,0.02359793148934841,0.034595102071762085,4.959167957305908,236.23304748535156,-1.0709502696990967,257.2889709472656,0.8704907894134521,0.10721418261528015,-0.12170672416687012,0.0,0.0,12.250696182250977,0.2530674934387207
11.29951286315918,0.8099068999290466,0.46647748351097107,0.02037527598440647,0.019710291177034378,5.102649211883545,257.7087707519531,-0.9477243423461914,257.061279296875,0.8330829739570618,0.20317935943603516,-0.12851428985595703,0.0,0.0,12.250696182250977,0.23281192779541016
11.300012588500977,0.7505983710289001,0.5624675154685974,0.02359793148934841,0.02529209479689598,5.231503963470459,257.7087707519531,-0.8246176242828369,256.83331298828125,0.7930176258087158,0.3012942969799042,-0.12797260284423828,0.0,0.0,12.250696182250977,0.22706365585327148
11.30051326751709,0.6767051219940186,0.6567733287811279,0.02037527598440647,0.010407285764813423,5.360355854034424,257.7087707519531,-0.7016959190368652,256.6023864746094,0.7399341464042664,0.3996955156326294,-0.11890435218811035,0.0,0.0,12.250696182250977,0.22113370895385742
11.30101203918457,0.5794775485992432,0.7308706641197205,0.0348772294819355,0.02808299846947193,5.488949298858643,257.7087707519531,-0.5781524181365967,256.40240478515625,0.6768542528152466,0.4898902177810669,-0.11138010025024414,0.0,0.0,12.250696182250977,0.21608400344848633
11.301512718200684,0.4764159917831421,0.8016002178192139,0.004261994268745184,0.02529209479689598,5.6307454109191895,268.4466247558594,-0.45461344718933105,256.20648193359375,0.5962279438972473,0.5640550851821899,-0.10390973091125488,0.0,0.0,12.250696182250977,0.19782686233520508
11.30201244354248,0.3684931695461273,0.8538053631782532,0.02198660373687744,0.018779993057250977,5.764700412750244,268.4466247558594,-0.3307371139526367,256.02886962890625,0.5150802135467529,0.6354087591171265,-0.09599757194519043,0.0,0.0,12.250696182250977,0.18774795532226562
11.302512168884277,0.2557089030742645,0.894221842288971,0.013929963111877441,0.04761930927634239,5.8358235359191895,214.9722900390625,-0.20632266998291016,255.87767028808594,0.41934821009635925,0.7074049711227417,-0.07439231872558594,0.0,0.0,12.250696182250977,0.24103927612304688
11.303011894226074,0.1565367728471756,0.9177982807159424,0.02520925924181938,0.03924660384654999,5.943309307098389,214.9722900390625,-0.08126235008239746,255.75672912597656,0.32447174191474915,0.763202965259552,-0.06642580032348633,0.0,0.0,12.250696182250977,0.25861406326293945
11.303511619567871,0.03208516165614128,0.9346387386322021,0.03004324436187744,0.02715269848704338,6.113951206207275,268.4466247558594,0.044152021408081055,255.6532440185547,0.20915262401103973,0.7965677380561829,-0.04663968086242676,0.0,0.0,12.250696182250977,0.21338605880737305
11.304012298583984,-0.0670870989561081,0.931270956993103,-0.0037946461234241724,0.02064059115946293,6.248173236846924,268.4466247558594,0.17031455039978027,255.58328247070312,0.10691747069358826,0.8330032229423523,-0.04374194145202637,0.0,0.0,12.250696182250977,0.20532655715942383
11.304512023925781,-0.19737225770950317,0.9076944589614868,-0.000571989978197962,0.02808299846947193,0.08683586120605469,257.96673583984375,0.29607176780700684,255.49777221679688,0.006915980949997902,0.8452714085578918,-0.05013751983642578,0.0,0.0,12.250696182250977,0.20923590660095215
11.305011749267578,-0.3218238651752472,0.8807496428489685,0.03326589986681938,0.04203750565648079,0.21581745147705078,257.96673583984375,0.42145705223083496,255.39846801757812,-0.10124010592699051,0.8450100421905518,-0.04819035530090332,0.0,0.0,12.250696182250977,0.20563960075378418
11.305510520935059,-0.4307189881801605,0.830228865146637,0.007484650705009699,0.02343149483203888,0.3569192886352539,268.4466247558594,0.5476663112640381,255.3358917236328,-0.2226024717092514,0.8253849744796753,-0.030201435089111328,0.0,0.0,12.250696182250977,0.19074702262878418
11.306011199951172,-0.5444754958152771,0.7645515203475952,-0.007017302326858044,0.02250119484961033,0.49114131927490234,268.4466247558594,0.6746394634246826,255.30673217773438,-0.3481541872024536,0.791951060295105,-0.006348848342895508,0.0,0.0,12.250696182250977,0.18349814414978027
11.306510925292969,-0.6387863159179688,0.6955061554908752,0.010707306675612926,0.030873900279402733,0.5873212814331055,236.23304748535156,0.8017361164093018,255.28330993652344,-0.44381874799728394,0.7522140145301819,-0.014641046524047852,0.0,0.0,12.250696182250977,0.2144148349761963
11.307010650634766,-0.7243468165397644,0.6079363822937012,-0.008628630079329014,0.02715269848704338,0.7054376602172852,236.23304748535156,0.9288589954376221,255.26156616210938,-0.5484911799430847,0.6968818306922913,-0.008000850677490234,0.0,0.0,12.250696182250977,0.22342133522033691
11.307511329650879,-0.7885169386863708,0.5169981718063354,-0.01668527163565159,0.0020345780067145824,0.8362360000610352,246.97091674804688,1.0560510158538818,255.2430877685547,-0.6282495856285095,0.6266416907310486,-0.0153656005859375,0.0,0.0,12.250696182250977,0.21981501579284668
11.308011054992676,-0.8536596298217773,0.4176405370235443,-0.010239958763122559,0.033664800226688385,0.9597234725952148,246.97091674804688,1.1828701496124268,255.20932006835938,-0.7094006538391113,0.5515742897987366,-0.018999099731445312,0.0,0.0,12.250696182250977,0.22314667701721191
11.308510780334473,-0.8964399695396423,0.30986231565475464,-0.0215192548930645,-0.01936233788728714,1.1085710525512695,268.4466247558594,1.3097727298736572,255.17984008789062,-0.7780776023864746,0.4631364643573761,-0.021965503692626953,0.0,0.0,12.250696182250977,0.2012016773223877
11.30901050567627,-0.9333863258361816,0.18524403870105743,-0.0037946461234241724,0.02064059115946293,1.242793083190918,268.4466247558594,1.4356563091278076,255.10801696777344,-0.8215232491493225,0.38026872277259827,-0.04462099075317383,0.0,0.0,12.250696182250977,0.19286322593688965
11.309510231018066,-0.9499151110649109,0.055573128163814545,-0.01829659938812256,0.036455705761909485,1.364384651184082,257.96673583984375,1.5620067119598389,255.05763244628906,-0.8930032849311829,0.2528481185436249,-0.013299942016601562,0.0,0.0,12.250696182250977,0.19762206077575684
11.31001091003418,-0.9518596529960632,-0.06567714363336563,-0.013462615199387074,0.0020345784723758698,1.4936237335205078,257.96673583984375,1.6887238025665283,255.02342224121094,-0.8961622714996338,0.1512661874294281,-0.031420230865478516,0.0,0.0,12.250696182250977,0.1951000690460205
11.31050968170166,-0.9411646723747253,-0.18524403870105743,-0.0295758955180645,-0.007268428336828947,1.5839996337890625,225.49517822265625,1.8146250247955322,254.95571899414062,-0.9148338437080383,0.04535505920648575,-0.03974151611328125,0.0,0.0,12.250696182250977,0.23062539100646973
11.31101131439209,-0.908107340335846,-0.28965386748313904,-0.0295758955180645,-0.007268428336828947,1.6969728469848633,225.49517822265625,1.9400999546051025,254.87149047851562,-0.8905277252197266,-0.05568360164761543,-0.05337095260620117,0.0,0.0,12.250696182250977,0.24312710762023926
11.31151008605957,-0.8672714829444885,-0.3940640985965729,-0.013462615199387074,0.0150587884709239,1.8602209091186523,268.4466247558594,2.065030813217163,254.76620483398438,-0.8627106547355652,-0.15448921918869019,-0.06369924545288086,0.0,0.0,12.250696182250977,0.20480990409851074
11.312010765075684,-0.8099071979522705,-0.5068943500518799,-0.0295758955180645,0.0057557811960577965,1.9947137832641602,268.4466247558594,2.1899540424346924,254.662841796875,-0.8423001766204834,-0.26823025941848755,-0.05759906768798828,0.0,0.0,12.250696182250977,0.19524025917053223
11.312509536743164,-0.7399029731750488,-0.6011999249458313,-0.03602120652794838,-0.01657143421471119,2.115987777709961,257.7087707519531,2.3149073123931885,254.56285095214844,-0.8026211857795715,-0.3680964708328247,-0.06096363067626953,0.0,0.0,12.250696182250977,0.19891953468322754
11.313011169433594,-0.6494812965393066,-0.69718998670578,-0.03602120652794838,-0.050062257796525955,2.2450990676879883,257.7087707519531,2.439680337905884,254.45742797851562,-0.7384712100028992,-0.46740302443504333,-0.05151557922363281,0.0,0.0,12.250696182250977,0.1945812702178955
11.313509941101074,-0.557114839553833,-0.7763395309448242,-0.02313058264553547,-0.01843203604221344,2.386378288269043,268.4466247558594,2.564567804336548,254.35910034179688,-0.6636658906936646,-0.5455548167228699,-0.052758216857910156,0.0,0.0,12.250696182250977,0.17818951606750488
11.314010620117188,-0.44433072209358215,-0.8437011241912842,-0.01829659938812256,-0.0007563235703855753,2.5208683013916016,268.4466247558594,2.689580202102661,254.26803588867188,-0.5776519775390625,-0.6189737319946289,-0.04594755172729492,0.0,0.0,12.250696182250977,0.16871190071105957
11.314510345458984,-0.3237682580947876,-0.894221842288971,-0.03118722327053547,-0.030525945127010345,2.604363441467285,225.72088623046875,2.815441846847534,254.21463012695312,-0.4763060212135315,-0.7006893754005432,-0.017885684967041016,0.0,0.0,12.250696182250977,0.21107840538024902
11.315011024475098,-0.22070710361003876,-0.931270956993103,-0.0295758955180645,-0.031456246972084045,2.7174501419067383,225.72088623046875,2.9423024654388428,254.20425415039062,-0.3733770251274109,-0.7701247334480286,0.0009026527404785156,0.0,0.0,12.250696182250977,0.2248523235321045
11.315508842468262,-0.1020892858505249,-0.9548473954200745,-0.02474191226065159,-0.01564113423228264,2.8806352615356445,268.7153625488281,3.0695135593414307,254.20875549316406,-0.26966553926467896,-0.8211539387702942,0.007857322692871094,0.0,0.0,12.250696182250977,0.18887829780578613
11.316011428833008,0.024307087063789368,-0.9548473954200745,-0.02796456776559353,-0.04541075602173805,3.0155296325683594,268.7153625488281,-3.0861599445343018,254.2258758544922,-0.16067394614219666,-0.8517765998840332,0.011235237121582031,0.0,0.0,12.250696182250977,0.18149614334106445
11.316509246826172,0.14875845611095428,-0.9481111764907837,-0.02635324001312256,-0.029595647007226944,3.136035919189453,257.4513244628906,-2.9582834243774414,254.25796508789062,-0.039936646819114685,-0.8651597499847412,0.023756027221679688,0.0,0.0,12.250696182250977,0.18886613845825195
11.317010879516602,0.2770993411540985,-0.9177982807159424,-0.01829659938812256,-0.07704097777605057,3.2652769088745117,257.4513244628906,-2.8299739360809326,254.3075408935547,0.07779072225093842,-0.8688934445381165,0.03094339370727539,0.0,0.0,12.250696182250977,0.18793439865112305
11.317508697509766,0.3976611793041229,-0.8773818016052246,0.004261994268745184,-0.024944143369793892,3.4194860458374023,279.4639587402344,-2.7013132572174072,254.37088012695312,0.19875481724739075,-0.8527820110321045,0.04207873344421387,0.0,0.0,12.250696182250977,0.16238641738891602
11.318011283874512,0.5172518491744995,-0.8117042183876038,-0.01668527163565159,-0.03889865428209305,3.5597753524780273,279.4639587402344,-2.572005033493042,254.4601593017578,0.31902503967285156,-0.8245065212249756,0.053112030029296875,0.0,0.0,12.250696182250977,0.15140485763549805
11.318509101867676,0.6251742243766785,-0.7392911314964294,0.005873322486877441,-0.0035472256131470203,3.635157585144043,225.49517822265625,-2.442289113998413,254.56468200683594,0.4305966794490814,-0.7734552621841431,0.06233572959899902,0.0,0.0,12.250696182250977,0.20573854446411133
11.319007873535156,0.711707353591919,-0.6635091304779053,-0.01668527163565159,-0.031456246972084045,3.7476797103881836,225.49517822265625,-2.312694787979126,254.66180419921875,0.5250486731529236,-0.7275818586349487,0.04989933967590332,0.0,0.0,12.250696182250977,0.22281122207641602
11.319507598876953,0.7807388305664062,-0.5708873271942139,0.010707306675612926,0.00110427790787071,3.9111547470092773,268.4466247558594,-2.1828665733337402,254.76675415039062,0.6187991499900818,-0.6591923832893372,0.0488734245300293,0.0,0.0,12.250696182250977,0.1891641616821289
11.320008277893066,0.8643544316291809,-0.46647748351097107,-0.010239958763122559,-0.027735043317079544,4.045376777648926,268.4466247558594,-2.0535824298858643,254.8466339111328,0.7078148722648621,-0.5869810581207275,0.044298648834228516,0.0,0.0,12.250696182250977,0.18422651290893555
11.320508003234863,0.9217190742492676,-0.3401747941970825,0.0010393380653113127,-0.04168955236673355,4.176581382751465,265.8900146484375,-1.9240986108779907,254.9332275390625,0.7848036885261536,-0.48868587613105774,0.05033683776855469,0.0,0.0,12.250696182250977,0.18250560760498047
11.32100772857666,0.9557486176490784,-0.22060850262641907,0.009095978923141956,-0.007268428802490234,4.309523582458496,265.8900146484375,-1.794750452041626,255.01229858398438,0.8424164056777954,-0.39106136560440063,0.04336047172546387,0.0,0.0,12.250696182250977,0.17891168594360352
11.321508407592773,0.9771385788917542,-0.09599002450704575,0.004261994268745184,-0.028665345162153244,4.461342811584473,282.5754089355469,-1.665759563446045,255.07467651367188,0.8875063061714172,-0.30063167214393616,0.022350072860717773,0.0,0.0,12.250696182250977,0.1560831069946289
11.322007179260254,0.9897782206535339,0.04715290665626526,-0.007017302326858044,-0.014710834249854088,4.6023454666137695,282.5754089355469,-1.5372108221054077,255.11717224121094,0.925624668598175,-0.18584541976451874,0.022305727005004883,0.0,0.0,12.250696182250977,0.1436290740966797
11.32250690460205,0.9722775816917419,0.17850761115550995,0.013929963111877441,-0.011919931508600712,4.6892290115356445,236.4695281982422,-1.4089763164520264,255.14553833007812,0.9396166801452637,-0.07750839740037918,0.009889602661132812,0.0,0.0,12.250696182250977,0.18497991561889648
11.323006629943848,0.9431094527244568,0.2963898777961731,0.05260183662176132,0.030873900279402733,4.807463645935059,236.4695281982422,-1.2808725833892822,255.1678466796875,0.9293598532676697,0.04376170411705971,0.011169195175170898,0.0,0.0,12.250696182250977,0.19484949111938477
11.323507308959961,0.9051902890205383,0.4159563481807709,0.03648855537176132,0.015989089384675026,4.96346378326416,268.4466247558594,-1.1531785726547241,255.17242431640625,0.9027085304260254,0.15173402428627014,0.002923727035522461,0.0,0.0,12.250696182250977,0.16654300689697266
11.324007034301758,0.8400480151176453,0.5220503807067871,0.009095978923141956,0.018779993057250977,5.097687721252441,268.4466247558594,-1.0255677700042725,255.17343139648438,0.86770099401474,0.2593929171562195,-0.0007452964782714844,0.0,0.0,12.250696182250977,0.15992975234985352
11.324506759643555,0.7612932324409485,0.6382490992546082,0.04132254049181938,0.028082996606826782,5.24459171295166,279.18450927734375,-0.8979270458221436,255.1757354736328,0.820744514465332,0.37061870098114014,0.0053081512451171875,0.0,0.0,12.250696182250977,0.14066648483276367
11.325007438659668,0.6708714962005615,0.7342389225959778,0.03326589986681938,0.019710291177034378,5.384184837341309,279.18450927734375,-0.7700889110565186,255.18630981445312,0.7672767043113708,0.4769180417060852,0.009474515914916992,0.0,0.0,12.250696182250977,0.12891149520874023
11.325507164001465,0.5571149587631226,0.8167567253112793,0.03326589986681938,0.036455705761909485,5.473050117492676,236.23304748535156,-0.6416492462158203,255.22190856933594,0.6839062571525574,0.5752545595169067,0.024322032928466797,0.0,0.0,12.250696182250977,0.1684861183166504
11.326005935668945,0.45599818229675293,0.8773818016052246,0.018763946369290352,0.031804200261831284,5.590929985046387,236.23304748535156,-0.5129296779632568,255.26846313476562,0.5937354564666748,0.6480163335800171,0.02541375160217285,0.0,0.0,12.250696182250977,0.17932558059692383
11.326506614685059,0.3354358673095703,0.9279027581214905,0.012318634428083897,0.037386007606983185,5.760010719299316,279.18450927734375,-0.38390064239501953,255.3271026611328,0.48797407746315,0.7161412835121155,0.04008603096008301,0.0,0.0,12.250696182250977,0.13927412033081055
11.327006340026855,0.21098412573337555,0.9615834355354309,0.015541290864348412,0.016919389367103577,5.899323463439941,279.18450927734375,-0.254284143447876,255.4092254638672,0.384310245513916,0.7723221778869629,0.04697895050048828,0.0,0.0,12.250696182250977,0.1295781135559082
11.327506065368652,0.0729205310344696,0.9885280728340149,0.03165457025170326,0.037386003881692886,6.0265607833862305,268.7153625488281,-0.12432217597961426,255.5041046142578,0.27446219325065613,0.8373940587043762,0.06217694282531738,0.0,0.0,12.250696182250977,0.13230276107788086
11.32800579071045,-0.06903161853551865,0.9851598739624023,0.03326589986681938,0.04947991296648979,6.160918235778809,268.7153625488281,0.006573200225830078,255.6362762451172,0.14007483422756195,0.8619391322135925,0.08713459968566895,0.0,0.0,12.250696182250977,0.12884044647216797
11.328505516052246,-0.1934833526611328,0.9716876149177551,0.007484650705009699,0.02343149483203888,0.024455547332763672,279.18450927734375,0.13857579231262207,255.81219482421875,0.015533226542174816,0.8772782683372498,0.09875106811523438,0.0,0.0,12.250696182250977,0.1141202449798584
11.32900619506836,-0.33932480216026306,0.931270956993103,0.02037527598440647,0.04947991296648979,0.1640486717224121,279.18450927734375,0.2709062099456787,255.9981231689453,-0.10954896360635757,0.876236081123352,0.10872602462768555,0.0,0.0,12.250696182250977,0.1068575382232666
11.329505920410156,-0.46183183789253235,0.8807496428489685,0.009095978923141956,0.033664803951978683,0.2531924247741699,236.4695281982422,0.40398097038269043,256.2114562988281,-0.2390051931142807,0.8538166880607605,0.12448835372924805,0.0,0.0,12.250696182250977,0.1507885456085205
11.330004692077637,-0.5746161341667175,0.8201246857643127,0.02037527598440647,0.038316309452056885,0.37119054794311523,236.4695281982422,0.5378084182739258,256.45196533203125,-0.37463510036468506,0.822662353515625,0.14537358283996582,0.0,0.0,12.250696182250977,0.16661787033081055
11.330506324768066,-0.6718437671661377,0.7392908930778503,-0.0037946461234241724,0.02064059115946293,0.539823055267334,278.90557861328125,0.6721904277801514,256.71063232421875,-0.4832863211631775,0.7764790058135986,0.14062976837158203,0.0,0.0,12.250696182250977,0.13236737251281738
11.331005096435547,-0.7778221964836121,0.6433010697364807,0.02037527598440647,0.038316309452056885,0.6789965629577637,278.90557861328125,0.8067107200622559,256.9697570800781,-0.6033777594566345,0.7146947979927063,0.1508176326751709,0.0,0.0,12.250696182250977,0.1277141571044922
11.331504821777344,-0.852687418460846,0.5271025896072388,-0.011851286515593529,0.019710293039679527,0.8317904472351074,290.21258544921875,0.9412362575531006,257.22357177734375,-0.6856606602668762,0.6418027877807617,0.13375425338745117,0.0,0.0,12.250696182250977,0.10944581031799316
11.33200454711914,-0.9217192530632019,0.4075361490249634,-0.005405974108725786,0.004825480282306671,0.9768977165222168,290.21258544921875,1.0752832889556885,257.45196533203125,-0.7629638910293579,0.5569790601730347,0.12166309356689453,0.0,0.0,12.250696182250977,0.09838557243347168
11.332505226135254,-0.9742221832275391,0.26944541931152344,-0.015073942951858044,-0.004477526526898146,1.1089797019958496,279.18450927734375,1.2090342044830322,257.6630554199219,-0.8323396444320679,0.4592544734477997,0.1144866943359375,0.0,0.0,12.250696182250977,0.10005450248718262
11.33300495147705,-1.0014456510543823,0.13472270965576172,-0.02313058264553547,-0.005407826509326696,1.248572826385498,279.18450927734375,1.3420970439910889,257.8408203125,-0.8919073343276978,0.37035587430000305,0.09212923049926758,0.0,0.0,12.250696182250977,0.09352421760559082
11.333504676818848,-1.0092240571975708,-0.006736430339515209,-0.02474191226065159,-0.00819872971624136,1.3374381065368652,236.23304748535156,1.4745843410491943,257.9907531738281,-0.9162338376045227,0.2581254839897156,0.07870292663574219,0.0,0.0,12.250696182250977,0.1371462345123291
11.334005355834961,-1.0033901929855347,-0.1313547044992447,-0.02474191226065159,-0.00819872971624136,1.455554485321045,236.23304748535156,1.6070382595062256,258.1361389160156,-0.9308422207832336,0.12768302857875824,0.08470535278320312,0.0,0.0,12.250696182250977,0.15148377418518066
11.334504127502441,-0.9761664867401123,-0.2526054084300995,-0.02796456776559353,-0.006338127423077822,1.6241183280944824,279.18450927734375,1.7395527362823486,258.2810363769531,-0.9358233213424683,0.012536474503576756,0.07521820068359375,0.0,0.0,12.250696182250977,0.11543440818786621
11.335003852844238,-0.9421367645263672,-0.385643869638443,-0.03602120652794838,-0.02029263786971569,1.7637114524841309,279.18450927734375,1.8720333576202393,258.42144775390625,-0.931932806968689,-0.11765086650848389,0.0818777084350586,0.0,0.0,12.250696182250977,0.1083219051361084
11.335503578186035,-0.8769943118095398,-0.5052103996276855,-0.01829659938812256,-0.028665345162153244,1.9036345481872559,279.4639587402344,2.00457501411438,258.5614318847656,-0.9094359278678894,-0.23222807049751282,0.07387399673461914,0.0,0.0,12.250696182250977,0.10094046592712402
11.336004257202148,-0.7914340496063232,-0.6197246313095093,-0.03924386575818062,-0.02215323969721794,2.043365001678467,279.4639587402344,2.1370575428009033,258.6960144042969,-0.8583158254623413,-0.34414517879486084,0.07283687591552734,0.0,0.0,12.250696182250977,0.09369254112243652
11.336503982543945,-0.694206178188324,-0.7275028824806213,-0.03118722327053547,-0.030525945127010345,2.182765483856201,279.18450927734375,2.2699778079986572,258.84619140625,-0.78762286901474,-0.4598119556903839,0.08721494674682617,0.0,0.0,12.250696182250977,0.08721232414245605
11.337003707885742,-0.587255597114563,-0.8117044568061829,-0.0215192548930645,-0.023083539679646492,2.3223586082458496,279.18450927734375,2.402958631515503,258.9957275390625,-0.7197684049606323,-0.5498062372207642,0.07824087142944336,0.0,0.0,12.250696182250977,0.08060002326965332
11.337504386901855,-0.467665433883667,-0.8908540606498718,-0.03279855102300644,-0.04261985421180725,2.4583277702331543,276.1165771484375,2.5361859798431396,259.15252685546875,-0.6228151917457581,-0.6404888033866882,0.09229612350463867,0.0,0.0,12.250696182250977,0.07785820960998535
11.338004112243652,-0.33543574810028076,-0.9447429776191711,-0.0295758955180645,-0.03331684693694115,2.5963873863220215,276.1165771484375,2.670229196548462,259.3402404785156,-0.5117358565330505,-0.7175251841545105,0.11039352416992188,0.0,0.0,12.250696182250977,0.07384181022644043
11.33850383758545,-0.20515070855617523,-0.9885280728340149,-0.02313058264553547,-0.029595645144581795,2.7161803245544434,259.9693603515625,2.80522084236145,259.56390380859375,-0.3931766748428345,-0.7891015410423279,0.13298845291137695,0.0,0.0,12.250696182250977,0.08904051780700684
11.33900260925293,-0.0690314993262291,-1.0087363719940186,-0.04407784715294838,-0.05843496322631836,2.8459067344665527,259.9693603515625,2.9411709308624268,259.82318115234375,-0.2662894129753113,-0.8421679139137268,0.15338134765625,0.0,0.0,12.250696182250977,0.09526419639587402
11.33950424194336,0.06708746403455734,-1.002000331878662,-0.02313058264553547,-0.029595645144581795,3.0115256309509277,289.9223937988281,3.0779621601104736,260.1123352050781,-0.14288853108882904,-0.8733862638473511,0.16098833084106445,0.0,0.0,12.250696182250977,0.0664365291595459
11.34000301361084,0.20903973281383514,-0.9885280728340149,-0.02313058264553547,-0.029595645144581795,3.156198024749756,289.9223937988281,-3.0679757595062256,260.4145202636719,-0.017288394272327423,-0.9044337868690491,0.16711711883544922,0.0,0.0,12.250696182250977,0.05901193618774414
11.340502738952637,0.35877034068107605,-0.9481111764907837,-0.01668527163565159,-0.03703805059194565,3.288817882537842,279.4639587402344,-2.9302518367767334,260.73046875,0.12162891775369644,-0.9033999443054199,0.18271088600158691,0.0,0.0,12.250696182250977,0.06411600112915039
11.34100341796875,0.48711097240448,-0.8908540606498718,-0.010239958763122559,-0.025874441489577293,3.4285483360290527,279.4639587402344,-2.792186737060547,261.0540771484375,0.24771858751773834,-0.8981913924217224,0.18023180961608887,0.0,0.0,12.250696182250977,0.062450408935546875
11.341503143310547,0.6018399596214294,-0.8201246857643127,0.004261994268745184,-0.02308354154229164,3.530200481414795,247.21812438964844,-2.6540019512176514,261.3757629394531,0.3677867352962494,-0.8734179735183716,0.17177605628967285,0.0,0.0,12.250696182250977,0.0989832878112793
11.342002868652344,0.7039290070533752,-0.7376071214675903,-0.010239958763122559,-0.022153237834572792,3.653808116912842,247.21812438964844,-2.5160326957702637,261.6817932128906,0.4830821454524994,-0.814598560333252,0.17083072662353516,0.0,0.0,12.250696182250977,0.11334466934204102
11.34250259399414,0.7992119193077087,-0.6331968903541565,-0.008628630079329014,-0.026804741472005844,3.802192211151123,268.1784362792969,-2.3778939247131348,261.9884948730469,0.5933496952056885,-0.7394779920578003,0.17392373085021973,0.0,0.0,12.250696182250977,0.10309934616088867
11.343002319335938,0.8682438731193542,-0.5338388085365295,-0.0037946461234241724,-0.010989631526172161,3.936011791229248,268.1784362792969,-2.239509344100952,262.29901123046875,0.6938402652740479,-0.668509304523468,0.16359639167785645,0.0,0.0,12.250696182250977,0.10766458511352539
11.34350299835205,0.9343584179878235,-0.3991161286830902,-0.005405974108725786,-0.03796835243701935,4.096049785614014,289.9223937988281,-2.1020915508270264,262.56231689453125,0.7620859742164612,-0.5858550071716309,0.13774490356445312,0.0,0.0,12.250696182250977,0.08504438400268555
11.344001770019531,0.9751940369606018,-0.2744976282119751,0.007484650705009699,-0.004477526526898146,4.240722179412842,289.9223937988281,-1.9647209644317627,262.81817626953125,0.8412156701087952,-0.47889137268066406,0.13849568367004395,0.0,0.0,12.250696182250977,0.07774209976196289
11.344501495361328,1.001446008682251,-0.12798669934272766,0.0010393380653113127,-0.010059330612421036,4.386023998260498,290.21258544921875,-1.8276680707931519,263.0553283691406,0.8890138268470764,-0.370724618434906,0.12406563758850098,0.0,0.0,12.250696182250977,0.06949329376220703
11.345002174377441,1.0092238187789917,0.013472228311002254,0.03326589986681938,0.014128487557172775,4.531131267547607,290.21258544921875,-1.6909804344177246,263.27215576171875,0.929807722568512,-0.2563480734825134,0.11361289024353027,0.0,0.0,12.250696182250977,0.06107378005981445
11.345501899719238,1.0033903121948242,0.15156292915344238,0.02037527598440647,-0.021222935989499092,4.612487316131592,236.23304748535156,-1.5549947023391724,263.45489501953125,0.9470153450965881,-0.1435832679271698,0.0962831974029541,0.0,0.0,12.250696182250977,0.11570358276367188
11.346001625061035,0.9693605303764343,0.27112963795661926,0.02359793148934841,0.015989089384675026,4.7306036949157715,236.23304748535156,-1.4191882610321045,263.6262512207031,0.9362185597419739,-0.02018112875521183,0.08953642845153809,0.0,0.0,12.250696182250977,0.1333937644958496
11.346502304077148,0.9304694533348083,0.385643869638443,0.03326589986681938,0.04017690569162369,4.8994460105896,279.18450927734375,-1.2836685180664062,263.7820129394531,0.9249687790870667,0.09755255281925201,0.0807642936706543,0.0,0.0,12.250696182250977,0.10007095336914062
11.347001075744629,0.86435467004776,0.5068943500518799,0.01715261861681938,0.030873900279402733,5.038760662078857,279.18450927734375,-1.1483219861984253,263.9272766113281,0.900299072265625,0.22117236256599426,0.08138108253479004,0.0,0.0,12.250696182250977,0.09610271453857422
11.347500801086426,0.7836557030677795,0.6197246313095093,0.02359793148934841,0.032734502106904984,5.19136381149292,290.21258544921875,-1.0129358768463135,264.0710754394531,0.8555790781974792,0.33379578590393066,0.07720232009887695,0.0,0.0,12.250696182250977,0.07888555526733398
11.348000526428223,0.6932340264320374,0.7291866540908813,0.013929963111877441,0.008546683937311172,5.336471080780029,290.21258544921875,-0.8774254322052002,264.2171630859375,0.7878593802452087,0.4491884112358093,0.08807492256164551,0.0,0.0,12.250696182250977,0.06928873062133789
11.348502159118652,0.5726713538169861,0.8167562484741211,0.018763946369290352,0.016919389367103577,5.481526851654053,289.9223937988281,-0.7412910461425781,264.3863525390625,0.7146866321563721,0.5554196238517761,0.09461426734924316,0.0,0.0,12.250696182250977,0.060367584228515625
