time_s,v_alpha_v,v_beta_v,i_alpha_a,i_beta_a,encoder_angle_rad,encoder_speed_rad_s,pll_angle_rad,pll_speed_rad_s,emf_alpha_v,emf_beta_v,phase_error_rad,locked,active,bus_voltage_v,angle_error_rad
11.021928787231445,-0.6665027737617493,-0.28776755928993225,-0.005389845464378595,-0.006766029633581638,1.8315129280090332,161.2292022705078,1.9860575199127197,188.38369750976562,-0.6246894001960754,-0.21797268092632294,-0.016828536987304688,1.0,0.0,12.170915603637695,0.15454459190368652
11.022428512573242,-0.6433197855949402,-0.34799766540527344,0.0026667951606214046,0.005327879451215267,1.9583420753479004,204.0194549560547,2.0794870853424072,188.3517303466797,-0.5953123569488525,-0.2985115349292755,0.01895618438720703,1.0,0.0,12.170915603637695,0.12114500999450684
11.022929191589355,-0.6066139340400696,-0.4048823416233063,-0.021503126248717308,-0.034675050526857376,2.060349941253662,204.0194549560547,2.1729848384857178,188.32305908203125,-0.6063613295555115,-0.34147173166275024,-0.026655197143554688,1.0,0.0,12.170915603637695,0.11263489723205566
11.023428916931152,-0.5563847422599792,-0.4584202766418457,-0.013446485623717308,-0.02258114144206047,2.1507630348205566,193.28158569335938,2.26628041267395,188.28692626953125,-0.5344749689102173,-0.3756091594696045,-0.02024078369140625,1.0,0.0,12.170915603637695,0.11551737785339355
11.023927688598633,-0.5042235851287842,-0.5153045654296875,-0.021503126248717308,-0.003044826677069068,2.2472100257873535,193.28158569335938,2.359766721725464,188.25953674316406,-0.4504692554473877,-0.4385395050048828,0.04594278335571289,1.0,0.0,12.170915603637695,0.11255669593811035
11.024429321289062,-0.45592638850212097,-0.5588045120239258,-0.0327824242413044,-0.02072053961455822,2.3440442085266113,193.28158569335938,2.4534356594085693,188.24014282226562,-0.4458041191101074,-0.48998695611953735,0.012725830078125,1.0,0.0,12.170915603637695,0.10939145088195801
11.024928092956543,-0.40086743235588074,-0.600631058216095,-0.019891798496246338,-0.052350763231515884,2.4404921531677246,193.28158569335938,2.5472371578216553,188.22683715820312,-0.3818632662296295,-0.5211529731750488,0.024834632873535156,1.0,0.0,12.170915603637695,0.10674500465393066
11.025428771972656,-0.3371148407459259,-0.6374384164810181,-0.0327824242413044,-0.02072053961455822,2.514132022857666,171.80584716796875,2.641510248184204,188.23361206054688,-0.3137831687927246,-0.5347997546195984,0.032344818115234375,1.0,0.0,12.170915603637695,0.12737822532653809
11.025927543640137,-0.2791583836078644,-0.6575155258178711,-0.018280470743775368,-0.051420461386442184,2.5998635292053223,171.80584716796875,2.736891031265259,188.28663635253906,-0.27303001284599304,-0.556100606918335,0.011098384857177734,1.0,0.0,12.170915603637695,0.13702750205993652
11.02642822265625,-0.21733778715133667,-0.6809384226799011,-0.003778517246246338,-0.01885993778705597,2.72074556350708,204.2236785888672,2.83229660987854,188.33990478515625,-0.1879100352525711,-0.5671741366386414,0.05235481262207031,1.0,0.0,12.170915603637695,0.11155104637145996
11.026927947998047,-0.14585758745670319,-0.701015055179596,-0.04406172037124634,-0.051420461386442184,2.82285737991333,204.2236785888672,2.92865252494812,188.43202209472656,-0.1356211155653,-0.6171532273292542,0.05967378616333008,1.0,0.0,12.170915603637695,0.10579514503479004
11.027427673339844,-0.07824169844388962,-0.7177456617355347,0.004278123378753662,-0.01048723328858614,2.913151264190674,193.28158569335938,3.0249311923980713,188.51866149902344,-0.06739376485347748,-0.6695682406425476,0.07950639724731445,1.0,0.0,12.170915603637695,0.11177992820739746
11.02792739868164,-0.0028976614121347666,-0.7177456617355347,-0.021503126248717308,-0.055141668766736984,3.009599208831787,193.28158569335938,3.122347116470337,188.65130615234375,0.0038365882355719805,-0.6491386294364929,0.08839750289916992,1.0,0.0,12.170915603637695,0.1127479076385498
11.028427124023438,0.06471846997737885,-0.7177456617355347,-0.0021671890281140804,-0.01979023963212967,3.118046283721924,204.2236785888672,-3.063459634780884,188.77957153320312,0.04279499873518944,-0.6616308093070984,0.049579620361328125,1.0,0.0,12.170915603637695,0.10167932510375977
11.028926849365234,0.14199411869049072,-0.7043613195419312,-0.021503126248717308,-0.03839625418186188,3.220158100128174,204.2236785888672,-2.9654529094696045,188.9316864013672,0.11926718056201935,-0.6382098197937012,0.07187247276306152,1.0,0.0,12.170915603637695,0.09757471084594727
11.029426574707031,0.21347396075725555,-0.6943227052688599,-0.0005558609846048057,-0.01885993964970112,3.2872586250305176,171.80584716796875,-2.867358922958374,189.08409118652344,0.187982976436615,-0.654202401638031,0.068878173828125,1.0,0.0,12.170915603637695,0.12856817245483398
11.029927253723145,0.2830219566822052,-0.674246072769165,-0.02472578175365925,-0.05886286497116089,3.373161792755127,171.80584716796875,-2.7693324089050293,189.230712890625,0.2718034088611603,-0.6374644637107849,0.0942389965057373,1.0,0.0,12.170915603637695,0.14069128036499023
11.030426979064941,0.3390471935272217,-0.644130527973175,-0.023114454001188278,-0.04862956330180168,3.4938559532165527,204.0194549560547,-2.668787956237793,189.4795379638672,0.27504998445510864,-0.6269879937171936,0.0037627220153808594,1.0,0.0,12.170915603637695,0.12054157257080078
11.030926704406738,0.4105272591114044,-0.6039771437644958,0.00750077934935689,-0.055141665041446686,3.5958638191223145,204.0194549560547,-2.570262908935547,189.63873291015625,0.39821839332580566,-0.5563026666641235,0.1136174201965332,1.0,0.0,12.170915603637695,0.11705875396728516
11.031427383422852,0.4646197259426117,-0.5638236403465271,-0.003778517246246338,-0.030023546889424324,3.697875499725342,204.0194549560547,-2.4702625274658203,189.8563690185547,0.40822628140449524,-0.5467870235443115,0.03339815139770508,1.0,0.0,12.170915603637695,0.11504745483398438
11.031926155090332,0.5245084166526794,-0.5136315226554871,0.013946091756224632,0.004397578537464142,3.799680233001709,204.0194549560547,-2.373361825942993,189.9394073486328,0.49331799149513245,-0.4788408577442169,0.09575915336608887,1.0,0.0,12.170915603637695,0.11014318466186523
11.032426834106445,0.5795671343803406,-0.4584205150604248,0.0026667951606214046,-0.035605352371931076,3.890298366546631,193.28158569335938,-2.274592876434326,190.0992431640625,0.5349660515785217,-0.4412429928779602,0.07779145240783691,1.0,0.0,12.170915603637695,0.11829423904418945
11.032925605773926,0.6278647184371948,-0.4015362858772278,0.001055467058904469,-0.006766029633581638,3.986746311187744,193.28158569335938,-2.1757724285125732,190.25778198242188,0.6238507032394409,-0.3807840049266815,0.12087368965148926,1.0,0.0,12.170915603637695,0.1206669807434082
11.033427238464355,0.6684343218803406,-0.3379596769809723,0.0026667951606214046,-0.05049016326665878,4.060384273529053,171.80584716796875,-2.0760622024536133,190.4499969482422,0.6517220735549927,-0.34848523139953613,0.07803130149841309,1.0,0.0,12.170915603637695,0.14673900604248047
11.033926010131836,0.6945149302482605,-0.2794021666049957,-0.0021671890281140804,-0.02165083959698677,4.146114826202393,171.80584716796875,-1.9789984226226807,190.52708435058594,0.6348175406455994,-0.29376399517059326,0.03845024108886719,1.0,0.0,12.170915603637695,0.15807199478149414
11.034425735473633,0.7157659530639648,-0.21582576632499695,0.013946091756224632,-0.030953845009207726,4.2785964012146,214.9722900390625,-1.8827919960021973,190.56671142578125,0.6715251207351685,-0.23993343114852905,0.03248095512390137,1.0,0.0,12.170915603637695,0.12179708480834961
11.034926414489746,0.73991459608078,-0.14722983539104462,0.012334764003753662,0.009049082174897194,4.386082172393799,214.9722900390625,-1.7850126028060913,190.6714324951172,0.7206926941871643,-0.18124982714653015,0.03150820732116699,1.0,0.0,12.170915603637695,0.1120905876159668
11.035426139831543,0.7515056133270264,-0.06692267209291458,0.03650468587875366,0.015561187639832497,4.470142841339111,193.28158569335938,-1.6889523267745972,190.701904296875,0.7271379828453064,-0.09223341941833496,0.055773019790649414,1.0,0.0,12.170915603637695,0.12409019470214844
11.035924911499023,0.7534375786781311,0.0033460708800703287,0.012334764003753662,0.018352089449763298,4.566590785980225,193.28158569335938,-1.5933064222335815,190.71432495117188,0.7075652480125427,-0.06375782936811447,-0.003813028335571289,1.0,0.0,12.170915603637695,0.12328815460205078
11.036425590515137,0.7563352584838867,0.07863412797451019,-0.005389845464378595,-0.006766029633581638,4.675020694732666,204.0194549560547,-1.4963122606277466,190.783203125,0.729082465171814,0.02948814630508423,0.029645204544067383,1.0,0.0,12.170915603637695,0.11185264587402344
11.036925315856934,0.74184650182724,0.1572684645652771,0.001055467058904469,-0.004905428271740675,4.776825428009033,204.0194549560547,-1.3991211652755737,190.85888671875,0.6860039234161377,0.10251523554325104,0.040441274642944336,1.0,0.0,12.170915603637695,0.10723876953125
11.03742504119873,0.7273573875427246,0.2292102575302124,0.017168747261166573,0.013700585812330246,4.855663776397705,182.54371643066406,-1.3030405044555664,190.8861541748047,0.6944075226783752,0.15468113124370575,0.015097618103027344,1.0,0.0,12.170915603637695,0.124481201171875
11.037924766540527,0.69548100233078,0.2978059649467468,0.05906327813863754,0.026724794879555702,4.946936130523682,182.54371643066406,-1.2073562145233154,190.89646911621094,0.6307069659233093,0.22590944170951843,0.044312238693237305,1.0,0.0,12.170915603637695,0.12889337539672852
11.03842544555664,0.6790598034858704,0.3597095310688019,0.013946091756224632,-0.014208435080945492,5.072967052459717,214.75732421875,-1.1104063987731934,190.95947265625,0.7108852863311768,0.3187215328216553,0.02483081817626953,1.0,0.0,12.170915603637695,0.09981203079223633
11.038925170898438,0.6240007281303406,0.4283050298690796,0.009112107567489147,0.02207329124212265,5.1803460121154785,214.75732421875,-1.0136151313781738,191.01466369628906,0.5497311353683472,0.34067466855049133,0.06152224540710449,1.0,0.0,12.170915603637695,0.08922433853149414
11.03942584991455,0.5757037997245789,0.4918818473815918,0.015557420440018177,0.02579449489712715,5.276562213897705,204.2236785888672,-0.9163691997528076,191.08770751953125,0.5401332974433899,0.40178874135017395,0.049027204513549805,1.0,0.0,12.170915603637695,0.09025430679321289
11.039924621582031,0.5303041338920593,0.5504391193389893,0.025225387886166573,0.018352089449763298,5.378468036651611,204.2236785888672,-0.8189716339111328,191.16574096679688,0.5168703198432922,0.4733814001083374,0.05361795425415039,1.0,0.0,12.170915603637695,0.08574581146240234
11.040425300598145,0.4646197259426117,0.5972851514816284,0.030059373006224632,0.036027804017066956,5.4455695152282715,171.80584716796875,-0.7223851680755615,191.20803833007812,0.4348050057888031,0.4727729856967926,0.04269886016845703,1.0,0.0,12.170915603637695,0.11523103713989258
11.040924072265625,0.40956100821495056,0.6391116380691528,0.025225387886166573,0.018352089449763298,5.531300067901611,171.80584716796875,-0.6240589618682861,191.32264709472656,0.383529931306839,0.5563934445381165,0.0846562385559082,1.0,0.0,12.170915603637695,0.12782621383666992
11.041424751281738,0.34677448868751526,0.6708997488021851,0.022002732381224632,0.035097502171993256,5.663763523101807,214.75732421875,-0.5261194705963135,191.4182586669922,0.32003268599510193,0.5574327707290649,0.06902956962585449,1.0,0.0,12.170915603637695,0.09330224990844727
11.041923522949219,0.27915850281715393,0.701015055179596,0.017168747261166573,0.0211429912596941,5.770928859710693,214.75732421875,-0.42772865295410156,191.53109741210938,0.2734827399253845,0.6190471053123474,0.07587933540344238,1.0,0.0,12.170915603637695,0.08452796936035156
11.042424201965332,0.19415529072284698,0.727784276008606,0.0316707007586956,0.031376298516988754,5.866939067840576,204.2236785888672,-0.32816290855407715,191.69085693359375,0.1693565845489502,0.6163038611412048,0.12439274787902832,1.0,0.0,12.170915603637695,0.08808374404907227
11.042923927307129,0.12267497181892395,0.744515061378479,0.026836717501282692,0.030445998534560204,5.969050884246826,204.2236785888672,-0.2265002727508545,191.9352264404297,0.11808435618877411,0.6630475521087646,0.1146998405456543,1.0,0.0,12.170915603637695,0.08763456344604492
11.043423652648926,0.03960399329662323,0.751207172870636,0.018780076876282692,0.036958105862140656,6.082540035247803,214.75732421875,-0.1264200210571289,192.10801696777344,0.038520876318216324,0.6565476059913635,0.13239216804504395,1.0,0.0,12.170915603637695,0.07422542572021484
11.043924331665039,-0.04153548553586006,0.7545530200004578,0.012334764003753662,0.027655096724629402,6.1899189949035645,214.75732421875,-0.024692773818969727,192.34664916992188,-0.05638689547777176,0.671791136264801,0.17325878143310547,1.0,0.0,12.170915603637695,0.0685734748840332
11.044424057006836,-0.11687928438186646,0.7545530200004578,0.03328203037381172,0.032306600362062454,6.262704372406006,182.7264404296875,0.0767817497253418,192.5693817138672,-0.08035687357187271,0.7191749215126038,0.09908246994018555,1.0,0.0,12.170915603637695,0.09726285934448242
11.044922828674316,-0.19608677923679352,0.7311301231384277,0.012334764003753662,0.027655096724629402,0.07070064544677734,182.7264404296875,0.18044757843017578,192.87977600097656,-0.18967527151107788,0.6266950368881226,0.17847394943237305,1.0,0.0,12.170915603637695,0.10974693298339844
11.045422554016113,-0.26756712794303894,0.7143997550010681,0.020391404628753662,0.013700585812330246,0.1966543197631836,214.75732421875,0.28415751457214355,193.18524169921875,-0.2597446143627167,0.6431170105934143,0.1647634506225586,1.0,0.0,12.170915603637695,0.08750319480895996
11.045923233032227,-0.34097883105278015,0.6775921583175659,0.004278123378753662,0.02300359308719635,0.3040342330932617,214.75732421875,0.38828587532043457,193.5018768310547,-0.3065461218357086,0.6347450017929077,0.12664103507995605,1.0,0.0,12.170915603637695,0.08425164222717285
11.046422958374023,-0.41342470049858093,0.6324195265769958,0.001055467058904469,0.03788840398192406,0.3995962142944336,203.8156280517578,0.4908616542816162,193.74684143066406,-0.3665192723274231,0.5648068189620972,0.14995598793029785,1.0,0.0,12.170915603637695,0.09126543998718262
11.04692268371582,-0.48007503151893616,0.590592622756958,0.00750077934935689,0.026724794879555702,0.5015048980712891,203.8156280517578,0.5940237045288086,194.01150512695312,-0.4495793282985687,0.527985692024231,0.17673635482788086,1.0,0.0,12.170915603637695,0.09251880645751953
11.047423362731934,-0.5428614020347595,0.5420735478401184,0.012334764003753662,0.014630886726081371,0.6038522720336914,204.2236785888672,0.6979050636291504,194.30056762695312,-0.5040295720100403,0.5103057622909546,0.14667248725891113,1.0,0.0,12.170915603637695,0.09405279159545898
11.04792308807373,-0.5959885120391846,0.48351624608039856,-0.01666914112865925,0.010909684002399445,0.7059640884399414,204.2236785888672,0.8018491268157959,194.5859832763672,-0.5782789587974548,0.47695621848106384,0.144728422164917,1.0,0.0,12.170915603637695,0.09588503837585449
11.048422813415527,-0.65201336145401,0.41993987560272217,0.0026667951606214046,0.033236898481845856,0.7846603393554688,182.54371643066406,0.9049026966094971,194.8284454345703,-0.6501408815383911,0.37893441319465637,0.2039628028869629,1.0,0.0,12.170915603637695,0.12024235725402832
11.048921585083008,-0.687753438949585,0.3580362796783447,-0.0070011732168495655,0.014630886726081371,0.8757505416870117,182.54371643066406,1.0072624683380127,195.03614807128906,-0.6671464443206787,0.33186575770378113,0.16763591766357422,1.0,0.0,12.170915603637695,0.13151192665100098
11.049423217773438,-0.7099701762199402,0.2927868664264679,-0.01666914112865925,0.0053278799168765545,1.0019950866699219,214.75732421875,1.1088902950286865,195.20794677734375,-0.6274771690368652,0.38210242986679077,-0.020096778869628906,1.0,0.0,12.170915603637695,0.10689520835876465
11.049921989440918,-0.7379823327064514,0.2174987941980362,-0.005389845464378595,0.00997938308864832,1.1091604232788086,214.75732421875,1.2113230228424072,195.410888671875,-0.6706168055534363,0.24732664227485657,0.07156801223754883,1.0,0.0,12.170915603637695,0.10216259956359863
11.050421714782715,-0.7544035315513611,0.14221073687076569,-0.013446485623717308,0.00346727785654366,1.2165393829345703,214.75732421875,1.3123047351837158,195.5484161376953,-0.6962915062904358,0.21769432723522186,0.02072763442993164,1.0,0.0,12.170915603637695,0.09576535224914551
11.050922393798828,-0.7640628218650818,0.05855729058384895,-0.023114454001188278,0.0071884808130562305,1.323918342590332,214.75732421875,1.4137418270111084,195.7025146484375,-0.6836387515068054,0.10418948531150818,0.07133293151855469,1.0,0.0,12.170915603637695,0.08982348442077637
11.051422119140625,-0.7698588371276855,-0.021749671548604965,-0.029559766873717308,-0.01141753327101469,1.4199285507202148,204.2236785888672,1.5146076679229736,195.8291778564453,-0.7159883379936218,0.04781853407621384,0.054993629455566406,1.0,0.0,12.170915603637695,0.09467911720275879
11.051921844482422,-0.7621312141418457,-0.10205704718828201,-0.021503126248717308,-0.012347834184765816,1.5220403671264648,204.2236785888672,1.6141369342803955,195.8970489501953,-0.6924543976783752,-0.023239847272634506,0.05572652816772461,1.0,0.0,12.170915603637695,0.09209656715393066
11.052421569824219,-0.7476418614387512,-0.17399904131889343,-0.023114454001188278,-0.035605352371931076,1.6123361587524414,193.28158569335938,1.7139270305633545,195.974365234375,-0.6896073818206787,-0.08269982039928436,0.04170799255371094,1.0,0.0,12.170915603637695,0.10159087181091309
11.052921295166016,-0.7273570895195007,-0.2492866814136505,-0.019891798496246338,-0.01141753327101469,1.7087841033935547,193.28158569335938,1.8134281635284424,196.03822326660156,-0.6574775576591492,-0.16898393630981445,0.0745854377746582,1.0,0.0,12.170915603637695,0.1046440601348877
11.053421974182129,-0.7041745781898499,-0.3162097632884979,-0.031171094626188278,-0.036535654217004776,1.8288116455078125,214.75732421875,1.913923978805542,196.14239501953125,-0.6823434829711914,-0.2608870267868042,0.08779621124267578,1.0,0.0,12.170915603637695,0.08511233329772949
11.05392074584961,-0.6655365824699402,-0.38982436060905457,-0.021503126248717308,-0.006766029633581638,1.9359769821166992,214.75732421875,2.0149176120758057,196.26547241210938,-0.6302269697189331,-0.3223077654838562,0.09441947937011719,1.0,0.0,12.170915603637695,0.07894062995910645
11.054422378540039,-0.6211032271385193,-0.46009352803230286,-0.018280470743775368,-0.016069037839770317,2.043567657470703,214.75732421875,2.116041421890259,196.39120483398438,-0.5866103768348694,-0.39955201745033264,0.11864328384399414,1.0,0.0,12.170915603637695,0.07247376441955566
11.05492115020752,-0.5708737969398499,-0.5203236937522888,-0.0021671890281140804,-0.027232645079493523,2.15073299407959,214.75732421875,2.218365430831909,196.5645294189453,-0.5591915249824524,-0.4513411819934845,0.09742069244384766,1.0,0.0,12.170915603637695,0.06763243675231934
11.055420875549316,-0.5071216225624084,-0.5772081613540649,-0.019891798496246338,-0.026302345097064972,2.2583436965942383,214.9722900390625,2.3197920322418213,196.69683837890625,-0.4927968382835388,-0.4833259582519531,0.09263896942138672,1.0,0.0,12.170915603637695,0.06144833564758301
11.055920600891113,-0.442403107881546,-0.6290732622146606,-0.026337111368775368,-0.02258114144206047,2.365830421447754,214.9722900390625,2.422307252883911,196.87197875976562,-0.42973795533180237,-0.5124602913856506,0.08743572235107422,1.0,0.0,12.170915603637695,0.05647683143615723
11.056421279907227,-0.37382104992866516,-0.674246072769165,-0.010223829187452793,-0.01141753327101469,2.43829345703125,182.54371643066406,2.5248777866363525,197.0457763671875,-0.37748634815216064,-0.5874336957931519,0.11169290542602539,1.0,0.0,12.170915603637695,0.08658432960510254
11.056920051574707,-0.30040889978408813,-0.701015055179596,-0.04406172037124634,-0.06444466859102249,2.529383659362793,182.54371643066406,2.6287872791290283,197.272216796875,-0.28440263867378235,-0.5834766030311584,0.1255345344543457,1.0,0.0,12.170915603637695,0.09940361976623535
11.05742073059082,-0.22892916202545166,-0.727784276008606,-0.029559766873717308,-0.02444174326956272,2.6556262969970703,214.75732421875,2.733628034591675,197.532958984375,-0.21155144274234772,-0.6029183268547058,0.13690948486328125,1.0,0.0,12.170915603637695,0.07800173759460449
11.0579195022583,-0.1555173546075821,-0.751207172870636,0.00750077934935689,-0.03839625418186188,2.762791633605957,214.75732421875,2.838923692703247,197.8073272705078,-0.142201766371727,-0.6818558573722839,0.16367101669311523,1.0,0.0,12.170915603637695,0.07613205909729004
11.058420181274414,-0.07244613021612167,-0.7612455487251282,-0.023114454001188278,-0.035605352371931076,2.881999969482422,225.72088623046875,2.943822145462036,198.059326171875,-0.07975976914167404,-0.6904816031455994,0.1493978500366211,1.0,0.0,12.170915603637695,0.06182217597961426
11.058919906616211,0.018352985382080078,-0.7645914554595947,-0.023114454001188278,-0.01885993778705597,2.9948596954345703,225.72088623046875,3.0494720935821533,198.3376922607422,0.023644544184207916,-0.6630593538284302,0.19467782974243164,1.0,0.0,12.170915603637695,0.05461239814758301
11.059419631958008,0.1014241948723793,-0.7578993439674377,-0.010223829187452793,-0.00955693144351244,3.084284782409668,204.0194549560547,-3.127258539199829,198.6437530517578,0.08488690108060837,-0.6856715679168701,0.17577576637268066,1.0,0.0,12.170915603637695,0.07164239883422852
11.059920310974121,0.18449564278125763,-0.744515061378479,-0.015057814307510853,-0.034675050526857376,3.1862926483154297,204.0194549560547,-3.0204081535339355,198.96018981933594,0.16928277909755707,-0.678977370262146,0.19025564193725586,1.0,0.0,12.170915603637695,0.07648468017578125
11.060420036315918,0.25597551465034485,-0.7210920453071594,-0.0021671890281140804,-0.049559857696294785,3.265108108520508,182.54371643066406,-2.9126734733581543,199.3069610595703,0.21963685750961304,-0.6744009852409363,0.1529858112335205,1.0,0.0,12.170915603637695,0.10540390014648438
11.060919761657715,0.33131930232048035,-0.6943227052688599,-0.021503126248717308,-0.04211745411157608,3.356379508972168,182.54371643066406,-2.805556535720825,199.62071228027344,0.3179361820220947,-0.6419765949249268,0.19112610816955566,1.0,0.0,12.170915603637695,0.12124967575073242
11.061420440673828,0.39313963055610657,-0.6541692614555359,-0.0070011732168495655,-0.04490835964679718,3.4824419021606445,214.75732421875,-2.6984846591949463,199.9258575439453,0.3650333285331726,-0.6087462902069092,0.1643671989440918,1.0,0.0,12.170915603637695,0.10225915908813477
11.061919212341309,0.45399463176727295,-0.6089962124824524,0.001055467058904469,-0.01792963780462742,3.5896081924438477,214.75732421875,-2.5931451320648193,200.15151977539062,0.3783021867275238,-0.590704619884491,0.08823871612548828,1.0,0.0,12.170915603637695,0.10043191909790039
11.062418937683105,0.5158151984214783,-0.5621505975723267,-0.0005558609846048057,-0.02072053961455822,3.696986198425293,214.75732421875,-2.4881155490875244,200.35972595214844,0.4578952193260193,-0.5828405022621155,0.07954239845275879,1.0,0.0,12.170915603637695,0.0980839729309082
11.062918663024902,0.5747376084327698,-0.5002470016479492,0.0026667951606214046,-0.013278134167194366,3.804366111755371,214.75732421875,-2.382777214050293,200.5766143798828,0.5211177468299866,-0.4923505187034607,0.12231588363647461,1.0,0.0,12.170915603637695,0.09604215621948242
11.063419342041016,0.6288304924964905,-0.4400166869163513,0.00750077934935689,-0.01048723328858614,3.9117441177368164,214.75732421875,-2.276543378829956,200.8266143798828,0.6040349006652832,-0.4409233629703522,0.14271759986877441,1.0,0.0,12.170915603637695,0.09489774703979492
11.063919067382812,0.6722981929779053,-0.3714209794998169,0.001055467058904469,-0.029093246906995773,4.019122123718262,214.75732421875,-2.171860694885254,201.00599670410156,0.6199575066566467,-0.40246352553367615,0.09264111518859863,1.0,0.0,12.170915603637695,0.09220266342163086
11.06441879272461,0.6993444561958313,-0.2978059649467468,0.012334764003753662,0.003467278089374304,4.0919389724731445,182.7264404296875,-2.0663154125213623,201.2174835205078,0.6089850068092346,-0.3644264042377472,0.02342081069946289,1.0,0.0,12.170915603637695,0.12493085861206055
11.064918518066406,0.7302550673484802,-0.23757565021514893,0.0316707007586956,0.04253990575671196,4.183302879333496,182.7264404296875,-1.9636470079421997,201.3045196533203,0.7058398723602295,-0.2694953382015228,0.0956113338470459,1.0,0.0,12.170915603637695,0.13623571395874023
11.06541919708252,0.7544035315513611,-0.1622873842716217,0.03650468587875366,-0.01048723142594099,4.309256553649902,214.75732421875,-1.859704852104187,201.4431610107422,0.7390998601913452,-0.1822933703660965,0.11470484733581543,1.0,0.0,12.170915603637695,0.11422395706176758
11.06591796875,0.76406329870224,-0.08532648533582687,0.018780076876282692,0.0053278799168765545,4.4164228439331055,214.75732421875,-1.755680799484253,201.58197021484375,0.7336395978927612,-0.1394186168909073,0.06453585624694824,1.0,0.0,12.170915603637695,0.11108160018920898
11.066418647766113,0.7650289535522461,-0.0033460708800703287,0.04617265239357948,-0.02351144328713417,4.524014472961426,214.75732421875,-1.6531153917312622,201.6563720703125,0.7236735224723816,-0.08893375098705292,0.027358293533325195,1.0,0.0,12.170915603637695,0.10605573654174805
11.06691837310791,0.7659948468208313,0.07528805732727051,-0.0070011732168495655,0.0053278799168765545,4.631180763244629,214.75732421875,-1.5495045185089111,201.77330017089844,0.7323444485664368,0.008684921078383923,0.05805230140686035,1.0,0.0,12.170915603637695,0.10250043869018555
11.067418098449707,0.7457101345062256,0.15057611465454102,0.015557420440018177,0.014630886726081371,4.703997611999512,182.7264404296875,-1.4479615688323975,201.80084228515625,0.6841602921485901,0.036126092076301575,-0.002840280532836914,1.0,0.0,12.170915603637695,0.1312260627746582
11.067917823791504,0.7302550673484802,0.22419114410877228,0.026836717501282692,0.015561187639832497,4.795361518859863,182.7264404296875,-1.3458179235458374,201.85345458984375,0.6792472004890442,0.14910657703876495,0.05862593650817871,1.0,0.0,12.170915603637695,0.14200592041015625
11.0684175491333,0.7070720195770264,0.28442147374153137,0.001055467058904469,0.011839983984827995,4.9213151931762695,214.75732421875,-1.2429014444351196,201.93690490722656,0.6844577789306641,0.1864747256040573,0.005410909652709961,1.0,0.0,12.170915603637695,0.11896896362304688
11.068918228149414,0.6713325381278992,0.35970932245254517,-0.0005558609846048057,0.0202126894146204,5.028695106506348,214.75732421875,-1.140857219696045,201.98248291015625,0.6029319763183594,0.28829488158226013,0.08374285697937012,1.0,0.0,12.170915603637695,0.1136331558227539
11.069417953491211,0.6317285299301147,0.4216126799583435,0.009112107567489147,0.016491487622261047,5.136073112487793,214.75732421875,-1.038825273513794,202.02626037597656,0.6314541101455688,0.3290099799633026,0.015755653381347656,1.0,0.0,12.170915603637695,0.10828733444213867
11.069916725158691,0.5795673727989197,0.4918816387653351,0.009112107567489147,0.027655096724629402,5.243239402770996,214.75732421875,-0.9351434707641602,202.13844299316406,0.5382882356643677,0.4184044301509857,0.09283709526062012,1.0,0.0,12.170915603637695,0.10480260848999023
11.070418357849121,0.517747163772583,0.5454198122024536,0.013946091756224632,0.02486419305205345,5.350831031799316,214.75732421875,-0.8323607444763184,202.21044921875,0.474290132522583,0.4225088059902191,0.056912899017333984,1.0,0.0,12.170915603637695,0.09999370574951172
11.070917129516602,0.46365389227867126,0.5989580154418945,0.023614060133695602,0.02486419305205345,5.4579973220825195,214.75732421875,-0.7293322086334229,202.29127502441406,0.47033607959747314,0.5037984251976013,0.04587841033935547,1.0,0.0,12.170915603637695,0.0958561897277832
11.071416854858398,0.3950718343257904,0.6441308259963989,0.012334764003753662,0.029515696689486504,5.53061580657959,182.54371643066406,-0.6256113052368164,202.3995361328125,0.3928927481174469,0.538750410079956,0.06322789192199707,1.0,0.0,12.170915603637695,0.12695837020874023
11.071916580200195,0.3313191831111908,0.6809384226799011,0.030059373006224632,0.036027804017066956,5.621888160705566,182.54371643066406,-0.5219681262969971,202.50257873535156,0.3157987892627716,0.6005409955978394,0.10577726364135742,1.0,0.0,12.170915603637695,0.1393294334411621
11.072417259216309,0.26370304822921753,0.7043613195419312,0.018780076876282692,0.02579449489712715,5.748150825500488,214.9722900390625,-0.4174041748046875,202.64178466796875,0.2669984698295593,0.61368328332901,0.0748758316040039,1.0,0.0,12.170915603637695,0.1176304817199707
11.072916984558105,0.19415540993213654,0.7311301231384277,0.013946091756224632,0.015561186708509922,5.855635643005371,214.9722900390625,-0.3119974136352539,202.81349182128906,0.2207605242729187,0.6708743572235107,0.061942338943481445,1.0,0.0,12.170915603637695,0.11555242538452148
11.073416709899902,0.10335593670606613,0.744515061378479,0.025225387886166573,0.035097502171993256,5.962889671325684,214.75732421875,-0.20716166496276855,202.9577178955078,0.09673674404621124,0.6626182794570923,0.13037657737731934,1.0,0.0,12.170915603637695,0.11313390731811523
11.0739164352417,0.028012380003929138,0.751207172870636,0.020391404628753662,0.030445998534560204,6.070055961608887,214.75732421875,-0.10040450096130371,203.17938232421875,0.06206353381276131,0.6714450716972351,0.0762636661529541,1.0,0.0,12.170915603637695,0.11272478103637695
11.074417114257812,-0.04926314949989319,0.7545530200004578,0.001055467058904469,0.0006763758137822151,6.177878379821777,214.9722900390625,0.005651712417602539,203.36700439453125,-0.009102967567741871,0.7298969030380249,0.0749061107635498,1.0,0.0,12.170915603637695,0.11095857620239258
11.074915885925293,-0.13619843125343323,0.744515061378479,0.012334764003753662,0.027655096724629402,0.001964092254638672,214.9722900390625,0.11117267608642578,203.52853393554688,-0.10990312695503235,0.6889709830284119,0.11532211303710938,1.0,0.0,12.170915603637695,0.10920858383178711
11.07541561126709,-0.21540582180023193,0.724437952041626,0.020391404628753662,0.028585394844412804,0.07442808151245117,182.54371643066406,0.21878480911254883,203.77432250976562,-0.1741817444562912,0.663641631603241,0.10624313354492188,1.0,0.0,12.170915603637695,0.14435672760009766
11.075916290283203,-0.28881776332855225,0.701015055179596,0.009112107567489147,0.02579449489712715,0.16570043563842773,182.54371643066406,0.3260061740875244,203.99830627441406,-0.25966310501098633,0.6290820837020874,0.13400006294250488,1.0,0.0,12.170915603637695,0.16030573844909668
11.076416015625,-0.3545021712779999,0.6708997488021851,0.017168747261166573,0.049052007496356964,0.2917628288269043,214.75732421875,0.4330625534057617,204.21060180664062,-0.3030397891998291,0.6420057415962219,0.07632565498352051,1.0,0.0,12.170915603637695,0.14129972457885742
11.076915740966797,-0.4240502417087555,0.6274002194404602,0.03328203037381172,0.011839983984827995,0.3991427421569824,214.75732421875,0.5399043560028076,204.4098663330078,-0.3898957669734955,0.5573096871376038,0.13925886154174805,1.0,0.0,12.170915603637695,0.1407616138458252
11.07741641998291,-0.4897345304489136,0.5805544257164001,0.023614060133695602,0.0192823875695467,0.5065188407897949,214.75732421875,0.6468055248260498,204.6071014404297,-0.42400121688842773,0.5560107827186584,0.07318925857543945,1.0,0.0,12.170915603637695,0.14028668403625488
11.07791519165039,-0.5496231317520142,0.5236701369285583,0.022002732381224632,0.031376298516988754,0.613685131072998,214.75732421875,0.7536215782165527,204.79684448242188,-0.5095806121826172,0.4970436096191406,0.11295294761657715,1.0,0.0,12.170915603637695,0.1399364471435547
11.078415870666504,-0.6027500033378601,0.4651124179363251,-0.005389845464378595,-0.014208435080945492,0.7096819877624512,204.0194549560547,0.8603284358978271,204.9779052734375,-0.5679764151573181,0.45234495401382446,0.1066732406616211,1.0,0.0,12.170915603637695,0.15064644813537598
11.078914642333984,-0.6481495499610901,0.39986324310302734,0.004278123378753662,0.013700585812330246,0.8114867210388184,204.0194549560547,0.9672605991363525,205.16465759277344,-0.6020334959030151,0.4145171344280243,0.06921243667602539,1.0,0.0,12.170915603637695,0.15577387809753418
11.079416275024414,-0.691616952419281,0.3312673270702362,-0.019891798496246338,-0.01141753327101469,0.9021029472351074,193.28158569335938,1.0735747814178467,205.3217315673828,-0.6681730151176453,0.3114326298236847,0.13003158569335938,1.0,0.0,12.170915603637695,0.17147183418273926
11.079915046691895,-0.7215612530708313,0.2593253254890442,0.018780076876282692,0.0220732931047678,0.9985518455505371,193.28158569335938,1.179699182510376,205.4674072265625,-0.6601417660713196,0.2521844804286957,0.09506082534790039,1.0,0.0,12.170915603637695,0.18114733695983887
11.080414772033691,-0.7341187000274658,0.19072937965393066,-0.013446485623717308,-0.00211452622897923,1.1185965538024902,214.9722900390625,1.285705327987671,205.60458374023438,-0.6481131315231323,0.23867276310920715,0.000766754150390625,1.0,0.0,12.170915603637695,0.16710877418518066
11.080914497375488,-0.7553696036338806,0.10707594454288483,-0.015057814307510853,0.013700585812330246,1.226081371307373,214.9722900390625,1.3898308277130127,205.6605224609375,-0.7071895003318787,0.12175207585096359,0.07934284210205078,1.0,0.0,12.170915603637695,0.16374945640563965
11.081415176391602,-0.7650291323661804,0.03011505678296089,-0.026337111368775368,-0.007696331012994051,1.3217387199401855,204.0194549560547,1.4951636791229248,205.7656707763672,-0.7453076839447021,0.049048468470573425,0.07881975173950195,1.0,0.0,12.170915603637695,0.17342495918273926
11.081914901733398,-0.7592335343360901,-0.04684583097696304,-0.021503126248717308,-0.016069037839770317,1.4237475395202637,204.0194549560547,1.5991928577423096,205.8137664794922,-0.6944268941879272,0.011799083091318607,0.023299694061279297,1.0,0.0,12.170915603637695,0.1754453182220459
11.082414627075195,-0.7495737671852112,-0.1238071396946907,-0.018280470743775368,-0.001184225780889392,1.5373549461364746,214.75732421875,1.7028496265411377,205.84542846679688,-0.6915974020957947,-0.056913770735263824,0.018732547760009766,1.0,0.0,12.170915603637695,0.16549468040466309
11.082914352416992,-0.7292888760566711,-0.19909478724002838,-0.026337111368775368,-0.026302345097064972,1.6445212364196777,214.75732421875,1.8052184581756592,205.8221893310547,-0.6776840090751648,-0.1150747761130333,0.00238037109375,1.0,0.0,12.170915603637695,0.16069722175598145
11.083415031433105,-0.706106424331665,-0.27270957827568054,-0.027948439121246338,-0.03839625418186188,1.740516185760498,204.0194549560547,1.908379316329956,205.83273315429688,-0.6671707630157471,-0.1922713965177536,0.011647224426269531,1.0,0.0,12.170915603637695,0.167863130569458
11.083913803100586,-0.6751959919929504,-0.3463248312473297,-0.026337111368775368,-0.02072053961455822,1.8423209190368652,204.0194549560547,2.0108187198638916,205.8127899169922,-0.6312273740768433,-0.2537662088871002,0.01085805892944336,1.0,0.0,12.170915603637695,0.16849780082702637
11.084413528442383,-0.6346262097358704,-0.4099012315273285,-0.021503126248717308,-0.02351144142448902,1.9329543113708496,193.4750518798828,2.1131718158721924,205.78945922851562,-0.5750187039375305,-0.28981083631515503,-0.006979942321777344,1.0,0.0,12.170915603637695,0.18021750450134277
11.084914207458496,-0.5930907130241394,-0.47515109181404114,-0.0327824242413044,-0.02258114144206047,2.029691219329834,193.4750518798828,2.2167656421661377,205.81910705566406,-0.5436068177223206,-0.4002104103565216,0.057480812072753906,1.0,0.0,12.170915603637695,0.1870744228363037
11.085413932800293,-0.536099910736084,-0.5203236937522888,-0.026337111368775368,-0.030023546889424324,2.149413585662842,214.75732421875,2.320025682449341,205.833740234375,-0.49293506145477295,-0.3760366439819336,-0.029079437255859375,1.0,0.0,12.170915603637695,0.17061209678649902
11.08591365814209,-0.4829729497432709,-0.5721889734268188,-0.021503126248717308,-0.02165084145963192,2.25679349899292,214.75732421875,2.422032594680786,205.7954864501953,-0.4700087904930115,-0.4531697928905487,-0.015558242797851562,1.0,0.0,12.170915603637695,0.1652390956878662
11.086414337158203,-0.420186311006546,-0.6207080483436584,-0.011835157871246338,-0.012347834184765816,2.3641695976257324,214.75732421875,2.5249340534210205,205.79586791992188,-0.4214831292629242,-0.5564731359481812,0.03716421127319336,1.0,0.0,12.170915603637695,0.16076445579528809
11.086913108825684,-0.34677448868751526,-0.6575155258178711,-0.04245039075613022,-0.03746595233678818,2.4713358879089355,214.75732421875,2.628767251968384,205.83509826660156,-0.3551594913005829,-0.5514786243438721,0.009305000305175781,1.0,0.0,12.170915603637695,0.15743136405944824
11.08741283416748,-0.2714305818080902,-0.6909764409065247,-0.0327824242413044,-0.03932655602693558,2.5439562797546387,182.54371643066406,2.7346479892730713,205.9595489501953,-0.2565290033817291,-0.5974478125572205,0.07030534744262695,1.0,0.0,12.170915603637695,0.19069170951843262
11.087912559509277,-0.20574654638767242,-0.7143997550010681,-0.02472578175365925,-0.025372043251991272,2.6352267265319824,182.54371643066406,2.8404080867767334,206.07640075683594,-0.2031722068786621,-0.6180572509765625,0.05248069763183594,1.0,0.0,12.170915603637695,0.20518136024475098
11.08841323852539,-0.14006201922893524,-0.727784276008606,-0.0021671890281140804,-0.01792963780462742,2.761491298675537,214.9722900390625,2.9454596042633057,206.16091918945312,-0.16669580340385437,-0.6498397588729858,0.013790607452392578,1.0,0.0,12.170915603637695,0.18396830558776855
11.088912963867188,-0.06085476279258728,-0.7411685585975647,-0.023114454001188278,-0.00397512735798955,2.86897611618042,214.9722900390625,3.050121545791626,206.227294921875,-0.10037320107221603,-0.6884862184524536,0.01549386978149414,1.0,0.0,12.170915603637695,0.18114542961120605
11.089412689208984,0.02028508298099041,-0.7411685585975647,-0.021503126248717308,-0.034675050526857376,2.9762282371520996,214.75732421875,-3.127346992492676,206.3367919921875,-0.0032930951565504074,-0.6950011849403381,0.0499880313873291,1.0,0.0,12.170915603637695,0.1796102523803711
11.089913368225098,0.09756048768758774,-0.7378226518630981,-0.019891798496246338,-0.033744748681783676,3.0836081504821777,214.75732421875,-3.021603584289551,206.44491577148438,0.060190580785274506,-0.7321292161941528,0.03096771240234375,1.0,0.0,12.170915603637695,0.17797374725341797
11.090413093566895,0.17290402948856354,-0.7210920453071594,-0.0070011732168495655,-0.033744748681783676,3.191218852996826,214.9722900390625,-2.916008949279785,206.5443572998047,0.10582762956619263,-0.7083728909492493,-0.008488655090332031,1.0,0.0,12.170915603637695,0.17595767974853516
11.090911865234375,0.25790759921073914,-0.6976689696311951,-0.011835157871246338,-0.02165084145963192,3.298490047454834,214.9722900390625,-2.8108890056610107,206.62222290039062,0.2206147164106369,-0.6355873942375183,0.07255005836486816,1.0,0.0,12.170915603637695,0.17380666732788086
11.091411590576172,0.32165977358818054,-0.6708997488021851,0.013946091756224632,-0.014208435080945492,3.370755672454834,182.36135864257812,-2.704904556274414,206.734375,0.24760283529758453,-0.6802473068237305,-0.018788576126098633,1.0,0.0,12.170915603637695,0.20752525329589844
11.091912269592285,0.39990147948265076,-0.6357654333114624,-0.0070011732168495655,-0.013278134167194366,3.4619364738464355,182.36135864257812,-2.600106716156006,206.79476928710938,0.3725387156009674,-0.5809593796730042,0.0980372428894043,1.0,0.0,12.170915603637695,0.22114229202270508
11.092411994934082,0.4568922817707062,-0.5972849726676941,0.0026667951606214046,-0.016999337822198868,3.588305950164795,214.9722900390625,-2.4934580326080322,206.9314727783203,0.4436028301715851,-0.5496271252632141,0.10029983520507812,1.0,0.0,12.170915603637695,0.20142126083374023
11.092911720275879,0.5148491263389587,-0.5437465906143188,-0.005389845464378595,-0.03653565049171448,3.6957907676696777,214.9722900390625,-2.3878822326660156,207.02011108398438,0.4619384706020355,-0.528784990310669,0.0334475040435791,1.0,0.0,12.170915603637695,0.19951248168945312
11.093412399291992,0.5708741545677185,-0.48686233162879944,0.015557420440018177,-0.01141753327101469,3.80281400680542,214.5427703857422,-2.282061815261841,207.1171112060547,0.5472065210342407,-0.4943601191043854,0.045775651931762695,1.0,0.0,12.170915603637695,0.19830942153930664
11.093912124633789,0.618205189704895,-0.41826704144477844,0.00750077934935689,-0.03653565049171448,3.9100852012634277,214.5427703857422,-2.175462007522583,207.24481201171875,0.5506282448768616,-0.4240228831768036,0.01758098602294922,1.0,0.0,12.170915603637695,0.19763803482055664
11.094411849975586,0.6597411632537842,-0.35970932245254517,0.00750077934935689,0.0025369771756231785,3.9830260276794434,182.7264404296875,-2.0723135471343994,207.22470092773438,0.5964142680168152,-0.3984313905239105,-0.018457412719726562,1.0,0.0,12.170915603637695,0.2278456687927246
11.094910621643066,0.692582905292511,-0.2961329221725464,0.020391404628753662,-0.008626630529761314,4.074206829071045,182.7264404296875,-1.968134880065918,207.2486572265625,0.656042754650116,-0.3398071527481079,-0.011559247970581055,1.0,0.0,12.170915603637695,0.2408437728881836
11.095412254333496,0.7157655358314514,-0.2292102575302124,0.013946091756224632,0.004397578537464142,4.200576305389404,214.9722900390625,-1.8663978576660156,207.1693878173828,0.67365562915802,-0.27286219596862793,-0.02029275894165039,1.0,0.0,12.170915603637695,0.21621131896972656
11.095911026000977,0.7360507845878601,-0.1539221853017807,0.010723435319960117,0.0043975780718028545,4.307849407196045,214.9722900390625,-1.7632478475570679,207.15118408203125,0.686150312423706,-0.19161930680274963,-0.010889053344726562,1.0,0.0,12.170915603637695,0.21208810806274414
11.096410751342773,0.751505434513092,-0.08030717074871063,0.013946091756224632,0.008118781261146069,4.403506755828857,204.0194549560547,-1.662681221961975,207.02459716796875,0.7276826500892639,-0.13014087080955505,-0.016162633895874023,1.0,0.0,12.170915603637695,0.21699762344360352
11.096911430358887,0.7505399584770203,-0.0016730354400351644,0.00588945159688592,0.009049082174897194,4.5055155754089355,204.0194549560547,-1.5603605508804321,206.97434997558594,0.6952240467071533,-0.05845247954130173,-0.02544713020324707,1.0,0.0,12.170915603637695,0.21730947494506836
11.097411155700684,0.7495737671852112,0.07026875019073486,0.00588945159688592,0.003467278089374304,4.6191229820251465,214.75732421875,-1.4579277038574219,206.93017578125,0.7291816473007202,0.014057507738471031,-0.024735450744628906,1.0,0.0,12.170915603637695,0.20613479614257812
11.09791088104248,0.7321867942810059,0.14722983539104462,0.009112107567489147,0.02579449489712715,4.726500988006592,214.75732421875,-1.3577543497085571,206.79176330566406,0.6786519885063171,0.06306885182857513,-0.05167746543884277,1.0,0.0,12.170915603637695,0.1989302635192871
11.098411560058594,0.7157657146453857,0.22251790761947632,0.00588945159688592,0.018352089449763298,4.811984539031982,194.30422973632812,-1.2569066286087036,206.6846160888672,0.6805316805839539,0.12580697238445282,-0.062470436096191406,1.0,0.0,12.170915603637695,0.21429443359375
11.098910331726074,0.6916172504425049,0.29111382365226746,0.009112107567489147,0.02207329124212265,4.908748149871826,194.30422973632812,-1.1566897630691528,206.55345153808594,0.659850001335144,0.2180451601743698,-0.026231050491333008,1.0,0.0,12.170915603637695,0.21774768829345703
11.099411010742188,0.6558773517608643,0.3530171811580658,0.0316707007586956,0.02393389120697975,5.015519618988037,203.4542999267578,-1.056290864944458,206.43234252929688,0.6355956792831421,0.23565402626991272,-0.09104275703430176,1.0,0.0,12.170915603637695,0.21137475967407227
11.099909782409668,0.6133753061294556,0.41993987560272217,0.03328203037381172,0.03974900394678116,5.117043972015381,203.4542999267578,-0.9548704624176025,206.35693359375,0.5675364136695862,0.33941686153411865,-0.008203983306884766,1.0,0.0,12.170915603637695,0.21127080917358398
11.100409507751465,0.5708737969398499,0.4801703989505768,0.028448045253753662,0.016491487622261047,5.219600200653076,204.2236785888672,-0.8541929721832275,206.25205993652344,0.5624261498451233,0.42184436321258545,-0.004357576370239258,1.0,0.0,12.170915603637695,0.20939207077026367
11.100910186767578,0.5196788907051086,0.5286892652511597,0.00750077934935689,0.030445998534560204,5.321712017059326,204.2236785888672,-0.7525660991668701,206.18885803222656,0.5142371654510498,0.43508052825927734,-0.047507286071777344,1.0,0.0,12.170915603637695,0.2089076042175293
11.101409912109375,0.47331318259239197,0.5956119298934937,0.020391404628753662,0.034167200326919556,5.4241557121276855,204.53077697753906,-0.6511311531066895,206.11947631835938,0.45125728845596313,0.6521977186203003,0.11503195762634277,1.0,0.0,12.170915603637695,0.20789861679077148
11.101909637451172,0.3999013602733612,0.6156885623931885,0.015557420440018177,0.031376298516988754,5.526422023773193,204.53077697753906,-0.5496232509613037,206.05401611328125,0.4270511269569397,0.4904017746448517,-0.09857749938964844,1.0,0.0,12.170915603637695,0.20714044570922852
11.102410316467285,0.33518338203430176,0.6541690230369568,0.00750077934935689,0.017421787604689598,5.639220714569092,214.75732421875,-0.44877052307128906,205.96273803710938,0.33725306391716003,0.5440736413002014,-0.03764796257019043,1.0,0.0,12.170915603637695,0.19519424438476562
11.102910041809082,0.25790783762931824,0.6842842698097229,0.010723435319960117,0.04533080756664276,5.746596813201904,214.75732421875,-0.3465545177459717,205.93057250976562,0.2548753023147583,0.5617539286613464,-0.010800838470458984,1.0,0.0,12.170915603637695,0.1900343894958496
11.103409767150879,0.19029098749160767,0.7143997550010681,0.022002732381224632,0.04067930579185486,5.830695629119873,192.1512908935547,-0.2433626651763916,205.94017028808594,0.2138037532567978,0.6790262460708618,0.006981611251831055,1.0,0.0,12.170915603637695,0.20912694931030273
11.10390853881836,0.11687976121902466,0.724437952041626,0.018780076876282692,0.031376298516988754,5.926578044891357,192.1512908935547,-0.1396470069885254,205.97129821777344,0.16208918392658234,0.6338689923286438,-0.04223799705505371,1.0,0.0,12.170915603637695,0.21696043014526367
11.104409217834473,0.047331538051366806,0.7311301231384277,0.010723435319960117,0.019282391294836998,6.035678386688232,204.2236785888672,-0.03687310218811035,205.9623565673828,0.09500756114721298,0.6598812937736511,-0.03764033317565918,1.0,0.0,12.170915603637695,0.2106337547302246
11.10490894317627,-0.02994411438703537,0.7311301231384277,0.00588945159688592,0.033236902207136154,6.137790203094482,204.2236785888672,0.06574058532714844,205.9468994140625,0.019155073910951614,0.6675093770027161,-0.025904417037963867,1.0,0.0,12.170915603637695,0.2111358642578125
11.105408668518066,-0.10528790950775146,0.7311301231384277,0.00588945159688592,0.016491487622261047,6.251277446746826,214.75732421875,0.16892480850219727,205.95584106445312,-0.07894321531057358,0.7041152715682983,0.011409521102905273,1.0,0.0,12.170915603637695,0.20083284378051758
11.10590934753418,-0.19029134511947632,0.7110534310340881,0.009112107567489147,0.02579449489712715,0.07547187805175781,214.75732421875,0.27426934242248535,206.05557250976562,-0.1987350434064865,0.6647059917449951,0.08527874946594238,1.0,0.0,12.170915603637695,0.19879746437072754
11.106409072875977,-0.2598392069339752,0.6909764409065247,-0.011835157871246338,0.0025369771756231785,0.16096115112304688,194.4894561767578,0.3779757022857666,206.08392333984375,-0.2182554006576538,0.6567957997322083,0.011574506759643555,1.0,0.0,12.170915603637695,0.21701455116271973
11.106908798217773,-0.3293875753879547,0.6575155258178711,-0.005389845464378595,0.02300359308719635,0.2582073211669922,194.4894561767578,0.4818141460418701,206.1174774169922,-0.2903316915035248,0.622197151184082,0.02356553077697754,1.0,0.0,12.170915603637695,0.22360682487487793
11.10740852355957,-0.39313986897468567,0.6207080483436584,-0.0021671890281140804,0.030445998534560204,0.3540058135986328,193.08848571777344,0.5853555202484131,206.1378173828125,-0.3571009933948517,0.5736899971961975,0.0402827262878418,1.0,0.0,12.170915603637695,0.23134970664978027
11.107908248901367,-0.45013079047203064,0.5822274684906006,0.0026667951606214046,0.027655096724629402,0.45035743713378906,193.08848571777344,0.6887209415435791,206.1500701904297,-0.3997702896595001,0.5878456830978394,-0.02289867401123047,1.0,0.0,12.170915603637695,0.23836350440979004
11.10840892791748,-0.5042237043380737,0.5353816151618958,0.004278123378753662,0.015561187639832497,0.5696353912353516,214.9722900390625,0.7927119731903076,206.1884765625,-0.4494739770889282,0.5321063995361328,-0.022680282592773438,1.0,0.0,12.170915603637695,0.22307658195495605
11.108907699584961,-0.5612145066261292,0.4768238961696625,-0.008612501434981823,0.0211429912596941,0.6769065856933594,214.9722900390625,0.896498441696167,206.21755981445312,-0.5108107924461365,0.46048784255981445,0.009426116943359375,1.0,0.0,12.170915603637695,0.21959185600280762
11.10940933227539,-0.60661381483078,0.41826683282852173,-0.019891798496246338,0.00532787898555398,0.7843856811523438,214.75732421875,0.9994747638702393,206.21202087402344,-0.5629429817199707,0.43424704670906067,-0.01707744598388672,1.0,0.0,12.170915603637695,0.2150890827178955
11.109908103942871,-0.6433197855949402,0.34799766540527344,-0.011835157871246338,0.009979382157325745,0.8915481567382812,214.75732421875,1.1028811931610107,206.224609375,-0.5581563711166382,0.3703059256076813,-0.04933452606201172,1.0,0.0,12.170915603637695,0.2113330364227295
11.110407829284668,-0.6819576621055603,0.28107500076293945,-0.0070011732168495655,0.018352089449763298,0.9768085479736328,193.28158569335938,1.2049009799957275,206.178466796875,-0.6152896285057068,0.34406912326812744,-0.07558917999267578,1.0,0.0,12.170915603637695,0.22809243202209473
11.110907554626465,-0.7099704146385193,0.21247948706150055,-0.005389845464378595,-0.0030448271427303553,1.0734481811523438,193.28158569335938,1.3058269023895264,206.0875244140625,-0.6515210866928101,0.2413538694381714,-0.02121257781982422,1.0,0.0,12.170915603637695,0.23237872123718262
11.111408233642578,-0.7263912558555603,0.15057611465454102,-0.013446485623717308,-0.00211452622897923,1.1700897216796875,193.28158569335938,1.4065220355987549,205.98855590820312,-0.6824730038642883,0.24134838581085205,-0.10744047164916992,1.0,0.0,12.170915603637695,0.23643231391906738
11.111907005310059,-0.7370166182518005,0.07194198668003082,-0.005389845464378595,0.004397578537464142,1.2665367126464844,193.28158569335938,1.5080134868621826,205.92568969726562,-0.667278528213501,0.1013868972659111,-0.019460201263427734,1.0,0.0,12.170915603637695,0.24147677421569824
11.112407684326172,-0.7370166182518005,0.005019315518438816,-0.03439375013113022,-0.02165083959698677,1.3746414184570312,204.2236785888672,1.608229398727417,205.81015014648438,-0.6784138083457947,0.06736123561859131,-0.06809854507446289,1.0,0.0,12.170915603637695,0.23358798027038574
11.112907409667969,-0.7350847125053406,-0.07528805732727051,-0.02472578175365925,-0.0011842247331514955,1.4765491485595703,204.2236785888672,1.7088868618011475,205.7159881591797,-0.6768923401832581,-0.038576725870370865,-0.012658119201660156,1.0,0.0,12.170915603637695,0.23233771324157715
11.113408088684082,-0.7234933376312256,-0.14221073687076569,-0.021503126248717308,0.01183998305350542,1.5897254943847656,214.75732421875,1.8086817264556885,205.5867919921875,-0.6822032332420349,-0.0614653043448925,-0.07985115051269531,1.0,0.0,12.170915603637695,0.21895623207092285
11.113906860351562,-0.7003106474876404,-0.21582597494125366,-0.02472578175365925,-0.032814446836709976,1.696889877319336,214.75732421875,1.9077932834625244,205.43206787109375,-0.6402540802955627,-0.14705079793930054,-0.04295492172241211,1.0,0.0,12.170915603637695,0.21090340614318848
11.11440658569336,-0.6722981333732605,-0.28442147374153137,-0.029559766873717308,-0.033744748681783676,1.7932071685791016,204.0194549560547,2.0072405338287354,205.29476928710938,-0.6248656511306763,-0.1877336949110031,-0.07648944854736328,1.0,0.0,12.170915603637695,0.2140333652496338
11.114907264709473,-0.6462177038192749,-0.3563634753227234,-0.015057814307510853,-0.030953846871852875,1.8952159881591797,204.0194549560547,2.106394052505493,205.14833068847656,-0.616675853729248,-0.3049592971801758,-0.008009910583496094,1.0,0.0,12.170915603637695,0.21117806434631348
11.115407943725586,-0.6037159562110901,-0.4165935814380646,-0.019891798496246338,-0.015138735994696617,1.9863605499267578,193.28158569335938,2.2060935497283936,205.0276336669922,-0.5736839771270752,-0.3210653066635132,-0.056982994079589844,1.0,0.0,12.170915603637695,0.21973299980163574
11.11590576171875,-0.5563846230506897,-0.47180479764938354,-0.0327824242413044,-0.028162946924567223,2.082612991333008,193.28158569335938,2.305654764175415,204.90345764160156,-0.5363909602165222,-0.3830724358558655,-0.04659748077392578,1.0,0.0,12.170915603637695,0.22304177284240723
11.11640739440918,-0.501325786113739,-0.5002468228340149,0.001055467058904469,-0.036535654217004776,2.1907215118408203,204.2236785888672,2.4047281742095947,204.76092529296875,-0.4954131841659546,-0.23835602402687073,-0.3185920715332031,1.0,0.0,12.170915603637695,0.21400666236877441
11.11690616607666,-0.4501306712627411,-0.5688429474830627,-0.02472578175365925,-0.04025685787200928,2.2926273345947266,204.2236785888672,2.504356622695923,204.64602661132812,-0.4122684895992279,-0.4961096942424774,0.012125015258789062,1.0,0.0,12.170915603637695,0.2117292881011963
11.117406845092773,-0.39410579204559326,-0.6123425364494324,-0.02472578175365925,-0.029093246906995773,2.405801773071289,214.75732421875,2.6053059101104736,204.58847045898438,-0.37962520122528076,-0.5545604825019836,0.004202842712402344,1.0,0.0,12.170915603637695,0.19950413703918457
11.117905616760254,-0.3235917389392853,-0.647476851940155,-0.0327824242413044,-0.033744748681783676,2.512968063354492,214.75732421875,2.706151247024536,204.52761840820312,-0.3231276571750641,-0.5672953128814697,-0.014219284057617188,1.0,0.0,12.170915603637695,0.19318318367004395
11.118406295776367,-0.2540436387062073,-0.6775921583175659,-0.027948439121246338,-0.04025685042142868,2.609285354614258,204.0194549560547,2.8083221912384033,204.52386474609375,-0.2619277834892273,-0.6227515339851379,0.003307342529296875,1.0,0.0,12.170915603637695,0.1990368366241455
11.118906021118164,-0.18256355822086334,-0.701015055179596,-0.023114454001188278,-0.02444174326956272,2.711294174194336,204.0194549560547,2.9116575717926025,204.5688934326172,-0.20252293348312378,-0.618836522102356,-0.018245697021484375,1.0,0.0,12.170915603637695,0.2003633975982666
11.119405746459961,-0.10528814792633057,-0.7143997550010681,-0.018280470743775368,-0.04583866149187088,2.7913742065429688,182.7264404296875,3.0153605937957764,204.628662109375,-0.107553631067276,-0.639670193195343,0.02796173095703125,1.0,0.0,12.170915603637695,0.22398638725280762
11.119904518127441,-0.0376717783510685,-0.724437952041626,-0.015057814307510853,-0.01792963780462742,2.8825511932373047,182.7264404296875,3.1177942752838135,204.6336669921875,-0.05435272306203842,-0.6571425795555115,0.009510993957519531,1.0,0.0,12.170915603637695,0.2352430820465088
11.120406150817871,0.02994459867477417,-0.724437952041626,-0.008612501434981823,-0.027232645079493523,3.0071239471435547,214.75732421875,-3.0630743503570557,204.63360595703125,0.0025601861998438835,-0.6783871054649353,-0.0065765380859375,1.0,0.0,12.170915603637695,0.21298742294311523
11.120904922485352,0.10722025483846664,-0.7177456617355347,-0.0021671890281140804,-0.029093246906995773,3.114286422729492,214.75732421875,-2.9611053466796875,204.61915588378906,0.09468092024326324,-0.6687034368515015,0.028476238250732422,1.0,0.0,12.170915603637695,0.2077937126159668
11.121404647827148,0.18256379663944244,-0.7043613195419312,-0.010223829187452793,-0.01885993964970112,3.2106075286865234,204.0194549560547,-2.8589069843292236,204.61447143554688,0.14912863075733185,-0.6943960189819336,-0.002961874008178711,1.0,0.0,12.170915603637695,0.21367120742797852
11.121905326843262,0.2501799166202545,-0.6809384226799011,0.012334764003753662,-0.0058357291854918,3.3126163482666016,204.0194549560547,-2.756751537322998,204.60800170898438,0.20618151128292084,-0.6419137120246887,-0.005889415740966797,1.0,0.0,12.170915603637695,0.21381759643554688
11.122405052185059,0.31972816586494446,-0.6608613729476929,0.00588945159688592,-0.007696330547332764,3.4256858825683594,214.75732421875,-2.654466390609741,204.607177734375,0.29691797494888306,-0.7033687233924866,-0.019577980041503906,1.0,0.0,12.170915603637695,0.2030329704284668
11.122904777526855,0.3892759084701538,-0.614015519618988,0.03328203037381172,-0.016069037839770317,3.5330638885498047,214.75732421875,-2.5522820949554443,204.60244750976562,0.3337268829345703,-0.5649656653404236,0.012482166290283203,1.0,0.0,12.170915603637695,0.19783926010131836
11.123406410217285,0.4549606740474701,-0.5738620162010193,0.00750077934935689,-0.02351144328713417,3.6074447631835938,182.54371643066406,-2.4500112533569336,204.6013641357422,0.4152194559574127,-0.5786399841308594,-0.0009744167327880859,1.0,0.0,12.170915603637695,0.22572946548461914
11.123905181884766,0.507121741771698,-0.5303623080253601,0.009112107567489147,-0.003975127823650837,3.698535919189453,182.54371643066406,-2.349046230316162,204.54518127441406,0.4393230974674225,-0.5347641706466675,-0.0368044376373291,1.0,0.0,12.170915603637695,0.23560333251953125
11.124404907226562,0.5544527769088745,-0.4885355830192566,0.00750077934935689,-0.01048723328858614,3.8008670806884766,193.28158569335938,-2.248636245727539,204.46688842773438,0.5192331671714783,-0.5424804091453552,-0.061568498611450195,1.0,0.0,12.170915603637695,0.23368215560913086
11.124903678894043,0.6008180379867554,-0.4283052384853363,0.025225387886166573,0.01090968307107687,3.8973140716552734,193.28158569335938,-2.145432233810425,204.5076446533203,0.571819543838501,-0.4342055320739746,-0.0066907405853271484,1.0,0.0,12.170915603637695,0.24043893814086914
11.125405311584473,0.6491157412528992,-0.35134392976760864,-0.003778517246246338,-0.007696330547332764,4.016489028930664,214.9722900390625,-2.042820453643799,204.52354431152344,0.6050695776939392,-0.2548918128013611,0.14207816123962402,1.0,0.0,12.170915603637695,0.2238759994506836
11.125904083251953,0.6732639670372009,-0.2961329221725464,0.026836717501282692,-0.0011842247331514955,4.123762130737305,214.9722900390625,-1.942551612854004,204.4398651123047,0.6477211713790894,-0.3003235161304474,0.005753755569458008,1.0,0.0,12.170915603637695,0.2168717384338379
11.12640380859375,0.7090041637420654,-0.2141527235507965,-0.008612501434981823,-0.004905428271740675,4.231027603149414,214.75732421875,-1.8423447608947754,204.35545349121094,0.6559153199195862,-0.13298766314983368,0.1401979923248291,1.0,0.0,12.170915603637695,0.20981311798095703
11.126903533935547,0.71673184633255,-0.153921976685524,0.004278123378753662,0.00997938308864832,4.338403701782227,214.75732421875,-1.7417285442352295,204.289306640625,0.6625072360038757,-0.2310500293970108,-0.0969541072845459,1.0,0.0,12.170915603637695,0.20305299758911133
11.127405166625977,0.7244589924812317,-0.08030717074871063,0.0397273413836956,0.02300359308719635,4.412784576416016,182.54371643066406,-1.6433171033859253,204.13233947753906,0.6607943177223206,-0.18144242465496063,-0.12796378135681152,1.0,0.0,12.170915603637695,0.22708368301391602
11.127903938293457,0.7341187000274658,-0.010038421489298344,0.023614060133695602,0.017421787604689598,4.503873825073242,182.54371643066406,-1.546066403388977,203.92987060546875,0.6581498384475708,-0.10220242291688919,-0.11129117012023926,1.0,0.0,12.170915603637695,0.2332453727722168
11.128403663635254,0.7379823327064514,0.05688425153493881,0.030059373006224632,0.02672479674220085,4.617267608642578,204.0194549560547,-1.4470407962799072,203.80674743652344,0.7313011288642883,0.024029359221458435,-0.023085594177246094,1.0,0.0,12.170915603637695,0.21887731552124023
11.12890338897705,0.7215616106987,0.12547995150089264,0.012334764003753662,0.027655096724629402,4.719072341918945,204.0194549560547,-1.349618673324585,203.61817932128906,0.6782189607620239,0.019789541140198708,-0.12467122077941895,1.0,0.0,12.170915603637695,0.2144942283630371
11.129404067993164,0.7032082676887512,0.19742196798324585,0.04456132650375366,0.03881870582699776,4.83256721496582,214.9722900390625,-1.2523523569107056,203.4274444580078,0.6672601699829102,0.12398082762956619,-0.06722044944763184,1.0,0.0,12.170915603637695,0.19826602935791016
11.129902839660645,0.6780940890312195,0.26769089698791504,0.0397273413836956,0.02300359308719635,4.939838409423828,214.9722900390625,-1.1543798446655273,203.27011108398438,0.6465213894844055,0.15419788658618927,-0.11502647399902344,1.0,0.0,12.170915603637695,0.18896722793579102
11.130403518676758,0.6500811576843262,0.33628642559051514,0.018780076876282692,0.033236898481845856,5.002857208251953,171.63421630859375,-1.05769681930542,203.06195068359375,0.6257667541503906,0.2243846207857132,-0.10155844688415527,1.0,0.0,12.170915603637695,0.22263145446777344
11.130903244018555,0.6133755445480347,0.39317086338996887,0.018780076876282692,0.031376298516988754,5.088502883911133,171.63421630859375,-0.9585134983062744,202.96351623535156,0.5602433681488037,0.322517454624176,-0.02239680290222168,1.0,0.0,12.170915603637695,0.23616933822631836
11.131403923034668,0.5766698718070984,0.4433627724647522,0.017168747261166573,0.028585394844412804,5.2191314697265625,214.9722900390625,-0.8609068393707275,202.8004608154297,0.5673285722732544,0.35181647539138794,-0.08758258819580078,1.0,0.0,12.170915603637695,0.20314741134643555
11.131902694702148,0.5303040146827698,0.4969009459018707,0.00750077934935689,0.028585394844412804,5.32640266418457,214.9722900390625,-0.7632894515991211,202.6414031982422,0.5372633337974548,0.40336310863494873,-0.09638214111328125,1.0,0.0,12.170915603637695,0.19349336624145508
11.132403373718262,0.4742791950702667,0.547092854976654,0.03811601176857948,0.033236898481845856,5.422607421875,204.0194549560547,-0.6672201156616211,202.42076110839844,0.4875190258026123,0.4503633379936218,-0.09069490432739258,1.0,0.0,12.170915603637695,0.1933579444885254
11.132902145385742,0.41535642743110657,0.5889195799827576,0.017168747261166573,0.036027804017066956,5.524412155151367,204.0194549560547,-0.5683701038360596,202.3217010498047,0.42143648862838745,0.49063733220100403,-0.07418608665466309,1.0,0.0,12.170915603637695,0.19040346145629883
11.133402824401855,0.3545018136501312,0.6274002194404602,-0.013446485623717308,0.0202126894146204,5.637685775756836,214.75732421875,-0.47038841247558594,202.18817138671875,0.36438286304473877,0.5353859663009644,-0.06006765365600586,1.0,0.0,12.170915603637695,0.1751112937927246
11.133901596069336,0.2791583836078644,0.6575155258178711,0.023614060133695602,0.02486419305205345,5.744850158691406,214.75732421875,-0.3709909915924072,202.1169891357422,0.2929648160934448,0.5450943112373352,-0.05504465103149414,1.0,0.0,12.170915603637695,0.1673445701599121
11.134403228759766,0.21154235303401947,0.6909764409065247,0.017168747261166573,0.034167200326919556,5.819452285766602,182.7264404296875,-0.2710099220275879,202.0717315673828,0.228446826338768,0.6273694038391113,-0.010904550552368164,1.0,0.0,12.170915603637695,0.19272327423095703
11.134902000427246,0.14199399948120117,0.7043613195419312,0.013946091756224632,0.008118781261146069,5.91063117980957,182.7264404296875,-0.1704261302947998,202.05271911621094,0.1646079570055008,0.6031119227409363,-0.028800249099731445,1.0,0.0,12.170915603637695,0.20212793350219727
11.135401725769043,0.0743778720498085,0.7210920453071594,0.0316707007586956,0.027655096724629402,6.02392578125,204.0194549560547,-0.06954598426818848,202.04652404785156,0.09924205392599106,0.6602004766464233,-0.012376070022583008,1.0,0.0,12.170915603637695,0.1897139549255371
11.135902404785156,-0.0009660483920015395,0.7143997550010681,0.00588945159688592,0.0220732931047678,6.125936508178711,204.0194549560547,0.03253483772277832,202.09097290039062,0.02269723080098629,0.6085628271102905,-0.002475738525390625,1.0,0.0,12.170915603637695,0.18978357315063477
11.136402130126953,-0.06665020436048508,0.7110534310340881,-0.0021671890281140804,0.02300359308719635,6.227945327758789,204.0194549560547,0.1328907012939453,202.0618438720703,0.013970264233648777,0.6539855599403381,-0.08727550506591797,1.0,0.0,12.170915603637695,0.18813085556030273
11.136900901794434,-0.14392586052417755,0.7043613195419312,0.009112107567489147,0.02579449489712715,0.04656839370727539,204.0194549560547,0.23259639739990234,202.00636291503906,-0.09969129413366318,0.6611471176147461,-0.015683650970458984,1.0,0.0,12.170915603637695,0.18602800369262695
11.137401580810547,-0.21347396075725555,0.6842842698097229,-0.0005558609846048057,0.009049082174897194,0.16006135940551758,214.9722900390625,0.3354003429412842,202.0821075439453,-0.17001008987426758,0.629092276096344,-0.004130363464355469,1.0,0.0,12.170915603637695,0.1753389835357666
11.137901306152344,-0.28881776332855225,0.6608613729476929,0.00750077934935689,0.026724794879555702,0.2673344612121582,214.9722900390625,0.435988187789917,202.0631103515625,-0.24765218794345856,0.6019678115844727,0.02174091339111328,1.0,0.0,12.170915603637695,0.1686537265777588
11.138401985168457,-0.36029770970344543,0.624053955078125,-0.0005558609846048057,0.035097502171993256,0.3303532600402832,171.63421630859375,0.5376942157745361,202.09140014648438,-0.3071717619895935,0.5961928367614746,0.0054280757904052734,1.0,0.0,12.170915603637695,0.20734095573425293
11.138900756835938,-0.4114927351474762,0.5956117510795593,0.001055467058904469,0.015561187639832497,0.4159989356994629,171.63421630859375,0.6394596099853516,202.1215057373047,-0.3605305254459381,0.6127264499664307,-0.0404207706451416,1.0,0.0,12.170915603637695,0.22346067428588867
11.13940143585205,-0.46558597683906555,0.5554582476615906,-0.03439375013113022,-0.006766028702259064,0.546410083770752,214.9722900390625,0.7397482395172119,202.08908081054688,-0.41665902733802795,0.5308402180671692,-0.006960868835449219,1.0,0.0,12.170915603637695,0.19333815574645996
11.139901161193848,-0.5245084166526794,0.506939172744751,-0.0070011732168495655,0.016491487622261047,0.6538968086242676,214.9722900390625,0.838247537612915,201.9822998046875,-0.48936036229133606,0.5068066120147705,-0.0030612945556640625,1.0,0.0,12.170915603637695,0.18435072898864746
11.140401840209961,-0.5699078440666199,0.44838187098503113,-0.0021671890281140804,0.013700585812330246,0.761375904083252,214.75732421875,0.9386036396026611,201.95571899414062,-0.5120051503181458,0.4470912516117096,-0.018399715423583984,1.0,0.0,12.170915603637695,0.17722773551940918
11.140899658203125,-0.6172394156455994,0.3864785134792328,-0.005389845464378595,0.013700585812330246,0.8683247566223145,214.75732421875,1.0389516353607178,201.92938232421875,-0.5768623352050781,0.40271061658859253,-0.010357379913330078,1.0,0.0,12.170915603637695,0.17062687873840332
11.141402244567871,-0.6520132422447205,0.3195558190345764,-0.019891798496246338,0.0202126894146204,0.9539914131164551,193.28158569335938,1.1390368938446045,201.89218139648438,-0.5740717649459839,0.37011444568634033,-0.07392072677612305,1.0,0.0,12.170915603637695,0.18504548072814941
11.141900062561035,-0.6780939102172852,0.2543064057826996,-0.008612501434981823,-0.0011842255480587482,1.0502476692199707,193.28158569335938,1.237520456314087,201.78846740722656,-0.588026225566864,0.321951687335968,-0.1008296012878418,1.0,0.0,12.170915603637695,0.1872727870941162
11.142400741577148,-0.7061061859130859,0.19240263104438782,-0.018280470743775368,-0.006766029633581638,1.1362042427062988,182.7264404296875,1.3351519107818604,201.65145874023438,-0.6688188910484314,0.23992513120174408,-0.04175901412963867,1.0,0.0,12.170915603637695,0.19894766807556152
11.142899513244629,-0.7147998809814453,0.1238071396946907,-0.03600507974624634,-0.026302345097064972,1.2273907661437988,182.7264404296875,1.4338304996490479,201.5614776611328,-0.6372698545455933,0.159809872508049,-0.041742801666259766,1.0,0.0,12.170915603637695,0.20643973350524902
11.143401145935059,-0.7302549481391907,0.0568840429186821,-0.019891798496246338,-0.01885993964970112,1.3408856391906738,204.0194549560547,1.5309712886810303,201.40875244140625,-0.680378794670105,0.08050252497196198,-0.01087188720703125,1.0,0.0,12.170915603637695,0.19008564949035645
11.143899917602539,-0.7283231616020203,-0.013384283520281315,-0.021503126248717308,-0.004905428271740675,1.4426960945129395,204.0194549560547,1.628629446029663,201.28073120117188,-0.6809102296829224,0.03996068611741066,-0.04958152770996094,1.0,0.0,12.170915603637695,0.18593335151672363
11.144400596618652,-0.7254252433776855,-0.08532627671957016,0.00588945159688592,0.009049082174897194,1.5559773445129395,214.75732421875,1.7267725467681885,201.17579650878906,-0.664199948310852,-0.019270621240139008,-0.060179710388183594,1.0,0.0,12.170915603637695,0.17079520225524902
11.14490032196045,-0.7109358906745911,-0.15726825594902039,-0.019891798496246338,-0.015138735994696617,1.663139820098877,214.75732421875,1.8238580226898193,201.02828979492188,-0.6610605120658875,-0.056091148406267166,-0.10184574127197266,1.0,0.0,12.170915603637695,0.16071820259094238
11.145401000976562,-0.6906513571739197,-0.2325563132762909,-0.005389845464378595,0.015561187639832497,1.7596631050109863,204.0194549560547,1.9225246906280518,200.95071411132812,-0.6286958456039429,-0.13357405364513397,-0.07572746276855469,1.0,0.0,12.170915603637695,0.16286158561706543
11.145898818969727,-0.6578088402748108,-0.2961329221725464,-0.021503126248717308,-0.03839625418186188,1.8612675666809082,204.0194549560547,2.0197765827178955,200.8148956298828,-0.6057053804397583,-0.16754670441150665,-0.11266183853149414,1.0,0.0,12.170915603637695,0.1585090160369873
11.14639949798584,-0.6191710233688354,-0.3429787755012512,-0.018280470743775368,-0.01979023963212967,1.9413609504699707,182.54371643066406,2.1153929233551025,200.61334228515625,-0.5961881279945374,-0.08725325763225555,-0.3338165283203125,1.0,0.0,12.170915603637695,0.17403197288513184
11.146899223327637,-0.5969545245170593,-0.4216128885746002,-0.021503126248717308,-0.016069037839770317,2.0324482917785645,182.54371643066406,2.2118561267852783,200.4522705078125,-0.5880882143974304,-0.3511034846305847,-0.036179542541503906,1.0,0.0,12.170915603637695,0.17940783500671387
11.14739990234375,-0.5467252135276794,-0.46845853328704834,-0.011835157871246338,-0.004905428271740675,2.15708589553833,214.75732421875,2.3099958896636963,200.3645477294922,-0.5042245388031006,-0.34901320934295654,-0.06725072860717773,1.0,0.0,12.170915603637695,0.1529099941253662
11.14789867401123,-0.4984278976917267,-0.5253430008888245,-0.005389845464378595,-0.01979023963212967,2.264244556427002,214.75732421875,2.4085724353790283,200.29710388183594,-0.4681396484375,-0.4307658076286316,-0.027294158935546875,1.0,0.0,12.170915603637695,0.14432787895202637
11.14840030670166,-0.43950510025024414,-0.573861837387085,-0.005389845464378595,-0.025372043251991272,2.3609890937805176,204.2236785888672,2.506124258041382,200.188232421875,-0.4110018014907837,-0.485277384519577,-0.0005350112915039062,1.0,0.0,12.170915603637695,0.14513516426086426
11.14889907836914,-0.37478676438331604,-0.6123425364494324,-0.0327824242413044,-0.035605352371931076,2.4628987312316895,204.2236785888672,2.6054279804229736,200.1551055908203,-0.35531851649284363,-0.5086410045623779,-0.006922721862792969,1.0,0.0,12.170915603637695,0.14252924919128418
11.149399757385254,-0.31393247842788696,-0.6541690230369568,-0.018280470743775368,-0.027232645079493523,2.5760769844055176,214.75732421875,2.7054107189178467,200.15126037597656,-0.3084857165813446,-0.5816124677658081,0.015279293060302734,1.0,0.0,12.170915603637695,0.1293337345123291
11.149897575378418,-0.23858857154846191,-0.6775921583175659,-0.0005558609846048057,-0.04118715226650238,2.68302583694458,214.75732421875,2.8060171604156494,200.17373657226562,-0.22772933542728424,-0.5803012847900391,0.028438091278076172,1.0,0.0,12.170915603637695,0.12299132347106934
11.150399208068848,-0.16324476897716522,-0.7043613195419312,-0.023114454001188278,-0.031884148716926575,2.746551990509033,171.9778289794922,2.9063560962677,200.1846466064453,-0.15294227004051208,-0.6027032136917114,0.053659915924072266,1.0,0.0,12.170915603637695,0.159804105758667
11.150897979736328,-0.09756073355674744,-0.7177456617355347,-0.018280470743775368,-0.06816587597131729,2.832371234893799,171.9778289794922,3.0085737705230713,200.2740478515625,-0.09934357553720474,-0.6603630185127258,0.050655364990234375,1.0,0.0,12.170915603637695,0.17620253562927246
11.151398658752441,-0.028012260794639587,-0.724437952041626,-0.021503126248717308,-0.034675050526857376,2.962414264678955,214.5427703857422,3.1095244884490967,200.3085174560547,-0.0099586620926857,-0.6357355117797852,0.08350849151611328,1.0,0.0,12.170915603637695,0.1471102237701416
11.151898384094238,0.04153548553586006,-0.7210920453071594,-0.0021671890281140804,-0.027232645079493523,3.0694737434387207,214.5427703857422,-3.0720090866088867,200.37147521972656,0.03484228253364563,-0.6551246047019958,0.0505375862121582,1.0,0.0,12.170915603637695,0.14170265197753906
11.152398109436035,0.11108395457267761,-0.7177456617355347,0.015557420440018177,-0.02072053961455822,3.1661267280578613,204.2236785888672,-2.9703562259674072,200.4330291748047,0.07529927045106888,-0.7112279534339905,0.001043558120727539,1.0,0.0,12.170915603637695,0.14670228958129883
11.152897834777832,0.19029098749160767,-0.6976689696311951,-0.0005558609846048057,-0.028162946924567223,3.2682385444641113,204.2236785888672,-2.8689992427825928,200.48106384277344,0.16080988943576813,-0.66260826587677,0.03244352340698242,1.0,0.0,12.170915603637695,0.14594793319702148
11.153397560119629,0.2540436387062073,-0.6809384226799011,0.012334764003753662,-0.007696330547332764,3.3480191230773926,182.54371643066406,-2.768073558807373,200.5096893310547,0.1977103352546692,-0.7038223743438721,-0.03298354148864746,1.0,0.0,12.170915603637695,0.16709280014038086
11.153897285461426,0.32165977358818054,-0.647476851940155,0.0026667951606214046,-0.00955693144351244,3.439110279083252,182.54371643066406,-2.6667726039886475,200.55389404296875,0.2728751301765442,-0.6033726334571838,0.016809940338134766,1.0,0.0,12.170915603637695,0.17730283737182617
11.154397964477539,0.3796166181564331,-0.6173616051673889,0.013946091756224632,-0.014208435080945492,3.552685260772705,204.0194549560547,-2.5657739639282227,200.58433532714844,0.3508490324020386,-0.6081213355064392,0.014378547668457031,1.0,0.0,12.170915603637695,0.16472625732421875
11.15489673614502,0.43757322430610657,-0.5772079229354858,0.004278123378753662,-0.01979023963212967,3.6544880867004395,204.0194549560547,-2.4661128520965576,200.55787658691406,0.3893784284591675,-0.5966029763221741,-0.030527114868164062,1.0,0.0,12.170915603637695,0.16258478164672852
11.15539836883545,0.49359801411628723,-0.5270160436630249,0.00750077934935689,-0.02351144328713417,3.767761707305908,214.75732421875,-2.365457057952881,200.57363891601562,0.43170350790023804,-0.5576885938644409,-0.050760746002197266,1.0,0.0,12.170915603637695,0.14996671676635742
11.15589714050293,0.5476911664009094,-0.473477840423584,0.00588945159688592,-0.0021145259961485863,3.8749279975891113,214.75732421875,-2.2661845684051514,200.53097534179688,0.48775625228881836,-0.4886939227581024,-0.024242639541625977,1.0,0.0,12.170915603637695,0.1420731544494629
11.156397819519043,0.5959885120391846,-0.4165935814380646,0.013946091756224632,-0.004905428737401962,3.9605984687805176,193.4750518798828,-2.1660943031311035,200.52349853515625,0.5484665632247925,-0.45568814873695374,-0.03127145767211914,1.0,0.0,12.170915603637695,0.1564927101135254
11.156896591186523,0.634626567363739,-0.3563632667064667,0.0026667951606214046,-0.035605352371931076,4.057144641876221,193.4750518798828,-2.067382335662842,200.45826721191406,0.5682076811790466,-0.40951085090637207,-0.06135416030883789,1.0,0.0,12.170915603637695,0.15865850448608398
11.157398223876953,0.6684346199035645,-0.2978059649467468,0.009112107567489147,-0.003975127823650837,4.14280366897583,182.54371643066406,-1.9686946868896484,200.39324951171875,0.6216647028923035,-0.3550970256328583,-0.05452299118041992,1.0,0.0,12.170915603637695,0.17168712615966797
11.157896041870117,0.6887195110321045,-0.23590239882469177,0.009112107567489147,-0.00211452622897923,4.2337117195129395,182.54371643066406,-1.8713300228118896,200.2739715576172,0.6215820908546448,-0.32629624009132385,-0.11661434173583984,1.0,0.0,12.170915603637695,0.17814397811889648
11.15839672088623,0.7099699974060059,-0.1723260134458542,0.05261796712875366,0.028585396707057953,4.347286701202393,204.0194549560547,-1.7731455564498901,200.19204711914062,0.6780790686607361,-0.21473942697048187,-0.03778839111328125,1.0,0.0,12.170915603637695,0.16275310516357422
11.158896446228027,0.7273573875427246,-0.10205704718828201,-0.0005558609846048057,0.003467278089374304,4.449093341827393,204.0194549560547,-1.67672598361969,200.0377655029297,0.6966117024421692,-0.15840166807174683,-0.05120682716369629,1.0,0.0,12.170915603637695,0.15736627578735352
11.15939712524414,0.7292890548706055,-0.03178830072283745,0.030059373006224632,0.015561187639832497,4.562366962432861,214.75732421875,-1.5783907175064087,199.96697998046875,0.7083105444908142,-0.10137331485748291,-0.06820440292358398,1.0,0.0,12.170915603637695,0.14242792129516602
11.159895896911621,0.7263912558555603,0.04349976032972336,0.03811601176857948,0.012770283967256546,4.669529438018799,214.75732421875,-1.4823622703552246,199.80091857910156,0.7010337114334106,-0.0448155552148819,-0.08604931831359863,1.0,0.0,12.170915603637695,0.13129377365112305
11.160396575927734,0.7157657146453857,0.11544174700975418,0.0397273413836956,0.030445998534560204,4.777344226837158,214.9722900390625,-1.3870999813079834,199.60580444335938,0.6838068962097168,-0.0019347899360582232,-0.12050914764404297,1.0,0.0,12.170915603637695,0.11874151229858398
11.160896301269531,0.6974127292633057,0.19407588243484497,0.03328203037381172,0.02486419305205345,4.884617328643799,214.9722900390625,-1.2917513847351074,199.41893005371094,0.6386741399765015,0.09317571669816971,-0.06800365447998047,1.0,0.0,12.170915603637695,0.10681676864624023
11.161396980285645,0.6771280169487,0.2626713812351227,0.018780076876282692,0.018352089449763298,4.947811603546143,171.80584716796875,-1.195646047592163,199.26747131347656,0.6577929854393005,0.15354712307453156,-0.07975435256958008,1.0,0.0,12.170915603637695,0.13972806930541992
11.161894798278809,0.648149311542511,0.3262481689453125,0.03328203037381172,0.04347020760178566,5.033371448516846,171.80584716796875,-1.1000325679779053,199.0985870361328,0.5789251923561096,0.22458267211914062,-0.034497976303100586,1.0,0.0,12.170915603637695,0.1497817039489746
11.162396430969238,0.6172395348548889,0.37309402227401733,0.030059373006224632,0.04160960391163826,5.163685321807861,214.75732421875,-1.0046169757843018,198.9247283935547,0.598587155342102,0.24957039952278137,-0.10530853271484375,1.0,0.0,12.170915603637695,0.1148829460144043
11.162895202636719,0.5747374892234802,0.4400166869163513,0.0026667951606214046,0.018352089449763298,5.2708516120910645,214.75732421875,-0.9075145721435547,198.82577514648438,0.5199503898620605,0.3475092351436615,-0.007886171340942383,1.0,0.0,12.170915603637695,0.10481929779052734
11.163395881652832,0.5341680645942688,0.496900737285614,0.025225387886166573,0.02579449489712715,5.367384433746338,204.0194549560547,-0.8109073638916016,198.70782470703125,0.5590944290161133,0.4267897307872772,-0.041846275329589844,1.0,0.0,12.170915603637695,0.10489368438720703
11.163894653320312,0.47717714309692383,0.5420735478401184,0.017168747261166573,0.034167200326919556,5.469189167022705,204.0194549560547,-0.712550163269043,198.66571044921875,0.4883885979652405,0.41215455532073975,-0.09147524833679199,1.0,0.0,12.170915603637695,0.10144615173339844
11.164396286010742,0.4192206561565399,0.5889195799827576,-0.0021671890281140804,0.015561186708509922,5.582462787628174,214.75732421875,-0.6139025688171387,198.63690185546875,0.4297325015068054,0.48724353313446045,-0.04284071922302246,1.0,0.0,12.170915603637695,0.08682012557983398
11.164895057678223,0.35257017612457275,0.6274002194404602,0.017168747261166573,0.03974900394678116,5.6896281242370605,214.75732421875,-0.5158779621124268,198.58248901367188,0.3894200921058655,0.508964478969574,-0.07135009765625,1.0,0.0,12.170915603637695,0.07767915725708008
11.165395736694336,0.28108999133110046,0.6642076373100281,0.015557420440018177,0.033236898481845856,5.7642292976379395,182.7264404296875,-0.4158146381378174,198.61500549316406,0.3021022379398346,0.5615425705909729,-0.011616230010986328,1.0,0.0,12.170915603637695,0.10314130783081055
11.165894508361816,0.21154235303401947,0.6909764409065247,0.0026667951606214046,0.04812170937657356,5.855409622192383,182.7264404296875,-0.3151419162750244,198.67266845703125,0.1803995966911316,0.614978015422821,0.09641671180725098,1.0,0.0,12.170915603637695,0.11263418197631836
11.16639518737793,0.14778980612754822,0.7043613195419312,0.012334764003753662,0.0220732931047678,5.968913555145264,204.2236785888672,-0.21398329734802246,198.749267578125,0.1709393411874771,0.6320118308067322,0.01613759994506836,1.0,0.0,12.170915603637695,0.10028886795043945
11.16689395904541,0.07051415741443634,0.7177456617355347,0.009112107567489147,0.04812170937657356,6.070821762084961,204.2236785888672,-0.11187291145324707,198.86465454101562,0.03521886095404625,0.6467590928077698,0.12426567077636719,1.0,0.0,12.170915603637695,0.10049104690551758
11.167394638061523,-0.0009659274946898222,0.7177456617355347,0.0316707007586956,0.031376298516988754,6.172926902770996,204.0194549560547,-0.01132655143737793,198.91131591796875,0.03919660672545433,0.6538447737693787,0.017814159393310547,1.0,0.0,12.170915603637695,0.09893178939819336
11.16789436340332,-0.07437799125909805,0.7143997550010681,0.010723435319960117,0.03788840398192406,6.274731636047363,204.0194549560547,0.09079909324645996,199.02377319335938,-0.0728144720196724,0.6116859316825867,0.09440398216247559,1.0,0.0,12.170915603637695,0.09925317764282227
11.168394088745117,-0.14778968691825867,0.701015055179596,0.015557420440018177,0.04067930579185486,0.09355783462524414,204.0194549560547,0.19258761405944824,199.1195068359375,-0.1105613112449646,0.6160379648208618,0.051567792892456055,1.0,0.0,12.170915603637695,0.0990297794342041
11.168893814086914,-0.2231333702802658,0.6809384226799011,0.00588945159688592,0.035097502171993256,0.19556617736816406,204.0194549560547,0.29486823081970215,199.23397827148438,-0.2230386584997177,0.600517749786377,0.12768268585205078,1.0,0.0,12.170915603637695,0.09930205345153809
11.169393539428711,-0.290749728679657,0.6541690230369568,0.012334764003753662,0.027655096724629402,0.27545785903930664,182.54371643066406,0.39722418785095215,199.34889221191406,-0.24041107296943665,0.5864878296852112,0.058481454849243164,1.0,0.0,12.170915603637695,0.12176632881164551
11.169894218444824,-0.35063818097114563,0.624053955078125,0.004278123378753662,0.034167200326919556,0.3667283058166504,182.54371643066406,0.4993019104003906,199.4497833251953,-0.2928350865840912,0.5861680507659912,0.030602693557739258,1.0,0.0,12.170915603637695,0.13257360458374023
11.170394897460938,-0.40859493613243103,0.5872465372085571,-0.011835157871246338,0.04719141125679016,0.48032569885253906,204.0194549560547,0.6009562015533447,199.5306854248047,-0.3542815148830414,0.5484020709991455,0.03927969932556152,1.0,0.0,12.170915603637695,0.12063050270080566
11.170892715454102,-0.45979008078575134,0.5454198122024536,-0.0070011732168495655,0.0071884808130562305,0.5819268226623535,204.0194549560547,0.701671838760376,199.5706024169922,-0.3942447602748871,0.5237698554992676,0.010110139846801758,1.0,0.0,12.170915603637695,0.11974501609802246
11.171394348144531,-0.5129170417785645,0.4935544729232788,-0.010223829187452793,0.036958105862140656,0.6841421127319336,204.0194549560547,0.8018994331359863,199.589111328125,-0.44810232520103455,0.4920656085014343,0.0033006668090820312,1.0,0.0,12.170915603637695,0.11775732040405273
11.171893119812012,-0.5554187893867493,0.4467090368270874,-0.011835157871246338,-0.029093246906995773,0.7859468460083008,204.0194549560547,0.9015123844146729,199.58154296875,-0.47808632254600525,0.4639717638492584,-0.03476524353027344,1.0,0.0,12.170915603637695,0.11556553840637207
11.172393798828125,-0.6056477427482605,0.3864785134792328,0.020391404628753662,0.03602780029177666,0.8660387992858887,182.54371643066406,0.9999539852142334,199.52517700195312,-0.5310069918632507,0.3951520621776581,-0.0024247169494628906,1.0,0.0,12.170915603637695,0.13391518592834473
11.172892570495605,-0.6346260905265808,0.33628663420677185,-0.04406172037124634,-0.004905428737401962,0.9571256637573242,182.54371643066406,1.0996816158294678,199.523193359375,-0.6273646354675293,0.4132274091243744,-0.045027732849121094,1.0,0.0,12.170915603637695,0.14255595207214355
11.173394203186035,-0.6568432450294495,0.2710367739200592,-0.018280470743775368,0.013700583949685097,1.070913314819336,204.2236785888672,1.1976139545440674,199.4464874267578,-0.5807202458381653,0.3117951452732086,-0.05331134796142578,1.0,0.0,12.170915603637695,0.12670063972473145
11.173892974853516,-0.6916171908378601,0.21080665290355682,-0.0327824242413044,0.001606675679795444,1.1728215217590332,204.2236785888672,1.2954399585723877,199.36671447753906,-0.7010574340820312,0.26562365889549255,-0.02046489715576172,1.0,0.0,12.170915603637695,0.12261843681335449
11.174393653869629,-0.7022424340248108,0.138864666223526,-0.018280470743775368,-0.004905428737401962,1.26385498046875,193.28158569335938,1.3930284976959229,199.27874755859375,-0.655189573764801,0.18739645183086395,-0.0345463752746582,1.0,0.0,12.170915603637695,0.12917351722717285
11.17489242553711,-0.712867796421051,0.07361481338739395,0.001055467058904469,-0.0030448271427303553,1.3601088523864746,193.28158569335938,1.4896061420440674,199.15000915527344,-0.6556941270828247,0.1380413919687271,-0.06019020080566406,1.0,0.0,12.170915603637695,0.12949728965759277
11.175393104553223,-0.706106424331665,0.005018896888941526,-0.0327824242413044,-0.016999337822198868,1.4790635108947754,214.75732421875,1.5858213901519775,199.0086669921875,-0.6211887001991272,0.09141284972429276,-0.09521055221557617,1.0,0.0,12.170915603637695,0.10675787925720215
11.175891876220703,-0.7080380320549011,-0.06190335750579834,-0.023114454001188278,-0.02072053961455822,1.586228847503662,214.75732421875,1.6805355548858643,198.80751037597656,-0.6745389103889465,0.019593996927142143,-0.07282876968383789,1.0,0.0,12.170915603637695,0.09430670738220215
11.176392555236816,-0.692582905292511,-0.1355181783437729,-0.01666914112865925,-0.00025392419775016606,1.6385231018066406,161.06797790527344,1.7761304378509521,198.64727783203125,-0.6210949420928955,0.004167523700743914,-0.1464552879333496,1.0,0.0,12.170915603637695,0.13760733604431152
11.176892280578613,-0.67423015832901,-0.18738332390785217,-0.03600507974624634,-0.030023546889424324,1.718895435333252,161.06797790527344,1.87111496925354,198.4646453857422,-0.6331623792648315,-0.044760700315237045,-0.16428899765014648,1.0,0.0,12.170915603637695,0.15221953392028809
11.177392959594727,-0.6558769941329956,-0.24594061076641083,-0.005389845464378595,-0.014208435080945492,1.8440418243408203,204.2236785888672,1.9664537906646729,198.30108642578125,-0.5969350934028625,-0.13871850073337555,-0.10166501998901367,1.0,0.0,12.170915603637695,0.12241196632385254
11.177891731262207,-0.6375242471694946,-0.3044983148574829,-0.04245039075613022,-0.01885993778705597,1.9459500312805176,204.2236785888672,2.0616743564605713,198.135986328125,-0.6580847501754761,-0.21877741813659668,-0.10433244705200195,1.0,0.0,12.170915603637695,0.11572432518005371
11.178393363952637,-0.5979203581809998,-0.36640167236328125,-0.011835157871246338,-0.008626631461083889,2.0480518341064453,204.0194549560547,2.157350778579712,197.99334716796875,-0.5753245949745178,-0.2845517098903656,-0.06151580810546875,1.0,0.0,12.170915603637695,0.1092989444732666
11.1788911819458,-0.5505890846252441,-0.4216128885746002,-0.005389845464378595,-0.01048723328858614,2.1496529579162598,204.0194549560547,2.253329038619995,197.86643981933594,-0.48526567220687866,-0.31112492084503174,-0.04666280746459961,1.0,0.0,12.170915603637695,0.10367608070373535
11.179391860961914,-0.5051895976066589,-0.4734780490398407,-0.027948439121246338,-0.032814446836709976,2.25186824798584,204.0194549560547,2.350466012954712,197.7909698486328,-0.46758314967155457,-0.37359151244163513,-0.039798736572265625,1.0,0.0,12.170915603637695,0.09859776496887207
11.179890632629395,-0.46268796920776367,-0.5203236937522888,0.0026667951606214046,-0.015138735063374043,2.353672981262207,204.0194549560547,2.4465715885162354,197.67364501953125,-0.4763543903827667,-0.44002485275268555,-0.0643930435180664,1.0,0.0,12.170915603637695,0.09289860725402832
11.180392265319824,-0.39893555641174316,-0.5638238191604614,-0.023114454001188278,-0.06165376678109169,2.4227066040039062,171.80584716796875,2.543276071548462,197.58432006835938,-0.3774951994419098,-0.46933138370513916,-0.013264656066894531,1.0,0.0,12.170915603637695,0.12056946754455566
11.180891036987305,-0.34870636463165283,-0.5972849726676941,-0.0327824242413044,-0.030023546889424324,2.508439540863037,171.80584716796875,2.6404354572296143,197.51593017578125,-0.35217413306236267,-0.5043225884437561,-0.04278850555419922,1.0,0.0,12.170915603637695,0.13199591636657715
11.181391716003418,-0.28881800174713135,-0.6274002194404602,-0.029559766873717308,-0.03746595233678818,2.6279048919677734,204.2236785888672,2.7386457920074463,197.49295043945312,-0.2650676667690277,-0.5444740653038025,0.01577138900756836,1.0,0.0,12.170915603637695,0.11074090003967285
11.181891441345215,-0.23279298841953278,-0.650823175907135,-0.008612501434981823,-0.027232645079493523,2.7298130989074707,204.2236785888672,2.8377225399017334,197.5066680908203,-0.2653510868549347,-0.5818085670471191,-0.058451175689697266,1.0,0.0,12.170915603637695,0.1079094409942627
11.182391166687012,-0.15938106179237366,-0.674246072769165,-0.0327824242413044,-0.030023546889424324,2.831714630126953,204.0194549560547,2.934276819229126,197.4142608642578,-0.1697632372379303,-0.5741003751754761,-0.014463424682617188,1.0,0.0,12.170915603637695,0.10256218910217285
11.182889938354492,-0.09562887996435165,-0.6876305341720581,-0.0021671890281140804,-0.027232645079493523,2.9335193634033203,204.0194549560547,3.0327069759368896,197.40240478515625,-0.11957434564828873,-0.628591775894165,-0.013363361358642578,1.0,0.0,12.170915603637695,0.09918761253356934
11.183390617370605,-0.024148792028427124,-0.6943227052688599,0.00750077934935689,-0.006766029633581638,3.0248732566833496,193.4750518798828,3.131963014602661,197.42587280273438,-0.03317548707127571,-0.6445692777633667,0.024100780487060547,1.0,0.0,12.170915603637695,0.10708975791931152
11.183890342712402,0.047331538051366806,-0.6943227052688599,-0.019891798496246338,-0.00211452622897923,3.12141752243042,193.4750518798828,-3.051609516143799,197.4639434814453,0.01967720501124859,-0.6227192878723145,0.00744318962097168,1.0,0.0,12.170915603637695,0.11015844345092773
11.184391021728516,0.12653879821300507,-0.6842842698097229,-0.019891798496246338,-0.03746595233678818,3.2070770263671875,182.54371643066406,-2.952526807785034,197.4789276123047,0.14029276371002197,-0.5956038236618042,0.10853052139282227,1.0,0.0,12.170915603637695,0.1235814094543457
11.184889793395996,0.18063145875930786,-0.674246072769165,0.001055467058904469,-0.014208435080945492,3.2981672286987305,182.54371643066406,-2.852999448776245,197.51174926757812,0.14676479995250702,-0.6423875689506531,0.0018503665924072266,1.0,0.0,12.170915603637695,0.1320185661315918
11.185389518737793,0.24245226383209229,-0.6541690230369568,-0.021503126248717308,-0.01792963780462742,3.400496006011963,193.28158569335938,-2.7542526721954346,197.51148986816406,0.1979987770318985,-0.6179774403572083,-0.011501073837280273,1.0,0.0,12.170915603637695,0.12843656539916992
11.185890197753906,0.3062047064304352,-0.6274002194404602,0.012334764003753662,-0.033744748681783676,3.4971370697021484,193.28158569335938,-2.653688430786133,197.58755493164062,0.27543193101882935,-0.5889569520950317,0.015451669692993164,1.0,0.0,12.170915603637695,0.13235998153686523
11.18639087677002,0.3651273548603058,-0.5956119298934937,-0.021503126248717308,-0.025372043251991272,3.605043411254883,204.0194549560547,-2.555852174758911,197.54727172851562,0.31812363862991333,-0.5881658792495728,-0.024197101593017578,1.0,0.0,12.170915603637695,0.12229013442993164
11.1868896484375,0.42308399081230164,-0.5554582476615906,0.009112107567489147,-0.003975127823650837,3.70684814453125,204.0194549560547,-2.455932378768921,197.59498596191406,0.35144343972206116,-0.5440448522567749,-0.04645800590515137,1.0,0.0,12.170915603637695,0.12040472030639648
11.18739128112793,0.4791091978549957,-0.5119583010673523,-0.0070011732168495655,-0.04118715599179268,3.7869200706481934,182.54371643066406,-2.3593270778656006,197.50294494628906,0.42805591225624084,-0.5284912586212158,-0.035811424255371094,1.0,0.0,12.170915603637695,0.13693857192993164
11.187889099121094,0.5225765705108643,-0.4634394347667694,0.023614060133695602,-0.01979023963212967,3.877826690673828,182.54371643066406,-2.2599475383758545,197.5292510986328,0.44771820306777954,-0.4545406401157379,-0.03813910484313965,1.0,0.0,12.170915603637695,0.14541101455688477
11.188389778137207,0.5679759979248047,-0.41826683282852173,-0.0005558609846048057,-0.033744748681783676,3.9582223892211914,171.80584716796875,-2.1636099815368652,197.4272918701172,0.5333815813064575,-0.4422231912612915,-0.03376340866088867,1.0,0.0,12.170915603637695,0.16135311126708984
11.188888549804688,0.6008185148239136,-0.3680747151374817,0.013946091756224632,-0.006766029633581638,4.043955326080322,171.80584716796875,-2.0666120052337646,197.3550262451172,0.5446548461914062,-0.3951322138309479,-0.06630873680114746,1.0,0.0,12.170915603637695,0.17261838912963867
11.189390182495117,0.6297968029975891,-0.31788280606269836,-0.0070011732168495655,-0.015138735063374043,4.15234899520874,193.4750518798828,-1.9705177545547485,197.2465057373047,0.5967826843261719,-0.36404934525489807,-0.08264398574829102,1.0,0.0,12.170915603637695,0.16031885147094727
11.189888954162598,0.6471834778785706,-0.25430622696876526,0.0026667951606214046,-0.00211452622897923,4.2488932609558105,193.4750518798828,-1.877004623413086,197.03147888183594,0.5587445497512817,-0.30186814069747925,-0.12398314476013184,1.0,0.0,12.170915603637695,0.15728759765625
11.190389633178711,0.6742303371429443,-0.19407588243484497,0.010723435319960117,-0.01234783511608839,4.356696128845215,204.0194549560547,-1.7823001146316528,196.871337890625,0.6377103328704834,-0.2432515025138855,-0.0876622200012207,1.0,0.0,12.170915603637695,0.14418935775756836
11.190889358520508,0.6858217120170593,-0.1271532028913498,0.023614060133695602,0.0025369771756231785,4.458500862121582,204.0194549560547,-1.6893504858016968,196.64073181152344,0.6293221116065979,-0.16839805245399475,-0.0776987075805664,1.0,0.0,12.170915603637695,0.13533401489257812
11.191390037536621,0.6906509399414062,-0.06524942815303802,0.013946091756224632,0.036027804017066956,4.527501106262207,171.80584716796875,-1.5952810049057007,196.46214294433594,0.6381682753562927,-0.13770835101604462,-0.12308478355407715,1.0,0.0,12.170915603637695,0.16040325164794922
11.191887855529785,0.6993444561958313,-0.0033460708800703287,0.023614060133695602,0.017421787604689598,4.613060474395752,171.80584716796875,-1.5017735958099365,196.2638397216797,0.6670584082603455,-0.0672929510474205,-0.10459256172180176,1.0,0.0,12.170915603637695,0.1683516502380371
11.192388534545898,0.6945146918296814,0.05855729058384895,0.015557420440018177,0.04440050944685936,4.710195541381836,182.54371643066406,-1.40714693069458,196.11659240722656,0.6462786197662354,0.004474144894629717,-0.0917518138885498,1.0,0.0,12.170915603637695,0.16584300994873047
11.192888259887695,0.6887195706367493,0.12213389575481415,0.025225387886166573,-0.003975128289312124,4.8012824058532715,182.54371643066406,-1.3143413066864014,195.8961639404297,0.6592320203781128,0.06598123162984848,-0.09179806709289551,1.0,0.0,12.170915603637695,0.16756200790405273
11.193388938903809,0.6703663468360901,0.1806911826133728,0.023614060133695602,-0.001184225780889392,4.914859771728516,204.0194549560547,-1.2215646505355835,195.67868041992188,0.6547728776931763,0.10791044682264328,-0.12118840217590332,1.0,0.0,12.170915603637695,0.1467609405517578
11.193887710571289,0.6452520489692688,0.2442677915096283,0.03650468587875366,0.0025369771756231785,5.016664505004883,204.0194549560547,-1.1285791397094727,195.4744415283203,0.5901221632957458,0.1309238076210022,-0.15941691398620605,1.0,0.0,12.170915603637695,0.13794183731079102
11.194389343261719,0.6220687031745911,0.3044981062412262,0.010723435319960117,-0.008626631461083889,5.108018398284912,193.4750518798828,-1.0365660190582275,195.23355102539062,0.6071582436561584,0.18910600244998932,-0.16793060302734375,1.0,0.0,12.170915603637695,0.13860082626342773
11.1948881149292,0.583430826663971,0.3714209794998169,0.03650468587875366,0.017421787604689598,5.204562664031982,193.4750518798828,-0.9422328472137451,195.09571838378906,0.5033179521560669,0.29454851150512695,-0.03421211242675781,1.0,0.0,12.170915603637695,0.13639020919799805
11.195387840270996,0.5515549778938293,0.41993987560272217,0.004278123378753662,0.02486419305205345,5.301300525665283,193.4750518798828,-0.8495872020721436,194.88937377929688,0.5326813459396362,0.3232019245624542,-0.11136078834533691,1.0,0.0,12.170915603637695,0.13229799270629883
11.195886611938477,0.5129170417785645,0.46678587794303894,-0.013446485623717308,0.02765509858727455,5.348294258117676,161.06797790527344,-0.7556071281433105,194.74415588378906,0.4603368639945984,0.38227543234825134,-0.05750894546508789,1.0,0.0,12.170915603637695,0.17928409576416016
11.196388244628906,0.4723473787307739,0.5035930871963501,0.020391404628753662,0.028585394844412804,5.473230361938477,204.0194549560547,-0.6643669605255127,194.48638916015625,0.45985493063926697,0.3986451327800751,-0.1279289722442627,1.0,0.0,12.170915603637695,0.14558839797973633
11.196887016296387,0.4250161945819855,0.5454198122024536,0.013946091756224632,0.034167200326919556,5.575035095214844,204.0194549560547,-0.571547269821167,194.30059814453125,0.4512544572353363,0.48701366782188416,-0.11147022247314453,1.0,0.0,12.170915603637695,0.13660287857055664
11.1973876953125,0.3689914047718048,0.5822274684906006,0.018780076876282692,0.027655096724629402,5.66618537902832,193.28158569335938,-0.47907018661499023,194.1040802001953,0.40013325214385986,0.4871045649051666,-0.1445319652557373,1.0,0.0,12.170915603637695,0.13792991638183594
11.197887420654297,0.31006863713264465,0.614015519618988,0.00750077934935689,0.019282391294836998,5.762632846832275,193.28158569335938,-0.3861563205718994,193.9301300048828,0.35322239995002747,0.5254846811294556,-0.1416184902191162,1.0,0.0,12.170915603637695,0.13439607620239258
11.19838809967041,0.24245239794254303,0.640784740447998,-0.0070011732168495655,0.031376298516988754,5.859667778015137,193.4750518798828,-0.2911803722381592,193.8466339111328,0.2367122769355774,0.5322313904762268,-0.06296420097351074,1.0,0.0,12.170915603637695,0.13233709335327148
11.19888687133789,0.17869997024536133,0.6708997488021851,0.0026667951606214046,0.029515696689486504,5.956212043762207,193.4750518798828,-0.19714665412902832,193.72557067871094,0.16141320765018463,0.6131156086921692,0.004300355911254883,1.0,0.0,12.170915603637695,0.12982702255249023
11.199386596679688,0.11301545053720474,0.6876305341720581,0.03811601176857948,0.0202126894146204,6.030806541442871,171.9778289794922,-0.10207247734069824,193.650390625,0.1266600489616394,0.6304592490196228,-0.03178572654724121,1.0,0.0,12.170915603637695,0.15030622482299805
11.199886322021484,0.045399438589811325,0.6909764409065247,0.00750077934935689,0.054633818566799164,6.1166229248046875,171.9778289794922,-0.005321502685546875,193.64706420898438,0.02189730480313301,0.6134129762649536,0.03431844711303711,1.0,0.0,12.170915603637695,0.1612410545349121
11.200387001037598,-0.012557298876345158,0.6943227052688599,0.0316707007586956,0.031376298516988754,6.213677883148193,182.54371643066406,0.08990025520324707,193.57965087890625,0.004493799526244402,0.627377986907959,-0.032686471939086914,1.0,0.0,12.170915603637695,0.1594080924987793
11.200885772705078,-0.07630971819162369,0.6876305341720581,-0.0005558609846048057,0.04253990948200226,0.021582603454589844,182.54371643066406,0.1857922077178955,193.5419158935547,-0.05338546261191368,0.6269756555557251,-0.03650164604187012,1.0,0.0,12.170915603637695,0.16420960426330566
11.201385498046875,-0.1439259797334671,0.674246072769165,0.03489335626363754,0.05928531661629677,0.13497638702392578,204.0194549560547,0.28311967849731445,193.56521606445312,-0.11363139748573303,0.621239423751831,-0.03785872459411621,1.0,0.0,12.170915603637695,0.14814329147338867
11.201886177062988,-0.21154223382472992,0.6642076373100281,0.023614060133695602,0.02300359308719635,0.2369847297668457,204.0194549560547,0.38108301162719727,193.6147003173828,-0.21397989988327026,0.6339923143386841,0.00898599624633789,1.0,0.0,12.170915603637695,0.14409828186035156
11.202385902404785,-0.2694989740848541,0.650823175907135,0.00588945159688592,0.005327879451215267,0.32793474197387695,193.28158569335938,0.47891736030578613,193.657470703125,-0.24276134371757507,0.7038379311561584,-0.08258986473083496,1.0,0.0,12.170915603637695,0.15098261833190918
11.202885627746582,-0.34870636463165283,0.607323169708252,0.009112107567489147,0.03695810213685036,0.4245758056640625,193.28158569335938,0.5761470794677734,193.67453002929688,-0.3500416874885559,0.5573237538337708,0.04941272735595703,1.0,0.0,12.170915603637695,0.15157127380371094
11.203387260437012,-0.4018332064151764,0.5654966831207275,-0.008612501434981823,0.0192823875695467,0.4992704391479492,171.80584716796875,0.6737771034240723,193.70755004882812,-0.3363514244556427,0.49688151478767395,-0.014209747314453125,1.0,0.0,12.170915603637695,0.17450666427612305
11.203885078430176,-0.45302844047546387,0.5370544195175171,0.020391404628753662,0.02486419305205345,0.5848298072814941,171.80584716796875,0.7685270309448242,193.61912536621094,-0.40222543478012085,0.5298303365707397,-0.05489325523376465,1.0,0.0,12.170915603637695,0.18369722366333008
11.204385757446289,-0.5003599524497986,0.4952279329299927,0.013946091756224632,0.03788840398192406,0.6930198669433594,193.28158569335938,0.8649289608001709,193.60189819335938,-0.45621925592422485,0.49543890357017517,-0.05643463134765625,1.0,0.0,12.170915603637695,0.17190909385681152
11.20488452911377,-0.5457592010498047,0.4433627724647522,0.017168747261166573,0.01183998305350542,0.7894673347473145,193.28158569335938,0.9618194103240967,193.60523986816406,-0.47704604268074036,0.4313783645629883,-0.06192970275878906,1.0,0.0,12.170915603637695,0.17235207557678223
11.2053861618042,-0.588261067867279,0.3898245692253113,0.004278123378753662,0.011839983984827995,0.8863019943237305,193.28158569335938,1.0570003986358643,193.53704833984375,-0.5333863496780396,0.3980460464954376,-0.06307315826416016,1.0,0.0,12.170915603637695,0.1706984043121338
11.20588493347168,-0.6240007281303406,0.3346133828163147,-0.013446485623717308,0.010909684002399445,0.9827494621276855,193.28158569335938,1.1523544788360596,193.4773406982422,-0.5821934938430786,0.36181917786598206,-0.07344770431518555,1.0,0.0,12.170915603637695,0.16960501670837402
11.206385612487793,-0.6500813961029053,0.2693639397621155,-0.011835157871246338,0.017421787604689598,1.0687127113342285,182.7264404296875,1.246490240097046,193.367919921875,-0.5696967840194702,0.29404979944229126,-0.0881047248840332,1.0,0.0,12.170915603637695,0.17777752876281738
11.20688533782959,-0.6761618256568909,0.2108062356710434,-0.015057814307510853,0.00997938308864832,1.1598930358886719,182.7264404296875,1.3400447368621826,193.2364044189453,-0.6111896634101868,0.24957264959812164,-0.09291267395019531,1.0,0.0,12.170915603637695,0.18015170097351074
11.207386016845703,-0.69451504945755,0.14555680751800537,-0.031171094626188278,0.006258179433643818,1.2512502670288086,182.54371643066406,1.4342758655548096,193.13607788085938,-0.6384720206260681,0.17431144416332245,-0.06590795516967773,1.0,0.0,12.170915603637695,0.18302559852600098
11.207884788513184,-0.704174280166626,0.0819806233048439,0.009112107567489147,0.014630886726081371,1.3423404693603516,182.54371643066406,1.5269372463226318,192.9720458984375,-0.6203566789627075,0.1043998971581459,-0.058803558349609375,1.0,0.0,12.170915603637695,0.18459677696228027
11.20838451385498,-0.7119019627571106,0.021750088781118393,-0.031171094626188278,-0.01048723142594099,1.4336142539978027,182.54371643066406,1.6188199520111084,192.77857971191406,-0.6676567792892456,0.06413491815328598,-0.07987737655639648,1.0,0.0,12.170915603637695,0.18520569801330566
11.208884239196777,-0.7051401138305664,-0.040153685957193375,-0.018280470743775368,-0.029093246906995773,1.5247011184692383,182.54371643066406,1.7098281383514404,192.55258178710938,-0.6294867396354675,0.017777370288968086,-0.10352706909179688,1.0,0.0,12.170915603637695,0.18512701988220215
11.20938491821289,-0.6974127292633057,-0.10038380324840546,-0.02472578175365925,-0.014208435080945492,1.6272168159484863,193.28158569335938,1.8006231784820557,192.32235717773438,-0.6525274515151978,-0.02443220652639866,-0.1288466453552246,1.0,0.0,12.170915603637695,0.17340636253356934
11.209883689880371,-0.6858215928077698,-0.16730648279190063,-0.02472578175365925,-0.012347834184765816,1.7236642837524414,193.28158569335938,1.8912384510040283,192.08950805664062,-0.6308395862579346,-0.10451523214578629,-0.09262752532958984,1.0,0.0,12.170915603637695,0.16757416725158691
11.2103853225708,-0.6645704507827759,-0.23088309168815613,-0.03439375013113022,-0.016069035977125168,1.809624195098877,182.7264404296875,1.9821512699127197,191.87388610839844,-0.6125940084457397,-0.15430130064487457,-0.10108375549316406,1.0,0.0,12.170915603637695,0.17252707481384277
11.210884094238281,-0.6394560933113098,-0.28776755928993225,-0.026337111368775368,-0.0058357291854918,1.9008045196533203,182.7264404296875,2.0727550983428955,191.64976501464844,-0.5912690162658691,-0.19266562163829803,-0.12360429763793945,1.0,0.0,12.170915603637695,0.1719505786895752
11.211384773254395,-0.60854572057724,-0.3413059413433075,-0.027948439121246338,-0.053281065076589584,1.992161750793457,182.54371643066406,2.163954496383667,191.45533752441406,-0.5727962851524353,-0.25274813175201416,-0.11427450180053711,1.0,0.0,12.170915603637695,0.17179274559020996
11.211883544921875,-0.5766695737838745,-0.39651691913604736,-0.03600507974624634,-0.013278134167194366,2.083251953125,182.54371643066406,2.2537424564361572,191.20602416992188,-0.5580437779426575,-0.3086825907230377,-0.11444282531738281,1.0,0.0,12.170915603637695,0.17049050331115723
11.212385177612305,-0.5303043723106384,-0.4433627724647522,-0.013446485623717308,-0.015138735063374043,2.1857776641845703,193.28158569335938,2.3455002307891846,191.0443572998047,-0.45882460474967957,-0.31212353706359863,-0.11415338516235352,1.0,0.0,12.170915603637695,0.15972256660461426
11.212882995605469,-0.49553024768829346,-0.496900737285614,-0.03761640563607216,-0.03653565049171448,2.282031536102295,193.28158569335938,2.437889337539673,190.9128875732422,-0.5058423280715942,-0.4473430812358856,-0.07969903945922852,1.0,0.0,12.170915603637695,0.15585780143737793
11.213383674621582,-0.43950533866882324,-0.5404007434844971,-0.0327824242413044,-0.03188415244221687,2.378866195678711,193.28158569335938,2.530005693435669,190.77273559570312,-0.3982209861278534,-0.45844003558158875,-0.0402216911315918,1.0,0.0,12.170915603637695,0.151139497756958
11.213883399963379,-0.3863782584667206,-0.5788811445236206,-0.02472578175365925,-0.030953846871852875,2.475313663482666,193.28158569335938,2.6223995685577393,190.64706420898438,-0.3822532594203949,-0.5065214037895203,-0.06401681900024414,1.0,0.0,12.170915603637695,0.14708590507507324
11.214384078979492,-0.3235916197299957,-0.614015519618988,-0.029559766873717308,-0.03746595233678818,2.572148323059082,193.28158569335938,2.7155067920684814,190.55419921875,-0.2941790521144867,-0.5340641140937805,-0.013948440551757812,1.0,0.0,12.170915603637695,0.14335846900939941
11.214882850646973,-0.26370328664779663,-0.640784740447998,-0.026337111368775368,-0.03932655602693558,2.668595790863037,193.28158569335938,2.8094608783721924,190.49868774414062,-0.26783517003059387,-0.532985508441925,-0.07033634185791016,1.0,0.0,12.170915603637695,0.14086508750915527
11.21538257598877,-0.19995073974132538,-0.6675535440444946,-0.011835157871246338,-0.027232645079493523,2.743317127227783,171.9778289794922,2.9036877155303955,190.45579528808594,-0.19902393221855164,-0.581344723701477,-0.028586387634277344,1.0,0.0,12.170915603637695,0.1603705883026123
11.215883255004883,-0.13619831204414368,-0.6775921583175659,-0.0005558609846048057,-0.04118715226650238,2.829303741455078,171.9778289794922,2.999272584915161,190.4708709716797,-0.13028249144554138,-0.5809113383293152,-0.01488637924194336,1.0,0.0,12.170915603637695,0.169968843460083
11.21638298034668,-0.07244589179754257,-0.6909764409065247,-0.010223829187452793,-0.031884148716926575,2.9482951164245605,204.0194549560547,3.0926783084869385,190.39427185058594,-0.06773174554109573,-0.601161003112793,0.00017213821411132812,1.0,0.0,12.170915603637695,0.14438319206237793
11.21688175201416,-0.0009658065973781049,-0.6909764409065247,-0.019891798496246338,-0.030023546889424324,3.0500998497009277,204.0194549560547,-3.0946638584136963,190.42153930664062,-0.004418447148054838,-0.5587034225463867,0.008659839630126953,1.0,0.0,12.170915603637695,0.13842153549194336
11.21738338470459,0.06858193874359131,-0.6976689696311951,-0.029559766873717308,-0.035605352371931076,3.1303820610046387,182.7264404296875,-2.998425245285034,190.46478271484375,0.06685507297515869,-0.6599965691566467,0.021349191665649414,1.0,0.0,12.170915603637695,0.15437841415405273
11.21788215637207,0.14006178081035614,-0.6876305341720581,-0.023114454001188278,-0.02258114144206047,3.221562385559082,182.7264404296875,-2.901561975479126,190.53338623046875,0.16057513654232025,-0.6166393160820007,0.07854247093200684,1.0,0.0,12.170915603637695,0.16006135940551758
11.218382835388184,0.18835961818695068,-0.6775921583175659,0.009112107567489147,-0.01885993778705597,3.3350629806518555,204.0194549560547,-2.805603504180908,190.56216430664062,0.1368250995874405,-0.6940156817436218,-0.07815432548522949,1.0,0.0,12.170915603637695,0.1425189971923828
11.218881607055664,0.26756662130355835,-0.650823175907135,-0.01666914112865925,-0.031884144991636276,3.4368677139282227,204.0194549560547,-2.7111997604370117,190.52540588378906,0.22510752081871033,-0.6093313097953796,-0.013070106506347656,1.0,0.0,12.170915603637695,0.1351180076599121
11.219383239746094,0.33325138688087463,-0.624053955078125,0.004278123378753662,-0.006766029633581638,3.5056943893432617,171.63421630859375,-2.614882230758667,190.56973266601562,0.30194199085235596,-0.5830668210983276,0.01468801498413086,1.0,0.0,12.170915603637695,0.16260862350463867
11.219882011413574,0.38830986618995667,-0.5889195799827576,-0.010223829187452793,-0.02258114144206047,3.591337203979492,171.63421630859375,-2.5196340084075928,190.56814575195312,0.32212308049201965,-0.5460648536682129,-0.02559638023376465,1.0,0.0,12.170915603637695,0.17221403121948242
11.220382690429688,0.4481988251209259,-0.5521119832992554,-0.010223829187452793,-0.033744748681783676,3.699824333190918,193.4750518798828,-2.4230873584747314,190.62132263183594,0.4263353943824768,-0.5145928859710693,0.037050724029541016,1.0,0.0,12.170915603637695,0.16027402877807617
11.220880508422852,0.4955298602581024,-0.5102856159210205,-0.0005558609846048057,-0.009556932374835014,3.796175003051758,193.4750518798828,-2.3274550437927246,190.63479614257812,0.444577157497406,-0.48343557119369507,-0.007085084915161133,1.0,0.0,12.170915603637695,0.15955543518066406
11.221382141113281,0.5467255711555481,-0.4617663621902466,-0.011835157871246338,-0.027232645079493523,3.8929061889648438,193.28158569335938,-2.231440544128418,190.66419982910156,0.5189486145973206,-0.4573964774608612,0.0017554759979248047,1.0,0.0,12.170915603637695,0.15883874893188477
11.221880912780762,0.5863289833068848,-0.40655517578125,0.009112107567489147,-0.007696331012994051,3.989353656768799,193.28158569335938,-2.136688232421875,190.63978576660156,0.5310792922973633,-0.40992382168769836,-0.02804279327392578,1.0,0.0,12.170915603637695,0.15714359283447266
11.222381591796875,0.6211032271385193,-0.3530171811580658,-0.005389845464378595,-0.025372043251991272,4.075126647949219,182.54371643066406,-2.041996955871582,190.6131591796875,0.5507531762123108,-0.41442635655403137,-0.11081933975219727,1.0,0.0,12.170915603637695,0.1660618782043457
11.222881317138672,0.6568432450294495,-0.29111361503601074,0.026836717501282692,-0.02165084145963192,4.166213512420654,182.54371643066406,-1.9480462074279785,190.55609130859375,0.5979161858558655,-0.3235975503921509,-0.05554509162902832,1.0,0.0,12.170915603637695,0.16892576217651367
11.223381996154785,0.6790600419044495,-0.2325563132762909,0.022002732381224632,0.014630885794758797,4.268929481506348,193.4750518798828,-1.8542016744613647,190.49581909179688,0.6300631761550903,-0.26691901683807373,-0.05405163764953613,1.0,0.0,12.170915603637695,0.16005420684814453
11.223880767822266,0.7003104090690613,-0.1689797192811966,0.025225387886166573,-0.013278135098516941,4.365473747253418,193.4750518798828,-1.7619818449020386,190.3687286376953,0.6530985236167908,-0.23123298585414886,-0.0860135555267334,1.0,0.0,12.170915603637695,0.1557297706604004
11.224382400512695,0.7138335704803467,-0.09871098399162292,0.013946091756224632,0.004397578537464142,4.462204933166504,193.28158569335938,-1.6683686971664429,190.30267333984375,0.671624481678009,-0.1382027119398117,-0.04212307929992676,1.0,0.0,12.170915603637695,0.15261173248291016
11.22488021850586,0.7215613722801208,-0.03178830072283745,0.03650468587875366,-0.004905428737401962,4.5584588050842285,193.28158569335938,-1.5763838291168213,190.1697540283203,0.6768571138381958,-0.07721787691116333,-0.044814348220825195,1.0,0.0,12.170915603637695,0.14834260940551758
11.225380897521973,0.7196295261383057,0.03513437509536743,0.05906327813863754,0.011839983984827995,4.6552934646606445,193.28158569335938,-1.4837664365768433,190.06594848632812,0.698635995388031,-0.040528565645217896,-0.08197617530822754,1.0,0.0,12.170915603637695,0.14412546157836914
11.225879669189453,0.7128679156303406,0.10707615315914154,0.015557420440018177,0.0016066767275333405,4.7517409324646,193.28158569335938,-1.3926973342895508,189.89956665039062,0.6282512545585632,0.061852362006902695,-0.01674628257751465,1.0,0.0,12.170915603637695,0.1387472152709961
11.226381301879883,0.7003104090690613,0.1689797192811966,0.018780076876282692,0.018352089449763298,4.826455593109131,171.80584716796875,-1.3004504442214966,189.78570556640625,0.6562093496322632,0.06688479334115982,-0.10596442222595215,1.0,0.0,12.170915603637695,0.1562795639038086
11.226880073547363,0.6829233765602112,0.2325563132762909,0.009112107567489147,0.02579449489712715,4.912188529968262,171.80584716796875,-1.2093583345413208,189.626220703125,0.629844605922699,0.17296156287193298,-0.0303652286529541,1.0,0.0,12.170915603637695,0.16163873672485352
11.227380752563477,0.6607072353363037,0.28442126512527466,0.020391404628753662,0.019282391294836998,5.02058219909668,193.4750518798828,-1.1196439266204834,189.41168212890625,0.6305025815963745,0.18634667992591858,-0.10107851028442383,1.0,0.0,12.170915603637695,0.1429591178894043
11.227879524230957,0.6326946020126343,0.3463250398635864,0.009112107567489147,0.027655096724629402,5.11712646484375,193.4750518798828,-1.0284044742584229,189.2662811279297,0.601915717124939,0.29027074575424194,-0.030098438262939453,1.0,0.0,12.170915603637695,0.13765478134155273
11.228381156921387,0.5950227379798889,0.3981899917125702,0.020391404628753662,0.0211429912596941,5.213857650756836,193.28158569335938,-0.9371528625488281,189.12400817871094,0.5821011662483215,0.2808792293071747,-0.121551513671875,1.0,0.0,12.170915603637695,0.13217496871948242
11.228879928588867,0.5496231317520142,0.45674747228622437,0.0026667951606214046,0.033236898481845856,5.310305118560791,193.28158569335938,-0.8449618816375732,189.0244598388672,0.4946313798427582,0.3597390651702881,-0.034175872802734375,1.0,0.0,12.170915603637695,0.12791872024536133
11.22938060760498,0.503257691860199,0.5035932660102844,0.018780076876282692,0.016491487622261047,5.418208122253418,204.0194549560547,-0.7539217472076416,188.87869262695312,0.4521697461605072,0.38039180636405945,-0.05475878715515137,1.0,0.0,12.170915603637695,0.11105585098266602
11.229879379272461,0.4520622789859772,0.5521121621131897,0.017168747261166573,0.03974900394678116,5.519809246063232,204.0194549560547,-0.6612670421600342,188.8036651611328,0.4413216710090637,0.4647509455680847,-0.03550529479980469,1.0,0.0,12.170915603637695,0.10210943222045898
11.230380058288574,0.3979697525501251,0.5922656655311584,-0.0070011732168495655,0.0220732931047678,5.588842868804932,171.80584716796875,-0.5683748722076416,188.7401580810547,0.4012814462184906,0.4789060354232788,-0.066436767578125,1.0,0.0,12.170915603637695,0.12596750259399414
11.230878829956055,0.3332512676715851,0.624053955078125,0.015557420440018177,0.036958105862140656,5.6745758056640625,171.80584716796875,-0.4743773937225342,188.72462463378906,0.3156217932701111,0.5188849568367004,-0.009243011474609375,1.0,0.0,12.170915603637695,0.1342320442199707
11.231379508972168,0.2810898721218109,0.650823175907135,-0.0070011732168495655,0.02393389493227005,5.7829694747924805,193.4750518798828,-0.38133835792541504,188.66891479492188,0.2923172116279602,0.530278205871582,-0.05983901023864746,1.0,0.0,12.170915603637695,0.11887788772583008
11.231879234313965,0.2096100002527237,0.674246072769165,0.017168747261166573,0.04160960391163826,5.879513740539551,193.4750518798828,-0.2865614891052246,188.68771362304688,0.18611347675323486,0.5548450946807861,0.02591419219970703,1.0,0.0,12.170915603637695,0.1171102523803711
11.232378959655762,0.14778992533683777,0.6909764409065247,-0.010223829187452793,0.012770285829901695,5.976051330566406,193.28158569335938,-0.19254112243652344,188.6741485595703,0.15029045939445496,0.5918562412261963,0.006773948669433594,1.0,0.0,12.170915603637695,0.1145930290222168
11.232878684997559,0.07824169844388962,0.7077071666717529,0.010723435319960117,0.013700585812330246,6.072692394256592,193.28158569335938,-0.09801340103149414,188.68246459960938,0.06056607514619827,0.6341674327850342,0.06595516204833984,1.0,0.0,12.170915603637695,0.11247968673706055
11.233379364013672,0.01448915433138609,0.7110534310340881,0.00588945159688592,0.010909684002399445,6.180395126342773,204.0194549560547,-0.002682209014892578,188.72389221191406,0.05873667448759079,0.6526214480400085,-0.02428293228149414,1.0,0.0,12.170915603637695,0.10010814666748047
11.233878135681152,-0.06278649717569351,0.7110534310340881,0.030059373006224632,0.034167200326919556,6.282199859619141,204.0194549560547,0.09229612350463867,188.75006103515625,-0.05895007774233818,0.6658163666725159,0.059163570404052734,1.0,0.0,12.170915603637695,0.09328174591064453
11.23437786102295,-0.1342667043209076,0.6976689696311951,0.00588945159688592,0.01277028489857912,0.05699300765991211,161.2292022705078,0.1908252239227295,188.92442321777344,-0.09535910934209824,0.6237988471984863,0.023931264877319336,1.0,0.0,12.170915603637695,0.13383221626281738
11.234877586364746,-0.1980186551809311,0.6842842698097229,0.009112107567489147,0.02579449489712715,0.13760900497436523,161.2292022705078,0.2867417335510254,188.9855499267578,-0.16282765567302704,0.6115994453430176,0.0365910530090332,1.0,0.0,12.170915603637695,0.14913272857666016
11.23537826538086,-0.2501799166202545,0.6675535440444946,-0.013446485623717308,-0.015138735063374043,0.2622947692871094,204.0194549560547,0.38361501693725586,189.08546447753906,-0.2078467756509781,0.6117992997169495,0.006926774978637695,1.0,0.0,12.170915603637695,0.12132024765014648
11.235877990722656,-0.3216598927974701,0.6340925693511963,0.012334764003753662,0.05928532034158707,0.3643031120300293,204.0194549560547,0.4784553050994873,189.09800720214844,-0.27813923358917236,0.5868244767189026,0.027289628982543945,1.0,0.0,12.170915603637695,0.11415219306945801
11.23637866973877,-0.38154837489128113,0.600631058216095,0.023614060133695602,0.03788840398192406,0.455446720123291,193.28158569335938,0.5744631290435791,189.15896606445312,-0.3171173632144928,0.5816770792007446,-0.012341022491455078,1.0,0.0,12.170915603637695,0.11901640892028809
11.236878395080566,-0.442403107881546,0.5621505975723267,0.020391404628753662,0.0211429912596941,0.5518941879272461,193.28158569335938,0.6718254089355469,189.2757568359375,-0.4007214307785034,0.542610764503479,0.02747344970703125,1.0,0.0,12.170915603637695,0.11993122100830078
11.23737907409668,-0.49263229966163635,0.5219969153404236,0.00588945159688592,0.018352089449763298,0.6598005294799805,204.0194549560547,0.7687523365020752,189.37142944335938,-0.4392365515232086,0.5663353800773621,-0.04616379737854004,1.0,0.0,12.170915603637695,0.10895180702209473
11.237876892089844,-0.5476911664009094,0.4667854905128479,-0.0070011732168495655,0.016491487622261047,0.7614016532897949,204.0194549560547,0.8651492595672607,189.4432373046875,-0.511002779006958,0.4817529618740082,0.012893199920654297,1.0,0.0,12.170915603637695,0.10374760627746582
11.238377571105957,-0.6027501225471497,0.40488213300704956,0.00750077934935689,0.04347020760178566,0.8193769454956055,161.06797790527344,0.9604365825653076,189.4673309326172,-0.5527194142341614,0.36841917037963867,0.08593559265136719,1.0,0.0,12.170915603637695,0.14105963706970215
11.238877296447754,-0.6317286491394043,0.3613823652267456,-0.013446485623717308,0.010909684002399445,0.8997492790222168,161.06797790527344,1.0586121082305908,189.61158752441406,-0.6019710302352905,0.3875684142112732,0.0033626556396484375,1.0,0.0,12.170915603637695,0.15886282920837402
11.239377975463867,-0.6607069373130798,0.3044978976249695,-0.010223829187452793,0.036958105862140656,1.0246853828430176,204.0194549560547,1.1534392833709717,189.6124267578125,-0.606948733329773,0.3224041163921356,-0.007769584655761719,1.0,0.0,12.170915603637695,0.1287539005279541
11.239876747131348,-0.687753438949585,0.23757565021514893,-0.015057814307510853,-0.001184225780889392,1.1264901161193848,204.0194549560547,1.2489607334136963,189.64227294921875,-0.6488485932350159,0.26446232199668884,-0.0020012855529785156,1.0,0.0,12.170915603637695,0.12247061729431152
11.240378379821777,-0.7109358906745911,0.16396081447601318,-0.023114454001188278,0.0071884808130562305,1.217844009399414,193.4750518798828,1.3441593647003174,189.6582794189453,-0.6610982418060303,0.16516439616680145,0.045210838317871094,1.0,0.0,12.170915603637695,0.12631535530090332
11.240877151489258,-0.7254252433776855,0.09871098399162292,0.00588945159688592,0.014630885794758797,1.3143882751464844,193.4750518798828,1.4384253025054932,189.63461303710938,-0.6859848499298096,0.1277957707643509,0.011434078216552734,1.0,0.0,12.170915603637695,0.12403702735900879
11.241377830505371,-0.7283229231834412,0.026768986135721207,-0.031171094626188278,0.0025369771756231785,1.411116123199463,193.28158569335938,1.5336472988128662,189.65142822265625,-0.6737042665481567,0.06413000077009201,0.005472660064697266,1.0,0.0,12.170915603637695,0.12253117561340332
11.241875648498535,-0.724459171295166,-0.040153685957193375,-0.04728437587618828,-0.008626630529761314,1.5073699951171875,193.28158569335938,1.6277172565460205,189.6195831298828,-0.6613155007362366,0.02416844666004181,-0.030383586883544922,1.0,0.0,12.170915603637695,0.12034726142883301
11.242378234863281,-0.7196295857429504,-0.10874918848276138,-0.02472578175365925,0.01370058674365282,1.5822582244873047,171.80584716796875,1.7221925258636475,189.6055145263672,-0.6751638650894165,-0.03169872239232063,-0.04146528244018555,1.0,0.0,12.170915603637695,0.13993430137634277
11.242876052856445,-0.7099701762199402,-0.17232578992843628,-0.026337111368775368,-0.013278135098516941,1.6678175926208496,171.80584716796875,1.8162615299224854,189.57423400878906,-0.669894278049469,-0.08480747789144516,-0.0565943717956543,1.0,0.0,12.170915603637695,0.14844393730163574
11.243376731872559,-0.6906513571739197,-0.2325563132762909,-0.023114454001188278,-0.00025392419775016606,1.7760109901428223,193.28158569335938,1.9097645282745361,189.52032470703125,-0.6420876979827881,-0.1520838737487793,-0.043416500091552734,1.0,0.0,12.170915603637695,0.13375353813171387
11.243875503540039,-0.6636049151420593,-0.2927868664264679,-0.015057814307510853,-0.01979023963212967,1.8724579811096191,193.28158569335938,2.0043466091156006,189.51260375976562,-0.6405670046806335,-0.20603390038013458,-0.0594482421875,1.0,0.0,12.170915603637695,0.13188862800598145
11.244377136230469,-0.6307626366615295,-0.35636305809020996,-0.023114454001188278,-0.02072053961455822,1.9805645942687988,204.2236785888672,2.097503900527954,189.4454345703125,-0.6005527377128601,-0.27542099356651306,-0.03372001647949219,1.0,0.0,12.170915603637695,0.11693930625915527
11.24487590789795,-0.5911589860916138,-0.41826683282852173,-0.021503126248717308,-0.004905428271740675,2.0824732780456543,204.2236785888672,2.191840887069702,189.42942810058594,-0.5392876267433167,-0.3331907093524933,-0.004502773284912109,1.0,0.0,12.170915603637695,0.10936760902404785
11.245376586914062,-0.5409296751022339,-0.47180497646331787,-0.015057814307510853,-0.01979023963212967,2.1845784187316895,204.0194549560547,2.2862846851348877,189.4180145263672,-0.47315552830696106,-0.3312363028526306,-0.04177141189575195,1.0,0.0,12.170915603637695,0.10170626640319824
11.245875358581543,-0.49166616797447205,-0.530362069606781,-0.03439375013113022,-0.049559857696294785,2.2861790657043457,204.0194549560547,2.3808610439300537,189.41278076171875,-0.44258570671081543,-0.44015341997146606,0.03585338592529297,1.0,0.0,12.170915603637695,0.09468197822570801
11.246376037597656,-0.4395052194595337,-0.5805542469024658,-0.0327824242413044,-0.03188415244221687,2.3552136421203613,171.80584716796875,2.475680112838745,189.417724609375,-0.4234951138496399,-0.5045615434646606,0.030900001525878906,1.0,0.0,12.170915603637695,0.12046647071838379
11.246874809265137,-0.3767189681529999,-0.6156887412071228,-0.03439375013113022,-0.051420461386442184,2.440946102142334,171.80584716796875,2.572035074234009,189.48692321777344,-0.32975226640701294,-0.5108718872070312,0.05977344512939453,1.0,0.0,12.170915603637695,0.1310889720916748
11.247376441955566,-0.32359185814857483,-0.650823175907135,-0.0327824242413044,-0.03188415244221687,2.549137592315674,193.28158569335938,2.6684038639068604,189.555419921875,-0.27962231636047363,-0.577061653137207,0.08549737930297852,1.0,0.0,12.170915603637695,0.11926627159118652
11.247875213623047,-0.2617712914943695,-0.674246072769165,-0.013446485623717308,-0.016999337822198868,2.645585536956787,193.28158569335938,2.763880491256714,189.5845184326172,-0.2514505982398987,-0.5599083304405212,0.018874645233154297,1.0,0.0,12.170915603637695,0.11829495429992676
11.248374938964844,-0.19415517151355743,-0.6976689696311951,-0.008612501434981823,-0.014208436012268066,2.7534871101379395,204.2236785888672,2.8603155612945557,189.65359497070312,-0.1763492226600647,-0.6131495237350464,0.06470012664794922,1.0,0.0,12.170915603637695,0.10682845115661621
11.24887466430664,-0.12460694462060928,-0.7110534310340881,-0.018280470743775368,-0.032814446836709976,2.8555989265441895,204.2236785888672,2.956962823867798,189.7300262451172,-0.15302689373493195,-0.6338167786598206,0.011003494262695312,1.0,0.0,12.170915603637695,0.1013638973236084
11.249375343322754,-0.045399438589811325,-0.724437952041626,-0.021503126248717308,-0.034675050526857376,2.9464383125305176,193.28158569335938,3.054250955581665,189.8318634033203,-0.04101052135229111,-0.6521199941635132,0.08816957473754883,1.0,0.0,12.170915603637695,0.10781264305114746
11.24987506866455,0.02994459867477417,-0.7311301231384277,-0.04406172037124634,-0.016069037839770317,3.0430798530578613,193.28158569335938,-3.1292245388031006,190.0334014892578,0.04906511679291725,-0.6550024747848511,0.12626051902770996,1.0,0.0,12.170915603637695,0.11088132858276367
11.250374794006348,0.09949234127998352,-0.724437952041626,-0.018280470743775368,-0.034675050526857376,3.128849506378174,182.7264404296875,-3.0303921699523926,190.1936798095703,0.09839164465665817,-0.668137788772583,0.09880948066711426,1.0,0.0,12.170915603637695,0.12394380569458008
11.250873565673828,0.16904033720493317,-0.7143997550010681,-0.029559766873717308,-0.026302345097064972,3.220029354095459,182.7264404296875,-2.932307004928589,190.31915283203125,0.14242947101593018,-0.6772201657295227,0.06169319152832031,1.0,0.0,12.170915603637695,0.13084936141967773
11.251375198364258,0.23279275000095367,-0.6976689696311951,0.00588945159688592,-0.026302343234419823,3.3335299491882324,204.0194549560547,-2.83233380317688,190.5213623046875,0.22457504272460938,-0.6712799668312073,0.07740211486816406,1.0,0.0,12.170915603637695,0.11732149124145508
11.251873970031738,0.31006839871406555,-0.6642076373100281,-0.021503126248717308,-0.034675050526857376,3.4353346824645996,204.0194549560547,-2.73296856880188,190.69424438476562,0.30917271971702576,-0.5886061787605286,0.13916254043579102,1.0,0.0,12.170915603637695,0.11488199234008789
11.252374649047852,0.3767187297344208,-0.6290732622146606,-0.015057814307510853,-0.036535654217004776,3.5264763832092285,193.28158569335938,-2.6327526569366455,190.89878845214844,0.34807515144348145,-0.5658992528915405,0.10666251182556152,1.0,0.0,12.170915603637695,0.12395620346069336
11.252874374389648,0.4414372146129608,-0.590592622756958,-0.010223829187452793,-0.04118715599179268,3.622924327850342,193.28158569335938,-2.53236985206604,191.10597229003906,0.4194955825805664,-0.5439274311065674,0.11188769340515137,1.0,0.0,12.170915603637695,0.12789106369018555
11.253375053405762,0.5003595948219299,-0.5487660765647888,-0.008612501434981823,-0.032814450562000275,3.6976170539855957,171.80584716796875,-2.4321372509002686,191.3026123046875,0.48345229029655457,-0.5186913013458252,0.10498738288879395,1.0,0.0,12.170915603637695,0.15343141555786133
11.253873825073242,0.5496232509613037,-0.5035932660102844,-0.008612501434981823,-0.027232645079493523,3.783348560333252,171.80584716796875,-2.3335118293762207,191.42742919921875,0.5342935919761658,-0.48840951919555664,0.08630990982055664,1.0,0.0,12.170915603637695,0.16632509231567383
11.254374504089355,0.5872947573661804,-0.4517281651496887,0.001055467058904469,-0.004905428271740675,3.9137063026428223,214.75732421875,-2.233097791671753,191.6250457763672,0.5556098222732544,-0.42906704545021057,0.06886482238769531,1.0,0.0,12.170915603637695,0.1363816261291504
11.254873275756836,0.6394558548927307,-0.38815176486968994,0.013946091756224632,-0.02351144142448902,4.020657062530518,214.75732421875,-2.1345767974853516,191.73904418945312,0.6341577172279358,-0.3709900975227356,0.09876751899719238,1.0,0.0,12.170915603637695,0.12795162200927734
11.25537395477295,0.6751961708068848,-0.3195558190345764,-0.005389845464378595,-0.025372043251991272,4.117187976837158,204.0194549560547,-2.036350965499878,191.83802795410156,0.6536221504211426,-0.3274492919445038,0.06533241271972656,1.0,0.0,12.170915603637695,0.12964677810668945
11.25587272644043,0.702242374420166,-0.25263315439224243,0.013946091756224632,0.006258179899305105,4.218994617462158,204.0194549560547,-1.9382871389389038,191.9279327392578,0.660167396068573,-0.28631094098091125,0.022335290908813477,1.0,0.0,12.170915603637695,0.12590360641479492
11.25637435913086,0.7254252433776855,-0.17901813983917236,0.04617265239357948,0.01183998305350542,4.321207523345947,204.0194549560547,-1.8411965370178223,191.9754180908203,0.6864801049232483,-0.2316899299621582,0.008916616439819336,1.0,0.0,12.170915603637695,0.12078142166137695
11.25687313079834,0.7408804297447205,-0.1054031178355217,0.025225387886166573,-0.011417534202337265,4.423014163970947,204.0194549560547,-1.7458845376968384,191.94725036621094,0.6871810555458069,-0.15928852558135986,0.011327981948852539,1.0,0.0,12.170915603637695,0.11428689956665039
11.257373809814453,0.7582674622535706,-0.02844202145934105,0.030059373006224632,0.0062581803649663925,4.492224216461182,171.9778289794922,-1.647554636001587,192.04635620117188,0.7374334931373596,-0.05992104485630989,0.05993342399597168,1.0,0.0,12.170915603637695,0.14340639114379883
11.257872581481934,0.7563353180885315,0.045173004269599915,0.015557420440018177,0.0016066767275333405,4.578042507171631,171.9778289794922,-1.5502036809921265,192.1024627685547,0.6721424460411072,0.03294525295495987,0.09279274940490723,1.0,0.0,12.170915603637695,0.1549391746520996
11.258374214172363,0.7505397796630859,0.10205726325511932,0.00588945159688592,-0.01141753327101469,4.70830774307251,214.75732421875,-1.453129768371582,192.14532470703125,0.7210778594017029,0.026756709441542625,-0.016611099243164062,1.0,0.0,12.170915603637695,0.12174797058105469
11.258872032165527,0.735084593296051,0.18236441910266876,0.05261796712875366,0.02300359308719635,4.815257549285889,214.75732421875,-1.3559712171554565,192.19081115722656,0.7075947523117065,0.10321681201457977,-0.0059511661529541016,1.0,0.0,12.170915603637695,0.11195659637451172
11.25937271118164,0.7147996425628662,0.25765228271484375,0.018780076876282692,0.018352089449763298,4.911790370941162,204.0194549560547,-1.259907603263855,192.18955993652344,0.6937788128852844,0.2051510363817215,0.04084038734436035,1.0,0.0,12.170915603637695,0.11148738861083984
11.259872436523438,0.6877536773681641,0.3312671184539795,0.009112107567489147,0.018352089449763298,5.013597011566162,204.0194549560547,-1.163182258605957,192.21609497070312,0.6428713798522949,0.26936352252960205,0.05344676971435547,1.0,0.0,12.170915603637695,0.10640621185302734
11.26037311553955,0.6510474681854248,0.3948439359664917,0.0316707007586956,0.02579449489712715,5.115810871124268,204.0194549560547,-1.0661351680755615,192.2555694580078,0.6344881653785706,0.29403313994407654,-0.006660938262939453,1.0,0.0,12.170915603637695,0.10123968124389648
11.260871887207031,0.6037159562110901,0.4634394347667694,0.009112107567489147,0.03695810213685036,5.217616558074951,204.0194549560547,-0.9685482978820801,192.31690979003906,0.5524149537086487,0.38038334250450134,0.0651390552520752,1.0,0.0,12.170915603637695,0.09702062606811523
11.261372566223145,0.5583168864250183,0.5219969153404236,0.018780076876282692,0.029515696689486504,5.297897815704346,182.7264404296875,-0.8713893890380859,192.3590545654297,0.5265576243400574,0.42929086089134216,0.04889178276062012,1.0,0.0,12.170915603637695,0.11389827728271484
11.261872291564941,0.5061554312705994,0.5721889734268188,0.020391404628753662,0.034167200326919556,5.389077663421631,182.7264404296875,-0.7729544639587402,192.45407104492188,0.4659183919429779,0.48530086874961853,0.07237100601196289,1.0,0.0,12.170915603637695,0.12115335464477539
11.262372970581055,0.44819870591163635,0.6123425364494324,0.020391404628753662,0.028585394844412804,5.502578258514404,204.0194549560547,-0.6754589080810547,192.50729370117188,0.44750866293907166,0.485654354095459,-0.004948854446411133,1.0,0.0,12.170915603637695,0.1051483154296875
11.262870788574219,0.38154861330986023,0.6541694402694702,0.023614060133695602,0.03602780029177666,5.604179859161377,204.0194549560547,-0.5770580768585205,192.5974884033203,0.3731837272644043,0.5486635565757751,0.044136762619018555,1.0,0.0,12.170915603637695,0.10194730758666992
11.263372421264648,0.32165977358818054,0.6909764409065247,-0.0070011732168495655,0.0202126894146204,5.717453479766846,214.75732421875,-0.47842955589294434,192.6953582763672,0.34467813372612,0.6204492449760437,0.035718679428100586,1.0,0.0,12.170915603637695,0.08730268478393555
11.263871192932129,0.23665647208690643,0.7143997550010681,0.020391404628753662,0.028585394844412804,5.824617862701416,214.75732421875,-0.3795168399810791,192.80328369140625,0.23876047134399414,0.5964188575744629,0.06325078010559082,1.0,0.0,12.170915603637695,0.07905054092407227
11.264371871948242,0.1613130420446396,0.7411685585975647,0.00588945159688592,0.02393389493227005,5.932430744171143,214.9722900390625,-0.27921390533447266,192.96730041503906,0.16981428861618042,0.6713122725486755,0.09616398811340332,1.0,0.0,12.170915603637695,0.07154083251953125
11.264870643615723,0.06665044277906418,0.751207172870636,0.023614060133695602,0.03788840398192406,6.03970193862915,214.9722900390625,-0.17819619178771973,193.15809631347656,0.036060262471437454,0.598660409450531,0.18317294120788574,1.0,0.0,12.170915603637695,0.06528711318969727
11.265371322631836,-0.008693589828908443,0.7578993439674377,0.015557420440018177,0.027655096724629402,6.1137871742248535,182.54371643066406,-0.07591509819030762,193.3976287841797,0.008854687213897705,0.6552647352218628,0.12738823890686035,1.0,0.0,12.170915603637695,0.09348344802856445
11.265871047973633,-0.08017343282699585,0.7578993439674377,0.009112107567489147,0.02579449489712715,6.20505952835083,182.54371643066406,0.02642369270324707,193.63475036621094,-0.067127525806427,0.6735717058181763,0.1380162239074707,1.0,0.0,12.170915603637695,0.10454988479614258
11.26637077331543,-0.15165351331233978,0.744515061378479,0.00588945159688592,0.01277028489857912,0.035475730895996094,204.2236785888672,0.130171537399292,193.92613220214844,-0.12021853774785995,0.6607805490493774,0.11490345001220703,1.0,0.0,12.170915603637695,0.0946958065032959
11.26686954498291,-0.23086102306842804,0.727784276008606,0.012334764003753662,0.027655096724629402,0.13738441467285156,204.2236785888672,0.23288965225219727,194.16806030273438,-0.20591884851455688,0.6679003834724426,0.13143038749694824,1.0,0.0,12.170915603637695,0.0955052375793457
11.26737117767334,-0.3042730987071991,0.6976689696311951,0.00750077934935689,0.04533081129193306,0.25055980682373047,214.75732421875,0.33622193336486816,194.43052673339844,-0.25926777720451355,0.6559059619903564,0.10544824600219727,1.0,0.0,12.170915603637695,0.0856621265411377
11.26786994934082,-0.3834804594516754,0.6642076373100281,0.009112107567489147,0.027655096724629402,0.3577232360839844,214.75732421875,0.44012022018432617,194.71131896972656,-0.3703781068325043,0.61301189661026,0.1689743995666504,1.0,0.0,12.170915603637695,0.0823969841003418
11.268370628356934,-0.4520626366138458,0.6190346479415894,0.026836717501282692,0.04160960763692856,0.46509742736816406,214.5427703857422,0.5445921421051025,195.01031494140625,-0.4105081856250763,0.6001821160316467,0.12079095840454102,1.0,0.0,12.170915603637695,0.07949471473693848
11.26887035369873,-0.523542582988739,0.5688429474830627,0.023614060133695602,0.017421787604689598,0.5721540451049805,214.5427703857422,0.6488587856292725,195.29446411132812,-0.5209779739379883,0.5282996296882629,0.1954636573791504,1.0,0.0,12.170915603637695,0.07670474052429199
11.269371032714844,-0.5834311842918396,0.5052661299705505,0.020391404628753662,0.050912611186504364,0.6468687057495117,182.7264404296875,0.752826452255249,195.5599365234375,-0.525776207447052,0.46979591250419617,0.15456128120422363,1.0,0.0,12.170915603637695,0.1059577465057373
11.269869804382324,-0.6336603760719299,0.4517281651496887,-0.013446485623717308,0.018352091312408447,0.7380495071411133,182.7264404296875,0.8582375049591064,195.88038635253906,-0.6089780330657959,0.43230679631233215,0.1611804962158203,1.0,0.0,12.170915603637695,0.12018799781799316
11.270371437072754,-0.6703663468360901,0.3881515562534332,-0.01666914112865925,0.029515696689486504,0.8515481948852539,204.0194549560547,0.9620697498321533,196.12794494628906,-0.6129160523414612,0.38049036264419556,0.11902236938476562,1.0,0.0,12.170915603637695,0.11052155494689941
11.270870208740234,-0.6974127292633057,0.32122868299484253,-0.013446485623717308,0.010909684002399445,0.9533529281616211,204.0194549560547,1.0648248195648193,196.3248291015625,-0.5992481112480164,0.3631955683231354,0.026628494262695312,1.0,0.0,12.170915603637695,0.11147189140319824
11.271369934082031,-0.7341187000274658,0.2442677915096283,-0.011835157871246338,0.008118781261146069,1.0774831771850586,225.49517822265625,1.166947603225708,196.49134826660156,-0.6678080558776855,0.25789913535118103,0.1012125015258789,1.0,0.0,12.170915603637695,0.08946442604064941
11.271868705749512,-0.7534376978874207,0.16396041214466095,-0.03439375013113022,-0.04211745411157608,1.1900053024291992,225.49517822265625,1.2706453800201416,196.72064208984375,-0.7035642266273499,0.16699087619781494,0.13322973251342773,1.0,0.0,12.170915603637695,0.08064007759094238
11.272370338439941,-0.768892765045166,0.0836530327796936,-0.03922773525118828,-0.015138735063374043,1.280858039855957,204.0194549560547,1.3719451427459717,196.84451293945312,-0.7271910905838013,0.11856433004140854,0.10326194763183594,1.0,0.0,12.170915603637695,0.09108710289001465
11.272869110107422,-0.7727565169334412,0.0033460708800703287,-0.0005558609846048057,0.01090968307107687,1.382664680480957,204.0194549560547,1.4740393161773682,196.99891662597656,-0.6939043402671814,0.07696182280778885,0.052167415618896484,1.0,0.0,12.170915603637695,0.09137463569641113
11.273369789123535,-0.7698588371276855,-0.06859549880027771,-0.018280470743775368,-0.006766029633581638,1.4629449844360352,182.7264404296875,1.5736052989959717,197.04347229003906,-0.7206135392189026,0.04479736089706421,0.0007758140563964844,1.0,0.0,12.170915603637695,0.11066031455993652
11.273868560791016,-0.7582674622535706,-0.14221073687076569,-0.026337111368775368,-0.013278135098516941,1.5541257858276367,182.7264404296875,1.6742069721221924,197.13095092773438,-0.7103736996650696,-0.062106888741254807,0.04969978332519531,1.0,0.0,12.170915603637695,0.12008118629455566
11.274370193481445,-0.7457100749015808,-0.21749837696552277,-0.02472578175365925,0.0006763762794435024,1.678696632385254,214.75732421875,1.7758362293243408,197.25982666015625,-0.7030415534973145,-0.1528215855360031,0.07505559921264648,1.0,0.0,12.170915603637695,0.09713959693908691
11.274868965148926,-0.7138338088989258,-0.2860947251319885,-0.026337111368775368,-0.013278135098516941,1.7858600616455078,214.75732421875,1.8773167133331299,197.37928771972656,-0.6790669560432434,-0.18975406885147095,0.0318756103515625,1.0,0.0,12.170915603637695,0.09145665168762207
11.275369644165039,-0.6751957535743713,-0.3597095310688019,-0.015057814307510853,-0.029093246906995773,1.8934545516967773,214.75732421875,1.9786107540130615,197.48878479003906,-0.6174030303955078,-0.25727707147598267,0.053049564361572266,1.0,0.0,12.170915603637695,0.08515620231628418
11.27586841583252,-0.641387939453125,-0.43165111541748047,-0.023114454001188278,-0.016999337822198868,2.0004043579101562,214.75732421875,2.078747034072876,197.54739379882812,-0.6358942985534668,-0.36993473768234253,0.08513689041137695,1.0,0.0,12.170915603637695,0.07834267616271973
11.276369094848633,-0.5930907130241394,-0.4952279329299927,-0.015057814307510853,-0.014208436012268066,2.0858755111694336,193.28158569335938,2.181183099746704,197.70123291015625,-0.5820556282997131,-0.418282687664032,0.07895040512084961,1.0,0.0,12.170915603637695,0.09530758857727051
11.276867866516113,-0.5312701463699341,-0.5487658977508545,-0.029559766873717308,-0.04304775595664978,2.1823225021362305,193.28158569335938,2.283982515335083,197.8670654296875,-0.4978278577327728,-0.44140809774398804,0.07848358154296875,1.0,0.0,12.170915603637695,0.10166001319885254
11.277368545532227,-0.47427937388420105,-0.600631058216095,-0.04406172037124634,-0.03839625418186188,2.3012771606445312,214.75732421875,2.3867380619049072,198.02801513671875,-0.4569738507270813,-0.5318959951400757,0.11153888702392578,1.0,0.0,12.170915603637695,0.08546090126037598
