time_s,v_alpha_v,v_beta_v,i_alpha_a,i_beta_a,encoder_angle_rad,encoder_speed_rad_s,pll_angle_rad,pll_speed_rad_s,emf_alpha_v,emf_beta_v,phase_error_rad,locked,active,bus_voltage_v,angle_error_rad
11.231228828430176,0.9747540354728699,0.20515474677085876,0.03385087102651596,0.011892903596162796,4.756535053253174,279.18450927734375,-1.48108971118927,261.07537841796875,0.9361572265625,0.04846036061644554,0.04921078681945801,1.0,0.0,12.232967376708984,0.04556083679199219
11.231728553771973,0.9398024678230286,0.3396824896335602,0.03062821552157402,0.013753505423665047,4.896127700805664,279.18450927734375,-1.347157597541809,261.218017578125,0.9085015058517456,0.203184574842453,0.08377909660339355,1.0,0.0,12.232967376708984,0.03990030288696289
11.232229232788086,0.8825212121009827,0.465802401304245,0.01934891939163208,0.02212621085345745,5.035720348358154,279.18450927734375,-1.2126725912094116,261.38092041015625,0.8590214252471924,0.31636637449264526,0.08218646049499512,1.0,0.0,12.232967376708984,0.034792423248291016
11.232728958129883,0.8126187920570374,0.5801509022712708,0.04029618576169014,0.008171701803803444,5.146053314208984,257.96673583984375,-1.0780127048492432,261.5478820800781,0.80607008934021,0.4475926160812378,0.10167765617370605,1.0,0.0,12.232967376708984,0.05911970138549805
11.23322868347168,0.7291236519813538,0.6776835918426514,0.014514935202896595,0.030498916283249855,5.275036811828613,257.96673583984375,-0.9433202743530273,261.7124938964844,0.7431604862213135,0.5434134602546692,0.09148406982421875,1.0,0.0,12.232967376708984,0.06482839584350586
11.233728408813477,0.6310659050941467,0.766808271408081,0.02418290264904499,0.032359518110752106,5.418214321136475,268.4466247558594,-0.8079016208648682,261.90447998046875,0.646743893623352,0.6557387709617615,0.11716794967651367,1.0,0.0,12.232967376708984,0.05706930160522461
11.234228134155273,0.5203865766525269,0.8441615104675293,0.02096024714410305,0.0193353109061718,5.552437782287598,268.4466247558594,-0.6722166538238525,262.1033020019531,0.5270258784294128,0.6963284611701965,0.11214089393615723,1.0,0.0,12.232967376708984,0.05853128433227539
11.23472785949707,0.3990277349948883,0.9030174016952515,0.02096024714410305,0.030498916283249855,5.716275215148926,289.9223937988281,-0.5364649295806885,262.3008117675781,0.43505507707595825,0.7602579593658447,0.10453987121582031,1.0,0.0,12.232967376708984,0.030445575714111328
11.235227584838867,0.26504749059677124,0.9534655809402466,0.01612626202404499,0.0239868126809597,5.861236572265625,289.9223937988281,-0.3997957706451416,262.53277587890625,0.3067052960395813,0.8310362696647644,0.1342792510986328,1.0,0.0,12.232967376708984,0.022153377532958984
11.23572826385498,0.11747553944587708,0.983734130859375,0.01290360651910305,0.02398681454360485,6.006598949432373,290.21258544921875,-0.2615964412689209,262.8241882324219,0.14672136306762695,0.8889782428741455,0.18638038635253906,1.0,0.0,12.232967376708984,0.01499032974243164
11.236227989196777,-0.026213616132736206,0.9870975017547607,-0.01610029861330986,0.0184050090610981,6.151703834533691,290.21258544921875,-0.12234711647033691,263.1536865234375,0.01608397625386715,0.8435518145561218,0.19176912307739258,1.0,0.0,12.232967376708984,0.009134769439697266
11.236727714538574,-0.15631011128425598,0.9770079255104065,0.02096024714410305,0.04724433273077011,6.222318172454834,236.23304748535156,0.015711545944213867,263.4262390136719,-0.08069904148578644,0.8755100965499878,0.16466641426086426,1.0,0.0,12.232967376708984,0.07657861709594727
11.237228393554688,-0.2747562527656555,0.9534655809402466,0.01290360651910305,0.03515041992068291,0.05724954605102539,236.23304748535156,0.15536046028137207,263.7597351074219,-0.21149210631847382,0.8809301257133484,0.16885113716125488,1.0,0.0,12.232967376708984,0.09811091423034668
11.237727165222168,-0.40096935629844666,0.9097438454627991,1.2981891813979018e-05,0.029568618163466454,0.2343597412109375,279.18450927734375,0.2938969135284424,264.0394592285156,-0.3460286259651184,0.8653563261032104,0.17520833015441895,1.0,0.0,12.232967376708984,0.05953717231750488
11.238227844238281,-0.5262117981910706,0.840798556804657,0.00323563814163208,0.025847414508461952,0.37423276901245117,279.18450927734375,0.4338223934173584,264.3718566894531,-0.48156121373176575,0.782094419002533,0.20704126358032227,1.0,0.0,12.232967376708984,0.05958962440490723
11.238726615905762,-0.6398035883903503,0.7651267051696777,0.009680950082838535,0.025847412645816803,0.513545036315918,279.18450927734375,0.5733428001403809,264.68023681640625,-0.5975869297981262,0.7377862334251404,0.19646430015563965,1.0,0.0,12.232967376708984,0.05979776382446289
11.239227294921875,-0.729123592376709,0.6709571480751038,-0.006432330701500177,0.02026561088860035,0.6531376838684082,279.18450927734375,0.7127816677093506,264.9782409667969,-0.6499958038330078,0.7276266813278198,0.1050560474395752,1.0,0.0,12.232967376708984,0.05964398384094238
11.239727020263672,-0.8232982754707336,0.5616534948348999,0.014514935202896595,0.02305651269853115,0.7927284240722656,279.18450927734375,0.8518157005310059,265.25341796875,-0.745498776435852,0.5876720547676086,0.14038920402526855,1.0,0.0,12.232967376708984,0.059087276458740234
11.240226745605469,-0.8883463740348816,0.44225984811782837,-0.02415693923830986,0.006311099510639906,0.9323210716247559,279.18450927734375,0.990058183670044,265.489013671875,-0.808413565158844,0.5200647711753845,0.09794855117797852,1.0,0.0,12.232967376708984,0.057737112045288086
11.240727424621582,-0.9475694298744202,0.3195032775402069,-0.01448897086083889,0.008171701803803444,1.0423002243041992,257.7087707519531,1.1268765926361084,265.66021728515625,-0.8951267004013062,0.36723366379737854,0.1437211036682129,1.0,0.0,12.232967376708984,0.08457636833190918
11.241227149963379,-0.9757247567176819,0.19674670696258545,-0.01771162636578083,-0.0048525077290833,1.1711535453796387,257.7087707519531,1.2651913166046143,265.89080810546875,-0.9277673363685608,0.24902038276195526,0.13252735137939453,1.0,0.0,12.232967376708984,0.09403777122497559
11.241726875305176,-0.9932005405426025,0.05885583162307739,-0.01610029861330986,0.007241401355713606,1.3448305130004883,290.21258544921875,1.401244878768921,266.0213623046875,-0.9315625429153442,0.15273906290531158,0.09607887268066406,1.0,0.0,12.232967376708984,0.05641436576843262
11.242226600646973,-0.9961130023002625,-0.08071639388799667,-0.02093428373336792,-0.012294914573431015,1.4899358749389648,290.21258544921875,1.5386898517608643,266.2078552246094,-0.9824784398078918,-0.012559285387396812,0.13415145874023438,1.0,0.0,12.232967376708984,0.048753976821899414
11.24272632598877,-0.9718413352966309,-0.21692590415477753,-0.02576826699078083,-0.013225213624536991,1.6047382354736328,268.4466247558594,1.6751735210418701,266.34991455078125,-0.913899302482605,-0.10342679172754288,0.09747028350830078,1.0,0.0,12.232967376708984,0.0704352855682373
11.243226051330566,-0.9281521439552307,-0.3396824896335602,-0.02576826699078083,-0.037413034588098526,1.7389616966247559,268.4466247558594,1.8115456104278564,266.4842529296875,-0.8804661631584167,-0.20494264364242554,0.07706069946289062,1.0,0.0,12.232967376708984,0.07258391380310059
11.243725776672363,-0.8747544288635254,-0.459075927734375,-0.01932295598089695,-0.009504011832177639,1.8583769798278809,257.7087707519531,1.947361707687378,266.59259033203125,-0.8419711589813232,-0.32452696561813354,0.0804901123046875,1.0,0.0,12.232967376708984,0.08898472785949707
11.24422550201416,-0.7990264296531677,-0.5566086173057556,-0.03060225211083889,-0.029040327295660973,1.9872303009033203,257.7087707519531,2.083918809890747,266.72943115234375,-0.790202260017395,-0.35541754961013794,-0.0015826225280761719,1.0,0.0,12.232967376708984,0.09668850898742676
11.244726181030273,-0.7223276495933533,-0.6692755818367004,-0.02899092435836792,-0.02438882365822792,2.146085739135742,279.4639587402344,2.2205288410186768,266.865966796875,-0.7048761248588562,-0.5494884848594666,0.10176229476928711,1.0,0.0,12.232967376708984,0.07444310188293457
11.24522590637207,-0.623298704624176,-0.7600817680358887,-0.02415693923830986,-0.01973731815814972,2.285818576812744,279.4639587402344,2.3574607372283936,267.0130310058594,-0.6281864047050476,-0.644083559513092,0.10061836242675781,1.0,0.0,12.232967376708984,0.07164216041564941
11.245725631713867,-0.5097072124481201,-0.8357537388801575,-0.02576826699078083,-0.02066762000322342,2.425164222717285,279.18450927734375,2.4954216480255127,267.2001647949219,-0.525478720664978,-0.7075523734092712,0.09681367874145508,1.0,0.0,12.232967376708984,0.07025742530822754
11.24622631072998,-0.3912608325481415,-0.8996544480323792,-0.01771162636578083,-0.02531912364065647,2.5647568702697754,279.18450927734375,2.633704423904419,267.3968811035156,-0.4362524747848511,-0.8088500499725342,0.10278606414794922,1.0,0.0,12.232967376708984,0.06894755363464355
11.246725082397461,-0.25728079676628113,-0.9433757662773132,-0.02899092435836792,-0.04113423451781273,2.704069137573242,279.18450927734375,2.7724621295928955,267.6095886230469,-0.296958863735199,-0.8387593626976013,0.11851978302001953,1.0,0.0,12.232967376708984,0.06839299201965332
11.247224807739258,-0.12524248659610748,-0.9770079255104065,-0.01932295598089695,-0.018807020038366318,2.8436617851257324,279.18450927734375,2.9123318195343018,267.8644104003906,-0.1663292944431305,-0.9381151795387268,0.14363670349121094,1.0,0.0,12.232967376708984,0.06867003440856934
11.247724533081055,0.0029129208996891975,-0.9803708791732788,-0.01610029861330986,-0.026249423623085022,2.939171314239502,247.21812438964844,3.0523149967193604,268.11871337890625,-0.06397339701652527,-0.9390377998352051,0.11105823516845703,1.0,0.0,12.232967376708984,0.1131436824798584
11.248225212097168,0.12912587821483612,-0.9736445546150208,-0.01287764310836792,-0.02252822183072567,3.0627803802490234,247.21812438964844,-3.091963768005371,268.32232666015625,0.06710202246904373,-0.9373668432235718,0.11170744895935059,1.0,0.0,12.232967376708984,0.12844133377075195
11.248724937438965,0.25922274589538574,-0.9400123953819275,0.0016243100399151444,-0.014155515469610691,3.2305045127868652,279.18450927734375,-2.9527761936187744,268.5335388183594,0.18875399231910706,-0.8835909366607666,0.11158418655395508,1.0,0.0,12.232967376708984,0.09990453720092773
11.249224662780762,0.3834935128688812,-0.8996544480323792,-0.01610029861330986,-0.028110025450587273,3.3700971603393555,279.18450927734375,-2.8135733604431152,268.7408752441406,0.28153252601623535,-0.9039673209190369,0.06371164321899414,1.0,0.0,12.232967376708984,0.09951496124267578
11.249725341796875,0.5126194357872009,-0.8374354839324951,0.0048469663597643375,-0.02345851995050907,3.5245065689086914,289.9223937988281,-2.673611640930176,268.9759826660156,0.47049152851104736,-0.8312614560127258,0.13725781440734863,1.0,0.0,12.232967376708984,0.0850672721862793
11.250225067138672,0.626211404800415,-0.7550370693206787,-0.009654986672103405,-0.02252822183072567,3.669466495513916,289.9223937988281,-2.5352396965026855,269.1390686035156,0.5389341115951538,-0.7774585485458374,0.08984756469726562,1.0,0.0,12.232967376708984,0.07847929000854492
11.250723838806152,0.7359197735786438,-0.6591860055923462,1.2981891813979018e-05,-0.02066762000322342,3.7993311882019043,279.18450927734375,-2.395394802093506,269.3607482910156,0.6735450029373169,-0.6600809097290039,0.13963103294372559,1.0,0.0,12.232967376708984,0.08845949172973633
11.25122356414795,0.8165018558502197,-0.553245484828949,0.006458294112235308,-0.016946418210864067,3.9389238357543945,279.18450927734375,-2.2560760974884033,269.55548095703125,0.7345592379570007,-0.6024768948554993,0.08853554725646973,1.0,0.0,12.232967376708984,0.08818578720092773
11.251724243164062,0.8873757719993591,-0.4372151494026184,0.009680950082838535,-0.007643410470336676,4.034094333648682,246.97091674804688,-2.1163313388824463,269.7643127441406,0.8214479088783264,-0.4659436345100403,0.11995291709899902,1.0,0.0,12.232967376708984,0.13275957107543945
11.25222396850586,0.9359189867973328,-0.326229989528656,0.008069622330367565,-0.008573710918426514,4.157580375671387,246.97091674804688,-1.978106141090393,269.9046936035156,0.8691338896751404,-0.37970858812332153,0.0857093334197998,1.0,0.0,12.232967376708984,0.14749908447265625
11.252723693847656,0.9718413352966309,-0.20347318053245544,0.01773759163916111,-0.0011313053546473384,4.325872421264648,279.4639587402344,-1.840075969696045,270.0340270996094,0.9260132312774658,-0.2809464931488037,0.06495928764343262,1.0,0.0,12.232967376708984,0.11723709106445312
11.25322437286377,0.9922294020652771,-0.06726387143135071,0.00323563814163208,-0.009504011832177639,4.465604782104492,279.4639587402344,-1.7021204233169556,270.15765380859375,0.9686917066574097,-0.1395350694656372,0.07860827445983887,1.0,0.0,12.232967376708984,0.11546039581298828
11.253724098205566,0.9834915995597839,0.06894543766975403,0.0370735265314579,-0.004852508660405874,4.604950428009033,279.18450927734375,-1.5650603771209717,270.24066162109375,0.9340207576751709,-0.07062482088804245,0.008875131607055664,1.0,0.0,12.232967376708984,0.1131749153137207
11.254223823547363,0.9631032943725586,0.19842848181724548,0.02418290264904499,0.032359518110752106,4.744543075561523,279.18450927734375,-1.428736686706543,270.2911682128906,0.9150933027267456,0.05426635220646858,0.007263660430908203,1.0,0.0,12.232967376708984,0.10990571975708008
11.254722595214844,0.9271814227104187,0.3346375524997711,0.02418290264904499,0.013753504492342472,4.883855819702148,279.18450927734375,-1.2922290563583374,270.3486022949219,0.8765490651130676,0.20674283802509308,0.04332089424133301,1.0,0.0,12.232967376708984,0.1071004867553711
11.255223274230957,0.8728123307228088,0.45571279525756836,0.02418290264904499,0.03980192542076111,5.0234479904174805,279.18450927734375,-1.1554532051086426,270.41583251953125,0.8581563234329224,0.3163556456565857,0.028064966201782227,1.0,0.0,12.232967376708984,0.10428428649902344
11.255722999572754,0.8038806319236755,0.5683795809745789,0.008069622330367565,0.03980192542076111,5.133425235748291,257.7087707519531,-1.0190207958221436,270.4674377441406,0.7817688584327698,0.4281216859817505,0.03953289985656738,1.0,0.0,12.232967376708984,0.13073968887329102
11.25622272491455,0.7203856110572815,0.6659124493598938,0.014514935202896595,0.034220121800899506,5.262279987335205,257.7087707519531,-0.8824574947357178,270.5235290527344,0.7241833209991455,0.539911687374115,0.04262185096740723,1.0,0.0,12.232967376708984,0.13844823837280273
11.256723403930664,0.6281530261039734,0.7516739368438721,0.02579423226416111,0.033289819955825806,5.420749187469482,279.18450927734375,-0.7460558414459229,270.571533203125,0.6828643083572388,0.6142037510871887,-0.0020825862884521484,1.0,0.0,12.232967376708984,0.11638021469116211
11.257223129272461,0.5077651143074036,0.8323903679847717,0.01773759163916111,0.028638318181037903,5.560340881347656,279.18450927734375,-0.6092541217803955,270.63531494140625,0.5152397751808167,0.6769874691963196,0.049082040786743164,1.0,0.0,12.232967376708984,0.11359071731567383
11.257722854614258,0.39514434337615967,0.8962910771369934,0.02096024714410305,0.02119590900838375,5.699934482574463,279.18450927734375,-0.4709439277648926,270.7611083984375,0.4493212401866913,0.7886521816253662,0.043476104736328125,1.0,0.0,12.232967376708984,0.11230707168579102
11.258222579956055,0.26116421818733215,0.9332861304283142,0.01129227876663208,0.013753505423665047,5.839526176452637,279.18450927734375,-0.3330509662628174,270.86663818359375,0.3146519362926483,0.7760977149009705,0.038286447525024414,1.0,0.0,12.232967376708984,0.11060857772827148
11.258722305297852,0.1213589534163475,0.9669181108474731,0.01290360651910305,0.016544407233595848,5.994036674499512,290.21258544921875,-0.19420313835144043,271.0101623535156,0.17219196259975433,0.8583589792251587,0.08688855171203613,1.0,0.0,12.232967376708984,0.09494543075561523
11.259222984313965,-0.018446555361151695,0.9736445546150208,0.01129227876663208,0.034220121800899506,6.139432907104492,290.21258544921875,-0.054888248443603516,271.17034912109375,0.04887818917632103,0.8719289898872375,0.08961772918701172,1.0,0.0,12.232967376708984,0.08886432647705078
11.259721755981445,-0.1446596384048462,0.9601918458938599,1.2981891813979018e-05,0.031429219990968704,6.210137367248535,236.4695281982422,0.08458971977233887,271.3338623046875,-0.05267433077096939,0.8670785427093506,0.0667722225189209,1.0,0.0,12.232967376708984,0.1576380729675293
11.260222434997559,-0.26116397976875305,0.9400123953819275,0.008069622330367565,0.01189290452748537,0.04518628120422363,236.4695281982422,0.223433256149292,271.46728515625,-0.18331679701805115,0.8702572584152222,0.07494401931762695,1.0,0.0,12.232967376708984,0.17824697494506836
11.260722160339355,-0.3893188536167145,0.8929277658462524,-0.009654986672103405,0.033289819955825806,0.23718583583831787,289.9223937988281,0.36255717277526855,271.6099548339844,-0.332855761051178,0.8382692933082581,0.1063699722290039,1.0,0.0,12.232967376708984,0.12537121772766113
11.261221885681152,-0.5165030360221863,0.8307088017463684,-0.0032096742652356625,0.03515041992068291,0.3821474313735962,289.9223937988281,0.5023844242095947,271.7791748046875,-0.47858333587646484,0.7813399434089661,0.138322114944458,1.0,0.0,12.232967376708984,0.12023711204528809
11.26172161102295,-0.6213571429252625,0.7499921917915344,-0.01932295598089695,0.029568620026111603,0.5122897624969482,279.18450927734375,0.6420071125030518,271.93603515625,-0.5503093600273132,0.7464011311531067,0.08426642417907715,1.0,0.0,12.232967376708984,0.12971735000610352
11.262222290039062,-0.7203860282897949,0.6591860055923462,-0.006432330701500177,0.016544407233595848,0.6518824100494385,279.18450927734375,0.7808434963226318,272.0565490722656,-0.6357235908508301,0.6801484823226929,0.061713457107543945,1.0,0.0,12.232967376708984,0.12896108627319336
11.262721061706543,-0.8058224320411682,0.5515637397766113,-0.011266314424574375,0.00817170087248087,0.7911955118179321,279.18450927734375,0.9197094440460205,272.17584228515625,-0.7160781621932983,0.5780225396156311,0.06291913986206055,1.0,0.0,12.232967376708984,0.12851405143737793
11.263221740722656,-0.8796085715293884,0.4372149407863617,-0.01287764310836792,-0.0002010049211094156,0.9310668706893921,279.18450927734375,1.0584328174591064,272.2865905761719,-0.8207605481147766,0.4762144982814789,0.07767152786254883,1.0,0.0,12.232967376708984,0.1273658275604248
11.263720512390137,-0.9262104034423828,0.31614014506340027,-0.02415693923830986,-0.017876718193292618,1.0407648086547852,257.7087707519531,1.1965363025665283,272.36883544921875,-0.8529468178749084,0.3892471492290497,0.03704023361206055,1.0,0.0,12.232967376708984,0.15577149391174316
11.26422119140625,-0.9631032943725586,0.19842848181724548,-0.02415693923830986,-0.01229491364210844,1.1696195602416992,257.7087707519531,1.3336918354034424,272.4097595214844,-0.9190846085548401,0.26742109656333923,0.044911861419677734,1.0,0.0,12.232967376708984,0.16407227516174316
11.264720916748047,-0.9786372184753418,0.06390073895454407,-0.006432330701500177,0.016544407233595848,1.3284741640090942,279.4639587402344,1.4697306156158447,272.40277099609375,-0.8957697153091431,0.165081188082695,0.009624958038330078,1.0,0.0,12.232967376708984,0.14125657081604004
11.265220642089844,-0.9718413352966309,-0.06894564628601074,-0.02254561148583889,-0.0002010049211094156,1.4682061672210693,279.4639587402344,1.6070644855499268,272.4503173828125,-0.9114841818809509,0.037654727697372437,0.013278961181640625,1.0,0.0,12.232967376708984,0.13885831832885742
11.265721321105957,-0.9495113492012024,-0.20179161429405212,-0.04510420560836792,-0.04485543817281723,1.621970534324646,289.6327819824219,1.7445261478424072,272.502197265625,-0.9347859025001526,-0.08075499534606934,0.0032553672790527344,1.0,0.0,12.232967376708984,0.12255549430847168
11.266221046447754,-0.9135890007019043,-0.3380011320114136,-0.02254561148583889,-0.018807020038366318,1.7667869329452515,289.6327819824219,1.8798391819000244,272.4629821777344,-0.8746454119682312,-0.1994924545288086,0.0060138702392578125,1.0,0.0,12.232967376708984,0.1130521297454834
11.26672077178955,-0.85727858543396,-0.46243909001350403,-0.04027022048830986,-0.00671310955658555,1.8975809812545776,279.4639587402344,2.016157388687134,272.46649169921875,-0.8336791396141052,-0.3078298568725586,-0.000865936279296875,1.0,0.0,12.232967376708984,0.1185762882232666
11.267220497131348,-0.783492386341095,-0.5767875909805298,-0.02576826699078083,-0.035552430897951126,2.0373129844665527,279.4639587402344,2.152980089187622,272.4913635253906,-0.7707071304321289,-0.4361308217048645,0.023664474487304688,1.0,0.0,12.232967376708984,0.11566710472106934
11.267720222473145,-0.69320148229599,-0.6659122705459595,-0.011266314424574375,-0.029040325433015823,2.117149591445923,236.23304748535156,2.2890055179595947,272.48199462890625,-0.6630007028579712,-0.47128283977508545,-0.00949859619140625,1.0,0.0,12.232967376708984,0.17185592651367188
11.268219947814941,-0.609706699848175,-0.7432659268379211,-0.01610029861330986,-0.04857664182782173,2.2352664470672607,236.23304748535156,2.4263241291046143,272.5272521972656,-0.607919454574585,-0.5978021025657654,0.01233673095703125,1.0,0.0,12.232967376708984,0.19105768203735352
11.268719673156738,-0.506794273853302,-0.8138927221298218,-0.02415693923830986,-0.030900927260518074,2.4274203777313232,289.9223937988281,2.562593698501587,272.527587890625,-0.5390317440032959,-0.6741456389427185,-0.004698753356933594,1.0,0.0,12.232967376708984,0.13517332077026367
11.269220352172852,-0.38543570041656494,-0.8761121034622192,-0.03221357986330986,-0.035552430897951126,2.572381019592285,289.9223937988281,2.7001984119415283,272.5839538574219,-0.4389229714870453,-0.7625254392623901,0.009961605072021484,1.0,0.0,12.232967376708984,0.12781739234924316
11.269720077514648,-0.25922250747680664,-0.9231967329978943,-0.01932295598089695,-0.033691830933094025,2.70292067527771,279.4639587402344,2.8385727405548096,272.6715087890625,-0.298024445772171,-0.8248021006584167,0.04733991622924805,1.0,0.0,12.232967376708984,0.1356520652770996
11.270219802856445,-0.13106735050678253,-0.9501022100448608,-0.011266314424574375,-0.017876718193292618,2.8426527976989746,279.4639587402344,2.9769299030303955,272.7563781738281,-0.19663916528224945,-0.874828040599823,0.03458881378173828,1.0,0.0,12.232967376708984,0.1342771053314209
11.270719528198242,-0.006796086207032204,-0.9601918458938599,-0.01610029861330986,-0.02252822183072567,2.937544822692871,246.97091674804688,3.1149179935455322,272.8240966796875,-0.07244065403938293,-0.9150055646896362,0.038735389709472656,1.0,0.0,12.232967376708984,0.17737317085266113
11.271220207214355,0.113591767847538,-0.9501022100448608,-0.006432330701500177,-0.011364612728357315,3.061030387878418,246.97091674804688,-3.0305593013763428,272.87860107421875,0.05041392520070076,-0.9154674410820007,0.0350492000579834,1.0,0.0,12.232967376708984,0.19159555435180664
11.271718978881836,0.23397962749004364,-0.9231967329978943,0.0016243100399151444,-0.0048525077290833,3.2286911010742188,279.18450927734375,-2.893322229385376,272.9120178222656,0.11996643990278244,-0.8932269215583801,-0.023929357528686523,1.0,0.0,12.232967376708984,0.16117238998413086
11.272218704223633,0.37378501892089844,-0.8828385472297668,-0.0015983461635187268,-0.017876718193292618,3.3682830333709717,279.18450927734375,-2.7556421756744385,272.9638977050781,0.34416741132736206,-0.8286313414573669,0.09907865524291992,1.0,0.0,12.232967376708984,0.15926027297973633
11.272719383239746,0.4932021200656891,-0.8307090401649475,-0.009654986672103405,-0.018807020038366318,3.523082971572876,290.21258544921875,-2.617659091949463,273.02691650390625,0.4603554606437683,-0.8537021279335022,0.061846256256103516,1.0,0.0,12.232967376708984,0.14244318008422852
11.273219108581543,0.5980558395385742,-0.7499923706054688,0.0016243100399151444,-0.008573709987103939,3.668189764022827,290.21258544921875,-2.4800283908843994,273.0736389160156,0.5042466521263123,-0.7866401076316833,-0.0005478858947753906,1.0,0.0,12.232967376708984,0.13496732711791992
11.27371883392334,0.6980556845664978,-0.6575043797492981,0.01934891939163208,0.003520198166370392,3.797692060470581,278.90557861328125,-2.343470335006714,273.07452392578125,0.6013098359107971,-0.6985990405082703,0.0035746097564697266,1.0,0.0,12.232967376708984,0.14202308654785156
11.274218559265137,0.786405086517334,-0.5582899451255798,0.01129227876663208,-0.016016116365790367,3.937145233154297,278.90557861328125,-2.2071473598480225,273.0655212402344,0.702312707901001,-0.6303985714912415,-0.004171609878540039,1.0,0.0,12.232967376708984,0.13889265060424805
11.27471923828125,0.8504824042320251,-0.44730475544929504,0.009680950082838535,-0.0020616063848137856,4.032559871673584,246.97091674804688,-2.0704150199890137,273.0739440917969,0.7550637722015381,-0.5153031349182129,-0.008287668228149414,1.0,0.0,12.232967376708984,0.18021059036254883
11.275218963623047,0.9019384980201721,-0.3380011320114136,0.01773759163916111,-0.004852508660405874,4.156045436859131,246.97091674804688,-1.9345641136169434,273.04498291015625,0.8154146671295166,-0.41830942034721375,-0.019330263137817383,1.0,0.0,12.232967376708984,0.19257593154907227
11.275717735290527,0.9359192252159119,-0.21860747039318085,0.02257157489657402,-0.011364612728357315,4.3092474937438965,268.7153625488281,-1.7998535633087158,272.968505859375,0.8273112773895264,-0.330841064453125,-0.060663700103759766,1.0,0.0,12.232967376708984,0.17408418655395508
11.27621841430664,0.9621329307556152,-0.09921424090862274,0.01129227876663208,0.00445049861446023,4.443605422973633,268.7153625488281,-1.6643518209457397,272.92706298828125,0.9094801545143127,-0.18905794620513916,-0.020547866821289062,1.0,0.0,12.232967376708984,0.17522811889648438
11.276718139648438,0.957278311252594,0.02690567448735237,0.01290360651910305,0.02398681454360485,4.592399597167969,279.18450927734375,-1.529613971710205,272.8544616699219,0.8932197093963623,-0.11100967228412628,-0.07422494888305664,1.0,0.0,12.232967376708984,0.16117191314697266
11.277217864990234,0.9485403895378113,0.156388521194458,0.01612626202404499,0.005380799062550068,4.731992244720459,279.18450927734375,-1.39578378200531,272.745361328125,0.9162653684616089,0.014984051696956158,-0.06806755065917969,1.0,0.0,12.232967376708984,0.1554093360900879
11.277717590332031,0.916501522064209,0.28587156534194946,0.02096024714410305,0.03422011807560921,4.886792182922363,290.21258544921875,-1.26145339012146,272.6596374511719,0.8954336047172546,0.158742755651474,-0.04321694374084473,1.0,0.0,12.232967376708984,0.13493967056274414
11.278218269348145,0.8582496047019958,0.4069463610649109,0.01129227876663208,0.04352312535047531,5.031898498535156,290.21258544921875,-1.1286451816558838,272.51153564453125,0.8339705467224121,0.2232820838689804,-0.09012961387634277,1.0,0.0,12.232967376708984,0.12264204025268555
11.278717994689941,0.7932011485099792,0.51961350440979,0.00323563814163208,0.06305944174528122,5.102512836456299,236.23304748535156,-0.9942972660064697,272.4316101074219,0.7547618746757507,0.3732927441596985,-0.026531696319580078,1.0,0.0,12.232967376708984,0.18637514114379883
11.279217720031738,0.7359196543693542,0.6121013164520264,0.006458294112235308,0.016544407233595848,5.220629692077637,236.23304748535156,-0.8607847690582275,272.3182373046875,0.7329396605491638,0.47988420724868774,-0.03974270820617676,1.0,0.0,12.232967376708984,0.20177125930786133
11.279717445373535,0.6456286907196045,0.7012259364128113,0.02418290264904499,0.032359518110752106,5.397739887237549,279.18450927734375,-0.7258815765380859,272.26568603515625,0.6612188220024109,0.5945480465888977,-0.021931886672973633,1.0,0.0,12.232967376708984,0.15956401824951172
11.280217170715332,0.5417458415031433,0.780261218547821,0.006458294112235308,0.02212621085345745,5.537332057952881,279.18450927734375,-0.5911045074462891,272.2088928222656,0.570487916469574,0.6726474761962891,-0.02169036865234375,1.0,0.0,12.232967376708984,0.15474891662597656
11.280716896057129,0.42621222138404846,0.8458430767059326,0.01290360651910305,0.025847412645816803,5.676924228668213,279.18450927734375,-0.4557650089263916,272.1769104003906,0.43376171588897705,0.6980705857276917,-0.009572744369506836,1.0,0.0,12.232967376708984,0.1504960060119629
11.281216621398926,0.3058238923549652,0.8996544480323792,0.01290360651910305,0.025847412645816803,5.816516876220703,279.18450927734375,-0.32050490379333496,272.1421813964844,0.33025214076042175,0.8127284049987793,0.025319576263427734,1.0,0.0,12.232967376708984,0.1461634635925293
11.281717300415039,0.1718442291021347,0.9299232959747314,0.03062821552157402,0.04910493269562721,5.956493854522705,279.4639587402344,-0.18367290496826172,272.17425537109375,0.19760644435882568,0.8367911577224731,0.04263949394226074,1.0,0.0,12.232967376708984,0.1430187225341797
11.282217025756836,0.051456134766340256,0.9433757662773132,0.0016243100399151444,0.028638316318392754,6.096225738525391,279.4639587402344,-0.047853708267211914,272.16290283203125,0.14726603031158447,0.8857203125953674,-0.026332378387451172,1.0,0.0,12.232967376708984,0.13910627365112305
11.282716751098633,-0.08058218657970428,0.9433757662773132,-0.0032096742652356625,0.025847414508461952,6.191117763519287,246.97091674804688,0.08834481239318848,272.16790771484375,-0.02105448581278324,0.8490579724311829,0.027247190475463867,1.0,0.0,12.232967376708984,0.18041276931762695
11.283217430114746,-0.19320309162139893,0.9265599250793457,-0.0015983461635187268,0.02305651269853115,0.0314173698425293,246.97091674804688,0.2245159149169922,272.17144775390625,-0.1087886393070221,0.8760253190994263,-0.010320425033569336,1.0,0.0,12.232967376708984,0.1930985450744629
11.283717155456543,-0.3174746036529541,0.8929277658462524,-0.009654986672103405,0.025847412645816803,0.1993579864501953,279.18450927734375,0.36014342308044434,272.15216064453125,-0.23509147763252258,0.8572121262550354,-0.001800537109375,1.0,0.0,12.232967376708984,0.16078543663024902
11.28421688079834,-0.43980416655540466,0.8391168117523193,-0.008043658919632435,0.02119591273367405,0.33895063400268555,279.18450927734375,0.4966087341308594,272.1684265136719,-0.35101518034935,0.8011958003044128,0.0070323944091796875,1.0,0.0,12.232967376708984,0.15765810012817383
11.28471565246582,-0.5466002225875854,0.7718531489372253,-0.03221357986330986,0.0016595961060374975,0.4634556770324707,268.4466247558594,0.6320831775665283,272.14288330078125,-0.48251381516456604,0.7440497875213623,0.03405427932739258,1.0,0.0,12.232967376708984,0.16862750053405762
11.285216331481934,-0.6456286907196045,0.6877729892730713,-0.01448897086083889,0.008171701803803444,0.5976791381835938,268.4466247558594,0.7677271366119385,272.1251220703125,-0.5485106706619263,0.6485568284988403,0.025064945220947266,1.0,0.0,12.232967376708984,0.17004799842834473
11.28571605682373,-0.732036292552948,0.5986483693122864,-0.01932295598089695,0.0184050090610981,0.7615175247192383,289.9223937988281,0.9028937816619873,272.08740234375,-0.6298466920852661,0.6498255729675293,-0.042626380920410156,1.0,0.0,12.232967376708984,0.14137625694274902
11.286215782165527,-0.8106768131256104,0.4960710108280182,-0.01932295598089695,-0.016946418210864067,0.9064784049987793,289.9223937988281,1.0367605686187744,271.9959716796875,-0.7220438122749329,0.5630428194999695,-0.03778982162475586,1.0,0.0,12.232967376708984,0.13028216361999512
11.286715507507324,-0.8728125095367432,0.38844892382621765,-0.01932295598089695,-0.01136461365967989,0.9777283668518066,236.4695281982422,1.1707241535186768,271.9106140136719,-0.8152698874473572,0.4659891724586487,-0.028705596923828125,1.0,0.0,12.232967376708984,0.19299578666687012
11.287216186523438,-0.9077638983726501,0.2808266580104828,-0.01771162636578083,-0.0048525077290833,1.0959630012512207,236.4695281982422,1.3045670986175537,271.82183837890625,-0.8418412208557129,0.3662782311439514,-0.05381298065185547,1.0,0.0,12.232967376708984,0.208604097366333
11.287715911865234,-0.941744327545166,0.16143320500850677,-0.009654986672103405,-0.013225213624536991,1.273144245147705,279.18450927734375,1.4379122257232666,271.7139587402344,-0.9124243855476379,0.2425558865070343,-0.03656148910522461,1.0,0.0,12.232967376708984,0.16476798057556152
11.288215637207031,-0.9553365111351013,0.030269015580415726,-0.01448897086083889,-0.00671310955658555,1.412736415863037,279.18450927734375,1.572139024734497,271.6455078125,-0.91033536195755,0.1002592220902443,-0.02060985565185547,1.0,0.0,12.232967376708984,0.15940260887145996
11.288715362548828,-0.9359192252159119,-0.09753288328647614,-0.03221357986330986,-0.033691830933094025,1.5520496368408203,279.18450927734375,1.705521821975708,271.5427551269531,-0.8666085004806519,0.044864460825920105,-0.0963754653930664,1.0,0.0,12.232967376708984,0.1534721851348877
11.289215087890625,-0.9194143414497375,-0.22701530158519745,-0.02576826699078083,-0.02066762000322342,1.6916413307189941,279.18450927734375,1.838191270828247,271.4127502441406,-0.8762421011924744,-0.11769331991672516,-0.04362630844116211,1.0,0.0,12.232967376708984,0.14654994010925293
11.289714813232422,-0.8786378502845764,-0.35145366191864014,-0.02093428373336792,-0.02531912364065647,1.8312344551086426,279.18450927734375,1.9714877605438232,271.31158447265625,-0.847070038318634,-0.2275824397802353,-0.0480194091796875,1.0,0.0,12.232967376708984,0.14025330543518066
11.290214538574219,-0.8203854560852051,-0.4658021926879883,-0.03060225211083889,-0.027179725468158722,1.9708266258239746,279.18450927734375,2.1042120456695557,271.18841552734375,-0.8069744110107422,-0.3051348328590393,-0.0818934440612793,1.0,0.0,12.232967376708984,0.13338541984558105
11.290715217590332,-0.7524246573448181,-0.5700613260269165,-0.02737959660589695,-0.029040327295660973,2.051514148712158,236.4695281982422,2.2367756366729736,271.0611267089844,-0.7273330092430115,-0.42906203866004944,-0.042873382568359375,1.0,0.0,12.232967376708984,0.18526148796081543
11.291214942932129,-0.6825218200683594,-0.6507776975631714,-0.02415693923830986,-0.02159791998565197,2.1697497367858887,236.4695281982422,2.370091676712036,270.9678039550781,-0.693567156791687,-0.5050536394119263,-0.07994365692138672,1.0,0.0,12.232967376708984,0.20034193992614746
11.291714668273926,-0.5844640135765076,-0.7399027943611145,-0.03221357986330986,-0.0020616059191524982,2.3617491722106934,289.9223937988281,2.5034358501434326,270.8779296875,-0.5973508954048157,-0.6257139444351196,-0.03394126892089844,1.0,0.0,12.232967376708984,0.14168667793273926
11.292215347290039,-0.47378483414649963,-0.8105295896530151,-0.02415693923830986,-0.030900927260518074,2.5067105293273926,289.9223937988281,2.6380608081817627,270.84368896484375,-0.49477916955947876,-0.677606999874115,-0.037077903747558594,1.0,0.0,12.232967376708984,0.13135027885437012
11.29271411895752,-0.3582511246204376,-0.8693854212760925,-0.01287764310836792,-0.02066762000322342,2.6217665672302246,268.4466247558594,2.7728750705718994,270.8182067871094,-0.4039725363254547,-0.788741946220398,-0.014445304870605469,1.0,0.0,12.232967376708984,0.1511085033416748
11.293213844299316,-0.23397962749004364,-0.9097438454627991,-0.02415693923830986,-0.04392514005303383,2.7559895515441895,268.4466247558594,2.9080312252044678,270.8076171875,-0.2696548104286194,-0.8077500462532043,0.0015993118286132812,1.0,0.0,12.232967376708984,0.15204167366027832
11.293713569641113,-0.11165031045675278,-0.9299232959747314,-0.01771162636578083,-0.01973731815814972,2.9054055213928223,279.4639587402344,3.0427935123443604,270.7805480957031,-0.19758744537830353,-0.8441172242164612,-0.04108476638793945,1.0,0.0,12.232967376708984,0.13738799095153809
11.294214248657227,0.02038850262761116,-0.9400123953819275,0.0048469663597643375,0.0193353109061718,3.0451388359069824,279.4639587402344,-3.105199098587036,270.7722473144531,-0.04638436436653137,-0.8623793125152588,9.298324584960938e-05,1.0,0.0,12.232967376708984,0.13284730911254883
11.294713973999023,0.1388346552848816,-0.9299232959747314,-0.011266314424574375,-0.01229491364210844,3.1248860359191895,235.99703979492188,-2.9696013927459717,270.78118896484375,0.037795454263687134,-0.8777103424072266,-0.0388948917388916,1.0,0.0,12.232967376708984,0.18869829177856445
11.29521369934082,0.2553386092185974,-0.9030174016952515,-0.008043658919632435,-0.027179725468158722,3.2428841590881348,235.99703979492188,-2.8338468074798584,270.79644775390625,0.17094166576862335,-0.8346153497695923,-0.01556086540222168,1.0,0.0,12.232967376708984,0.20645475387573242
11.295714378356934,0.367960125207901,-0.8626591563224792,0.014514935202896595,-0.016016116365790367,3.421210765838623,279.7439880371094,-2.699455976486206,270.754150390625,0.2871003746986389,-0.8481899499893188,-0.02564835548400879,1.0,0.0,12.232967376708984,0.16251897811889648
11.29621410369873,0.4786392152309418,-0.8088480234146118,0.0016243100399151444,-0.0048525077290833,3.5610814094543457,279.7439880371094,-2.564892530441284,270.71990966796875,0.3821454346179962,-0.8231930732727051,-0.052095651626586914,1.0,0.0,12.232967376708984,0.1572117805480957
11.296712875366211,0.5815514922142029,-0.7382210493087769,0.009680950082838535,-0.003922207280993462,3.699516773223877,278.90557861328125,-2.4302732944488525,270.6888732910156,0.5086497664451599,-0.8008170127868652,-0.05548357963562012,1.0,0.0,12.232967376708984,0.1533951759338379
11.297212600708008,0.6844635009765625,-0.6474146246910095,0.02579423226416111,0.0053807999938726425,3.83897066116333,278.90557861328125,-2.2968008518218994,270.6103820800781,0.5994705557823181,-0.6858776211738586,-0.03650307655334473,1.0,0.0,12.232967376708984,0.1474137306213379
11.297713279724121,0.7640748620033264,-0.5566083788871765,0.02418290264904499,-0.008573711849749088,3.934384822845459,246.97091674804688,-2.163588523864746,270.5223693847656,0.6853509545326233,-0.6198087930679321,-0.05251193046569824,1.0,0.0,12.232967376708984,0.1852121353149414
11.298213005065918,0.8194143772125244,-0.4607574939727783,0.02096024714410305,0.0174747072160244,4.057870388031006,246.97091674804688,-2.0326287746429443,270.3414611816406,0.7350354790687561,-0.5510376691818237,-0.0917668342590332,1.0,0.0,12.232967376708984,0.1926865577697754
11.298712730407715,0.8834920525550842,-0.3564985394477844,-0.01932295598089695,-0.015085816383361816,4.211341381072998,268.7153625488281,-1.9012924432754517,270.18023681640625,0.8228157162666321,-0.4568517804145813,-0.08669209480285645,1.0,0.0,12.232967376708984,0.17055177688598633
11.299213409423828,0.9135890007019043,-0.2371051162481308,0.014514935202896595,0.013753505423665047,4.345699787139893,268.7153625488281,-1.769498586654663,270.04156494140625,0.8607217669487,-0.34924617409706116,-0.09718823432922363,1.0,0.0,12.232967376708984,0.16798734664916992
11.299713134765625,0.9310646653175354,-0.11266697198152542,0.009680950082838535,0.04817463085055351,4.494504451751709,279.18450927734375,-1.6389720439910889,269.8526611328125,0.8369302749633789,-0.23151488602161407,-0.11225414276123047,1.0,0.0,12.232967376708984,0.14970922470092773
11.300212860107422,0.9407733082771301,0.015134297311306,0.01773759163916111,0.017474709078669548,4.634096622467041,279.18450927734375,-1.5094698667526245,269.6249694824219,0.8877986669540405,-0.11322764307260513,-0.09875321388244629,1.0,0.0,12.232967376708984,0.1396188735961914
11.300711631774902,0.9262101650238037,0.13452774286270142,0.02257157489657402,0.025847412645816803,4.758601665496826,268.4466247558594,-1.380130648612976,269.3948974609375,0.8887990117073059,-0.03129604086279869,-0.136671781539917,1.0,0.0,12.232967376708984,0.1444530487060547
11.301213264465332,0.8961135745048523,0.26064765453338623,0.014514935202896595,0.034220121800899506,4.893094539642334,268.4466247558594,-1.2510817050933838,269.15753173828125,0.8072766661643982,0.10249345749616623,-0.10418057441711426,1.0,0.0,12.232967376708984,0.1390089988708496
11.301712036132812,0.8592204451560974,0.3716330826282501,0.03062821552157402,0.02119591273367405,4.997434139251709,246.97091674804688,-1.1205596923828125,268.98736572265625,0.8306134939193726,0.23872226476669312,-0.08108735084533691,1.0,0.0,12.232967376708984,0.165191650390625
11.30221176147461,0.8038807511329651,0.4674842059612274,0.02096024714410305,0.030498916283249855,5.1209187507629395,246.97091674804688,-0.9904754161834717,268.8020935058594,0.8034698963165283,0.30017387866973877,-0.1337754726409912,1.0,0.0,12.232967376708984,0.17179155349731445
11.302712440490723,0.737861692905426,0.5683795809745789,0.008069622330367565,0.03608072176575661,5.274019718170166,268.4466247558594,-0.8602144718170166,268.6282043457031,0.7394765019416809,0.4388873875141144,-0.0857992172241211,1.0,0.0,12.232967376708984,0.14895105361938477
11.30321216583252,0.6582500338554382,0.6659122705459595,0.02096024714410305,-0.09974317997694016,5.408242702484131,268.4466247558594,-0.7309591770172119,268.41558837890625,0.6510202884674072,0.48286134004592896,-0.11270451545715332,1.0,0.0,12.232967376708984,0.1439833641052246
11.303711891174316,0.5611631274223328,0.7399023771286011,0.02418290264904499,0.030498916283249855,5.538941383361816,265.8900146484375,-0.5978946685791016,268.3672180175781,0.5816592574119568,0.6104843020439148,-0.0742192268371582,1.0,0.0,12.232967376708984,0.14634943008422852
11.304211616516113,0.45727989077568054,0.8088480234146118,0.02901688776910305,0.04445342719554901,5.671883583068848,265.8900146484375,-0.46678972244262695,268.2378234863281,0.4995109736919403,0.7047234177589417,-0.060697317123413086,1.0,0.0,12.232967376708984,0.14451217651367188
11.304712295532227,0.3330084979534149,0.8626591563224792,0.03223954513669014,0.025847414508461952,5.822869300842285,279.4639587402344,-0.3351142406463623,268.1352233886719,0.3300640285015106,0.7162225246429443,-0.007405519485473633,1.0,0.0,12.232967376708984,0.12520170211791992
11.305212020874023,0.22038744390010834,0.8996544480323792,0.01129227876663208,0.028638316318392754,5.962601661682129,279.4639587402344,-0.20218563079833984,268.0873718261719,0.255026638507843,0.8131762742996216,-0.01244211196899414,1.0,0.0,12.232967376708984,0.11839818954467773
11.305710792541504,0.10194141417741776,0.9198334217071533,-0.00482100248336792,0.011892903596162796,6.061125755310059,248.66635131835938,-0.06861996650695801,268.0673522949219,0.1610315442085266,0.8276538252830505,-0.034366607666015625,1.0,0.0,12.232967376708984,0.15343999862670898
11.3062105178833,-0.018446555361151695,0.9265599250793457,0.02418290264904499,0.03608072176575661,6.185458183288574,248.66635131835938,0.06393742561340332,268.0052185058594,0.06350134313106537,0.8618919849395752,-0.04838395118713379,1.0,0.0,12.232967376708984,0.16166448593139648
11.306711196899414,-0.14271794259548187,0.91310715675354,0.014514935202896595,0.032359518110752106,0.0690760612487793,279.4639587402344,0.1969611644744873,267.9640808105469,-0.0668979212641716,0.8511101603507996,-0.029358386993408203,1.0,0.0,12.232967376708984,0.127885103225708
11.307210922241211,-0.2708728611469269,0.8895648121833801,-0.0015983461635187268,0.01933530904352665,0.20880460739135742,279.4639587402344,0.3302266597747803,267.9338073730469,-0.20689913630485535,0.8514342308044434,-0.0025811195373535156,1.0,0.0,12.232967376708984,0.12142205238342285
11.307710647583008,-0.3873772919178009,0.8492064476013184,-0.01932295598089695,0.0035201970022171736,0.33333349227905273,268.4466247558594,0.46267032623291016,267.8697509765625,-0.3176538944244385,0.8478424549102783,-0.015004634857177734,1.0,0.0,12.232967376708984,0.12933683395385742
11.308211326599121,-0.5009691715240479,0.7903507947921753,-0.01448897086083889,0.017474709078669548,0.4675593376159668,268.4466247558594,0.5949075222015381,267.7984313964844,-0.4379752278327942,0.7819318771362305,0.004923343658447266,1.0,0.0,12.232967376708984,0.1273481845855713
11.308711051940918,-0.5970853567123413,0.7180420160293579,-0.01610029861330986,0.010962603613734245,0.6017813682556152,268.4466247558594,0.7276585102081299,267.75018310546875,-0.5057147741317749,0.7550349831581116,-0.04848480224609375,1.0,0.0,12.232967376708984,0.12587714195251465
11.309210777282715,-0.6902888417243958,0.6305989623069763,-0.01610029861330986,0.02212621085345745,0.7360072135925293,268.4466247558594,0.8600080013275146,267.6862487792969,-0.6007481813430786,0.6648301482200623,-0.03615903854370117,1.0,0.0,12.232967376708984,0.12400078773498535
11.309709548950195,-0.7650460600852966,0.534747838973999,-0.0354362353682518,0.007241401355713606,0.8664355278015137,265.8900146484375,0.990790605545044,267.5577087402344,-0.6471477150917053,0.5944545269012451,-0.07413768768310547,1.0,0.0,12.232967376708984,0.12435507774353027
11.310210227966309,-0.8359193801879883,0.432170033454895,-0.01771162636578083,0.000729296647477895,0.9993796348571777,265.8900146484375,1.1211903095245361,267.4156799316406,-0.7346851229667664,0.49516043066978455,-0.0545649528503418,1.0,0.0,12.232967376708984,0.1218106746673584
11.310709953308105,-0.8854339122772217,0.326229989528656,-0.02415693923830986,-0.00671310955658555,1.0929102897644043,236.23304748535156,1.253174066543579,267.34283447265625,-0.815161406993866,0.40878406167030334,-0.058370113372802734,1.0,0.0,12.232967376708984,0.1602637767791748
11.311209678649902,-0.9097055792808533,0.22365258634090424,-0.02737959660589695,-0.006713110487908125,1.2110247611999512,236.23304748535156,1.383176565170288,267.188720703125,-0.8343973159790039,0.3373437821865082,-0.10800838470458984,1.0,0.0,12.232967376708984,0.17215180397033691
11.311710357666016,-0.9300940632820129,0.10762227326631546,-0.01448897086083889,0.0007292955997399986,1.372312068939209,268.7153625488281,1.5117437839508057,266.9775085449219,-0.8364325761795044,0.23048922419548035,-0.12138652801513672,1.0,0.0,12.232967376708984,0.13943171501159668
11.312210083007812,-0.936890184879303,-0.015134297311306,-0.02899092435836792,-0.02252822183072567,1.5066676139831543,268.7153625488281,1.6408970355987549,266.79534912109375,-0.8935725688934326,0.07471685111522675,-0.06489753723144531,1.0,0.0,12.232967376708984,0.13422942161560059
11.31270980834961,-0.9203853607177734,-0.12443835288286209,-0.0354362353682518,-0.029970625415444374,1.626389980316162,257.7087707519531,1.76894211769104,266.5703125,-0.896981418132782,0.025369612500071526,-0.13817787170410156,1.0,0.0,12.232967376708984,0.14255213737487793
11.313209533691406,-0.8902882933616638,-0.2371051162481308,-0.03060225211083889,-0.029040327295660973,1.7552409172058105,257.7087707519531,1.8958227634429932,266.3009948730469,-0.8391267657279968,-0.05913794785737991,-0.16663217544555664,1.0,0.0,12.232967376708984,0.14058184623718262
11.313709259033203,-0.8533952236175537,-0.3480904996395111,-0.01932295598089695,-0.005782809574157,1.912381649017334,279.18450927734375,2.0235798358917236,266.07427978515625,-0.8508656620979309,-0.20508742332458496,-0.12814044952392578,1.0,0.0,12.232967376708984,0.11119818687438965
11.314208984375,-0.7912594676017761,-0.45571279525756836,-0.02899092435836792,-0.031831227242946625,2.0519747734069824,279.18450927734375,2.151214838027954,265.8470764160156,-0.7908876538276672,-0.2819024920463562,-0.15006589889526367,1.0,0.0,12.232967376708984,0.09924006462097168
11.314708709716797,-0.7232983112335205,-0.5532452464103699,-0.02093428373336792,-0.04578574001789093,2.1202139854431152,225.49517822265625,2.2794926166534424,265.65179443359375,-0.711872935295105,-0.40113019943237305,-0.10749149322509766,1.0,0.0,12.232967376708984,0.15927863121032715
11.31520938873291,-0.6601919531822205,-0.6356436014175415,-0.01932295598089695,-0.029970629140734673,2.2329630851745605,225.49517822265625,2.40883469581604,265.5055847167969,-0.6626177430152893,-0.5342391729354858,-0.07132530212402344,1.0,0.0,12.232967376708984,0.1758716106414795
11.315709114074707,-0.5689300298690796,-0.7062704563140869,-0.06121748685836792,-0.029970627278089523,2.4031481742858887,268.7153625488281,2.5381505489349365,265.3609619140625,-0.6191985011100769,-0.5845171809196472,-0.12285423278808594,1.0,0.0,12.232967376708984,0.13500237464904785
11.316208839416504,-0.4718431234359741,-0.7735347151756287,-0.02415693923830986,-0.01973731815814972,2.537501811981201,268.7153625488281,2.667948007583618,265.2398376464844,-0.5040810108184814,-0.6760023236274719,-0.07903718948364258,1.0,0.0,12.232967376708984,0.130446195602417
11.3167085647583,-0.36407649517059326,-0.8290274143218994,-0.01771162636578083,-0.034622129052877426,2.6711478233337402,268.1784362792969,2.7967817783355713,265.0809326171875,-0.3964991271495819,-0.7490838170051575,-0.053910255432128906,1.0,0.0,12.232967376708984,0.12563395500183105
11.317209243774414,-0.2611640989780426,-0.866022527217865,-0.01932295598089695,-0.028110025450587273,2.8052401542663574,268.1784362792969,2.9264872074127197,264.9615783691406,-0.35896211862564087,-0.8071785569190979,-0.11553955078125,1.0,0.0,12.232967376708984,0.1212470531463623
11.317708015441895,-0.13689294457435608,-0.8895648121833801,-0.02576826699078083,-0.005782809108495712,2.9254984855651855,257.96673583984375,3.0564186573028564,264.85443115234375,-0.2157275527715683,-0.7840683460235596,-0.09547042846679688,1.0,0.0,12.232967376708984,0.1309201717376709
11.318207740783691,-0.018446555361151695,-0.9063808917999268,-0.00482100248336792,-0.014155515469610691,3.054481029510498,257.96673583984375,-3.0956692695617676,264.7985534667969,-0.07591642439365387,-0.8619810938835144,-0.04572796821594238,1.0,0.0,12.232967376708984,0.13303518295288086
11.318708419799805,0.09999934583902359,-0.9030174016952515,-0.01932295598089695,-0.02066762000322342,3.168853282928467,246.97091674804688,-2.9655258655548096,264.7037658691406,0.04895402491092682,-0.8575687408447266,-0.030972957611083984,1.0,0.0,12.232967376708984,0.14880609512329102
11.319208145141602,0.21262063086032867,-0.8794749975204468,0.014514935202896595,-0.010434313677251339,3.292336940765381,246.97091674804688,-2.83463191986084,264.6423645019531,0.15476928651332855,-0.806535005569458,-0.02931380271911621,1.0,0.0,12.232967376708984,0.15621662139892578
11.319707870483398,0.32524165511131287,-0.8492064476013184,-0.0015983461635187268,-0.03834332898259163,3.4304347038269043,257.96673583984375,-2.704425096511841,264.5537414550781,0.28091734647750854,-0.8246686458587646,-0.020789384841918945,1.0,0.0,12.232967376708984,0.14832544326782227
11.320207595825195,0.4203868806362152,-0.8054846525192261,0.01773759163916111,0.000729296647477895,3.5594191551208496,257.96673583984375,-2.5741255283355713,264.47039794921875,0.3347773849964142,-0.8509408235549927,-0.10496211051940918,1.0,0.0,12.232967376708984,0.14964056015014648
11.320708274841309,0.5300954580307007,-0.7399025559425354,-0.0015983461635187268,-0.02345852181315422,3.702338695526123,268.4466247558594,-2.44577956199646,264.30731201171875,0.4631430208683014,-0.722012460231781,-0.0375523567199707,1.0,0.0,12.232967376708984,0.13506746292114258
11.321208000183105,0.629124104976654,-0.6625493168830872,-0.006432330701500177,-0.015085816383361816,3.836564540863037,268.4466247558594,-2.315915584564209,264.2109375,0.562738299369812,-0.6624819040298462,-0.033612728118896484,1.0,0.0,12.232967376708984,0.1307053565979004
11.321706771850586,0.7058230042457581,-0.5767875909805298,0.00323563814163208,-0.007643410004675388,3.956246852874756,257.7087707519531,-2.185683012008667,264.1319274902344,0.6171591877937317,-0.6139066815376282,-0.08019471168518066,1.0,0.0,12.232967376708984,0.14125585556030273
11.322208404541016,0.7718419432640076,-0.4893447160720825,0.0048469663597643375,0.00445049861446023,4.0853590965271,257.7087707519531,-2.057748794555664,263.95819091796875,0.6830398440361023,-0.5823349952697754,-0.13162612915039062,1.0,0.0,12.232967376708984,0.1400775909423828
11.322707176208496,0.8320357203483582,-0.3918120563030243,-0.0032096742652356625,0.007241399958729744,4.171145915985107,225.49517822265625,-1.9297205209732056,263.7921142578125,0.7779435515403748,-0.471528559923172,-0.09849953651428223,1.0,0.0,12.232967376708984,0.18231916427612305
11.323206901550293,0.8728122711181641,-0.29427939653396606,0.01129227876663208,-0.0029919063672423363,4.283895015716553,225.49517822265625,-1.8031367063522339,263.5690002441406,0.8156890273094177,-0.3700594902038574,-0.10618853569030762,1.0,0.0,12.232967376708984,0.1961536407470703
11.32370662689209,0.8902881741523743,-0.19002044200897217,0.02579423226416111,-0.01136461179703474,4.439795970916748,257.96673583984375,-1.676880121231079,263.3366394042969,0.8103506565093994,-0.2951875329017639,-0.15615582466125488,1.0,0.0,12.232967376708984,0.16650915145874023
11.324207305908203,0.9058219790458679,-0.07567190378904343,0.04351884126663208,0.02119591273367405,4.568780422210693,257.96673583984375,-1.5501911640167236,263.1272888183594,0.8491799235343933,-0.17233076691627502,-0.13370776176452637,1.0,0.0,12.232967376708984,0.1642136573791504
11.32470703125,0.91358882188797,0.035313501954078674,0.01290360651910305,0.016544407233595848,4.711698055267334,268.4466247558594,-1.4245644807815552,262.8777770996094,0.8849437832832336,-0.07709053158760071,-0.14614462852478027,1.0,0.0,12.232967376708984,0.14692306518554688
11.325206756591797,0.9009678959846497,0.15807028114795685,0.01612626202404499,0.0016595961060374975,4.845923900604248,268.4466247558594,-1.2992154359817505,262.6219482421875,0.866283655166626,0.04928547888994217,-0.1277763843536377,1.0,0.0,12.232967376708984,0.1380462646484375
11.32570743560791,0.8689292073249817,0.26064765453338623,0.02418290264904499,0.02305651269853115,4.908738613128662,214.75732421875,-1.173899531364441,262.3699951171875,0.8310824632644653,0.13389161229133606,-0.15036988258361816,1.0,0.0,12.232967376708984,0.2005472183227539
11.326207160949707,0.8310651183128357,0.35313522815704346,0.01612626202404499,0.016544407233595848,5.016116619110107,214.75732421875,-1.0491595268249512,262.09918212890625,0.799187421798706,0.22354860603809357,-0.1622331142425537,1.0,0.0,12.232967376708984,0.2179093360900879
11.326705932617188,0.7844632267951965,0.44730475544929504,0.04674149677157402,0.030498918145895004,5.194636821746826,268.4466247558594,-0.9245376586914062,261.8291015625,0.7883865833282471,0.32012397050857544,-0.17403268814086914,1.0,0.0,12.232967376708984,0.16401100158691406
11.327205657958984,0.7203857898712158,0.5448374152183533,0.00323563814163208,0.014683806337416172,5.328858852386475,268.4466247558594,-0.799940824508667,261.563720703125,0.7352350354194641,0.45349937677383423,-0.13156342506408691,1.0,0.0,12.232967376708984,0.15438604354858398
11.327706336975098,0.6407743096351624,0.6289171576499939,0.009680950082838535,0.0184050090610981,5.44881010055542,257.7087707519531,-0.6759912967681885,261.2765197753906,0.6571441292762756,0.49291661381721497,-0.16487717628479004,1.0,0.0,12.232967376708984,0.15838384628295898
11.328206062316895,0.5524250864982605,0.7079524397850037,0.014514935202896595,0.026777714490890503,5.577666759490967,257.7087707519531,-0.5512278079986572,261.02984619140625,0.5567508339881897,0.5940319895744324,-0.11529040336608887,1.0,0.0,12.232967376708984,0.15429067611694336
11.328705787658691,0.46407631039619446,0.7735342979431152,0.02096024714410305,0.026777714490890503,5.706519603729248,257.7087707519531,-0.4264693260192871,260.78790283203125,0.4977551996707916,0.6641281843185425,-0.13035178184509277,1.0,0.0,12.232967376708984,0.15019655227661133
11.329205513000488,0.35436785221099854,0.8256641030311584,0.02418290264904499,0.03422011807560921,5.835376262664795,257.7087707519531,-0.3007376194000244,260.591796875,0.39984509348869324,0.708884060382843,-0.1265254020690918,1.0,0.0,12.232967376708984,0.14707136154174805
11.329706192016602,0.24951386451721191,0.866022527217865,0.02418290264904499,0.054686736315488815,5.921716213226318,225.72088623046875,-0.17395782470703125,260.4440612792969,0.2957913875579834,0.7996100187301636,-0.09396195411682129,1.0,0.0,12.232967376708984,0.18751144409179688
11.330205917358398,0.14271806180477142,0.8862015008926392,0.006458294112235308,0.02026561088860035,6.034575939178467,225.72088623046875,-0.04708290100097656,260.3033447265625,0.17964278161525726,0.7726687788963318,-0.0950174331665039,1.0,0.0,12.232967376708984,0.20152664184570312
11.330704689025879,0.03592189401388168,0.8996544480323792,0.01773759163916111,0.017474709078669548,6.204352855682373,268.7153625488281,0.07924461364746094,260.142578125,0.09379524737596512,0.829229474067688,-0.1056373119354248,1.0,0.0,12.232967376708984,0.15807723999023438
11.331205368041992,-0.08058218657970428,0.9030174016952515,0.01612626202404499,0.0239868126809597,0.055522918701171875,268.7153625488281,0.2059168815612793,259.99969482421875,-0.014245097525417805,0.8970273733139038,-0.10383796691894531,1.0,0.0,12.232967376708984,0.15039396286010742
11.331705093383789,-0.20485369861125946,0.8794749975204468,0.0048469663597643375,0.030498918145895004,0.1752452850341797,257.7087707519531,0.33318424224853516,259.885009765625,-0.15758851170539856,0.8202964067459106,-0.057027339935302734,1.0,0.0,12.232967376708984,0.15793895721435547
11.332204818725586,-0.3213581442832947,0.8424801826477051,0.01934891939163208,0.03701102361083031,0.3040962219238281,257.7087707519531,0.45971083641052246,259.741455078125,-0.2388061136007309,0.7647706866264343,-0.07079386711120605,1.0,0.0,12.232967376708984,0.15561461448669434
11.332704544067383,-0.43009552359580994,0.8021216988563538,-0.0032096742652356625,0.02026561088860035,0.4329547882080078,257.7087707519531,0.5880250930786133,259.6761779785156,-0.3913431167602539,0.7612301111221313,-0.026751995086669922,1.0,0.0,12.232967376708984,0.15507030487060547
11.333205223083496,-0.533007800579071,0.7415841817855835,-0.0015983461635187268,0.02305651269853115,0.5618057250976562,257.7087707519531,0.714679479598999,259.54241943359375,-0.46819573640823364,0.7218350768089294,-0.053015708923339844,1.0,0.0,12.232967376708984,0.15287375450134277
11.333704948425293,-0.6194153428077698,0.6726387143135071,-0.0032096742652356625,0.025847414508461952,0.6335334777832031,214.75732421875,0.8420042991638184,259.4396667480469,-0.5520839095115662,0.6737631559371948,-0.06938576698303223,1.0,0.0,12.232967376708984,0.20847082138061523
11.33420467376709,-0.6970849633216858,0.5919223427772522,-0.00482100248336792,0.06212913990020752,0.7409114837646484,214.75732421875,0.9690325260162354,259.3266296386719,-0.6359032392501831,0.5410741567611694,-0.016898155212402344,1.0,0.0,12.232967376708984,0.22812104225158691
11.334704399108887,-0.7592206597328186,0.5112054944038391,-0.006432330701500177,0.014683806337416172,0.9194316864013672,268.4466247558594,1.096466302871704,259.232666015625,-0.7039961814880371,0.523385763168335,-0.07891654968261719,1.0,0.0,12.232967376708984,0.17703461647033691
11.335204124450684,-0.8203854560852051,0.41199082136154175,-0.008043658919632435,0.010032301768660545,1.0536518096923828,268.4466247558594,1.221937894821167,259.0583801269531,-0.7636981010437012,0.46405068039894104,-0.11130142211914062,1.0,0.0,12.232967376708984,0.16828608512878418
11.33570384979248,-0.8621329665184021,0.30605074763298035,-0.01932295598089695,-0.01136461365967989,1.1593360900878906,246.97091674804688,1.3474504947662354,258.8894348144531,-0.806608259677887,0.3708536624908447,-0.12184715270996094,1.0,0.0,12.232967376708984,0.18811440467834473
11.336203575134277,-0.8902880549430847,0.19674670696258545,-0.01610029861330986,-0.0002010049211094156,1.2828197479248047,246.97091674804688,1.4723107814788818,258.69677734375,-0.8200896382331848,0.29350584745407104,-0.15967273712158203,1.0,0.0,12.232967376708984,0.18949103355407715
11.33670425415039,-0.9097055792808533,0.07567190378904343,-0.04188155010342598,-0.015085817314684391,1.4352073669433594,268.7153625488281,1.5962622165679932,258.4700622558594,-0.8387752175331116,0.1481967270374298,-0.11469841003417969,1.0,0.0,12.232967376708984,0.1610548496246338
11.337203979492188,-0.9126179814338684,-0.03699527680873871,-0.0354362353682518,-0.009504010900855064,1.5695629119873047,268.7153625488281,1.719515085220337,258.2186279296875,-0.8796709775924683,0.09784123301506042,-0.17417573928833008,1.0,0.0,12.232967376708984,0.14995217323303223
11.337703704833984,-0.9029097557067871,-0.1547069400548935,-0.04188155010342598,-0.029970627278089523,1.6321582794189453,214.75732421875,1.844212293624878,258.0333251953125,-0.8478485941886902,-0.0565943568944931,-0.1212921142578125,1.0,0.0,12.232967376708984,0.21205401420593262
11.338204383850098,-0.8766961097717285,-0.24719491600990295,-0.02415693923830986,-0.017876718193292618,1.7395362854003906,214.75732421875,1.9665815830230713,257.7539978027344,-0.8203532695770264,-0.11827864497900009,-0.1674060821533203,1.0,0.0,12.232967376708984,0.22704529762268066
11.338703155517578,-0.8427156805992126,-0.3531354069709778,-0.02415693923830986,-0.01973731815814972,1.9037799835205078,257.7087707519531,2.089693307876587,257.51190185546875,-0.8064817786216736,-0.2519538998603821,-0.13083457946777344,1.0,0.0,12.232967376708984,0.1859133243560791
11.339202880859375,-0.7912594676017761,-0.45571279525756836,-0.02899092435836792,-0.02252822183072567,2.032632827758789,257.7087707519531,2.2124502658843994,257.2597351074219,-0.7587968111038208,-0.3452697694301605,-0.12945079803466797,1.0,0.0,12.232967376708984,0.17981743812561035
11.339702606201172,-0.7242691516876221,-0.5515637397766113,-0.01771162636578083,-0.017876718193292618,2.161489486694336,257.7087707519531,2.3360636234283447,257.0489807128906,-0.6955413222312927,-0.44176727533340454,-0.11423397064208984,1.0,0.0,12.232967376708984,0.1745741367340088
11.340203285217285,-0.6524251699447632,-0.6356436014175415,-0.01771162636578083,-0.010434312745928764,2.290342330932617,257.7087707519531,2.459622621536255,256.84039306640625,-0.6710165739059448,-0.5147250294685364,-0.14952468872070312,1.0,0.0,12.232967376708984,0.1692802906036377
11.340703010559082,-0.5533961653709412,-0.7129970788955688,-0.06444013863801956,-0.028110023587942123,2.419198989868164,257.7087707519531,2.5827739238739014,256.618896484375,-0.5594079494476318,-0.5508623719215393,-0.14939212799072266,1.0,0.0,12.232967376708984,0.1635749340057373
11.341202735900879,-0.46213436126708984,-0.7768978476524353,-0.02576826699078083,-0.02438882179558277,2.5480518341064453,257.7087707519531,2.707493543624878,256.46783447265625,-0.5109497904777527,-0.649880588054657,-0.14734125137329102,1.0,0.0,12.232967376708984,0.15944170951843262
11.341703414916992,-0.3601929247379303,-0.8323903679847717,-0.02576826699078083,-0.05043724179267883,2.634096145629883,225.49517822265625,2.8311617374420166,256.2760009765625,-0.36525094509124756,-0.7077470421791077,-0.08093833923339844,1.0,0.0,12.232967376708984,0.1970655918121338
11.342203140258789,-0.26116397976875305,-0.8693854212760925,-0.01932295598089695,-0.01136461365967989,2.746845245361328,225.49517822265625,2.956308126449585,256.1503601074219,-0.2601589262485504,-0.7398666739463806,-0.06777191162109375,1.0,0.0,12.232967376708984,0.20946288108825684
11.34270191192627,-0.1504848748445511,-0.8962910771369934,-0.03221357986330986,-0.031831227242946625,2.9171199798583984,268.984619140625,3.081207513809204,256.0168762207031,-0.18555590510368347,-0.8182711601257324,-0.07762527465820312,1.0,0.0,12.232967376708984,0.16408753395080566
11.343201637268066,-0.028155319392681122,-0.9063808917999268,-0.01932295598089695,-0.029970629140734673,3.0516128540039062,268.984619140625,-3.0768160820007324,255.89727783203125,-0.06590622663497925,-0.8151657581329346,-0.06043577194213867,1.0,0.0,12.232967376708984,0.1547565460205078
11.34370231628418,0.09223277121782303,-0.9063808917999268,-0.01932295598089695,-0.031831227242946625,3.1707630157470703,257.4513244628906,-2.951221466064453,255.79844665527344,0.06966040283441544,-0.8426439166069031,-0.022749662399291992,1.0,0.0,12.232967376708984,0.16120100021362305
11.344202041625977,0.21067868173122406,-0.8895648121833801,-0.01610029861330986,-0.031831227242946625,3.299488067626953,257.4513244628906,-2.824728012084961,255.73939514160156,0.16893675923347473,-0.8399258255958557,-0.03330349922180176,1.0,0.0,12.232967376708984,0.15896940231323242
11.344701766967773,0.3291250765323639,-0.8592962622642517,-0.01932295598089695,-0.029970629140734673,3.4288997650146484,257.96673583984375,-2.6984903812408447,255.67086791992188,0.3006657660007477,-0.8275987505912781,-0.009475946426391602,1.0,0.0,12.232967376708984,0.15579557418823242
11.345202445983887,0.43786218762397766,-0.8088480234146118,-0.006432330701500177,-0.009504011832177639,3.5578861236572266,257.96673583984375,-2.5710322856903076,255.65492248535156,0.3676219880580902,-0.7427102327346802,-0.025862455368041992,1.0,0.0,12.232967376708984,0.1542668342590332
11.345702171325684,0.5339786410331726,-0.7533555626869202,-0.006432330701500177,-0.02066762000322342,3.643381118774414,225.26991271972656,-2.445112466812134,255.5745849609375,0.4408828020095825,-0.7408913969993591,-0.0748450756072998,1.0,0.0,12.232967376708984,0.19469213485717773
11.34620189666748,0.6194151043891907,-0.6860914826393127,0.006458294112235308,-0.009504011832177639,3.7560176849365234,225.26991271972656,-2.318821668624878,255.5116729736328,0.5610223412513733,-0.6863452196121216,-0.05258679389953613,1.0,0.0,12.232967376708984,0.20834589004516602
11.346701622009277,0.700968325138092,-0.605374813079834,-0.006432330701500177,-0.018807020038366318,3.9121055603027344,257.96673583984375,-2.1928863525390625,255.4352264404297,0.6222460269927979,-0.6039381623268127,-0.06352996826171875,1.0,0.0,12.232967376708984,0.1781935691833496
11.34720230102539,0.7689294815063477,-0.5145686268806458,0.006458294112235308,-0.003922207746654749,4.04109001159668,257.96673583984375,-2.0677361488342285,255.32723999023438,0.6885783076286316,-0.5480837225914001,-0.09063601493835449,1.0,0.0,12.232967376708984,0.17435932159423828
11.347701072692871,0.833977997303009,-0.4153544008731842,-0.01287764310836792,-0.015085816383361816,4.169471740722656,257.7087707519531,-1.9435242414474487,255.18231201171875,0.7719593644142151,-0.46516087651252747,-0.08490538597106934,1.0,0.0,12.232967376708984,0.17018938064575195
11.348200798034668,0.881550133228302,-0.30605053901672363,0.008069622330367565,-0.016016116365790367,4.29832649230957,257.7087707519531,-1.8197280168533325,255.0226287841797,0.8272771835327148,-0.38491201400756836,-0.10200214385986328,1.0,0.0,12.232967376708984,0.1651310920715332
11.348700523376465,0.9058218002319336,-0.19002044200897217,0.02418290264904499,-0.01229491364210844,4.398952484130859,236.4695281982422,-1.6958783864974976,254.86874389648438,0.7943960428237915,-0.24537907540798187,-0.08995890617370605,1.0,0.0,12.232967376708984,0.1883544921875
11.349201202392578,0.9232978224754333,-0.08576150983572006,0.02579423226416111,0.01096260454505682,4.517187118530273,236.4695281982422,-1.5722458362579346,254.70883178710938,0.848132848739624,-0.1807621419429779,-0.12418484687805176,1.0,0.0,12.232967376708984,0.19375276565551758
11.349700927734375,0.9320356845855713,0.023542333394289017,0.01612626202404499,0.0184050090610981,4.663671493530273,257.7087707519531,-1.4500188827514648,254.49339294433594,0.8923689723014832,-0.07165857404470444,-0.11659383773803711,1.0,0.0,12.232967376708984,0.1694951057434082
11.350200653076172,0.919414222240448,0.1395726501941681,0.014514935202896595,0.02119591273367405,4.792524337768555,257.7087707519531,-1.328279972076416,254.26197814941406,0.8769899010658264,0.027769291773438454,-0.12666869163513184,1.0,0.0,12.232967376708984,0.16238117218017578
11.350701332092285,0.8941712975502014,0.2572843134403229,0.03062821552157402,0.026777714490890503,4.921380996704102,257.7087707519531,-1.206839919090271,254.0227813720703,0.8547106981277466,0.12889212369918823,-0.13018250465393066,1.0,0.0,12.232967376708984,0.15496444702148438
11.351201057434082,0.8378610610961914,0.36826974153518677,0.02096024714410305,0.0249171145260334,5.050233840942383,257.7087707519531,-1.0854194164276123,253.7879638671875,0.710570216178894,0.19082100689411163,-0.13903594017028809,1.0,0.0,12.232967376708984,0.14753198623657227
11.351699829101562,0.7970845699310303,0.472528874874115,0.04674149677157402,0.026777714490890503,5.178831100463867,257.7087707519531,-0.9644899368286133,253.53732299804688,0.7735148668289185,0.3315149247646332,-0.11741375923156738,1.0,0.0,12.232967376708984,0.13986444473266602
11.35219955444336,0.7242693305015564,0.5650163888931274,0.01612626202404499,0.0239868126809597,5.307685852050781,257.7087707519531,-0.8424417972564697,253.33880615234375,0.714470624923706,0.3951137661933899,-0.13936519622802734,1.0,0.0,12.232967376708984,0.1330580711364746
11.352700233459473,0.6533955335617065,0.6541413068771362,0.03546220064163208,0.03887162730097771,5.39372444152832,225.49517822265625,-0.7197058200836182,253.17361450195312,0.660926342010498,0.5330864191055298,-0.08836150169372559,1.0,0.0,12.232967376708984,0.1697554588317871
11.35319995880127,0.5660176277160645,0.724768340587616,0.02740556001663208,0.032359518110752106,5.506475448608398,225.49517822265625,-0.5968525409698486,253.01687622070312,0.525762677192688,0.5754783153533936,-0.05937027931213379,1.0,0.0,12.232967376708984,0.17985773086547852
11.353699684143066,0.48252248764038086,0.7819425463676453,0.01612626202404499,0.031429219990968704,5.6620330810546875,257.7087707519531,-0.47349071502685547,252.8843536376953,0.5268579721450806,0.6758108735084534,-0.10485649108886719,1.0,0.0,12.232967376708984,0.14766168594360352
11.35420036315918,0.3815523087978363,0.8391168117523193,0.01773759163916111,0.0249171145260334,5.790887832641602,257.7087707519531,-0.3503875732421875,252.744140625,0.41599762439727783,0.7414951920509338,-0.07698464393615723,1.0,0.0,12.232967376708984,0.14191007614135742
11.354700088500977,0.27669820189476013,0.8794749975204468,0.01934891939163208,0.03887162730097771,5.920085906982422,257.96673583984375,-0.22669172286987305,252.6316375732422,0.35448116064071655,0.822178065776825,-0.09659862518310547,1.0,0.0,12.232967376708984,0.13640785217285156
11.355199813842773,0.15436816215515137,0.9063808917999268,0.01129227876663208,0.030498918145895004,6.049070358276367,257.96673583984375,-0.10228753089904785,252.5514373779297,0.2092004120349884,0.8184919357299805,-0.06406140327453613,1.0,0.0,12.232967376708984,0.13182783126831055
11.355698585510254,0.024271788075566292,0.9198334217071533,0.03546220064163208,0.04445342719554901,6.17779541015625,257.96673583984375,0.022142648696899414,252.47410583496094,0.06405643373727798,0.8087883591651917,-0.017121315002441406,1.0,0.0,12.232967376708984,0.1275324821472168
11.356199264526367,-0.09029095619916916,0.9198334217071533,0.009680950082838535,0.03515041992068291,0.023594379425048828,257.96673583984375,0.14801812171936035,252.45872497558594,-0.03262617066502571,0.8552404642105103,-0.02587270736694336,1.0,0.0,12.232967376708984,0.12442374229431152
11.356698989868164,-0.204853817820549,0.8996544480323792,0.00323563814163208,0.04073222726583481,0.0951085090637207,214.75732421875,0.2741267681121826,252.45399475097656,-0.19040721654891968,0.7995172142982483,0.043976545333862305,1.0,0.0,12.232967376708984,0.17901825904846191
11.357198715209961,-0.3077658414840698,0.8693854212760925,1.2981891813979018e-05,0.035150423645973206,0.20248842239379883,214.75732421875,0.3996462821960449,252.42434692382812,-0.26979517936706543,0.7655668258666992,0.02338576316833496,1.0,0.0,12.232967376708984,0.1971578598022461
11.357699394226074,-0.4067946970462799,0.8223007321357727,1.2981891813979018e-05,0.03887162357568741,0.38162660598754883,268.7153625488281,0.5255777835845947,252.41249084472656,-0.3402690291404724,0.7811092734336853,-0.03076457977294922,1.0,0.0,12.232967376708984,0.1439511775970459
11.358199119567871,-0.5106778144836426,0.766808271408081,1.2981891813979018e-05,0.031429219990968704,0.5159859657287598,268.7153625488281,0.6502907276153564,252.34994506835938,-0.456710547208786,0.735011875629425,-0.010265588760375977,1.0,0.0,12.232967376708984,0.13430476188659668
11.358698844909668,-0.6097065806388855,0.6894547939300537,-0.0032096742652356625,0.02026561088860035,0.649630069732666,268.1784362792969,0.775749921798706,252.31988525390625,-0.5320892930030823,0.6588661670684814,-0.012376785278320312,1.0,0.0,12.232967376708984,0.12611985206604004
11.359198570251465,-0.703881025314331,0.6070566177368164,-0.0015983461635187268,0.0249171145260334,0.7837185859680176,268.1784362792969,0.9013893604278564,252.29818725585938,-0.6738281846046448,0.5815321803092957,0.04164266586303711,1.0,0.0,12.232967376708984,0.11767077445983887
11.359698295593262,-0.7757256031036377,0.5162504315376282,0.006458294112235308,0.005380799062550068,0.9036259651184082,257.7087707519531,1.0270631313323975,252.27801513671875,-0.7156651020050049,0.5558638572692871,-0.03271770477294922,1.0,0.0,12.232967376708984,0.12343716621398926
11.360198020935059,-0.8378612995147705,0.4086281359195709,-0.01448897086083889,0.013753504492342472,1.0324788093566895,257.7087707519531,1.151947259902954,252.22523498535156,-0.7601240277290344,0.45296576619148254,-0.03465700149536133,1.0,0.0,12.232967376708984,0.11946845054626465
11.360697746276855,-0.8893173336982727,0.30605074763298035,0.006458294112235308,0.02026561088860035,1.118523120880127,225.49517822265625,1.2766873836517334,252.16737365722656,-0.8357066512107849,0.375339537858963,-0.044178009033203125,1.0,0.0,12.232967376708984,0.15816426277160645
11.361198425292969,-0.9155306816101074,0.2068365216255188,-0.02254561148583889,0.005380799062550068,1.2312722206115723,225.49517822265625,1.4011857509613037,252.1006317138672,-0.8646367788314819,0.31424450874328613,-0.0953826904296875,1.0,0.0,12.232967376708984,0.16991353034973145
11.361698150634766,-0.9388318657875061,0.09248798340559006,-0.01610029861330986,0.007241401355713606,1.372560977935791,246.97091674804688,1.5258018970489502,252.04043579101562,-0.9058387279510498,0.1661972999572754,-0.052697181701660156,1.0,0.0,12.232967376708984,0.15324091911315918
11.362197875976562,-0.941744327545166,-0.020179204642772675,-0.0354362353682518,-0.009504010900855064,1.496044635772705,246.97091674804688,1.649134874343872,251.92755126953125,-0.9163697957992554,0.07127312570810318,-0.07231616973876953,1.0,0.0,12.232967376708984,0.153090238571167
11.36269760131836,-0.9359192252159119,-0.14461754262447357,-0.02093428373336792,0.0025898965541273355,1.6480717658996582,268.4466247558594,1.7730028629302979,251.8395538330078,-0.9260614514350891,-0.09287820756435394,-0.01840686798095703,1.0,0.0,12.232967376708984,0.12493109703063965
11.363198280334473,-0.899996817111969,-0.2606474459171295,-0.03221357986330986,-0.016946416348218918,1.7822937965393066,268.4466247558594,1.8967440128326416,251.74790954589844,-0.8602133393287659,-0.1496674120426178,-0.07009029388427734,1.0,0.0,12.232967376708984,0.11445021629333496
11.363697052001953,-0.861162006855011,-0.38172268867492676,-0.02899092435836792,-0.007643410935997963,1.8880562782287598,247.21812438964844,2.020754098892212,251.66969299316406,-0.8083136081695557,-0.3074437975883484,-0.0026540756225585938,1.0,0.0,12.232967376708984,0.13269782066345215
11.36419677734375,-0.8077640533447266,-0.4809364974498749,-0.02576826699078083,-0.02252822183072567,2.0116677284240723,247.21812438964844,2.145108461380005,251.607421875,-0.7913066744804382,-0.3770827651023865,-0.04596662521362305,1.0,0.0,12.232967376708984,0.13344073295593262
11.364696502685547,-0.7495119571685791,-0.5751062631607056,-0.008043658919632435,-0.027179725468158722,2.106405735015869,225.49517822265625,2.268817663192749,251.5193634033203,-0.7456743121147156,-0.488600492477417,-0.034299373626708984,1.0,0.0,12.232967376708984,0.16241192817687988
11.36519718170166,-0.6757258772850037,-0.6558228135108948,-0.03704756498336792,-0.027179725468158722,2.2191548347473145,225.49517822265625,2.3932244777679443,251.4626922607422,-0.6980298757553101,-0.5858486294746399,-0.04056358337402344,1.0,0.0,12.232967376708984,0.17406964302062988
11.365696907043457,-0.5902890563011169,-0.7365394830703735,-0.0515495166182518,-0.013225213624536991,2.3889851570129395,268.4466247558594,2.5167500972747803,251.36990356445312,-0.6263229846954346,-0.6532835364341736,-0.05596303939819336,1.0,0.0,12.232967376708984,0.12776494026184082
11.366196632385254,-0.4864060580730438,-0.8021215200424194,-0.01932295598089695,-0.01322521548718214,2.5232090950012207,268.4466247558594,2.6413910388946533,251.32583618164062,-0.525801420211792,-0.6892232298851013,-0.06803703308105469,1.0,0.0,12.232967376708984,0.11818194389343262
11.366697311401367,-0.3757268190383911,-0.8592962622642517,-0.01287764310836792,-0.005782809108495712,2.643160343170166,257.7087707519531,2.7650082111358643,251.23980712890625,-0.39951783418655396,-0.755075991153717,-0.026471614837646484,1.0,0.0,12.232967376708984,0.12184786796569824
11.367197036743164,-0.26116421818733215,-0.9063808917999268,-0.01771162636578083,-0.008573709987103939,2.77201509475708,257.7087707519531,2.8910086154937744,251.2559051513672,-0.2730003595352173,-0.8258363008499146,0.015104293823242188,1.0,0.0,12.232967376708984,0.11899352073669434
11.367696762084961,-0.1407761126756668,-0.9265599250793457,-0.008043658919632435,-0.038343336433172226,2.9015583992004395,258.2252197265625,3.016686201095581,251.25787353515625,-0.21744868159294128,-0.8377545475959778,-0.045517921447753906,1.0,0.0,12.232967376708984,0.1151278018951416
11.368197441101074,-0.008737790398299694,-0.9433757662773132,-0.006432330701500177,-0.007643410470336676,3.030669689178467,258.2252197265625,-3.139359474182129,251.32171630859375,-0.0074842399917542934,-0.8353822827339172,0.07285785675048828,1.0,0.0,12.232967376708984,0.11315631866455078
11.368696212768555,0.10582494735717773,-0.9400123953819275,-0.02254561148583889,-0.028110025450587273,3.115691661834717,225.26991271972656,-3.011972427368164,251.3943634033203,0.06978403031826019,-0.8670437932014465,0.03460550308227539,1.0,0.0,12.232967376708984,0.15552139282226562
11.369195938110352,0.21844549477100372,-0.9231967329978943,-0.02899092435836792,-0.028110025450587273,3.2283272743225098,225.26991271972656,-2.8847360610961914,251.45921325683594,0.18751560151576996,-0.8245656490325928,0.050754547119140625,1.0,0.0,12.232967376708984,0.1701221466064453
11.369695663452148,0.33883383870124817,-0.8929277658462524,-0.02415693923830986,-0.05880994722247124,3.3987021446228027,268.7153625488281,-2.7567250728607178,251.5550994873047,0.34052571654319763,-0.8516532182693481,0.07965707778930664,1.0,0.0,12.232967376708984,0.12775850296020508
11.370196342468262,0.45145463943481445,-0.8391168117523193,-0.01610029861330986,-0.028110025450587273,3.5330605506896973,268.7153625488281,-2.627967357635498,251.68023681640625,0.4185452461242676,-0.7974396347999573,0.0538020133972168,1.0,0.0,12.232967376708984,0.12215757369995117
11.370696067810059,0.5621342062950134,-0.7718527317047119,-0.011266314424574375,-0.029040325433015823,3.6527771949768066,257.7087707519531,-2.4996981620788574,251.78250122070312,0.5221779346466064,-0.725158154964447,0.06636261940002441,1.0,0.0,12.232967376708984,0.13071012496948242
11.371195793151855,0.6572789549827576,-0.694499671459198,-0.008043658919632435,-0.027179725468158722,3.7816319465637207,257.7087707519531,-2.3721063137054443,251.853759765625,0.6070488095283508,-0.7012631893157959,0.028063058853149414,1.0,0.0,12.232967376708984,0.12944746017456055
11.371695518493652,0.7417451739311218,-0.6087380051612854,-0.009654986672103405,-0.02252822183072567,3.8819241523742676,236.23304748535156,-2.244330883026123,251.93133544921875,0.6774754524230957,-0.6103083491325378,0.024295568466186523,1.0,0.0,12.232967376708984,0.15693044662475586
11.372196197509766,0.8145601749420166,-0.5095239281654358,-0.0032096742652356625,-0.018807020038366318,4.000040531158447,236.23304748535156,-2.117264747619629,251.97752380371094,0.7395976185798645,-0.48527202010154724,0.04996800422668457,1.0,0.0,12.232967376708984,0.1658802032470703
11.372694969177246,0.8737833499908447,-0.4069463610649109,-0.01448897086083889,-0.04950693994760513,4.160732746124268,268.4466247558594,-1.9899247884750366,252.03421020507812,0.8164821267127991,-0.44138485193252563,0.0075495243072509766,1.0,0.0,12.232967376708984,0.13252782821655273
11.373194694519043,0.9223268628120422,-0.2892346680164337,0.0048469663597643375,-0.014155515469610691,4.294954776763916,268.4466247558594,-1.8619486093521118,252.11627197265625,0.8662182688713074,-0.3426758348941803,-0.0015523433685302734,1.0,0.0,12.232967376708984,0.1262822151184082
11.373695373535156,0.9582489132881165,-0.15975184738636017,0.01290360651910305,-0.033691827207803726,4.414909839630127,257.7087707519531,-1.7347276210784912,252.1652069091797,0.9023628830909729,-0.1880820244550705,0.04264473915100098,1.0,0.0,12.232967376708984,0.13354825973510742
11.374195098876953,0.9689290523529053,-0.04035840928554535,0.01773759163916111,0.004450499080121517,4.543764591217041,257.7087707519531,-1.6080256700515747,252.19094848632812,0.9085437655448914,-0.12456077337265015,-0.015049219131469727,1.0,0.0,12.232967376708984,0.1313953399658203
11.37469482421875,0.9757248759269714,0.0891246348619461,0.0048469663597643375,-0.01973731815814972,4.687246799468994,268.7153625488281,-1.4818170070648193,252.19581604003906,0.9456629753112793,0.025857483968138695,0.02248692512512207,1.0,0.0,12.232967376708984,0.11412191390991211
11.375194549560547,0.9543656706809998,0.22028926014900208,0.01612626202404499,0.0016595961060374975,4.821605205535889,268.7153625488281,-1.3546061515808105,252.24240112304688,0.9016169905662537,0.1261560022830963,0.006909370422363281,1.0,0.0,12.232967376708984,0.10697412490844727
11.37569522857666,0.9252395033836365,0.33800092339515686,0.02901688776910305,0.016544407233595848,4.912759304046631,236.23304748535156,-1.2289255857467651,252.22377014160156,0.9105353951454163,0.24077904224395752,0.0006966590881347656,1.0,0.0,12.232967376708984,0.14150047302246094
11.376194953918457,0.8708708882331848,0.4456232190132141,0.01934891939163208,0.014683806337416172,5.030876636505127,236.23304748535156,-1.102111577987671,252.25326538085938,0.8402331471443176,0.33051544427871704,-0.009900569915771484,1.0,0.0,12.232967376708984,0.15019750595092773
11.376693725585938,0.8087348341941833,0.5599719285964966,0.01934891939163208,0.0184050090610981,5.191567897796631,268.4466247558594,-0.9760105609893799,252.25228881835938,0.7694976925849915,0.47441306710243225,0.041924476623535156,1.0,0.0,12.232967376708984,0.11560678482055664
11.37719440460205,0.7252400517463684,0.6575043797492981,0.02579423226416111,0.012823205441236496,5.325791835784912,268.4466247558594,-0.8496983051300049,252.25997924804688,0.719030499458313,0.5291600227355957,-0.002613067626953125,1.0,0.0,12.232967376708984,0.10769510269165039
11.377694129943848,0.6271823048591614,0.7533553242683411,0.03868485614657402,0.009102001786231995,5.474284648895264,279.18450927734375,-0.7228612899780273,252.28970336914062,0.603516697883606,0.6180058121681213,0.03353142738342285,1.0,0.0,12.232967376708984,0.08603954315185547
11.378193855285645,0.5174737572669983,0.8290274143218994,0.04351884126663208,0.03980192542076111,5.613876819610596,279.18450927734375,-0.5958993434906006,252.32388305664062,0.5440135598182678,0.6786839962005615,0.0042972564697265625,1.0,0.0,12.232967376708984,0.0734095573425293
11.378693580627441,0.4009692370891571,0.8962910771369934,0.04674149677157402,0.05654733628034592,5.724929332733154,257.7087707519531,-0.4680192470550537,252.39614868164062,0.4254053235054016,0.7794077396392822,0.05272483825683594,1.0,0.0,12.232967376708984,0.09023714065551758
11.379194259643555,0.28446489572525024,0.946739137172699,0.01773759163916111,0.04910493269562721,5.853784084320068,257.7087707519531,-0.3385016918182373,252.5356903076172,0.3059268891811371,0.8610696196556091,0.08161497116088867,1.0,0.0,12.232967376708984,0.09089994430541992
11.379693984985352,0.14660122990608215,0.9702814221382141,0.03385087102651596,0.05654733628034592,5.968695163726807,247.21812438964844,-0.20850396156311035,252.69268798828125,0.14756593108177185,0.8223810791969299,0.11564111709594727,1.0,0.0,12.232967376708984,0.10598611831665039
11.380193710327148,0.028155198320746422,0.983734130859375,0.02096024714410305,0.03794132545590401,6.092304706573486,247.21812438964844,-0.07815098762512207,252.8607940673828,0.0757850706577301,0.875097930431366,0.07634139060974121,1.0,0.0,12.232967376708984,0.11272954940795898
11.380693435668945,-0.10388312488794327,0.9770079255104065,0.009680950082838535,0.04445342719554901,6.244235515594482,268.7153625488281,0.05280256271362305,253.05104064941406,-0.08853470534086227,0.8718947768211365,0.1332716941833496,1.0,0.0,12.232967376708984,0.09175252914428711
11.381193161010742,-0.23786340653896332,0.9534655809402466,0.02418290264904499,0.050965528935194016,0.09540843963623047,268.7153625488281,0.18401098251342773,253.2479248046875,-0.19144530594348907,0.8271005749702454,0.1283719539642334,1.0,0.0,12.232967376708984,0.08860254287719727
11.381692886352539,-0.36796000599861145,0.91310715675354,0.02740556001663208,0.04910493269562721,0.24369144439697266,279.18450927734375,0.31599855422973633,253.4733123779297,-0.3050350844860077,0.8239262104034424,0.12355422973632812,1.0,0.0,12.232967376708984,0.07230710983276367
11.382192611694336,-0.4970855414867401,0.8508879542350769,0.03062821552157402,0.052826136350631714,0.3832826614379883,279.18450927734375,0.4488699436187744,253.7310791015625,-0.43191972374916077,0.745589554309845,0.16141176223754883,1.0,0.0,12.232967376708984,0.06558728218078613
11.38269329071045,-0.6048521995544434,0.7853054404258728,-0.0032096742652356625,0.03701102361083031,0.5228748321533203,279.18450927734375,0.5817043781280518,253.98155212402344,-0.5280168652534485,0.8076244592666626,0.0823054313659668,1.0,0.0,12.232967376708984,0.058829545974731445
11.383193016052246,-0.7252402901649475,0.6911361217498779,0.01290360651910305,0.04073222726583481,0.6624660491943359,279.18450927734375,0.7141780853271484,254.21202087402344,-0.679543137550354,0.6535269021987915,0.176177978515625,1.0,0.0,12.232967376708984,0.0517120361328125
11.383692741394043,-0.8067935109138489,0.5902405381202698,-0.009654986672103405,0.03701102361083031,0.7449350357055664,236.23304748535156,0.8466675281524658,254.43795776367188,-0.7174044251441956,0.5884310007095337,0.12247300148010254,1.0,0.0,12.232967376708984,0.10173249244689941
11.384193420410156,-0.8757249712944031,0.4910263121128082,-0.008043658919632435,0.02305651269853115,0.8630514144897461,236.23304748535156,0.9795434474945068,254.67575073242188,-0.8276883363723755,0.48115965723991394,0.15016460418701172,1.0,0.0,12.232967376708984,0.11649203300476074
11.384692192077637,-0.9339775443077087,0.3699514865875244,-0.011266314424574375,0.034220121800899506,1.0237407684326172,268.4466247558594,1.1126458644866943,254.9180450439453,-0.8818610906600952,0.37440115213394165,0.14219093322753906,1.0,0.0,12.232967376708984,0.08890509605407715
11.38519287109375,-0.9718410968780518,0.2505580484867096,-0.02576826699078083,0.01096260454505682,1.158233642578125,268.4466247558594,1.2449796199798584,255.1227264404297,-0.9165695905685425,0.3244030475616455,0.07095050811767578,1.0,0.0,12.232967376708984,0.0867459774017334
11.38569164276123,-0.9951420426368713,0.11603031307458878,-0.0015983461635187268,0.00258989748544991,1.3064594268798828,279.18450927734375,1.3757669925689697,255.25831604003906,-0.9105692505836487,0.199177086353302,0.06500911712646484,1.0,0.0,12.232967376708984,0.06930756568908691
11.386192321777344,-0.9951420426368713,-0.015134297311306,-0.04188155010342598,-0.01322521548718214,1.4460525512695312,279.18450927734375,1.5055725574493408,255.34963989257812,-0.9388919472694397,0.12216055393218994,0.02101278305053711,1.0,0.0,12.232967376708984,0.05952000617980957
11.38669204711914,-0.9912586212158203,-0.15638872981071472,-0.01287764310836792,-0.02066762000322342,1.5856428146362305,279.18450927734375,1.6360657215118408,255.46820068359375,-0.9484489560127258,-0.05391499772667885,0.07696247100830078,1.0,0.0,12.232967376708984,0.05042290687561035
11.387191772460938,-0.9543654918670654,-0.2875533103942871,-0.02899092435836792,-0.015085816383361816,1.725235939025879,279.18450927734375,1.765878438949585,255.5554962158203,-0.8999021053314209,-0.11298193037509918,0.01503133773803711,1.0,0.0,12.232967376708984,0.040642499923706055
11.387691497802734,-0.9019384980201721,-0.41871753334999084,-0.02576826699078083,-0.02252822183072567,1.8223457336425781,247.21812438964844,1.8959429264068604,255.6514892578125,-0.7908015847206116,-0.26436346769332886,0.08300542831420898,1.0,0.0,12.232967376708984,0.07359719276428223
11.388192176818848,-0.8553367257118225,-0.526339590549469,-0.02254561148583889,-0.015085816383361816,1.9459552764892578,247.21812438964844,2.0271475315093994,255.7935791015625,-0.8348392844200134,-0.424872487783432,0.10006475448608398,1.0,0.0,12.232967376708984,0.0811922550201416
11.388691902160645,-0.7737837433815002,-0.6272355914115906,-0.02093428373336792,-0.03834332898259163,2.0977964401245117,268.4466247558594,2.157788038253784,255.90875244140625,-0.7484998106956482,-0.4761000871658325,0.06507444381713867,1.0,0.0,12.232967376708984,0.05999159812927246
11.389191627502441,-0.6844637393951416,-0.7214051485061646,-0.01287764310836792,-0.016946416348218918,2.2320194244384766,268.4466247558594,2.2892019748687744,256.0542907714844,-0.6983622908592224,-0.5901681184768677,0.06883049011230469,1.0,0.0,12.232967376708984,0.05718255043029785
11.389691352844238,-0.5747551321983337,-0.8105295896530151,-0.04188155010342598,-0.015085817314684391,2.394516944885254,289.9223937988281,2.4208972454071045,256.20855712890625,-0.6054099798202515,-0.6831749081611633,0.08128547668457031,1.0,0.0,12.232967376708984,0.026380300521850586
11.390191078186035,-0.45728012919425964,-0.8828385472297668,-0.01771162636578083,-0.02345852181315422,2.539478302001953,289.9223937988281,2.5537941455841064,256.4098205566406,-0.5149510502815247,-0.7457513809204102,0.06919622421264648,1.0,0.0,12.232967376708984,0.01431584358215332
11.390690803527832,-0.3213581442832947,-0.9433757662773132,-0.006432330701500177,-0.016946416348218918,2.6701669692993164,279.18450927734375,2.686371088027954,256.5936279296875,-0.33949020504951477,-0.8135866522789001,0.14602231979370117,1.0,0.0,12.232967376708984,0.016204118728637695
11.391190528869629,-0.18349432945251465,-0.9803708791732788,-0.02576826699078083,-0.028110025450587273,2.809760093688965,279.18450927734375,2.8209755420684814,256.858642578125,-0.22046008706092834,-0.8401697278022766,0.15021896362304688,1.0,0.0,12.232967376708984,0.011215448379516602
11.391691207885742,-0.04563114419579506,-0.9938240051269531,0.0016243100399151444,-0.04764634370803833,2.906869888305664,247.21812438964844,2.957592248916626,257.2029113769531,-0.061103835701942444,-0.8714666366577148,0.20054101943969727,1.0,0.0,12.232967376708984,0.050722360610961914
11.392190933227539,0.08058255165815353,-1.0005502700805664,-0.02576826699078083,-0.037413034588098526,3.0304794311523438,247.21812438964844,3.0943357944488525,257.545166015625,0.04595422372221947,-0.9399759769439697,0.18268823623657227,1.0,0.0,12.232967376708984,0.06385636329650879
11.392690658569336,0.22427110373973846,-0.9803708791732788,-0.02254561148583889,-0.04299483820796013,3.182321548461914,268.4466247558594,-3.052631378173828,257.8580627441406,0.22896941006183624,-0.8832821846008301,0.25165510177612305,1.0,0.0,12.232967376708984,0.0482325553894043
11.39319133758545,0.33689236640930176,-0.9433757662773132,-0.01610029861330986,-0.026249423623085022,3.3165454864501953,268.4466247558594,-2.9151830673217773,258.2159423828125,0.2697722613811493,-0.9131426215171814,0.14750909805297852,1.0,0.0,12.232967376708984,0.05145692825317383
11.39369010925293,0.46504679322242737,-0.8862015008926392,-0.008043658919632435,-0.02531912364065647,3.4647703170776367,279.18450927734375,-2.7789101600646973,258.5170593261719,0.4044496715068817,-0.8647471070289612,0.16161656379699707,1.0,0.0,12.232967376708984,0.0395050048828125
11.394189834594727,0.5961146354675293,-0.8138927221298218,-0.006432330701500177,-0.02624942548573017,3.6043624877929688,279.18450927734375,-2.6417481899261475,258.8492736816406,0.5833494663238525,-0.7647342085838318,0.2390580177307129,1.0,0.0,12.232967376708984,0.03707456588745117
11.394689559936523,0.6893178820610046,-0.7264498472213745,0.0016243100399151444,-0.01973732002079487,3.7154150009155273,257.7087707519531,-2.50532865524292,259.1429443359375,0.6040138602256775,-0.7523527145385742,0.12708258628845215,1.0,0.0,12.232967376708984,0.06244182586669922
11.395190238952637,0.7786379456520081,-0.6322805285453796,1.2981891813979018e-05,-0.009504010900855064,3.8442697525024414,257.7087707519531,-2.36857533454895,259.4447326660156,0.7137754559516907,-0.6384323239326477,0.15514039993286133,1.0,0.0,12.232967376708984,0.07034063339233398
11.395689964294434,0.8485405445098877,-0.5246584415435791,0.01934891939163208,-0.0020616059191524982,3.9873924255371094,268.4466247558594,-2.2325053215026855,259.71124267578125,0.7541020512580872,-0.603136420249939,0.07393288612365723,1.0,0.0,12.232967376708984,0.06328773498535156
11.39618968963623,0.9126182198524475,-0.4002198874950409,0.00323563814163208,-0.005782809108495712,4.121615409851074,268.4466247558594,-2.0978620052337646,259.9124755859375,0.8145725727081299,-0.4443776607513428,0.11474251747131348,1.0,0.0,12.232967376708984,0.06370782852172852
11.396690368652344,0.9631035327911377,-0.2724186182022095,0.01290360651910305,-0.005782809108495712,4.284767150878906,290.21258544921875,-1.9630719423294067,260.115478515625,0.896579384803772,-0.3506763279438019,0.10656046867370605,1.0,0.0,12.232967376708984,0.03534650802612305
11.39719009399414,0.9902877807617188,-0.13789108395576477,0.02418290264904499,0.006311099510639906,4.429873466491699,290.21258544921875,-1.828562617301941,260.30255126953125,0.9365358948707581,-0.24160410463809967,0.09241652488708496,1.0,0.0,12.232967376708984,0.024749279022216797
11.397688865661621,1.0038799047470093,0.0,0.009680950082838535,0.0035201977007091045,4.560031890869141,279.18450927734375,-1.6944289207458496,260.469970703125,0.9596171379089355,-0.10511039197444916,0.10175037384033203,1.0,0.0,12.232967376708984,0.02872467041015625
11.398188591003418,0.9873752593994141,0.14293578267097473,0.01934891939163208,0.014683806337416172,4.699624538421631,279.18450927734375,-1.5606145858764648,260.6202697753906,0.9196954965591431,0.0020467094145715237,0.07921600341796875,1.0,0.0,12.232967376708984,0.02294635772705078
11.398689270019531,0.9689286351203918,0.26905548572540283,0.03062821552157402,0.026777714490890503,4.782135009765625,236.23304748535156,-1.4260135889053345,260.80072021484375,0.9580467343330383,0.1568727046251297,0.1048588752746582,1.0,0.0,12.232967376708984,0.07503700256347656
11.399188995361328,0.923297643661499,0.38172245025634766,0.02257157489657402,0.025847412645816803,4.900251865386963,236.23304748535156,-1.2919244766235352,260.95574951171875,0.8731136322021484,0.2529600262641907,0.09045982360839844,1.0,0.0,12.232967376708984,0.09100914001464844
11.399688720703125,0.8698999285697937,0.4943894147872925,0.014514935202896595,0.032359518110752106,5.075821399688721,279.4639587402344,-1.1586731672286987,261.07220458984375,0.8587499260902405,0.3493465781211853,0.061487436294555664,1.0,0.0,12.232967376708984,0.0486907958984375
11.400189399719238,0.7941722273826599,0.6121013164520264,0.006458294112235308,0.010962603613734245,5.215552806854248,279.4639587402344,-1.0246007442474365,261.2210388183594,0.79781574010849,0.5296321511268616,0.12743020057678223,1.0,0.0,12.232967376708984,0.043032169342041016
11.400689125061035,0.6932017207145691,0.7062706351280212,0.01934891939163208,0.033289819955825806,5.354915142059326,279.18450927734375,-0.8900659084320068,261.3858337402344,0.6886052489280701,0.5458528995513916,0.07695698738098145,1.0,0.0,12.232967376708984,0.03820466995239258
11.401188850402832,0.5873767137527466,0.7953954935073853,0.01773759163916111,0.02119591273367405,5.494505882263184,279.18450927734375,-0.7550837993621826,261.5661315917969,0.6007915735244751,0.6531400084495544,0.09897875785827637,1.0,0.0,12.232967376708984,0.03359556198120117
11.401687622070312,0.470872163772583,0.8693854212760925,0.02740556001663208,0.03980192542076111,5.63381814956665,279.18450927734375,-0.619713306427002,261.75897216796875,0.49726569652557373,0.7487564086914062,0.1212015151977539,1.0,0.0,12.232967376708984,0.02965402603149414
11.402188301086426,0.3446592092514038,0.9265599250793457,0.01773759163916111,0.0249171145260334,5.773410797119141,279.18450927734375,-0.48404741287231445,261.96014404296875,0.376308411359787,0.8035484552383423,0.13392019271850586,1.0,0.0,12.232967376708984,0.025727272033691406
11.402688026428223,0.21456210315227509,0.9702814221382141,0.02257157489657402,0.033289819955825806,5.884805202484131,257.96673583984375,-0.3463776111602783,262.24139404296875,0.23441970348358154,0.8703213334083557,0.1713707447052002,1.0,0.0,12.232967376708984,0.0520024299621582
11.40318775177002,0.09029070287942886,0.983734130859375,0.01290360651910305,0.03887162357568741,6.01378870010376,257.96673583984375,-0.20843148231506348,262.5283203125,0.15516966581344604,0.9088574051856995,0.12734031677246094,1.0,0.0,12.232967376708984,0.06096506118774414
11.403688430786133,-0.04951443150639534,0.9904603958129883,0.01612626202404499,0.03887162357568741,6.170993328094482,279.18450927734375,-0.071075439453125,262.7845764160156,-0.0012384512228891253,0.9083669185638428,0.16067242622375488,1.0,0.0,12.232967376708984,0.04111671447753906
11.40418815612793,-0.1912616342306137,0.9702814221382141,0.01290360651910305,0.03887162357568741,0.027399063110351562,279.18450927734375,0.06747174263000488,263.08544921875,-0.13669291138648987,0.8672779202461243,0.17725682258605957,1.0,0.0,12.232967376708984,0.04007267951965332
11.404687881469727,-0.32718324661254883,0.9366495013237,0.014514935202896595,0.04352312907576561,0.1669917106628418,279.18450927734375,0.20641469955444336,263.396484375,-0.2752498686313629,0.8727267980575562,0.1876516342163086,1.0,0.0,12.232967376708984,0.03942298889160156
11.405187606811523,-0.4495130479335785,0.8794749975204468,0.0048469663597643375,0.028638318181037903,0.3065824508666992,279.18450927734375,0.34517335891723633,263.69342041015625,-0.3761757016181946,0.8038120269775391,0.18116164207458496,1.0,0.0,12.232967376708984,0.03859090805053711
11.40568733215332,-0.5747553706169128,0.8172562718391418,0.02418290264904499,0.02305651269853115,0.44589662551879883,279.18450927734375,0.48465394973754883,264.01422119140625,-0.5317727327346802,0.818157434463501,0.1804215908050537,1.0,0.0,12.232967376708984,0.03875732421875
11.406188011169434,-0.6922305226325989,0.7214051485061646,0.01290360651910305,0.029568614438176155,0.5857677459716797,279.18450927734375,0.6253335475921631,264.3786926269531,-0.6548295617103577,0.6894686222076416,0.2233293056488037,1.0,0.0,12.232967376708984,0.0395658016204834
11.406686782836914,-0.7757254242897034,0.6238724589347839,-0.006432330701500177,0.0239868126809597,0.6965398788452148,257.7087707519531,0.7647721767425537,264.683349609375,-0.7094565629959106,0.6393359899520874,0.16143584251403809,1.0,0.0,12.232967376708984,0.06823229789733887
11.407186508178711,-0.8533952236175537,0.5229766368865967,-0.0015983461635187268,0.01933530904352665,0.8253946304321289,257.7087707519531,0.9035131931304932,264.9522399902344,-0.7954431176185608,0.575192391872406,0.13004255294799805,1.0,0.0,12.232967376708984,0.07811856269836426
11.407687187194824,-0.9232978224754333,0.40190187096595764,-0.01610029861330986,0.007241401355713606,0.9827895164489746,279.18450927734375,1.0427052974700928,265.2345886230469,-0.9007160067558289,0.4235038161277771,0.17769861221313477,1.0,0.0,12.232967376708984,0.059915781021118164
11.408186912536621,-0.9660159945487976,0.2673741281032562,-0.02576826699078083,0.003520198166370392,1.1223821640014648,279.18450927734375,1.180518388748169,265.45294189453125,-0.8880049586296082,0.3130130469799042,0.14042329788208008,1.0,0.0,12.232967376708984,0.0581362247467041
11.408686637878418,-0.9961130023002625,0.1412540078163147,-0.01610029861330986,0.010962603613734245,1.262345314025879,279.4639587402344,1.3183486461639404,265.66729736328125,-0.9647614359855652,0.2469838708639145,0.09072589874267578,1.0,0.0,12.232967376708984,0.05600333213806152
11.409187316894531,-0.9990256428718567,0.001681775669567287,-0.02899092435836792,-0.005782809108495712,1.4020767211914062,279.4639587402344,1.4547412395477295,265.8168029785156,-0.9475191831588745,0.12686605751514435,0.07182502746582031,1.0,0.0,12.232967376708984,0.05266451835632324
11.409687042236328,-0.9922296404838562,-0.14125442504882812,-0.01448897086083889,-0.030900927260518074,1.5414390563964844,279.18450927734375,1.5930144786834717,266.04254150390625,-0.9426723122596741,-0.07120093703269958,0.1424112319946289,1.0,0.0,12.232967376708984,0.051575422286987305
11.410186767578125,-0.9631035327911377,-0.27914488315582275,-0.02899092435836792,-0.01322521548718214,1.6810297966003418,279.18450927734375,1.7296440601348877,266.1942138671875,-0.9248723387718201,-0.18364422023296356,0.1263895034790039,1.0,0.0,12.232967376708984,0.0486142635345459
11.410685539245605,-0.9087348580360413,-0.4002200961112976,-0.01287764310836792,-0.013225213624536991,1.7775306701660156,246.97091674804688,1.866821527481079,266.3654479980469,-0.8310633897781372,-0.2393411546945572,0.07344198226928711,1.0,0.0,12.232967376708984,0.08929085731506348
11.411186218261719,-0.85727858543396,-0.5095236897468567,-0.02737959660589695,-0.02345852181315422,1.9010167121887207,246.97091674804688,2.004119634628296,266.53857421875,-0.8409581780433655,-0.39796221256256104,0.09789657592773438,1.0,0.0,12.232967376708984,0.1031029224395752
11.411685943603516,-0.7805797457695007,-0.6087380051612854,-0.01448897086083889,-0.030900927260518074,2.0673136711120605,279.18450927734375,2.140167474746704,266.6551513671875,-0.7910959720611572,-0.4526769518852234,0.0393824577331543,1.0,0.0,12.232967376708984,0.07285380363464355
11.412185668945312,-0.6834926605224609,-0.7029075622558594,-0.02899092435836792,-0.033691830933094025,2.206906318664551,279.18450927734375,2.2770473957061768,266.80450439453125,-0.7262077927589417,-0.538423478603363,0.020721435546875,1.0,0.0,12.232967376708984,0.07014107704162598
11.412686347961426,-0.5766969919204712,-0.7937137484550476,-0.02576826699078083,-0.02066762000322342,2.346869468688965,279.4639587402344,2.414057970046997,266.9562072753906,-0.592065691947937,-0.6299522519111633,0.06234121322631836,1.0,0.0,12.232967376708984,0.06718850135803223
11.413186073303223,-0.4669886529445648,-0.866022527217865,-0.02415693923830986,-0.029040327295660973,2.486600875854492,279.4639587402344,2.551684617996216,267.1305236816406,-0.5376855134963989,-0.7729816436767578,0.07144927978515625,1.0,0.0,12.232967376708984,0.06508374214172363
11.41368579864502,-0.3407755196094513,-0.9231967329978943,-0.01287764310836792,-0.04671604186296463,2.5973992347717285,257.7087707519531,2.6897213459014893,267.3185729980469,-0.37218841910362244,-0.8443292379379272,0.12628555297851562,1.0,0.0,12.232967376708984,0.09232211112976074
11.414185523986816,-0.21067868173122406,-0.9568284749984741,-0.01771162636578083,-0.01229491364210844,2.7262539863586426,257.7087707519531,2.828775644302368,267.54541015625,-0.21709665656089783,-0.832219660282135,0.14740276336669922,1.0,0.0,12.232967376708984,0.10252165794372559
11.414685249328613,-0.08640742301940918,-0.9770079255104065,-0.01610029861330986,-0.02252822183072567,2.883762836456299,279.4639587402344,2.967547655105591,267.75537109375,-0.15140558779239655,-0.9178571701049805,0.10019779205322266,1.0,0.0,12.232967376708984,0.08378481864929199
11.41518497467041,0.05339796468615532,-0.983734130859375,-0.01771162636578083,-0.01973731815814972,3.023493766784668,279.4639587402344,3.1069881916046143,267.9891662597656,0.0013650525361299515,-0.9332485795021057,0.12588834762573242,1.0,0.0,12.232967376708984,0.08349442481994629
11.415684700012207,0.19320309162139893,-0.9601918458938599,-0.01932295598089695,-0.028110025450587273,3.1767516136169434,289.6327819824219,-3.0369455814361572,268.2099609375,0.1125602200627327,-0.9059689044952393,0.10878539085388184,1.0,0.0,12.232967376708984,0.0694880485534668
11.41618537902832,0.32329973578453064,-0.9265599250793457,-0.01610029861330986,-0.02438882365822792,3.321568012237549,289.6327819824219,-2.8970389366149902,268.453857421875,0.2374345362186432,-0.9047896265983582,0.10195493698120117,1.0,0.0,12.232967376708984,0.06457853317260742
11.416685104370117,0.4592216908931732,-0.8761121034622192,-0.006432330701500177,-0.02066762000322342,3.452871322631836,279.4639587402344,-2.7575154304504395,268.6765441894531,0.40893393754959106,-0.8885532021522522,0.1373443603515625,1.0,0.0,12.232967376708984,0.0727987289428711
11.417184829711914,0.5737846493721008,-0.8054846525192261,0.0048469663597643375,-0.012294914573431015,3.592602252960205,279.4639587402344,-2.617587089538574,268.91119384765625,0.49417582154273987,-0.8481781482696533,0.09353828430175781,1.0,0.0,12.232967376708984,0.07299613952636719
11.417684555053711,0.6893178820610046,-0.7197234034538269,-0.01610029861330986,-0.02252822183072567,3.6891183853149414,246.97091674804688,-2.4773881435394287,269.1526794433594,0.6434605717658997,-0.7273904085159302,0.15035605430603027,1.0,0.0,12.232967376708984,0.11667871475219727
11.418185234069824,0.7728126049041748,-0.6289173364639282,-0.0015983461635187268,-0.008573710918426514,3.8126039505004883,246.97091674804688,-2.3364362716674805,269.4202880859375,0.718675971031189,-0.6774188280105591,0.09997391700744629,1.0,0.0,12.232967376708984,0.13414525985717773
11.418684005737305,0.8533954620361328,-0.5229764580726624,-0.01610029861330986,-0.018807020038366318,3.9786550998687744,279.18450927734375,-2.1963746547698975,269.6450500488281,0.8058729767799377,-0.5739870071411133,0.09692597389221191,1.0,0.0,12.232967376708984,0.10815572738647461
11.419183731079102,0.9145600199699402,-0.39685675501823425,0.01290360651910305,-0.0020616059191524982,4.118247032165527,279.18450927734375,-2.0574469566345215,269.8174743652344,0.8301933407783508,-0.4376823306083679,0.09176325798034668,1.0,0.0,12.232967376708984,0.10749149322509766
11.419684410095215,0.9631035327911377,-0.2724186182022095,-0.006432330701500177,0.005380799062550068,4.272109031677246,289.9223937988281,-1.9190093278884888,269.9656066894531,0.9202746152877808,-0.37637773156166077,0.05014801025390625,1.0,0.0,12.232967376708984,0.09206724166870117
11.420184135437012,0.9883461594581604,-0.12780126929283142,0.01290360651910305,0.003520197933539748,4.417070388793945,289.9223937988281,-1.7811609506607056,270.08612060546875,0.9192355275154114,-0.2103148102760315,0.07575201988220215,1.0,0.0,12.232967376708984,0.08495426177978516
11.420683860778809,0.996113121509552,0.006726471241563559,0.009680950082838535,0.010962603613734245,4.548132419586182,279.4639587402344,-1.6445156335830688,270.15325927734375,0.9293878674507141,-0.13022363185882568,0.02462601661682129,1.0,0.0,12.232967376708984,0.09053754806518555
11.421183586120605,0.9805793762207031,0.1479804813861847,0.0370735265314579,0.0249171145260334,4.687864303588867,279.4639587402344,-1.507787823677063,270.22259521484375,0.9150672554969788,0.011436514556407928,0.03969287872314453,1.0,0.0,12.232967376708984,0.08753347396850586
11.421684265136719,0.9553367495536804,0.2724186182022095,0.02579423226416111,0.01096260454505682,4.784380912780762,246.97091674804688,-1.3706969022750854,270.3059997558594,0.9272580146789551,0.13770517706871033,0.03755378723144531,1.0,0.0,12.232967376708984,0.12810754776000977
11.422183990478516,0.9106764793395996,0.39013051986694336,0.02257157489657402,0.025847412645816803,4.90786600112915,246.97091674804688,-1.2335315942764282,270.3907165527344,0.8749209642410278,0.2635536193847656,0.045606136322021484,1.0,0.0,12.232967376708984,0.14178800582885742
11.422682762145996,0.8533950448036194,0.5027972459793091,0.02418290264904499,0.028638316318392754,5.073917388916016,279.18450927734375,-1.0969469547271729,270.4492492675781,0.8512077927589417,0.37274155020713806,0.029129505157470703,1.0,0.0,12.232967376708984,0.11232137680053711
11.42318344116211,0.7737837433815002,0.6137831211090088,0.02096024714410305,0.026777714490890503,5.2135090827941895,279.18450927734375,-0.9602489471435547,270.51129150390625,0.7804100513458252,0.4839633107185364,0.034829139709472656,1.0,0.0,12.232967376708984,0.10942745208740234
11.423683166503906,0.6796092391014099,0.7096337676048279,0.01612626202404499,0.029568614438176155,5.35310173034668,279.18450927734375,-0.8235180377960205,270.5732116699219,0.7014143466949463,0.5629751086235046,0.019299030303955078,1.0,0.0,12.232967376708984,0.10656595230102539
11.424182891845703,0.5660175085067749,0.7987586259841919,0.02096024714410305,0.032359518110752106,5.4926934242248535,279.18450927734375,-0.6860687732696533,270.66424560546875,0.5311780571937561,0.6239615678787231,0.0713040828704834,1.0,0.0,12.232967376708984,0.10442304611206055
11.4246826171875,0.4572800099849701,0.8693854212760925,0.02096024714410305,0.0007292955997399986,5.646556377410889,289.9223937988281,-0.5486040115356445,270.75372314453125,0.5148401260375977,0.741033136844635,0.031751155853271484,1.0,0.0,12.232967376708984,0.08802509307861328
11.425183296203613,0.32329973578453064,0.9265599250793457,0.01773759163916111,0.0249171145260334,5.791517734527588,289.9223937988281,-0.41047072410583496,270.86956787109375,0.3561245799064636,0.801062285900116,0.08274483680725098,1.0,0.0,12.232967376708984,0.08119726181030273
11.42568302154541,0.1912613958120346,0.9568284749984741,0.03546220064163208,0.029568618163466454,5.879724979400635,247.21812438964844,-0.27173280715942383,271.0083923339844,0.2463623583316803,0.8216349482536316,0.07101583480834961,1.0,0.0,12.232967376708984,0.1317276954650879
11.426182746887207,0.07281524688005447,0.9736445546150208,0.01129227876663208,0.04538372904062271,6.003333568572998,247.21812438964844,-0.13181614875793457,271.19378662109375,0.1457357555627823,0.9085579514503479,0.06339406967163086,1.0,0.0,12.232967376708984,0.14803552627563477
11.426681518554688,-0.06116477772593498,0.9736445546150208,0.00323563814163208,0.033289819955825806,6.16955041885376,279.4639587402344,0.006729841232299805,271.3178405761719,-0.0014043947448953986,0.8988474607467651,0.08559322357177734,1.0,0.0,12.232967376708984,0.12036466598510742
11.4271821975708,-0.1970866322517395,0.9534655809402466,-0.006432330701500177,0.003520197933539748,0.02609705924987793,279.4639587402344,0.14582109451293945,271.46221923828125,-0.1405903846025467,0.8643932938575745,0.1063086986541748,1.0,0.0,12.232967376708984,0.11972403526306152
11.427681922912598,-0.3271831274032593,0.9164701104164124,-0.00482100248336792,0.028638316318392754,0.17973875999450684,289.9223937988281,0.2854573726654053,271.62646484375,-0.25322991609573364,0.8800853490829468,0.0855712890625,1.0,0.0,12.232967376708984,0.10571861267089844
11.428181648254395,-0.451454758644104,0.866022527217865,-0.02576826699078083,0.016544407233595848,0.3246995210647583,289.9223937988281,0.4247760772705078,271.7737731933594,-0.38229429721832275,0.8876638412475586,0.07275009155273438,1.0,0.0,12.232967376708984,0.10007643699645996
11.428682327270508,-0.5689302086830139,0.7937137484550476,-0.01610029861330986,0.02212621085345745,0.41220736503601074,246.72418212890625,0.5647618770599365,271.9462890625,-0.5039721727371216,0.7945407629013062,0.09148716926574707,1.0,0.0,12.232967376708984,0.15255451202392578
11.429182052612305,-0.6679589152336121,0.7163602709770203,0.008069622330367565,0.028638318181037903,0.5355688333511353,246.72418212890625,0.7042405605316162,272.0935974121094,-0.5969788432121277,0.7192941308021545,0.07949185371398926,1.0,0.0,12.232967376708984,0.1686718463897705
11.429681777954102,-0.758249819278717,0.6137831211090088,-0.006432330701500177,0.016544407233595848,0.7024426460266113,279.4639587402344,0.844099760055542,272.2539367675781,-0.6849303245544434,0.5921756029129028,0.10495328903198242,1.0,0.0,12.232967376708984,0.14165711402893066
11.430181503295898,-0.8320360779762268,0.5128870606422424,-0.009654986672103405,0.012823204509913921,0.8421746492385864,279.4639587402344,0.9826772212982178,272.356689453125,-0.7605919241905212,0.5559483766555786,0.04787588119506836,1.0,0.0,12.232967376708984,0.1405026912689209
11.430681228637695,-0.8970841765403748,0.38676756620407104,-0.011266314424574375,0.0249171145260334,1.0097969770431519,300.6602478027344,1.1202728748321533,272.4161682128906,-0.8335074186325073,0.44228264689445496,0.053667545318603516,1.0,0.0,12.232967376708984,0.11047577857971191
11.431181907653809,-0.9436860084533691,0.2522394061088562,-0.02899092435836792,-0.0020616070833057165,1.1604270935058594,300.6602478027344,1.2586109638214111,272.5055847167969,-0.8717385530471802,0.33342576026916504,0.037825584411621094,1.0,0.0,12.232967376708984,0.09818387031555176
11.431680679321289,-0.9766954779624939,0.11434853821992874,-0.006432330701500177,0.005380799062550068,1.2819160223007202,279.18450927734375,1.3964622020721436,272.5729064941406,-0.9389911890029907,0.19477100670337677,0.06088399887084961,1.0,0.0,12.232967376708984,0.11454606056213379
11.432181358337402,-0.9815501570701599,-0.018497848883271217,-0.006432330701500177,0.0016595963388681412,1.4215078353881836,279.18450927734375,1.5332868099212646,272.59527587890625,-0.9272030591964722,0.12167591601610184,-0.002154827117919922,1.0,0.0,12.232967376708984,0.11177897453308105
11.4326810836792,-0.9660162329673767,-0.1395726501941681,-0.02899092435836792,-0.026249423623085022,1.5040172338485718,236.23304748535156,1.6696388721466064,272.59735107421875,-0.9298877120018005,0.041219037026166916,-0.05253171920776367,1.0,0.0,12.232967376708984,0.16562151908874512
11.433180809020996,-0.9495113492012024,-0.26232922077178955,-0.02737959660589695,-0.02159792184829712,1.6221340894699097,236.23304748535156,1.8059217929840088,272.5968017578125,-0.9236723184585571,-0.16514140367507935,0.032758235931396484,1.0,0.0,12.232967376708984,0.18378758430480957
11.433680534362793,-0.9097055792808533,-0.37835952639579773,-0.02576826699078083,-0.02066762000322342,1.8119890689849854,290.21258544921875,1.942633867263794,272.6141357421875,-0.9393278360366821,-0.2534019649028778,-0.01757955551147461,1.0,0.0,12.232967376708984,0.1306447982788086
11.434181213378906,-0.8359194397926331,-0.49943414330482483,-0.02415693923830986,-0.02345852181315422,1.9570958614349365,290.21258544921875,2.0784847736358643,272.5948486328125,-0.8194113373756409,-0.32129645347595215,-0.043358802795410156,1.0,0.0,12.232967376708984,0.12138891220092773
11.434680938720703,-0.7572789788246155,-0.6154646873474121,-0.02254561148583889,-0.02066762000322342,2.0875353813171387,279.18450927734375,2.214587450027466,272.58673095703125,-0.7265044450759888,-0.4791263937950134,0.030181884765625,1.0,0.0,12.232967376708984,0.12705206871032715
11.4351806640625,-0.6621336936950684,-0.7062706351280212,-0.011266314424574375,-0.029040325433015823,2.227128028869629,279.18450927734375,2.351055860519409,272.59393310546875,-0.6669002175331116,-0.5347658395767212,-0.013609886169433594,1.0,0.0,12.232967376708984,0.12392783164978027
11.435680389404297,-0.5592215657234192,-0.7970770597457886,-0.02254561148583889,-0.018807020038366318,2.380711078643799,289.9223937988281,2.488088846206665,272.6248474121094,-0.586635410785675,-0.6652528643608093,0.02175140380859375,1.0,0.0,12.232967376708984,0.10737776756286621
11.436180114746094,-0.4339790344238281,-0.8693854212760925,-0.02415693923830986,-0.04020393267273903,2.5256729125976562,289.9223937988281,2.6261188983917236,272.6970520019531,-0.4565539062023163,-0.7504479289054871,0.060031890869140625,1.0,0.0,12.232967376708984,0.10044598579406738
11.43667984008789,-0.31359121203422546,-0.9231967329978943,-0.02899092435836792,-0.033691830933094025,2.613551139831543,246.97091674804688,2.764336347579956,272.7757263183594,-0.34303000569343567,-0.8118565082550049,0.06865882873535156,1.0,0.0,12.232967376708984,0.15078520774841309
11.437179565429688,-0.19708651304244995,-0.9501022100448608,-0.01448897086083889,-0.02159791998565197,2.7370362281799316,246.97091674804688,2.9042398929595947,272.92340087890625,-0.23158374428749084,-0.8564878106117249,0.06448650360107422,1.0,0.0,12.232967376708984,0.16720366477966309
11.4376802444458,-0.06698989123106003,-0.9669181108474731,-0.01287764310836792,-0.031831227242946625,2.903705596923828,279.4639587402344,3.042861223220825,273.0139465332031,-0.14242327213287354,-0.8967772126197815,0.03233194351196289,1.0,0.0,12.232967376708984,0.13915562629699707
11.438179969787598,0.06893159449100494,-0.9635552167892456,-0.00482100248336792,-0.01973732002079487,3.0434374809265137,279.4639587402344,-3.1015079021453857,273.11114501953125,0.009706216864287853,-0.8703452348709106,0.06232738494873047,1.0,0.0,12.232967376708984,0.13824033737182617
11.438679695129395,0.2048535794019699,-0.9433757662773132,1.2981891813979018e-05,-0.033691830933094025,3.182797431945801,279.18450927734375,-2.961658000946045,273.2497863769531,0.1608278900384903,-0.8764246106147766,0.09298563003540039,1.0,0.0,12.232967376708984,0.13873004913330078
11.439180374145508,0.32135799527168274,-0.91310715675354,0.00323563814163208,-0.005782809108495712,3.322390079498291,279.18450927734375,-2.8235161304473877,273.31329345703125,0.2106388807296753,-0.9347660541534424,-0.005395412445068359,1.0,0.0,12.232967376708984,0.13727903366088867
11.439679145812988,0.4533965587615967,-0.8592962622642517,0.02418290264904499,-0.027179725468158722,3.4620742797851562,279.4639587402344,-2.6849546432495117,273.3935241699219,0.3916603624820709,-0.8435115218162537,0.06944561004638672,1.0,0.0,12.232967376708984,0.13615655899047852
11.440178871154785,0.5728134512901306,-0.7869874835014343,0.0016243100399151444,-0.01973732002079487,3.601806402206421,279.4639587402344,-2.5457074642181396,273.5008239746094,0.5033973455429077,-0.771967887878418,0.07339859008789062,1.0,0.0,12.232967376708984,0.13567161560058594
11.440678596496582,0.6708713173866272,-0.7045890688896179,0.008069622330367565,-0.0048525077290833,3.6979942321777344,246.72418212890625,-2.408421516418457,273.5233154296875,0.5915029048919678,-0.7147388458251953,0.04950547218322754,1.0,0.0,12.232967376708984,0.17676973342895508
11.441179275512695,0.7485409379005432,-0.6238724589347839,0.006458294112235308,0.003520197933539748,3.8213558197021484,246.72418212890625,-2.2713072299957275,273.5379333496094,0.6743479371070862,-0.6876732707023621,-0.0035436153411865234,1.0,0.0,12.232967376708984,0.1905226707458496
11.441679000854492,0.825239896774292,-0.5112054944038391,0.0016243100399151444,-0.00671310955658555,4.002128601074219,289.9223937988281,-2.134620189666748,273.5345153808594,0.747818648815155,-0.5449000597000122,0.02537250518798828,1.0,0.0,12.232967376708984,0.1464366912841797
11.442178726196289,0.8834922909736633,-0.39685675501823425,0.01129227876663208,0.00445049861446023,4.147089958190918,289.9223937988281,-1.9977028369903564,273.5407409667969,0.8205364346504211,-0.4943169355392456,-0.024257898330688477,1.0,0.0,12.232967376708984,0.13839292526245117
11.442679405212402,0.9320356845855713,-0.2724186182022095,0.01612626202404499,0.014683805406093597,4.278151988983154,279.4639587402344,-1.8616032600402832,273.5125732421875,0.8843271136283875,-0.3734787404537201,-0.01774144172668457,1.0,0.0,12.232967376708984,0.14343023300170898
11.4431791305542,0.9631032347679138,-0.13789087533950806,0.01773759163916111,0.0193353109061718,4.41788387298584,279.4639587402344,-1.7260215282440186,273.4633483886719,0.9088661074638367,-0.2250506430864334,0.003622770309448242,1.0,0.0,12.232967376708984,0.13927984237670898
11.44367790222168,0.9718410968780518,-0.008408037014305592,0.02096024714410305,-0.006713110487908125,4.556964874267578,279.18450927734375,-1.5912922620773315,273.3792419433594,0.9244005084037781,-0.13669589161872864,-0.03537440299987793,1.0,0.0,12.232967376708984,0.13492822647094727
11.444177627563477,0.9563073515892029,0.12275657802820206,0.01612626202404499,0.02026561088860035,4.69655704498291,279.18450927734375,-1.4567054510116577,273.29052734375,0.8896471858024597,-0.06731092929840088,-0.09896183013916016,1.0,0.0,12.232967376708984,0.12992286682128906
11.44467830657959,0.9378610253334045,0.24887627363204956,0.01934891939163208,0.031429219990968704,4.793337821960449,246.97091674804688,-1.3225648403167725,273.185546875,0.9176912903785706,0.13857509195804596,-0.0073659420013427734,1.0,0.0,12.232967376708984,0.1672825813293457
11.445178031921387,0.8922300934791565,0.3615434467792511,0.01612626202404499,0.02026561088860035,4.916823387145996,246.97091674804688,-1.1872503757476807,273.1318054199219,0.8343573808670044,0.20487211644649506,-0.05197572708129883,1.0,0.0,12.232967376708984,0.17911195755004883
11.445677757263184,0.8388323187828064,0.4742102324962616,0.014514935202896595,0.02305651269853115,5.083491802215576,279.4639587402344,-1.0530779361724854,273.0311584472656,0.8157734870910645,0.3312951922416687,-0.0411534309387207,1.0,0.0,12.232967376708984,0.14661550521850586
11.446178436279297,0.763104259967804,0.5851958394050598,0.01612626202404499,0.02212621085345745,5.223223686218262,279.4639587402344,-0.918135404586792,272.9651794433594,0.7484790086746216,0.4566870927810669,-0.013916254043579102,1.0,0.0,12.232967376708984,0.14182615280151367
11.446678161621094,0.6669876575469971,0.6776835918426514,0.01773759163916111,0.03608072176575661,5.362213134765625,278.90557861328125,-0.7822198867797852,272.9413757324219,0.662144660949707,0.5200061798095703,-0.03203177452087402,1.0,0.0,12.232967376708984,0.13875246047973633
11.44717788696289,0.5796099305152893,0.761763334274292,0.01773759163916111,0.04910493269562721,5.501666069030762,278.90557861328125,-0.646521806716919,272.9089050292969,0.6437968611717224,0.6642162799835205,-0.0324702262878418,1.0,0.0,12.232967376708984,0.13499784469604492
11.447676658630371,0.45727989077568054,0.8424801826477051,0.03062821552157402,0.028638318181037903,5.641581058502197,279.4639587402344,-0.5107579231262207,272.88006591796875,0.4655975103378296,0.7275217771530151,0.03251957893371582,1.0,0.0,12.232967376708984,0.13084650039672852
11.448177337646484,0.3388337194919586,0.8895648121833801,0.02096024714410305,0.03608072176575661,5.781312942504883,279.4639587402344,-0.3744199275970459,272.8757019042969,0.39383283257484436,0.7754356265068054,-0.004614353179931641,1.0,0.0,12.232967376708984,0.12745237350463867
11.448677062988281,0.22038744390010834,0.9231967329978943,-0.006432330701500177,0.03701102361083031,5.877861976623535,246.97091674804688,-0.23757314682006836,272.8929138183594,0.2852309048175812,0.8059234619140625,-0.01170969009399414,1.0,0.0,12.232967376708984,0.16775035858154297
11.449176788330078,0.09999946504831314,0.9433757662773132,0.0048469663597643375,0.028638318181037903,6.001347541809082,246.97091674804688,-0.10109186172485352,272.89453125,0.16461744904518127,0.8503344058990479,0.0007967948913574219,1.0,0.0,12.232967376708984,0.18074607849121094
11.449676513671875,-0.024271667003631592,0.9501022100448608,0.008069622330367565,0.026777714490890503,6.16801643371582,279.4639587402344,0.03554701805114746,272.9027404785156,0.041529372334480286,0.88652503490448,0.008608341217041016,1.0,0.0,12.232967376708984,0.15071630477905273
11.450177192687988,-0.1601935178041458,0.9366495013237,0.02418290264904499,0.03794132545590401,0.024562835693359375,279.4639587402344,0.17248010635375977,272.9229736328125,-0.09276729822158813,0.8806900382041931,0.02350306510925293,1.0,0.0,12.232967376708984,0.1479172706604004
11.450676918029785,-0.28640660643577576,0.9097438454627991,0.0048469663597643375,0.030498918145895004,0.16392278671264648,279.18450927734375,0.3099026679992676,272.96343994140625,-0.2404448539018631,0.8900346159934998,0.0450899600982666,1.0,0.0,12.232967376708984,0.1459798812866211
11.451176643371582,-0.4009694755077362,0.8559326529502869,-0.02415693923830986,0.01189290452748537,0.3035154342651367,279.18450927734375,0.4467031955718994,272.97674560546875,-0.2965165674686432,0.845676600933075,-0.018593311309814453,1.0,0.0,12.232967376708984,0.1431877613067627
11.451677322387695,-0.5194156169891357,0.7987586259841919,0.01129227876663208,0.01003230269998312,0.40026330947875977,246.97091674804688,0.5824787616729736,272.9468078613281,-0.4282054603099823,0.7870953679084778,0.006744384765625,1.0,0.0,12.232967376708984,0.18221545219421387
11.452177047729492,-0.6174736618995667,0.7298131585121155,-0.0015983461635187268,0.02119590900838375,0.5237488746643066,246.97091674804688,0.7188794612884521,272.94384765625,-0.5673993229866028,0.7165550589561462,0.04198765754699707,1.0,0.0,12.232967376708984,0.1951305866241455
11.452675819396973,-0.705822765827179,0.6440514922142029,-0.009654986672103405,0.010962603613734245,0.6897993087768555,279.18450927734375,0.8555002212524414,272.9502258300781,-0.6734135150909424,0.6540528535842896,0.03557634353637695,1.0,0.0,12.232967376708984,0.16570091247558594
11.45317554473877,-0.7805798053741455,0.5414742827415466,-0.01448897086083889,0.00445049861446023,0.8293914794921875,279.18450927734375,0.9914171695709229,272.92657470703125,-0.7020447850227356,0.5986638069152832,-0.03591728210449219,1.0,0.0,12.232967376708984,0.16202569007873535
11.453676223754883,-0.8456280827522278,0.4288073480129242,0.008069622330367565,0.006311099510639906,0.9689831733703613,279.18450927734375,1.1276886463165283,272.9186706542969,-0.7691319584846497,0.4948142170906067,-0.03779458999633789,1.0,0.0,12.232967376708984,0.158705472946167
11.45417594909668,-0.8980551362037659,0.3110952377319336,-0.0032096742652356625,-0.009504011832177639,1.1085758209228516,279.18450927734375,1.262686014175415,272.8572692871094,-0.84359210729599,0.40483084321022034,-0.04860830307006836,1.0,0.0,12.232967376708984,0.15411019325256348
11.454675674438477,-0.9339773058891296,0.18161281943321228,-0.01932295598089695,-0.0020616070833057165,1.2485389709472656,279.4639587402344,1.3964645862579346,272.7458190917969,-0.8655962944030762,0.2988717555999756,-0.0675349235534668,1.0,0.0,12.232967376708984,0.14792561531066895
11.45517635345459,-0.9485403895378113,0.05549270287156105,-0.01287764310836792,-0.005782809108495712,1.3882718086242676,279.4639587402344,1.5301496982574463,272.6326904296875,-0.8768583536148071,0.2082320600748062,-0.1020960807800293,1.0,0.0,12.232967376708984,0.1418778896331787
11.455676078796387,-0.9514532685279846,-0.07062700390815735,-0.01610029861330986,-0.0002010049211094156,1.4847874641418457,246.97091674804688,1.6629631519317627,272.4855041503906,-0.9069269299507141,0.05490203574299812,-0.062098026275634766,1.0,0.0,12.232967376708984,0.178175687789917
11.456175804138184,-0.9349479675292969,-0.18665732443332672,-0.02093428373336792,-0.012294914573431015,1.6082735061645508,246.97091674804688,1.7971956729888916,272.4008483886719,-0.9001162648200989,-0.0623445138335228,-0.06676292419433594,1.0,0.0,12.232967376708984,0.18892216682434082
11.456674575805664,-0.8912590146064758,-0.309413880109787,-0.02737959660589695,-0.055088747292757034,1.7743239402770996,279.18450927734375,1.930042028427124,272.2596130371094,-0.8225458264350891,-0.1551935076713562,-0.08239173889160156,1.0,0.0,12.232967376708984,0.15571808815002441
11.457175254821777,-0.8436864018440247,-0.42544376850128174,-0.02737959660589695,-0.02531912364065647,1.9139161109924316,279.18450927734375,2.063560724258423,272.150146484375,-0.8280501365661621,-0.2923346757888794,-0.06296777725219727,1.0,0.0,12.232967376708984,0.1496446132659912
11.457674980163574,-0.783492386341095,-0.5297029614448547,-0.0015983461635187268,-0.04206453263759613,2.0535082817077637,279.18450927734375,2.196489095687866,272.0177307128906,-0.7970575094223022,-0.3727732002735138,-0.09800291061401367,1.0,0.0,12.232967376708984,0.14298081398010254
11.458174705505371,-0.6883471608161926,-0.633962094783783,-0.03382490947842598,-0.06253115087747574,2.1931004524230957,279.18450927734375,2.3293497562408447,271.8855285644531,-0.6709758639335632,-0.4462071359157562,-0.08144569396972656,1.0,0.0,12.232967376708984,0.13624930381774902
11.458675384521484,-0.6067941188812256,-0.7281314134597778,-0.0354362353682518,-0.015085814520716667,2.3184218406677246,268.4466247558594,2.462764024734497,271.7792663574219,-0.6272592544555664,-0.6036328077316284,-0.035353660583496094,1.0,0.0,12.232967376708984,0.14434218406677246
11.459175109863281,-0.4990274906158447,-0.7937139272689819,-0.01932295598089695,-0.031831227242946625,2.4526448249816895,268.4466247558594,2.5975019931793213,271.7306823730469,-0.5652166604995728,-0.6405065059661865,-0.0887761116027832,1.0,0.0,12.232967376708984,0.14485716819763184
11.459674835205078,-0.3893188536167145,-0.8626591563224792,-0.0354362353682518,-0.02252822183072567,2.558328151702881,246.97091674804688,2.7317888736724854,271.66436767578125,-0.4194907248020172,-0.7604767084121704,-0.00377655029296875,1.0,0.0,12.232967376708984,0.1734607219696045
11.460174560546875,-0.2805815041065216,-0.8929277658462524,-0.01771162636578083,-0.029040327295660973,2.6818127632141113,246.97091674804688,2.8668806552886963,271.6330261230469,-0.3381040692329407,-0.7425157427787781,-0.06233406066894531,1.0,0.0,12.232967376708984,0.18506789207458496
11.460674285888672,-0.16019363701343536,-0.9299232959747314,-0.00482100248336792,-0.02531912364065647,2.862475872039795,290.21258544921875,3.0018813610076904,271.5986328125,-0.22028286755084991,-0.8545774221420288,-0.022161483764648438,1.0,0.0,12.232967376708984,0.1394054889678955
11.461174011230469,-0.030096782371401787,-0.9400123953819275,-0.0015983461635187268,-0.010434312745928764,3.0075831413269043,290.21258544921875,3.13612961769104,271.53350830078125,-0.11627545952796936,-0.8718578219413757,-0.036798954010009766,1.0,0.0,12.232967376708984,0.12854647636413574
11.461673736572266,0.1019415333867073,-0.9400123953819275,-0.009654986672103405,-0.02066762000322342,3.123762607574463,268.4466247558594,-3.0112266540527344,271.53607177734375,0.014125551097095013,-0.9117414951324463,-0.024501562118530273,1.0,0.0,12.232967376708984,0.14819622039794922
11.462174415588379,0.2281544953584671,-0.9198334217071533,-0.01287764310836792,-0.02438882365822792,3.2579855918884277,268.4466247558594,-2.8763413429260254,271.4989013671875,0.14858557283878326,-0.9165493249893188,-0.014131307601928711,1.0,0.0,12.232967376708984,0.14885854721069336
11.462674140930176,0.35048428177833557,-0.8794749975204468,0.02418290264904499,-0.01229491364210844,3.406851291656494,279.4639587402344,-2.7410922050476074,271.4776916503906,0.27099722623825073,-0.878190279006958,-0.010774612426757812,1.0,0.0,12.232967376708984,0.13524198532104492
11.463173866271973,0.4689306914806366,-0.8256641030311584,0.009680950082838535,-0.0020616063848137856,3.546581745147705,279.4639587402344,-2.606520175933838,271.4287414550781,0.37041157484054565,-0.8369342088699341,-0.028082847595214844,1.0,0.0,12.232967376708984,0.13008356094360352
11.46367359161377,0.5766968727111816,-0.7600815892219543,-0.006432330701500177,-0.02066762000322342,3.6288180351257324,236.23304748535156,-2.471370220184326,271.40496826171875,0.48591378331184387,-0.7812491059303284,-0.023471355438232422,1.0,0.0,12.232967376708984,0.1829972267150879
11.464174270629883,0.6621332764625549,-0.6860916614532471,0.02096024714410305,0.008171701803803444,3.7469334602355957,236.23304748535156,-2.3366634845733643,271.3630065917969,0.6000866889953613,-0.7151421308517456,-0.01643967628479004,1.0,0.0,12.232967376708984,0.19958829879760742
11.464673042297363,0.7388322353363037,-0.5936039090156555,0.014514935202896595,-0.001131304888986051,3.9218974113464355,279.18450927734375,-2.200577735900879,271.3796691894531,0.6568962335586548,-0.665943443775177,-0.07233524322509766,1.0,0.0,12.232967376708984,0.16071033477783203
11.46517276763916,0.8223274350166321,-0.4826184809207916,0.02579423226416111,-0.007643410004675388,4.061488628387451,279.18450927734375,-2.066314458847046,271.3200378417969,0.7703368067741394,-0.48317310214042664,0.0258333683013916,1.0,0.0,12.232967376708984,0.15538263320922852
11.465673446655273,0.8689289689064026,-0.36826974153518677,0.02418290264904499,0.013753504492342472,4.2010817527771,279.18450927734375,-1.9326982498168945,271.2342224121094,0.7826252579689026,-0.4385536313056946,-0.05873298645019531,1.0,0.0,12.232967376708984,0.14940547943115234
11.46617317199707,0.9126179814338684,-0.2522394061088562,0.02418290264904499,0.013753504492342472,4.340672969818115,279.18450927734375,-1.8008677959442139,271.07489013671875,0.8580650091171265,-0.3693059980869293,-0.08639860153198242,1.0,0.0,12.232967376708984,0.14164495468139648
11.466672897338867,0.9339775443077087,-0.12780126929283142,0.00323563814163208,0.014683806337416172,4.480266094207764,279.18450927734375,-1.6695470809936523,270.89764404296875,0.8576374650001526,-0.2717238962650299,-0.11830449104309082,1.0,0.0,12.232967376708984,0.13337230682373047
11.467172622680664,0.9446570873260498,0.0016815653070807457,0.02096024714410305,0.02305651269853115,4.619858264923096,279.18450927734375,-1.5384395122528076,270.7152099609375,0.8926698565483093,-0.14871104061603546,-0.1076805591583252,1.0,0.0,12.232967376708984,0.12488794326782227
11.467673301696777,0.9378607869148254,0.12107501178979874,0.009680950082838535,0.033289819955825806,4.702682018280029,236.4695281982422,-1.408189058303833,270.5005798339844,0.8942573666572571,-0.02420448139309883,-0.09995484352111816,1.0,0.0,12.232967376708984,0.17231416702270508
11.468173027038574,0.9165014624595642,0.23206041753292084,0.01612626202404499,0.031429219990968704,4.82091760635376,236.4695281982422,-1.2777478694915771,270.2985534667969,0.854569137096405,0.09630745649337769,-0.09114289283752441,1.0,0.0,12.232967376708984,0.18452024459838867
11.468671798706055,0.8805796504020691,0.3480904996395111,0.03062821552157402,0.034220121800899506,4.995683193206787,279.18450927734375,-1.1469106674194336,270.1174621582031,0.8631957769393921,0.22510989010334015,-0.07910871505737305,1.0,0.0,12.232967376708984,0.14059162139892578
11.469171524047852,0.8194145560264587,0.4607574939727783,0.03223954513669014,0.03701102361083031,5.1352763175964355,279.18450927734375,-1.015031099319458,269.9837646484375,0.8088622093200684,0.324643075466156,-0.08448386192321777,1.0,0.0,12.232967376708984,0.13287782669067383
11.469672203063965,0.7475703358650208,0.5650166869163513,0.01773759163916111,0.0249171145260334,5.274867534637451,279.18450927734375,-0.8840396404266357,269.8157043457031,0.7626432180404663,0.4246162474155426,-0.08920168876647949,1.0,0.0,12.232967376708984,0.12427854537963867
11.470171928405762,0.6640756130218506,0.6625490784645081,0.014514935202896595,0.015614106319844723,5.4144606590271,279.18450927734375,-0.7526304721832275,269.6687316894531,0.6865533590316772,0.5256627202033997,-0.07518196105957031,1.0,0.0,12.232967376708984,0.11609411239624023
11.470671653747559,0.5621340870857239,0.7449476718902588,0.01612626202404499,0.03701102361083031,5.554051399230957,279.18450927734375,-0.6202573776245117,269.5653381347656,0.5816362500190735,0.5975961685180664,-0.062047719955444336,1.0,0.0,12.232967376708984,0.10887670516967773
11.471172332763672,0.4611632823944092,0.8189378380775452,0.014514935202896595,0.034220121800899506,5.693642616271973,279.18450927734375,-0.4882853031158447,269.4471740722656,0.5324723124504089,0.7182294130325317,-0.060140132904052734,1.0,0.0,12.232967376708984,0.1012578010559082
11.471672058105469,0.3427172601222992,0.8693854212760925,0.01773759163916111,0.03608072176575661,5.790753364562988,247.21812438964844,-0.355405330657959,269.36968994140625,0.4066913425922394,0.7490867972373962,-0.052448272705078125,1.0,0.0,12.232967376708984,0.13702678680419922
11.472171783447266,0.22232963144779205,0.9097438454627991,0.006458294112235308,0.02026561088860035,5.914362907409668,247.21812438964844,-0.2215421199798584,269.33538818359375,0.20848910510540009,0.7678921222686768,0.046361446380615234,1.0,0.0,12.232967376708984,0.14728021621704102
11.472671508789062,0.10582494735717773,0.9265599250793457,0.006458294112235308,0.0239868126809597,6.0522661209106445,257.96673583984375,-0.08719897270202637,269.32183837890625,0.12785226106643677,0.8058772087097168,0.01968097686767578,1.0,0.0,12.232967376708984,0.14372014999389648
11.473172187805176,-0.008737912401556969,0.9299232959747314,0.008069622330367565,0.028638318181037903,6.181252479553223,257.96673583984375,0.04659700393676758,269.2854309082031,0.07036839425563812,0.8615606427192688,-0.03852677345275879,1.0,0.0,12.232967376708984,0.1485300064086914
11.473670959472656,-0.13106758892536163,0.9231967329978943,0.02096024714410305,0.015614106319844723,0.0692896842956543,289.9223937988281,0.17985105514526367,269.2271423339844,-0.048285722732543945,0.894127607345581,-0.036345720291137695,1.0,0.0,12.232967376708984,0.11056137084960938
11.474170684814453,-0.26116397976875305,0.8929277658462524,-0.006432330701500177,0.016544407233595848,0.21425199508666992,289.9223937988281,0.31278538703918457,269.156494140625,-0.17019440233707428,0.8456887006759644,-0.024608612060546875,1.0,0.0,12.232967376708984,0.09853339195251465
11.474671363830566,-0.3699018061161041,0.8525698184967041,-0.008043658919632435,0.013753505423665047,0.27352476119995117,225.49517822265625,0.4461405277252197,269.1051025390625,-0.2789559066295624,0.8329471945762634,-0.033452510833740234,1.0,0.0,12.232967376708984,0.17261576652526855
11.475171089172363,-0.4699012041091919,0.8038033246994019,-0.00482100248336792,0.00445049861446023,0.38627195358276367,225.49517822265625,0.5803096294403076,269.0892028808594,-0.416046679019928,0.7955725789070129,-0.00884556770324707,1.0,0.0,12.232967376708984,0.19403767585754395
11.47567081451416,-0.5640755295753479,0.7348578572273254,-0.01287764310836792,0.009102001786231995,0.5847086906433105,289.9223937988281,0.7127242088317871,268.9996337890625,-0.48210135102272034,0.7649111151695251,-0.06096768379211426,1.0,0.0,12.232967376708984,0.12801551818847656
11.476170539855957,-0.6660169959068298,0.6524595022201538,0.014514935202896595,0.0193353109061718,0.7296710014343262,289.9223937988281,0.8449482917785645,268.90380859375,-0.6010910868644714,0.7039319276809692,-0.04879641532897949,1.0,0.0,12.232967376708984,0.11527729034423828
11.47667121887207,-0.7436866760253906,0.5515637397766113,-0.01771162636578083,0.01003230269998312,0.8460688591003418,268.4466247558594,0.9777653217315674,268.8349609375,-0.6467533111572266,0.6076374650001526,-0.07191896438598633,1.0,0.0,12.232967376708984,0.13169646263122559
11.477170944213867,-0.8145604133605957,0.44898656010627747,-0.01448897086083889,-0.0011313053546473384,0.9802947044372559,268.4466247558594,1.1098668575286865,268.7378234863281,-0.7478550672531128,0.5046764612197876,-0.04334259033203125,1.0,0.0,12.232967376708984,0.12957215309143066
11.477669715881348,-0.8592203259468079,0.3380011320114136,-0.01771162636578083,-0.017876718193292618,1.114245891571045,268.4466247558594,1.2404987812042236,268.58038330078125,-0.74236661195755,0.45804741978645325,-0.13360309600830078,1.0,0.0,12.232967376708984,0.1262528896331787
11.478170394897461,-0.8951427340507507,0.22869707643985748,-0.01448897086083889,-0.010434312745928764,1.2484679222106934,268.4466247558594,1.3707668781280518,268.41119384765625,-0.7995902895927429,0.38588911294937134,-0.16084623336791992,1.0,0.0,12.232967376708984,0.1222989559173584
11.478670120239258,-0.9174726605415344,0.10930363088846207,-0.01610029861330986,-0.016946416348218918,1.339881420135498,236.23304748535156,1.4998524188995361,268.1960754394531,-0.815826416015625,0.24273036420345306,-0.12942075729370117,1.0,0.0,12.232967376708984,0.15997099876403809
11.479169845581055,-0.9232978224754333,0.005044905934482813,-0.04188155010342598,-0.031831227242946625,1.457995891571045,236.23304748535156,1.628307580947876,267.9589538574219,-0.874198317527771,0.15011698007583618,-0.1388688087463379,1.0,0.0,12.232967376708984,0.17031168937683105
11.479669570922852,-0.9184433817863464,-0.10762227326631546,-0.03221357986330986,-0.029970627278089523,1.6189265251159668,268.4466247558594,1.757265329360962,267.7479553222656,-0.9083757996559143,0.010936228558421135,-0.10975265502929688,1.0,0.0,12.232967376708984,0.13833880424499512
11.480170249938965,-0.8951427340507507,-0.22869707643985748,-0.02737959660589695,-0.01973732002079487,1.7531485557556152,268.4466247558594,1.8859965801239014,267.5320129394531,-0.8600401878356934,-0.12902714312076569,-0.0774679183959961,1.0,0.0,12.232967376708984,0.13284802436828613
11.480669975280762,-0.8533952236175537,-0.3413638472557068,0.009680950082838535,-0.018807020038366318,1.8877310752868652,268.7153625488281,2.015263795852661,267.34295654296875,-0.8093731999397278,-0.21897591650485992,-0.09154653549194336,1.0,0.0,12.232967376708984,0.1275327205657959
11.481169700622559,-0.7941721081733704,-0.4506678879261017,-0.02899092435836792,-0.028110025450587273,2.0220866203308105,268.7153625488281,2.1440069675445557,267.1358337402344,-0.7603340744972229,-0.3261164128780365,-0.07935285568237305,1.0,0.0,12.232967376708984,0.12192034721374512
11.481669425964355,-0.7320365309715271,-0.5448374152183533,-0.00482100248336792,-0.036482732743024826,2.155818462371826,268.4466247558594,2.274134874343872,266.9913024902344,-0.7664466500282288,-0.4304947555065155,-0.10304403305053711,1.0,0.0,12.232967376708984,0.1183164119720459
11.482169151306152,-0.6504833102226257,-0.6390069723129272,-0.01287764310836792,0.0016595961060374975,2.2900404930114746,268.4466247558594,2.4033310413360596,266.8108215332031,-0.6690893173217773,-0.5038595199584961,-0.09859323501586914,1.0,0.0,12.232967376708984,0.11329054832458496
11.48266887664795,-0.5601921677589417,-0.7214049696922302,-0.02899092435836792,-0.02252822183072567,2.3814539909362793,236.23304748535156,2.533705949783325,266.6834716796875,-0.5824486017227173,-0.6053207516670227,-0.06968927383422852,1.0,0.0,12.232967376708984,0.1522519588470459
11.483168601989746,-0.47087228298187256,-0.7752163410186768,-0.01610029861330986,-0.029970627278089523,2.499568462371826,236.23304748535156,2.6640141010284424,266.55584716796875,-0.5123443603515625,-0.654436469078064,-0.09822845458984375,1.0,0.0,12.232967376708984,0.1644456386566162
11.48366928100586,-0.3699016869068146,-0.8323903679847717,-0.03221357986330986,-0.016946416348218918,2.660499095916748,268.4466247558594,2.793412446975708,266.3926696777344,-0.41173309087753296,-0.7506361603736877,-0.06502866744995117,1.0,0.0,12.232967376708984,0.13291335105895996
11.484169006347656,-0.25533896684646606,-0.8727487325668335,-0.02737959660589695,-0.02159792184829712,2.7947211265563965,268.4466247558594,2.9248592853546143,266.3192443847656,-0.2958836555480957,-0.7838541865348816,-0.055698394775390625,1.0,0.0,12.232967376708984,0.13013815879821777
11.484668731689453,-0.13689294457435608,-0.8996544480323792,-0.02254561148583889,-0.015085816383361816,2.9293036460876465,268.7153625488281,3.055858850479126,266.22833251953125,-0.18597294390201569,-0.8290923833847046,-0.04640913009643555,1.0,0.0,12.232967376708984,0.1265552043914795
11.485169410705566,-0.02038825862109661,-0.9097438454627991,-0.008043658919632435,-0.012294914573431015,3.063659191131592,268.7153625488281,-3.095874071121216,266.1583251953125,-0.08995995670557022,-0.8548359870910645,-0.06214451789855957,1.0,0.0,12.232967376708984,0.12365198135375977
11.485668182373047,0.1019412949681282,-0.9030174016952515,-0.009654986672103405,-0.015085814520716667,3.183122158050537,257.7087707519531,-2.9648425579071045,266.0721435546875,0.014178228564560413,-0.8566851019859314,-0.07184576988220215,1.0,0.0,12.232967376708984,0.13522100448608398
11.486167907714844,0.22232963144779205,-0.8862015008926392,-0.01932295598089695,-0.02438882365822792,3.311976909637451,257.7087707519531,-2.832592248916626,266.0394287109375,0.17752458155155182,-0.8526804447174072,-0.015154838562011719,1.0,0.0,12.232967376708984,0.13861608505249023
11.48666763305664,0.3291248381137848,-0.8559326529502869,0.0016243100399151444,-0.014155515469610691,3.4126029014587402,236.4695281982422,-2.7011613845825195,265.9725341796875,0.2819114029407501,-0.864656925201416,-0.036791324615478516,1.0,0.0,12.232967376708984,0.16942119598388672
