time_s,v_alpha_v,v_beta_v,i_alpha_a,i_beta_a,encoder_angle_rad,encoder_speed_rad_s,pll_angle_rad,pll_speed_rad_s,emf_alpha_v,emf_beta_v,phase_error_rad,locked,active,bus_voltage_v,angle_error_rad
13.261795043945312,-0.21844573318958282,0.9568284749984741,0.008069622330367565,0.050965528935194016,0.0430450439453125,279.18450927734375,0.15080904960632324,272.5445861816406,-0.1430274248123169,0.8933658003807068,0.09916925430297852,0.0,0.0,12.232967376708984,0.10776400566101074
13.26229476928711,-0.3485424816608429,0.91310715675354,0.008069622330367565,0.030498918145895004,0.18263685703277588,279.18450927734375,0.29242515563964844,272.76922607421875,-0.26165932416915894,0.8516266942024231,0.09695768356323242,0.0,0.0,12.232967376708984,0.10978817939758301
13.262794494628906,-0.4650469124317169,0.8592962622642517,0.0048469663597643375,0.026777716353535652,0.29475224018096924,259.9693603515625,0.43254852294921875,272.92626953125,-0.35567688941955566,0.8201837539672852,0.06785202026367188,0.0,0.0,12.232967376708984,0.13779616355895996
13.26329517364502,-0.5766969919204712,0.7937137484550476,0.0016243100399151444,0.01933530904352665,0.4247368574142456,259.9693603515625,0.5728929042816162,273.08935546875,-0.5129802227020264,0.7642086744308472,0.10973215103149414,0.0,0.0,12.232967376708984,0.14815592765808105
13.263794898986816,-0.674754798412323,0.7113153338432312,-0.01610029861330986,0.010962603613734245,0.5937552452087402,286.3431091308594,0.7126479148864746,273.2242126464844,-0.6220641732215881,0.7439430952072144,0.07511472702026367,0.0,0.0,12.232967376708984,0.11889266967773438
13.264294624328613,-0.7689293026924133,0.6087381839752197,-0.00482100248336792,0.006311099510639906,0.7369269132614136,286.3431091308594,0.8527803421020508,273.3721923828125,-0.6961255073547363,0.6572477221488953,0.0526432991027832,0.0,0.0,12.232967376708984,0.11585354804992676
13.264795303344727,-0.8427155613899231,0.4943896234035492,-0.03060225211083889,-0.02531912364065647,0.869861364364624,279.18450927734375,0.9923956394195557,273.4952697753906,-0.7860256433486938,0.5552873611450195,0.054715633392333984,0.0,0.0,12.232967376708984,0.12253427505493164
13.265295028686523,-0.9097055792808533,0.3716328740119934,-0.009654986672103405,-0.0002010049211094156,1.0094531774520874,279.18450927734375,1.1309125423431396,273.5697021484375,-0.8440816402435303,0.4263496994972229,0.06357908248901367,0.0,0.0,12.232967376708984,0.1214592456817627
13.265793800354004,-0.9533948302268982,0.24215002357959747,-0.011266314424574375,0.00817170087248087,1.1641112565994263,289.9223937988281,1.2691824436187744,273.63189697265625,-0.9128968119621277,0.3399922549724579,0.036421775817871094,0.0,0.0,12.232967376708984,0.1050713062286377
13.2662935256958,-0.9766954779624939,0.10089601576328278,-0.01932295598089695,-0.0002010049211094156,1.3090720176696777,289.9223937988281,1.406923532485962,273.670654296875,-0.9075872898101807,0.21331565082073212,0.024314403533935547,0.0,0.0,12.232967376708984,0.09785151481628418
13.266794204711914,-0.984462559223175,-0.04035840928554535,-0.02415693923830986,-0.010434312745928764,1.4390883445739746,279.4639587402344,1.5458686351776123,273.75927734375,-0.9217498898506165,0.04819274693727493,0.06417512893676758,0.0,0.0,12.232967376708984,0.1067802906036377
13.267293930053711,-0.9650452733039856,-0.17488615214824677,-0.02737959660589695,0.0025898965541273355,1.5788203477859497,279.4639587402344,1.6828453540802002,273.7631530761719,-0.8848839402198792,-0.01761624962091446,-0.0009307861328125,0.0,0.0,12.232967376708984,0.10402512550354004
13.267793655395508,-0.9339773058891296,-0.2959609627723694,-0.01932295598089695,-0.016946418210864067,1.6874418258666992,257.7087707519531,1.8213603496551514,273.8315734863281,-0.891405463218689,-0.12770506739616394,-0.017101764678955078,0.0,0.0,12.232967376708984,0.13391852378845215
13.268294334411621,-0.8883463740348816,-0.4220806658267975,-0.0354362353682518,-0.04113423451781273,1.8162965774536133,257.7087707519531,1.9583446979522705,273.8346252441406,-0.8466998934745789,-0.3186134696006775,0.06386947631835938,0.0,0.0,12.232967376708984,0.14204812049865723
13.268794059753418,-0.8223273158073425,-0.5297031402587891,-0.02254561148583889,-0.029970627278089523,1.9758613109588623,279.18450927734375,2.0957491397857666,273.8548889160156,-0.8077715635299683,-0.376213937997818,0.0021724700927734375,0.0,0.0,12.232967376708984,0.1198878288269043
13.269293785095215,-0.7427160143852234,-0.6406885385513306,-0.02093428373336792,-0.027179725468158722,2.1154532432556152,279.18450927734375,2.23348069190979,273.8887939453125,-0.7499238848686218,-0.5252314209938049,0.03972148895263672,0.0,0.0,12.232967376708984,0.1180274486541748
13.269792556762695,-0.6436871290206909,-0.7314947843551636,-0.02576826699078083,-0.028110025450587273,2.2547662258148193,279.18450927734375,2.371351480484009,273.9277648925781,-0.6579589247703552,-0.5744386315345764,0.00848245620727539,0.0,0.0,12.232967376708984,0.11658525466918945
13.270294189453125,-0.5378621816635132,-0.8138929605484009,-0.02093428373336792,-0.02345852181315422,2.3946375846862793,279.18450927734375,2.509669065475464,273.984619140625,-0.5660127997398376,-0.6924687623977661,0.03812217712402344,0.0,0.0,12.232967376708984,0.11503148078918457
13.270792961120605,-0.41261982917785645,-0.8862015008926392,-0.05477217212319374,-0.033691830933094025,2.549710273742676,290.21258544921875,2.649057626724243,274.0853576660156,-0.4492112994194031,-0.7742416858673096,0.05837297439575195,0.0,0.0,12.232967376708984,0.09934735298156738
13.271292686462402,-0.2883484363555908,-0.9366495013237,-0.01771162636578083,-0.016016116365790367,2.6948163509368896,290.21258544921875,2.788841485977173,274.2005310058594,-0.34324634075164795,-0.8727933764457703,0.06971073150634766,0.0,0.0,12.232967376708984,0.0940251350402832
13.271793365478516,-0.15630999207496643,-0.9601918458938599,-0.00482100248336792,-0.04020393267273903,2.778440475463867,247.21812438964844,2.9289820194244385,274.3283386230469,-0.21531541645526886,-0.8588554859161377,0.058623313903808594,0.0,0.0,12.232967376708984,0.1505415439605713
13.272293090820312,-0.030096782371401787,-0.9770079255104065,-0.01932295598089695,-0.033691830933094025,2.902050018310547,247.21812438964844,3.069265604019165,274.4595642089844,-0.07435308396816254,-0.9031651020050049,0.08197879791259766,0.0,0.0,12.232967376708984,0.16721558570861816
13.27279281616211,0.10388275980949402,-0.9702814221382141,0.0016243100399151444,-0.014155515469610691,3.0863540172576904,289.6327819824219,-3.0732979774475098,274.6021423339844,0.06078016385436058,-0.9062872529029846,0.0905447006225586,0.0,0.0,12.232967376708984,0.12353372573852539
13.273292541503906,0.23786325752735138,-0.9501022100448608,-0.009654986672103405,-0.003922207746654749,3.231170415878296,289.6327819824219,-2.9333081245422363,274.71514892578125,0.17474359273910522,-0.9180198311805725,0.07164692878723145,0.0,0.0,12.232967376708984,0.11870718002319336
13.27379322052002,0.369901567697525,-0.9063808917999268,-0.01287764310836792,-0.015085816383361816,3.361445426940918,279.4639587402344,-2.7936551570892334,274.811767578125,0.30047371983528137,-0.8736292719841003,0.07520651817321777,0.0,0.0,12.232967376708984,0.12808465957641602
13.274292945861816,0.4912601709365845,-0.840798556804657,0.0048469663597643375,-0.017876718193292618,3.5011773109436035,279.4639587402344,-2.6535403728485107,274.92547607421875,0.40546613931655884,-0.8263368010520935,0.05996537208557129,0.0,0.0,12.232967376708984,0.12846803665161133
13.274791717529297,0.6009685397148132,-0.7651264667510986,0.014514935202896595,0.002589897718280554,3.640230178833008,279.18450927734375,-2.5138330459594727,275.0198059082031,0.4981335997581482,-0.7699548602104187,0.03827404975891113,0.0,0.0,12.232967376708984,0.12912225723266602
13.27529239654541,0.7019393444061279,-0.6776835918426514,0.009680950082838535,-0.02624942548573017,3.7798218727111816,279.18450927734375,-2.3748672008514404,275.0811462402344,0.6272348165512085,-0.7303905487060547,0.03463625907897949,0.0,0.0,12.232967376708984,0.12849664688110352
13.275792121887207,0.7893180251121521,-0.5868772268295288,-0.0032096742652356625,-0.0002010049211094156,3.873349666595459,246.97091674804688,-2.2356176376342773,275.1527099609375,0.7352686524391174,-0.6531065702438354,0.03033924102783203,0.0,0.0,12.232967376708984,0.17421817779541016
13.276291847229004,0.8514536023139954,-0.47925513982772827,0.01773759163916111,0.004450499080121517,3.996835470199585,246.97091674804688,-2.0968034267425537,275.20489501953125,0.8006090521812439,-0.527772843837738,0.03502488136291504,0.0,0.0,12.232967376708984,0.1895465850830078
13.2767915725708,0.9087347388267517,-0.35986170172691345,0.01290360651910305,-0.0020616059191524982,4.181741237640381,289.9223937988281,-1.9583417177200317,275.2409362792969,0.8435142636299133,-0.43837133049964905,-2.5987625122070312e-05,0.0,0.0,12.232967376708984,0.14310264587402344
13.277292251586914,0.9475694298744202,-0.23206041753292084,0.00323563814163208,0.010962603613734245,4.326703071594238,289.9223937988281,-1.8211232423782349,275.2240295410156,0.8960644006729126,-0.3272920250892639,-0.008204221725463867,0.0,0.0,12.232967376708984,0.1353592872619629
13.277791976928711,0.9650455117225647,-0.09416954964399338,0.0370735265314579,0.00817170087248087,4.471663475036621,289.9223937988281,-1.684801697731018,275.1696472167969,0.8993630409240723,-0.22846749424934387,-0.043261051177978516,0.0,0.0,12.232967376708984,0.12672042846679688
13.278291702270508,0.9689290523529053,0.04035840928554535,0.02096024714410305,-0.0029919075313955545,4.6166253089904785,289.9223937988281,-1.5490283966064453,275.09332275390625,0.9015418291091919,-0.1369328498840332,-0.08118319511413574,0.0,0.0,12.232967376708984,0.11753177642822266
13.278791427612305,0.9514532089233398,0.16479654610157013,0.0531868077814579,0.052826132625341415,4.7002716064453125,247.21812438964844,-1.4135152101516724,275.0077819824219,0.9317431449890137,0.016703862696886063,-0.04792499542236328,0.0,0.0,12.232967376708984,0.16939878463745117
13.279291152954102,0.9242684841156006,0.27914509177207947,0.02096024714410305,0.028638318181037903,4.823880672454834,247.21812438964844,-1.2789287567138672,274.88525390625,0.8959023952484131,0.13032779097557068,-0.056054115295410156,0.0,0.0,12.232967376708984,0.1803760528564453
13.279790878295898,0.8737835884094238,0.4069463610649109,0.0370735265314579,0.013753504492342472,4.993201732635498,279.18450927734375,-1.142844319343567,274.82830810546875,0.8222946524620056,0.2641017436981201,-0.02571845054626465,0.0,0.0,12.232967376708984,0.1471395492553711
13.280290603637695,0.8145604133605957,0.5162504315376282,0.01612626202404499,0.03701102361083031,5.13279390335083,279.18450927734375,-1.007112741470337,274.7574768066406,0.811458945274353,0.39326196908950806,-0.02094244956970215,0.0,0.0,12.232967376708984,0.1432785987854004
13.280791282653809,0.7378614544868469,0.6221908926963806,0.009680950082838535,0.02212621085345745,5.272386074066162,279.18450927734375,-0.8717644214630127,274.6721496582031,0.7496458888053894,0.5164852142333984,-0.0042438507080078125,0.0,0.0,12.232967376708984,0.13903474807739258
13.281291007995605,0.6436867713928223,0.7180420160293579,0.009680950082838535,0.012823204509913921,5.411978244781494,279.18450927734375,-0.7353732585906982,274.63250732421875,0.6717786192893982,0.6086009740829468,-0.007854461669921875,0.0,0.0,12.232967376708984,0.1358342170715332
13.281790733337402,0.5456292033195496,0.8004399538040161,0.0016243100399151444,0.006311099976301193,5.566925525665283,289.9223937988281,-0.5988104343414307,274.600830078125,0.6316362023353577,0.7265414595603943,-0.02543497085571289,0.0,0.0,12.232967376708984,0.11744928359985352
13.282291412353516,0.4087366759777069,0.8693854212760925,1.2981891813979018e-05,0.012823205441236496,5.711886882781982,289.9223937988281,-0.4621703624725342,274.57318115234375,0.41408106684684753,0.7115361094474792,0.02672410011291504,0.0,0.0,12.232967376708984,0.10912847518920898
13.282790184020996,0.29417380690574646,0.9198334217071533,0.014514935202896595,0.034220121800899506,5.795533657073975,247.21812438964844,-0.3239767551422119,274.6114807128906,0.3185333013534546,0.828041672706604,0.0484461784362793,0.0,0.0,12.232967376708984,0.16367483139038086
13.283289909362793,0.17378568649291992,0.9433757662773132,0.02096024714410305,0.050965532660484314,5.919142723083496,247.21812438964844,-0.18591046333312988,274.6435852050781,0.22261348366737366,0.8607977628707886,0.024454116821289062,0.0,0.0,12.232967376708984,0.1781325340270996
13.28378963470459,0.04174749180674553,0.9501022100448608,-0.009654986672103405,0.02026561088860035,6.08846378326416,279.18450927734375,-0.047299861907958984,274.69781494140625,0.10688638687133789,0.8183022737503052,0.008980989456176758,0.0,0.0,12.232967376708984,0.14742183685302734
13.284290313720703,-0.0883491262793541,0.9501022100448608,0.02096024714410305,0.04352312535047531,6.228055953979492,279.18450927734375,0.09068560600280762,274.7248229980469,-0.0201213750988245,0.8697068095207214,0.024083852767944336,0.0,0.0,12.232967376708984,0.14581537246704102
13.2847900390625,-0.21650415658950806,0.9299232959747314,-0.006432330701500177,0.012823205441236496,0.08486223220825195,279.4639587402344,0.2294447422027588,274.7834167480469,-0.12808652222156525,0.8878412842750549,0.005413055419921875,0.0,0.0,12.232967376708984,0.14458250999450684
13.285289764404297,-0.34271737933158875,0.8962910771369934,-0.0015983461635187268,0.026777714490890503,0.2245941162109375,279.4639587402344,0.36618709564208984,274.75604248046875,-0.24130089581012726,0.9246830940246582,-0.019458532333374023,0.0,0.0,12.232967376708984,0.14159297943115234
13.285789489746094,-0.46116340160369873,0.8391168117523193,-0.01287764310836792,0.012823204509913921,0.33643007278442383,259.9693603515625,0.5042047500610352,274.782958984375,-0.3805188238620758,0.7900570631027222,0.03635120391845703,0.0,0.0,12.232967376708984,0.16777467727661133
13.286290168762207,-0.5650466084480286,0.7735347151756287,-0.011266314424574375,0.017474709078669548,0.4664144515991211,259.9693603515625,0.641594648361206,274.782958984375,-0.48312827944755554,0.7666369080543518,0.012337207794189453,0.0,0.0,12.232967376708984,0.17518019676208496
13.286788940429688,-0.6582500338554382,0.692817747592926,-0.02254561148583889,0.02212621085345745,0.5894064903259277,255.4202117919922,0.7781283855438232,274.7469177246094,-0.5735011696815491,0.7154440879821777,-0.010912895202636719,0.0,0.0,12.232967376708984,0.1887218952178955
13.287288665771484,-0.73980313539505,0.605374813079834,-0.01610029861330986,0.003520198166370392,0.7171168327331543,255.4202117919922,0.9151575565338135,274.73248291015625,-0.648827314376831,0.6236580014228821,-0.018520355224609375,0.0,0.0,12.232967376708984,0.19804072380065918
13.287789344787598,-0.8155312538146973,0.4943896234035492,-0.006432330701500177,0.014683806337416172,0.909904956817627,300.96124267578125,1.0514390468597412,274.6868896484375,-0.713348925113678,0.5523362159729004,-0.04818439483642578,0.0,0.0,12.232967376708984,0.14153409004211426
13.288289070129395,-0.8834922313690186,0.369951069355011,-0.009654986672103405,0.0016595965716987848,1.0603852272033691,300.96124267578125,1.1871263980865479,274.6174011230469,-0.8157362937927246,0.4309486150741577,-0.010900020599365234,0.0,0.0,12.232967376708984,0.1267411708831787
13.288788795471191,-0.9203851222991943,0.2455131560564041,-0.02576826699078083,-0.005782809108495712,1.1797256469726562,279.18450927734375,1.3227183818817139,274.54498291015625,-0.8172780275344849,0.3579837381839752,-0.07359933853149414,0.0,0.0,12.232967376708984,0.14299273490905762
13.289288520812988,-0.9485406875610352,0.12275657802820206,-0.01771162636578083,-0.010434312745928764,1.31931734085083,279.18450927734375,1.457226037979126,274.4286193847656,-0.8772282600402832,0.28374966979026794,-0.10828447341918945,0.0,0.0,12.232967376708984,0.1379086971282959
13.289789199829102,-0.9553365111351013,-0.0100893909111619,-0.03221357986330986,-0.028110025450587273,1.4593091011047363,279.4639587402344,1.5911219120025635,274.2890319824219,-0.9015793800354004,0.14378651976585388,-0.08745050430297852,0.0,0.0,12.232967376708984,0.13181281089782715
13.290288925170898,-0.9504821300506592,-0.14629890024662018,-0.03221357986330986,-0.015085816383361816,1.5990409851074219,279.4639587402344,1.7259366512298584,274.1912536621094,-0.9162301421165466,-0.012262091040611267,-0.05061006546020508,0.0,0.0,12.232967376708984,0.12689566612243652
13.290788650512695,-0.9174726605415344,-0.26401057839393616,-0.03221357986330986,-0.031831227242946625,1.6765727996826172,235.99703979492188,1.8595860004425049,274.04638671875,-0.846142590045929,-0.10992152243852615,-0.06857967376708984,0.0,0.0,12.232967376708984,0.1830132007598877
13.291289329528809,-0.8766958713531494,-0.36826974153518677,-0.03865889087319374,-0.03927363082766533,1.7945713996887207,235.99703979492188,1.994063138961792,273.9393615722656,-0.8339486718177795,-0.21815022826194763,-0.07645702362060547,0.0,0.0,12.232967376708984,0.1994917392730713
13.291788101196289,-0.8203856348991394,-0.48598161339759827,-0.02093428373336792,-0.034622129052877426,1.9898076057434082,290.21258544921875,2.128405809402466,273.82904052734375,-0.795956015586853,-0.3729674518108368,-0.028293609619140625,0.0,0.0,12.232967376708984,0.13859820365905762
13.292287826538086,-0.7456284165382385,-0.5952852368354797,-0.02093428373336792,-0.016016116365790367,2.134913921356201,290.21258544921875,2.262941598892212,273.7291564941406,-0.7502938508987427,-0.4846871793270111,-0.027499675750732422,1.0,0.0,12.232967376708984,0.12802767753601074
13.292787551879883,-0.6504831910133362,-0.692817747592926,-0.03382490947842598,-0.01973732002079487,2.263850688934326,278.90557861328125,2.3983724117279053,273.6689758300781,-0.6362677216529846,-0.558760941028595,-0.015825748443603516,1.0,0.0,12.232967376708984,0.1345217227935791
13.293288230895996,-0.5466002225875854,-0.7718531489372253,-0.03382490947842598,-0.04206453636288643,2.403303623199463,278.90557861328125,2.5342442989349365,273.6284484863281,-0.5485566258430481,-0.6130326390266418,-0.03155994415283203,1.0,0.0,12.232967376708984,0.13094067573547363
13.293787956237793,-0.4339791536331177,-0.8424801826477051,-0.006432330701500177,-0.04113423451781273,2.543154239654541,279.18450927734375,2.6702725887298584,273.59539794921875,-0.4503369927406311,-0.7241633534431458,0.006159782409667969,1.0,0.0,12.232967376708984,0.12711834907531738
13.29428768157959,-0.30970755219459534,-0.8929277658462524,-0.01610029861330986,-0.031831227242946625,2.6827473640441895,279.18450927734375,2.806652307510376,273.5780334472656,-0.33068716526031494,-0.7618191242218018,0.016632080078125,1.0,0.0,12.232967376708984,0.12390494346618652
13.294788360595703,-0.19320309162139893,-0.9332861304283142,-0.01287764310836792,-0.031831227242946625,2.7766594886779785,247.21812438964844,2.943617105484009,273.58544921875,-0.2262105494737625,-0.8483367562294006,0.028664112091064453,1.0,0.0,12.232967376708984,0.16695761680603027
13.2952880859375,-0.0766986533999443,-0.9501022100448608,0.008069622330367565,-0.0011313053546473384,2.900268077850342,247.21812438964844,3.0812113285064697,273.61907958984375,-0.11206302791833878,-0.8627577424049377,0.022478103637695312,1.0,0.0,12.232967376708984,0.18094325065612793
13.29578685760498,0.04951406642794609,-0.946739137172699,-0.006432330701500177,-0.029970627278089523,3.069309711456299,279.18450927734375,-3.0656886100769043,273.5970458984375,-0.019551929086446762,-0.8938643336296082,-0.00664067268371582,1.0,0.0,12.232967376708984,0.14818716049194336
13.296286582946777,0.1776692271232605,-0.9332861304283142,-0.0015983461635187268,-0.00671310955658555,3.2089028358459473,279.18450927734375,-2.9293758869171143,273.5765686035156,0.10414530336856842,-0.9081122279167175,-0.0069065093994140625,1.0,0.0,12.232967376708984,0.14490652084350586
13.29678726196289,0.3019407093524933,-0.8962910771369934,1.2981891813979018e-05,-0.009504010900855064,3.3488945960998535,279.4639587402344,-2.7933571338653564,273.5442810058594,0.19808265566825867,-0.8512868285179138,-0.02859330177307129,1.0,0.0,12.232967376708984,0.14093351364135742
13.297286987304688,0.42427003383636475,-0.8525698184967041,0.0048469663597643375,-0.04950693994760513,3.488626003265381,279.4639587402344,-2.6566641330718994,273.5409240722656,0.34007149934768677,-0.9082175493240356,-0.03565692901611328,1.0,0.0,12.232967376708984,0.1378951072692871
13.297786712646484,0.5300954580307007,-0.7869872450828552,-0.01287764310836792,-0.02252822183072567,3.566537380218506,236.23304748535156,-2.520301580429077,273.523681640625,0.42894238233566284,-0.7843320965766907,-0.029827594757080078,1.0,0.0,12.232967376708984,0.19634675979614258
13.298287391662598,0.6194153428077698,-0.719723641872406,0.008069622330367565,0.0007292958325706422,3.684654712677002,236.23304748535156,-2.3834455013275146,273.5275573730469,0.5587874054908752,-0.7383454442024231,-0.019243717193603516,1.0,0.0,12.232967376708984,0.21508550643920898
13.298787117004395,0.7077644467353821,-0.6272358298301697,0.009680950082838535,-0.007643410470336676,3.879547595977783,289.9223937988281,-2.24837327003479,273.4564208984375,0.6146990060806274,-0.6699316501617432,-0.05992579460144043,1.0,0.0,12.232967376708984,0.15526437759399414
13.299286842346191,0.786405086517334,-0.5246582627296448,0.00323563814163208,0.0184050090610981,4.024507999420166,289.9223937988281,-2.113673210144043,273.3710632324219,0.7028747200965881,-0.5907091498374939,-0.06521487236022949,1.0,0.0,12.232967376708984,0.1450042724609375
13.299785614013672,0.8524243235588074,-0.41030949354171753,0.02579423226416111,-0.01322521548718214,4.153834819793701,279.18450927734375,-1.9791046380996704,273.2822265625,0.7789611220359802,-0.4818122386932373,-0.05479884147644043,1.0,0.0,12.232967376708984,0.15024614334106445
13.300286293029785,0.8980552554130554,-0.2909162640571594,1.2981891813979018e-05,0.005380799062550068,4.293426990509033,279.18450927734375,-1.8459734916687012,273.1346740722656,0.8225023746490479,-0.403687983751297,-0.09045767784118652,1.0,0.0,12.232967376708984,0.1437849998474121
13.300786018371582,0.934948205947876,-0.15975163877010345,0.014514935202896595,-0.008573710918426514,4.433019161224365,279.18450927734375,-1.7116116285324097,273.0421142578125,0.8534622192382812,-0.2519115209579468,-0.05545449256896973,1.0,0.0,12.232967376708984,0.13855457305908203
13.301285743713379,0.9436861872673035,-0.036995064467191696,0.01934891939163208,0.027708016335964203,4.572611331939697,279.18450927734375,-1.579833745956421,272.8424987792969,0.8598740696907043,-0.199296772480011,-0.1283421516418457,1.0,0.0,12.232967376708984,0.13074064254760742
13.301786422729492,0.9456281065940857,0.0807168185710907,0.009680950082838535,0.025847412645816803,4.666523456573486,247.21812438964844,-1.4473907947540283,272.6751708984375,0.908787190914154,-0.08323632925748825,-0.12440705299377441,1.0,0.0,12.232967376708984,0.16927099227905273
13.302286148071289,0.9232980608940125,0.2001100480556488,0.03385087102651596,0.04352312907576561,4.790132999420166,247.21812438964844,-1.3168882131576538,272.4298095703125,0.8746237754821777,0.04296499118208885,-0.11452984809875488,1.0,0.0,12.232967376708984,0.1761641502380371
13.302785873413086,0.8893173336982727,0.312777042388916,0.01612626202404499,0.029568614438176155,4.944097995758057,268.4466247558594,-1.1858707666397095,272.2115478515625,0.8578992486000061,0.17823311686515808,-0.08975958824157715,1.0,0.0,12.232967376708984,0.15321683883666992
13.303285598754883,0.8378608226776123,0.4288071095943451,0.02096024714410305,0.03608072176575661,5.078321933746338,268.4466247558594,-1.0541737079620361,272.0263366699219,0.8099038004875183,0.29672011733055115,-0.0751194953918457,1.0,0.0,12.232967376708984,0.15068960189819336
13.30378532409668,0.7718419432640076,0.5297029614448547,0.02418290264904499,0.0249171145260334,5.212276935577393,268.4466247558594,-0.9224076271057129,271.8480224609375,0.7688250541687012,0.40075409412384033,-0.07762718200683594,1.0,0.0,12.232967376708984,0.14850091934204102
13.304286003112793,0.6970847249031067,0.625554084777832,0.009680950082838535,0.04073222726583481,5.346768856048584,268.4466247558594,-0.7907531261444092,271.66864013671875,0.7226941585540771,0.49921441078186035,-0.08537745475769043,1.0,0.0,12.232967376708984,0.14566373825073242
13.304784774780273,0.6009686589241028,0.7180417776107788,0.009680950082838535,0.02026561088860035,5.511410713195801,289.9223937988281,-0.6578562259674072,271.54534912109375,0.6106420755386353,0.6133918166160583,-0.034963369369506836,1.0,0.0,12.232967376708984,0.11391878128051758
13.30528450012207,0.4922311305999756,0.7920321822166443,-0.01448897086083889,0.015614108182489872,5.656373023986816,289.9223937988281,-0.5240120887756348,271.4643249511719,0.5257437229156494,0.6677948236465454,-0.052695512771606445,1.0,0.0,12.232967376708984,0.10280036926269531
13.305785179138184,0.3776687681674957,0.8492064476013184,0.014514935202896595,0.03794132545590401,5.739956855773926,246.97091674804688,-0.3900938034057617,271.38818359375,0.41024354100227356,0.7181940674781799,-0.03862714767456055,1.0,0.0,12.232967376708984,0.15313482284545898
13.30628490447998,0.2708728611469269,0.8895648121833801,0.006458294112235308,-0.003922207746654749,5.86344051361084,246.97091674804688,-0.2557084560394287,271.33319091796875,0.31871530413627625,0.774030864238739,-0.04467415809631348,1.0,0.0,12.232967376708984,0.16403627395629883
13.306784629821777,0.15436828136444092,0.9164701104164124,1.2981891813979018e-05,0.0184050090610981,6.018000602722168,268.7153625488281,-0.12192153930664062,271.25421142578125,0.22714100778102875,0.820962131023407,-0.057863473892211914,1.0,0.0,12.232967376708984,0.1432633399963379
13.30728530883789,0.02427191101014614,0.9265599250793457,0.02740556001663208,0.04538372904062271,6.152359962463379,268.7153625488281,0.01232147216796875,271.1961669921875,0.1002373993396759,0.846409261226654,-0.04000425338745117,1.0,0.0,12.232967376708984,0.14314699172973633
13.307784080505371,-0.1019415333867073,0.9231967329978943,-0.009654986672103405,0.033289819955825806,0.018218517303466797,279.18450927734375,0.14690542221069336,271.1534423828125,-0.023321760818362236,0.8637499809265137,-0.02968764305114746,1.0,0.0,12.232967376708984,0.12868690490722656
13.308284759521484,-0.2242709845304489,0.9030174016952515,0.0016243100399151444,0.017474709078669548,0.15809202194213867,279.18450927734375,0.2814779281616211,271.1114196777344,-0.1408812552690506,0.8702571988105774,-0.030780553817749023,1.0,0.0,12.232967376708984,0.12338590621948242
13.308783531188965,-0.3524259030818939,0.866022527217865,-0.009654986672103405,0.009102001786231995,0.2978053092956543,279.4639587402344,0.4164712429046631,271.0877685546875,-0.2867172360420227,0.8392121195793152,0.003084897994995117,1.0,0.0,12.232967376708984,0.11866593360900879
13.309284210205078,-0.46310508251190186,0.8054846525192261,-0.01287764310836792,0.0184050090610981,0.43753767013549805,279.4639587402344,0.5505588054656982,271.0265808105469,-0.3440200388431549,0.810085117816925,-0.05890703201293945,1.0,0.0,12.232967376708984,0.1130211353302002
13.309783935546875,-0.5621342062950134,0.7449474930763245,-0.01610029861330986,0.010962603613734245,0.515113353729248,235.99703979492188,0.6829214096069336,270.8940734863281,-0.4490062892436981,0.7710169553756714,-0.06558942794799805,1.0,0.0,12.232967376708984,0.16780805587768555
13.310283660888672,-0.6465997099876404,0.6726387143135071,-0.01771162636578083,0.01003230269998312,0.6331095695495605,235.99703979492188,0.8156735897064209,270.7808837890625,-0.5525103807449341,0.7021059989929199,-0.05897402763366699,1.0,0.0,12.232967376708984,0.18256402015686035
13.310784339904785,-0.7262110114097595,0.5818325281143188,-0.01610029861330986,0.010962603613734245,0.7978625297546387,268.7153625488281,0.9486982822418213,270.68157958984375,-0.6235935688018799,0.6119170784950256,-0.06392621994018555,1.0,0.0,12.232967376708984,0.15083575248718262
13.311284065246582,-0.7970845699310303,0.48598140478134155,-0.01771162636578083,0.017474709078669548,0.9322218894958496,268.7153625488281,1.0821478366851807,270.6022644042969,-0.7264890074729919,0.5486231446266174,-0.06827497482299805,1.0,0.0,12.232967376708984,0.14992594718933105
13.311783790588379,-0.8553369045257568,0.37835952639579773,-0.006432330701500177,0.029568618163466454,1.0815482139587402,279.18450927734375,1.2141492366790771,270.4635009765625,-0.7927978038787842,0.4846996068954468,-0.10240697860717773,1.0,0.0,12.232967376708984,0.13260102272033691
13.312283515930176,-0.8912590146064758,0.25560295581817627,-0.02899092435836792,-0.011364612728357315,1.2211413383483887,279.18450927734375,1.3452951908111572,270.29144287109375,-0.792275607585907,0.3746805489063263,-0.12671566009521484,1.0,0.0,12.232967376708984,0.12415385246276855
13.312783241271973,-0.9203851222991943,0.14461714029312134,-0.03060225211083889,-0.017876718193292618,1.2990756034851074,236.23304748535156,1.4754111766815186,270.0801696777344,-0.8705740571022034,0.23708388209342957,-0.08084487915039062,1.0,0.0,12.232967376708984,0.17633557319641113
13.31328296661377,-0.9213560223579407,0.035313501954078674,-0.02899092435836792,-0.02438882365822792,1.41719388961792,236.23304748535156,1.6054766178131104,269.8707580566406,-0.8435919880867004,0.16241058707237244,-0.13552188873291016,1.0,0.0,12.232967376708984,0.18828272819519043
13.313782691955566,-0.9165017008781433,-0.07735326141119003,-0.008043658919632435,-0.027179725468158722,1.5817255973815918,268.7153625488281,1.7348086833953857,269.6353454589844,-0.8662616014480591,0.05058683827519417,-0.1330571174621582,1.0,0.0,12.232967376708984,0.15308308601379395
13.31428337097168,-0.8941717147827148,-0.19674670696258545,-0.02576826699078083,-0.033691830933094025,1.7160849571228027,268.7153625488281,1.8641917705535889,269.40704345703125,-0.8452534675598145,-0.06485025584697723,-0.12758970260620117,1.0,0.0,12.232967376708984,0.14810681343078613
13.314783096313477,-0.8592203259468079,-0.311095654964447,-0.02576826699078083,-0.026249423623085022,1.849677562713623,268.1784362792969,1.9929583072662354,269.15765380859375,-0.8208593726158142,-0.17746490240097046,-0.12006330490112305,1.0,0.0,12.232967376708984,0.1432807445526123
13.315282821655273,-0.8087350726127625,-0.41871753334999084,-0.01771162636578083,-0.02345852181315422,1.9837641716003418,268.1784362792969,2.122105836868286,268.929443359375,-0.7826155424118042,-0.2728143632411957,-0.12681150436401367,1.0,0.0,12.232967376708984,0.13834166526794434
13.31578254699707,-0.7427157759666443,-0.5196133255958557,-0.03221357986330986,-0.035552430897951126,2.118621349334717,268.7153625488281,2.2504961490631104,268.6740417480469,-0.7215336561203003,-0.3464657664299011,-0.14310979843139648,1.0,0.0,12.232967376708984,0.13187479972839355
13.316283226013184,-0.6611625552177429,-0.6137828826904297,-0.02093428373336792,-0.04764633625745773,2.2529807090759277,268.7153625488281,2.3800361156463623,268.4725036621094,-0.6450439691543579,-0.4672693908214569,-0.09326028823852539,1.0,0.0,12.232967376708984,0.12705540657043457
13.316781997680664,-0.5873764753341675,-0.6944994926452637,-0.00482100248336792,-0.02159792184829712,2.3559927940368652,246.97091674804688,2.510267496109009,268.3043212890625,-0.5940353274345398,-0.5826568007469177,-0.07465553283691406,1.0,0.0,12.232967376708984,0.15427470207214355
13.317281723022461,-0.4922311305999756,-0.758400022983551,-0.02093428373336792,-0.030900929123163223,2.4794764518737793,246.97091674804688,2.640798330307007,268.1520690917969,-0.5268083214759827,-0.6346752643585205,-0.10308170318603516,1.0,0.0,12.232967376708984,0.16132187843322754
13.317782402038574,-0.3854355812072754,-0.8189378380775452,-0.03865889087319374,-0.035552430897951126,2.6183085441589355,257.7087707519531,2.7713282108306885,268.00311279296875,-0.3920767307281494,-0.6972815990447998,-0.05288982391357422,1.0,0.0,12.232967376708984,0.15301966667175293
13.318282127380371,-0.28058162331581116,-0.8592962622642517,-0.01287764310836792,-0.04113423451781273,2.7471632957458496,257.7087707519531,2.902491807937622,267.8836975097656,-0.30377665162086487,-0.74763423204422,-0.05782175064086914,1.0,0.0,12.232967376708984,0.15532851219177246
13.318781852722168,-0.1660187542438507,-0.8895648121833801,-0.01610029861330986,-0.031831227242946625,2.8917460441589355,268.7153625488281,3.0327913761138916,267.73065185546875,-0.2152189165353775,-0.819588303565979,-0.059033870697021484,1.0,0.0,12.232967376708984,0.14104533195495605
13.319281578063965,-0.051456015557050705,-0.9030174016952515,-0.011266314424574375,-0.014155515469610691,3.0261054039001465,268.7153625488281,-3.117997407913208,267.6689453125,-0.11432269215583801,-0.8595919013023376,-0.06690716743469238,1.0,0.0,12.232967376708984,0.1390824317932129
13.319782257080078,0.07281524688005447,-0.9063808917999268,-0.01287764310836792,-0.02252822183072567,3.1600794792175293,268.4466247558594,-2.9868526458740234,267.55584716796875,-0.0018477693665772676,-0.8688983917236328,-0.06800103187561035,1.0,0.0,12.232967376708984,0.13625335693359375
13.320281982421875,0.1893199235200882,-0.8929277658462524,0.01129227876663208,-0.0029919063672423363,3.2943034172058105,268.4466247558594,-2.857060194015503,267.3882751464844,0.10346865653991699,-0.9072617292404175,-0.08222770690917969,1.0,0.0,12.232967376708984,0.1318221092224121
13.320780754089355,0.3019407093524933,-0.8626591563224792,-0.006432330701500177,-0.02624942548573017,3.3672022819519043,225.72088623046875,-2.7261409759521484,267.2717590332031,0.24057060480117798,-0.8394072651863098,-0.04748034477233887,1.0,0.0,12.232967376708984,0.18984222412109375
13.321281433105469,0.39902791380882263,-0.8223007321357727,0.0048469663597643375,-0.004852508660405874,3.48006010055542,225.72088623046875,-2.5947282314300537,267.1782531738281,0.3413870632648468,-0.7849456071853638,-0.04779863357543945,1.0,0.0,12.232967376708984,0.20839738845825195
13.321781158447266,0.4980567395687103,-0.7617631554603577,0.0016243100399151444,-0.008573709987103939,3.654019832611084,268.4466247558594,-2.4644012451171875,267.0413513183594,0.4374622702598572,-0.7492650747299194,-0.059999942779541016,1.0,0.0,12.232967376708984,0.164764404296875
13.322280883789062,0.5941726565361023,-0.6961809992790222,0.008069622330367565,-0.016016116365790367,3.7882418632507324,268.4466247558594,-2.335292100906372,266.8560485839844,0.5297691226005554,-0.7134606838226318,-0.07900810241699219,1.0,0.0,12.232967376708984,0.1596512794494629
13.32278060913086,0.6737840175628662,-0.6121013164520264,0.008069622330367565,-0.0048525077290833,3.9071097373962402,257.7087707519531,-2.205714464187622,266.6941833496094,0.5926523804664612,-0.6486237645149231,-0.10712623596191406,1.0,0.0,12.232967376708984,0.17036104202270508
13.323281288146973,0.7504827380180359,-0.51961350440979,1.2981891813979018e-05,-0.0002010049211094156,4.035964488983154,257.7087707519531,-2.0763802528381348,266.525634765625,0.6863082051277161,-0.5509227514266968,-0.08235907554626465,1.0,0.0,12.232967376708984,0.17084074020385742
13.32378101348877,0.8077640533447266,-0.4203992784023285,0.04674149677157402,0.02305651269853115,4.180177211761475,268.4466247558594,-1.9468469619750977,266.3690490722656,0.7534947395324707,-0.4670570492744446,-0.09046339988708496,1.0,0.0,12.232967376708984,0.15616130828857422
13.324280738830566,0.8572787642478943,-0.31445857882499695,0.008069622330367565,0.01003230269998312,4.314399242401123,268.4466247558594,-1.819443702697754,266.1261901855469,0.8007290363311768,-0.42203617095947266,-0.14836335182189941,1.0,0.0,12.232967376708984,0.14934253692626953
13.324779510498047,0.8922300934791565,-0.20683631300926208,0.01773759163916111,0.01189290452748537,4.386977672576904,225.49517822265625,-1.6929728984832764,265.8492431640625,0.8244984149932861,-0.2851769030094147,-0.12275385856628418,1.0,0.0,12.232967376708984,0.20323514938354492
13.32528018951416,0.9135890007019043,-0.0958511084318161,0.01290360651910305,-0.007643410935997963,4.499724864959717,225.49517822265625,-1.5654723644256592,265.6216735839844,0.8426445126533508,-0.12523476779460907,-0.06462931632995605,1.0,0.0,12.232967376708984,0.2179884910583496
13.325779914855957,0.9116473197937012,0.005044905934482813,0.02257157489657402,0.033289819955825806,4.658502101898193,257.7087707519531,-1.4377844333648682,265.4060974121094,0.878105103969574,-0.1044979989528656,-0.16370892524719238,1.0,0.0,12.232967376708984,0.18689870834350586
13.326279640197754,0.904850959777832,0.12443813681602478,0.014514935202896595,0.0174747072160244,4.787356853485107,257.7087707519531,-1.3123323917388916,265.1015319824219,0.8612440824508667,0.05136460065841675,-0.11102581024169922,1.0,0.0,12.232967376708984,0.18349599838256836
13.326780319213867,0.8786380887031555,0.2303786426782608,0.01290360651910305,0.02398681454360485,4.931556224822998,268.4466247558594,-1.1872261762619019,264.7886657714844,0.8410757780075073,0.10728441178798676,-0.16917777061462402,1.0,0.0,12.232967376708984,0.16440296173095703
13.327280044555664,0.8436863422393799,0.34472718834877014,-0.008043658919632435,-0.0011313057038933039,5.065782070159912,268.4466247558594,-1.0624053478240967,264.4703369140625,0.8452041745185852,0.2320692241191864,-0.1529395580291748,1.0,0.0,12.232967376708984,0.1549983024597168
13.327779769897461,0.7883468270301819,0.44730475544929504,0.009680950082838535,0.025847412645816803,5.18502950668335,257.96673583984375,-0.9370486736297607,264.18133544921875,0.7787124514579773,0.3286157548427582,-0.14700984954833984,1.0,0.0,12.232967376708984,0.16110754013061523
13.328279495239258,0.7203857898712158,0.5448374152183533,0.014514935202896595,0.02305651269853115,5.314012050628662,257.96673583984375,-0.8116767406463623,263.8990173339844,0.7326842546463013,0.41598042845726013,-0.15546965599060059,1.0,0.0,12.232967376708984,0.15749692916870117
13.328779220581055,0.6475705504417419,0.6238724589347839,0.02418290264904499,0.03980192542076111,5.396337032318115,225.49517822265625,-0.6865315437316895,263.6130676269531,0.6562805771827698,0.4785248637199402,-0.16710543632507324,1.0,0.0,12.232967376708984,0.2003169059753418
13.329278945922852,0.5689300298690796,0.6928179264068604,0.00323563814163208,0.027708016335964203,5.509082317352295,225.49517822265625,-0.5607912540435791,263.35809326171875,0.5680550336837769,0.5479393005371094,-0.15552783012390137,1.0,0.0,12.232967376708984,0.21331167221069336
13.329778671264648,0.4796100854873657,0.7600820064544678,0.01612626202404499,0.0239868126809597,5.66786527633667,257.7087707519531,-0.43431544303894043,263.13970947265625,0.4642552137374878,0.6519242525100708,-0.09723234176635742,1.0,0.0,12.232967376708984,0.18100500106811523
13.330279350280762,0.3796100914478302,0.8122113347053528,0.02096024714410305,0.028638318181037903,5.796720027923584,257.7087707519531,-0.3074061870574951,262.9438171386719,0.4077379107475281,0.7000736594200134,-0.13292908668518066,1.0,0.0,12.232967376708984,0.17905950546264648
13.330779075622559,0.2689307630062103,0.8525698184967041,0.01290360651910305,0.03887162357568741,5.925570964813232,257.7087707519531,-0.18037772178649902,262.75714111328125,0.2949936091899872,0.7603787183761597,-0.10257959365844727,1.0,0.0,12.232967376708984,0.17723703384399414
13.331278800964355,0.15631011128425598,0.8794749975204468,0.02740556001663208,0.03794132173061371,6.0544257164001465,257.7087707519531,-0.05333375930786133,262.5751647949219,0.19541451334953308,0.7907115817070007,-0.1018834114074707,1.0,0.0,12.232967376708984,0.17542600631713867
13.331778526306152,0.051456257700920105,0.8929277658462524,0.009680950082838535,0.025847412645816803,6.152928829193115,236.4695281982422,0.07318735122680664,262.3748474121094,0.10533826798200607,0.8213881850242615,-0.11378622055053711,1.0,0.0,12.232967376708984,0.2034440040588379
13.332279205322266,-0.05922319367527962,0.8895648121833801,0.02740556001663208,0.04724432900547981,6.271167278289795,236.4695281982422,0.19956517219543457,262.1726989746094,0.0010324855102226138,0.8140958547592163,-0.1139521598815918,1.0,0.0,12.232967376708984,0.21158361434936523
13.332778930664062,-0.1660189926624298,0.8761121034622192,-0.0015983461635187268,0.0249171145260334,0.13695716857910156,257.96673583984375,0.3266489505767822,262.0045166015625,-0.10404440760612488,0.8322311043739319,-0.11545681953430176,1.0,0.0,12.232967376708984,0.18969178199768066
13.33327865600586,-0.27281442284584045,0.8458430767059326,-0.006432330701500177,0.02026561088860035,0.26593780517578125,257.96673583984375,0.45235562324523926,261.78192138671875,-0.17622825503349304,0.8500261306762695,-0.1613779067993164,1.0,0.0,12.232967376708984,0.186417818069458
13.333778381347656,-0.3796103298664093,0.8122113347053528,-0.01287764310836792,0.014683805406093597,0.39429473876953125,257.7087707519531,0.5782077312469482,261.5701599121094,-0.3199650049209595,0.8234958052635193,-0.12096428871154785,1.0,0.0,12.232967376708984,0.183912992477417
13.334278106689453,-0.48543527722358704,0.7499923706054688,-0.01287764310836792,0.016544409096240997,0.5231494903564453,257.7087707519531,0.7036111354827881,261.3440856933594,-0.39737170934677124,0.731433629989624,-0.11936092376708984,1.0,0.0,12.232967376708984,0.18046164512634277
13.33477783203125,-0.584463894367218,0.6793649792671204,-0.006432330701500177,0.016544407233595848,0.6516342163085938,257.4513244628906,0.8299307823181152,261.16119384765625,-0.5116581320762634,0.661645770072937,-0.08501124382019043,1.0,0.0,12.232967376708984,0.17829656600952148
13.335277557373047,-0.6669878363609314,0.6036933064460754,-0.008043658919632435,0.0193353109061718,0.7803592681884766,257.4513244628906,0.9559056758880615,260.9676208496094,-0.5997082591056824,0.6233363151550293,-0.10329961776733398,1.0,0.0,12.232967376708984,0.17554640769958496
13.33577823638916,-0.7388322353363037,0.5263398289680481,0.0048469663597643375,0.01003230269998312,0.8637447357177734,225.72088623046875,1.0822136402130127,260.7918701171875,-0.6722397208213806,0.5811635255813599,-0.13795900344848633,1.0,0.0,12.232967376708984,0.21846890449523926
13.336277961730957,-0.7990264892578125,0.4288073480129242,-0.011266314424574375,0.032359518110752106,0.9766044616699219,225.72088623046875,1.2079641819000244,260.5966796875,-0.7439609169960022,0.43848294019699097,-0.08326435089111328,1.0,0.0,12.232967376708984,0.23135972023010254
13.336777687072754,-0.8417447209358215,0.3346375524997711,-0.01287764310836792,0.009102001786231995,1.119852066040039,246.97091674804688,1.3331139087677002,260.380126953125,-0.7728787064552307,0.3654470145702362,-0.11773300170898438,1.0,0.0,12.232967376708984,0.21326184272766113
13.337278366088867,-0.8757252097129822,0.22869707643985748,-0.01610029861330986,0.02026561088860035,1.243337631225586,246.97091674804688,1.4583103656768799,260.1703796386719,-0.8382980227470398,0.2799052596092224,-0.12359809875488281,1.0,0.0,12.232967376708984,0.21497273445129395
13.337777137756348,-0.9009678363800049,0.11771166324615479,-0.01448897086083889,0.006311099510639906,1.3819217681884766,257.7087707519531,1.5828759670257568,259.9383544921875,-0.8536222577095032,0.16865885257720947,-0.12103986740112305,1.0,0.0,12.232967376708984,0.20095419883728027
13.338276863098145,-0.9038801789283752,0.005044905934482813,-0.006432330701500177,0.003520197933539748,1.5107765197753906,257.7087707519531,1.706327199935913,259.6642150878906,-0.8331347107887268,0.09903167188167572,-0.16802215576171875,1.0,0.0,12.232967376708984,0.19555068016052246
13.338776588439941,-0.899996817111969,-0.10594049841165543,-0.02899092435836792,-0.029970627278089523,1.6396312713623047,257.7087707519531,1.8296153545379639,259.38909912109375,-0.8702079653739929,-0.010129479691386223,-0.1614232063293457,1.0,0.0,12.232967376708984,0.18998408317565918
13.339277267456055,-0.8786376118659973,-0.22365258634090424,-0.02415693923830986,0.01189290452748537,1.7684860229492188,257.7087707519531,1.9528286457061768,259.1168212890625,-0.8520288467407227,-0.11507855355739594,-0.16211795806884766,1.0,0.0,12.232967376708984,0.184342622756958
13.339776992797852,-0.8417444825172424,-0.3279113173484802,-0.01610029861330986,-0.018807020038366318,1.8513050079345703,225.49517822265625,2.0761444568634033,258.8545227050781,-0.7855467200279236,-0.22997310757637024,-0.13486194610595703,1.0,0.0,12.232967376708984,0.224839448928833
13.340276718139648,-0.8019391894340515,-0.4237624406814575,-0.01771162636578083,-0.01229491364210844,1.96405029296875,225.49517822265625,2.1987526416778564,258.56805419921875,-0.7667885422706604,-0.3312488794326782,-0.1345815658569336,1.0,0.0,12.232967376708984,0.23470234870910645
13.340777397155762,-0.7427157759666443,-0.5196133255958557,-0.02737959660589695,-0.010434313677251339,2.1232032775878906,257.96673583984375,2.3214919567108154,258.2929992675781,-0.7057766318321228,-0.42182162404060364,-0.12645387649536133,1.0,0.0,12.232967376708984,0.1982886791229248
13.341277122497559,-0.6699007153511047,-0.6053750514984131,-0.02737959660589695,-0.053228143602609634,2.2521839141845703,257.96673583984375,2.4440653324127197,258.0169372558594,-0.6674219965934753,-0.5215994715690613,-0.12444877624511719,1.0,0.0,12.232967376708984,0.19188141822814941
13.341775894165039,-0.5922309756278992,-0.679365336894989,-0.01771162636578083,-0.017876718193292618,2.380542755126953,257.7087707519531,2.5663979053497314,257.7364501953125,-0.6318681240081787,-0.5498613715171814,-0.19442033767700195,1.0,0.0,12.232967376708984,0.18585515022277832
13.342275619506836,-0.48931872844696045,-0.756718635559082,-0.05799483135342598,-0.04485543817281723,2.509397506713867,257.7087707519531,2.6891939640045166,257.4812927246094,-0.49676477909088135,-0.6449944376945496,-0.11859607696533203,1.0,0.0,12.232967376708984,0.17979645729064941
13.34277629852295,-0.38931897282600403,-0.8189378380775452,-0.02576826699078083,-0.03927363082766533,2.6382522583007812,257.7087707519531,2.8133294582366943,257.2876892089844,-0.38915470242500305,-0.7185108065605164,-0.0827326774597168,1.0,0.0,12.232967376708984,0.17507719993591309
13.343276023864746,-0.28058162331581116,-0.866022527217865,-0.02899092435836792,-0.018807020038366318,2.7671070098876953,257.7087707519531,2.937751054763794,257.11029052734375,-0.2865856885910034,-0.7791279554367065,-0.06321954727172852,1.0,0.0,12.232967376708984,0.17064404487609863
13.343775749206543,-0.17572753131389618,-0.8895648121833801,-0.02576826699078083,-0.037413034588098526,2.8348922729492188,214.9722900390625,3.0629618167877197,256.9698486328125,-0.16083396971225739,-0.7761998772621155,-0.04022789001464844,1.0,0.0,12.232967376708984,0.22806954383850098
13.344276428222656,-0.076698899269104,-0.8996544480323792,-0.01932295598089695,-0.04857663810253143,2.9423770904541016,214.9722900390625,-3.094303607940674,256.8620300292969,-0.09118442237377167,-0.8147936463356018,-0.07345414161682129,1.0,0.0,12.232967376708984,0.2465047836303711
13.344776153564453,0.03592213615775108,-0.9063808917999268,-0.01932295598089695,-0.028110025450587273,3.1263294219970703,268.4466247558594,-2.969804048538208,256.69683837890625,-0.006698069162666798,-0.8501953482627869,-0.0945277214050293,1.0,0.0,12.232967376708984,0.18705224990844727
13.34527587890625,0.15825217962265015,-0.8929277658462524,-0.01932295598089695,-0.0020616070833057165,3.2605533599853516,268.4466247558594,-2.8451294898986816,256.54241943359375,0.1162722259759903,-0.8273752331733704,-0.07166266441345215,1.0,0.0,12.232967376708984,0.17750263214111328
13.34577465057373,0.2786397933959961,-0.8592962622642517,0.006458294112235308,-0.04671603441238403,3.3791637420654297,257.7087707519531,-2.7191686630249023,256.44549560546875,0.24335744976997375,-0.7564683556556702,-0.025835275650024414,1.0,0.0,12.232967376708984,0.18485307693481445
13.34627628326416,0.3834937810897827,-0.8256641030311584,-0.0032096742652356625,-0.015085816383361816,3.5082759857177734,257.7087707519531,-2.5946149826049805,256.291259765625,0.32938775420188904,-0.8251314759254456,-0.08210992813110352,1.0,0.0,12.232967376708984,0.18029451370239258
13.34677505493164,0.4825223684310913,-0.7752161026000977,-0.01287764310836792,-0.037413034588098526,3.5911636352539062,225.72088623046875,-2.470093011856079,256.1390380859375,0.4294334352016449,-0.7591080665588379,-0.07162737846374512,1.0,0.0,12.232967376708984,0.22192907333374023
13.347274780273438,0.5708720088005066,-0.7163602709770203,0.0048469663597643375,-0.01973731815814972,3.7040233612060547,225.72088623046875,-2.3452577590942383,256.0028991699219,0.5155263543128967,-0.7091017961502075,-0.08275103569030762,1.0,0.0,12.232967376708984,0.23390436172485352
13.347774505615234,0.6533957719802856,-0.6406883001327515,0.00323563814163208,-0.015085816383361816,3.8626251220703125,257.7087707519531,-2.221128225326538,255.8400115966797,0.5866090655326843,-0.6524551510810852,-0.10334134101867676,1.0,0.0,12.232967376708984,0.1994318962097168
13.348275184631348,0.7330071330070496,-0.5566086173057556,-0.0015983461635187268,-0.00671310955658555,3.9914798736572266,257.7087707519531,-2.097038507461548,255.67897033691406,0.6816843152046204,-0.5800992846488953,-0.09401774406433105,1.0,0.0,12.232967376708984,0.19466733932495117
13.348774909973145,0.801939070224762,-0.4506678879261017,0.03385087102651596,-0.02531912550330162,4.120334625244141,257.7087707519531,-1.9732729196548462,255.50796508789062,0.7543442845344543,-0.4560864567756653,-0.05642533302307129,1.0,0.0,12.232967376708984,0.18957805633544922
13.349274635314941,0.8524242043495178,-0.3497720956802368,0.01290360651910305,0.0016595965716987848,4.249189376831055,257.7087707519531,-1.8496309518814087,255.33502197265625,0.7816020250320435,-0.38510721921920776,-0.09428143501281738,1.0,0.0,12.232967376708984,0.18436527252197266
13.349774360656738,0.8922297954559326,-0.24046824872493744,0.009680950082838535,-0.016946418210864067,4.377784729003906,257.7087707519531,-1.7261645793914795,255.15850830078125,0.8545209169387817,-0.3176085650920868,-0.1159512996673584,1.0,0.0,12.232967376708984,0.17923593521118164
13.350274085998535,0.9184437394142151,-0.12780147790908813,0.009680950082838535,0.014683805406093597,4.50663948059082,257.7087707519531,-1.6029024124145508,254.97702026367188,0.8776144981384277,-0.22310468554496765,-0.132429838180542,1.0,0.0,12.232967376708984,0.1736435890197754
13.350773811340332,0.9271814227104187,-0.018497426062822342,0.02418290264904499,0.030498916283249855,4.589460372924805,225.49517822265625,-1.4812417030334473,254.73216247558594,0.8733219504356384,-0.1235947534441948,-0.1458733081817627,1.0,0.0,12.232967376708984,0.21248340606689453
13.351273536682129,0.9262107014656067,0.10089580714702606,0.01934891939163208,0.009102001786231995,4.702207565307617,225.49517822265625,-1.3588616847991943,254.52284240722656,0.8522882461547852,0.04091658815741539,-0.07948517799377441,1.0,0.0,12.232967376708984,0.22211599349975586
13.351774215698242,0.9058219790458679,0.20347318053245544,0.01612626202404499,0.014683805406093597,4.861360549926758,257.96673583984375,-1.237037181854248,254.29417419433594,0.861248254776001,0.0929391011595726,-0.14212298393249512,1.0,0.0,12.232967376708984,0.18478775024414062
13.352273941040039,0.868928849697113,0.31445857882499695,-0.011266314424574375,0.004450499080121517,4.9903411865234375,257.96673583984375,-1.1164915561676025,254.01670837402344,0.8130147457122803,0.17957057058811188,-0.1529221534729004,1.0,0.0,12.232967376708984,0.17635297775268555
13.352773666381836,0.8262105584144592,0.4220808744430542,-0.0015983461635187268,0.00445049861446023,5.118955612182617,257.7087707519531,-0.9956843852996826,253.75604248046875,0.795216977596283,0.29653990268707275,-0.134185791015625,1.0,0.0,12.232967376708984,0.16854524612426758
13.35327434539795,0.7679584622383118,0.5229766368865967,0.01934891939163208,0.025847412645816803,5.247810363769531,257.7087707519531,-0.8742318153381348,253.52786254882812,0.7576744556427002,0.4043876826763153,-0.12233686447143555,1.0,0.0,12.232967376708984,0.16114330291748047
13.353774070739746,0.6893177628517151,0.6121013164520264,0.02579423226416111,0.03515041992068291,5.361310958862305,246.97091674804688,-0.7526154518127441,253.3115997314453,0.6700121164321899,0.4646930694580078,-0.12791824340820312,1.0,0.0,12.232967376708984,0.16925907135009766
13.354273796081543,0.6116484999656677,0.6928179264068604,0.02418290264904499,0.03794132545590401,5.484796524047852,246.97091674804688,-0.631375789642334,253.083984375,0.6368780136108398,0.5618305802345276,-0.13277149200439453,1.0,0.0,12.232967376708984,0.16701316833496094
13.354772567749023,0.5213573575019836,0.761763334274292,0.01612626202404499,0.031429219990968704,5.57734489440918,225.49517822265625,-0.5088565349578857,252.91513061523438,0.5135840773582458,0.6392442584037781,-0.0840446949005127,1.0,0.0,12.232967376708984,0.19698381423950195
13.355273246765137,0.42815396189689636,0.8122113347053528,0.02418290264904499,0.03980192542076111,5.690090179443359,225.49517822265625,-0.3860299587249756,252.7625274658203,0.42751801013946533,0.6892996430397034,-0.08525729179382324,1.0,0.0,12.232967376708984,0.20706510543823242
13.355772972106934,0.3252415359020233,0.8592962622642517,0.02418290264904499,0.028638316318392754,5.864601135253906,268.7153625488281,-0.263136625289917,252.61610412597656,0.3478124141693115,0.7621971368789673,-0.0811314582824707,1.0,0.0,12.232967376708984,0.15544748306274414
13.35627269744873,0.20679551362991333,0.8929277658462524,0.03062821552157402,0.04910493269562721,5.998960494995117,268.7153625488281,-0.13976597785949707,252.4925537109375,0.25759246945381165,0.7870691418647766,-0.09278059005737305,1.0,0.0,12.232967376708984,0.14445924758911133
13.356773376464844,0.09029070287942886,0.91310715675354,0.01290360651910305,0.025847412645816803,6.102222442626953,246.97091674804688,-0.01606464385986328,252.38555908203125,0.13397204875946045,0.8186127543449402,-0.0623164176940918,1.0,0.0,12.232967376708984,0.16489839553833008
13.35727310180664,-0.030096903443336487,0.91310715675354,0.01129227876663208,0.032359518110752106,6.225706100463867,246.97091674804688,0.10833024978637695,252.31036376953125,-0.012522017583251,0.7972479462623596,-0.008586883544921875,1.0,0.0,12.232967376708984,0.16580963134765625
13.357772827148438,-0.1466013491153717,0.9030174016952515,0.02096024714410305,0.05840793624520302,0.08173418045043945,257.96673583984375,0.2334611415863037,252.2673797607422,-0.09883861988782883,0.8378709554672241,-0.032114505767822266,1.0,0.0,12.232967376708984,0.15172696113586426
13.358272552490234,-0.2669895589351654,0.8761121034622192,0.0048469663597643375,0.02305651269853115,0.21071481704711914,257.96673583984375,0.3584291934967041,252.218505859375,-0.23024871945381165,0.7842486500740051,0.011228322982788086,1.0,0.0,12.232967376708984,0.14771437644958496
13.358772277832031,-0.3640763759613037,0.8492064476013184,0.00323563814163208,0.03701102361083031,0.29300737380981445,225.49517822265625,0.48313069343566895,252.1592559814453,-0.32369890809059143,0.8518137335777283,-0.03610086441040039,1.0,0.0,12.232967376708984,0.1901233196258545
13.359272003173828,-0.45728012919425964,0.7953954935073853,1.2981891813979018e-05,0.025847414508461952,0.40575647354125977,225.49517822265625,0.6073102951049805,252.07943725585938,-0.3729507029056549,0.7790347933769226,-0.07714509963989258,1.0,0.0,12.232967376708984,0.2015538215637207
13.359771728515625,-0.5543668866157532,0.7314945459365845,-0.009654986672103405,0.014683805406093597,0.5492100715637207,246.97091674804688,0.7313640117645264,251.99607849121094,-0.474303662776947,0.6850141286849976,-0.04196333885192871,1.0,0.0,12.232967376708984,0.18215394020080566
13.360272407531738,-0.6339782476425171,0.6608675718307495,-0.0032096742652356625,0.025847414508461952,0.6726956367492676,246.97091674804688,0.8552055358886719,251.90557861328125,-0.5598326325416565,0.6631971001625061,-0.07047772407531738,1.0,0.0,12.232967376708984,0.1825098991394043
13.360772132873535,-0.7194151878356934,0.5666981935501099,-0.009654986672103405,0.033289819955825806,0.826509952545166,268.1784362792969,0.9792506694793701,251.8254852294922,-0.6385295391082764,0.5526356101036072,-0.03811454772949219,1.0,0.0,12.232967376708984,0.1527407169342041
13.361271858215332,-0.7912594676017761,0.47589197754859924,-0.008043658919632435,-0.017876718193292618,0.9605984687805176,268.1784362792969,1.104254961013794,251.78724670410156,-0.7315076589584351,0.49242478609085083,-0.04222297668457031,1.0,0.0,12.232967376708984,0.14365649223327637
13.361771583557129,-0.8446571826934814,0.369951069355011,-0.01448897086083889,0.02305651269853115,1.0800976753234863,257.96673583984375,1.2260792255401611,251.6162109375,-0.7650247812271118,0.4338515102863312,-0.08768939971923828,1.0,0.0,12.232967376708984,0.1459815502166748
13.362272262573242,-0.8912590146064758,0.25560295581817627,-0.01771162636578083,0.013753506354987621,1.2090802192687988,257.96673583984375,1.3487255573272705,251.48313903808594,-0.8202553391456604,0.32638049125671387,-0.07313251495361328,1.0,0.0,12.232967376708984,0.13964533805847168
13.362771034240723,-0.9213560223579407,0.149662047624588,-0.02093428373336792,0.00817170087248087,1.291405200958252,225.49517822265625,1.4729092121124268,251.4175567626953,-0.8859647512435913,0.2256002426147461,-0.06795978546142578,1.0,0.0,12.232967376708984,0.1815040111541748
13.36327075958252,-0.9368899464607239,0.04203975945711136,0.0016243100399151444,0.008171701803803444,1.4041504859924316,225.49517822265625,1.595597505569458,251.29049682617188,-0.883270800113678,0.11345697194337845,-0.0691075325012207,1.0,0.0,12.232967376708984,0.19144701957702637
13.363771438598633,-0.9320357441902161,-0.07062700390815735,-0.01932295598089695,-0.007643410935997963,1.562929630279541,257.7087707519531,1.7175991535186768,251.13739013671875,-0.8853704333305359,0.005386476870626211,-0.06949377059936523,1.0,0.0,12.232967376708984,0.15466952323913574
13.36427116394043,-0.9145600199699402,-0.18833866715431213,-0.02093428373336792,-0.017876718193292618,1.691784381866455,257.7087707519531,1.8401453495025635,251.01040649414062,-0.8782137632369995,-0.10219533741474152,-0.07015514373779297,1.0,0.0,12.232967376708984,0.1483609676361084
13.364770889282227,-0.8854336738586426,-0.30605074763298035,-0.01932295598089695,-0.0020616070833057165,1.8206391334533691,257.7087707519531,1.9619810581207275,250.85609436035156,-0.8197731971740723,-0.19231508672237396,-0.07749032974243164,1.0,0.0,12.232967376708984,0.1413419246673584
13.365270614624023,-0.8378610610961914,-0.4153544008731842,-0.02415693923830986,-0.010434312745928764,1.9494938850402832,257.7087707519531,2.0847795009613037,250.74560546875,-0.8180050253868103,-0.3188585340976715,-0.058994293212890625,1.0,0.0,12.232967376708984,0.1352856159210205
13.365771293640137,-0.786405086517334,-0.5112054944038391,-0.0354362353682518,-0.015085814520716667,2.0172791481018066,214.9722900390625,2.2073094844818115,250.62612915039062,-0.7565469145774841,-0.40746551752090454,-0.05920982360839844,1.0,0.0,12.232967376708984,0.19003033638000488
13.366271018981934,-0.7203857898712158,-0.5919221639633179,-0.02415693923830986,-0.03834332898259163,2.1247639656066895,214.9722900390625,2.330104112625122,250.52027893066406,-0.6963887810707092,-0.5051233768463135,-0.04849720001220703,1.0,0.0,12.232967376708984,0.20534014701843262
13.366769790649414,-0.6446579694747925,-0.6760018467903137,-0.02093428373336792,-0.016016116365790367,2.3084492683410645,268.4466247558594,2.4525468349456787,250.40194702148438,-0.6557337045669556,-0.5721117258071899,-0.0812530517578125,1.0,0.0,12.232967376708984,0.14409756660461426
13.367269515991211,-0.5514543652534485,-0.7567184567451477,-0.02415693923830986,-0.01973731815814972,2.4426751136779785,268.4466247558594,2.5751001834869385,250.29071044921875,-0.5779723525047302,-0.6813783049583435,-0.0538020133972168,1.0,0.0,12.232967376708984,0.13242506980895996
13.367770195007324,-0.4475712478160858,-0.8223007321357727,-0.03865889087319374,-0.031831227242946625,2.561554431915283,257.7087707519531,2.697787046432495,250.18728637695312,-0.48180869221687317,-0.7462441325187683,-0.04632854461669922,1.0,0.0,12.232967376708984,0.13623261451721191
13.368269920349121,-0.32912519574165344,-0.866022527217865,-0.02737959660589695,-0.034622132778167725,2.6904072761535645,257.7087707519531,2.8213703632354736,250.12384033203125,-0.3506132662296295,-0.7446832656860352,-0.03661918640136719,1.0,0.0,12.232967376708984,0.13096308708190918
13.368769645690918,-0.2145623415708542,-0.9097438454627991,-0.04188155010342598,-0.033691830933094025,2.8039193153381348,246.97091674804688,2.9464972019195557,250.12657165527344,-0.2156168669462204,-0.8162185549736023,0.02026081085205078,1.0,0.0,12.232967376708984,0.1425778865814209
13.369270324707031,-0.09999959915876389,-0.9299232959747314,-0.02899092435836792,-0.02438882365822792,2.927402973175049,246.97091674804688,3.0726935863494873,250.17422485351562,-0.10696523636579514,-0.8415009379386902,0.025936126708984375,1.0,0.0,12.232967376708984,0.14529061317443848
13.369770050048828,0.0126209557056427,-0.9366495013237,-0.01932295598089695,-0.029970629140734673,3.035879611968994,236.4695281982422,-3.085129499435425,250.1856231689453,-0.026334650814533234,-0.8709016442298889,-0.003340005874633789,1.0,0.0,12.232967376708984,0.16217660903930664
13.370269775390625,0.12912587821483612,-0.9299232959747314,-0.01771162636578083,-0.008573709987103939,3.1541171073913574,236.4695281982422,-2.958660364151001,250.24337768554688,0.09385782480239868,-0.8816678524017334,0.006536006927490234,1.0,0.0,12.232967376708984,0.17040777206420898
13.370768547058105,0.2514554560184479,-0.9063808917999268,-0.03865889087319374,-0.031831227242946625,3.3024649620056152,257.7087707519531,-2.832987070083618,250.26683044433594,0.2284528762102127,-0.8373399972915649,0.04130983352661133,1.0,0.0,12.232967376708984,0.14773321151733398
13.371270179748535,0.3660179376602173,-0.866022527217865,-0.01287764310836792,-0.013225213624536991,3.4315762519836426,257.7087707519531,-2.7063698768615723,250.32913208007812,0.33271175622940063,-0.8128573298454285,0.03685307502746582,1.0,0.0,12.232967376708984,0.14523935317993164
13.371768951416016,0.47669753432273865,-0.8122111558914185,-0.00482100248336792,-0.02345852181315422,3.5605454444885254,257.96673583984375,-2.5800626277923584,250.37718200683594,0.43479248881340027,-0.7574995756149292,0.043150901794433594,1.0,0.0,12.232967376708984,0.1425776481628418
13.372268676757812,0.5864053964614868,-0.7432659268379211,-0.009654986672103405,-0.031831227242946625,3.689526081085205,257.96673583984375,-2.453207015991211,250.4473876953125,0.554000973701477,-0.6650266647338867,0.09001588821411133,1.0,0.0,12.232967376708984,0.14045238494873047
13.372769355773926,0.6776676774024963,-0.6659122705459595,-0.00482100248336792,-0.016016116365790367,3.8331151008605957,268.1784362792969,-2.326035976409912,250.5290985107422,0.6294385194778442,-0.6499819755554199,0.03742337226867676,1.0,0.0,12.232967376708984,0.12403440475463867
13.373269081115723,0.7669875621795654,-0.5717431306838989,-0.009654986672103405,-0.02438882365822792,3.9672036170959473,268.1784362792969,-2.199988842010498,250.56198120117188,0.7095714807510376,-0.5835608243942261,0.024528026580810547,1.0,0.0,12.232967376708984,0.11599302291870117
13.37376880645752,0.830094039440155,-0.47589197754859924,0.009680950082838535,-0.02438882365822792,4.040619373321533,225.72088623046875,-2.0732765197753906,250.6218719482422,0.7688514590263367,-0.5288647413253784,-0.016611576080322266,1.0,0.0,12.232967376708984,0.16928958892822266
13.374268531799316,0.885434091091156,-0.37331464886665344,-0.00482100248336792,-0.02531912364065647,4.153479099273682,225.72088623046875,-1.947566270828247,250.63848876953125,0.8286662697792053,-0.4180680811405182,-0.0069887638092041016,1.0,0.0,12.232967376708984,0.18213987350463867
13.37476921081543,0.9300938248634338,-0.26232901215553284,0.01129227876663208,-0.0029919063672423363,4.327438831329346,268.4466247558594,-1.8209890127182007,250.6912841796875,0.9309846758842468,-0.29842597246170044,0.023625612258911133,1.0,0.0,12.232967376708984,0.13475751876831055
13.375268936157227,0.9640745520591736,-0.12948283553123474,0.008069622330367565,-0.012294914573431015,4.461660861968994,268.4466247558594,-1.6944384574890137,250.74215698242188,0.9495795965194702,-0.1329108625650406,0.06841540336608887,1.0,0.0,12.232967376708984,0.12708616256713867
13.375767707824707,0.9698994159698486,-0.011771166697144508,0.01290360651910305,-0.005782809108495712,4.580271244049072,257.7087707519531,-1.5690990686416626,250.74057006835938,0.9347494840621948,-0.119508758187294,-0.04549741744995117,1.0,0.0,12.232967376708984,0.13381528854370117
13.37626838684082,0.9718413352966309,0.11603010445833206,0.01290360651910305,0.005380799062550068,4.709125995635986,257.7087707519531,-1.4443243741989136,250.7155303955078,0.9619801640510559,0.06350980699062347,0.023091793060302734,1.0,0.0,12.232967376708984,0.12973499298095703
13.376768112182617,0.9427151679992676,0.24046844244003296,0.009680950082838535,0.0035201977007091045,4.8533244132995605,268.4466247558594,-1.318780779838562,250.7232666015625,0.9049007296562195,0.12428712099790573,-0.03210949897766113,1.0,0.0,12.232967376708984,0.11108016967773438
13.377267837524414,0.9029093384742737,0.3699512779712677,-0.00482100248336792,0.0007292958325706422,4.987547397613525,268.4466247558594,-1.1938244104385376,250.70632934570312,0.8533901572227478,0.2577865421772003,-7.462501525878906e-05,1.0,0.0,12.232967376708984,0.10181379318237305
13.377767562866211,0.8533950448036194,0.47589197754859924,0.01934891939163208,0.02026561088860035,5.076076030731201,236.4695281982422,-1.0693144798278809,250.6709747314453,0.8266472220420837,0.35837098956108093,-0.008923053741455078,1.0,0.0,12.232967376708984,0.13779497146606445
13.378268241882324,0.7912594676017761,0.5767875909805298,0.01934891939163208,0.031429219990968704,5.194311618804932,236.4695281982422,-0.9442288875579834,250.6604766845703,0.7817195057868958,0.4624482989311218,-0.008875846862792969,1.0,0.0,12.232967376708984,0.14464521408081055
13.378767967224121,0.7077644467353821,0.6743204593658447,0.03062821552157402,0.01189290452748537,5.358273983001709,268.4466247558594,-0.8190798759460449,250.6528778076172,0.6859617829322815,0.5371637344360352,-0.003871440887451172,1.0,0.0,12.232967376708984,0.10583162307739258
13.379267692565918,0.608735978603363,0.7584002614021301,0.02096024714410305,0.015614106319844723,5.49249792098999,268.4466247558594,-0.6931281089782715,250.67909240722656,0.6009261608123779,0.6083968281745911,-0.0025725364685058594,1.0,0.0,12.232967376708984,0.09755945205688477
13.379767417907715,0.49999845027923584,0.8391168117523193,0.04674149677157402,0.04724432900547981,5.626451015472412,268.4466247558594,-0.5658359527587891,250.76129150390625,0.49553847312927246,0.7329520583152771,0.0551295280456543,1.0,0.0,12.232967376708984,0.09089851379394531
13.380267143249512,0.3776687681674957,0.8962910771369934,0.04029618576169014,0.03794132545590401,5.760674953460693,268.4466247558594,-0.43734097480773926,250.8922882080078,0.36756205558776855,0.7575028538703918,0.0694725513458252,1.0,0.0,12.232967376708984,0.08516931533813477
13.380766868591309,0.24951386451721191,0.9433757662773132,0.02579423226416111,0.03887162730097771,5.894897937774658,268.4466247558594,-0.3090941905975342,251.01014709472656,0.2337431013584137,0.8111624717712402,0.11264896392822266,1.0,0.0,12.232967376708984,0.0791935920715332
13.381266593933105,0.1213589534163475,0.9669181108474731,0.04029618576169014,0.06957154721021652,6.0291218757629395,268.4466247558594,-0.17924046516418457,251.19302368164062,0.15921978652477264,0.8491592407226562,0.07791781425476074,1.0,0.0,12.232967376708984,0.07482290267944336
13.381767272949219,-0.004854139406234026,0.9803708791732788,0.02096024714410305,0.04538372904062271,6.117648601531982,236.4695281982422,-0.04925227165222168,251.37757873535156,0.027094947174191475,0.8897146582603455,0.10300230979919434,1.0,0.0,12.232967376708984,0.11628484725952148
13.382266998291016,-0.12330076843500137,0.9702814221382141,0.01612626202404499,0.0239868126809597,6.235884189605713,236.4695281982422,0.07957625389099121,251.50938415527344,-0.06819889694452286,0.8868124485015869,0.08132338523864746,1.0,0.0,12.232967376708984,0.1268773078918457
13.382766723632812,-0.251455694437027,0.946739137172699,0.02096024714410305,0.04538372904062271,0.11666107177734375,268.4466247558594,0.20976781845092773,251.6959228515625,-0.2069607973098755,0.8539944291114807,0.11233186721801758,1.0,0.0,12.232967376708984,0.09310674667358398
13.383267402648926,-0.3776685297489166,0.9030174016952515,0.02096024714410305,0.04352312535047531,0.250885009765625,268.4466247558594,0.341585636138916,251.94688415527344,-0.3357883393764496,0.8245173096656799,0.1296541690826416,1.0,0.0,12.232967376708984,0.09070062637329102
13.383766174316406,-0.49514392018318176,0.8407983779907227,0.009680950082838535,0.04073222726583481,0.40058231353759766,279.4639587402344,0.47281932830810547,252.1677703857422,-0.4022362232208252,0.7867656350135803,0.08416867256164551,1.0,0.0,12.232967376708984,0.07223701477050781
13.384265899658203,-0.6165025234222412,0.7651264667510986,-0.0015983461635187268,0.034220121800899506,0.540313720703125,279.4639587402344,0.6044268608093262,252.4000701904297,-0.5531004071235657,0.7059721946716309,0.14485621452331543,1.0,0.0,12.232967376708984,0.06411314010620117
13.384765625,-0.7126188278198242,0.6793649792671204,0.02096024714410305,0.04724433273077011,0.617889404296875,235.99703979492188,0.7362856864929199,252.63800048828125,-0.6466173529624939,0.6256095170974731,0.1504359245300293,1.0,0.0,12.232967376708984,0.11839628219604492
13.385266304016113,-0.7873757481575012,0.5969667434692383,0.008069622330367565,0.050965528935194016,0.7358875274658203,235.99703979492188,0.8671286106109619,252.82781982421875,-0.7195068597793579,0.6392785906791687,0.06174945831298828,1.0,0.0,12.232967376708984,0.1312410831451416
13.38576602935791,-0.85727858543396,0.4826182723045349,-0.006432330701500177,0.027708014473319054,0.9002552032470703,268.4466247558594,0.9981696605682373,253.02218627929688,-0.7722322344779968,0.4913823902606964,0.0906224250793457,1.0,0.0,12.232967376708984,0.09791445732116699
13.386265754699707,-0.9135892391204834,0.3716328740119934,0.014514935202896595,0.0249171145260334,1.0344791412353516,268.4466247558594,1.128164529800415,253.16847229003906,-0.8260179758071899,0.42496368288993835,0.05205059051513672,1.0,0.0,12.232967376708984,0.09368538856506348
13.38676643371582,-0.9592201709747314,0.2455131560564041,-0.01287764310836792,0.012823204509913921,1.169088363647461,268.7153625488281,1.258202314376831,253.3135986328125,-0.8956541419029236,0.2988851070404053,0.07523059844970703,1.0,0.0,12.232967376708984,0.08911395072937012
13.387266159057617,-0.984462559223175,0.11434853821992874,0.0016243100399151444,0.017474709078669548,1.303445816040039,268.7153625488281,1.3880980014801025,253.44960021972656,-0.9215410351753235,0.18401536345481873,0.07035589218139648,1.0,0.0,12.232967376708984,0.08465218544006348
13.387764930725098,-0.9932003021240234,-0.018497426062822342,-0.02093428373336792,0.006311099510639906,1.4524955749511719,279.18450927734375,1.5169641971588135,253.5393524169922,-0.950826108455658,0.09122651070356369,0.042842864990234375,1.0,0.0,12.232967376708984,0.0644686222076416
13.388264656066895,-0.9757247567176819,-0.15638872981071472,-0.0515495166182518,-0.018807020038366318,1.5920867919921875,279.18450927734375,1.6468689441680908,253.67105102539062,-0.9266204833984375,-0.04322734475135803,0.05530261993408203,1.0,0.0,12.232967376708984,0.05478215217590332
13.388765335083008,-0.9504821300506592,-0.2808270752429962,-0.02576826699078083,-0.005782809108495712,1.6703014373779297,236.23304748535156,1.7760751247406006,253.7708282470703,-0.8828667402267456,-0.16387122869491577,0.06306934356689453,1.0,0.0,12.232967376708984,0.1057736873626709
13.389265060424805,-0.9087346196174622,-0.3934938311576843,-0.02737959660589695,-0.01973732002079487,1.7884178161621094,236.23304748535156,1.9067561626434326,253.93038940429688,-0.8808321952819824,-0.2868651747703552,0.06376266479492188,1.0,0.0,12.232967376708984,0.11833834648132324
13.389764785766602,-0.8553369045257568,-0.5128868818283081,-0.02415693923830986,-0.0029919063672423363,1.9832572937011719,289.9223937988281,2.035447359085083,254.00294494628906,-0.8502935767173767,-0.39596661925315857,0.05603933334350586,1.0,0.0,12.232967376708984,0.05219006538391113
13.390264511108398,-0.7650459408760071,-0.6289173364639282,-0.02737959660589695,-0.01973732002079487,2.128218650817871,289.9223937988281,2.165637254714966,254.13702392578125,-0.7322486042976379,-0.4968455731868744,0.08636665344238281,1.0,0.0,12.232967376708984,0.03741860389709473
13.390765190124512,-0.6786385178565979,-0.7247680425643921,-0.00482100248336792,-0.029040325433015823,2.2582340240478516,279.4639587402344,2.2960779666900635,254.27871704101562,-0.6892494559288025,-0.5857409834861755,0.06410789489746094,1.0,0.0,12.232967376708984,0.037843942642211914
13.391264915466309,-0.5718428492546082,-0.8223009705543518,-0.011266314424574375,-0.01229491364210844,2.3979644775390625,279.4639587402344,2.427595376968384,254.46295166015625,-0.5895618796348572,-0.7197785377502441,0.11298847198486328,1.0,0.0,12.232967376708984,0.02963089942932129
13.391763687133789,-0.4417458772659302,-0.8929277658462524,-0.04188155010342598,-0.033691830933094025,2.521674156188965,268.4466247558594,2.559519052505493,254.6601104736328,-0.4346504807472229,-0.7508040070533752,0.14275646209716797,1.0,0.0,12.232967376708984,0.03784489631652832
13.392264366149902,-0.31941643357276917,-0.9433757662773132,-0.02576826699078083,-0.052297841757535934,2.655898094177246,268.4466247558594,2.692601442337036,254.90179443359375,-0.3526199758052826,-0.8301265239715576,0.13280057907104492,1.0,0.0,12.232967376708984,0.03670334815979004
13.3927640914917,-0.18737798929214478,-0.9803708791732788,-0.02576826699078083,-0.031831227242946625,2.7597856521606445,247.21812438964844,2.826453447341919,255.17098999023438,-0.18313907086849213,-0.8630658984184265,0.19187402725219727,1.0,0.0,12.232967376708984,0.06666779518127441
13.393263816833496,-0.06698989123106003,-0.9971868991851807,-0.01771162636578083,-0.02345852181315422,2.883395195007324,247.21812438964844,2.9610989093780518,255.467529296875,-0.10183530300855637,-0.8897389769554138,0.1522965431213379,1.0,0.0,12.232967376708984,0.07770371437072754
13.393763542175293,0.07475719600915909,-1.0005502700805664,-0.05799483135342598,-0.029970627278089523,3.0527162551879883,279.18450927734375,3.0957844257354736,255.7596435546875,0.038375839591026306,-0.9164151549339294,0.17360877990722656,1.0,0.0,12.232967376708984,0.04306817054748535
13.394264221191406,0.21067892014980316,-0.9770079255104065,-0.03865889087319374,-0.052297841757535934,3.1923084259033203,279.18450927734375,-3.0522210597991943,256.06634521484375,0.1694195717573166,-0.9014021754264832,0.18250036239624023,1.0,0.0,12.232967376708984,0.038655757904052734
13.394763946533203,0.34854236245155334,-0.9366495013237,-0.01771162636578083,-0.06811295449733734,3.331899642944336,279.18450927734375,-2.9171769618988037,256.36077880859375,0.2967154085636139,-0.8671492338180542,0.19149351119995117,1.0,0.0,12.232967376708984,0.034108638763427734
13.395263671875,0.47475531697273254,-0.8794749975204468,-0.01287764310836792,-0.054158445447683334,3.4714927673339844,279.18450927734375,-2.7812771797180176,256.6850280761719,0.4215114712715149,-0.8511675000190735,0.185805082321167,1.0,0.0,12.232967376708984,0.03041553497314453
13.395764350891113,0.5902890563011169,-0.8105295896530151,-0.0032096742652356625,-0.02252822183072567,3.595728874206543,268.4466247558594,-2.6450016498565674,257.0182189941406,0.5084155797958374,-0.7932554483413696,0.15968632698059082,1.0,0.0,12.232967376708984,0.042455196380615234
13.39626407623291,0.6922308802604675,-0.7281314134597778,0.009680950082838535,-0.0002010049211094156,3.729952812194824,268.4466247558594,-2.51005482673645,257.2886962890625,0.6101701855659485,-0.7512321472167969,0.1369178295135498,1.0,0.0,12.232967376708984,0.04317808151245117
13.39676284790039,0.782521665096283,-0.6322805285453796,-0.006432330701500177,-0.02066762000322342,3.8332176208496094,246.97091674804688,-2.374906301498413,257.5622863769531,0.7167177796363831,-0.6350056529045105,0.1656041145324707,1.0,0.0,12.232967376708984,0.07506132125854492
13.397262573242188,0.8524239659309387,-0.5313847064971924,0.008069622330367565,-0.0011313053546473384,3.9567041397094727,246.97091674804688,-2.2390897274017334,257.85760498046875,0.7778759598731995,-0.5929214358329773,0.1033632755279541,1.0,0.0,12.232967376708984,0.08739137649536133
13.3977632522583,0.9194141030311584,-0.4153544008731842,0.02096024714410305,0.002589897718280554,4.126223564147949,279.18450927734375,-2.1043293476104736,258.102783203125,0.8947303295135498,-0.4695010185241699,0.13686513900756836,1.0,0.0,12.232967376708984,0.052632808685302734
13.398262977600098,0.9640745520591736,-0.28418999910354614,0.014514935202896595,0.0007292961236089468,4.265814781188965,279.18450927734375,-1.9710593223571777,258.2801208496094,0.9082716703414917,-0.3481522500514984,0.12079143524169922,1.0,0.0,12.232967376708984,0.046311378479003906
13.398762702941895,0.9932003021240234,-0.14629890024662018,0.02579423226416111,0.001659597153775394,4.40540885925293,279.18450927734375,-1.8361867666244507,258.52105712890625,0.9539555311203003,-0.21633754670619965,0.12906479835510254,1.0,0.0,12.232967376708984,0.04158973693847656
13.399263381958008,1.0058218240737915,-0.010089602321386337,0.01129227876663208,0.006311099976301193,4.545000076293945,279.18450927734375,-1.702675461769104,258.6996154785156,0.9717320799827576,-0.11192144453525543,0.10384297370910645,1.0,0.0,12.232967376708984,0.03551006317138672
13.399763107299805,0.9932004809379578,0.1193932369351387,0.01934891939163208,0.027708016335964203,4.669632434844971,268.7153625488281,-1.5701825618743896,258.8314514160156,0.9352597594261169,-0.03477831557393074,0.04866671562194824,1.0,0.0,12.232967376708984,0.043370723724365234
13.400262832641602,0.9669871926307678,0.2522394061088562,0.01290360651910305,0.016544407233595848,4.803989410400391,268.7153625488281,-1.4376776218414307,258.9613037109375,0.9282662868499756,0.09913080185651779,0.05980825424194336,1.0,0.0,12.232967376708984,0.0415186882019043
13.400761604309082,0.9271813035011292,0.37499597668647766,0.01290360651910305,0.007241400890052319,4.907005786895752,246.97091674804688,-1.304795503616333,259.1041564941406,0.8873777389526367,0.22123080492019653,0.06493449211120605,1.0,0.0,12.232967376708984,0.07138395309448242
13.401262283325195,0.8718414902687073,0.48430004715919495,0.009680950082838535,0.02212621085345745,5.030491828918457,246.97091674804688,-1.1723833084106445,259.2243347167969,0.8519142866134644,0.3520137369632721,0.08013463020324707,1.0,0.0,12.232967376708984,0.08031034469604492
13.401762008666992,0.7970848083496094,0.5936036705970764,0.03062821552157402,0.0174747072160244,5.200009822845459,279.18450927734375,-1.0394935607910156,259.3621826171875,0.7944767475128174,0.4672132730484009,0.08708977699279785,1.0,0.0,12.232967376708984,0.043682098388671875
13.402261734008789,0.7029104232788086,0.6894545555114746,0.01612626202404499,0.04073222726583481,5.339601039886475,279.18450927734375,-0.9068601131439209,259.486083984375,0.7130885720252991,0.5225540995597839,0.05516219139099121,1.0,0.0,12.232967376708984,0.03672456741333008
13.402762413024902,0.6048519611358643,0.7853058576583862,0.01290360651910305,0.014683806337416172,5.4791951179504395,279.18450927734375,-0.7724907398223877,259.6806335449219,0.5995599031448364,0.6565890312194824,0.11948919296264648,1.0,0.0,12.232967376708984,0.031499385833740234
13.4032621383667,0.4922315180301666,0.8592962622642517,0.009680950082838535,0.0184050090610981,5.618786334991455,279.18450927734375,-0.6375138759613037,259.896484375,0.5350339412689209,0.7586643695831299,0.11034703254699707,1.0,0.0,12.232967376708984,0.026885509490966797
13.403761863708496,0.36601805686950684,0.9198334217071533,0.01612626202404499,0.0239868126809597,5.728057861328125,257.96673583984375,-0.5022375583648682,260.1205139160156,0.37861332297325134,0.8177876472473145,0.1559748649597168,1.0,0.0,12.232967376708984,0.05289030075073242
13.404261589050293,0.24563008546829224,0.9568284749984741,0.01612626202404499,0.00910200085490942,5.857040882110596,257.96673583984375,-0.36586427688598633,260.3857116699219,0.2992713451385498,0.8645662665367126,0.11988592147827148,1.0,0.0,12.232967376708984,0.06028032302856445
13.40476131439209,0.10776689648628235,0.9803708791732788,0.01290360651910305,0.02398681454360485,6.001128196716309,268.7153625488281,-0.2294154167175293,260.6486511230469,0.14271166920661926,0.886538028717041,0.1573166847229004,1.0,0.0,12.232967376708984,0.052641868591308594
13.405261039733887,-0.022330207750201225,0.9870975017547607,0.01290360651910305,0.007241400890052319,6.1354851722717285,268.7153625488281,-0.09228396415710449,260.9347229003906,0.02100709266960621,0.8994805812835693,0.15653371810913086,1.0,0.0,12.232967376708984,0.05541658401489258
13.405760765075684,-0.16796070337295532,0.9702814221382141,0.02418290264904499,0.050965528935194016,0.0169830322265625,289.9223937988281,0.04433941841125488,261.19342041015625,-0.10103214532136917,0.8847841024398804,0.1570453643798828,1.0,0.0,12.232967376708984,0.027356386184692383
13.40626049041748,-0.3038824498653412,0.9400123953819275,0.01129227876663208,0.04352312535047531,0.1619429588317871,289.9223937988281,0.18208622932434082,261.49383544921875,-0.23152166604995728,0.8892702460289001,0.16041231155395508,1.0,0.0,12.232967376708984,0.02014327049255371
13.406761169433594,-0.4339790344238281,0.8929277658462524,0.02096024714410305,0.03794132545590401,0.2915506362915039,279.18450927734375,0.32002973556518555,261.7961730957031,-0.34094753861427307,0.8725007772445679,0.14031434059143066,1.0,0.0,12.232967376708984,0.02847909927368164
13.40726089477539,-0.5601921677589417,0.8155742883682251,0.01290360651910305,0.051895834505558014,0.43114328384399414,279.18450927734375,0.4594573974609375,262.15472412109375,-0.4868471324443817,0.7679370045661926,0.1937265396118164,1.0,0.0,12.232967376708984,0.02831411361694336
13.407760620117188,-0.6689297556877136,0.7415841817855835,0.0048469663597643375,0.03794132545590401,0.5370984077453613,255.66348266601562,0.5986473560333252,262.49554443359375,-0.6096783876419067,0.7410300374031067,0.17801904678344727,1.0,0.0,12.232967376708984,0.06154894828796387
13.4082612991333,-0.7553372979164124,0.6457332372665405,-0.009654986672103405,0.02026561088860035,0.6649303436279297,255.66348266601562,0.7377560138702393,262.8257751464844,-0.6755675673484802,0.6617493033409119,0.14616131782531738,1.0,0.0,12.232967376708984,0.07282567024230957
13.408760070800781,-0.8446574211120605,0.5381109714508057,-0.006432330701500177,0.027708014473319054,0.8397507667541504,289.9223937988281,0.8766553401947021,263.1402893066406,-0.7886395454406738,0.5798782110214233,0.1484222412109375,1.0,0.0,12.232967376708984,0.03690457344055176
13.409259796142578,-0.9126182198524475,0.4069467782974243,-0.02093428373336792,0.006311099510639906,0.9847121238708496,289.9223937988281,1.0147302150726318,263.41363525390625,-0.8193911910057068,0.44207555055618286,0.1497039794921875,1.0,0.0,12.232967376708984,0.030018091201782227
13.409759521484375,-0.9592201709747314,0.29259780049324036,-0.01610029861330986,0.007241401355713606,1.0556368827819824,236.23304748535156,1.1521656513214111,263.6544494628906,-0.9074318408966064,0.3662782907485962,0.12335538864135742,1.0,0.0,12.232967376708984,0.09652876853942871
13.410260200500488,-0.983491837978363,0.1698412448167801,-0.02899092435836792,-0.0020616070833057165,1.1737518310546875,236.23304748535156,1.2894718647003174,263.88470458984375,-0.9068623781204224,0.24867147207260132,0.10204696655273438,1.0,0.0,12.232967376708984,0.11572003364562988
13.410759925842285,-1.0077635049819946,0.04035798832774162,-0.01610029861330986,0.007241401355713606,1.3663063049316406,290.21258544921875,1.4251134395599365,264.0401306152344,-0.9793124794960022,0.0945199579000473,0.13802099227905273,1.0,0.0,12.232967376708984,0.0588071346282959
13.411259651184082,-1.0019381046295166,-0.10425914824008942,-0.01448897086083889,0.0193353109061718,1.5114116668701172,290.21258544921875,1.5632908344268799,264.2989807128906,-0.9668201208114624,-0.03553196042776108,0.13286209106445312,1.0,0.0,12.232967376708984,0.051879167556762695
13.411760330200195,-0.9621326327323914,-0.23374198377132416,-0.02576826699078083,-0.013225213624536991,1.641301155090332,279.18450927734375,1.6995995044708252,264.473388671875,-0.9160356521606445,-0.04863715544342995,0.012417793273925781,1.0,0.0,12.232967376708984,0.058298349380493164
13.412260055541992,-0.9271814227104187,-0.36826974153518677,-0.02576826699078083,-0.009504011832177639,1.7808938026428223,279.18450927734375,1.8343608379364014,264.57965087890625,-0.9034641981124878,-0.24393638968467712,0.08867835998535156,1.0,0.0,12.232967376708984,0.0534670352935791
13.412758827209473,-0.8553369045257568,-0.49270808696746826,-0.02737959660589695,-0.030900929123163223,1.9350128173828125,289.9223937988281,1.9699103832244873,264.71661376953125,-0.7846805453300476,-0.303477942943573,0.05836963653564453,1.0,0.0,12.232967376708984,0.034897565841674805
13.41325855255127,-0.7815506458282471,-0.6137828826904297,-0.02415693923830986,-0.016016116365790367,2.0799741744995117,289.9223937988281,2.1057474613189697,264.8629455566406,-0.7597495317459106,-0.4767913520336151,0.11422061920166016,1.0,0.0,12.232967376708984,0.025773286819458008
13.413759231567383,-0.6951434016227722,-0.7029075622558594,-0.02899092435836792,-0.026249423623085022,2.1508989334106445,236.23304748535156,2.2420589923858643,265.0256652832031,-0.7397622466087341,-0.5428314208984375,0.05030250549316406,1.0,0.0,12.232967376708984,0.09116005897521973
13.41425895690918,-0.602910578250885,-0.7819425463676453,0.0016243100399151444,0.015614106319844723,2.2690138816833496,236.23304748535156,2.3791520595550537,265.2181396484375,-0.6083716750144958,-0.6227830648422241,0.07744312286376953,1.0,0.0,12.232967376708984,0.1101381778717041
13.414758682250977,-0.48834797739982605,-0.8525698184967041,-0.01771162636578083,-0.032761529088020325,2.461167812347412,289.9223937988281,2.516364812850952,265.4115905761719,-0.5104287266731262,-0.7119827270507812,0.09206295013427734,1.0,0.0,12.232967376708984,0.05519700050354004
13.41525936126709,-0.36019280552864075,-0.9164701104164124,-0.02576826699078083,-0.029970627278089523,2.6061296463012695,289.9223937988281,2.6543056964874268,265.6316833496094,-0.3704780638217926,-0.7855446934700012,0.13567781448364258,1.0,0.0,12.232967376708984,0.04817605018615723
13.415759086608887,-0.2281547635793686,-0.9601918458938599,-0.01610029861330986,-0.018807020038366318,2.736668109893799,279.4639587402344,2.7934229373931885,265.8966369628906,-0.234360933303833,-0.8537560105323792,0.1695699691772461,1.0,0.0,12.232967376708984,0.05675482749938965
13.416258811950684,-0.09029082208871841,-0.9803708791732788,-0.01932295598089695,-0.02624942548573017,2.876400947570801,279.4639587402344,2.9329187870025635,266.1717224121094,-0.13557422161102295,-0.9062013030052185,0.14948272705078125,1.0,0.0,12.232967376708984,0.056517839431762695
13.41675853729248,0.037863839417696,-0.983734130859375,-0.01287764310836792,-0.033691830933094025,2.986109733581543,257.7087707519531,3.072748899459839,266.4551696777344,-0.022765008732676506,-0.9179717302322388,0.1333913803100586,1.0,0.0,12.232967376708984,0.0866391658782959
13.417259216308594,0.17184410989284515,-0.9702814221382141,-0.01610029861330986,-0.02438882365822792,3.114964485168457,257.7087707519531,-3.071065902709961,266.7134094238281,0.122884102165699,-0.9203569889068604,0.15171027183532715,1.0,0.0,12.232967376708984,0.09715509414672852
13.417757987976074,0.29611536860466003,-0.9433757662773132,0.00323563814163208,-0.01322521548718214,3.273561477661133,279.4639587402344,-2.9308555126190186,267.0013122558594,0.2518714368343353,-0.9799407124519348,0.1303553581237793,1.0,0.0,12.232967376708984,0.07876825332641602
13.418257713317871,0.4339790344238281,-0.8828385472297668,-0.02415693923830986,-0.02531912364065647,3.4132943153381348,279.4639587402344,-2.7912495136260986,267.2580261230469,0.35866600275039673,-0.8375019431114197,0.1439359188079834,1.0,0.0,12.232967376708984,0.07864141464233398
13.418758392333984,0.5475713014602661,-0.8172560334205627,0.0048469663597643375,-0.030900927260518074,3.5522541999816895,278.90557861328125,-2.6510300636291504,267.534912109375,0.4825058877468109,-0.8197616934776306,0.1311187744140625,1.0,0.0,12.232967376708984,0.07990121841430664
13.419258117675781,0.6582501530647278,-0.7331761121749878,-0.006432330701500177,-0.04299483820796013,3.691706657409668,278.90557861328125,-2.512336254119873,267.74188232421875,0.5738238096237183,-0.7725291848182678,0.09923887252807617,1.0,0.0,12.232967376708984,0.07914257049560547
13.419757843017578,0.7631043791770935,-0.6322805285453796,0.006458294112235308,-0.02252822183072567,3.831544876098633,279.18450927734375,-2.371521472930908,268.033935546875,0.7176433205604553,-0.6110730171203613,0.18544626235961914,1.0,0.0,12.232967376708984,0.08011913299560547
13.420257568359375,0.8398030400276184,-0.526339590549469,0.014514935202896595,-0.006713110022246838,3.971137523651123,279.18450927734375,-2.232944965362549,268.2253723144531,0.7719724178314209,-0.5846894979476929,0.10373735427856445,1.0,0.0,12.232967376708984,0.07910299301147461
13.420758247375488,0.9038805961608887,-0.4086279273033142,0.009680950082838535,-0.007643410470336676,4.066648483276367,247.21812438964844,-2.0937247276306152,268.4400329589844,0.8233590722084045,-0.45133182406425476,0.11141037940979004,1.0,0.0,12.232967376708984,0.12281227111816406
13.421257972717285,0.944657027721405,-0.2976424992084503,0.006458294112235308,-0.016946418210864067,4.1902570724487305,247.21812438964844,-1.9557856321334839,268.5961608886719,0.8712949752807617,-0.3800755441188812,0.0634162425994873,1.0,0.0,12.232967376708984,0.13714265823364258
13.421756744384766,0.9786372184753418,-0.17152301967144012,-0.02093428373336792,-0.008573711849749088,4.357700824737549,279.18450927734375,-1.8191057443618774,268.6960754394531,0.9033729434013367,-0.26161637902259827,0.05618643760681152,1.0,0.0,12.232967376708984,0.10637903213500977
13.422257423400879,0.9893171787261963,-0.038676630705595016,0.014514935202896595,0.008171701803803444,4.497292518615723,279.18450927734375,-1.6816662549972534,268.82586669921875,0.9471486806869507,-0.15333838760852814,0.040108442306518555,1.0,0.0,12.232967376708984,0.10422658920288086
13.422757148742676,0.9834916591644287,0.10257737338542938,0.01290360651910305,-0.0020616059191524982,4.651692867279053,289.9223937988281,-1.5463241338729858,268.8648681640625,0.9361422061920166,-0.011462163180112839,0.05309247970581055,1.0,0.0,12.232967376708984,0.08516836166381836
13.423256874084473,0.9330065250396729,0.2371053248643875,0.04029618576169014,0.03608072176575661,4.796653747558594,289.9223937988281,-1.4103872776031494,268.927978515625,0.7876221537590027,0.0312751904129982,-0.03124523162841797,1.0,0.0,12.232967376708984,0.07614469528198242
13.42375659942627,0.9097058176994324,0.364906370639801,0.01290360651910305,0.007241400890052319,4.9271931648254395,279.4639587402344,-1.2743818759918213,268.99298095703125,0.8827545046806335,0.2084452360868454,0.025202512741088867,1.0,0.0,12.232967376708984,0.08161020278930664
13.424257278442383,0.8291234970092773,0.4910263121128082,0.03868485614657402,0.033289819955825806,5.066925048828125,279.4639587402344,-1.137974500656128,269.07318115234375,0.7013811469078064,0.25957658886909485,0.011343240737915039,1.0,0.0,12.232967376708984,0.07828569412231445
13.42475700378418,0.7757256031036377,0.5969667434692383,0.01934891939163208,0.031429219990968704,5.161816596984863,246.97091674804688,-1.0016660690307617,269.1478576660156,0.761112630367279,0.4597158432006836,0.0641775131225586,1.0,0.0,12.232967376708984,0.11970281600952148
13.425256729125977,0.7077645659446716,0.6944994926452637,0.01773759163916111,0.030498916283249855,5.28530216217041,246.97091674804688,-0.8650343418121338,269.2344970703125,0.7401968836784363,0.6431851983070374,0.09975051879882812,1.0,0.0,12.232967376708984,0.13284921646118164
13.425755500793457,0.5961142778396606,0.7735344767570496,0.03062821552157402,0.034220121800899506,5.452962875366211,279.18450927734375,-0.7280561923980713,269.33367919921875,0.6065230965614319,0.6459597945213318,0.06414484977722168,1.0,0.0,12.232967376708984,0.10216665267944336
13.42625617980957,0.4864061772823334,0.8424801826477051,0.02096024714410305,0.03980192542076111,5.592554569244385,279.18450927734375,-0.5903723239898682,269.46044921875,0.5228984951972961,0.709970235824585,0.04553699493408203,1.0,0.0,12.232967376708984,0.10025835037231445
13.426755905151367,0.3601926863193512,0.9030174016952515,0.04674149677157402,0.07329274713993073,5.732147216796875,279.18450927734375,-0.4532432556152344,269.5613708496094,0.39632663130760193,0.8127710819244385,0.08973860740661621,1.0,0.0,12.232967376708984,0.09779500961303711
13.427255630493164,0.23009634017944336,0.9433757662773132,0.014514935202896595,0.03608072176575661,5.871739387512207,279.18450927734375,-0.3139796257019043,269.74981689453125,0.2667903006076813,0.8294312953948975,0.09304642677307129,1.0,0.0,12.232967376708984,0.09746646881103516
13.427756309509277,0.0961160659790039,0.9669181108474731,0.014514935202896595,0.03980192542076111,6.011718273162842,279.4639587402344,-0.1743907928466797,269.9479064941406,0.15385037660598755,0.8811829090118408,0.09186863899230957,1.0,0.0,12.232967376708984,0.097076416015625
13.428256034851074,-0.043689075857400894,0.9669181108474731,0.0048469663597643375,0.034220121800899506,6.151450157165527,279.4639587402344,-0.035280466079711914,270.1216735839844,0.02426248975098133,0.8818477988243103,0.09818911552429199,1.0,0.0,12.232967376708984,0.09645509719848633
13.428755760192871,-0.1699022799730301,0.9534655809402466,0.01290360651910305,0.050035230815410614,6.261159896850586,257.7087707519531,0.10294842720031738,270.254638671875,-0.0692325010895729,0.8988720774650574,0.0642387866973877,1.0,0.0,12.232967376708984,0.12497377395629883
13.429256439208984,-0.28834831714630127,0.9265599250793457,1.2981891813979018e-05,0.029568618163466454,0.10682821273803711,257.7087707519531,0.24162578582763672,270.40374755859375,-0.19820700585842133,0.8830729126930237,0.06955575942993164,1.0,0.0,12.232967376708984,0.1347975730895996
13.429755210876465,-0.41456174850463867,0.8761121034622192,0.009680950082838535,0.027708014473319054,0.2650402784347534,279.18450927734375,0.3808917999267578,270.57452392578125,-0.31253600120544434,0.8367610573768616,0.06700444221496582,1.0,0.0,12.232967376708984,0.11585164070129395
13.430254936218262,-0.532037079334259,0.8105297684669495,0.0016243100399151444,0.0249171145260334,0.4046320915222168,279.18450927734375,0.5206775665283203,270.76348876953125,-0.4357334077358246,0.8079937696456909,0.06438422203063965,1.0,0.0,12.232967376708984,0.11604547500610352
13.430754661560059,-0.6446579694747925,0.7298131585121155,-0.006432330701500177,0.014683806337416172,0.544224739074707,279.18450927734375,0.6597399711608887,270.91827392578125,-0.5698649287223816,0.7106897234916687,0.1068429946899414,1.0,0.0,12.232967376708984,0.11551523208618164
13.431255340576172,-0.7339782118797302,0.6356436014175415,-0.006432330701500177,0.016544407233595848,0.6838165521621704,279.18450927734375,0.7984650135040283,271.0555114746094,-0.6412687301635742,0.6567514538764954,0.06559538841247559,1.0,0.0,12.232967376708984,0.11464858055114746
13.431755065917969,-0.8194147944450378,0.534747838973999,-0.01448897086083889,0.008171701803803444,0.7789864540100098,246.97091674804688,0.9364187717437744,271.1573791503906,-0.7744943499565125,0.5487661361694336,0.10874176025390625,1.0,0.0,12.232967376708984,0.15743231773376465
13.432254791259766,-0.8757252097129822,0.4304886758327484,1.2981891813979018e-05,0.012823205441236496,0.9024722576141357,246.97091674804688,1.0738356113433838,271.2345275878906,-0.8075515031814575,0.4814763367176056,0.049910545349121094,1.0,0.0,12.232967376708984,0.17136335372924805
13.432754516601562,-0.9252395033836365,0.3110952377319336,0.0048469663597643375,0.02119591273367405,1.070765495300293,279.4639587402344,1.2121689319610596,271.34881591796875,-0.8635106086730957,0.35130810737609863,0.06291723251342773,1.0,0.0,12.232967376708984,0.1414034366607666
13.433255195617676,-0.9601908326148987,0.1832941770553589,-0.01287764310836792,0.003520198166370392,1.210497498512268,279.4639587402344,1.3483555316925049,271.37005615234375,-0.9170520901679993,0.2578832507133484,0.038893699645996094,1.0,0.0,12.232967376708984,0.13785815238952637
13.433753967285156,-0.9689286351203918,0.04708466678857803,-0.01610029861330986,-0.007643410004675388,1.3643720149993896,289.9223937988281,1.4851219654083252,271.4154968261719,-0.9130319356918335,0.13664618134498596,0.02766561508178711,1.0,0.0,12.232967376708984,0.12074995040893555
13.434253692626953,-0.9679579734802246,-0.08912485092878342,-0.02093428373336792,-0.012294914573431015,1.5093327760696411,289.9223937988281,1.6219360828399658,271.46197509765625,-0.9370661377906799,0.010470416396856308,0.028255939483642578,1.0,0.0,12.232967376708984,0.11260342597961426
13.434754371643066,-0.9475694298744202,-0.22533394396305084,-0.02254561148583889,-0.015085816383361816,1.6394867897033691,279.18450927734375,1.7574961185455322,271.45489501953125,-0.9208090901374817,-0.11353718489408493,0.026541709899902344,1.0,0.0,12.232967376708984,0.11800932884216309
13.435254096984863,-0.9019384980201721,-0.35145366191864014,-0.02576826699078083,-0.016946416348218918,1.7790786027908325,279.18450927734375,1.8933875560760498,271.4617004394531,-0.8895125389099121,-0.20569230616092682,-0.004914283752441406,1.0,0.0,12.232967376708984,0.11430907249450684
13.43575382232666,-0.8485405445098877,-0.4641208350658417,-0.02576826699078083,-0.031831227242946625,1.8745898008346558,247.21812438964844,2.0300467014312744,271.5008239746094,-0.8409203886985779,-0.32987847924232483,0.005070209503173828,1.0,0.0,12.232967376708984,0.1554567813873291
13.436253547668457,-0.7786379456520081,-0.5650163888931274,-0.03221357986330986,-0.026249423623085022,1.9981982707977295,247.21812438964844,2.165468454360962,271.4870300292969,-0.7829292416572571,-0.39308810234069824,-0.03907155990600586,1.0,0.0,12.232967376708984,0.16727018356323242
13.43675422668457,-0.7038809657096863,-0.6675940155982971,-0.02415693923830986,-0.02345852181315422,2.1659207344055176,279.18450927734375,2.301600694656372,271.5033874511719,-0.7303706407546997,-0.5515007972717285,0.006443023681640625,1.0,0.0,12.232967376708984,0.1356799602508545
13.437253952026367,-0.6048520803451538,-0.7584002614021301,-0.02415693923830986,-0.027179725468158722,2.305513381958008,279.18450927734375,2.4380271434783936,271.5318298339844,-0.6183455586433411,-0.6394286155700684,0.025508880615234375,1.0,0.0,12.232967376708984,0.13251376152038574
13.437752723693848,-0.4864061772823334,-0.8357534408569336,-0.02254561148583889,-0.028110025450587273,2.4596340656280518,289.9223937988281,2.575260877609253,271.5935363769531,-0.48963630199432373,-0.7227972149848938,0.061675071716308594,1.0,0.0,12.232967376708984,0.11562681198120117
13.438254356384277,-0.3640762269496918,-0.8929277658462524,-0.01771162636578083,-0.027179725468158722,2.6048851013183594,289.9223937988281,2.712857484817505,271.66900634765625,-0.4091169536113739,-0.7774611711502075,0.03499650955200195,1.0,0.0,12.232967376708984,0.10797238349914551
13.438753128051758,-0.23397962749004364,-0.9366495013237,-0.011266314424574375,-0.02345852181315422,2.7347488403320312,279.18450927734375,2.850491762161255,271.74456787109375,-0.28389185667037964,-0.8385952711105347,0.05545520782470703,1.0,0.0,12.232967376708984,0.11574292182922363
13.439252853393555,-0.09611642360687256,-0.9635552167892456,-0.01448897086083889,-0.02345852181315422,2.874340534210205,279.18450927734375,2.989673376083374,271.8838195800781,-0.12699571251869202,-0.8601189255714417,0.09632301330566406,1.0,0.0,12.232967376708984,0.11533284187316895
13.439752578735352,0.028155319392681122,-0.9669181108474731,-0.008043658919632435,-0.02531912364065647,2.9698526859283447,247.21812438964844,3.129041910171509,272.02789306640625,-0.03732248768210411,-0.8970186710357666,0.06186485290527344,1.0,0.0,12.232967376708984,0.15918922424316406
13.440253257751465,0.14854316413402557,-0.9601918458938599,-0.009654986672103405,-0.028110025450587273,3.093461036682129,247.21812438964844,-3.0158448219299316,272.12396240234375,0.07537605613470078,-0.9219333529472351,0.046695709228515625,1.0,0.0,12.232967376708984,0.17387962341308594
13.440752983093262,0.2805815041065216,-0.9231967329978943,0.01129227876663208,-0.016016116365790367,3.261183738708496,279.18450927734375,-2.8775463104248047,272.2178649902344,0.20659686625003815,-0.8481738567352295,0.0658571720123291,1.0,0.0,12.232967376708984,0.1444554328918457
13.441252708435059,0.40096911787986755,-0.8794749975204468,0.0016243100399151444,-0.02159792184829712,3.4007763862609863,279.18450927734375,-2.739250659942627,272.30963134765625,0.294773668050766,-0.8600180745124817,0.018672943115234375,1.0,0.0,12.232967376708984,0.1431584358215332
13.441753387451172,0.5223286747932434,-0.8138929605484009,0.006458294112235308,-0.02624942548573017,3.5407543182373047,279.4639587402344,-2.6004726886749268,272.4199523925781,0.43363067507743835,-0.785908579826355,0.054067134857177734,1.0,0.0,12.232967376708984,0.14195871353149414
13.442253112792969,0.6252404451370239,-0.7365394830703735,0.009680950082838535,-0.009504011832177639,3.6804864406585693,279.4639587402344,-2.462458372116089,272.4957275390625,0.5316541194915771,-0.740504801273346,0.034484148025512695,1.0,0.0,12.232967376708984,0.14024066925048828
13.44275188446045,0.7203858494758606,-0.6457332372665405,-0.006432330701500177,-0.016946416348218918,3.8191678524017334,278.90557861328125,-2.3254759311676025,272.5264892578125,0.6139469742774963,-0.6938709616661072,-0.0009541511535644531,1.0,0.0,12.232967376708984,0.13854169845581055
13.443251609802246,0.8048515915870667,-0.539792537689209,0.01129227876663208,0.00258989748544991,3.958621025085449,278.90557861328125,-2.188469409942627,272.5577087402344,0.714810311794281,-0.5802103877067566,0.02676701545715332,1.0,0.0,12.232967376708984,0.1360950469970703
13.44375228881836,0.8660165667533875,-0.43385180830955505,0.01290360651910305,-0.0020616059191524982,4.0392279624938965,236.23304748535156,-2.0526435375213623,272.5384216308594,0.7775670886039734,-0.5161254405975342,-0.01339411735534668,1.0,0.0,12.232967376708984,0.1913142204284668
13.444252014160156,0.9077637791633606,-0.32791152596473694,0.009680950082838535,0.0016595963388681412,4.157344818115234,236.23304748535156,-1.9166179895401,272.528076171875,0.8266207575798035,-0.4035804867744446,-0.01763319969177246,1.0,0.0,12.232967376708984,0.20922279357910156
13.444751739501953,0.9407732486724854,-0.20347318053245544,0.014514935202896595,-0.02159792184829712,4.349898338317871,290.21258544921875,-1.7807190418243408,272.5126647949219,0.8785815238952637,-0.3276912569999695,-0.05650973320007324,1.0,0.0,12.232967376708984,0.15256834030151367
13.445252418518066,0.9601905941963196,-0.07567190378904343,0.008069622330367565,0.01003230269998312,4.495005130767822,290.21258544921875,-1.646912693977356,272.4093017578125,0.90495765209198,-0.20930948853492737,-0.06066632270812988,1.0,0.0,12.232967376708984,0.1412677764892578
13.445752143859863,0.9611619114875793,0.05381113663315773,0.006458294112235308,0.0184050090610981,4.624892234802246,279.18450927734375,-1.5132228136062622,272.3035583496094,0.9363224506378174,-0.09038255363702774,-0.0633387565612793,1.0,0.0,12.232967376708984,0.14507055282592773
13.44625186920166,0.9388320446014404,0.18665732443332672,0.01773759163916111,0.0249171145260334,4.764484882354736,279.18450927734375,-1.3791277408599854,272.2171630859375,0.8900590538978577,0.045793794095516205,-0.04976963996887207,1.0,0.0,12.232967376708984,0.1395726203918457
13.44675064086914,0.8990259766578674,0.31614014506340027,0.04674149677157402,0.03794132545590401,4.9037981033325195,279.18450927734375,-1.2447744607925415,272.14361572265625,0.8635534644126892,0.17477074265480042,-0.03580594062805176,1.0,0.0,12.232967376708984,0.134613037109375
13.447251319885254,0.8475698828697205,0.43217048048973083,0.01934891939163208,0.033289819955825806,5.043390274047852,279.18450927734375,-1.1107470989227295,272.0577087402344,0.8090397119522095,0.2590014636516571,-0.05982565879821777,1.0,0.0,12.232967376708984,0.12904787063598633
13.44775104522705,0.7844633460044861,0.5414741039276123,0.01290360651910305,0.02398681454360485,5.1385602951049805,246.97091674804688,-0.9770119190216064,271.9614562988281,0.7523850798606873,0.39450398087501526,-0.02032470703125,1.0,0.0,12.232967376708984,0.16761350631713867
13.448250770568848,0.7155316472053528,0.6339618563652039,0.01773759163916111,0.030498916283249855,5.262045383453369,246.97091674804688,-0.8426167964935303,271.8948059082031,0.7371365427970886,0.5108252167701721,-0.031714439392089844,1.0,0.0,12.232967376708984,0.17852354049682617
13.448750495910645,0.6155316829681396,0.7197234034538269,0.02096024714410305,0.03794132545590401,5.4303388595581055,279.4639587402344,-0.7070639133453369,271.87835693359375,0.6315299272537231,0.5901826620101929,-0.021666526794433594,1.0,0.0,12.232967376708984,0.1457829475402832
13.449251174926758,0.510677695274353,0.7937139272689819,0.01290360651910305,0.025847412645816803,5.570070743560791,279.4639587402344,-0.5712993144989014,271.87103271484375,0.5373214483261108,0.638307511806488,-0.03798174858093262,1.0,0.0,12.232967376708984,0.1418156623840332
13.449750900268555,0.3970858156681061,0.8559326529502869,0.009680950082838535,0.025847412645816803,5.70903205871582,278.90557861328125,-0.4363820552825928,271.82818603515625,0.4462776184082031,0.7170997858047485,-0.02985215187072754,1.0,0.0,12.232967376708984,0.1377711296081543
13.450250625610352,0.2708728611469269,0.9030174016952515,0.0016243100399151444,0.01933530904352665,5.848484992980957,278.90557861328125,-0.2999892234802246,271.8484802246094,0.2812645137310028,0.7685410976409912,0.03990316390991211,1.0,0.0,12.232967376708984,0.13471126556396484
13.450750350952148,0.14854329824447632,0.9366495013237,0.02740556001663208,0.02305651269853115,5.944334983825684,247.46585083007812,-0.1632390022277832,271.8831481933594,0.17776452004909515,0.8061215281486511,0.03693962097167969,1.0,0.0,12.232967376708984,0.1756114959716797
13.451250076293945,0.0320386067032814,0.9433757662773132,-0.009654986672103405,0.0239868126809597,6.06806755065918,247.46585083007812,-0.025594472885131836,271.95458984375,0.08718005567789078,0.8611626029014587,0.015381813049316406,1.0,0.0,12.232967376708984,0.18952322006225586
13.451749801635742,-0.09999971836805344,0.9366495013237,0.006458294112235308,0.02212621085345745,6.235572338104248,279.18450927734375,0.1106114387512207,271.9644470214844,-0.059827931225299835,0.8164494633674622,0.05337715148925781,1.0,0.0,12.232967376708984,0.15822458267211914
13.452249526977539,-0.2203875631093979,0.9198334217071533,-0.0015983461635187268,0.032359518110752106,0.0919790267944336,279.18450927734375,0.24742603302001953,271.99932861328125,-0.1472124457359314,0.8923740983009338,0.006726503372192383,1.0,0.0,12.232967376708984,0.15544700622558594
13.452750205993652,-0.3466007709503174,0.8794749975204468,0.0016243100399151444,0.002589897019788623,0.23157167434692383,279.18450927734375,0.38440871238708496,272.0408630371094,-0.28597673773765564,0.838585376739502,0.03503608703613281,1.0,0.0,12.232967376708984,0.15283703804016113
13.45324993133545,-0.46116340160369873,0.8223007321357727,-0.011266314424574375,0.006311099976301193,0.37116384506225586,279.18450927734375,0.5204117298126221,272.0399169921875,-0.3488259017467499,0.8142399191856384,-0.025120973587036133,1.0,0.0,12.232967376708984,0.1492478847503662
13.453749656677246,-0.5699009299278259,0.7516735196113586,-0.01287764310836792,0.009102001786231995,0.5107560157775879,279.18450927734375,0.6556785106658936,272.00830078125,-0.4516575336456299,0.7634037137031555,-0.03092813491821289,1.0,0.0,12.232967376708984,0.14492249488830566
13.45425033569336,-0.6660171151161194,0.6659122705459595,-0.01771162636578083,0.01003230269998312,0.6503481864929199,279.18450927734375,0.7913432121276855,271.99407958984375,-0.5339327454566956,0.7071017622947693,-0.054184675216674805,1.0,0.0,12.232967376708984,0.14099502563476562
13.45474910736084,-0.7553370594978333,0.5784693360328674,-0.01287764310836792,0.012823204509913921,0.7452387809753418,246.97091674804688,0.9251353740692139,271.9013366699219,-0.6596366763114929,0.6370007395744324,-0.03181743621826172,1.0,0.0,12.232967376708984,0.17989659309387207
13.455248832702637,-0.8252399563789368,0.47757357358932495,-0.01287764310836792,0.02026561088860035,0.8687238693237305,246.97091674804688,1.0611631870269775,271.9045715332031,-0.7417570948600769,0.5261871218681335,-0.016832351684570312,1.0,0.0,12.232967376708984,0.19243931770324707
13.455748558044434,-0.8737831711769104,0.36658793687820435,-0.03221357986330986,-0.0020616059191524982,1.0366325378417969,279.18450927734375,1.196227788925171,271.86712646484375,-0.7889033555984497,0.4508739411830902,-0.05428791046142578,1.0,0.0,12.232967376708984,0.15959525108337402
13.456249237060547,-0.9087348580360413,0.2522394061088562,-0.03382490947842598,-0.04206453636288643,1.1762242317199707,279.18450927734375,1.3290159702301025,271.7351379394531,-0.8512323498725891,0.37704670429229736,-0.08500289916992188,1.0,0.0,12.232967376708984,0.15279173851013184
13.456748962402344,-0.9485403895378113,0.12948283553123474,0.0048469663597643375,0.0174747072160244,1.301009178161621,268.4466247558594,1.4612858295440674,271.5841979980469,-0.9215725660324097,0.24531681835651398,-0.06041145324707031,1.0,0.0,12.232967376708984,0.1602766513824463
13.45724868774414,-0.9524238109588623,-0.001681775669567287,-0.02899092435836792,-0.01322521548718214,1.435232162475586,268.4466247558594,1.5951435565948486,271.5025939941406,-0.9075226187705994,0.11632328480482101,-0.06162261962890625,1.0,0.0,12.232967376708984,0.1599113941192627
13.457749366760254,-0.938831627368927,-0.13284596800804138,-0.03060225211083889,-0.02531912364065647,1.5846481323242188,279.4639587402344,1.728478193283081,271.4010925292969,-0.8777652978897095,-0.016332954168319702,-0.04885101318359375,1.0,0.0,12.232967376708984,0.1438300609588623
13.45824909210205,-0.9097053408622742,-0.2572843134403229,-0.02737959660589695,-0.01973732002079487,1.7243809700012207,279.4639587402344,1.8621594905853271,271.3161926269531,-0.8830271363258362,-0.11976676434278488,-0.06642961502075195,1.0,0.0,12.232967376708984,0.13777852058410645
13.458748817443848,-0.8698998093605042,-0.3733142018318176,-0.03060225211083889,-0.04020393267273903,1.8192734718322754,246.97091674804688,1.9949896335601807,271.1973571777344,-0.8419219255447388,-0.24490971863269806,-0.05096244812011719,1.0,0.0,12.232967376708984,0.17571616172790527
13.459248542785645,-0.8145602345466614,-0.47589176893234253,-0.02899092435836792,-0.029970627278089523,1.9427580833435059,246.97091674804688,2.126943826675415,271.0443420410156,-0.7883269190788269,-0.3345262408256531,-0.06478691101074219,1.0,0.0,12.232967376708984,0.18418574333190918
13.459748268127441,-0.7407743334770203,-0.5767878293991089,-0.02093428373336792,-0.016016116365790367,2.1104187965393066,279.18450927734375,2.2600815296173096,270.944091796875,-0.728647768497467,-0.4377281367778778,-0.05828666687011719,1.0,0.0,12.232967376708984,0.14966273307800293
13.460247993469238,-0.6553373336791992,-0.6709571480751038,-0.01448897086083889,-0.01973732002079487,2.2500109672546387,279.18450927734375,2.3930823802948,270.84027099609375,-0.6465886831283569,-0.5153811573982239,-0.05933427810668945,1.0,0.0,12.232967376708984,0.14307141304016113
13.460747718811035,-0.5611631274223328,-0.7533553242683411,-0.01771162636578083,-0.02345852181315422,2.3747963905334473,268.4466247558594,2.5263493061065674,270.7498779296875,-0.5866313576698303,-0.6419932246208191,-0.035058021545410156,1.0,0.0,12.232967376708984,0.15155291557312012
13.461248397827148,-0.4572800099849701,-0.8223007321357727,-0.009654986672103405,-0.02438882365822792,2.509019374847412,268.4466247558594,2.66003155708313,270.6787414550781,-0.49168655276298523,-0.716012716293335,-0.030119895935058594,1.0,0.0,12.232967376708984,0.15101218223571777
13.461748123168945,-0.34271737933158875,-0.8794749975204468,-0.01287764310836792,-0.018807020038366318,2.658051013946533,279.18450927734375,2.7943661212921143,270.6366271972656,-0.3769321143627167,-0.7884218692779541,-0.008595466613769531,1.0,0.0,12.232967376708984,0.13631510734558105
13.462247848510742,-0.21067868173122406,-0.9164701104164124,-0.01448897086083889,-0.029040327295660973,2.797642230987549,279.18450927734375,2.9296200275421143,270.63397216796875,-0.2558458149433136,-0.8279544711112976,0.002456188201904297,1.0,0.0,12.232967376708984,0.13197779655456543
13.462747573852539,-0.08252377063035965,-0.9366495013237,-0.01287764310836792,-0.033691830933094025,2.8931527137756348,247.21812438964844,3.065295457839966,270.64923095703125,-0.09426545351743698,-0.8410428762435913,0.05509185791015625,1.0,0.0,12.232967376708984,0.17214274406433105
13.463248252868652,0.030097266659140587,-0.9400123953819275,-0.0032096742652356625,-0.0020616063848137856,3.0167622566223145,247.21812438964844,-3.0818886756896973,270.677734375,-0.0148142259567976,-0.8633971214294434,0.01338505744934082,1.0,0.0,12.232967376708984,0.18453454971313477
13.463747024536133,0.15436828136444092,-0.9265599250793457,-0.01287764310836792,-0.02624942548573017,3.1842055320739746,279.18450927734375,-2.947577953338623,270.634521484375,0.07932092249393463,-0.8763704299926758,-0.013632059097290039,1.0,0.0,12.232967376708984,0.15140199661254883
13.46424674987793,0.27087298035621643,-0.8962910771369934,0.00323563814163208,-0.015085816383361816,3.3237977027893066,279.18450927734375,-2.8128867149353027,270.6080322265625,0.15265683829784393,-0.8775953054428101,-0.06659245491027832,1.0,0.0,12.232967376708984,0.1465010643005371
13.464747428894043,0.39708593487739563,-0.8492064476013184,-0.009654986672103405,-0.02624942548573017,3.463775157928467,279.4639587402344,-2.678698778152466,270.5611267089844,0.28529301285743713,-0.8351575136184692,-0.04375100135803223,1.0,0.0,12.232967376708984,0.14071130752563477
13.46524715423584,0.5067945122718811,-0.7937135100364685,0.0048469663597643375,-0.012294914573431015,3.6035075187683105,279.4639587402344,-2.5445854663848877,270.5117492675781,0.4053342938423157,-0.84774249792099,-0.0611264705657959,1.0,0.0,12.232967376708984,0.13509225845336914
13.465746879577637,0.6116482615470886,-0.719723641872406,0.008069622330367565,0.006311099510639906,3.6832547187805176,235.99703979492188,-2.410953998565674,270.443603515625,0.5289957523345947,-0.7299016118049622,-0.013439416885375977,1.0,0.0,12.232967376708984,0.18897676467895508
13.466246604919434,0.701939582824707,-0.6440516710281372,0.0048469663597643375,-0.00671310955658555,3.8012537956237793,235.99703979492188,-2.2774593830108643,270.37115478515625,0.6701958775520325,-0.6407265067100525,0.03397083282470703,1.0,0.0,12.232967376708984,0.20447206497192383
13.466747283935547,0.7747545838356018,-0.5448374152183533,0.006458294112235308,-0.018807020038366318,3.9791932106018066,279.4639587402344,-2.14393949508667,270.301025390625,0.6944602727890015,-0.5813381671905518,-0.03389620780944824,1.0,0.0,12.232967376708984,0.16005277633666992
13.467247009277344,0.8349485993385315,-0.44057831168174744,-0.00482100248336792,-0.02345852181315422,4.11892557144165,279.4639587402344,-2.0104124546051025,270.23260498046875,0.7527341842651367,-0.5340152978897095,-0.0877389907836914,1.0,0.0,12.232967376708984,0.15384721755981445
13.467745780944824,0.8834920525550842,-0.32286661863327026,0.009680950082838535,0.014683805406093597,4.243184566497803,268.4466247558594,-1.8786109685897827,270.0931091308594,0.7768162488937378,-0.4130421280860901,-0.09126591682434082,1.0,0.0,12.232967376708984,0.16138982772827148
13.468245506286621,0.9194144606590271,-0.20683631300926208,0.01934891939163208,0.010962603613734245,4.377408504486084,268.4466247558594,-1.7479615211486816,269.9084167480469,0.8396812081336975,-0.3101096451282501,-0.08704543113708496,1.0,0.0,12.232967376708984,0.15781545639038086
13.468746185302734,0.9388318657875061,-0.07903503626585007,0.03223954513669014,0.025847414508461952,4.526438236236572,279.18450927734375,-1.6175801753997803,269.71624755859375,0.8624168634414673,-0.18208616971969604,-0.07172560691833496,1.0,0.0,12.232967376708984,0.13916730880737305
13.469245910644531,0.9398026466369629,0.04372132569551468,0.01612626202404499,0.02212621085345745,4.666031360626221,279.18450927734375,-1.48677396774292,269.5459899902344,0.8904207348823547,-0.09667190909385681,-0.10278463363647461,1.0,0.0,12.232967376708984,0.13038015365600586
13.469745635986328,0.9281522631645203,0.15807028114795685,0.01290360651910305,0.027708016335964203,4.746392726898193,236.23304748535156,-1.3570618629455566,269.3332214355469,0.8956322073936462,0.004479714669287205,-0.1194906234741211,1.0,0.0,12.232967376708984,0.17973089218139648
13.470246315002441,0.877666711807251,0.2724186182022095,0.02740556001663208,0.028638318181037903,4.8645100593566895,236.23304748535156,-1.2275235652923584,269.11761474609375,0.7168681621551514,0.06397052109241486,-0.16529369354248047,1.0,0.0,12.232967376708984,0.19115209579467773
13.470746040344238,0.8504825234413147,0.38004088401794434,0.02418290264904499,0.0174747072160244,5.04224157333374,279.4639587402344,-1.097559928894043,268.9244384765625,0.8305362462997437,0.22458899021148682,-0.12003469467163086,1.0,0.0,12.232967376708984,0.14338397979736328
13.471245765686035,0.7922305464744568,0.4876629710197449,0.02257157489657402,0.027708016335964203,5.181972980499268,279.4639587402344,-0.9665906429290771,268.7777099609375,0.7994920015335083,0.34891241788864136,-0.10358023643493652,1.0,0.0,12.232967376708984,0.13462209701538086
13.471744537353516,0.7174729704856873,0.5902405381202698,0.02096024714410305,0.0193353109061718,5.321040630340576,279.18450927734375,-0.8363823890686035,268.60211181640625,0.7358986139297485,0.4354664385318756,-0.11105012893676758,1.0,0.0,12.232967376708984,0.1257624626159668
13.472245216369629,0.6310659050941467,0.6860914826393127,0.01934891939163208,0.04073222726583481,5.460632801055908,279.18450927734375,-0.7054040431976318,268.4625244140625,0.6672256588935852,0.5606743097305298,-0.07742452621459961,1.0,0.0,12.232967376708984,0.11714887619018555
13.472744941711426,0.5232993960380554,0.7651262879371643,0.009680950082838535,0.033289819955825806,5.600224494934082,279.18450927734375,-0.5741913318634033,268.3357849121094,0.5351680517196655,0.6088914275169373,-0.05768704414367676,1.0,0.0,12.232967376708984,0.10876989364624023
13.473244667053223,0.4145618677139282,0.8323903679847717,0.01290360651910305,0.010962603613734245,5.739815711975098,279.18450927734375,-0.4416344165802002,268.2681884765625,0.44906318187713623,0.6798396110534668,-0.05295085906982422,1.0,0.0,12.232967376708984,0.10173559188842773
13.473745346069336,0.30194059014320374,0.8794749975204468,0.0048469663597643375,0.036080725491046906,5.8201799392700195,236.23304748535156,-0.3092172145843506,268.1959533691406,0.3472016453742981,0.7541202902793884,-0.03303170204162598,1.0,0.0,12.232967376708984,0.15378808975219727
13.474245071411133,0.19320322573184967,0.91310715675354,0.0048469663597643375,0.036080725491046906,5.938296318054199,236.23304748535156,-0.17505216598510742,268.1988525390625,0.2304454743862152,0.8283159136772156,-0.006960630416870117,1.0,0.0,12.232967376708984,0.16983699798583984
13.47474479675293,0.06699037551879883,0.9265599250793457,0.01934891939163208,0.04631403088569641,6.116026878356934,279.4639587402344,-0.041904449462890625,268.158935546875,0.12517568469047546,0.8281993269920349,-0.018830060958862305,1.0,0.0,12.232967376708984,0.12525415420532227
13.475244522094727,-0.0572814904153347,0.9299232959747314,0.0048469663597643375,0.01003230269998312,6.2557573318481445,279.4639587402344,0.09178662300109863,268.142578125,0.010249178856611252,0.8544551730155945,-0.014496088027954102,1.0,0.0,12.232967376708984,0.11921453475952148
13.475744247436523,-0.17572753131389618,0.9164701104164124,-0.0032096742652356625,0.025847414508461952,0.09720373153686523,268.7153625488281,0.2252352237701416,268.11639404296875,-0.08741770684719086,0.9071515202522278,-0.03999733924865723,1.0,0.0,12.232967376708984,0.12803149223327637
13.47624397277832,-0.30194059014320374,0.8828385472297668,-0.0015983461635187268,-0.02345852181315422,0.23156309127807617,268.7153625488281,0.35877418518066406,268.09466552734375,-0.2256097048521042,0.8222626447677612,-0.0016651153564453125,1.0,0.0,12.232967376708984,0.1272110939025879
13.476743698120117,-0.40873655676841736,0.8323903679847717,-0.01610029861330986,0.010962603613734245,0.36554670333862305,268.4466247558594,0.49066710472106934,268.00408935546875,-0.28022894263267517,0.8291494846343994,-0.07576537132263184,1.0,0.0,12.232967376708984,0.1251204013824463
13.47724437713623,-0.5203865766525269,0.776897668838501,-0.006432330701500177,-0.02624942548573017,0.4997725486755371,268.4466247558594,0.6229467391967773,267.9317321777344,-0.42089447379112244,0.7824722528457642,-0.04033160209655762,1.0,0.0,12.232967376708984,0.12317419052124023
13.477744102478027,-0.6174736618995667,0.7029073238372803,0.006458294112235308,0.02026561088860035,0.5892138481140137,235.99703979492188,0.7545294761657715,267.8316955566406,-0.5183556079864502,0.7158485054969788,-0.03872251510620117,1.0,0.0,12.232967376708984,0.1653156280517578
13.478243827819824,-0.6970848441123962,0.6255538463592529,-0.01771162636578083,0.006311100907623768,0.7072138786315918,235.99703979492188,0.8869025707244873,267.7667541503906,-0.6162122488021851,0.6346315741539001,-0.027121543884277344,1.0,0.0,12.232967376708984,0.1796886920928955
13.478743553161621,-0.7640751004219055,0.5297029614448547,-0.01448897086083889,0.002589897718280554,0.8847689628601074,279.18450927734375,1.0191853046417236,267.699462890625,-0.6787662506103516,0.5734598636627197,-0.060945987701416016,1.0,0.0,12.232967376708984,0.1344163417816162
13.479244232177734,-0.8368903994560242,0.4237624406814575,-0.01287764310836792,0.003520198166370392,1.024360179901123,279.18450927734375,1.1504251956939697,267.5898132324219,-0.7849723100662231,0.4627850651741028,-0.023269176483154297,1.0,0.0,12.232967376708984,0.12606501579284668
13.479743957519531,-0.8805792927742004,0.30773213505744934,-0.01771162636578083,-0.0029919063672423363,1.149512767791748,268.7153625488281,1.2815496921539307,267.47760009765625,-0.8196693062782288,0.3773886263370514,-0.05333423614501953,1.0,0.0,12.232967376708984,0.13203692436218262
13.480243682861328,-0.9116473197937012,0.1933835744857788,-0.01771162636578083,-0.032761529088020325,1.283872127532959,268.7153625488281,1.4118497371673584,267.33282470703125,-0.8473564982414246,0.30413809418678284,-0.09698772430419922,1.0,0.0,12.232967376708984,0.12797760963439941
13.480743408203125,-0.9242687225341797,0.07735326141119003,-0.0354362353682518,-0.015085814520716667,1.373166561126709,236.23304748535156,1.5407702922821045,267.13330078125,-0.8494138121604919,0.2014179229736328,-0.11426830291748047,1.0,0.0,12.232967376708984,0.1676037311553955
13.481243133544922,-0.9203851222991943,-0.030269015580415726,-0.02576826699078083,0.02398681454360485,1.4912829399108887,236.23304748535156,1.6693036556243896,266.92156982421875,-0.8410791158676147,0.12800484895706177,-0.16127538681030273,1.0,0.0,12.232967376708984,0.17802071571350098
13.481742858886719,-0.9038801789283752,-0.14629890024662018,-0.03865889087319374,-0.03927363082766533,1.6541953086853027,268.7153625488281,1.7976629734039307,266.7069396972656,-0.8302088975906372,0.0012724979314953089,-0.14011812210083008,1.0,0.0,12.232967376708984,0.14346766471862793
13.482242584228516,-0.8728125095367432,-0.2606474459171295,-0.05316084623336792,-0.06253115087747574,1.7885546684265137,268.7153625488281,1.9253065586090088,266.4671325683594,-0.8194381594657898,-0.13595525920391083,-0.10173273086547852,1.0,0.0,12.232967376708984,0.13675189018249512
13.482743263244629,-0.8271815776824951,-0.3665883541107178,-0.03221357986330986,-0.028110025450587273,1.9221720695495605,268.1784362792969,2.0530383586883545,266.23602294921875,-0.7935310006141663,-0.205388605594635,-0.14085006713867188,1.0,0.0,12.232967376708984,0.13086628913879395
13.483242988586426,-0.7776671051979065,-0.4725286662578583,-0.02415693923830986,-0.027179725468158722,2.056260585784912,268.1784362792969,2.1811258792877197,266.0247802734375,-0.7787263989448547,-0.3382115960121155,-0.1124267578125,1.0,0.0,12.232967376708984,0.12486529350280762
13.483742713928223,-0.7029101252555847,-0.5683795809745789,-0.01932295598089695,-0.037413034588098526,2.1910853385925293,268.7153625488281,2.308655023574829,265.7942199707031,-0.6931020617485046,-0.393134742975235,-0.1338944435119629,1.0,0.0,12.232967376708984,0.1175696849822998
13.484243392944336,-0.6213571429252625,-0.6558228135108948,-0.01771162636578083,-0.02345852181315422,2.3254446983337402,268.7153625488281,2.4373466968536377,265.6176452636719,-0.6527270078659058,-0.5358250737190247,-0.09106922149658203,1.0,0.0,12.232967376708984,0.11190199851989746
13.484742164611816,-0.5310661196708679,-0.7314947843551636,-0.00482100248336792,-0.032761529088020325,2.4147391319274902,236.23304748535156,2.5668270587921143,265.4778747558594,-0.5313501954078674,-0.6128607988357544,-0.05127143859863281,1.0,0.0,12.232967376708984,0.15208792686462402
13.485241889953613,-0.4417461156845093,-0.7886690497398376,-0.01932295598089695,-0.007643410935997963,2.53285551071167,236.23304748535156,2.6958324909210205,265.3209533691406,-0.4703770875930786,-0.6443027257919312,-0.09685325622558594,1.0,0.0,12.232967376708984,0.16297698020935059
13.48574161529541,-0.3407755196094513,-0.8357537388801575,-0.00482100248336792,-0.032761529088020325,2.680591106414795,257.7087707519531,2.8251640796661377,265.18096923828125,-0.3879256546497345,-0.7394953370094299,-0.0786600112915039,1.0,0.0,12.232967376708984,0.14457297325134277
13.486242294311523,-0.2281547635793686,-0.8761121034622192,-0.01610029861330986,-0.026249423623085022,2.809443950653076,257.7087707519531,2.9554970264434814,265.0862731933594,-0.25278785824775696,-0.7793747782707214,-0.0393824577331543,1.0,0.0,12.232967376708984,0.14605307579040527
13.48674201965332,-0.11553370952606201,-0.8962910771369934,-0.008043658919632435,-0.006713110022246838,2.953477382659912,268.7153625488281,3.086204767227173,265.0092468261719,-0.15785419940948486,-0.825533390045166,-0.04543447494506836,1.0,0.0,12.232967376708984,0.13272738456726074
13.487241744995117,0.004854382481426001,-0.9063808917999268,-0.008043658919632435,-0.012294914573431015,3.087836742401123,268.7153625488281,-3.0660147666931152,264.9446105957031,-0.04496241733431816,-0.841075599193573,-0.04087543487548828,1.0,0.0,12.232967376708984,0.1293339729309082
13.48774242401123,0.12330053001642227,-0.8962910771369934,-0.01287764310836792,-0.04113423451781273,3.22182035446167,268.4466247558594,-2.935894250869751,264.8455810546875,0.026789382100105286,-0.8822886347770691,-0.08746218681335449,1.0,0.0,12.232967376708984,0.12547063827514648
13.488242149353027,0.24368838965892792,-0.8761121034622192,0.0048469663597643375,0.011892903596162796,3.356046199798584,268.4466247558594,-2.8048954010009766,264.7857971191406,0.18095320463180542,-0.848244309425354,-0.03845381736755371,1.0,0.0,12.232967376708984,0.12224388122558594
13.488740921020508,0.354367733001709,-0.8357537388801575,1.2981891813979018e-05,-0.04113423451781273,3.445901393890381,236.4695281982422,-2.6756064891815186,264.65533447265625,0.2729435861110687,-0.8234140276908875,-0.057964324951171875,1.0,0.0,12.232967376708984,0.16167783737182617
13.489240646362305,0.45145440101623535,-0.7853056788444519,0.0016243100399151444,-0.02345852181315422,3.564136028289795,236.4695281982422,-2.5447769165039062,264.59222412109375,0.3619007170200348,-0.7659348249435425,-0.06753206253051758,1.0,0.0,12.232967376708984,0.1742725372314453
13.489741325378418,0.5553378462791443,-0.7230867147445679,0.0016243100399151444,-0.02531912364065647,3.7113280296325684,257.4513244628906,-2.4141054153442383,264.5240783691406,0.5024037957191467,-0.7107095122337341,-0.024102449417114258,1.0,0.0,12.232967376708984,0.15775203704833984
13.490241050720215,0.6359204649925232,-0.6507776975631714,0.0048469663597643375,-0.016016118228435516,3.840053081512451,257.4513244628906,-2.284633159637451,264.4067077636719,0.5618127584457397,-0.6871910691261292,-0.08385801315307617,1.0,0.0,12.232967376708984,0.15849924087524414
13.490740776062012,0.7165020108222961,-0.5650166869163513,-0.006432330701500177,-0.037413034588098526,3.9839415550231934,268.4466247558594,-2.154937505722046,264.3013610839844,0.655636727809906,-0.6237109303474426,-0.08861160278320312,1.0,0.0,12.232967376708984,0.14430665969848633
13.491240501403809,0.786405086517334,-0.46412062644958496,0.009680950082838535,-0.02066762000322342,4.118163585662842,268.4466247558594,-2.0268030166625977,264.1322021484375,0.7017090916633606,-0.5403719544410706,-0.11268305778503418,1.0,0.0,12.232967376708984,0.13821887969970703
13.491741180419922,0.8378614783287048,-0.3615434467792511,0.03385087102651596,0.013753505423665047,4.222774028778076,246.97091674804688,-1.898513674736023,263.9733581542969,0.7725884318351746,-0.4237465560436249,-0.08635926246643066,1.0,0.0,12.232967376708984,0.1618976593017578
13.492240905761719,0.8582496047019958,-0.2589658796787262,0.01290360651910305,0.02212621085345745,4.346259593963623,246.97091674804688,-1.7724180221557617,263.7257385253906,0.6953592896461487,-0.4164920449256897,-0.2512080669403076,1.0,0.0,12.232967376708984,0.16450786590576172
13.4927396774292,0.898055374622345,-0.149662047624588,0.01773759163916111,0.015614106319844723,4.455026149749756,236.4695281982422,-1.64747154712677,263.4352722167969,0.8022279143333435,-0.22270575165748596,-0.10678315162658691,1.0,0.0,12.232967376708984,0.18068790435791016
13.493240356445312,0.9116473197937012,-0.05212957412004471,0.014514935202896595,0.008171701803803444,4.57326078414917,236.4695281982422,-1.522037386894226,263.17138671875,0.8787122964859009,-0.14313578605651855,-0.12305760383605957,1.0,0.0,12.232967376708984,0.18788719177246094
13.49374008178711,0.9116470813751221,0.06558230519294739,0.02418290264904499,0.015614106319844723,4.72078275680542,257.7087707519531,-1.3966708183288574,262.9100646972656,0.8631770610809326,-0.004912365693598986,-0.09260058403015137,1.0,0.0,12.232967376708984,0.16573190689086914
13.494239807128906,0.8718416094779968,0.17488615214824677,0.02096024714410305,0.0249171145260334,4.849639415740967,257.7087707519531,-1.2717174291610718,262.63665771484375,0.7294888496398926,-0.007176395505666733,-0.22233366966247559,1.0,0.0,12.232967376708984,0.16182851791381836
13.494739532470703,0.8592204451560974,0.27746352553367615,0.009680950082838535,0.0239868126809597,4.978492259979248,257.7087707519531,-1.1469230651855469,262.36260986328125,0.8450939655303955,0.1464969962835312,-0.16550040245056152,1.0,0.0,12.232967376708984,0.15777015686035156
13.495240211486816,0.7912592887878418,0.38844871520996094,0.02901688776910305,0.029568618163466454,5.107348918914795,257.7087707519531,-1.021998643875122,262.0997314453125,0.6440193057060242,0.1774871051311493,-0.19335532188415527,1.0,0.0,12.232967376708984,0.1538376808166504
13.495739936828613,0.7592206001281738,0.4910261034965515,0.02579423226416111,0.025847414508461952,5.236556529998779,257.96673583984375,-0.896613597869873,261.86175537109375,0.7344527244567871,0.3850538730621338,-0.10448837280273438,1.0,0.0,12.232967376708984,0.15001535415649414
13.49623966217041,0.6961140036582947,0.5801507234573364,0.01773759163916111,0.04166252538561821,5.365540981292725,257.96673583984375,-0.7720198631286621,261.595458984375,0.732672393321991,0.49252358078956604,-0.1202702522277832,1.0,0.0,12.232967376708984,0.14562463760375977
13.496740341186523,0.6184443831443787,0.6541413068771362,0.01934891939163208,0.016544409096240997,5.449716091156006,225.49517822265625,-0.6466579437255859,261.3669128417969,0.6627290844917297,0.5258406400680542,-0.16701483726501465,1.0,0.0,12.232967376708984,0.1868114471435547
13.497239112854004,0.5378621816635132,0.719723641872406,0.014514935202896595,0.03794132545590401,5.562234401702881,225.49517822265625,-0.5209798812866211,261.1564636230469,0.5834195613861084,0.6135047674179077,-0.1529083251953125,1.0,0.0,12.232967376708984,0.19997119903564453
13.4977388381958,0.43786248564720154,0.7819423675537109,0.0370735265314579,0.030498916283249855,5.719762325286865,257.96673583984375,-0.3959043025970459,260.92529296875,0.4441578686237335,0.6607807874679565,-0.10941457748413086,1.0,0.0,12.232967376708984,0.16751909255981445
13.498238563537598,0.3446589410305023,0.8290274143218994,0.008069622330367565,0.002589897019788623,5.8487467765808105,257.96673583984375,-0.2705848217010498,260.7090148925781,0.3981282711029053,0.7331941723823547,-0.14058995246887207,1.0,0.0,12.232967376708984,0.16385412216186523
13.498739242553711,0.23203791677951813,0.8626591563224792,0.02579423226416111,0.007241401355713606,5.992187023162842,268.4466247558594,-0.14485478401184082,260.5146179199219,0.3117416799068451,0.7680589556694031,-0.15455293655395508,1.0,0.0,12.232967376708984,0.14614343643188477
13.499238967895508,0.1077667772769928,0.8895648121833801,0.01773759163916111,0.03608072176575661,6.126412868499756,268.4466247558594,-0.01798272132873535,260.3724060058594,0.14301085472106934,0.8047317862510681,-0.07143402099609375,1.0,0.0,12.232967376708984,0.13878965377807617
13.499738693237305,-0.0009708521538414061,0.8962910771369934,-0.0032096742652356625,0.02026561088860035,6.201365947723389,225.49517822265625,0.10902929306030273,260.2390441894531,0.05357988551259041,0.8306658864021301,-0.08709263801574707,1.0,0.0,12.232967376708984,0.19084882736206055
13.500239372253418,-0.10582482814788818,0.8895648121833801,0.01129227876663208,-0.0011313053546473384,0.030925750732421875,225.49517822265625,0.23529434204101562,260.0770263671875,-0.044540081173181534,0.8062536716461182,-0.09383964538574219,1.0,0.0,12.232967376708984,0.20436859130859375
13.500739097595215,-0.22427086532115936,0.8693854212760925,-0.0032096742652356625,0.03515041992068291,0.18848609924316406,257.96673583984375,0.362795352935791,259.97064208984375,-0.20970416069030762,0.7813291549682617,-0.014014720916748047,1.0,0.0,12.232967376708984,0.17430925369262695
13.501238822937012,-0.32524165511131287,0.8357537388801575,-0.006432330701500177,0.010962603613734245,0.31746864318847656,257.96673583984375,0.4888637065887451,259.8060302734375,-0.2645760178565979,0.7937050461769104,-0.08087277412414551,1.0,0.0,12.232967376708984,0.17139506340026855
13.501737594604492,-0.43592098355293274,0.7886690497398376,0.00323563814163208,0.0184050090610981,0.44583892822265625,257.7087707519531,0.6157524585723877,259.67962646484375,-0.38549044728279114,0.7346113324165344,-0.04616355895996094,1.0,0.0,12.232967376708984,0.16991353034973145
13.502238273620605,-0.5330079197883606,0.7281314134597778,0.0016243100399151444,0.0249171145260334,0.5746936798095703,257.7087707519531,0.7413842678070068,259.5025634765625,-0.45623213052749634,0.7136919498443604,-0.08649182319641113,1.0,0.0,12.232967376708984,0.16669058799743652
13.502737998962402,-0.6252404451370239,0.6558226346969604,-0.006432330701500177,0.053756434470415115,0.7031917572021484,257.4513244628906,0.8672530651092529,259.33941650390625,-0.5867902040481567,0.6641253232955933,-0.05742478370666504,1.0,0.0,12.232967376708984,0.1640613079071045
13.5032377243042,-0.7116479873657227,0.566698431968689,-0.0032096742652356625,0.0221262127161026,0.8319149017333984,257.4513244628906,0.9948112964630127,259.2506103515625,-0.6539179682731628,0.5441855788230896,-0.031827449798583984,1.0,0.0,12.232967376708984,0.16289639472961426
13.503738403320312,-0.7747545838356018,0.48430004715919495,-0.01610029861330986,0.02212621085345745,0.9165744781494141,225.49517822265625,1.1221449375152588,259.1542663574219,-0.7577868103981018,0.5162797570228577,-0.06332588195800781,1.0,0.0,12.232967376708984,0.20557045936584473
13.50423812866211,-0.8300942778587341,0.38844892382621765,-0.01610029861330986,0.016544409096240997,1.0293197631835938,225.49517822265625,1.2486965656280518,259.0272216796875,-0.7941941022872925,0.3955507278442383,-0.053904056549072266,1.0,0.0,12.232967376708984,0.219376802444458
13.504737854003906,-0.8650453686714172,0.28755292296409607,0.006458294112235308,-0.003922207746654749,1.1720256805419922,247.21812438964844,1.3739068508148193,258.84613037109375,-0.7842192649841309,0.33753618597984314,-0.12382268905639648,1.0,0.0,12.232967376708984,0.20188117027282715
13.505237579345703,-0.896113395690918,0.17993105947971344,-0.01448897086083889,0.011892903596162796,1.295633316040039,247.21812438964844,1.4990198612213135,258.6651306152344,-0.8497360348701477,0.23083190619945526,-0.10773468017578125,1.0,0.0,12.232967376708984,0.20338654518127441
13.5057373046875,-0.9116473197937012,0.06558209657669067,-0.01610029861330986,0.007241401355713606,1.4338188171386719,257.96673583984375,1.6236231327056885,258.4665222167969,-0.875892698764801,0.12007572501897812,-0.10337591171264648,1.0,0.0,12.232967376708984,0.1898043155670166
13.506237030029297,-0.9106765389442444,-0.04708466678857803,-0.02737959660589695,-0.004852508660405874,1.5628032684326172,257.96673583984375,1.7463948726654053,258.19464111328125,-0.8545498251914978,0.06361903250217438,-0.16456365585327148,1.0,0.0,12.232967376708984,0.18359160423278809
13.506736755371094,-0.898055374622345,-0.163114994764328,-0.02415693923830986,-0.0011313053546473384,1.6910762786865234,257.4513244628906,1.8682873249053955,257.8919372558594,-0.8553793430328369,-0.07276374846696854,-0.1272287368774414,1.0,0.0,12.232967376708984,0.17721104621887207
13.507237434387207,-0.8699000477790833,-0.2724186182022095,-0.02254561148583889,-0.04113423451781273,1.8198013305664062,257.4513244628906,1.9909708499908447,257.6286926269531,-0.826639711856842,-0.18145067989826202,-0.11874914169311523,1.0,0.0,12.232967376708984,0.17116951942443848
13.507737159729004,-0.8242688775062561,-0.37163326144218445,-0.02254561148583889,-0.007643410470336676,1.9192638397216797,236.23304748535156,2.113649606704712,257.3708801269531,-0.8008135557174683,-0.20418338477611542,-0.2083148956298828,1.0,0.0,12.232967376708984,0.19438576698303223
13.5082368850708,-0.779608964920044,-0.47589197754859924,-0.03060225211083889,-0.029040327295660973,2.0373802185058594,236.23304748535156,2.2361509799957275,257.111083984375,-0.7476943135261536,-0.37784284353256226,-0.11223745346069336,1.0,0.0,12.232967376708984,0.19877076148986816
13.508736610412598,-0.7135898470878601,-0.5633350610733032,-0.0354362353682518,-0.011364612728357315,2.170307159423828,246.97091674804688,2.3585236072540283,256.8511047363281,-0.6850999593734741,-0.4107992351055145,-0.16268253326416016,1.0,0.0,12.232967376708984,0.1882164478302002
13.509237289428711,-0.6417451500892639,-0.6474148631095886,-0.03060225211083889,-0.027179725468158722,2.293790817260742,246.97091674804688,2.48120379447937,256.6097717285156,-0.6514973640441895,-0.5576543807983398,-0.11745023727416992,1.0,0.0,12.232967376708984,0.18741297721862793
13.509736061096191,-0.5524253249168396,-0.7214049696922302,-0.02415693923830986,-0.029040327295660973,2.4321823120117188,257.96673583984375,2.604680299758911,256.4069519042969,-0.5683642029762268,-0.6410353183746338,-0.10346412658691406,1.0,0.0,12.232967376708984,0.17249798774719238
13.510235786437988,-0.45630910992622375,-0.7869874835014343,-0.01771162636578083,-0.02531912364065647,2.561166763305664,257.96673583984375,2.7282793521881104,256.21337890625,-0.46925923228263855,-0.6678997874259949,-0.11425209045410156,1.0,0.0,12.232967376708984,0.1671125888824463
13.510735511779785,-0.3427172601222992,-0.8391168117523193,-0.02415693923830986,-0.030900927260518074,2.6897945404052734,257.7087707519531,2.851886510848999,256.0243835449219,-0.3461019992828369,-0.7154830098152161,-0.07584953308105469,1.0,0.0,12.232967376708984,0.16209197044372559
13.511236190795898,-0.2300964593887329,-0.8761121034622192,-0.01771162636578083,-0.034622129052877426,2.8186492919921875,257.7087707519531,2.9766762256622314,255.88909912109375,-0.2287193089723587,-0.7424543499946594,-0.04885578155517578,1.0,0.0,12.232967376708984,0.15802693367004395
13.511735916137695,-0.11941712349653244,-0.8962910771369934,-0.01932295598089695,-0.04299483820796013,2.918214797973633,236.4695281982422,3.101787805557251,255.76998901367188,-0.15489836037158966,-0.7611616253852844,-0.07604837417602539,1.0,0.0,12.232967376708984,0.18357300758361816
13.512235641479492,-0.006796086207032204,-0.9030174016952515,-0.02093428373336792,-0.036482732743024826,3.036447525024414,236.4695281982422,-3.056377649307251,255.64959716796875,-0.04274776950478554,-0.7593227624893188,-0.0565035343170166,1.0,0.0,12.232967376708984,0.19036054611206055
13.512736320495605,0.09805813431739807,-0.9063808917999268,-0.01287764310836792,-0.04113423451781273,3.1688308715820312,246.72418212890625,-2.9299843311309814,255.58934020996094,0.040708743035793304,-0.8477436900138855,-0.07878875732421875,1.0,0.0,12.232967376708984,0.1843705177307129
13.513236045837402,0.21262063086032867,-0.8895648121833801,-0.011266314424574375,-0.029040325433015823,3.292196273803711,246.72418212890625,-2.8042163848876953,255.50433349609375,0.1811314970254898,-0.8420566916465759,-0.04053068161010742,1.0,0.0,12.232967376708984,0.18677282333374023
13.513734817504883,0.3271833658218384,-0.8525698184967041,0.0048469663597643375,-0.03834332898259163,3.4311599731445312,258.2252197265625,-2.678388833999634,255.42352294921875,0.30262869596481323,-0.8034103512763977,-0.017925500869750977,1.0,0.0,12.232967376708984,0.17363691329956055
13.51423454284668,0.4300954043865204,-0.8088480234146118,-0.009654986672103405,-0.031831227242946625,3.560272216796875,258.2252197265625,-2.552927017211914,255.32896423339844,0.3724042773246765,-0.8043877482414246,-0.0702965259552002,1.0,0.0,12.232967376708984,0.16998624801635742
13.514735221862793,0.5388330221176147,-0.7449474930763245,-0.008043658919632435,-0.027179725468158722,3.703123092651367,268.1784362792969,-2.427410840988159,255.23858642578125,0.4686949849128723,-0.7232125401496887,-0.054340362548828125,1.0,0.0,12.232967376708984,0.15265130996704102
13.51523494720459,0.6378616690635681,-0.6675941944122314,-0.0015983461635187268,-0.02345852181315422,3.8372116088867188,268.1784362792969,-2.3016176223754883,255.1617431640625,0.5867235064506531,-0.6661285758018494,-0.03298640251159668,1.0,0.0,12.232967376708984,0.14435625076293945
13.515734672546387,0.7155315279960632,-0.5868772268295288,0.008069622330367565,-0.01973731815814972,3.9124393463134766,225.49517822265625,-2.1751580238342285,255.11448669433594,0.661403477191925,-0.6147725582122803,-0.05975532531738281,1.0,0.0,12.232967376708984,0.1955881118774414
13.5162353515625,0.7805797457695007,-0.5011160969734192,0.008069622330367565,-0.012294914573431015,4.025186538696289,225.49517822265625,-2.050323963165283,255.00001525878906,0.7089892625808716,-0.5376444458961487,-0.08466506004333496,1.0,0.0,12.232967376708984,0.20767498016357422
13.516735076904297,0.8359196186065674,-0.3985382914543152,1.2981891813979018e-05,-0.015085816383361816,4.182712554931641,257.96673583984375,-1.926817774772644,254.8320770263672,0.7305236458778381,-0.43209269642829895,-0.09359025955200195,1.0,0.0,12.232967376708984,0.17365503311157227
13.517234802246094,0.8805792927742004,-0.2942796051502228,0.009680950082838535,0.0016595963388681412,4.311697006225586,257.96673583984375,-1.8021515607833862,254.7166290283203,0.8162067532539368,-0.3508469760417938,-0.090118408203125,1.0,0.0,12.232967376708984,0.16933679580688477
