time_s,v_alpha_v,v_beta_v,i_alpha_a,i_beta_a,encoder_angle_rad,encoder_speed_rad_s,pll_angle_rad,pll_speed_rad_s,emf_alpha_v,emf_beta_v,phase_error_rad,locked,active,bus_voltage_v,angle_error_rad
11.047673225402832,0.14292488992214203,-0.9683194160461426,-0.007747238967567682,-0.027164850383996964,3.0823023319244385,257.7087707519531,-3.036773681640625,275.8199768066406,0.08690639585256577,-0.9117256999015808,0.08246088027954102,0.0,0.0,12.250696182250977,0.1641097068786621
11.048172950744629,0.27126553654670715,-0.9413747191429138,-0.056087080389261246,-0.04577086120843887,3.2111570835113525,257.7087707519531,-2.8961353302001953,275.93463134765625,0.19937367737293243,-0.9067094922065735,0.06318902969360352,0.0,0.0,12.250696182250977,0.17589330673217773
11.048672676086426,0.39182785153388977,-0.8908540606498718,-0.00935856718569994,-0.011349736712872982,3.368946075439453,279.4639587402344,-2.7548155784606934,276.0751647949219,0.28255096077919006,-0.8475812077522278,0.027098417282104492,0.0,0.0,12.250696182250977,0.159423828125
11.049172401428223,0.512390673160553,-0.8335967063903809,-0.01258122269064188,-0.015070939436554909,3.5083985328674316,279.4639587402344,-2.615234136581421,276.1400451660156,0.4334509074687958,-0.8340165019035339,0.045133113861083984,0.0,0.0,12.250696182250977,0.15955305099487305
11.04967212677002,0.6242018342018127,-0.754447340965271,-0.001301926327869296,-0.012280036695301533,3.6477584838867188,279.18450927734375,-2.475835084915161,276.1957702636719,0.5451191663742065,-0.750633955001831,0.05459952354431152,0.0,0.0,12.250696182250977,0.1595921516418457
11.050171852111816,0.7185132503509521,-0.665193498134613,0.011588698253035545,-0.001116428873501718,3.787351131439209,279.18450927734375,-2.335648775100708,276.28350830078125,0.6513950228691101,-0.7081209421157837,0.02993464469909668,0.0,0.0,12.250696182250977,0.1601853370666504
11.050671577453613,0.8069902062416077,-0.5523632764816284,0.034147292375564575,0.008186578750610352,3.955505847930908,300.6602478027344,-2.1964008808135986,276.3301086425781,0.7398281097412109,-0.5932027101516724,0.0420072078704834,0.0,0.0,12.250696182250977,0.13127851486206055
11.051172256469727,0.886716902256012,-0.427744597196579,0.003532057860866189,-0.01879214122891426,4.105835437774658,300.6602478027344,-2.056513547897339,276.4024658203125,0.8170649409294128,-0.4920250475406647,0.03593778610229492,0.0,0.0,12.250696182250977,0.12083673477172852
11.051671981811523,0.9285247921943665,-0.3081783056259155,0.021256666630506516,0.011907780542969704,4.184759140014648,246.97091674804688,-1.9174689054489136,276.43768310546875,0.8434208035469055,-0.41970935463905334,-0.023064613342285156,0.0,0.0,12.250696182250977,0.18095731735229492
11.05217170715332,0.9635269641876221,-0.18692782521247864,0.01320002693682909,-0.007628533523529768,4.308244228363037,246.97091674804688,-1.7800793647766113,276.4029235839844,0.8958488702774048,-0.29129758477211,-0.013056039810180664,0.0,0.0,12.250696182250977,0.19486188888549805
11.052672386169434,0.9771390557289124,-0.062309134751558304,0.01320002693682909,0.016559284180402756,4.474946022033691,279.4639587402344,-1.643065094947815,276.3529052734375,0.9113529920578003,-0.19446216523647308,-0.04606986045837402,0.0,0.0,12.250696182250977,0.1651744842529297
11.05317211151123,0.9820000529289246,0.07409757375717163,0.022867994382977486,-0.002046729903668165,4.614678382873535,279.4639587402344,-1.5063170194625854,276.2928771972656,0.9341523051261902,-0.02349635399878025,0.002442598342895508,0.0,0.0,12.250696182250977,0.16218996047973633
11.053670883178711,0.9518598914146423,0.20040005445480347,0.01481135468930006,0.02307138964533806,4.768040180206299,289.9223937988281,-1.3704391717910767,276.1972961425781,0.8852501511573792,0.018602944910526276,-0.08768582344055176,0.0,0.0,12.250696182250977,0.14470624923706055
11.054170608520508,0.9139406681060791,0.3334387540817261,0.029313307255506516,0.02400168962776661,4.913001537322998,289.9223937988281,-1.2348403930664062,276.0921630859375,0.8919091820716858,0.15742237865924835,-0.06955361366271973,0.0,0.0,12.250696182250977,0.1353435516357422
11.054671287536621,0.858521044254303,0.45637303590774536,0.037369947880506516,0.010047179646790028,5.0436811447143555,279.18450927734375,-1.0979130268096924,276.04522705078125,0.8619950413703918,0.2905779182910919,-0.056005239486694336,0.0,0.0,12.250696182250977,0.14159154891967773
11.055171012878418,0.7836559414863586,0.5725712776184082,0.024479323998093605,0.036095600575208664,5.1832733154296875,279.18450927734375,-0.9613206386566162,275.9851989746094,0.7733697891235352,0.4149046540260315,-0.02521347999572754,0.0,0.0,12.250696182250977,0.13859128952026367
11.055670738220215,0.7000394463539124,0.6702455878257751,0.035758618265390396,0.02400168962776661,5.280021667480469,246.97091674804688,-0.8245565891265869,275.93365478515625,0.7124559283256531,0.51166170835495,-0.031618595123291016,0.0,0.0,12.250696182250977,0.17860746383666992
11.056171417236328,0.6125350594520569,0.7544471025466919,0.021256666630506516,0.034234996885061264,5.403507232666016,246.97091674804688,-0.6862692832946777,275.947265625,0.6137200593948364,0.6540073156356812,0.024686574935913086,0.0,0.0,12.250696182250977,0.19340896606445312
11.056671142578125,0.5046119093894958,0.8201245069503784,0.032535962760448456,0.05191070958971977,5.569836616516113,279.18450927734375,-0.5491759777069092,275.9102478027344,0.5533227920532227,0.7021369338035583,-0.026417970657348633,0.0,0.0,12.250696182250977,0.16417264938354492
11.057170867919922,0.38793835043907166,0.8773818016052246,0.011588698253035545,0.02679258957505226,5.709428787231445,279.18450927734375,-0.41123461723327637,275.90960693359375,0.44245657324790955,0.7660280466079712,-0.020705699920654297,0.0,0.0,12.250696182250977,0.1625218391418457
11.057669639587402,0.2576534152030945,0.9245347380638123,0.026090651750564575,0.038886502385139465,5.863398551940918,290.21258544921875,-0.2731902599334717,275.91357421875,0.2898494601249695,0.8329455852508545,0.030374526977539062,0.0,0.0,12.250696182250977,0.14659643173217773
11.058170318603516,0.10792282968759537,0.9481111764907837,0.12599299848079681,0.09842575341463089,6.008504867553711,290.21258544921875,-0.13468456268310547,275.9364013671875,0.18367281556129456,0.8245949745178223,0.007490873336791992,0.0,0.0,12.250696182250977,0.13999605178833008
11.058670043945312,-0.010695093311369419,0.9548473954200745,0.0003094017447438091,0.018419884145259857,6.138943672180176,279.18450927734375,0.004969120025634766,276.0066833496094,0.07729524374008179,0.8795551061630249,-0.0006630420684814453,0.0,0.0,12.250696182250977,0.14921092987060547
11.05916976928711,-0.14486941695213318,0.9481111764907837,0.0019207298755645752,0.02493199147284031,6.278535842895508,279.18450927734375,0.1434001922607422,276.0247497558594,-0.061388034373521805,0.9040979743003845,0.0164337158203125,0.0,0.0,12.250696182250977,0.14804983139038086
11.059670448303223,-0.2712654173374176,0.9211665391921997,-0.007747238967567682,0.010047179646790028,0.10975092649459839,260.2433166503906,0.2820138931274414,276.050048828125,-0.18809162080287933,0.8850291967391968,0.019455671310424805,0.0,0.0,12.250696182250977,0.17226290702819824
11.06017017364502,-0.397661417722702,0.8706453442573547,-0.006135910749435425,0.016559282317757607,0.23987239599227905,260.2433166503906,0.42070722579956055,276.07818603515625,-0.31146040558815,0.7925990223884583,0.04589581489562988,0.0,0.0,12.250696182250977,0.18083477020263672
11.060669898986816,-0.506556510925293,0.8167562484741211,-0.00935856718569994,0.014698682352900505,0.3961518406867981,279.18450927734375,0.5597250461578369,276.1192626953125,-0.43085408210754395,0.8359355330467224,0.008214235305786133,0.0,0.0,12.250696182250977,0.1635732650756836
11.061169624328613,-0.6154515147209167,0.7426589131355286,-0.027083175256848335,-0.004837631247937679,0.5357440710067749,279.18450927734375,0.6971042156219482,276.0906982421875,-0.5612607002258301,0.7655344009399414,0.027640342712402344,0.0,0.0,12.250696182250977,0.1613600254058838
11.06166934967041,-0.7117069363594055,0.6500368714332581,0.0019207298755645752,0.006325976923108101,0.6708235144615173,276.1165771484375,0.8342258930206299,276.05206298828125,-0.6296401619911194,0.6741237640380859,0.009083032608032227,0.0,0.0,12.250696182250977,0.16340231895446777
11.062169075012207,-0.7962953448295593,0.5506792664527893,-0.019026534631848335,0.012838082388043404,0.8088815808296204,276.1165771484375,0.9720590114593506,276.0439147949219,-0.7595301866531372,0.6069239974021912,0.01660442352294922,0.0,0.0,12.250696182250977,0.163177490234375
11.062668800354004,-0.8546319603919983,0.44290080666542053,0.005143385846167803,0.00446537509560585,0.9081762433052063,246.97091674804688,1.1092064380645752,276.0070495605469,-0.7572686076164246,0.5256540179252625,-0.053455352783203125,0.0,0.0,12.250696182250977,0.20103025436401367
11.0631685256958,-0.9090794920921326,0.3283865451812744,-0.015803879126906395,-0.00018612838175613433,1.0316616296768188,246.97091674804688,1.2460434436798096,275.95794677734375,-0.8506080508232117,0.3744816482067108,0.00199127197265625,0.0,0.0,12.250696182250977,0.21438193321228027
11.063669204711914,-0.9382477402687073,0.21050386130809784,-0.015803879126906395,-0.00018612838175613433,1.1979913711547852,279.18450927734375,1.3829119205474854,275.9111022949219,-0.8892569541931152,0.2961733639240265,-0.04186105728149414,0.0,0.0,12.250696182250977,0.1849205493927002
11.064168930053711,-0.9538043141365051,0.0825175866484642,-0.006135910749435425,0.001674473169259727,1.3375835418701172,279.18450927734375,1.5185139179229736,275.8121337890625,-0.9080893993377686,0.19509893655776978,-0.06772994995117188,0.0,0.0,12.250696182250977,0.18093037605285645
11.064668655395508,-0.9528319835662842,-0.05052090808749199,-0.035139817744493484,-0.003907332196831703,1.4775476455688477,279.4639587402344,1.6540634632110596,275.71307373046875,-0.8934524059295654,0.062286026775836945,-0.061258792877197266,0.0,0.0,12.250696182250977,0.17651581764221191
11.065169334411621,-0.9363031983375549,-0.1734553873538971,-0.015803879126906395,-0.028095146641135216,1.6172795295715332,279.4639587402344,1.7889411449432373,275.58770751953125,-0.9106727838516235,-0.03630585968494415,-0.0868377685546875,0.0,0.0,12.250696182250977,0.1716616153717041
11.065668106079102,-0.8983845114707947,-0.2997578978538513,-0.014192551374435425,-0.03460725396871567,1.7563602924346924,279.18450927734375,1.922936201095581,275.4281311035156,-0.8667047023773193,-0.149653360247612,-0.08976125717163086,0.0,0.0,12.250696182250977,0.16657590866088867
11.066167831420898,-0.8468536734580994,-0.4226923882961273,-0.004524582531303167,-0.012280037626624107,1.8959527015686035,279.18450927734375,2.0576541423797607,275.3022155761719,-0.813876748085022,-0.2736886739730835,-0.07102775573730469,0.0,0.0,12.250696182250977,0.16170144081115723
11.066667556762695,-0.7817109227180481,-0.5355228185653687,-0.023860519751906395,-0.01600124128162861,1.9927005767822266,246.97091674804688,2.1929819583892822,275.20465087890625,-0.7478284239768982,-0.4044785499572754,-0.034827232360839844,0.0,0.0,12.250696182250977,0.20028138160705566
11.067168235778809,-0.705873429775238,-0.6197243928909302,-0.022249191999435425,-0.03553755581378937,2.1161861419677734,246.97091674804688,2.327739953994751,275.0849304199219,-0.7006357312202454,-0.45678797364234924,-0.08790111541748047,0.0,0.0,12.250696182250977,0.21155381202697754
11.067667961120605,-0.6193407773971558,-0.7089784145355225,-0.048030439764261246,-0.029955750331282616,2.28251576423645,279.18450927734375,2.4626681804656982,274.9751892089844,-0.6300698518753052,-0.5664726495742798,-0.06823968887329102,0.0,0.0,12.250696182250977,0.18015241622924805
11.068167686462402,-0.5162793397903442,-0.786443829536438,-0.020637864246964455,-0.02158304490149021,2.4221081733703613,279.18450927734375,2.598686456680298,274.91363525390625,-0.5359178185462952,-0.680592954158783,-0.03265857696533203,0.0,0.0,12.250696182250977,0.17657828330993652
11.068668365478516,-0.40349510312080383,-0.8437011241912842,-0.022249191999435425,-0.02065274305641651,2.575981616973877,289.9223937988281,2.733750581741333,274.8128356933594,-0.4792211055755615,-0.7029634118080139,-0.09935617446899414,1.0,0.0,12.250696182250977,0.15776896476745605
11.069168090820312,-0.2770993411540985,-0.900958240032196,-0.014192551374435425,-0.02158304490149021,2.720942735671997,289.9223937988281,2.870681047439575,274.7931823730469,-0.3140988051891327,-0.8426347374916077,0.0056915283203125,1.0,0.0,12.250696182250977,0.14973831176757812
11.069666862487793,-0.14486916363239288,-0.931270956993103,-0.01096989493817091,-0.027164850383996964,2.8513433933258057,279.18450927734375,3.0070908069610596,274.751708984375,-0.20258063077926636,-0.8352051377296448,-0.011959075927734375,1.0,0.0,12.250696182250977,0.1557474136352539
11.07016658782959,-0.012639489956200123,-0.9413747191429138,-0.004524582531303167,-0.047631461173295975,2.9909355640411377,279.18450927734375,-3.1389718055725098,274.7410888671875,-0.0892181396484375,-0.8689932823181152,-0.013444185256958008,1.0,0.0,12.250696182250977,0.15327787399291992
11.070667266845703,0.10403355956077576,-0.9447429776191711,0.005143385846167803,-0.01786184310913086,3.0734455585479736,236.23304748535156,-3.0028738975524902,274.6875915527344,0.014095686376094818,-0.9379216432571411,-0.032301902770996094,1.0,0.0,12.250696182250977,0.20686578750610352
11.0711669921875,0.22265160083770752,-0.9245347380638123,0.01481135468930006,-0.00855883490294218,3.1915621757507324,236.23304748535156,-2.866206169128418,274.6590576171875,0.14622265100479126,-0.9022780060768127,-0.02330636978149414,1.0,0.0,12.250696182250977,0.2254171371459961
11.071666717529297,0.34710296988487244,-0.8841180205345154,0.021256666630506516,-0.04018905758857727,3.3814172744750977,290.21258544921875,-2.7295124530792236,274.63262939453125,0.3029766082763672,-0.8643741011619568,0.016629695892333984,1.0,0.0,12.250696182250977,0.1722559928894043
11.07216739654541,0.4579424560070038,-0.830228865146637,0.005143385846167803,-0.01600123941898346,3.5265235900878906,290.21258544921875,-2.5946216583251953,274.5306701660156,0.34481382369995117,-0.8535631895065308,-0.07187533378601074,1.0,0.0,12.250696182250977,0.16204023361206055
11.072667121887207,0.5765602588653564,-0.7628673911094666,0.027701979503035545,-0.014140639454126358,3.642681121826172,268.4466247558594,-2.458678960800171,274.4753112792969,0.532116174697876,-0.774752140045166,0.010410070419311523,1.0,0.0,12.250696182250977,0.1818251609802246
11.073166847229004,0.6718438267707825,-0.6786655187606812,0.0019207298755645752,-0.00855883490294218,3.776904582977295,268.4466247558594,-2.32331919670105,274.3963317871094,0.6028050184249878,-0.7157145738601685,-0.026985645294189453,1.0,0.0,12.250696182250977,0.18296194076538086
11.0736665725708,0.7583765387535095,-0.5826756954193115,0.021256666630506516,-0.010419436730444431,3.9254093170166016,279.18450927734375,-2.1882078647613525,274.3085632324219,0.6846721172332764,-0.6333141922950745,-0.03779935836791992,1.0,0.0,12.250696182250977,0.16956853866577148
11.074167251586914,0.8381029963493347,-0.46479347348213196,0.018034011125564575,0.002604774199426174,4.065001487731934,279.18450927734375,-2.0532634258270264,274.2157897949219,0.752108097076416,-0.44398707151412964,0.040731191635131836,1.0,0.0,12.250696182250977,0.16492033004760742
11.074666023254395,0.8808834552764893,-0.36375123262405396,0.018034011125564575,0.010047179646790028,4.161502361297607,246.97091674804688,-1.9195138216018677,274.0743408203125,0.785895824432373,-0.4819299578666687,-0.11051058769226074,1.0,0.0,12.250696182250977,0.20216941833496094
11.075165748596191,0.911996066570282,-0.2559731900691986,0.018034011125564575,0.011907780542969704,4.284987926483154,246.97091674804688,-1.7857862710952759,273.93487548828125,0.8100587129592896,-0.40632668137550354,-0.1593306064605713,1.0,0.0,12.250696182250977,0.21241140365600586
11.075666427612305,0.9489427208900452,-0.1313547044992447,0.01320002693682909,-0.002046729438006878,4.451656818389893,279.4639587402344,-1.6538046598434448,273.7254943847656,0.8954348564147949,-0.2268221080303192,-0.0741887092590332,1.0,0.0,12.250696182250977,0.17772388458251953
11.076166152954102,0.9479703307151794,-0.005052217748016119,0.024479323998093605,0.021210789680480957,4.591388702392578,279.4639587402344,-1.5211548805236816,273.54827880859375,0.8971788883209229,-0.13298077881336212,-0.10608959197998047,1.0,0.0,12.250696182250977,0.17064189910888672
11.076665878295898,0.9372751116752625,0.11788247525691986,0.009977370500564575,0.02586228959262371,4.730749130249023,279.18450927734375,-1.3896117210388184,273.3283996582031,0.8820443749427795,-0.042763885110616684,-0.13913941383361816,1.0,0.0,12.250696182250977,0.1628246307373047
11.077165603637695,0.9149129986763,0.25092095136642456,0.018034011125564575,0.013768382370471954,4.8703413009643555,279.18450927734375,-1.2574542760849,273.1391296386719,0.8712167143821716,0.10704553872346878,-0.10049724578857422,1.0,0.0,12.250696182250977,0.15538978576660156
11.077666282653809,0.8740771412849426,0.3688034415245056,0.01320002693682909,0.02772289142012596,5.0099334716796875,279.18450927734375,-1.125697374343872,272.9367980957031,0.864716112613678,0.21367044746875763,-0.1123809814453125,1.0,0.0,12.250696182250977,0.14755487442016602
11.078166007995605,0.8079624176025391,0.4900539517402649,0.011588698253035545,0.032374393194913864,5.1495256423950195,279.18450927734375,-0.9932112693786621,272.7696838378906,0.774767279624939,0.337197482585907,-0.07652068138122559,1.0,0.0,12.250696182250977,0.14044857025146484
11.078664779663086,0.7457368969917297,0.5843597054481506,0.021256666630506516,0.037956200540065765,5.231756687164307,236.23304748535156,-0.8613831996917725,272.57806396484375,0.7604742646217346,0.4319109320640564,-0.10250020027160645,1.0,0.0,12.250696182250977,0.19004583358764648
11.079164505004883,0.6582319736480713,0.6618252992630005,0.009977370500564575,0.02958349511027336,5.349873065948486,236.23304748535156,-0.7290008068084717,272.41375732421875,0.6664853692054749,0.4668545126914978,-0.14057326316833496,1.0,0.0,12.250696182250977,0.20431184768676758
11.079665184020996,0.5707270503044128,0.7460269331932068,0.00836604181677103,0.030513793230056763,5.5250725746154785,279.18450927734375,-0.5951669216156006,272.31414794921875,0.5894891619682312,0.6123477816581726,-0.08081746101379395,1.0,0.0,12.250696182250977,0.16294622421264648
11.080164909362793,0.4696103036403656,0.8167564868927002,0.01481135468930006,0.017489584162831306,5.664663791656494,279.18450927734375,-0.4621567726135254,272.1820068359375,0.5329814553260803,0.7258628010749817,-0.08085060119628906,1.0,0.0,12.250696182250977,0.15636491775512695
11.08066463470459,0.34904763102531433,0.8740136027336121,0.018034011125564575,0.02493199147284031,5.804258823394775,279.18450927734375,-0.32852625846862793,272.0788269042969,0.3815956711769104,0.7852156162261963,-0.03332233428955078,1.0,0.0,12.250696182250977,0.15040063858032227
11.081165313720703,0.22070695459842682,0.9144304990768433,0.011588698253035545,0.05284101143479347,5.943850040435791,279.18450927734375,-0.19353103637695312,272.0350646972656,0.2552121877670288,0.8497496843338013,-0.007626533508300781,1.0,0.0,12.250696182250977,0.14580440521240234
11.0816650390625,0.09820012003183365,0.931270956993103,0.0003094017447438091,0.018419884145259857,6.040956974029541,247.21812438964844,-0.059032440185546875,271.97137451171875,0.13867001235485077,0.8181837797164917,-0.01831364631652832,1.0,0.0,12.250696182250977,0.1831960678100586
11.082164764404297,-0.016528649255633354,0.9380069375038147,0.00836604181677103,0.04353800415992737,6.1645684242248535,247.21812438964844,0.07547354698181152,271.9092102050781,0.06132888048887253,0.9180896282196045,-0.051792144775390625,1.0,0.0,12.250696182250977,0.1940903663635254
11.082663536071777,-0.13903586566448212,0.9245347380638123,0.0019207298755645752,0.008186577819287777,0.04759693145751953,279.4639587402344,0.2095499038696289,271.830322265625,-0.07246133685112,0.8812966346740723,-0.037095069885253906,1.0,0.0,12.250696182250977,0.16195297241210938
11.08316421508789,-0.2673763930797577,0.8975901007652283,-0.001301926327869296,0.02865319326519966,0.18732929229736328,279.4639587402344,0.34302854537963867,271.72796630859375,-0.19838827848434448,0.8543477654457092,-0.024425029754638672,1.0,0.0,12.250696182250977,0.1556992530822754
11.083663940429688,-0.3859943151473999,0.8538053631782532,0.01320002693682909,0.02958349511027336,0.3124094009399414,268.4466247558594,0.476578950881958,271.63067626953125,-0.2944732904434204,0.8393669128417969,-0.04886436462402344,1.0,0.0,12.250696182250977,0.1641695499420166
11.084163665771484,-0.49100014567375183,0.7965478301048279,-0.01096989493817091,0.017489584162831306,0.44663333892822266,268.4466247558594,0.6108889579772949,271.5672302246094,-0.3981315791606903,0.8292480707168579,-0.07309842109680176,1.0,0.0,12.250696182250977,0.16425561904907227
11.084664344787598,-0.5998950600624084,0.7224504947662354,-0.01258122269064188,0.009116879664361477,0.5947694778442383,278.90557861328125,0.7443318367004395,271.468994140625,-0.5122231841087341,0.7355524897575378,-0.04577898979187012,1.0,0.0,12.250696182250977,0.14956235885620117
11.085164070129395,-0.6922614574432373,0.6365646123886108,0.0003094017447438091,0.029583491384983063,0.7342233657836914,278.90557861328125,0.8774173259735107,271.3575744628906,-0.58314049243927,0.713077187538147,-0.10193896293640137,1.0,0.0,12.250696182250977,0.14319396018981934
11.085663795471191,-0.7729604244232178,0.5439428091049194,-0.015803879126906395,0.007256277371197939,0.8172769546508789,236.4695281982422,1.009721040725708,271.21551513671875,-0.7153047919273376,0.619228184223175,-0.062346458435058594,1.0,0.0,12.250696182250977,0.1924440860748291
11.086163520812988,-0.8303248882293701,0.44458460807800293,-0.020637864246964455,0.002604773733764887,0.9355096817016602,236.4695281982422,1.1425502300262451,271.0987548828125,-0.7494420409202576,0.49921804666519165,-0.06933784484863281,1.0,0.0,12.250696182250977,0.20704054832458496
11.086663246154785,-0.8721329569816589,0.33849096298217773,0.00675471406430006,0.005395675543695688,1.0960054397583008,268.4466247558594,1.2736413478851318,270.9111633300781,-0.7500965595245361,0.44573768973350525,-0.14937639236450195,1.0,0.0,12.250696182250977,0.17763590812683105
11.087162971496582,-0.9071349501609802,0.22397631406784058,-0.014192551374435425,-0.004837631713598967,1.2302255630493164,268.4466247558594,1.404606580734253,270.72259521484375,-0.8303922414779663,0.3284864127635956,-0.12080097198486328,1.0,0.0,12.250696182250977,0.17438101768493652
11.087662696838379,-0.9324142336845398,0.10609446465969086,-0.023860519751906395,-0.00669823307543993,1.3644533157348633,268.4466247558594,1.5345537662506104,270.49493408203125,-0.8882923126220703,0.2233760505914688,-0.12049150466918945,1.0,0.0,12.250696182250977,0.17010045051574707
11.088163375854492,-0.9363031983375549,-0.01852465607225895,-0.01096989493817091,-0.010419436730444431,1.498673439025879,268.4466247558594,1.6648991107940674,270.2890319824219,-0.8920757174491882,0.08980409801006317,-0.1048116683959961,1.0,0.0,12.250696182250977,0.16622567176818848
11.088663101196289,-0.9207465648651123,-0.14651094377040863,-0.028694504871964455,-0.02065274305641651,1.6471681594848633,279.18450927734375,1.7952635288238525,270.088134765625,-0.855503499507904,-0.024217847734689713,-0.10661935806274414,1.0,0.0,12.250696182250977,0.14809536933898926
11.089162826538086,-0.8915783762931824,-0.2643931806087494,-0.028694504871964455,-0.03739815950393677,1.7867631912231445,279.18450927734375,1.9249355792999268,269.8623352050781,-0.8752730488777161,-0.11889996379613876,-0.1297469139099121,1.0,0.0,12.250696182250977,0.13817238807678223
11.089662551879883,-0.8497705459594727,-0.3772236704826355,-0.020637864246964455,-0.01600124128162861,1.8695878982543945,236.4695281982422,2.0543501377105713,269.6304931640625,-0.8140047788619995,-0.2177180051803589,-0.1329207420349121,1.0,0.0,12.250696182250977,0.18476223945617676
11.090163230895996,-0.7933783531188965,-0.4681614637374878,-0.022249191999435425,-0.033676955848932266,1.9878206253051758,236.4695281982422,2.1827337741851807,269.36004638671875,-0.7728840708732605,-0.2673766314983368,-0.18992185592651367,1.0,0.0,12.250696182250977,0.19491314888000488
11.090662956237793,-0.7272634506225586,-0.5624672770500183,-0.025471847504377365,-0.028095148503780365,2.14858341217041,268.4466247558594,2.3115828037261963,269.1151428222656,-0.7158592343330383,-0.40009671449661255,-0.1420574188232422,1.0,0.0,12.250696182250977,0.16299939155578613
11.09116268157959,-0.6475367546081543,-0.6534050703048706,-0.020637864246964455,-0.01786184310913086,2.2828073501586914,268.4466247558594,2.441021203994751,268.9002380371094,-0.6594687700271606,-0.5249967575073242,-0.10872936248779297,1.0,0.0,12.250696182250977,0.15821385383605957
11.091662406921387,-0.5551703572273254,-0.7325546741485596,-0.031917158514261246,-0.031816352158784866,2.416764259338379,268.4466247558594,2.5704610347747803,268.6898193359375,-0.5902532339096069,-0.6147581934928894,-0.1048440933227539,1.0,0.0,12.250696182250977,0.15369677543640137
11.092162132263184,-0.4501645267009735,-0.803284227848053,-0.022249191999435425,-0.026234548538923264,2.5509843826293945,268.4466247558594,2.701820135116577,268.5644836425781,-0.4573183059692383,-0.6973763108253479,-0.051377296447753906,1.0,0.0,12.250696182250977,0.15083575248718262
11.09266185760498,-0.33738037943840027,-0.8538053631782532,-0.01258122269064188,-0.02065274305641651,2.6852121353149414,268.4466247558594,2.832444429397583,268.41070556640625,-0.3519829213619232,-0.7307652235031128,-0.050499916076660156,1.0,0.0,12.250696182250977,0.1472322940826416
11.093161582946777,-0.22848516702651978,-0.894221842288971,-0.0029132545460015535,-0.011349736712872982,2.819432258605957,268.4466247558594,2.964254140853882,268.30999755859375,-0.27823418378829956,-0.8380517959594727,-0.05403709411621094,1.0,0.0,12.250696182250977,0.1448218822479248
11.09366226196289,-0.10597807168960571,-0.9144304990768433,-0.015803879126906395,-0.01879214122891426,2.911160469055176,236.4695281982422,3.0958621501922607,268.2029724121094,-0.1443585604429245,-0.8516700863838196,-0.03294658660888672,1.0,0.0,12.250696182250977,0.18470168113708496
11.094161987304688,0.0029171425849199295,-0.9211665391921997,-0.006135910749435425,-0.029955750331282616,3.029393196105957,236.4695281982422,-3.056067705154419,268.0834045410156,-0.03230714425444603,-0.8519154787063599,-0.034247636795043945,1.0,0.0,12.250696182250977,0.1977248191833496
11.094661712646484,0.11959019303321838,-0.9076944589614868,-0.01096989493817091,-0.02158304490149021,3.190159797668457,268.4466247558594,-2.9257917404174805,267.9253234863281,0.050431594252586365,-0.8386045694351196,-0.0667417049407959,1.0,0.0,12.250696182250977,0.16723394393920898
11.095162391662598,0.23626373708248138,-0.8874858021736145,-0.0029132545460015535,-0.00018612838175613433,3.3243837356567383,268.4466247558594,-2.7951536178588867,267.7854309082031,0.15683703124523163,-0.8504986763000488,-0.07516980171203613,1.0,0.0,12.250696182250977,0.16364812850952148
11.095661163330078,0.35099223256111145,-0.8437011241912842,-0.004524582531303167,-0.00855883490294218,3.4586915969848633,268.7153625488281,-2.663032054901123,267.71087646484375,0.25036466121673584,-0.8012369871139526,-0.08686232566833496,1.0,0.0,12.250696182250977,0.16146183013916016
11.096160888671875,0.4579427242279053,-0.7931800484657288,-0.001301926327869296,-0.01972244121134281,3.5930490493774414,268.7153625488281,-2.532421588897705,267.5744934082031,0.36414751410484314,-0.8159556984901428,-0.1006770133972168,1.0,0.0,12.250696182250977,0.15771484375
11.096660614013672,0.5629488825798035,-0.7325546741485596,0.021256666630506516,-0.010419436730444431,3.683892250061035,235.99703979492188,-2.4020943641662598,267.4291687011719,0.5014664530754089,-0.7483535408973694,-0.0602717399597168,1.0,0.0,12.250696182250977,0.19719886779785156
11.097161293029785,0.6387865543365479,-0.6618255376815796,0.00675471406430006,-0.005767932627350092,3.8018922805786133,235.99703979492188,-2.2714061737060547,267.3019104003906,0.5578124523162842,-0.6902557015419006,-0.10187172889709473,1.0,0.0,12.250696182250977,0.20988702774047852
11.097661018371582,0.7272632122039795,-0.5759397149085999,0.011588698253035545,-0.01972244121134281,3.949090003967285,257.96673583984375,-2.141206741333008,267.1569519042969,0.6943743824958801,-0.5995691418647766,-0.0530545711517334,1.0,0.0,12.250696182250977,0.19288873672485352
11.098160743713379,0.7817109227180481,-0.4816334843635559,0.0003094017447438091,-0.0020467296708375216,4.078072547912598,257.96673583984375,-2.0116708278656006,266.98675537109375,0.6824424862861633,-0.5576138496398926,-0.15588951110839844,1.0,0.0,12.250696182250977,0.19344186782836914
11.098661422729492,0.8410198092460632,-0.3789076805114746,0.0003094017447438091,-0.007628533523529768,4.203671455383301,255.4202117919922,-1.8836407661437988,266.7571716308594,0.7651298642158508,-0.450230211019516,-0.1306912899017334,1.0,0.0,12.250696182250977,0.19587326049804688
11.099161148071289,0.8808836340904236,-0.2761814296245575,0.011588698253035545,0.006325976923108101,4.3313798904418945,255.4202117919922,-1.7562240362167358,266.5065612792969,0.8365256786346436,-0.36594510078430176,-0.13872694969177246,1.0,0.0,12.250696182250977,0.19558143615722656
11.09965991973877,0.9013015627861023,-0.15998338162899017,0.035758618265390396,0.010977479629218578,4.475827217102051,268.7153625488281,-1.6287494897842407,266.26373291015625,0.8402959108352661,-0.2824859321117401,-0.17837834358215332,1.0,0.0,12.250696182250977,0.17860889434814453
11.100159645080566,0.9217190146446228,-0.03704889118671417,0.019645338878035545,0.014698682352900505,4.610184669494629,268.7153625488281,-1.50185227394104,266.0018310546875,0.8727064728736877,-0.12084577977657318,-0.11840391159057617,1.0,0.0,12.250696182250977,0.17114877700805664
11.10066032409668,0.9071347117424011,0.07578157633543015,0.019645338878035545,0.02586229331791401,4.730462074279785,257.7087707519531,-1.3756368160247803,265.7164306640625,0.8461716771125793,-0.09395502507686615,-0.21811652183532715,1.0,0.0,12.250696182250977,0.17708635330200195
11.101160049438477,0.8993569016456604,0.19703184068202972,0.037369947880506516,0.011907780542969704,4.859314918518066,257.7087707519531,-1.249140977859497,265.44927978515625,0.8744380474090576,0.07505032420158386,-0.1482093334197998,1.0,0.0,12.250696182250977,0.1747298240661621
11.101659774780273,0.8662992119789124,0.3081781268119812,0.021256666630506516,0.02679259143769741,4.988171577453613,257.7087707519531,-1.1234090328216553,265.1553039550781,0.8467203974723816,0.17265599966049194,-0.15854573249816895,1.0,0.0,12.250696182250977,0.17160463333129883
11.10215950012207,0.8167131543159485,0.41427233815193176,0.01320002693682909,0.0053956760093569756,5.1170244216918945,257.7087707519531,-0.9966552257537842,264.9104309082031,0.7997021079063416,0.25815486907958984,-0.1743476390838623,1.0,0.0,12.250696182250977,0.16950559616088867
11.102660179138184,0.7603207230567932,0.5186824202537537,0.026090651750564575,0.009116879664361477,5.218716621398926,236.4695281982422,-0.8700780868530273,264.6633605957031,0.7368334531784058,0.38647013902664185,-0.130018949508667,1.0,0.0,12.250696182250977,0.19439077377319336
11.10315990447998,0.694206178188324,0.5995162129402161,0.016422683373093605,0.04260770231485367,5.336949348449707,236.4695281982422,-0.7436132431030273,264.4167175292969,0.7114751935005188,0.48394230008125305,-0.1423630714416504,1.0,0.0,12.250696182250977,0.2026228904724121
11.103658676147461,0.6115623116493225,0.6820337772369385,0.011588698253035545,0.02307138778269291,5.482113838195801,257.7087707519531,-0.6164286136627197,264.2054748535156,0.6065272688865662,0.5209601521492004,-0.15733957290649414,1.0,0.0,12.250696182250977,0.18464326858520508
11.104159355163574,0.5172513723373413,0.7510793209075928,0.016422683373093605,0.03144409880042076,5.610970497131348,257.7087707519531,-0.49002933502197266,263.9657897949219,0.5203080773353577,0.6043114066123962,-0.13341546058654785,1.0,0.0,12.250696182250977,0.18218564987182617
11.104659080505371,0.419051855802536,0.8066520094871521,0.00675471406430006,0.035165298730134964,5.753556251525879,268.4466247558594,-0.36353564262390137,263.7351379394531,0.443859338760376,0.670779287815094,-0.13370656967163086,1.0,0.0,12.250696182250977,0.1660933494567871
11.105158805847168,0.31599006056785583,0.860541582107544,-0.006135910749435425,-0.013210337609052658,5.8877763748168945,268.4466247558594,-0.23654747009277344,263.5302429199219,0.3650236129760742,0.7742214798927307,-0.11669659614562988,1.0,0.0,12.250696182250977,0.15886163711547852
11.105658531188965,0.1954279989004135,0.8908540606498718,-0.0029132545460015535,0.037025902420282364,5.967354774475098,225.72088623046875,-0.1087334156036377,263.3642578125,0.2144773304462433,0.7910023927688599,-0.06857872009277344,1.0,0.0,12.250696182250977,0.20709753036499023
11.106159210205078,0.09236633032560349,0.9076944589614868,0.00836604181677103,0.02307138778269291,6.080214500427246,225.72088623046875,0.019007205963134766,263.19842529296875,0.15257182717323303,0.8271629810333252,-0.11418724060058594,1.0,0.0,12.250696182250977,0.22197818756103516
11.106658935546875,-0.028195880353450775,0.9177982807159424,0.018034011125564575,0.02493199147284031,6.266230583190918,282.8731689453125,0.14662766456604004,263.03125,-0.0043306779116392136,0.8773030042648315,-0.054274797439575195,1.0,0.0,12.250696182250977,0.16358232498168945
11.107158660888672,-0.1545921266078949,0.8975901007652283,0.0003094017447438091,0.02586228959262371,0.12448453903198242,282.8731689453125,0.2753329277038574,262.9131164550781,-0.1041107028722763,0.8202800154685974,-0.061740875244140625,1.0,0.0,12.250696182250977,0.150848388671875
11.107658386230469,-0.2673763930797577,0.8740136027336121,-0.028694504871964455,0.018419884145259857,0.20224523544311523,235.2104034423828,0.4034590721130371,262.77325439453125,-0.22017739713191986,0.8282883167266846,-0.05632305145263672,1.0,0.0,12.250696182250977,0.20121383666992188
11.108159065246582,-0.3723823130130768,0.8335967063903809,0.022867994382977486,0.037025898694992065,0.3200850486755371,235.2104034423828,0.5300235748291016,262.5709533691406,-0.29706820845603943,0.7731497883796692,-0.07601213455200195,1.0,0.0,12.250696182250977,0.20993852615356445
11.108657836914062,-0.47058233618736267,0.7847595810890198,-0.006135910749435425,0.014698682352900505,0.4799990653991699,268.4466247558594,0.6586744785308838,262.4599914550781,-0.4038328528404236,0.7833935618400574,-0.0956571102142334,1.0,0.0,12.250696182250977,0.17867541313171387
11.10915756225586,-0.5775326490402222,0.7140304446220398,0.030924635007977486,0.015628982335329056,0.6142210960388184,268.4466247558594,0.7861406803131104,262.3017883300781,-0.47256624698638916,0.6848985552787781,-0.0951685905456543,1.0,0.0,12.250696182250977,0.171919584274292
11.109658241271973,-0.6728159785270691,0.6365650296211243,0.021256666630506516,0.04353800415992737,0.6931777000427246,225.26991271972656,0.9148805141448975,262.2004699707031,-0.6337824463844299,0.5957985520362854,-0.011280536651611328,1.0,0.0,12.250696182250977,0.22170281410217285
11.11015796661377,-0.7437922358512878,0.5540470480918884,-0.004524582531303167,0.019350187852978706,0.8058104515075684,225.26991271972656,1.0441696643829346,262.1242370605469,-0.733944296836853,0.5102382302284241,0.0064983367919921875,1.0,0.0,12.250696182250977,0.2383592128753662
11.110657691955566,-0.806018054485321,0.4597412645816803,0.021256666630506516,0.015628984197974205,0.9602675437927246,257.96673583984375,1.172367811203003,262.0039367675781,-0.7769163846969604,0.42224860191345215,-0.012154102325439453,1.0,0.0,12.250696182250977,0.21210026741027832
11.11115837097168,-0.8594931960105896,0.3536472022533417,-0.001301926327869296,0.017489584162831306,1.0892481803894043,257.96673583984375,1.3010327816009521,261.90576171875,-0.8378507494926453,0.32389456033706665,-0.011899471282958984,1.0,0.0,12.250696182250977,0.21178460121154785
11.111658096313477,-0.8944952487945557,0.2458689659833908,-0.01096989493817091,0.015628984197974205,1.217902660369873,257.7087707519531,1.4278056621551514,261.72998046875,-0.8608037233352661,0.2769804894924164,-0.08144712448120117,1.0,0.0,12.250696182250977,0.20990300178527832
11.112157821655273,-0.9246358871459961,0.12630248069763184,0.021256666630506516,0.062144018709659576,1.346757411956787,257.7087707519531,1.554473638534546,261.5535888671875,-0.8893622159957886,0.16733400523662567,-0.08284854888916016,1.0,0.0,12.250696182250977,0.2077162265777588
11.112656593322754,-0.9178299307823181,0.01684044487774372,-0.031917158514261246,-0.005767931696027517,1.4894309043884277,268.7153625488281,1.6794235706329346,261.308349609375,-0.879108726978302,0.15353399515151978,-0.19527769088745117,1.0,0.0,12.250696182250977,0.18999266624450684
11.113157272338867,-0.9051902294158936,-0.10609446465969086,-0.020637864246964455,-0.012280037626624107,1.6237902641296387,268.7153625488281,1.8038275241851807,261.04571533203125,-0.8275969624519348,0.02878311090171337,-0.18157339096069336,1.0,0.0,12.250696182250977,0.180037260055542
11.113656997680664,-0.8925509452819824,-0.22229251265525818,-0.015803879126906395,-0.01879214122891426,1.7025408744812012,225.26991271972656,1.9279663562774658,260.7773742675781,-0.8315443396568298,-0.0929764062166214,-0.15959501266479492,1.0,0.0,12.250696182250977,0.22542548179626465
11.114156723022461,-0.8711605072021484,-0.3267023265361786,-0.017415206879377365,-0.047631461173295975,1.815173625946045,225.26991271972656,2.05214524269104,260.5167236328125,-0.852727472782135,-0.2758902907371521,-0.08197593688964844,1.0,0.0,12.250696182250977,0.23697161674499512
11.114657402038574,-0.8147684931755066,-0.42437615990638733,-0.033528488129377365,-0.014140638522803783,1.9696269035339355,257.96673583984375,2.1764657497406006,260.2672424316406,-0.786827802658081,-0.29557090997695923,-0.1602768898010254,1.0,0.0,12.250696182250977,0.20683884620666504
11.115157127380371,-0.7603209018707275,-0.5254186391830444,-0.01096989493817091,-0.00855883490294218,2.0986075401306152,257.96673583984375,2.2996742725372314,259.97613525390625,-0.7498562335968018,-0.42154353857040405,-0.1306619644165039,1.0,0.0,12.250696182250977,0.2010667324066162
11.115656852722168,-0.6767051219940186,-0.6096203923225403,-0.019026534631848335,-0.024373944848775864,2.2406630516052246,268.1784362792969,2.423253297805786,259.7065734863281,-0.6614910364151001,-0.4432814419269562,-0.17626476287841797,1.0,0.0,12.250696182250977,0.18259024620056152
11.116156578063965,-0.594061553478241,-0.6988739967346191,-0.028694504871964455,-0.03739815950393677,2.374751567840576,268.1784362792969,2.5474016666412354,259.4669494628906,-0.6054232716560364,-0.5809502005577087,-0.1259021759033203,1.0,0.0,12.250696182250977,0.17265009880065918
11.116656303405762,-0.49488916993141174,-0.7696037888526917,-0.007747238967567682,-0.03832845389842987,2.4955248832702637,257.96673583984375,2.6728689670562744,259.2877197265625,-0.49738913774490356,-0.6210856437683105,-0.120635986328125,1.0,0.0,12.250696182250977,0.17734408378601074
11.117156028747559,-0.38793882727622986,-0.830228865146637,-0.004524582531303167,-0.01972244307398796,2.624507427215576,257.96673583984375,2.7990400791168213,259.1419372558594,-0.3834361433982849,-0.6980314254760742,-0.07372093200683594,1.0,0.0,12.250696182250977,0.17453265190124512
11.117655754089355,-0.2868219316005707,-0.8773818016052246,-0.001301926327869296,-0.04204966127872467,2.7119593620300293,225.49517822265625,2.9253323078155518,259.0042724609375,-0.31742778420448303,-0.8110077977180481,-0.07080268859863281,1.0,0.0,12.250696182250977,0.21337294578552246
11.118156433105469,-0.17403791844844818,-0.900958240032196,-0.007747238967567682,-0.027164850383996964,2.8247084617614746,225.49517822265625,3.0507304668426514,258.83203125,-0.1798381805419922,-0.7580274939537048,-0.05606555938720703,1.0,0.0,12.250696182250977,0.22602200508117676
11.118656158447266,-0.06514246016740799,-0.9177982807159424,-0.022249191999435425,-0.029955750331282616,2.9927306175231934,268.7153625488281,-3.1054022312164307,258.732666015625,-0.11893723160028458,-0.8356937766075134,-0.09173417091369629,1.0,0.0,12.250696182250977,0.18505239486694336
11.119155883789062,0.05541986599564552,-0.9177982807159424,-0.01258122269064188,-0.03553755208849907,3.1270899772644043,268.7153625488281,-2.9781734943389893,258.6428527832031,0.006114910822361708,-0.8532206416130066,-0.07036423683166504,1.0,0.0,12.250696182250977,0.17792177200317383
11.11965560913086,0.1779264658689499,-0.900958240032196,0.021256666630506516,-0.029025450348854065,3.2473597526550293,257.7087707519531,-2.8510756492614746,258.5494079589844,0.13252878189086914,-0.8487870693206787,-0.049685001373291016,1.0,0.0,12.250696182250977,0.18475008010864258
11.120156288146973,0.29654452204704285,-0.8706453442573547,0.003532057860866189,-0.03553755581378937,3.3762125968933105,257.7087707519531,-2.7246861457824707,258.42840576171875,0.24562466144561768,-0.7915103435516357,-0.030019521713256836,1.0,0.0,12.250696182250977,0.18228673934936523
11.120655059814453,0.39960595965385437,-0.8335967063903809,0.0019207298755645752,-0.029025450348854065,3.4776453971862793,236.4695281982422,-2.597667694091797,258.3361511230469,0.33728739619255066,-0.8171992301940918,-0.06668639183044434,1.0,0.0,12.250696182250977,0.2078723907470703
11.12115478515625,0.5075290203094482,-0.7746555805206299,-0.023860519751906395,-0.049492064863443375,3.5958800315856934,236.4695281982422,-2.4709856510162354,258.23162841796875,0.44289976358413696,-0.7325497269630432,-0.040937185287475586,1.0,0.0,12.250696182250977,0.21631956100463867
11.121654510498047,0.5998952388763428,-0.7089784145355225,-0.007747238967567682,-0.03832845389842987,3.741300106048584,257.7087707519531,-2.343043565750122,258.1822204589844,0.5763636231422424,-0.6873595118522644,-0.014791250228881836,1.0,0.0,12.250696182250977,0.19884157180786133
11.12215518951416,0.6757329106330872,-0.6315128207206726,0.011588698253035545,-0.006698233541101217,3.870154857635498,257.7087707519531,-2.2161147594451904,258.09112548828125,0.6004498600959778,-0.6706699132919312,-0.1097264289855957,1.0,0.0,12.250696182250977,0.1969161033630371
11.122654914855957,0.7612934112548828,-0.530470609664917,0.0003094017447438091,-0.026234548538923264,4.012410640716553,268.1784362792969,-2.0897111892700195,257.9803771972656,0.7045596241950989,-0.5100603699684143,-0.021828889846801758,1.0,0.0,12.250696182250977,0.18106365203857422
11.123154640197754,0.8225467205047607,-0.43111279606819153,-0.0029132545460015535,-0.01693154126405716,4.146499156951904,268.1784362792969,-1.9637387990951538,257.8533935546875,0.7371837496757507,-0.4900224804878235,-0.1082460880279541,1.0,0.0,12.250696182250977,0.17294740676879883
11.123655319213867,0.8731051087379456,-0.3165983259677887,0.024479323998093605,-0.012280036695301533,4.267196178436279,257.7087707519531,-1.838866114616394,257.68292236328125,0.7864365577697754,-0.36986979842185974,-0.08604264259338379,1.0,0.0,12.250696182250977,0.1771230697631836
11.124155044555664,0.9139406681060791,-0.2054520696401596,0.034147292375564575,0.008186578750610352,4.396050930023193,257.7087707519531,-1.713889241218567,257.5203857421875,0.8555876016616821,-0.27363136410713196,-0.08097386360168457,1.0,0.0,12.250696182250977,0.17324542999267578
11.124653816223145,0.9304697513580322,-0.09598981589078903,0.030924635007977486,0.01376838143914938,4.483767986297607,225.72088623046875,-1.5910110473632812,257.2734680175781,0.8802158236503601,-0.1924654245376587,-0.1097867488861084,1.0,0.0,12.250696182250977,0.2084064483642578
11.125153541564941,0.9314417839050293,0.013472228311002254,0.024479323998093605,0.011907780542969704,4.596627712249756,225.72088623046875,-1.4663059711456299,257.1083068847656,0.860227644443512,-0.09074794501066208,-0.12444329261779785,1.0,0.0,12.250696182250977,0.22025156021118164
11.125654220581055,0.9314417839050293,0.12798649072647095,0.01320002693682909,0.016559284180402756,4.750401973724365,257.7087707519531,-1.3417716026306152,256.939453125,0.8907619714736938,0.07281941920518875,-0.062100887298583984,1.0,0.0,12.250696182250977,0.19101190567016602
11.126153945922852,0.9051900506019592,0.24081674218177795,0.037369947880506516,0.030513793230056763,4.879256725311279,257.7087707519531,-1.218991756439209,256.70025634765625,0.8848655223846436,0.1381695717573166,-0.11184000968933105,1.0,0.0,12.250696182250977,0.1849370002746582
11.126653671264648,0.8662993311882019,0.34859499335289,-0.00935856718569994,0.016559286043047905,5.02218770980835,268.7153625488281,-1.0958759784698486,256.4803771972656,0.8319317102432251,0.2313021421432495,-0.1187736988067627,1.0,0.0,12.250696182250977,0.16512155532836914
11.127154350280762,0.8099071979522705,0.4597412645816803,0.037369947880506516,0.037956200540065765,5.1565470695495605,268.7153625488281,-0.9730672836303711,256.2521667480469,0.7931180596351624,0.327755331993103,-0.12097311019897461,1.0,0.0,12.250696182250977,0.15357112884521484
11.127654075622559,0.741847574710846,0.5574153065681458,0.01481135468930006,0.002604773733764887,5.2768168449401855,257.7087707519531,-0.850841760635376,256.0041809082031,0.7436469793319702,0.37920263409614563,-0.16378116607666016,1.0,0.0,12.250696182250977,0.15552663803100586
11.128153800964355,0.6679544448852539,0.6517211198806763,0.024479323998093605,0.021210789680480957,5.4056715965271,257.7087707519531,-0.7279698848724365,255.7886962890625,0.6780999898910522,0.5170671343803406,-0.10657215118408203,1.0,0.0,12.250696182250977,0.14954423904418945
11.128652572631836,0.5775326490402222,0.7275028824806213,0.030924635007977486,0.02865319326519966,5.493062496185303,225.49517822265625,-0.6048648357391357,255.5873565673828,0.5660198926925659,0.5629402995109558,-0.09850811958312988,1.0,0.0,12.250696182250977,0.1852583885192871
11.129154205322266,0.4900279939174652,0.7914960384368896,0.027701979503035545,0.034234996885061264,5.60603666305542,225.49517822265625,-0.47971105575561523,255.4764862060547,0.49031147360801697,0.6694420576095581,-0.0675969123840332,1.0,0.0,12.250696182250977,0.19743776321411133
11.129652976989746,0.38404953479766846,0.8470689058303833,0.047037918120622635,0.05098040774464607,5.759761333465576,257.7087707519531,-0.3541724681854248,255.38417053222656,0.3935795724391937,0.7494512796401978,-0.044486284255981445,1.0,0.0,12.250696182250977,0.1692519187927246
11.130152702331543,0.27904361486434937,0.8874858021736145,0.01320002693682909,0.01469868328422308,5.88861608505249,257.7087707519531,-0.22805070877075195,255.31817626953125,0.2991030812263489,0.7924290299415588,-0.04799222946166992,1.0,0.0,12.250696182250977,0.1665186882019043
11.130653381347656,0.15264759957790375,0.9144304990768433,0.032535962760448456,0.020280487835407257,6.0315470695495605,268.7153625488281,-0.10260510444641113,255.2252960205078,0.13840073347091675,0.756783127784729,0.006796598434448242,1.0,0.0,12.250696182250977,0.1490330696105957
11.131153106689453,0.034029800444841385,0.931270956993103,0.027701979503035545,0.02307138964533806,6.165904521942139,268.7153625488281,0.023822784423828125,255.17550659179688,0.06078004464507103,0.8201627731323242,-0.01282048225402832,1.0,0.0,12.250696182250977,0.14110374450683594
11.13165283203125,-0.08069884777069092,0.9279027581214905,0.003532057860866189,0.040747106075286865,6.272429943084717,246.97091674804688,0.15025782585144043,255.1270294189453,-0.024224750697612762,0.8903501033782959,-0.03820443153381348,1.0,0.0,12.250696182250977,0.16101312637329102
11.132152557373047,-0.20126141607761383,0.9110622406005859,0.009977370500564575,0.04632890596985817,0.11273193359375,246.97091674804688,0.27701830863952637,255.09352111816406,-0.15697646141052246,0.8672953844070435,-0.013015270233154297,1.0,0.0,12.250696182250977,0.16428637504577637
11.13265323638916,-0.3159904181957245,0.8773818016052246,-0.0029132545460015535,0.033304695039987564,0.22247314453125,236.23304748535156,0.40415215492248535,255.076171875,-0.2787470817565918,0.8141319155693054,0.010763168334960938,1.0,0.0,12.250696182250977,0.18167901039123535
11.133152961730957,-0.41516244411468506,0.8335967063903809,-0.006135910749435425,0.02400168962776661,0.3405914306640625,236.23304748535156,0.5308253765106201,255.03982543945312,-0.35953575372695923,0.8328757286071777,-0.03848862648010254,1.0,0.0,12.250696182250977,0.19023394584655762
11.133651733398438,-0.522113025188446,0.7763395309448242,-0.01096989493817091,0.02121078595519066,0.4859352111816406,257.7087707519531,0.6560852527618408,254.94488525390625,-0.4645780324935913,0.7235823273658752,-0.0003674030303955078,1.0,0.0,12.250696182250977,0.1701500415802002
11.13415241241455,-0.6135072112083435,0.705610454082489,0.00836604181677103,0.037956200540065765,0.6147899627685547,257.7087707519531,0.7829155921936035,254.91781616210938,-0.541480302810669,0.7043995261192322,-0.04278278350830078,1.0,0.0,12.250696182250977,0.16812562942504883
11.134652137756348,-0.7019842267036438,0.6197242140769958,-0.006135910749435425,-0.005767932627350092,0.7573795318603516,268.4466247558594,0.9111373424530029,254.94940185546875,-0.6491953134536743,0.6137931942939758,-0.012816905975341797,1.0,0.0,12.250696182250977,0.15375781059265137
11.135151863098145,-0.7817111015319824,0.5153141617774963,-0.001301926327869296,0.036095596849918365,0.8916015625,268.4466247558594,1.0375702381134033,254.90579223632812,-0.7127478718757629,0.5205172896385193,-0.012660026550292969,1.0,0.0,12.250696182250977,0.14596867561340332
11.135651588439941,-0.8439367413520813,0.4210081398487091,-0.015803879126906395,0.010977479629218578,0.9711799621582031,225.72088623046875,1.1648800373077393,254.89979553222656,-0.8179630637168884,0.43258002400398254,0.004410266876220703,1.0,0.0,12.250696182250977,0.19370007514953613
11.136152267456055,-0.8915786147117615,0.31828251481056213,-0.014192551374435425,0.006325976923108101,1.0840396881103516,225.72088623046875,1.2908656597137451,254.8383026123047,-0.8576973676681519,0.3495302200317383,-0.022220134735107422,1.0,0.0,12.250696182250977,0.20682597160339355
11.136651992797852,-0.9226913452148438,0.2037682831287384,-0.006135910749435425,0.02400168962776661,1.237844467163086,257.7087707519531,1.4174740314483643,254.80413818359375,-0.8707091808319092,0.2513071894645691,-0.04294013977050781,1.0,0.0,12.250696182250977,0.17962956428527832
11.137151718139648,-0.9314417839050293,0.08756979554891586,0.00836604181677103,0.0007441720808856189,1.36669921875,257.7087707519531,1.5434520244598389,254.744140625,-0.8306757807731628,0.1755569875240326,-0.09645223617553711,1.0,0.0,12.250696182250977,0.17675280570983887
11.137651443481445,-0.9343586564064026,-0.021892661228775978,-0.01096989493817091,-0.025304246693849564,1.4952926635742188,257.7087707519531,1.6676709651947021,254.6116485595703,-0.8800451755523682,0.11772865802049637,-0.1456298828125,1.0,0.0,12.250696182250977,0.1723783016204834
11.138151168823242,-0.9314417839050293,-0.14819471538066864,-0.020637864246964455,-0.02158304490149021,1.6241474151611328,257.7087707519531,1.7912886142730713,254.45706176757812,-0.9071061015129089,-0.0705091655254364,-0.05837392807006836,1.0,0.0,12.250696182250977,0.16714119911193848
11.138650894165039,-0.8993566036224365,-0.2643931806087494,-0.041585128754377365,-0.011349736712872982,1.7530021667480469,257.7087707519531,1.915558099746704,254.33270263671875,-0.8582573533058167,-0.1250688135623932,-0.11579322814941406,1.0,0.0,12.250696182250977,0.16255593299865723
11.139150619506836,-0.8653267025947571,-0.38395968079566956,-0.022249191999435425,0.037025898694992065,1.881856918334961,257.7087707519531,2.039346933364868,254.19076538085938,-0.8280438184738159,-0.25389015674591064,-0.0866994857788086,1.0,0.0,12.250696182250977,0.15749001502990723
11.13965129852295,-0.8147684931755066,-0.48500189185142517,-0.054475754499435425,-0.011349737644195557,1.9835491180419922,236.4695281982422,2.164625406265259,254.11422729492188,-0.853050708770752,-0.3810987174510956,-0.08938217163085938,1.0,0.0,12.250696182250977,0.1810762882232666
11.140151023864746,-0.7505980134010315,-0.5826755166053772,-0.027083175256848335,-0.029025448486208916,2.1017818450927734,236.4695281982422,2.2889788150787354,254.0006103515625,-0.7592455744743347,-0.5078359842300415,-0.0442047119140625,1.0,0.0,12.250696182250977,0.18719696998596191
11.140650749206543,-0.6737882494926453,-0.6752975583076477,-0.035139817744493484,-0.02251334674656391,2.247203826904297,257.7087707519531,2.413520574569702,253.89743041992188,-0.686908483505249,-0.6108948588371277,-0.03135871887207031,1.0,0.0,12.250696182250977,0.16631674766540527
11.141151428222656,-0.5765604972839355,-0.7493951320648193,-0.028694504871964455,-0.03739815950393677,2.376058578491211,257.7087707519531,2.539329767227173,253.84967041015625,-0.5847548246383667,-0.6611519455909729,-0.037464141845703125,1.0,0.0,12.250696182250977,0.16327118873596191
11.141650199890137,-0.47641611099243164,-0.8150724768638611,-0.01258122269064188,-0.03553755208849907,2.5183887481689453,268.4466247558594,2.664827585220337,253.78956604003906,-0.5109870433807373,-0.6882855296134949,-0.07761573791503906,1.0,0.0,12.250696182250977,0.1464388370513916
11.142149925231934,-0.3568260669708252,-0.8773818016052246,-0.023860519751906395,-0.012280037626624107,2.6526126861572266,268.4466247558594,2.7910044193267822,253.75967407226562,-0.3585461974143982,-0.7678015828132629,-0.0017452239990234375,1.0,0.0,12.250696182250977,0.13839173316955566
11.14264965057373,-0.2362632304430008,-0.9211665391921997,0.00836604181677103,-0.0011164294555783272,2.7734317779541016,257.96673583984375,2.918280839920044,253.7765655517578,-0.21821068227291107,-0.8043011426925659,0.04312705993652344,1.0,0.0,12.250696182250977,0.14484906196594238
11.143150329589844,-0.1020890399813652,-0.9413747191429138,-0.048030439764261246,-0.05972537025809288,2.902414321899414,257.96673583984375,3.046290636062622,253.82386779785156,-0.10497362911701202,-0.806462824344635,0.05065345764160156,1.0,0.0,12.250696182250977,0.143876314163208
11.14365005493164,0.008750454522669315,-0.9514791369438171,-0.020637864246964455,-0.03832845389842987,3.0035762786865234,236.23304748535156,-3.1086373329162598,253.8802032470703,-0.043478090316057205,-0.8977652192115784,0.003263235092163086,1.0,0.0,12.250696182250977,0.17097187042236328
11.144149780273438,0.1273680180311203,-0.9481111764907837,-0.022249191999435425,-0.01693154126405716,3.121694564819336,236.23304748535156,-2.9807608127593994,253.9196319580078,0.10398736596107483,-0.8696631789207458,0.042964935302734375,1.0,0.0,12.250696182250977,0.18073034286499023
11.144649505615234,0.24793082475662231,-0.9211665391921997,-0.031917158514261246,-0.04111935570836067,3.2672996520996094,257.7087707519531,-2.851840019226074,254.0019989013672,0.1942327320575714,-0.8599692583084106,0.017088890075683594,1.0,0.0,12.250696182250977,0.1640458106994629
11.145150184631348,0.3684931695461273,-0.8807496428489685,-0.019026534631848335,-0.04111935943365097,3.3961544036865234,257.7087707519531,-2.7233047485351562,254.0664825439453,0.32658612728118896,-0.796202540397644,0.055855512619018555,1.0,0.0,12.250696182250977,0.1637263298034668
11.145648956298828,0.48516619205474854,-0.8268607258796692,-0.01258122269064188,-0.028095148503780365,3.538484573364258,268.4466247558594,-2.593885660171509,254.16677856445312,0.45812520384788513,-0.7326511740684509,0.09620094299316406,1.0,0.0,12.250696182250977,0.15081548690795898
11.146148681640625,0.5892000198364258,-0.7611835598945618,-0.01258122269064188,-0.024373946711421013,3.672708511352539,268.4466247558594,-2.4646337032318115,254.2579803466797,0.5531556010246277,-0.7439861297607422,0.04729127883911133,1.0,0.0,12.250696182250977,0.1458430290222168
11.146649360656738,0.6844835877418518,-0.6769817471504211,-0.015803879126906395,-0.03367695212364197,3.7657299041748047,236.23304748535156,-2.3354203701019287,254.3456268310547,0.6229288578033447,-0.6593128442764282,0.03575921058654785,1.0,0.0,12.250696182250977,0.18203496932983398
11.147149085998535,0.7612934112548828,-0.5910961627960205,-0.006135910749435425,-0.050422366708517075,3.883848190307617,236.23304748535156,-2.2065539360046387,254.41656494140625,0.6988599896430969,-0.6356335878372192,-0.017595529556274414,1.0,0.0,12.250696182250977,0.19278335571289062
11.147648811340332,0.8293525576591492,-0.48668593168258667,-0.007747238967567682,-0.01972244307398796,4.02943229675293,257.7087707519531,-2.0781261920928955,254.46754455566406,0.7180105447769165,-0.5038135647773743,-0.01981329917907715,1.0,0.0,12.250696182250977,0.1756272315979004
11.148148536682129,0.8915783762931824,-0.3789076805114746,-0.007747238967567682,-0.04204966127872467,4.158287048339844,257.7087707519531,-1.950182318687439,254.4973602294922,0.8249472975730896,-0.406524121761322,0.0063533782958984375,1.0,0.0,12.250696182250977,0.17471599578857422
11.148649215698242,0.9314417839050293,-0.26270920038223267,0.021256666630506516,-0.032746654003858566,4.301218032836914,268.7153625488281,-1.8221524953842163,254.53005981445312,0.8878293037414551,-0.3300302028656006,-0.01981186866760254,1.0,0.0,12.250696182250977,0.15981483459472656
11.149148941040039,0.9713055491447449,-0.1330386996269226,0.00836604181677103,-0.0011164294555783272,4.435573577880859,268.7153625488281,-1.693909764289856,254.5712127685547,0.963665246963501,-0.13648010790348053,0.06753230094909668,1.0,0.0,12.250696182250977,0.1537022590637207
11.14964771270752,0.9742220044136047,0.0,0.022867994382977486,-0.029955750331282616,4.5830535888671875,279.18450927734375,-1.5669188499450684,254.55908203125,0.9361159801483154,-0.06921841204166412,0.0071675777435302734,1.0,0.0,12.250696182250977,0.13321304321289062
11.15014934539795,0.9644995331764221,0.13135449588298798,0.034147292375564575,0.017489584162831306,4.722925186157227,279.18450927734375,-1.4395018815994263,254.5647430419922,0.9216776490211487,0.027934052050113678,-0.016239166259765625,1.0,0.0,12.250696182250977,0.1207585334777832
11.15064811706543,0.9508874416351318,0.2559731900691986,0.01481135468930006,0.013768382370471954,4.793569564819336,225.49517822265625,-1.3125027418136597,254.552978515625,0.9352806210517883,0.17219239473342896,0.008632183074951172,1.0,0.0,12.250696182250977,0.17711305618286133
11.151147842407227,0.9100518226623535,0.3671192228794098,0.037369947880506516,0.019350185990333557,4.906316757202148,225.49517822265625,-1.1845272779464722,254.58230590820312,0.8884731531143188,0.2735804617404938,-0.0027413368225097656,1.0,0.0,12.250696182250977,0.19234132766723633
11.151647567749023,0.8546319007873535,0.4765816926956177,0.01320002693682909,0.02400168962776661,5.087734222412109,279.18450927734375,-1.0582859516143799,254.5380859375,0.8180542588233948,0.3441074788570404,-0.029645681381225586,1.0,0.0,12.250696182250977,0.13716554641723633
11.152148246765137,0.7894894480705261,0.5894119143486023,0.022867994382977486,0.020280487835407257,5.227327346801758,279.18450927734375,-0.9320266246795654,254.49578857421875,0.8017985224723816,0.4967489540576935,0.0007007122039794922,1.0,0.0,12.250696182250977,0.12383127212524414
11.152647972106934,0.7029567360877991,0.6921380162239075,0.019645338878035545,0.016559284180402756,5.353183746337891,268.4466247558594,-0.8047471046447754,254.4971466064453,0.7019723653793335,0.5731402635574341,0.0034716129302978516,1.0,0.0,12.250696182250977,0.12525463104248047
11.15314769744873,0.59795081615448,0.7797077894210815,0.024479323998093605,0.030513795092701912,5.487407684326172,268.4466247558594,-0.6768453121185303,254.5246124267578,0.6089426279067993,0.6479614973068237,0.007322788238525391,1.0,0.0,12.250696182250977,0.11893224716186523
11.153648376464844,0.48322203755378723,0.8571732044219971,0.047037918120622635,0.034234996885061264,5.635721206665039,279.4639587402344,-0.5485994815826416,254.56613159179688,0.48027777671813965,0.7037336826324463,0.034705162048339844,1.0,0.0,12.250696182250977,0.09886503219604492
11.15414810180664,0.3587704598903656,0.9211665391921997,0.026090651750564575,0.03144409507513046,5.775455474853516,279.4639587402344,-0.41855478286743164,254.6822509765625,0.3708980977535248,0.8076289892196655,0.0732109546661377,1.0,0.0,12.250696182250977,0.08917522430419922
11.154646873474121,0.23237395286560059,0.9649515748023987,0.038981277495622635,0.03144409507513046,5.859918594360352,236.4695281982422,-0.2878153324127197,254.82516479492188,0.23298022150993347,0.8405627608299255,0.10277247428894043,1.0,0.0,12.250696182250977,0.1354517936706543
11.155146598815918,0.11764567345380783,0.9885280728340149,0.016422683373093605,-0.003907330799847841,5.978153228759766,236.4695281982422,-0.15586352348327637,255.01597595214844,0.13648132979869843,0.9074060916900635,0.0919337272644043,1.0,0.0,12.250696182250977,0.1491684913635254
11.155647277832031,-0.016528649255633354,0.9952642917633057,0.037369947880506516,0.037956200540065765,6.151060104370117,279.18450927734375,-0.02523493766784668,255.1470489501953,0.040773335844278336,0.9209668040275574,0.06628751754760742,1.0,0.0,12.250696182250977,0.10689020156860352
11.156147003173828,-0.16625948250293732,0.9784238338470459,0.029313307255506516,0.055631913244724274,0.007467746734619141,279.18450927734375,0.10670113563537598,255.3304443359375,-0.14459958672523499,0.8560097217559814,0.1463336944580078,1.0,0.0,12.250696182250977,0.09923338890075684
11.156646728515625,-0.28876644372940063,0.9481111764907837,0.01481135468930006,0.04167740046977997,0.1333165168762207,268.4466247558594,0.23849773406982422,255.5037841796875,-0.1897331178188324,0.8595379590988159,0.0641624927520752,1.0,0.0,12.250696182250977,0.10518121719360352
11.157147407531738,-0.4209962785243988,0.8975901007652283,0.00836604181677103,0.04911980405449867,0.26754045486450195,268.4466247558594,0.372086763381958,255.7490997314453,-0.3586094379425049,0.8023307919502258,0.13401532173156738,1.0,0.0,12.250696182250977,0.10454630851745605
11.157647132873535,-0.5483644008636475,0.8386487364768982,0.01481135468930006,0.037956200540065765,0.41550683975219727,279.18450927734375,0.5064318180084229,256.02099609375,-0.5073388814926147,0.7786386609077454,0.1570136547088623,1.0,0.0,12.250696182250977,0.09092497825622559
11.158146858215332,-0.6533703207969666,0.7578153610229492,-0.006135910749435425,0.04260770231485367,0.5550999641418457,279.18450927734375,0.6399223804473877,256.2510986328125,-0.5755677223205566,0.764738917350769,0.09102869033813477,1.0,0.0,12.250696182250977,0.08482241630554199
11.158645629882812,-0.7603210806846619,0.6601415276527405,-0.006135910749435425,0.012838081456720829,0.6394791603088379,236.23304748535156,0.7756054401397705,256.5685119628906,-0.7248759269714355,0.6193597316741943,0.1743483543395996,1.0,0.0,12.250696182250977,0.13612627983093262
11.159146308898926,-0.8235190510749817,0.5708873271942139,-0.006135910749435425,0.02772289328277111,0.7575955390930176,236.23304748535156,0.9079687595367432,256.7396545410156,-0.7303529381752014,0.6382260322570801,0.030319690704345703,1.0,0.0,12.250696182250977,0.15037322044372559
11.159646034240723,-0.8964397311210632,0.4580570161342621,-0.0029132545460015535,0.02772289142012596,0.9306454658508301,279.18450927734375,1.0403692722320557,256.9092102050781,-0.856336772441864,0.49647122621536255,0.09100770950317383,1.0,0.0,12.250696182250977,0.10972380638122559
11.16014575958252,-0.9576933979988098,0.33175498247146606,0.019645338878035545,0.010977480560541153,1.0702366828918457,279.18450927734375,1.1723191738128662,257.0561218261719,-0.9141197800636292,0.34959346055984497,0.11935567855834961,1.0,0.0,12.250696182250977,0.10208249092102051
11.160646438598633,-0.9888061881065369,0.19703227281570435,-0.007747238967567682,0.011907780542969704,1.2098298072814941,279.18450927734375,1.304396390914917,257.2052307128906,-0.9318565726280212,0.2565910816192627,0.08375835418701172,1.0,0.0,12.250696182250977,0.09456658363342285
11.16114616394043,-1.0053349733352661,0.0606253445148468,-0.019026534631848335,-0.01693154126405716,1.3494229316711426,279.18450927734375,1.435180425643921,257.2966003417969,-0.9240454435348511,0.1558237075805664,0.05451774597167969,1.0,0.0,12.250696182250977,0.08575749397277832
11.161645889282227,-0.9995011687278748,-0.07746537029743195,-0.020637864246964455,0.011907780542969704,1.4893708229064941,279.4639587402344,1.5661571025848389,257.3945617675781,-0.9335048198699951,0.0620214007794857,0.02416515350341797,1.0,0.0,12.250696182250977,0.07678627967834473
11.162145614624023,-0.978111207485199,-0.21555650234222412,-0.027083175256848335,-0.0029770303517580032,1.629103183746338,279.4639587402344,1.69730544090271,257.4974670410156,-0.9084051251411438,-0.06660705804824829,0.03262042999267578,1.0,0.0,12.250696182250977,0.06820225715637207
11.16264533996582,-0.9460258483886719,-0.3452270030975342,-0.023860519751906395,0.011907780542969704,1.7269978523254395,246.97091674804688,1.8280909061431885,257.5830078125,-0.909487247467041,-0.20186865329742432,0.0471501350402832,1.0,0.0,12.250696182250977,0.10109305381774902
11.163145065307617,-0.890606164932251,-0.46142545342445374,-0.031917158514261246,0.012838083319365978,1.8504834175109863,246.97091674804688,1.959399938583374,257.6886901855469,-0.8558435440063477,-0.3149627447128296,0.050103187561035156,1.0,0.0,12.250696182250977,0.1089165210723877
11.163644790649414,-0.8225467205047607,-0.5725715160369873,-0.035139817744493484,-0.015070940367877483,2.015169620513916,279.18450927734375,2.0907413959503174,257.7934265136719,-0.7958696484565735,-0.42700937390327454,0.05864429473876953,1.0,0.0,12.250696182250977,0.07557177543640137
11.164144515991211,-0.7340695261955261,-0.6786655187606812,-0.038362473249435425,-0.05972537398338318,2.1547627449035645,279.18450927734375,2.2222840785980225,257.9045104980469,-0.7323553562164307,-0.5534130930900574,0.08190631866455078,1.0,0.0,12.250696182250977,0.06752133369445801
11.164645195007324,-0.6368417143821716,-0.7662353515625,-0.023860519751906395,-0.01972244307398796,2.2809643745422363,268.7153625488281,2.354797601699829,258.0541687011719,-0.7043619751930237,-0.6238589286804199,0.026960372924804688,1.0,0.0,12.250696182250977,0.07383322715759277
11.165144920349121,-0.5269742012023926,-0.8487531542778015,-0.028694504871964455,-0.033676955848932266,2.4153218269348145,268.7153625488281,2.487218141555786,258.1968078613281,-0.555321216583252,-0.70555579662323,0.07391166687011719,1.0,0.0,12.250696182250977,0.07189631462097168
11.165644645690918,-0.4015505611896515,-0.9043260216712952,-0.01258122269064188,-0.04111935943365097,2.5352635383605957,257.4513244628906,2.621445417404175,258.412353515625,-0.4210870862007141,-0.7384011149406433,0.08835124969482422,1.0,0.0,12.250696182250977,0.0861818790435791
11.166145324707031,-0.28293266892433167,-0.9514791369438171,-0.049641769379377365,-0.051352668553590775,2.6639885902404785,257.4513244628906,2.755821466445923,258.62982177734375,-0.3151826858520508,-0.8417914509773254,0.1141657829284668,1.0,0.0,12.250696182250977,0.09183287620544434
11.166644096374512,-0.15070296823978424,-0.9784238338470459,-0.004524582531303167,-0.032746654003858566,2.820946216583252,279.7439880371094,2.891742467880249,258.90753173828125,-0.1779005080461502,-0.877974808216095,0.13677358627319336,1.0,0.0,12.250696182250977,0.07079625129699707
11.167143821716309,-0.010694972239434719,-0.9952642917633057,-0.035139817744493484,-0.03739815950393677,2.960817813873291,279.7439880371094,3.026475667953491,259.129638671875,-0.04346458613872528,-0.9310631155967712,0.15546321868896484,1.0,0.0,12.250696182250977,0.0656578540802002
11.167643547058105,0.135146826505661,-0.9750555753707886,-0.007747238967567682,-0.03832845389842987,3.099616527557373,278.90557861328125,-3.120539665222168,259.4071960449219,0.08174297213554382,-0.8446669578552246,0.16253876686096191,1.0,0.0,12.250696182250977,0.06302928924560547
11.168144226074219,0.2693207859992981,-0.9514791369438171,-0.022249191999435425,-0.03553755581378937,3.239070415496826,278.90557861328125,-2.983808994293213,259.70263671875,0.21663890779018402,-0.874946653842926,0.17219257354736328,1.0,0.0,12.250696182250977,0.06030607223510742
11.168643951416016,0.3937723934650421,-0.9110622406005859,0.005143385846167803,-0.04018905386328697,3.3792357444763184,279.4639587402344,-2.847236394882202,259.9849853515625,0.30625709891319275,-0.8992820382118225,0.1210172176361084,1.0,0.0,12.250696182250977,0.05671358108520508
11.169143676757812,0.5230854153633118,-0.8487531542778015,-0.004524582531303167,-0.027164846658706665,3.5189690589904785,279.4639587402344,-2.71065354347229,260.2621154785156,0.446646124124527,-0.8318588733673096,0.1491563320159912,1.0,0.0,12.250696182250977,0.05356264114379883
11.169644355773926,0.637813925743103,-0.7645513415336609,0.021256666630506516,-0.023443644866347313,3.6305251121520996,257.4513244628906,-2.5730152130126953,260.5777587890625,0.567426323890686,-0.7109803557395935,0.19263029098510742,1.0,0.0,12.250696182250977,0.07964515686035156
11.170144081115723,0.7272636890411377,-0.6837175488471985,-0.001301926327869296,-0.012280036695301533,3.759251117706299,257.4513244628906,-2.436250925064087,260.8497619628906,0.6446477770805359,-0.7359404563903809,0.10136795043945312,1.0,0.0,12.250696182250977,0.08768320083618164
11.170642852783203,0.8089349269866943,-0.5826755166053772,0.011588698253035545,-0.01600124128162861,3.902113437652588,268.7153625488281,-2.3002209663391113,261.0850524902344,0.702873945236206,-0.6612728238105774,0.0617671012878418,1.0,0.0,12.250696182250977,0.08085107803344727
11.171143531799316,0.8896340727806091,-0.46310946345329285,-0.0029132545460015535,-0.033676955848932266,4.036738872528076,268.7153625488281,-2.163630962371826,261.33935546875,0.8243685960769653,-0.5042195916175842,0.13152837753295898,1.0,0.0,12.250696182250977,0.08281564712524414
11.171643257141113,0.9460261464118958,-0.338490754365921,0.018034011125564575,-0.01972244307398796,4.184218883514404,279.18450927734375,-2.0280978679656982,261.54376220703125,0.8727970123291016,-0.38643980026245117,0.12816929817199707,1.0,0.0,12.250696182250977,0.07086896896362305
11.17214298248291,0.9849169254302979,-0.21050427854061127,0.009977370500564575,0.007256277371197939,4.323812007904053,279.18450927734375,-1.892612338066101,261.74188232421875,0.9342590570449829,-0.266723096370697,0.1314866542816162,1.0,0.0,12.250696182250977,0.06676101684570312
11.172642707824707,0.9995010495185852,-0.07746537029743195,-0.019026534631848335,-0.015070939436554909,4.463402271270752,279.18450927734375,-1.7588138580322266,261.86505126953125,0.9261776208877563,-0.19687150418758392,0.06610345840454102,1.0,0.0,12.250696182250977,0.06096935272216797
11.17314338684082,1.0043628215789795,0.062309134751558304,0.01320002693682909,0.010977480560541153,4.6029953956604,279.18450927734375,-1.6241484880447388,262.02191162109375,0.9556873440742493,-0.03949219733476639,0.0997772216796875,1.0,0.0,12.250696182250977,0.056041717529296875
11.173643112182617,0.9878341555595398,0.19871605932712555,0.043815258890390396,0.01376838143914938,4.715450763702393,257.96673583984375,-1.4904611110687256,262.1345520019531,0.956074059009552,0.08755967020988464,0.09875082969665527,1.0,0.0,12.250696182250977,0.07727384567260742
11.174142837524414,0.9489424824714661,0.31996655464172363,0.019645338878035545,0.02400168962776661,4.8444342613220215,257.96673583984375,-1.3561458587646484,262.2709655761719,0.922217607498169,0.18273653090000153,0.06864237785339355,1.0,0.0,12.250696182250977,0.08260536193847656
11.174642562866211,0.9013011455535889,0.4361647963523865,0.0003094017447438091,0.038886502385139465,4.986831188201904,268.4466247558594,-1.2223165035247803,262.38409423828125,0.8947317004203796,0.3097294569015503,0.0725107192993164,1.0,0.0,12.250696182250977,0.07403802871704102
11.175143241882324,0.8342139720916748,0.5523632764816284,0.019645338878035545,0.02958349511027336,5.121054172515869,268.4466247558594,-1.088747262954712,262.4841613769531,0.8269389867782593,0.4371855854988098,0.09212493896484375,1.0,0.0,12.250696182250977,0.07338380813598633
11.175642013549805,0.7525424957275391,0.6601415276527405,0.032535962760448456,0.007256277371197939,5.26874303817749,279.18450927734375,-0.954094409942627,262.6274108886719,0.7857268452644348,0.544853687286377,0.07744026184082031,1.0,0.0,12.250696182250977,0.0603480339050293
11.176141738891602,0.6504533886909485,0.756131112575531,0.011588698253035545,0.015628984197974205,5.408336162567139,279.18450927734375,-0.818535566329956,262.80572509765625,0.6562139987945557,0.6275257468223572,0.09877562522888184,1.0,0.0,12.250696182250977,0.05631399154663086
11.176642417907715,0.5328078866004944,0.8386489152908325,0.029313307255506516,0.02400168962776661,5.561662197113037,289.9223937988281,-0.6821997165679932,263.0132141113281,0.534156858921051,0.7067142724990845,0.12312960624694824,1.0,0.0,12.250696182250977,0.03932332992553711
11.177142143249512,0.40738412737846375,0.9076944589614868,0.024479323998093605,0.02679259143769741,5.706623554229736,289.9223937988281,-0.5453522205352783,263.2376708984375,0.4277830123901367,0.7871224880218506,0.13581132888793945,1.0,0.0,12.250696182250977,0.031209468841552734
11.177641868591309,0.2829325199127197,0.9548473954200745,0.021256666630506516,0.032374393194913864,5.7829155921936035,236.23304748535156,-0.40831971168518066,263.4651794433594,0.335847407579422,0.8835406303405762,0.13341808319091797,1.0,0.0,12.250696182250977,0.0919499397277832
11.178141593933105,0.16431471705436707,0.9851598739624023,0.021256666630506516,0.011907780542969704,5.901031970977783,236.23304748535156,-0.27002620697021484,263.7408752441406,0.2183312028646469,0.9349789619445801,0.1290421485900879,1.0,0.0,12.250696182250977,0.11212730407714844
11.178642272949219,0.030140765011310577,0.9952642917633057,0.01320002693682909,0.02586228959262371,6.088189601898193,290.21258544921875,-0.13211441040039062,263.994873046875,0.058982569724321365,0.9331979751586914,0.15761733055114746,1.0,0.0,12.250696182250977,0.0628814697265625
11.179141998291016,-0.11570090800523758,0.981791615486145,0.016422683373093605,0.038886502385139465,6.23329496383667,290.21258544921875,0.006029605865478516,264.2533874511719,-0.0562761127948761,0.8911634683609009,0.14569568634033203,1.0,0.0,12.250696182250977,0.05592012405395508
11.179640769958496,-0.24987535178661346,0.9649515748023987,0.003532057860866189,0.040747106075286865,0.0811767578125,279.4639587402344,0.14423179626464844,264.50872802734375,-0.20192734897136688,0.9405775666236877,0.15603113174438477,1.0,0.0,12.250696182250977,0.06305503845214844
11.180140495300293,-0.3898831307888031,0.9110622406005859,0.01481135468930006,0.037956200540065765,0.22091007232666016,279.4639587402344,0.2833874225616455,264.798828125,-0.3195498585700989,0.8315477967262268,0.17245054244995117,1.0,0.0,12.250696182250977,0.06247735023498535
11.180641174316406,-0.5094732642173767,0.8588571548461914,0.00675471406430006,0.010977480560541153,0.31905078887939453,246.97091674804688,0.4228813648223877,265.0970764160156,-0.4558965861797333,0.8194412589073181,0.17388319969177246,1.0,0.0,12.250696182250977,0.10383057594299316
11.181140899658203,-0.6115624308586121,0.783075749874115,0.009977370500564575,0.040747106075286865,0.4425373077392578,246.97091674804688,0.5617892742156982,265.36419677734375,-0.5210813283920288,0.7607670426368713,0.12771368026733398,1.0,0.0,12.250696182250977,0.11925196647644043
11.181640625,-0.7165685296058655,0.6887701749801636,0.024479323998093605,0.036095600575208664,0.6209993362426758,289.9223937988281,0.7024874687194824,265.70086669921875,-0.6574790477752686,0.6547371745109558,0.17426156997680664,1.0,0.0,12.250696182250977,0.08148813247680664
11.182141304016113,-0.8021290302276611,0.587727963924408,0.0019207298755645752,0.006325976923108101,0.765960693359375,289.9223937988281,0.8417472839355469,265.9700012207031,-0.7417317032814026,0.6116620302200317,0.12862300872802734,1.0,0.0,12.250696182250977,0.07578659057617188
11.18264102935791,-0.8711605072021484,0.47489750385284424,-0.001301926327869296,0.010047179646790028,0.8834333419799805,268.4466247558594,0.9801418781280518,266.1972961425781,-0.8090046048164368,0.5505120158195496,0.08219051361083984,1.0,0.0,12.250696182250977,0.09670853614807129
11.183140754699707,-0.9324139952659607,0.34859499335289,-0.028694504871964455,0.0035350730177015066,1.0176572799682617,268.4466247558594,1.118561029434204,266.4210205078125,-0.8936686515808105,0.4102614223957062,0.11109685897827148,1.0,0.0,12.250696182250977,0.10090374946594238
11.183639526367188,-0.9751942753791809,0.2138722985982895,-0.007747238967567682,-0.010419436730444431,1.1790781021118164,289.9223937988281,1.2558672428131104,266.59320068359375,-0.9078902006149292,0.27841705083847046,0.10664558410644531,1.0,0.0,12.250696182250977,0.07678914070129395
11.1841402053833,-0.9858894944190979,0.07409735769033432,-0.019026534631848335,-0.022513344883918762,1.3240394592285156,289.9223937988281,1.393200159072876,266.76300048828125,-0.9145137071609497,0.1671111136674881,0.0861043930053711,1.0,0.0,12.250696182250977,0.06916069984436035
11.184639930725098,-0.9878340363502502,-0.05725733935832977,-0.023860519751906395,-0.02158304490149021,1.414381980895996,247.21812438964844,1.5300934314727783,266.9105529785156,-0.9210073947906494,0.08445785939693451,0.03835248947143555,1.0,0.0,12.250696182250977,0.11571145057678223
11.185139656066895,-0.978111207485199,-0.18187561631202698,-0.019026534631848335,-0.011349735781550407,1.5379915237426758,247.21812438964844,1.6666004657745361,267.0389404296875,-0.9464178085327148,-0.042452260851860046,0.03815889358520508,1.0,0.0,12.250696182250977,0.12860894203186035
11.185640335083008,-0.9440813064575195,-0.30817851424217224,-0.031917158514261246,-0.005767931696027517,1.7021589279174805,278.90557861328125,1.8027856349945068,267.1510009765625,-0.9159208536148071,-0.19416823983192444,0.06620264053344727,1.0,0.0,12.250696182250977,0.10062670707702637
11.186140060424805,-0.8964399695396423,-0.4378490149974823,-0.01096989493817091,0.02679259143769741,1.8416128158569336,278.90557861328125,1.9398043155670166,267.29571533203125,-0.8800258040428162,-0.30956974625587463,0.05855417251586914,1.0,0.0,12.250696182250977,0.09819149971008301
11.186639785766602,-0.825463593006134,-0.5473112463951111,-0.004524582531303167,-0.03646785765886307,1.9817800521850586,279.4639587402344,2.075917959213257,267.3990478515625,-0.8577460050582886,-0.41830727458000183,0.037878990173339844,1.0,0.0,12.250696182250977,0.09413790702819824
11.187139511108398,-0.7369861602783203,-0.6601412892341614,-0.01258122269064188,-0.01879214122891426,2.1215124130249023,279.4639587402344,2.212486505508423,267.5197448730469,-0.7326914668083191,-0.5306374430656433,0.07456398010253906,1.0,0.0,12.250696182250977,0.09097409248352051
11.187639236450195,-0.6436476111412048,-0.7544471025466919,0.005143385846167803,-0.01600123941898346,2.2743396759033203,289.9223937988281,2.3493921756744385,267.6518859863281,-0.710533857345581,-0.6537085771560669,0.05458354949951172,1.0,0.0,12.250696182250977,0.07505249977111816
11.188138961791992,-0.5162794589996338,-0.8403328657150269,-0.028694504871964455,-0.033676955848932266,2.4193010330200195,289.9223937988281,2.487680673599243,267.83966064453125,-0.5183623433113098,-0.696635901927948,0.1038813591003418,1.0,0.0,12.250696182250977,0.06837964057922363
11.188638687133789,-0.39766165614128113,-0.900958240032196,-0.031917158514261246,-0.07088898122310638,2.5093278884887695,246.97091674804688,2.6263673305511475,268.03997802734375,-0.4357278048992157,-0.7729086875915527,0.09158086776733398,1.0,0.0,12.250696182250977,0.11703944206237793
11.189139366149902,-0.27904361486434937,-0.9514791369438171,-0.028694504871964455,-0.054143570363521576,2.632814407348633,246.97091674804688,2.7651727199554443,268.2413024902344,-0.3106090724468231,-0.8700540661811829,0.12341737747192383,1.0,0.0,12.250696182250977,0.13235831260681152
11.1896390914917,-0.15070296823978424,-0.9750555753707886,-0.019026534631848335,-0.06344657391309738,2.797858238220215,279.4639587402344,2.904538869857788,268.4617004394531,-0.21381336450576782,-0.918165385723114,0.09812355041503906,1.0,0.0,12.250696182250977,0.10668063163757324
11.190138816833496,-0.014584251679480076,-0.9918959140777588,-0.001301926327869296,-0.006698233541101217,2.9375905990600586,279.4639587402344,3.044013261795044,268.6823425292969,-0.04338521882891655,-0.9404630661010742,0.14159774780273438,1.0,0.0,12.250696182250977,0.10642266273498535
11.190638542175293,0.12153495103120804,-0.9784238338470459,-0.001301926327869296,-0.03460725396871567,3.076963424682617,279.18450927734375,-3.0994300842285156,268.9091796875,0.04862214997410774,-0.9412793517112732,0.09946370124816895,1.0,0.0,12.250696182250977,0.10679197311401367
11.191139221191406,0.2654317319393158,-0.9514791369438171,-0.014192551374435425,-0.049492064863443375,3.216555595397949,279.18450927734375,-2.9598984718322754,269.1227722167969,0.21324047446250916,-0.8850090503692627,0.14502453804016113,1.0,0.0,12.250696182250977,0.10673141479492188
11.191637992858887,0.38793858885765076,-0.9110622406005859,-0.01096989493817091,-0.01786184124648571,3.328402519226074,257.7087707519531,-2.820129156112671,269.3415222167969,0.31600821018218994,-0.8894447088241577,0.11011910438537598,1.0,0.0,12.250696182250977,0.13465356826782227
11.192138671875,0.5007233023643494,-0.8538051247596741,0.005143385846167803,-0.03832845389842987,3.457514762878418,257.7087707519531,-2.6807949542999268,269.53741455078125,0.42851167917251587,-0.8573316335678101,0.09290456771850586,1.0,0.0,12.250696182250977,0.14487600326538086
11.192638397216797,0.6096178293228149,-0.7729717493057251,0.021256666630506516,-0.02158304490149021,3.6135778427124023,279.18450927734375,-2.5408496856689453,269.7551574707031,0.5267569422721863,-0.7644926309585571,0.09285211563110352,1.0,0.0,12.250696182250977,0.12875795364379883
11.193138122558594,0.7097623348236084,-0.6870859861373901,-0.001301926327869296,-0.006698233541101217,3.7531700134277344,279.18450927734375,-2.4009902477264404,269.9647521972656,0.6492200493812561,-0.7184048295021057,0.08455705642700195,1.0,0.0,12.250696182250977,0.12902498245239258
11.19363784790039,0.803101122379303,-0.579307496547699,0.0019207298755645752,-0.02158304490149021,3.892763137817383,279.18450927734375,-2.2613041400909424,270.1627502441406,0.7344121336936951,-0.6028144359588623,0.09361433982849121,1.0,0.0,12.250696182250977,0.1291184425354004
11.194137573242188,0.8799111247062683,-0.4597412645816803,-0.0029132545460015535,-0.01693154126405716,4.032355308532715,279.18450927734375,-2.1224045753479004,270.32318115234375,0.8184958696365356,-0.49972015619277954,0.09394311904907227,1.0,0.0,12.250696182250977,0.12842559814453125
11.1946382522583,0.9343585968017578,-0.33175477385520935,0.026090651750564575,-0.015070940367877483,4.171948432922363,279.18450927734375,-1.9843711853027344,270.4438171386719,0.8639750480651855,-0.37349367141723633,0.0960533618927002,1.0,0.0,12.250696182250977,0.12686586380004883
11.195137977600098,0.9713053107261658,-0.20713606476783752,0.01320002693682909,0.009116879664361477,4.311540603637695,279.18450927734375,-1.8464287519454956,270.5580749511719,0.9238103628158569,-0.30061760544776917,0.051393985748291016,1.0,0.0,12.250696182250977,0.12521600723266602
11.195637702941895,0.991722822189331,-0.07072935998439789,0.01320002693682909,-0.026234548538923264,4.410247802734375,247.21812438964844,-1.7093783617019653,270.633056640625,0.9449270367622375,-0.12940098345279694,0.09304976463317871,1.0,0.0,12.250696182250977,0.1635594367980957
11.196138381958008,0.9888060688972473,0.048836905509233475,0.021256666630506516,0.02865319326519966,4.533855438232422,247.21812438964844,-1.57290518283844,270.68133544921875,0.939897358417511,-0.06548930704593658,0.022830486297607422,1.0,0.0,12.250696182250977,0.17642498016357422
11.196637153625488,0.9703328609466553,0.17513959109783173,0.027701979503035545,0.015628984197974205,4.698103427886963,279.18450927734375,-1.4372106790542603,270.6966857910156,0.9370929598808289,0.08861251920461655,0.05110478401184082,1.0,0.0,12.250696182250977,0.1478714942932129
11.197136878967285,0.9324139952659607,0.30144208669662476,0.009977370500564575,0.003535074647516012,4.837696075439453,279.18450927734375,-1.3010095357894897,270.73236083984375,0.8869083523750305,0.1354280561208725,-0.02817082405090332,1.0,0.0,12.250696182250977,0.14447975158691406
11.197636604309082,0.888661801815033,0.4311125874519348,0.01320002693682909,0.020280487835407257,4.991020679473877,289.9223937988281,-1.1655417680740356,270.73663330078125,0.8798772096633911,0.2980787754058838,0.011641740798950195,1.0,0.0,12.250696182250977,0.12662315368652344
11.198137283325195,0.8128237724304199,0.5557312965393066,0.027701979503035545,0.017489584162831306,5.135982513427734,289.9223937988281,-1.0290961265563965,270.7820739746094,0.7910129427909851,0.4431704580783844,0.059456586837768555,1.0,0.0,12.250696182250977,0.11810684204101562
11.198637008666992,0.7350420355796814,0.6567730903625488,0.037369947880506516,0.02307138964533806,5.267210006713867,279.18450927734375,-0.8923985958099365,270.83685302734375,0.7928156852722168,0.5178182721138,-0.009617090225219727,1.0,0.0,12.250696182250977,0.12357664108276367
11.199136734008789,0.6329525113105774,0.7594995498657227,0.018034011125564575,0.04167740046977997,5.406803131103516,279.18450927734375,-0.7559206485748291,270.88134765625,0.6605380773544312,0.6405361294746399,0.04559826850891113,1.0,0.0,12.250696182250977,0.12046194076538086
11.199637413024902,0.5221127867698669,0.8369649052619934,0.024479323998093605,0.037956200540065765,5.505510330200195,247.21812438964844,-0.6181173324584961,270.9807434082031,0.5317578315734863,0.7274052500724792,0.07748007774353027,1.0,0.0,12.250696182250977,0.15955781936645508
11.2001371383667,0.40738412737846375,0.8908540606498718,0.01320002693682909,0.02958349511027336,5.629117965698242,247.21812438964844,-0.4802114963531494,271.08233642578125,0.41705751419067383,0.7556982636451721,0.06652569770812988,1.0,0.0,12.250696182250977,0.17385625839233398
11.20063591003418,0.27709922194480896,0.9447429776191711,0.016422683373093605,0.02772289142012596,5.807098865509033,289.9223937988281,-0.3418114185333252,271.2027282714844,0.24065972864627838,0.8202246427536011,0.14739489555358887,1.0,0.0,12.250696182250977,0.13427495956420898
11.201135635375977,0.14875857532024384,0.9683194160461426,0.022867994382977486,0.020280487835407257,5.952060222625732,289.9223937988281,-0.20357871055603027,271.3132629394531,0.19870147109031677,0.8636306524276733,0.06812334060668945,1.0,0.0,12.250696182250977,0.1275467872619629
11.20163631439209,0.012639489956200123,0.981791615486145,0.030924635007977486,0.02121078595519066,6.083645343780518,279.4639587402344,-0.06461572647094727,271.4521789550781,0.07945960015058517,0.893741250038147,0.06666827201843262,1.0,0.0,12.250696182250977,0.13492441177368164
11.202136039733887,-0.1273682564496994,0.9750555753707886,0.016422683373093605,0.035165298730134964,6.223377227783203,279.4639587402344,0.07482171058654785,271.6080322265625,-0.051001593470573425,0.9027907252311707,0.07241368293762207,1.0,0.0,12.250696182250977,0.1346297264099121
11.202635765075684,-0.27126553654670715,0.9481111764907837,0.003532057860866189,0.04446830600500107,0.09331035614013672,289.9223937988281,0.21436476707458496,271.765380859375,-0.23638282716274261,0.8767842054367065,0.14011383056640625,1.0,0.0,12.250696182250977,0.12105441093444824
11.203136444091797,-0.40349510312080383,0.8975901007652283,0.0019207298755645752,0.04167740046977997,0.23827123641967773,289.9223937988281,0.3545083999633789,271.94427490234375,-0.3117477595806122,0.8575103282928467,0.08515357971191406,1.0,0.0,12.250696182250977,0.11623716354370117
11.203636169433594,-0.5230852961540222,0.8420169353485107,-0.004524582531303167,0.02679259143769741,0.3145103454589844,236.23304748535156,0.4949836730957031,272.1337890625,-0.4725944399833679,0.8203423023223877,0.11884403228759766,1.0,0.0,12.250696182250977,0.18047332763671875
11.20413589477539,-0.61836838722229,0.7712875604629517,0.0003094017447438091,0.02214108780026436,0.43262624740600586,236.23304748535156,0.6340353488922119,272.25909423828125,-0.5230521559715271,0.775047242641449,0.05054879188537598,1.0,0.0,12.250696182250977,0.20140910148620605
11.204634666442871,-0.7194854617118835,0.6837179660797119,0.011588698253035545,0.008186577819287777,0.6191754341125488,289.9223937988281,0.7736096382141113,272.4039611816406,-0.6660498976707458,0.6763793230056763,0.09525680541992188,1.0,0.0,12.250696182250977,0.1544342041015625
11.205135345458984,-0.797267496585846,0.5826755166053772,-0.006135910749435425,0.02772289328277111,0.764136791229248,289.9223937988281,0.9123556613922119,272.5105895996094,-0.7199370861053467,0.6812732219696045,-0.008607864379882812,1.0,0.0,12.250696182250977,0.14821887016296387
11.205635070800781,-0.8779667019844055,0.4563732445240021,0.005143385846167803,0.01376838143914938,0.8953638076782227,279.18450927734375,1.0517828464508057,272.64361572265625,-0.8008829355239868,0.5031645894050598,0.04912090301513672,1.0,0.0,12.250696182250977,0.156419038772583
11.206134796142578,-0.9275527596473694,0.3368067741394043,-0.028694504871964455,0.0035350730177015066,1.034956455230713,279.18450927734375,1.1905343532562256,272.74560546875,-0.8655861616134644,0.44739189743995667,-0.0059337615966796875,1.0,0.0,12.250696182250977,0.1555778980255127
11.206634521484375,-0.964499294757843,0.2054520696401596,-0.015803879126906395,0.010977479629218578,1.147411823272705,257.96673583984375,1.327254056930542,272.75994873046875,-0.8812088370323181,0.34297648072242737,-0.03690052032470703,1.0,0.0,12.250696182250977,0.17984223365783691
11.207135200500488,-0.97519451379776,0.07914958149194717,-0.028694504871964455,-0.03739815950393677,1.2763948440551758,257.96673583984375,1.4644978046417236,272.7961730957031,-0.8798524141311646,0.191964790225029,-0.01769256591796875,1.0,0.0,12.250696182250977,0.18810296058654785
11.207634925842285,-0.9868614077568054,-0.052205123007297516,-0.01258122269064188,0.001674473169259727,1.43253755569458,279.18450927734375,1.6005737781524658,272.7828063964844,-0.9394305348396301,0.058145131915807724,-0.0007052421569824219,1.0,0.0,12.250696182250977,0.16803622245788574
11.208134651184082,-0.9693605303764343,-0.19029583036899567,-0.025471847504377365,0.009116879664361477,1.572129249572754,279.18450927734375,1.737612009048462,272.80999755859375,-0.9308657050132751,-0.08746922016143799,0.017848968505859375,1.0,0.0,12.250696182250977,0.165482759475708
11.208634376525879,-0.9333865642547607,-0.3132303059101105,-0.031917158514261246,-0.02065274305641651,1.711442470550537,279.18450927734375,1.8746087551116943,272.8348693847656,-0.9347869157791138,-0.20140650868415833,-0.0006947517395019531,1.0,0.0,12.250696182250977,0.16316628456115723
11.209134101867676,-0.8731052875518799,-0.4378485679626465,-0.019026534631848335,-0.02065274305641651,1.8510351181030273,279.18450927734375,2.0097439289093018,272.7808532714844,-0.8386442065238953,-0.27544113993644714,-0.030849933624267578,1.0,0.0,12.250696182250977,0.15870881080627441
11.209633827209473,-0.8060179352760315,-0.5473112463951111,-0.015803879126906395,-0.007628533989191055,1.9906268119812012,279.18450927734375,2.1456034183502197,272.75836181640625,-0.8282997608184814,-0.34476161003112793,-0.08988380432128906,1.0,0.0,12.250696182250977,0.15497660636901855
11.21013355255127,-0.7165685296058655,-0.6618252992630005,-0.049641769379377365,-0.04204966127872467,2.1302194595336914,279.18450927734375,2.28088116645813,272.712158203125,-0.7151342630386353,-0.5055032968521118,-0.003916263580322266,1.0,0.0,12.250696182250977,0.15066170692443848
11.210634231567383,-0.6222575306892395,-0.7443429231643677,-0.020637864246964455,-0.027164850383996964,2.242673873901367,257.96673583984375,2.4173099994659424,272.7149658203125,-0.6526102423667908,-0.5576556921005249,-0.04874849319458008,1.0,0.0,12.250696182250977,0.1746361255645752
11.21113395690918,-0.5191963911056519,-0.8218086957931519,-0.028694504871964455,-0.031816352158784866,2.371656894683838,257.96673583984375,2.5538127422332764,272.7211608886719,-0.5670008063316345,-0.7053778767585754,0.0015869140625,1.0,0.0,12.250696182250977,0.18215584754943848
11.211633682250977,-0.3976615369319916,-0.8841180205345154,-0.028694504871964455,-0.01879214122891426,2.527442455291748,278.90557861328125,2.6917688846588135,272.78814697265625,-0.40739619731903076,-0.7426483035087585,0.03913307189941406,1.0,0.0,12.250696182250977,0.16432642936706543
11.21213436126709,-0.2770993411540985,-0.9245347380638123,-0.006135910749435425,-0.06530717760324478,2.6668949127197266,278.90557861328125,2.8295485973358154,272.8460693359375,-0.33176475763320923,-0.8090046048164368,0.013838768005371094,1.0,0.0,12.250696182250977,0.16265368461608887
11.21263313293457,-0.14292488992214203,-0.9649515748023987,-0.033528488129377365,-0.023443644866347313,2.807140827178955,279.7439880371094,2.967475175857544,272.90948486328125,-0.16366353631019592,-0.8778221607208252,0.08106327056884766,1.0,0.0,12.250696182250977,0.16033434867858887
11.213133811950684,-0.012639489956200123,-0.9750555753707886,-0.025471847504377365,-0.03739815950393677,2.9472925662994385,279.7439880371094,3.1060574054718018,272.9989318847656,-0.06721359491348267,-0.9402684569358826,0.055367469787597656,1.0,0.0,12.250696182250977,0.15876483917236328
11.213632583618164,0.1234789788722992,-0.9649515748023987,0.00675471406430006,-0.03739815950393677,3.0995423793792725,289.6327819824219,-3.038268566131592,273.0979919433594,0.043319862335920334,-0.9352248907089233,0.034101009368896484,1.0,0.0,12.250696182250977,0.14537477493286133
11.214133262634277,0.27126553654670715,-0.931270956993103,-0.0029132545460015535,-0.03925875574350357,3.244358777999878,289.6327819824219,-2.8999311923980713,273.17340087890625,0.19924433529376984,-0.8586916327476501,0.0776817798614502,1.0,0.0,12.250696182250977,0.13889551162719727
11.214632987976074,0.3859943151473999,-0.8874858021736145,0.005143385846167803,-0.030886052176356316,3.3349266052246094,247.21812438964844,-2.761373996734619,273.2560729980469,0.2547515332698822,-0.864971399307251,-0.0027604103088378906,1.0,0.0,12.250696182250977,0.18688488006591797
11.215132713317871,0.497806191444397,-0.8386489152908325,-0.001301926327869296,0.015628984197974205,3.4585351943969727,247.21812438964844,-2.624026298522949,273.28631591796875,0.393960177898407,-0.8199096918106079,0.021501541137695312,1.0,0.0,12.250696182250977,0.2006239891052246
11.215633392333984,0.6018394827842712,-0.7662353515625,0.00836604181677103,-0.004837631713598967,3.636806011199951,289.9223937988281,-2.485862970352173,273.3499450683594,0.4997664988040924,-0.8055341243743896,-0.009393453598022461,1.0,0.0,12.250696182250977,0.16051626205444336
11.216133117675781,0.704901397228241,-0.6752973794937134,0.005143385846167803,-0.004837631247937679,3.781766891479492,289.9223937988281,-2.3487548828125,273.3681640625,0.6088067889213562,-0.7308911085128784,-0.007261991500854492,1.0,0.0,12.250696182250977,0.1526637077331543
11.216632843017578,0.8040733337402344,-0.5574154853820801,0.0003094017447438091,-0.013210337609052658,3.9129838943481445,279.18450927734375,-2.2099547386169434,273.45751953125,0.734230101108551,-0.5187005400657654,0.11571216583251953,1.0,0.0,12.250696182250977,0.1602468490600586
11.217132568359375,0.8662990927696228,-0.4496372640132904,0.003532057860866189,-0.013210337609052658,4.052576065063477,279.18450927734375,-2.0724599361419678,273.48931884765625,0.7697926163673401,-0.5524534583091736,-0.029819488525390625,1.0,0.0,12.250696182250977,0.15814924240112305
11.217632293701172,0.9226911664009094,-0.3250185549259186,0.037369947880506516,-0.004837631247937679,4.191888809204102,279.18450927734375,-1.936345100402832,273.4627990722656,0.8332980871200562,-0.4010583162307739,0.00813150405883789,1.0,0.0,12.250696182250977,0.1549515724182129
11.218132019042969,0.9654718041419983,-0.19029583036899567,0.01320002693682909,0.010977480560541153,4.331481456756592,279.18450927734375,-1.7993282079696655,273.4749450683594,0.8875892758369446,-0.2237314134836197,0.07303547859191895,1.0,0.0,12.250696182250977,0.1523756980895996
11.218631744384766,0.9829723834991455,-0.07241357117891312,0.018034011125564575,0.002604774199426174,4.429872512817383,246.97091674804688,-1.6642320156097412,273.4061584472656,0.9373644590377808,-0.16036508977413177,0.01515650749206543,1.0,0.0,12.250696182250977,0.18908071517944336
11.219132423400879,0.9771385788917542,0.048836905509233475,0.019645338878035545,0.018419886007905006,4.553357124328613,246.97091674804688,-1.5289278030395508,273.3472595214844,0.9271883964538574,-0.06798847019672394,-0.02408766746520996,1.0,0.0,12.250696182250977,0.20090055465698242
11.219632148742676,0.9576932787895203,0.17008739709854126,0.00675471406430006,0.02772289328277111,4.71840238571167,279.4639587402344,-1.3939989805221558,273.2738037109375,0.8918797969818115,0.02098754234611988,-0.06247735023498535,1.0,0.0,12.250696182250977,0.17078399658203125
11.220131874084473,0.9236636757850647,0.2963898777961731,0.034147292375564575,0.032374393194913864,4.8581342697143555,279.4639587402344,-1.2602096796035767,273.1541748046875,0.9035100936889648,0.16109143197536469,-0.043312788009643555,1.0,0.0,12.250696182250977,0.1648416519165039
11.22063159942627,0.872133195400238,0.4193243682384491,0.009977370500564575,0.02214108780026436,5.0112528800964355,289.9223937988281,-1.1256992816925049,273.0674133300781,0.8571873903274536,0.28373536467552185,-0.03460097312927246,1.0,0.0,12.250696182250977,0.14623308181762695
11.221132278442383,0.8060182929039001,0.5338386297225952,0.01320002693682909,0.038886502385139465,5.156214237213135,289.9223937988281,-0.9908759593963623,272.99554443359375,0.8193566799163818,0.3973219096660614,-0.037606000900268555,1.0,0.0,12.250696182250977,0.13609552383422852
11.221631050109863,0.7243465781211853,0.6483532786369324,0.024479323998093605,0.037956200540065765,5.287151336669922,279.18450927734375,-0.8553478717803955,272.9549255371094,0.747186005115509,0.5257149934768677,-0.01141500473022461,1.0,0.0,12.250696182250977,0.1406865119934082
11.22213077545166,0.6203128695487976,0.7342386841773987,0.018034011125564575,0.04911981150507927,5.426743507385254,279.18450927734375,-0.7199180126190186,272.9106750488281,0.6618607640266418,0.5605916380882263,-0.05743980407714844,1.0,0.0,12.250696182250977,0.13652372360229492
11.222630500793457,0.521140992641449,0.8184404373168945,0.016422683373093605,0.055631913244724274,5.525135040283203,246.97091674804688,-0.5842812061309814,272.8764953613281,0.550046443939209,0.7248271107673645,0.02616095542907715,1.0,0.0,12.250696182250977,0.17376947402954102
11.22313117980957,0.40932902693748474,0.8706453442573547,-0.004524582531303167,0.015628982335329056,5.64862060546875,246.97091674804688,-0.44704508781433105,272.91015625,0.4275435209274292,0.7443644404411316,0.01668405532836914,1.0,0.0,12.250696182250977,0.18751955032348633
11.223630905151367,0.294600248336792,0.9177982807159424,0.00675471406430006,0.020280487835407257,5.827041149139404,289.9223937988281,-0.31077146530151367,272.9026184082031,0.36091750860214233,0.8271706104278564,-0.009765386581420898,1.0,0.0,12.250696182250977,0.14537286758422852
11.224130630493164,0.16625960171222687,0.9514791369438171,-0.01258122269064188,-0.003907330799847841,5.972002029418945,289.9223937988281,-0.17376470565795898,272.9259033203125,0.244284987449646,0.8999501466751099,-0.000354766845703125,1.0,0.0,12.250696182250977,0.1374187469482422
11.224631309509277,0.022362204268574715,0.9615834355354309,0.030924635007977486,0.02121078595519066,6.089839458465576,268.7153625488281,-0.036869049072265625,272.9441833496094,0.08885200321674347,0.8500069975852966,0.023759841918945312,1.0,0.0,12.250696182250977,0.1564769744873047
11.225131034851074,-0.10792259126901627,0.9514791369438171,0.009977370500564575,0.061213716864585876,6.2241973876953125,268.7153625488281,0.10141253471374512,273.0202331542969,-0.03336559236049652,0.8819223642349243,0.027486562728881836,1.0,0.0,12.250696182250977,0.1604008674621582
11.225629806518555,-0.23042981326580048,0.9380069375038147,-0.01258122269064188,0.020280487835407257,0.061023175716400146,257.7087707519531,0.23887276649475098,273.06011962890625,-0.17803961038589478,0.9116385579109192,0.04516768455505371,1.0,0.0,12.250696182250977,0.17784953117370605
11.226129531860352,-0.35099199414253235,0.894221842288971,-0.00935856718569994,0.02400168962776661,0.18987751007080078,257.7087707519531,0.3758864402770996,273.0804748535156,-0.26540324091911316,0.8461585640907288,0.019121170043945312,1.0,0.0,12.250696182250977,0.18600893020629883
11.226630210876465,-0.46572089195251465,0.8437011241912842,-0.01096989493817091,0.02307138778269291,0.3465566635131836,279.4639587402344,0.5117058753967285,273.0501708984375,-0.38010546565055847,0.8281830549240112,0.00959634780883789,1.0,0.0,12.250696182250977,0.16514921188354492
11.227129936218262,-0.5823943018913269,0.7729715704917908,0.00836604181677103,0.02865319326519966,0.4862886667251587,279.4639587402344,0.6489145755767822,273.0789794921875,-0.5248712301254272,0.7717552185058594,0.03948521614074707,1.0,0.0,12.250696182250977,0.16262602806091309
11.227629661560059,-0.6757329106330872,0.6854017972946167,0.0003094017447438091,0.0016744730528444052,0.6253059506416321,278.90557861328125,0.785693883895874,273.0887145996094,-0.5734184384346008,0.7152504324913025,-0.019002676010131836,1.0,0.0,12.250696182250977,0.16038799285888672
11.228130340576172,-0.7719882130622864,0.579307496547699,-0.044807784259319305,-0.015070939436554909,0.764758825302124,278.90557861328125,0.9220545291900635,273.08123779296875,-0.7148325443267822,0.5432546734809875,0.09025430679321289,1.0,0.0,12.250696182250977,0.15729570388793945
11.228630065917969,-0.8371308445930481,0.47321367263793945,-0.01096989493817091,0.006325975991785526,0.9186729788780212,290.21258544921875,1.0574781894683838,273.0341491699219,-0.7548539638519287,0.568446934223175,-0.04133462905883789,1.0,0.0,12.250696182250977,0.13880515098571777
11.229129791259766,-0.9061625599861145,0.3469107747077942,-0.007747238967567682,-0.012280037626624107,1.063779354095459,290.21258544921875,1.193910837173462,273.0307922363281,-0.8348472714424133,0.3891752064228058,0.03177785873413086,1.0,0.0,12.250696182250977,0.13013148307800293
11.229628562927246,-0.9431094527244568,0.22902850806713104,-0.015803879126906395,0.003535074181854725,1.1395559310913086,236.23304748535156,1.3292548656463623,272.9814453125,-0.8748360276222229,0.33518877625465393,-0.03353404998779297,1.0,0.0,12.250696182250977,0.1896989345550537
11.23012924194336,-0.9693605303764343,0.10946204513311386,0.016422683373093605,0.033304695039987564,1.2576723098754883,236.23304748535156,1.4649221897125244,272.9469299316406,-0.9118786454200745,0.1782500445842743,0.0037937164306640625,1.0,0.0,12.250696182250977,0.20724987983703613
11.230628967285156,-0.9674162268638611,-0.011788226664066315,-0.022249191999435425,-0.013210337609052658,1.4310812950134277,279.4639587402344,1.6002142429351807,272.8970031738281,-0.9214634299278259,0.0848507359623909,-0.030440807342529297,1.0,0.0,12.250696182250977,0.16913294792175293
11.231128692626953,-0.9479705691337585,-0.1330384910106659,-0.007747238967567682,-0.03832845389842987,1.5708131790161133,279.4639587402344,1.7344496250152588,272.8038330078125,-0.896032989025116,0.033938951790332794,-0.11107921600341797,1.0,0.0,12.250696182250977,0.1636364459991455
11.231629371643066,-0.9246358871459961,-0.2677612006664276,-0.023860519751906395,-0.04577086493372917,1.7235612869262695,289.6327819824219,1.867814302444458,272.6764831542969,-0.8901432752609253,-0.15091674029827118,-0.038378238677978516,1.0,0.0,12.250696182250977,0.14425301551818848
11.232129096984863,-0.8799111843109131,-0.3991159200668335,-0.017415206879377365,-0.02158304490149021,1.868377685546875,289.6327819824219,2.0025413036346436,272.6090393066406,-0.8807658553123474,-0.3008717894554138,-0.01178741455078125,1.0,0.0,12.250696182250977,0.13416361808776855
11.23262882232666,-0.8099071383476257,-0.5136301517486572,-0.027083175256848335,-0.027164846658706665,2.000188112258911,279.4639587402344,2.1363275051116943,272.503173828125,-0.7838764786720276,-0.35080811381340027,-0.05416250228881836,1.0,0.0,12.250696182250977,0.1361393928527832
11.233128547668457,-0.7389309406280518,-0.6230924725532532,0.011588698253035545,-0.012280036695301533,2.1399199962615967,279.4639587402344,2.2710468769073486,272.4389343261719,-0.7450541853904724,-0.504913866519928,-0.013939380645751953,1.0,0.0,12.250696182250977,0.13112688064575195
11.233628273010254,-0.6417030692100525,-0.7106622457504272,-0.00935856718569994,-0.011349736712872982,2.237813949584961,246.97091674804688,2.4058916568756104,272.3810729980469,-0.6653906106948853,-0.5481114983558655,-0.05551862716674805,1.0,0.0,12.250696182250977,0.16807770729064941
11.234128952026367,-0.5454477667808533,-0.7898120284080505,-0.015803879126906395,-0.015070940367877483,2.361546516418457,246.97091674804688,2.5413601398468018,272.3507080078125,-0.5755082964897156,-0.6569597721099854,-0.02854633331298828,1.0,0.0,12.250696182250977,0.17981362342834473
11.234627723693848,-0.4384971559047699,-0.8504371643066406,-0.001301926327869296,-0.04391026124358177,2.5259861946105957,279.18450927734375,2.6773312091827393,272.34210205078125,-0.4767143428325653,-0.7321999073028564,-0.022215843200683594,1.0,0.0,12.250696182250977,0.15134501457214355
11.235128402709961,-0.31599029898643494,-0.9043260216712952,-0.022249191999435425,-0.028095148503780365,2.6655783653259277,279.18450927734375,2.812171220779419,272.2863464355469,-0.364908903837204,-0.8172824382781982,0.0002155303955078125,1.0,0.0,12.250696182250977,0.1465928554534912
11.235628128051758,-0.19348309934139252,-0.9413747191429138,-0.007747238967567682,-0.030886052176356316,2.805527925491333,279.4639587402344,2.9488914012908936,272.3105163574219,-0.2530953288078308,-0.8785154819488525,0.002948284149169922,1.0,0.0,12.250696182250977,0.14336347579956055
11.236127853393555,-0.05541986599564552,-0.9548473954200745,-0.014192551374435425,-0.01972244121134281,2.9452600479125977,279.4639587402344,3.085231065750122,272.318359375,-0.13098448514938354,-0.8604468703269958,-0.0039882659912109375,1.0,0.0,12.250696182250977,0.13997101783752441
11.236627578735352,0.07680981606245041,-0.9548473954200745,0.021256666630506516,-0.029025450348854065,3.084634304046631,279.18450927734375,-3.0609424114227295,272.354248046875,0.013981906697154045,-0.9056488871574402,0.025641918182373047,1.0,0.0,12.250696182250977,0.13760900497436523
11.237128257751465,0.20515047013759613,-0.9346387386322021,-0.01096989493817091,-0.04391026124358177,3.224226713180542,279.18450927734375,-2.925122022628784,272.3392639160156,0.08892952650785446,-0.913765013217926,-0.028831958770751953,1.0,0.0,12.250696182250977,0.1338367462158203
11.237627983093262,0.34321391582489014,-0.894221842288971,0.01320002693682909,-0.028095148503780365,3.336329936981201,257.7087707519531,-2.7881593704223633,272.3727111816406,0.29689595103263855,-0.7970616817474365,0.09428143501281738,1.0,0.0,12.250696182250977,0.15869617462158203
11.238127708435059,0.45599842071533203,-0.8470689058303833,0.027701979503035545,-0.0011164294555783272,3.465184211730957,257.7087707519531,-2.651146650314331,272.4075622558594,0.411719411611557,-0.7913055419921875,0.0804142951965332,1.0,0.0,12.250696182250977,0.1668543815612793
11.238627433776855,0.5668374300003052,-0.7797077894210815,0.016422683373093605,-0.03553755581378937,3.6075148582458496,268.4466247558594,-2.514239549636841,272.43731689453125,0.5068494081497192,-0.7450559735298157,0.061048030853271484,1.0,0.0,12.250696182250977,0.16143083572387695
11.239127159118652,0.6523979306221008,-0.7056101560592651,0.011588698253035545,-0.006698233541101217,3.7417383193969727,268.4466247558594,-2.3783276081085205,272.4242248535156,0.5592389702796936,-0.761923611164093,-0.03948807716369629,1.0,0.0,12.250696182250977,0.16311979293823242
11.23962688446045,0.7408755421638489,-0.6129881739616394,0.00675471406430006,0.0016744730528444052,3.903428792953491,289.9223937988281,-2.2433295249938965,272.3732604980469,0.6381665468215942,-0.686551570892334,-0.05886578559875488,1.0,0.0,12.250696182250977,0.1364274024963379
11.240126609802246,0.824491560459137,-0.5018419027328491,0.024479323998093605,0.02493199147284031,4.048389911651611,289.9223937988281,-2.108452320098877,272.31829833984375,0.7484062314033508,-0.5543649792671204,-0.009186983108520508,1.0,0.0,12.250696182250977,0.1263432502746582
11.24062728881836,0.8789390921592712,-0.3873279094696045,0.026090651750564575,-0.013210336677730083,4.124682426452637,236.23304748535156,-1.9753530025482178,272.1894836425781,0.7640459537506104,-0.510708212852478,-0.09436488151550293,1.0,0.0,12.250696182250977,0.1831498146057129
11.241127014160156,0.9158856868743896,-0.2761816382408142,0.026090651750564575,0.02400168962776661,4.242798805236816,236.23304748535156,-1.8412771224975586,272.104736328125,0.7925876975059509,-0.34874728322029114,-0.05359482765197754,1.0,0.0,12.250696182250977,0.19910955429077148
11.241626739501953,0.9421370029449463,-0.17008739709854126,0.01320002693682909,0.016559284180402756,4.416207790374756,279.4639587402344,-1.7082360982894897,271.97808837890625,0.8808978796005249,-0.3255426287651062,-0.12645745277404785,1.0,0.0,12.250696182250977,0.15874147415161133
11.242127418518066,0.9576931595802307,-0.035364679992198944,0.021256666630506516,0.019350185990333557,4.5559401512146,279.4639587402344,-1.5754181146621704,271.8448181152344,0.9165436029434204,-0.15683408081531525,-0.0745851993560791,1.0,0.0,12.250696182250977,0.15182733535766602
11.242626190185547,0.9489430785179138,0.09093780815601349,0.018034011125564575,0.021210789680480957,4.695034980773926,279.18450927734375,-1.444764494895935,271.6236572265625,0.9039735198020935,-0.036387667059898376,-0.07607674598693848,1.0,0.0,12.250696182250977,0.1433858871459961
11.243125915527344,0.9246359467506409,0.2138722985982895,0.01320002693682909,0.02400168962776661,4.834627628326416,279.18450927734375,-1.312336802482605,271.4814147949219,0.900414764881134,0.053718481212854385,-0.10886883735656738,1.0,0.0,12.250696182250977,0.13622093200683594
11.24362564086914,0.8935229778289795,0.34185877442359924,0.030924635007977486,0.006325976923108101,4.97421932220459,279.18450927734375,-1.1795659065246582,271.3567810058594,0.8987255096435547,0.22491316497325897,-0.05582690238952637,1.0,0.0,12.250696182250977,0.12940025329589844
11.244126319885254,0.8342140316963196,0.46479347348213196,0.011588698253035545,0.02493199147284031,5.11381196975708,279.18450927734375,-1.0464997291564941,271.24700927734375,0.8168544173240662,0.3538680076599121,-0.025220632553100586,1.0,0.0,12.250696182250977,0.12287378311157227
11.24462604522705,0.755459725856781,0.5675193071365356,0.024479323998093605,0.017489584162831306,5.21251916885376,247.21812438964844,-0.9141683578491211,271.1085510253906,0.7085670232772827,0.37020087242126465,-0.08519434928894043,1.0,0.0,12.250696182250977,0.15649795532226562
11.245125770568848,0.6874002814292908,0.658457338809967,0.018034011125564575,0.04539860785007477,5.336128234863281,247.21812438964844,-0.781071662902832,271.00506591796875,0.7036596536636353,0.5453203916549683,-0.0402987003326416,1.0,0.0,12.250696182250977,0.1659855842590332
11.245625495910645,0.5921167731285095,0.7359228730201721,0.009977370500564575,0.02586228959262371,5.500654697418213,279.18450927734375,-0.6474344730377197,270.92669677734375,0.613038957118988,0.601331889629364,-0.057572126388549805,1.0,0.0,12.250696182250977,0.13509607315063477
11.246126174926758,0.4841940701007843,0.8083362579345703,0.011588698253035545,0.017489584162831306,5.640249729156494,279.18450927734375,-0.5140030384063721,270.8414611816406,0.5185219645500183,0.6837140321731567,-0.04478955268859863,1.0,0.0,12.250696182250977,0.12893247604370117
11.246624946594238,0.36265960335731506,0.8639093637466431,0.005143385846167803,0.02679259143769741,5.793295383453369,289.9223937988281,-0.3796372413635254,270.7972717285156,0.3830725848674774,0.696736752986908,-0.03296852111816406,1.0,0.0,12.250696182250977,0.11025285720825195
11.247124671936035,0.2382078766822815,0.9144304990768433,0.009977370500564575,0.016559284180402756,5.938257694244385,289.9223937988281,-0.2452397346496582,270.7554016113281,0.2829331159591675,0.8164510726928711,0.0018734931945800781,1.0,0.0,12.250696182250977,0.09968805313110352
11.247625350952148,0.1001443937420845,0.9380069375038147,-0.0029132545460015535,0.037025902420282364,6.056089878082275,268.7153625488281,-0.10952329635620117,270.7697448730469,0.13419762253761292,0.8135605454444885,0.03641676902770996,1.0,0.0,12.250696182250977,0.11757230758666992
11.248125076293945,-0.016528770327568054,0.9481111764907837,-0.01096989493817091,-0.0029770303517580032,6.1904473304748535,268.7153625488281,0.02636861801147461,270.7909851074219,0.08129622787237167,0.9033221006393433,-0.026005268096923828,1.0,0.0,12.250696182250977,0.11910676956176758
11.248624801635742,-0.14875845611095428,0.9346387386322021,-0.0029132545460015535,0.04818950966000557,0.02753162384033203,257.7087707519531,0.16176939010620117,270.7912902832031,-0.059227555990219116,0.8880320191383362,-0.004966020584106445,1.0,0.0,12.250696182250977,0.13423776626586914
11.249124526977539,-0.27126529812812805,0.9110622406005859,-0.00935856718569994,0.001674473169259727,0.1563882827758789,257.7087707519531,0.29757046699523926,270.8084411621094,-0.18976464867591858,0.8678655624389648,0.007964611053466797,1.0,0.0,12.250696182250977,0.14118218421936035
11.249625205993652,-0.38793858885765076,0.8639093637466431,-0.007747238967567682,0.034234996885061264,0.29898929595947266,268.4466247558594,0.4324619770050049,270.7869567871094,-0.27711179852485657,0.8254721164703369,-0.018433332443237305,1.0,0.0,12.250696182250977,0.13347268104553223
11.25012493133545,-0.4987783133983612,0.8167564868927002,-0.00935856718569994,0.02586229331791401,0.4332094192504883,268.4466247558594,0.5676162242889404,270.7768249511719,-0.4176260232925415,0.8667443990707397,-0.028504133224487305,1.0,0.0,12.250696182250977,0.13440680503845215
11.25062370300293,-0.6057289242744446,0.7325549125671387,-0.027083175256848335,0.02493199147284031,0.5808992385864258,279.18450927734375,0.7032277584075928,270.786376953125,-0.5268879532814026,0.7304925322532654,0.011911869049072266,1.0,0.0,12.250696182250977,0.12232851982116699
11.25112533569336,-0.6971229910850525,0.6483530402183533,-0.014192551374435425,-0.001116428873501718,0.7207727432250977,279.18450927734375,0.837357759475708,270.73333740234375,-0.6088401079177856,0.694624662399292,-0.02758479118347168,1.0,0.0,12.250696182250977,0.11658501625061035
11.25162410736084,-0.7787942290306091,0.5473112463951111,-0.017415206879377365,-0.004837631247937679,0.8600854873657227,279.18450927734375,0.9718315601348877,270.69598388671875,-0.66905677318573,0.5943992137908936,-0.037372589111328125,1.0,0.0,12.250696182250977,0.11174607276916504
11.252123832702637,-0.841992199420929,0.4378490149974823,-0.025471847504377365,-0.002046729903668165,0.9996767044067383,279.18450927734375,1.1048834323883057,270.5994567871094,-0.7296868562698364,0.5511967539787292,-0.09124565124511719,1.0,0.0,12.250696182250977,0.10520672798156738
11.252623558044434,-0.8964397311210632,0.3233347535133362,-0.023860519751906395,-0.00855883490294218,1.0843324661254883,236.23304748535156,1.238297700881958,270.52044677734375,-0.8185903429985046,0.40428900718688965,-0.03625917434692383,1.0,0.0,12.250696182250977,0.15396523475646973
11.253124237060547,-0.9226915836334229,0.21724028885364532,-0.025471847504377365,0.005395675078034401,1.2024507522583008,236.23304748535156,1.3701798915863037,270.3781433105469,-0.8232654929161072,0.3688543140888214,-0.13106298446655273,1.0,0.0,12.250696182250977,0.16772913932800293
11.253623962402344,-0.9353311061859131,0.101042240858078,-0.020637864246964455,-0.01600124128162861,1.3621110916137695,268.7153625488281,1.5014731884002686,270.21441650390625,-0.839099109172821,0.2546437680721283,-0.1358499526977539,1.0,0.0,12.250696182250977,0.13936209678649902
11.25412368774414,-0.9392198920249939,-0.0202084481716156,-0.004524582531303167,-0.023443644866347313,1.4964685440063477,268.7153625488281,1.6323120594024658,270.0349426269531,-0.8555518388748169,0.12007030099630356,-0.11143875122070312,1.0,0.0,12.250696182250977,0.13584351539611816
11.254623413085938,-0.9275527596473694,-0.14145871996879578,-0.022249191999435425,-0.02251334674656391,1.6576852798461914,289.9223937988281,1.7629120349884033,269.849365234375,-0.8957159519195557,0.007647948805242777,-0.1112051010131836,1.0,0.0,12.250696182250977,0.10522675514221191
11.25512409210205,-0.8915786147117615,-0.27112963795661926,-0.025471847504377365,-0.031816352158784866,1.802933692932129,289.9223937988281,1.8937065601348877,269.67584228515625,-0.839552104473114,-0.1075667291879654,-0.10606861114501953,1.0,0.0,12.250696182250977,0.09077286720275879
11.255622863769531,-0.8497705459594727,-0.38395968079566956,-0.030305832624435425,-0.023443644866347313,1.8652009963989258,225.49517822265625,2.0249264240264893,269.52398681640625,-0.8196096420288086,-0.22882574796676636,-0.09245491027832031,1.0,0.0,12.250696182250977,0.15972542762756348
11.256122589111328,-0.7972676157951355,-0.4816339313983917,-0.031917158514261246,-0.024373944848775864,1.977952003479004,225.49517822265625,2.1549904346466064,269.3265686035156,-0.7675331830978394,-0.3335147202014923,-0.08489656448364258,1.0,0.0,12.250696182250977,0.17703843116760254
11.256623268127441,-0.7311525344848633,-0.56920325756073,-0.025471847504377365,-0.03739815950393677,2.1593637466430664,279.18450927734375,2.2869417667388916,269.21258544921875,-0.7327699065208435,-0.450988233089447,-0.07505035400390625,1.0,0.0,12.250696182250977,0.1275780200958252
11.257122993469238,-0.6504535675048828,-0.6618251204490662,-0.0029132545460015535,-0.02251334674656391,2.2989587783813477,279.18450927734375,2.41731333732605,269.0346374511719,-0.6527698040008545,-0.5437506437301636,-0.06260108947753906,1.0,0.0,12.250696182250977,0.11835455894470215
11.257622718811035,-0.5561426877975464,-0.7376068830490112,-0.031917158514261246,-0.029955750331282616,2.4248170852661133,268.4466247558594,2.5484983921051025,268.89453125,-0.6334854960441589,-0.648906946182251,-0.0910639762878418,1.0,0.0,12.250696182250977,0.12368130683898926
11.258123397827148,-0.44821998476982117,-0.803284227848053,-0.004524582531303167,-0.01786184124648571,2.5590410232543945,268.4466247558594,2.6805179119110107,268.79241943359375,-0.4853990375995636,-0.6881181597709656,-0.06397247314453125,1.0,0.0,12.250696182250977,0.12147688865661621
11.258623123168945,-0.3296021819114685,-0.8571732044219971,-0.022249191999435425,-0.007628533989191055,2.707352638244629,279.4639587402344,2.813401937484741,268.7288513183594,-0.3608502149581909,-0.7386310696601868,-0.036859989166259766,1.0,0.0,12.250696182250977,0.1060492992401123
11.259122848510742,-0.20515047013759613,-0.8874858021736145,-0.001301926327869296,-0.04204966127872467,2.8470849990844727,279.4639587402344,2.946911573410034,268.6928405761719,-0.2753954529762268,-0.7435784339904785,-0.07078742980957031,1.0,0.0,12.250696182250977,0.09982657432556152
11.259621620178223,-0.09431096911430359,-0.9144304990768433,-0.028694504871964455,0.0035350730177015066,2.917801856994629,225.72088623046875,3.079530954360962,268.62030029296875,-0.18217307329177856,-0.8478940725326538,-0.06032228469848633,1.0,0.0,12.250696182250977,0.161729097366333
11.260122299194336,0.02041804976761341,-0.9177982807159424,-0.019026534631848335,-0.029955750331282616,3.03066349029541,225.72088623046875,-3.0707051753997803,268.5632019042969,-0.03602456673979759,-0.852150559425354,-0.023751497268676758,1.0,0.0,12.250696182250977,0.18181657791137695
11.260622024536133,0.12931302189826965,-0.9110622406005859,-0.015803879126906395,-0.01879214122891426,3.211602210998535,278.90557861328125,-2.9377121925354004,268.5090637207031,0.06654941290616989,-0.8993822932243347,-0.040723323822021484,1.0,0.0,12.250696182250977,0.13387107849121094
11.26112174987793,0.2595981955528259,-0.8807496428489685,-0.025471847504377365,-0.052282966673374176,3.3510522842407227,278.90557861328125,-2.805370807647705,268.4286804199219,0.19057247042655945,-0.8191251754760742,-0.018270254135131836,1.0,0.0,12.250696182250977,0.12676239013671875
11.261622428894043,0.35877057909965515,-0.8403328657150269,-0.001301926327869296,-0.027164846658706665,3.4774675369262695,268.7153625488281,-2.6739933490753174,268.30889892578125,0.21423619985580444,-0.8519224524497986,-0.1323869228363037,1.0,0.0,12.250696182250977,0.13172483444213867
11.26212215423584,0.47933265566825867,-0.7898117899894714,-0.01096989493817091,-0.0029770303517580032,3.6118288040161133,268.7153625488281,-2.5414044857025146,268.2432861328125,0.41983750462532043,-0.7897220849990845,-0.022274494171142578,1.0,0.0,12.250696182250977,0.12995195388793945
11.262621879577637,0.5814219117164612,-0.727502703666687,-0.015803879126906395,-0.007628533989191055,3.745842933654785,268.4466247558594,-2.409252882003784,268.1602478027344,0.5248987674713135,-0.7967463731765747,-0.06070375442504883,1.0,0.0,12.250696182250977,0.12808942794799805
11.263121604919434,0.6630929112434387,-0.6399331092834473,0.005143385846167803,0.008186577819287777,3.880063056945801,268.4466247558594,-2.2779276371002197,268.04412841796875,0.541801393032074,-0.7289864420890808,-0.13576889038085938,1.0,0.0,12.250696182250977,0.12519502639770508
11.26362133026123,0.7535150647163391,-0.5439430475234985,0.011588698253035545,0.0007441720808856189,3.9590845108032227,225.49517822265625,-2.1459715366363525,267.9577331542969,0.6873697638511658,-0.524997889995575,0.012249469757080078,1.0,0.0,12.250696182250977,0.1781296730041504
11.264121055603027,0.8060179352760315,-0.459741473197937,-0.0029132545460015535,-0.007628533989191055,4.071835517883301,225.49517822265625,-2.0154855251312256,267.8107604980469,0.7168542146682739,-0.5316364765167236,-0.10463261604309082,1.0,0.0,12.250696182250977,0.19586420059204102
11.264620780944824,0.861437976360321,-0.3570152223110199,0.011588698253035545,-0.027164850383996964,4.2398576736450195,268.7153625488281,-1.8849512338638306,267.6690673828125,0.8182961344718933,-0.42989295721054077,-0.08071732521057129,1.0,0.0,12.250696182250977,0.15837669372558594
11.265120506286621,0.891578197479248,-0.2441849559545517,0.01320002693682909,0.001674473169259727,4.374218940734863,268.7153625488281,-1.754883050918579,267.5105895996094,0.8094443082809448,-0.34749165177345276,-0.13283801078796387,1.0,0.0,12.250696182250977,0.1540837287902832
11.265621185302734,0.9188019633293152,-0.1229344829916954,0.00836604181677103,-0.032746654003858566,4.5082292556762695,268.4466247558594,-1.6257230043411255,267.3175048828125,0.8443424701690674,-0.23584678769111633,-0.12892508506774902,1.0,0.0,12.250696182250977,0.14923334121704102
11.266120910644531,0.9314415454864502,0.0,0.021256666630506516,0.015628984197974205,4.642453193664551,268.4466247558594,-1.4966344833374023,267.12542724609375,0.8880211710929871,-0.05605115741491318,-0.04839301109313965,1.0,0.0,12.250696182250977,0.14409780502319336
11.266620635986328,0.9149129986763,0.10946225374937057,0.009977370500564575,0.02586228959262371,4.762932777404785,257.7087707519531,-1.368971586227417,266.8776550292969,0.8723340630531311,-0.013437731191515923,-0.12884235382080078,1.0,0.0,12.250696182250977,0.15128087997436523
11.267121315002441,0.8925507068634033,0.22902873158454895,0.035758618265390396,0.033304695039987564,4.891785621643066,257.7087707519531,-1.240163803100586,266.6829833984375,0.8576435446739197,0.10206343233585358,-0.12384366989135742,1.0,0.0,12.250696182250977,0.15123605728149414
11.267620086669922,0.853659451007843,0.3300705552101135,0.026090651750564575,0.03144409507513046,4.992917060852051,236.23304748535156,-1.1135666370391846,266.39935302734375,0.8360732197761536,0.16218015551567078,-0.17760825157165527,1.0,0.0,12.250696182250977,0.17670202255249023
11.268119812011719,0.8099068999290466,0.43279677629470825,0.034147292375564575,0.04353800415992737,5.111035346984863,236.23304748535156,-0.9865787029266357,266.13836669921875,0.7919626832008362,0.31580767035484314,-0.11658501625061035,1.0,0.0,12.250696182250977,0.18557119369506836
11.268619537353516,0.7554593682289124,0.5271025896072388,0.019645338878035545,0.018419886007905006,5.256619453430176,257.7087707519531,-0.8590693473815918,265.9048156738281,0.7824346423149109,0.4285886287689209,-0.12251496315002441,1.0,0.0,12.250696182250977,0.1674966812133789
11.269120216369629,0.6786496043205261,0.6129881739616394,0.01320002693682909,0.02772289142012596,5.385472297668457,257.7087707519531,-0.7317159175872803,265.6694030761719,0.7033536434173584,0.4892074167728424,-0.14343476295471191,1.0,0.0,12.250696182250977,0.16599702835083008
11.269619941711426,0.5930894017219543,0.6938222050666809,0.024479323998093605,0.013768382370471954,5.528061866760254,268.4466247558594,-0.6044821739196777,265.43402099609375,0.6119633913040161,0.5571483373641968,-0.1399092674255371,1.0,0.0,12.250696182250977,0.15064144134521484
11.270119667053223,0.4997504651546478,0.7679197788238525,-0.014192551374435425,0.006325976923108101,5.662285804748535,268.4466247558594,-0.4754750728607178,265.2782287597656,0.5268592238426208,0.6871886849403381,-0.09060811996459961,1.0,0.0,12.250696182250977,0.14542436599731445
11.270620346069336,0.38793858885765076,0.8234924674034119,0.01481135468930006,0.02679259143769741,5.755303382873535,236.23304748535156,-0.34726905822753906,265.0921325683594,0.38389742374420166,0.6990340948104858,-0.06689620018005371,1.0,0.0,12.250696182250977,0.18061304092407227
11.271120071411133,0.2907111942768097,0.8639093637466431,-0.0029132545460015535,-0.005767932627350092,5.873421669006348,236.23304748535156,-0.21839594841003418,264.9377746582031,0.32807326316833496,0.7565635442733765,-0.10291862487792969,1.0,0.0,12.250696182250977,0.19136762619018555
11.271618843078613,0.1759823113679886,0.8908540606498718,0.011588698253035545,0.008186577819287777,6.019078254699707,257.96673583984375,-0.08972883224487305,264.778076171875,0.21418358385562897,0.7787240743637085,-0.09083318710327148,1.0,0.0,12.250696182250977,0.1743783950805664
11.27211856842041,0.06514269858598709,0.9110622406005859,0.0003094017447438091,0.0035350744146853685,6.1480607986450195,257.96673583984375,0.039743661880493164,264.655517578125,0.10856292396783829,0.8769078254699707,-0.07504820823669434,1.0,0.0,12.250696182250977,0.17486810684204102
11.272619247436523,-0.05541974678635597,0.9076944589614868,0.009977370500564575,0.02586228959262371,6.277045249938965,257.96673583984375,0.16902971267700195,264.5278015136719,-0.011227688752114773,0.8386754989624023,-0.06778454780578613,1.0,0.0,12.250696182250977,0.1751699447631836
11.27311897277832,-0.17403779923915863,0.8908540606498718,0.01481135468930006,0.04911980405449867,0.12284040451049805,257.96673583984375,0.2980942726135254,264.3932189941406,-0.09582347422838211,0.8480961322784424,-0.09789729118347168,1.0,0.0,12.250696182250977,0.17525386810302734
11.273618698120117,-0.28682181239128113,0.860541582107544,-0.001301926327869296,0.02679259143769741,0.2652411460876465,268.4466247558594,0.42692089080810547,264.2515869140625,-0.2036033719778061,0.8056274652481079,-0.09171128273010254,1.0,0.0,12.250696182250977,0.16167974472045898
11.27411937713623,-0.4073842465877533,0.8167564868927002,0.009977370500564575,0.035165298730134964,0.3994631767272949,268.4466247558594,0.5566623210906982,264.15155029296875,-0.34442150592803955,0.7659923434257507,-0.04628396034240723,1.0,0.0,12.250696182250977,0.15719914436340332
11.274619102478027,-0.5094732642173767,0.7645513415336609,0.021256666630506516,0.02307138778269291,0.47870969772338867,225.49517822265625,0.686516523361206,264.0581359863281,-0.4537141025066376,0.7405291795730591,-0.04903864860534668,1.0,0.0,12.250696182250977,0.20780682563781738
11.275118827819824,-0.6028119921684265,0.6971898078918457,0.00836604181677103,0.02865319326519966,0.5914568901062012,225.49517822265625,0.8166511058807373,263.9783935546875,-0.566948652267456,0.6608704328536987,-0.019722461700439453,1.0,0.0,12.250696182250977,0.22519421577453613
11.275617599487305,-0.680594265460968,0.6230926513671875,-0.020637864246964455,-0.01972244307398796,0.7589144706726074,268.4466247558594,0.9455263614654541,263.8475341796875,-0.6534948348999023,0.6198089122772217,-0.045955657958984375,1.0,0.0,12.250696182250977,0.18661189079284668
11.276119232177734,-0.757404088973999,0.530470609664917,-0.006135910749435425,-0.011349735781550407,0.8934035301208496,268.4466247558594,1.0738856792449951,263.6979064941406,-0.7019027471542358,0.5419616103172302,-0.07304525375366211,1.0,0.0,12.250696182250977,0.1804821491241455
11.276618003845215,-0.8176854252815247,0.42606034874916077,0.005143385846167803,0.006325976923108101,1.0136256217956543,257.7087707519531,1.202409029006958,263.5583190917969,-0.7640462517738342,0.4586626887321472,-0.0847940444946289,1.0,0.0,12.250696182250977,0.1887834072113037
11.277117729187012,-0.8701884150505066,0.32165053486824036,-0.01258122269064188,0.02772289328277111,1.1424803733825684,257.7087707519531,1.3301942348480225,263.39044189453125,-0.8311987519264221,0.4062272012233734,-0.12675142288208008,1.0,0.0,12.250696182250977,0.1877138614654541
11.277618408203125,-0.9061625599861145,0.2054520696401596,0.009977370500564575,0.02586228959262371,1.2713351249694824,257.7087707519531,1.4575417041778564,263.2076721191406,-0.8459958434104919,0.2795414924621582,-0.11867380142211914,1.0,0.0,12.250696182250977,0.18620657920837402
11.278118133544922,-0.9207468032836914,0.08588558435440063,-0.007747238967567682,-0.010419436730444431,1.4001898765563965,257.7087707519531,1.5848305225372314,263.0262451171875,-0.8430761694908142,0.16464705765247345,-0.11975908279418945,1.0,0.0,12.250696182250977,0.18464064598083496
11.278617858886719,-0.9304696917533875,-0.028628669679164886,-0.01096989493817091,-0.014140638522803783,1.4881319999694824,225.72088623046875,1.7106659412384033,262.7879638671875,-0.8947194218635559,0.027027610689401627,-0.08285188674926758,1.0,0.0,12.250696182250977,0.2225339412689209
11.279117584228516,-0.9246358871459961,-0.13303892314434052,-0.023860519751906395,-0.051352668553590775,1.6009936332702637,225.72088623046875,1.8366191387176514,262.5594482421875,-0.8971762657165527,-0.08880290389060974,-0.08001184463500977,1.0,0.0,12.250696182250977,0.2356255054473877
11.279618263244629,-0.8896340727806091,-0.24081674218177795,-0.019026534631848335,-0.01879214122891426,1.768542766571045,268.4466247558594,1.9608619213104248,262.263671875,-0.8274796009063721,-0.1014801561832428,-0.18140792846679688,1.0,0.0,12.250696182250977,0.19231915473937988
11.280117988586426,-0.8575486540794373,-0.3570152223110199,-0.020637864246964455,0.0007441715570166707,1.9027647972106934,268.4466247558594,2.0863840579986572,262.0281066894531,-0.8317415118217468,-0.25444644689559937,-0.13195085525512695,1.0,0.0,12.250696182250977,0.18361926078796387
11.280616760253906,-0.8060181736946106,-0.46647748351097107,-0.01096989493817091,-0.00669823307543993,2.0229849815368652,257.7087707519531,2.212157964706421,261.807861328125,-0.7938745617866516,-0.39132922887802124,-0.09654903411865234,1.0,0.0,12.250696182250977,0.18917298316955566
11.28111743927002,-0.7311527729034424,-0.5624672770500183,-0.028694504871964455,-0.03553755581378937,2.1518397331237793,257.7087707519531,2.3371360301971436,261.55877685546875,-0.7056078314781189,-0.432220995426178,-0.13013315200805664,1.0,0.0,12.250696182250977,0.18529629707336426
11.281617164611816,-0.6601763963699341,-0.6517211198806763,-0.017415206879377365,-0.027164850383996964,2.2806944847106934,257.7087707519531,2.4624555110931396,261.32940673828125,-0.6761670708656311,-0.5561184883117676,-0.11678504943847656,1.0,0.0,12.250696182250977,0.1817610263824463
11.282116889953613,-0.5639210343360901,-0.7308708429336548,-0.025471847504377365,-0.022513344883918762,2.4095492362976074,257.7087707519531,2.5886480808258057,261.14154052734375,-0.5791741013526917,-0.6183593273162842,-0.11320257186889648,1.0,0.0,12.250696182250977,0.17909884452819824
11.28261661529541,-0.46280422806739807,-0.7914960384368896,-0.007747238967567682,-0.032746654003858566,2.497201442718506,225.49517822265625,2.71480393409729,260.9559631347656,-0.4653199017047882,-0.6477277278900146,-0.10967826843261719,1.0,0.0,12.250696182250977,0.21760249137878418
11.283117294311523,-0.37238219380378723,-0.8470689058303833,-0.014192551374435425,-0.032746654003858566,2.609950542449951,225.49517822265625,2.840766668319702,260.7664794921875,-0.36353641748428345,-0.7646254301071167,-0.056330204010009766,1.0,0.0,12.250696182250977,0.23081612586975098
11.28361701965332,-0.27126553654670715,-0.8773818016052246,-0.027083175256848335,-0.04204965755343437,2.7779765129089355,268.7153625488281,2.9665348529815674,260.5724792480469,-0.32512563467025757,-0.8002636432647705,-0.12454032897949219,1.0,0.0,12.250696182250977,0.18855834007263184
11.284116744995117,-0.14681392908096313,-0.9076944589614868,-0.023860519751906395,-0.055073872208595276,2.9123339653015137,268.7153625488281,3.093628168106079,260.43841552734375,-0.17061717808246613,-0.8437756299972534,-0.06504392623901367,1.0,0.0,12.250696182250977,0.18129420280456543
11.284615516662598,-0.02625136263668537,-0.9177982807159424,0.003532057860866189,-0.0020467296708375216,3.046079158782959,268.4466247558594,-3.062319755554199,260.3131408691406,-0.04007656127214432,-0.8436377048492432,-0.04017162322998047,1.0,0.0,12.250696182250977,0.17478656768798828
11.285116195678711,0.10403331369161606,-0.9043260216712952,-0.023860519751906395,-0.051352668553590775,3.1803011894226074,268.4466247558594,-2.9343345165252686,260.22186279296875,0.03387448564171791,-0.8217572569847107,-0.07968449592590332,1.0,0.0,12.250696182250977,0.1685500144958496
11.285615921020508,0.21681804955005646,-0.894221842288971,-0.01096989493817091,-0.025304246693849564,3.2598795890808105,225.72088623046875,-2.806813955307007,260.1129150390625,0.15564416348934174,-0.826765239238739,-0.06228828430175781,1.0,0.0,12.250696182250977,0.2164921760559082
11.286115646362305,0.3237682580947876,-0.8639093637466431,0.00836604181677103,-0.02158304490149021,3.372739315032959,225.72088623046875,-2.679466724395752,259.9990234375,0.2869855463504791,-0.8130082488059998,-0.03630566596984863,1.0,0.0,12.250696182250977,0.23097944259643555
11.286616325378418,0.4229406416416168,-0.8201246857643127,0.01320002693682909,-0.03553755208849907,3.526872158050537,257.96673583984375,-2.551967144012451,259.89410400390625,0.3815985918045044,-0.809794545173645,-0.06292271614074707,1.0,0.0,12.250696182250977,0.2043461799621582
11.287116050720215,0.5260018110275269,-0.7561313509941101,0.0019207298755645752,-0.029025450348854065,3.6558585166931152,257.96673583984375,-2.4254467487335205,259.7500915527344,0.4616832733154297,-0.7210193872451782,-0.06030678749084473,1.0,0.0,12.250696182250977,0.20187997817993164
11.287615776062012,0.6125349402427673,-0.6870858073234558,-0.004524582531303167,-0.01600124128162861,3.797919750213623,268.1784362792969,-2.2993693351745605,259.5903625488281,0.5211127996444702,-0.7155089378356934,-0.12678074836730957,1.0,0.0,12.250696182250977,0.1858963966369629
11.288115501403809,0.7058733105659485,-0.5995162129402161,-0.001301926327869296,-0.010419435799121857,3.9320120811462402,268.1784362792969,-2.1726129055023193,259.4626159667969,0.6408644318580627,-0.631087064743042,-0.08981513977050781,1.0,0.0,12.250696182250977,0.17856073379516602
11.288615226745605,0.7807388305664062,-0.5035261511802673,0.00836604181677103,-0.029025450348854065,4.0524420738220215,257.7087707519531,-2.046302080154419,259.3187561035156,0.6997504234313965,-0.5644663572311401,-0.1173713207244873,1.0,0.0,12.250696182250977,0.18444108963012695
11.289114952087402,0.8439371585845947,-0.40080010890960693,0.00675471406430006,-0.011349735781550407,4.1812968254089355,257.7087707519531,-1.9202765226364136,259.1659240722656,0.7604485750198364,-0.4660966098308563,-0.11450982093811035,1.0,0.0,12.250696182250977,0.1816120147705078
11.2896146774292,0.8867170214653015,-0.29302188754081726,0.032535962760448456,-0.0020467310678213835,4.268945217132568,225.49517822265625,-1.7952414751052856,258.9746398925781,0.8212139010429382,-0.37578925490379333,-0.11891698837280273,1.0,0.0,12.250696182250977,0.21899890899658203
11.290115356445312,0.9139407277107239,-0.19197984039783478,0.024479323998093605,0.006325977388769388,4.3816962242126465,225.49517822265625,-1.670199990272522,258.78765869140625,0.8526360392570496,-0.27823111414909363,-0.13033485412597656,1.0,0.0,12.250696182250977,0.23128938674926758
11.29061508178711,0.9314417839050293,-0.06736135482788086,0.034147292375564575,-0.01786184310913086,4.549720287322998,268.7153625488281,-1.5454604625701904,258.5923156738281,0.8439711928367615,-0.12128376960754395,-0.08224296569824219,1.0,0.0,12.250696182250977,0.1880049705505371
11.291114807128906,0.9363030791282654,0.045468904078006744,0.01320002693682909,0.009116879664361477,4.684079647064209,268.7153625488281,-1.4204131364822388,258.41351318359375,0.8976427316665649,-0.04365382716059685,-0.11334443092346191,1.0,0.0,12.250696182250977,0.17869281768798828
11.291614532470703,0.9265807271003723,0.1633513867855072,0.01481135468930006,0.006325976923108101,4.804349422454834,257.7087707519531,-1.2975444793701172,258.14752197265625,0.9087567925453186,0.07890858501195908,-0.1010427474975586,1.0,0.0,12.250696182250977,0.1812915802001953
11.292115211486816,0.8974118828773499,0.28123363852500916,0.037369947880506516,0.019350185990333557,4.933204174041748,257.7087707519531,-1.1734672784805298,257.9374694824219,0.8865231871604919,0.18410088121891022,-0.10707354545593262,1.0,0.0,12.250696182250977,0.1765141487121582
11.292613983154297,0.849770724773407,0.3906958997249603,0.022867994382977486,0.02214108780026436,5.061801433563232,257.7087707519531,-1.0498182773590088,257.71380615234375,0.8210284113883972,0.2572026550769806,-0.13207197189331055,1.0,0.0,12.250696182250977,0.17156553268432617
11.29311466217041,0.7943508625030518,0.5001579523086548,0.01320002693682909,0.016559284180402756,5.190913677215576,257.7087707519531,-0.926140546798706,257.4962158203125,0.7537230253219604,0.3946073055267334,-0.07687163352966309,1.0,0.0,12.250696182250977,0.16613149642944336
11.293614387512207,0.7292079925537109,0.5927801728248596,0.018034011125564575,0.019350185990333557,5.278308391571045,225.49517822265625,-0.802893877029419,257.2649230957031,0.7293920516967773,0.4900563359260559,-0.09096336364746094,1.0,0.0,12.250696182250977,0.20198297500610352
11.294114112854004,0.6485090255737305,0.6719295382499695,0.022867994382977486,0.03144409507513046,5.39105749130249,225.49517822265625,-0.6777055263519287,257.1202697753906,0.6080026030540466,0.5537970066070557,-0.06892824172973633,1.0,0.0,12.250696182250977,0.21442270278930664
11.2946138381958,0.565865695476532,0.7409750819206238,0.030924635007977486,0.04725920781493187,5.559079647064209,268.7153625488281,-0.5537934303283691,256.9248962402344,0.597466230392456,0.628458559513092,-0.12122583389282227,1.0,0.0,12.250696182250977,0.17031240463256836
11.295113563537598,0.4618317186832428,0.8066520094871521,-0.001301926327869296,0.017489584162831306,5.693437099456787,268.7153625488281,-0.42915844917297363,256.7641906738281,0.4760819971561432,0.6939971446990967,-0.08691620826721191,1.0,0.0,12.250696182250977,0.16058969497680664
11.295614242553711,0.3548814058303833,0.860541582107544,0.011588698253035545,0.02493199147284031,5.8133769035339355,257.4513244628906,-0.30452537536621094,256.6069030761719,0.3793429732322693,0.7615737915039062,-0.0724024772644043,1.0,0.0,12.250696182250977,0.165283203125
11.296113967895508,0.2343188375234604,0.8975901007652283,0.035758618265390396,0.055631913244724274,5.942105770111084,257.4513244628906,-0.17834234237670898,256.5177917480469,0.2754921317100525,0.8107621073722839,-0.06400418281555176,1.0,0.0,12.250696182250977,0.16273736953735352
11.296612739562988,0.11570114642381668,0.9177982807159424,0.037369947880506516,0.02493199147284031,6.07123327255249,257.96673583984375,-0.05185890197753906,256.4432373046875,0.16514910757541656,0.8122906684875488,-0.06353569030761719,1.0,0.0,12.250696182250977,0.1600933074951172
11.297114372253418,-0.0009721374954096973,0.9346387386322021,0.011588698253035545,0.034234996885061264,6.2004714012146,257.96673583984375,0.07493782043457031,256.38330078125,0.051152609288692474,0.9029833078384399,-0.04628920555114746,1.0,0.0,12.250696182250977,0.1576519012451172
11.297613143920898,-0.11764555424451828,0.9211665391921997,0.026090651750564575,0.02586229331791401,0.018520355224609375,236.4695281982422,0.20096731185913086,256.2922668457031,-0.02065715566277504,0.8713604807853699,-0.09225106239318848,1.0,0.0,12.250696182250977,0.18244695663452148
11.298112869262695,-0.24015264213085175,0.8908540606498718,0.005143385846167803,0.04911981150507927,0.13675498962402344,236.4695281982422,0.3283224105834961,256.25897216796875,-0.18277637660503387,0.7713348865509033,-0.010307073593139648,1.0,0.0,12.250696182250977,0.19156742095947266
11.298612594604492,-0.34710296988487244,0.8639093637466431,0.005143385846167803,0.041677407920360565,0.28217124938964844,257.7087707519531,0.4549446105957031,256.195556640625,-0.29113221168518066,0.8072128295898438,-0.023532629013061523,1.0,0.0,12.250696182250977,0.1727733612060547
11.299113273620605,-0.45405343174934387,0.8167564868927002,0.009977370500564575,0.0053956760093569756,0.4110260009765625,257.7087707519531,0.5820391178131104,256.15338134765625,-0.3947295844554901,0.7763828635215759,-0.026433944702148438,1.0,0.0,12.250696182250977,0.17101311683654785
11.299612998962402,-0.5580871105194092,0.7477111220359802,0.018034011125564575,0.013768382370471954,0.53955078125,257.4513244628906,0.7085902690887451,256.08941650390625,-0.508107602596283,0.7048067450523376,0.001374959945678711,1.0,0.0,12.250696182250977,0.16903948783874512
11.3001127243042,-0.6562871336936951,0.6719295382499695,0.01320002693682909,0.03144409507513046,0.6682777404785156,257.4513244628906,0.8367772102355957,256.0951232910156,-0.6016114354133606,0.6342633366584778,0.00757288932800293,1.0,0.0,12.250696182250977,0.16849946975708008
11.300613403320312,-0.7262912392616272,0.5843597054481506,-0.01096989493817091,0.0007441726629622281,0.7564220428466797,225.72088623046875,0.9639537334442139,256.05865478515625,-0.6614848971366882,0.5601842999458313,-0.010547161102294922,1.0,0.0,12.250696182250977,0.20753169059753418
11.30111312866211,-0.7943506836891174,0.5001581311225891,-0.001301926327869296,0.017489584162831306,0.8692817687988281,225.72088623046875,1.090179681777954,255.98294067382812,-0.7481508255004883,0.5095893740653992,-0.03217124938964844,1.0,0.0,12.250696182250977,0.22089791297912598
11.30161190032959,-0.8546317219734192,0.40248391032218933,-0.00935856718569994,0.02214108780026436,1.0228290557861328,257.7087707519531,1.217987298965454,255.9751434326172,-0.855270504951477,0.4348628520965576,-0.03241729736328125,1.0,0.0,12.250696182250977,0.1951582431793213
11.302111625671387,-0.8886616826057434,0.28965386748313904,-0.0029132545460015535,-0.011349736712872982,1.1516838073730469,257.7087707519531,1.3434526920318604,255.86880493164062,-0.8314689993858337,0.3543495535850525,-0.09064006805419922,1.0,0.0,12.250696182250977,0.19176888465881348
11.3026123046875,-0.9226913452148438,0.17682339251041412,-0.004524582531303167,0.021210789680480957,1.280538558959961,257.7087707519531,1.4677155017852783,255.7146453857422,-0.8894293308258057,0.2548084259033203,-0.09110450744628906,1.0,0.0,12.250696182250977,0.18717694282531738
11.303112030029297,-0.9450536370277405,0.05725691840052605,-0.01096989493817091,0.002604773733764887,1.409393310546875,257.7087707519531,1.5932652950286865,255.61776733398438,-0.9421098232269287,0.1077335774898529,-0.05136728286743164,1.0,0.0,12.250696182250977,0.18387198448181152
