time_s,v_alpha_v,v_beta_v,i_alpha_a,i_beta_a,encoder_angle_rad,encoder_speed_rad_s,pll_angle_rad,pll_speed_rad_s,emf_alpha_v,emf_beta_v,phase_error_rad,locked,active,bus_voltage_v,angle_error_rad
16.30851936340332,0.36019280552864075,0.8626591563224792,0.014514935202896595,0.01189290452748537,5.789437294006348,268.4466247558594,-0.34148502349853516,272.1473083496094,0.4099889099597931,0.7609339356422424,-0.06229829788208008,1.0,0.0,12.232967376708984,0.15226316452026367
16.30902099609375,0.23980498313903809,0.8996544480323792,1.2981891813979018e-05,-0.005782809108495712,5.9239301681518555,268.4466247558594,-0.20745253562927246,272.0615234375,0.2740398049354553,0.7675541043281555,-0.04500937461853027,1.0,0.0,12.232967376708984,0.15180253982543945
16.309520721435547,0.12524248659610748,0.9265599250793457,0.0048469663597643375,0.0249171145260334,6.0708723068237305,279.4639587402344,-0.07301592826843262,271.9945068359375,0.1941923350095749,0.8882930874824524,-0.051799774169921875,1.0,0.0,12.232967376708984,0.1392970085144043
16.310020446777344,-0.008737790398299694,0.9332861304283142,1.2981891813979018e-05,0.009102001786231995,6.210602760314941,279.4639587402344,0.06123852729797363,271.9212646484375,0.06628448516130447,0.8772310018539429,-0.04624605178833008,1.0,0.0,12.232967376708984,0.1338210105895996
16.31052017211914,-0.13495099544525146,0.9265599250793457,0.01290360651910305,0.031429219990968704,0.06714963912963867,279.4639587402344,0.1955115795135498,271.850341796875,-0.03698144480586052,0.926535964012146,-0.06531238555908203,1.0,0.0,12.232967376708984,0.12836194038391113
16.311019897460938,-0.2689310312271118,0.8929277658462524,0.0048469663597643375,0.026777716353535652,0.20688199996948242,279.4639587402344,0.3300812244415283,271.7933349609375,-0.17474211752414703,0.8407443761825562,-0.03474092483520508,1.0,0.0,12.232967376708984,0.1231992244720459
16.311519622802734,-0.39320266246795654,0.8492064476013184,-0.01771162636578083,-0.014155514538288116,0.29555845260620117,236.23304748535156,0.4646778106689453,271.7388000488281,-0.3274642825126648,0.7601600885391235,0.0327608585357666,1.0,0.0,12.232967376708984,0.16911935806274414
16.31201934814453,-0.4834935963153839,0.8004401922225952,-0.009654986672103405,-0.003922207746654749,0.4134383201599121,236.23304748535156,0.5986881256103516,271.6606750488281,-0.3853009343147278,0.7866680026054382,-0.0529477596282959,1.0,0.0,12.232967376708984,0.18524980545043945
16.312519073486328,-0.5844640135765076,0.7399027943611145,0.00323563814163208,-0.003922207280993462,0.5822405815124512,279.18450927734375,0.7317867279052734,271.5459899902344,-0.5244302153587341,0.7562657594680786,-0.0351405143737793,1.0,0.0,12.232967376708984,0.14954614639282227
16.313018798828125,-0.6689295172691345,0.6474148631095886,-0.01448897086083889,0.013753504492342472,0.721829891204834,279.18450927734375,0.8652584552764893,271.4490966796875,-0.5422511696815491,0.7022348046302795,-0.11775922775268555,1.0,0.0,12.232967376708984,0.14342856407165527
16.313518524169922,-0.750482976436615,0.5532452464103699,0.0016243100399151444,0.017474709078669548,0.848752498626709,268.4466247558594,0.9975302219390869,271.30413818359375,-0.6490494608879089,0.6221725940704346,-0.10101699829101562,1.0,0.0,12.232967376708984,0.14877772331237793
16.31401824951172,-0.8242688775062561,0.4456234276294708,-0.0032096742652356625,0.005380799062550068,0.982978343963623,268.4466247558594,1.1297705173492432,271.1606750488281,-0.7284731268882751,0.49017465114593506,-0.06117105484008789,1.0,0.0,12.232967376708984,0.14679217338562012
16.31451988220215,-0.8708707690238953,0.3380011320114136,-0.011266314424574375,0.017474709078669548,1.1171965599060059,268.4466247558594,1.2611820697784424,270.9855651855469,-0.7789496779441833,0.4319459795951843,-0.10685014724731445,1.0,0.0,12.232967376708984,0.14398550987243652
16.315017700195312,-0.902909517288208,0.22197039425373077,-0.02254561148583889,-0.028110025450587273,1.2511515617370605,268.4466247558594,1.3925693035125732,270.81292724609375,-0.8215887546539307,0.336407870054245,-0.12067842483520508,1.0,0.0,12.232967376708984,0.1414177417755127
16.31551742553711,-0.9281519055366516,0.10425914824008942,-0.0354362353682518,-0.007643410004675388,1.3600554466247559,246.97091674804688,1.5226399898529053,270.58868408203125,-0.8523632287979126,0.245869442820549,-0.14311504364013672,1.0,0.0,12.232967376708984,0.16258454322814941
16.316017150878906,-0.9184433817863464,-0.013452942483127117,-0.04832686111330986,-0.016946416348218918,1.4835429191589355,246.97091674804688,1.6522247791290283,270.34857177734375,-0.809876024723053,0.16305986046791077,-0.19082975387573242,1.0,0.0,12.232967376708984,0.16868185997009277
16.316518783569336,-0.9116473197937012,-0.11939344555139542,-0.02737959660589695,-0.06811295449733734,1.6326651573181152,268.7153625488281,1.7810399532318115,270.0812683105469,-0.8437840342521667,0.04302787035703659,-0.1719217300415039,1.0,0.0,12.232967376708984,0.1483747959136963
16.317018508911133,-0.8893173336982727,-0.23878689110279083,-0.04993819072842598,-0.036482732743024826,1.7670245170593262,268.7153625488281,1.9087259769439697,269.7724609375,-0.861050009727478,-0.0962008461356163,-0.13735246658325195,1.0,0.0,12.232967376708984,0.14170145988464355
16.31751823425293,-0.8427156805992126,-0.3531354069709778,-0.01771162636578083,0.006311100907623768,1.9010634422302246,268.4466247558594,2.0368425846099854,269.48809814453125,-0.7693062424659729,-0.17798133194446564,-0.14952516555786133,1.0,0.0,12.232967376708984,0.13577914237976074
16.318017959594727,-0.7873759865760803,-0.44898656010627747,-0.03060225211083889,-0.02159792184829712,2.0352892875671387,268.4466247558594,2.1661789417266846,269.2605285644531,-0.7812544107437134,-0.250449001789093,-0.19626331329345703,1.0,0.0,12.232967376708984,0.1308896541595459
16.318517684936523,-0.7242695689201355,-0.5582901835441589,-0.02415693923830986,-0.029040327295660973,2.1695075035095215,268.4466247558594,2.2960898876190186,269.0623474121094,-0.7228552103042603,-0.43338632583618164,-0.09595632553100586,1.0,0.0,12.232967376708984,0.12658238410949707
16.31901741027832,-0.6456286907196045,-0.6406883001327515,-0.02415693923830986,-0.03834332898259163,2.303462505340576,268.4466247558594,2.4256699085235596,268.8543701171875,-0.7105197906494141,-0.5129246711730957,-0.14060544967651367,1.0,0.0,12.232967376708984,0.1222074031829834
16.319517135620117,-0.5436872839927673,-0.7230867147445679,-0.02899092435836792,-0.035552430897951126,2.3997092247009277,236.23304748535156,2.556480646133423,268.7025146484375,-0.5433655381202698,-0.5645435452461243,-0.0920262336730957,1.0,0.0,12.232967376708984,0.15677142143249512
16.320016860961914,-0.46310535073280334,-0.7886690497398376,-0.009654986672103405,-0.029970627278089523,2.517821788787842,236.23304748535156,2.687490224838257,268.5622253417969,-0.48241257667541504,-0.7349223494529724,-0.03743934631347656,1.0,0.0,12.232967376708984,0.16966843605041504
16.32051658630371,-0.3582512438297272,-0.8323903679847717,-0.02576826699078083,-0.035552430897951126,2.6739211082458496,268.4466247558594,2.8186419010162354,268.4306335449219,-0.40146970748901367,-0.7298771142959595,-0.09086990356445312,1.0,0.0,12.232967376708984,0.14472079277038574
16.321016311645508,-0.24563008546829224,-0.8727487325668335,-0.01610029861330986,-0.04485543817281723,2.808143138885498,268.4466247558594,2.9502947330474854,268.3230285644531,-0.28254374861717224,-0.8155208826065063,-0.053034305572509766,1.0,0.0,12.232967376708984,0.1421515941619873
16.321516036987305,-0.1271839439868927,-0.8929277658462524,-0.04027022048830986,-0.038343336433172226,2.942685604095459,268.7153625488281,3.0815021991729736,268.1986999511719,-0.18472672998905182,-0.7930090427398682,-0.0797414779663086,1.0,0.0,12.232967376708984,0.13881659507751465
16.322017669677734,-0.004854382481426001,-0.9063808917999268,-0.02254561148583889,-0.018807020038366318,3.07704496383667,268.7153625488281,-3.0700113773345947,268.0965881347656,-0.050440363585948944,-0.8668792843818665,-0.04054141044616699,1.0,0.0,12.232967376708984,0.13612890243530273
16.32251739501953,0.10970836132764816,-0.8962910771369934,-0.0032096742652356625,-0.01322521548718214,3.160399913787842,225.49517822265625,-2.9391565322875977,267.9622497558594,0.04773663729429245,-0.8524547219276428,-0.057450294494628906,1.0,0.0,12.232967376708984,0.18362903594970703
16.323017120361328,0.20873720943927765,-0.8761121034622192,-0.009654986672103405,-0.02624942548573017,3.27315092086792,225.49517822265625,-2.8086581230163574,267.8157043457031,0.11953921616077423,-0.8683015704154968,-0.10733652114868164,1.0,0.0,12.232967376708984,0.20137643814086914
16.323516845703125,0.3155326545238495,-0.8424801826477051,0.0016243100399151444,0.002589897019788623,3.4368929862976074,268.7153625488281,-2.677485942840576,267.7008361816406,0.2539958655834198,-0.7902273535728455,-0.06418514251708984,1.0,0.0,12.232967376708984,0.1688065528869629
16.324016571044922,0.42427027225494385,-0.7987584471702576,-0.0354362353682518,-0.052297841757535934,3.5712504386901855,268.7153625488281,-2.547381639480591,267.5434875488281,0.3495587408542633,-0.8090510368347168,-0.09763789176940918,1.0,0.0,12.232967376708984,0.16455316543579102
16.32451629638672,0.513590395450592,-0.7415843605995178,0.02740556001663208,0.04352312907576561,3.704709529876709,268.1784362792969,-2.416679859161377,267.4141540527344,0.44790375232696533,-0.7919273972511292,-0.12158727645874023,1.0,0.0,12.232967376708984,0.16179609298706055
16.325016021728516,0.6116487383842468,-0.6591860055923462,-0.006432330701500177,-0.007643410470336676,3.8387980461120605,268.1784362792969,-2.287731409072876,267.2145690917969,0.5358105897903442,-0.6750316023826599,-0.09429693222045898,1.0,0.0,12.232967376708984,0.15665578842163086
16.325515747070312,0.6990264058113098,-0.5751062631607056,-0.00482100248336792,-0.02531912364065647,3.9605422019958496,257.7087707519531,-2.1582846641540527,267.0398864746094,0.6496471166610718,-0.627447247505188,-0.0919349193572998,1.0,0.0,12.232967376708984,0.16435861587524414
16.32601547241211,0.7650455832481384,-0.4809366762638092,1.2981891813979018e-05,0.007241400890052319,4.089396953582764,257.7087707519531,-2.030909538269043,266.78143310546875,0.6637399792671204,-0.5471408367156982,-0.14098548889160156,1.0,0.0,12.232967376708984,0.16287899017333984
16.326515197753906,0.8262109756469727,-0.38172268867492676,0.01290360651910305,-0.037413034588098526,4.180537700653076,225.72088623046875,-1.902527093887329,266.57110595703125,0.7769616842269897,-0.44444602727890015,-0.09946298599243164,1.0,0.0,12.232967376708984,0.2001204490661621
16.327016830444336,0.8601911664009094,-0.2892346680164337,0.008069622330367565,0.013753505423665047,4.29340124130249,225.72088623046875,-1.7744778394699097,266.35089111328125,0.8121972680091858,-0.38236376643180847,-0.14818620681762695,1.0,0.0,12.232967376708984,0.21530628204345703
16.327516555786133,0.8805797696113586,-0.19338378310203552,0.01129227876663208,0.015614106319844723,4.444312572479248,257.96673583984375,-1.6476942300796509,266.0822448730469,0.814126193523407,-0.32609322667121887,-0.2163224220275879,1.0,0.0,12.232967376708984,0.1911787986755371
16.328014373779297,0.9029093384742737,-0.08071660250425339,0.01129227876663208,-0.0011313053546473384,4.573035717010498,257.96673583984375,-1.5226713418960571,265.7453918457031,0.8732932209968567,-0.18978473544120789,-0.174299955368042,1.0,0.0,12.232967376708984,0.18747854232788086
16.328514099121094,0.893200695514679,0.03699527680873871,0.02257157489657402,-0.013225213624536991,4.71406888961792,268.1784362792969,-1.3970013856887817,265.4423522949219,0.8033389449119568,-0.12585847079753876,-0.24176573753356934,1.0,0.0,12.232967376708984,0.17211532592773438
16.329015731811523,0.8961136341094971,0.15302516520023346,0.008069622330367565,0.002589897019788623,4.848155498504639,268.1784362792969,-1.2713298797607422,265.1461486816406,0.890845775604248,0.06341131776571274,-0.14064574241638184,1.0,0.0,12.232967376708984,0.16370010375976562
16.32951545715332,0.8611622452735901,0.2606474459171295,0.01934891939163208,0.010962603613734245,4.970204830169678,257.96673583984375,-1.1457916498184204,264.8502502441406,0.855494499206543,0.08470631390810013,-0.23906254768371582,1.0,0.0,12.232967376708984,0.1671891212463379
16.330015182495117,0.8271813988685608,0.37331441044807434,0.00323563814163208,0.016544407233595848,5.099189281463623,257.96673583984375,-1.0203325748443604,264.5576477050781,0.8340134024620056,0.2437255084514618,-0.17874407768249512,1.0,0.0,12.232967376708984,0.16366338729858398
16.330514907836914,0.7699000835418701,0.4725286662578583,0.01934891939163208,0.050035230815410614,5.189857006072998,225.49517822265625,-0.8953406810760498,264.25152587890625,0.7780641317367554,0.36264801025390625,-0.1518874168395996,1.0,0.0,12.232967376708984,0.19798803329467773
16.33101463317871,0.7058225274085999,0.5633350610733032,0.01129227876663208,0.013753505423665047,5.302606105804443,225.49517822265625,-0.7703444957733154,263.9519958496094,0.6673599481582642,0.44058677554130554,-0.12953543663024902,1.0,0.0,12.232967376708984,0.2102351188659668
16.331514358520508,0.6378617882728577,0.6406885385513306,0.03385087102651596,0.028638316318392754,5.453364849090576,257.7087707519531,-0.6451120376586914,263.66851806640625,0.6496495604515076,0.5378879904747009,-0.1468803882598877,1.0,0.0,12.232967376708984,0.1847085952758789
16.332014083862305,0.5456293225288391,0.7129970788955688,0.02096024714410305,0.03608072176575661,5.5819621086120605,257.7087707519531,-0.5193924903869629,263.4114685058594,0.5280904173851013,0.6045044660568237,-0.11133503913879395,1.0,0.0,12.232967376708984,0.18183088302612305
16.3325138092041,0.4553380310535431,0.7752161026000977,0.02096024714410305,0.0249171145260334,5.723474025726318,268.4466247558594,-0.3928978443145752,263.19244384765625,0.48635274171829224,0.6913129687309265,-0.13304615020751953,1.0,0.0,12.232967376708984,0.16681337356567383
16.3330135345459,0.34660041332244873,0.8290274143218994,0.01773759163916111,0.04910493269562721,5.857696056365967,268.4466247558594,-0.2666640281677246,262.9671325683594,0.36797279119491577,0.7513619065284729,-0.10154533386230469,1.0,0.0,12.232967376708984,0.15882539749145508
16.333513259887695,0.23203779757022858,0.866022527217865,0.008069622330367565,0.01189290452748537,5.979564189910889,257.96673583984375,-0.14095807075500488,262.724365234375,0.27741169929504395,0.7614221572875977,-0.12139487266540527,1.0,0.0,12.232967376708984,0.16266298294067383
16.334014892578125,0.12135907262563705,0.8929277658462524,1.2981891813979018e-05,-0.0020616063848137856,6.108806133270264,257.96673583984375,-0.013649225234985352,262.5540466308594,0.16193674504756927,0.8196921348571777,-0.09430670738220215,1.0,0.0,12.232967376708984,0.16072988510131836
16.334514617919922,0.002912799594923854,0.9030174016952515,0.009680950082838535,0.03701102361083031,6.1865458488464355,214.75732421875,0.113616943359375,262.385498046875,0.05075955390930176,0.810873806476593,-0.08907794952392578,1.0,0.0,12.232967376708984,0.21025657653808594
16.33501434326172,-0.10388324409723282,0.8996544480323792,-0.01448897086083889,0.017474709078669548,0.010738372802734375,214.75732421875,0.24100255966186523,262.22552490234375,-0.09705527126789093,0.8110451102256775,-0.03467154502868652,1.0,0.0,12.232967376708984,0.23026418685913086
16.335514068603516,-0.20097027719020844,0.8727487325668335,0.006458294112235308,0.0016595963388681412,0.16910743713378906,257.96673583984375,0.36807942390441895,262.05584716796875,-0.12657327950000763,0.78835129737854,-0.12207531929016113,1.0,0.0,12.232967376708984,0.19897198677062988
16.336013793945312,-0.3077658414840698,0.8458430767059326,-0.009654986672103405,0.0165444053709507,0.29783058166503906,257.96673583984375,0.4944264888763428,261.859130859375,-0.2423919439315796,0.8101900815963745,-0.1169586181640625,1.0,0.0,12.232967376708984,0.1965959072113037
16.33651351928711,-0.4203868806362152,0.7920321822166443,0.006458294112235308,0.050035230815410614,0.4391803741455078,268.4466247558594,0.6210083961486816,261.6765441894531,-0.3612247705459595,0.7394770979881287,-0.07975459098815918,1.0,0.0,12.232967376708984,0.18182802200317383
16.337013244628906,-0.5155321955680847,0.7314947843551636,-0.011266314424574375,0.026777716353535652,0.5734043121337891,268.4466247558594,0.7474007606506348,261.4896545410156,-0.4375068247318268,0.6999398469924927,-0.10205221176147461,1.0,0.0,12.232967376708984,0.1739964485168457
16.337512969970703,-0.6135900616645813,0.6625490784645081,-0.0032096742652356625,0.02398681454360485,0.6822834014892578,246.97091674804688,0.8736011981964111,261.2989196777344,-0.5693467259407043,0.6454869508743286,-0.06399726867675781,1.0,0.0,12.232967376708984,0.19131779670715332
16.3380126953125,-0.6873763203620911,0.5818322896957397,0.008069622330367565,0.01189290452748537,0.8057689666748047,246.97091674804688,0.9989492893218994,261.0760803222656,-0.6020900011062622,0.5866132974624634,-0.11401605606079102,1.0,0.0,12.232967376708984,0.19318032264709473
16.338512420654297,-0.7592208385467529,0.49775275588035583,-0.00482100248336792,0.02119591273367405,0.9039134979248047,225.49517822265625,1.1256625652313232,260.9154968261719,-0.7238049507141113,0.5306934714317322,-0.10101127624511719,1.0,0.0,12.232967376708984,0.22174906730651855
16.339012145996094,-0.8145604133605957,0.40190187096595764,-0.00482100248336792,0.03608072176575661,1.01666259765625,225.49517822265625,1.2505199909210205,260.6802673339844,-0.7481392621994019,0.41775304079055786,-0.1025533676147461,1.0,0.0,12.232967376708984,0.2338573932647705
16.339513778686523,-0.8533949851989746,0.30773213505744934,-0.006432330701500177,-0.0020616063848137856,1.1677265167236328,257.96673583984375,1.3763172626495361,260.48919677734375,-0.8146084547042847,0.35056981444358826,-0.12564563751220703,1.0,0.0,12.232967376708984,0.20859074592590332
16.340011596679688,-0.8844628930091858,0.20011025667190552,-0.006432330701500177,-0.02252822369337082,1.2964515686035156,257.96673583984375,1.4998819828033447,260.2084655761719,-0.8304797410964966,0.2507406771183014,-0.1361713409423828,1.0,0.0,12.232967376708984,0.2034304141998291
16.340511322021484,-0.9009678363800049,0.08407951891422272,-0.00482100248336792,0.028638316318392754,1.425130844116211,257.7087707519531,1.6235239505767822,259.9368896484375,-0.8150956630706787,0.1881309151649475,-0.19376087188720703,1.0,0.0,12.232967376708984,0.1983931064605713
16.34101104736328,-0.9097055792808533,-0.02858724072575569,-0.006432330701500177,0.005380799062550068,1.5539836883544922,257.7087707519531,1.7471563816070557,259.67071533203125,-0.8883992433547974,0.04517336189746857,-0.14123010635375977,1.0,0.0,12.232967376708984,0.19317269325256348
16.34151268005371,-0.9009678363800049,-0.14461754262447357,-0.02899092435836792,-0.015085816383361816,1.6445636749267578,225.26991271972656,1.8699915409088135,259.37640380859375,-0.8709749579429626,-0.07356042414903641,-0.12905073165893555,1.0,0.0,12.232967376708984,0.22542786598205566
16.342012405395508,-0.8699000477790833,-0.2455131560564041,-0.02254561148583889,-0.026249423623085022,1.7571964263916016,225.26991271972656,1.9924538135528564,259.0726623535156,-0.7945711612701416,-0.14151044189929962,-0.15975141525268555,1.0,0.0,12.232967376708984,0.23525738716125488
16.342512130737305,-0.8398030400276184,-0.34472739696502686,-0.01932295598089695,0.0016595961060374975,1.8957080841064453,247.21812438964844,2.1150524616241455,258.7811584472656,-0.816400945186615,-0.261308491230011,-0.1488800048828125,1.0,0.0,12.232967376708984,0.2193443775177002
16.3430118560791,-0.7883470058441162,-0.44730475544929504,-0.00482100248336792,-0.010434312745928764,2.019315719604492,247.21812438964844,2.2381880283355713,258.51837158203125,-0.7357630729675293,-0.3842152953147888,-0.10042190551757812,1.0,0.0,12.232967376708984,0.2188723087310791
16.3435115814209,-0.725240170955658,-0.5364294052124023,-0.02093428373336792,-0.0011313053546473384,2.1679744720458984,268.4466247558594,2.3606574535369873,258.2330017089844,-0.7063426375389099,-0.4321281909942627,-0.1554269790649414,1.0,0.0,12.232967376708984,0.19268298149108887
16.344011306762695,-0.6524249315261841,-0.6221911311149597,-0.03704756498336792,-0.012294914573431015,2.3021984100341797,268.4466247558594,2.4825727939605713,257.9302673339844,-0.6801071166992188,-0.5008019208908081,-0.19192123413085938,1.0,0.0,12.232967376708984,0.1803743839263916
16.344511032104492,-0.5611631274223328,-0.7062706351280212,-0.02737959660589695,-0.027179725468158722,2.3969669342041016,235.2104034423828,2.6052210330963135,257.66485595703125,-0.5519530177116394,-0.6029630303382874,-0.11953067779541016,1.0,0.0,12.232967376708984,0.20825409889221191
16.34501075744629,-0.4689304530620575,-0.7651267051696777,-0.03060225211083889,-0.036482732743024826,2.5145740509033203,235.2104034423828,2.728167772293091,257.4175720214844,-0.4616965651512146,-0.6392176747322083,-0.12685632705688477,1.0,0.0,12.232967376708984,0.2135937213897705
16.345510482788086,-0.36601805686950684,-0.8189378380775452,-0.02254561148583889,-0.035552430897951126,2.6476688385009766,248.9283905029297,2.850963830947876,257.16912841796875,-0.3248133361339569,-0.6865014433860779,-0.0658869743347168,1.0,0.0,12.232967376708984,0.20329499244689941
16.346010208129883,-0.26698943972587585,-0.8592962622642517,-0.03221357986330986,-0.026249423623085022,2.7721328735351562,248.9283905029297,2.9745123386383057,256.9574279785156,-0.28725141286849976,-0.7416673898696899,-0.11730384826660156,1.0,0.0,12.232967376708984,0.20237946510314941
16.346511840820312,-0.15631023049354553,-0.8828385472297668,-0.01287764310836792,-0.029970627278089523,2.8945789337158203,247.21812438964844,3.0995795726776123,256.8141174316406,-0.16686855256557465,-0.7861132621765137,-0.08192157745361328,1.0,0.0,12.232967376708984,0.205000638961792
16.34701156616211,-0.04563090205192566,-0.8962910771369934,-0.02093428373336792,-0.04206453636288643,3.018186569213867,247.21812438964844,-3.059826374053955,256.61962890625,-0.07871118187904358,-0.8080660104751587,-0.0937502384185791,1.0,0.0,12.232967376708984,0.20517253875732422
16.347511291503906,0.06893184036016464,-0.8962910771369934,-0.03221357986330986,-0.057879649102687836,3.1396923065185547,245.4369354248047,-2.9360857009887695,256.42779541015625,0.02802305296063423,-0.823259174823761,-0.08639717102050781,1.0,0.0,12.232967376708984,0.20740747451782227
16.348011016845703,0.17572776973247528,-0.8862015008926392,-0.008043658919632435,-0.02345852181315422,3.2624073028564453,245.4369354248047,-2.810800790786743,256.30462646484375,0.1425560861825943,-0.8325773477554321,-0.07612824440002441,1.0,0.0,12.232967376708984,0.2099776268005371
16.3485107421875,0.2902902662754059,-0.8559326529502869,-0.01932295598089695,-0.02624942548573017,3.414346694946289,271.27239990234375,-2.686525821685791,256.14178466796875,0.2513457238674164,-0.8023175597190857,-0.06640434265136719,1.0,0.0,12.232967376708984,0.1823129653930664
16.349010467529297,0.40096911787986755,-0.8122113347053528,-0.0015983461635187268,-0.01973732002079487,3.549985885620117,271.27239990234375,-2.561427593231201,256.016845703125,0.331015944480896,-0.7913793325424194,-0.09910893440246582,1.0,0.0,12.232967376708984,0.17177200317382812
16.349510192871094,0.5077652335166931,-0.751673698425293,-0.011266314424574375,-0.027179725468158722,3.654590606689453,245.20339965820312,-2.4376864433288574,255.83741760253906,0.4059062898159027,-0.7241721153259277,-0.10823345184326172,1.0,0.0,12.232967376708984,0.19090843200683594
16.350011825561523,0.6048521995544434,-0.6844100952148438,0.008069622330367565,-0.04764634370803833,3.777437210083008,245.20339965820312,-2.312483072280884,255.72344970703125,0.5495002865791321,-0.65530925989151,-0.04629206657409668,1.0,0.0,12.232967376708984,0.19326543807983398
16.350509643554688,0.6902886033058167,-0.6104195713996887,-0.008043658919632435,-0.034622129052877426,3.8896656036376953,236.23304748535156,-2.1865413188934326,255.64239501953125,0.6313049793243408,-0.6352241635322571,-0.08793210983276367,1.0,0.0,12.232967376708984,0.20697832107543945
16.351011276245117,0.7631041407585144,-0.5179319977760315,0.008069622330367565,-0.038343336433172226,4.008016586303711,236.23304748535156,-2.0619165897369385,255.50814819335938,0.7057408690452576,-0.49656447768211365,-0.03703880310058594,1.0,0.0,12.232967376708984,0.21325254440307617
16.35150909423828,0.8174731135368347,-0.4304886758327484,0.006458294112235308,-0.033691830933094025,4.150432586669922,257.96673583984375,-1.9376336336135864,255.36196899414062,0.7519784569740295,-0.4892711937427521,-0.1254260540008545,1.0,0.0,12.232967376708984,0.19511938095092773
16.35201072692871,0.8747542500495911,-0.3245481848716736,1.2981891813979018e-05,-0.02252822183072567,4.279674530029297,257.96673583984375,-1.8148831129074097,255.1546630859375,0.8406926989555359,-0.36217930912971497,-0.07800030708312988,1.0,0.0,12.232967376708984,0.1886277198791504
16.352510452270508,0.9038803577423096,-0.21356278657913208,0.02579423226416111,0.001659597153775394,4.395975112915039,246.97091674804688,-1.691929817199707,254.96031188964844,0.8616722822189331,-0.27894338965415955,-0.1074361801147461,1.0,0.0,12.232967376708984,0.1952805519104004
16.353010177612305,0.916501522064209,-0.1042589396238327,0.02740556001663208,0.0193353109061718,4.519706726074219,246.97091674804688,-1.5703679323196411,254.71144104003906,0.8399168252944946,-0.21267415583133698,-0.16423797607421875,1.0,0.0,12.232967376708984,0.19311094284057617
16.3535099029541,0.9300938248634338,0.013452732004225254,0.03223954513669014,0.02026561088860035,4.654823303222656,257.7087707519531,-1.4482049942016602,254.49342346191406,0.8923404812812805,-0.062093961983919144,-0.10771441459655762,1.0,0.0,12.232967376708984,0.18015718460083008
16.35401153564453,0.9232974648475647,0.12611991167068481,0.01290360651910305,0.009102001786231995,4.78419303894043,257.7087707519531,-1.3271652460098267,254.2323760986328,0.8848927021026611,-0.007089737802743912,-0.16762995719909668,1.0,0.0,12.232967376708984,0.1718273162841797
16.354509353637695,0.8970842361450195,0.23878668248653412,0.0370735265314579,0.04724432900547981,4.87641716003418,225.72088623046875,-1.2060450315475464,253.98043823242188,0.876657247543335,0.11126887798309326,-0.15451836585998535,1.0,0.0,12.232967376708984,0.20072317123413086
16.355010986328125,0.8650455474853516,0.3413640558719635,0.02740556001663208,0.04166252538561821,4.9897308349609375,225.72088623046875,-1.0863196849822998,253.67539978027344,0.8388850092887878,0.24092255532741547,-0.12078642845153809,1.0,0.0,12.232967376708984,0.20713472366333008
16.35550880432129,0.8135893940925598,0.4372151494026184,0.0370735265314579,0.030498916283249855,5.150419235229492,268.4466247558594,-0.9659421443939209,253.40402221679688,0.7784324884414673,0.29663318395614624,-0.15699553489685059,1.0,0.0,12.232967376708984,0.1668238639831543
16.35601043701172,0.7524244785308838,0.5364294052124023,0.02257157489657402,0.025847412645816803,5.285177230834961,268.4466247558594,-0.8453600406646729,253.1468963623047,0.7400819063186646,0.4011768102645874,-0.14495491981506348,1.0,0.0,12.232967376708984,0.1526484489440918
16.356508255004883,0.6611625552177429,0.6272358298301697,0.03062821552157402,0.028638318181037903,5.394596099853516,246.97091674804688,-0.7243964672088623,252.91111755371094,0.6125929355621338,0.4337306022644043,-0.14664816856384277,1.0,0.0,12.232967376708984,0.16419267654418945
16.357011795043945,0.5854349136352539,0.7113153338432312,0.02096024714410305,0.03608072176575661,5.518575668334961,246.97091674804688,-0.6023814678192139,252.72450256347656,0.556446373462677,0.5826134085655212,-0.07615494728088379,1.0,0.0,12.232967376708984,0.16222810745239258
16.357507705688477,0.49611493945121765,0.7785794138908386,0.02740556001663208,0.0249171145260334,5.653444290161133,257.7087707519531,-0.48064351081848145,252.5301971435547,0.5043908953666687,0.6486392021179199,-0.09655427932739258,1.0,0.0,12.232967376708984,0.14909791946411133
16.358007431030273,0.38543546199798584,0.8357537388801575,0.014514935202896595,0.02305651269853115,5.782299041748047,257.7087707519531,-0.3578040599822998,252.3862762451172,0.3662397563457489,0.709759533405304,-0.03461122512817383,1.0,0.0,12.232967376708984,0.1430821418762207
16.35850715637207,0.28252294659614563,0.8761121034622192,0.03546220064163208,0.051895830780267715,5.874784469604492,225.49517822265625,-0.23469924926757812,252.25643920898438,0.3373592495918274,0.785613477230072,-0.08721923828125,1.0,0.0,12.232967376708984,0.17370176315307617
16.3590087890625,0.16990216076374054,0.8996544480323792,0.01934891939163208,0.04073222726583481,5.987531661987305,225.49517822265625,-0.11088061332702637,252.15933227539062,0.1934482604265213,0.7787222862243652,-0.04878854751586914,1.0,0.0,12.232967376708984,0.18477296829223633
16.359508514404297,0.06504843384027481,0.9164701104164124,0.02257157489657402,0.051895830780267715,6.12480354309082,247.21812438964844,0.01342153549194336,252.08460998535156,0.096217080950737,0.8341535925865173,-0.044448137283325195,1.0,0.0,12.232967376708984,0.17180347442626953
16.360008239746094,-0.04951443150639534,0.91310715675354,0.01934891939163208,0.04073222726583481,6.248414993286133,247.21812438964844,0.13782954216003418,252.01583862304688,-0.004989825654774904,0.8079469203948975,-0.04787802696228027,1.0,0.0,12.232967376708984,0.17260026931762695
16.36050796508789,-0.16407717764377594,0.8962910771369934,0.02096024714410305,0.04352312535047531,0.1131291389465332,268.7153625488281,0.2624528408050537,251.95779418945312,-0.12313052266836166,0.7939176559448242,-0.024733304977416992,1.0,0.0,12.232967376708984,0.1493237018585205
16.361007690429688,-0.27863991260528564,0.866022527217865,0.0016243100399151444,0.032359518110752106,0.24721765518188477,268.7153625488281,0.3873324394226074,251.91136169433594,-0.1993948519229889,0.7937709093093872,-0.057524681091308594,1.0,0.0,12.232967376708984,0.14011478424072266
16.361507415771484,-0.38349390029907227,0.8323903679847717,-0.00482100248336792,0.030498918145895004,0.35700273513793945,246.97091674804688,0.5117027759552002,251.84481811523438,-0.3300122618675232,0.8377429842948914,-0.05274176597595215,1.0,0.0,12.232967376708984,0.15470004081726074
16.36200714111328,-0.491260290145874,0.766808271408081,-0.0032096742652356625,0.029568618163466454,0.48048830032348633,246.97091674804688,0.6362524032592773,251.78721618652344,-0.4180425703525543,0.7163521647453308,-0.02420186996459961,1.0,0.0,12.232967376708984,0.15576410293579102
16.362506866455078,-0.5864057540893555,0.7096337676048279,0.02096024714410305,0.03422011807560921,0.591576099395752,235.99703979492188,0.7611324787139893,251.74452209472656,-0.5078174471855164,0.7170276045799255,-0.06127810478210449,1.0,0.0,12.232967376708984,0.1695563793182373
16.363006591796875,-0.6699004769325256,0.6255538463592529,-0.006432330701500177,0.03515041992068291,0.7095723152160645,235.99703979492188,0.8852794170379639,251.6719207763672,-0.5769192576408386,0.6098815202713013,-0.043970584869384766,1.0,0.0,12.232967376708984,0.17570710182189941
16.363506317138672,-0.7436866164207458,0.544837236404419,-0.0032096742652356625,0.02026561088860035,0.8402390480041504,247.21812438964844,1.010479211807251,251.64517211914062,-0.6929739117622375,0.5410390496253967,-0.018801212310791016,1.0,0.0,12.232967376708984,0.17024016380310059
16.36400604248047,-0.8135896325111389,0.4506678879261017,-0.011266314424574375,0.015614106319844723,0.9638504981994629,247.21812438964844,1.1347591876983643,251.58029174804688,-0.7722961902618408,0.4455517530441284,-0.0034208297729492188,1.0,0.0,12.232967376708984,0.17090868949890137
16.3645076751709,-0.8601910471916199,0.34977230429649353,0.02579423226416111,0.03701102361083031,1.1114468574523926,268.4466247558594,1.2591564655303955,251.521728515625,-0.8181021809577942,0.3998503088951111,-0.05940723419189453,1.0,0.0,12.232967376708984,0.14770960807800293
16.365005493164062,-0.9048511981964111,0.23206062614917755,-0.006432330701500177,0.012823205441236496,1.2454018592834473,268.4466247558594,1.3832390308380127,251.45118713378906,-0.886999249458313,0.2624991834163666,-0.01645183563232422,1.0,0.0,12.232967376708984,0.13783717155456543
16.365507125854492,-0.9232978224754333,0.11266676336526871,-0.0015983461635187268,0.03980192914605141,1.3556275367736816,246.97091674804688,1.5071384906768799,251.37416076660156,-0.8377189040184021,0.2062806338071823,-0.09441232681274414,1.0,0.0,12.232967376708984,0.15151095390319824
16.36600685119629,-0.938831627368927,-0.005044905934482813,-0.02576826699078083,0.001659597153775394,1.478865146636963,246.97091674804688,1.6302216053009033,251.26461791992188,-0.9094079732894897,0.06287065893411636,-0.04491138458251953,1.0,0.0,12.232967376708984,0.15135645866394043
16.366506576538086,-0.9252395033836365,-0.12275657802820206,-0.03382490947842598,0.011892902664840221,1.5781025886535645,225.49517822265625,1.7542030811309814,251.19520568847656,-0.860621452331543,-0.036469388753175735,-0.05759429931640625,1.0,0.0,12.232967376708984,0.176100492477417
16.367006301879883,-0.9077638983726501,-0.22701573371887207,-0.02415693923830986,0.00817170087248087,1.690849781036377,225.49517822265625,1.876251459121704,251.04580688476562,-0.8360608220100403,-0.11828109622001648,-0.08160209655761719,1.0,0.0,12.232967376708984,0.18540167808532715
16.36750602722168,-0.8786378502845764,-0.33127444982528687,-0.03382490947842598,-0.017876718193292618,1.8402581214904785,257.96673583984375,2.0001447200775146,250.9773712158203,-0.8723905086517334,-0.27946603298187256,-0.03585243225097656,1.0,0.0,12.232967376708984,0.15988659858703613
16.368005752563477,-0.8359193801879883,-0.43889671564102173,-0.02093428373336792,-0.010434312745928764,1.9692425727844238,257.96673583984375,2.1225802898406982,250.84909057617188,-0.8413285613059998,-0.3615035116672516,-0.06262874603271484,1.0,0.0,12.232967376708984,0.15333771705627441
16.368505477905273,-0.7621333599090576,-0.5397927761077881,-0.01771162636578083,-0.010434312745928764,2.097935199737549,257.7087707519531,2.244945764541626,250.7206573486328,-0.7179763317108154,-0.42970576882362366,-0.05150794982910156,1.0,0.0,12.232967376708984,0.14701056480407715
16.36900520324707,-0.6922307014465332,-0.6272355914115906,-0.02254561148583889,-0.016946416348218918,2.226532459259033,257.7087707519531,2.367387056350708,250.59803771972656,-0.7054727077484131,-0.5068402886390686,-0.0904698371887207,1.0,0.0,12.232967376708984,0.1408545970916748
16.3695068359375,-0.6038811802864075,-0.7129970788955688,-0.01771162636578083,0.000729296647477895,2.3192410469055176,225.49517822265625,2.490330934524536,250.49920654296875,-0.5956401824951172,-0.5994102954864502,-0.047710418701171875,1.0,0.0,12.232967376708984,0.17108988761901855
16.370004653930664,-0.5174738764762878,-0.7819425463676453,-0.04188155010342598,-0.031831227242946625,2.431763172149658,225.49517822265625,2.613874673843384,250.42750549316406,-0.5152876377105713,-0.6875579953193665,-0.032115936279296875,1.0,0.0,12.232967376708984,0.18211150169372559
16.37050437927246,-0.4242703914642334,-0.8323903679847717,-0.02737959660589695,-0.010434313677251339,2.580883502960205,257.7087707519531,2.736424684524536,250.31544494628906,-0.42511430382728577,-0.711976945400238,-0.04990816116333008,1.0,0.0,12.232967376708984,0.15554118156433105
16.371004104614258,-0.30582424998283386,-0.8727487325668335,-0.0434928759932518,-0.034622129052877426,2.7097344398498535,257.7087707519531,2.859877824783325,250.24374389648438,-0.33283165097236633,-0.7223744988441467,-0.06693410873413086,1.0,0.0,12.232967376708984,0.15014338493347168
16.371505737304688,-0.20097015798091888,-0.9164701104164124,0.008069622330367565,0.02119591273367405,2.851015567779541,268.7153625488281,2.9848954677581787,250.23928833007812,-0.22193779051303864,-0.8357915282249451,-0.01955270767211914,1.0,0.0,12.232967376708984,0.1338798999786377
16.372005462646484,-0.0631067231297493,-0.9366495013237,-0.0354362353682518,-0.029970625415444374,2.985374927520752,268.7153625488281,3.10994553565979,250.2366180419922,-0.05977729707956314,-0.8476502299308777,0.04481315612792969,1.0,0.0,12.232967376708984,0.12457060813903809
16.37250518798828,0.06893184036016464,-0.9332861304283142,-0.02899092435836792,-0.031831227242946625,3.1072936058044434,257.7087707519531,-3.0470123291015625,250.2833251953125,0.06255066394805908,-0.8381024599075317,0.06358003616333008,1.0,0.0,12.232967376708984,0.12887954711914062
16.373004913330078,0.19320309162139893,-0.9231967329978943,-0.03704756498336792,-0.06625235825777054,3.2361483573913574,257.7087707519531,-2.9202191829681396,250.35272216796875,0.17032073438167572,-0.8401003479957581,0.06233668327331543,1.0,0.0,12.232967376708984,0.12681818008422852
16.373504638671875,0.30970731377601624,-0.8895648121833801,-0.03221357986330986,-0.04113423451781273,3.328604221343994,225.49517822265625,-2.7925679683685303,250.45640563964844,0.26023784279823303,-0.7998508214950562,0.04919314384460449,1.0,0.0,12.232967376708984,0.16201353073120117
16.374004364013672,0.41261982917785645,-0.8525698184967041,-0.011266314424574375,-0.05880994722247124,3.441122531890869,225.49517822265625,-2.665929079055786,250.5155487060547,0.35631540417671204,-0.8125548958778381,0.021161317825317383,1.0,0.0,12.232967376708984,0.1761336326599121
16.37450408935547,0.5106779336929321,-0.8004399538040161,-0.01771162636578083,-0.0011313053546473384,3.5902419090270996,257.7087707519531,-2.5391221046447754,250.58058166503906,0.46943172812461853,-0.7571121454238892,0.03619575500488281,1.0,0.0,12.232967376708984,0.15382146835327148
16.375003814697266,0.6135901808738708,-0.7298129796981812,-0.01610029861330986,-0.018807020038366318,3.7190937995910645,257.7087707519531,-2.412663459777832,250.62973022460938,0.5708170533180237,-0.6904814839363098,0.04558300971984863,1.0,0.0,12.232967376708984,0.15142822265625
16.375503540039062,0.7097061276435852,-0.6440516710281372,-0.009654986672103405,-0.04671603441238403,3.860374927520752,268.7153625488281,-2.284837245941162,250.73509216308594,0.6780959963798523,-0.6322835683822632,0.04733705520629883,1.0,0.0,12.232967376708984,0.13797330856323242
16.37600326538086,0.7864053249359131,-0.5448374152183533,1.2981891813979018e-05,0.001659596455283463,3.994734287261963,268.7153625488281,-2.157245635986328,250.82852172851562,0.7262446284294128,-0.5429384708404541,0.028186321258544922,1.0,0.0,12.232967376708984,0.13120555877685547
16.37650489807129,0.8524240851402283,-0.4372151494026184,0.0048469663597643375,-0.02531912364065647,4.116652011871338,257.7087707519531,-2.0335135459899902,250.75770568847656,0.7646072506904602,-0.46751442551612854,-0.002527952194213867,1.0,0.0,12.232967376708984,0.13301992416381836
16.377004623413086,0.9145597815513611,-0.32959309220314026,-0.006432330701500177,-0.016946416348218918,4.245506763458252,257.7087707519531,-1.9066933393478394,250.818359375,0.9005227088928223,-0.3644326627254486,0.035077810287475586,1.0,0.0,12.232967376708984,0.13098526000976562
16.377504348754883,0.9543659090995789,-0.2068365216255188,0.01290360651910305,0.014683806337416172,4.337962627410889,225.49517822265625,-1.7799121141433716,250.8761444091797,0.9375985264778137,-0.21339869499206543,0.06921267509460449,1.0,0.0,12.232967376708984,0.16531085968017578
16.378002166748047,0.9728121161460876,-0.09416954964399338,0.009680950082838535,-0.003922207280993462,4.45048189163208,225.49517822265625,-1.653801441192627,250.90438842773438,0.9370946288108826,-0.14348654448986053,0.014734029769897461,1.0,0.0,12.232967376708984,0.17890214920043945
16.378503799438477,0.9805788993835449,0.02690567448735237,0.01129227876663208,-0.038343336433172226,4.623846530914307,279.18450927734375,-1.5274245738983154,250.94337463378906,0.9549703001976013,-0.01383527833968401,0.025868654251098633,1.0,0.0,12.232967376708984,0.13191461563110352
16.379003524780273,0.9679576754570007,0.156388521194458,0.03062821552157402,-0.012294914573431015,4.763439655303955,279.18450927734375,-1.4016698598861694,250.95526123046875,0.9481698274612427,0.08997698128223419,0.009146690368652344,1.0,0.0,12.232967376708984,0.11807584762573242
16.37950325012207,0.9310648441314697,0.2808266580104828,0.0370735265314579,0.04166252538561821,4.879075527191162,257.96673583984375,-1.2762541770935059,250.95262145996094,0.9079456925392151,0.17573711276054382,-0.019812822341918945,1.0,0.0,12.232967376708984,0.12785577774047852
16.380002975463867,0.893200695514679,0.4002200961112976,0.01290360651910305,0.007241400890052319,5.008059024810791,257.96673583984375,-1.152285099029541,250.88958740234375,0.8631558418273926,0.3020717203617096,0.001737833023071289,1.0,0.0,12.232967376708984,0.12284135818481445
16.380502700805664,0.8310651183128357,0.5145688056945801,0.009680950082838535,0.0184050090610981,5.161019802093506,279.18450927734375,-1.0274784564971924,250.8627471923828,0.7930511832237244,0.38237905502319336,-0.010494232177734375,1.0,0.0,12.232967376708984,0.09468698501586914
16.38100242614746,0.7524248957633972,0.6238722205162048,0.01612626202404499,0.02212621085345745,5.300611972808838,279.18450927734375,-0.9027512073516846,250.83303833007812,0.7278433442115784,0.45626702904701233,-0.024619340896606445,1.0,0.0,12.232967376708984,0.07982206344604492
16.381502151489258,0.6621336936950684,0.7264498472213745,0.03868485614657402,0.04259282350540161,5.3795342445373535,225.49517822265625,-0.7762715816497803,250.87786865234375,0.6371015310287476,0.6098206639289856,0.05281639099121094,1.0,0.0,12.232967376708984,0.1273798942565918
16.382001876831055,0.5650467276573181,0.8004399538040161,0.04029618576169014,0.052826136350631714,5.492055416107178,225.49517822265625,-0.6493096351623535,250.94195556640625,0.5394973754882812,0.6835411787033081,0.06503701210021973,1.0,0.0,12.232967376708984,0.14182043075561523
16.38250160217285,0.470872163772583,0.8626591563224792,0.008069622330367565,0.0174747072160244,5.665420055389404,279.18450927734375,-0.5231413841247559,250.9713897705078,0.4516559839248657,0.755603551864624,0.0682976245880127,1.0,0.0,12.232967376708984,0.09462404251098633
16.38300132751465,0.3485424816608429,0.9198334217071533,0.03062821552157402,0.0174747072160244,5.80501127243042,279.18450927734375,-0.3957860469818115,251.0500030517578,0.34401896595954895,0.8152401447296143,0.08046293258666992,1.0,0.0,12.232967376708984,0.08238840103149414
16.383501052856445,0.2165042757987976,0.9568284749984741,0.03385087102651596,0.050965532660484314,5.9327826499938965,268.7153625488281,-0.2671926021575928,251.17897033691406,0.2423495501279831,0.863635241985321,0.07763528823852539,1.0,0.0,12.232967376708984,0.08321046829223633
16.384002685546875,0.08640742301940918,0.9803708791732788,0.01934891939163208,0.03887162730097771,6.067142009735107,268.7153625488281,-0.1382584571838379,251.3194580078125,0.12011091411113739,0.8664857745170593,0.08461570739746094,1.0,0.0,12.232967376708984,0.07778501510620117
16.384502410888672,-0.04951430857181549,0.9803708791732788,0.02257157489657402,0.051895830780267715,6.164794445037842,236.23304748535156,-0.008281469345092773,251.5009307861328,-0.008749405853450298,0.895389199256897,0.10228490829467773,1.0,0.0,12.232967376708984,0.11010980606079102
16.38500213623047,-0.17184410989284515,0.9702814221382141,0.01612626202404499,0.04445342719554901,6.2829108238220215,236.23304748535156,0.1212158203125,251.65847778320312,-0.1381283551454544,0.8583168983459473,0.12271571159362793,1.0,0.0,12.232967376708984,0.121490478515625
16.385501861572266,-0.29417380690574646,0.9366495013237,0.03385087102651596,0.06585033982992172,0.15454769134521484,268.7153625488281,0.25252199172973633,251.88877868652344,-0.24979448318481445,0.8313023447990417,0.12383198738098145,1.0,0.0,12.232967376708984,0.09797430038452148
16.386001586914062,-0.41650334000587463,0.8895648121833801,0.00323563814163208,0.051895834505558014,0.2886371612548828,268.7153625488281,0.38480401039123535,252.1549530029297,-0.37250611186027527,0.8146582245826721,0.12862658500671387,1.0,0.0,12.232967376708984,0.09616684913635254
16.38650131225586,-0.5349496006965637,0.8256643414497375,0.01612626202404499,0.03887162357568741,0.4345083236694336,278.90557861328125,0.5163729190826416,252.38568115234375,-0.46718189120292664,0.7704969644546509,0.1132669448852539,1.0,0.0,12.232967376708984,0.08186459541320801
16.387001037597656,-0.6436872482299805,0.7449474930763245,0.009680950082838535,0.03887162730097771,0.5739612579345703,278.90557861328125,0.6473085880279541,252.58511352539062,-0.5616617202758789,0.7008285522460938,0.11293888092041016,1.0,0.0,12.232967376708984,0.07334733009338379
16.387500762939453,-0.73980313539505,0.6524595022201538,0.009680950082838535,0.04817463085055351,0.7016077041625977,268.4466247558594,0.7782573699951172,252.7805938720703,-0.6504329442977905,0.6775459051132202,0.07125544548034668,1.0,0.0,12.232967376708984,0.07664966583251953
16.38800048828125,-0.8281523585319519,0.5465189814567566,-0.006432330701500177,0.003520197933539748,0.8358297348022461,268.4466247558594,0.9098565578460693,252.99949645996094,-0.7595040202140808,0.5414672493934631,0.12642574310302734,1.0,0.0,12.232967376708984,0.07402682304382324
16.388500213623047,-0.899026095867157,0.43048909306526184,-0.01448897086083889,0.02491711638867855,0.9460859298706055,247.21812438964844,1.0415771007537842,253.2189178466797,-0.8390683531761169,0.450869619846344,0.12102603912353516,1.0,0.0,12.232967376708984,0.09549117088317871
16.389001846313477,-0.9456276893615723,0.309413880109787,-0.01610029861330986,0.010962603613734245,1.0696954727172852,247.21812438964844,1.1736266613006592,253.447509765625,-0.8683512806892395,0.32085368037223816,0.1282205581665039,1.0,0.0,12.232967376708984,0.10393118858337402
16.389501571655273,-0.9893169403076172,0.18665732443332672,1.2981891813979018e-05,0.033289819955825806,1.2172918319702148,268.4466247558594,1.3050463199615479,253.6448974609375,-0.9370840191841125,0.18933755159378052,0.1515364646911621,1.0,0.0,12.232967376708984,0.08775448799133301
16.389999389648438,-0.9999964237213135,0.060537610203027725,-0.01610029861330986,0.007241401355713606,1.3512468338012695,268.4466247558594,1.435230016708374,253.78598022460938,-0.9439820647239685,0.1370457261800766,0.0762796401977539,1.0,0.0,12.232967376708984,0.08398318290710449
16.390501022338867,-0.9961130023002625,-0.07399055361747742,-0.01932295598089695,0.02212621085345745,1.5100059509277344,289.9223937988281,1.565234899520874,253.91664123535156,-0.9146332740783691,0.031837087124586105,0.055608272552490234,1.0,0.0,12.232967376708984,0.05522894859313965
16.391000747680664,-0.970870316028595,-0.21188142895698547,-0.03704756498336792,-0.014155515469610691,1.6546764373779297,289.9223937988281,1.6956231594085693,254.0603485107422,-0.8986687660217285,-0.06102808937430382,0.027751445770263672,1.0,0.0,12.232967376708984,0.04094672203063965
16.39150047302246,-0.9407733082771301,-0.35145366191864014,-0.02737959660589695,0.0007292955997399986,1.7753934860229492,268.4466247558594,1.8255398273468018,254.1817626953125,-0.91448974609375,-0.23861242830753326,0.08554506301879883,1.0,0.0,12.232967376708984,0.05014634132385254
16.392000198364258,-0.8805795311927795,-0.47589197754859924,-0.02899092435836792,-0.016946418210864067,1.9096155166625977,268.4466247558594,1.9567015171051025,254.35272216796875,-0.8411442041397095,-0.33691197633743286,0.08015584945678711,1.0,0.0,12.232967376708984,0.04708600044250488
16.392499923706055,-0.8077640533447266,-0.5818325281143188,-0.03060225211083889,-0.055088747292757034,2.007737159729004,236.4695281982422,2.0859787464141846,254.4410400390625,-0.7707582712173462,-0.39923030138015747,0.04772138595581055,1.0,0.0,12.232967376708984,0.07824158668518066
16.39299964904785,-0.7330071926116943,-0.677683413028717,-0.03060225211083889,-0.032761529088020325,2.1259708404541016,236.4695281982422,2.2163565158843994,254.5738067626953,-0.7461039423942566,-0.5385963320732117,0.06479787826538086,1.0,0.0,12.232967376708984,0.09038567543029785
16.39349937438965,-0.6436870098114014,-0.7651262879371643,-0.03060225211083889,-0.056949347257614136,2.3046083450317383,289.9223937988281,2.347740411758423,254.74620056152344,-0.6609269380569458,-0.6753728985786438,0.10458612442016602,1.0,0.0,12.232967376708984,0.04313206672668457
16.393999099731445,-0.5203864574432373,-0.8441617488861084,-0.01287764310836792,-0.013225213624536991,2.4495697021484375,289.9223937988281,2.479290246963501,254.92173767089844,-0.5087802410125732,-0.677595853805542,0.10362720489501953,1.0,0.0,12.232967376708984,0.029720544815063477
16.394500732421875,-0.4067946970462799,-0.9164701104164124,-0.02415693923830986,-0.02345852181315422,2.5823965072631836,279.18450927734375,2.6110966205596924,255.1044921875,-0.4349614679813385,-0.8317094445228577,0.13420486450195312,1.0,0.0,12.232967376708984,0.02870011329650879
16.39499855041504,-0.2631058990955353,-0.9635552167892456,-0.0354362353682518,-0.04113423451781273,2.7217092514038086,279.18450927734375,2.745572328567505,255.39552307128906,-0.26166030764579773,-0.8497227430343628,0.18316650390625,1.0,0.0,12.232967376708984,0.02386307716369629
16.395498275756836,-0.12912587821483612,-0.9904603958129883,1.2981891813979018e-05,-0.007643410470336676,2.861618995666504,279.4639587402344,2.880422830581665,255.69615173339844,-0.15287432074546814,-0.8857494592666626,0.17619895935058594,1.0,0.0,12.232967376708984,0.018803834915161133
16.395999908447266,0.018446555361151695,-1.0005502700805664,-0.03060225211083889,-0.04206453636288643,3.001349449157715,279.4639587402344,3.015363931655884,255.99441528320312,-0.015691209584474564,-0.9014201164245605,0.19493913650512695,1.0,0.0,12.232967376708984,0.014014482498168945
16.396499633789062,0.14271782338619232,-0.9938240051269531,0.0016243100399151444,-0.04578574001789093,3.0922317504882812,236.23304748535156,-3.131129741668701,256.3596496582031,0.06940512359142303,-0.995671272277832,0.14516091346740723,1.0,0.0,12.232967376708984,0.05982398986816406
16.39699935913086,0.2805817425251007,-0.9669181108474731,-0.011266314424574375,-0.027179725468158722,3.210348129272461,236.23304748535156,-2.995114803314209,256.6891174316406,0.2514934539794922,-0.8913918137550354,0.21494126319885254,1.0,0.0,12.232967376708984,0.07772254943847656
16.397499084472656,0.3951444625854492,-0.9198334217071533,-0.02254561148583889,-0.05043724179267883,3.3769989013671875,279.18450927734375,-2.8585805892944336,257.0330810546875,0.3180806338787079,-0.878364086151123,0.15070343017578125,1.0,0.0,12.232967376708984,0.04760599136352539
16.397998809814453,0.5194154977798462,-0.8592958450317383,-0.006432330701500177,-0.037413034588098526,3.516592025756836,279.18450927734375,-2.722817897796631,257.3376159667969,0.4686552882194519,-0.8360065221786499,0.17865633964538574,1.0,0.0,12.232967376708984,0.04377555847167969
16.39849853515625,0.6330074667930603,-0.776897668838501,0.009680950082838535,-0.028110025450587273,3.656184196472168,279.18450927734375,-2.5860602855682373,257.6774597167969,0.5777307152748108,-0.7554817795753479,0.18395233154296875,1.0,0.0,12.232967376708984,0.04094076156616211
16.398998260498047,0.7378612160682678,-0.6827285289764404,-0.0032096742652356625,-0.054158445447683334,3.795496940612793,279.18450927734375,-2.449770450592041,257.9906311035156,0.6636534929275513,-0.6752004027366638,0.17163491249084473,1.0,0.0,12.232967376708984,0.0379180908203125
16.399497985839844,0.8223274350166321,-0.5767878293991089,0.006458294112235308,0.003520197933539748,3.935089111328125,279.18450927734375,-2.313002824783325,258.31689453125,0.7642920613288879,-0.6165691018104553,0.1500837802886963,1.0,0.0,12.232967376708984,0.03509378433227539
16.39999771118164,0.9077638983726501,-0.45571258664131165,-0.02576826699078083,-0.052297841757535934,4.074680328369141,279.18450927734375,-2.177651882171631,258.57733154296875,0.855976402759552,-0.48019975423812866,0.18253302574157715,1.0,0.0,12.232967376708984,0.030853271484375
16.400497436523438,0.9563073515892029,-0.3245481848716736,0.03546220064163208,0.007241401355713606,4.177905082702637,246.97091674804688,-2.041381359100342,258.8704833984375,0.9055606126785278,-0.3527393937110901,0.18617749214172363,1.0,0.0,12.232967376708984,0.06389904022216797
16.400997161865234,0.9825207591056824,-0.21188122034072876,0.02096024714410305,0.0174747072160244,4.301389694213867,246.97091674804688,-1.9063385725021362,259.1060485839844,0.9343899488449097,-0.31756818294525146,0.09465575218200684,1.0,0.0,12.232967376708984,0.07545709609985352
16.401498794555664,1.0087343454360962,-0.07903503626585007,0.01612626202404499,-0.031831227242946625,4.461560249328613,279.4639587402344,-1.7728761434555054,259.2705993652344,0.9702910780906677,-0.16165576875209808,0.1239006519317627,1.0,0.0,12.232967376708984,0.04874897003173828
16.40199851989746,1.00485098361969,0.052129365503787994,0.01612626202404499,0.014683805406093597,4.601291179656982,279.4639587402344,-1.6385679244995117,259.4667053222656,0.9746532440185547,-0.08386077731847763,0.06868553161621094,1.0,0.0,12.232967376708984,0.043326377868652344
16.402498245239258,0.983491837978363,0.19002044200897217,0.01129227876663208,-0.0011313053546473384,4.752841949462891,289.9223937988281,-1.5051531791687012,259.62158203125,0.947975754737854,0.06003446504473686,0.08446335792541504,1.0,0.0,12.232967376708984,0.025190353393554688
16.402996063232422,0.9465985894203186,0.3279113173484802,0.01290360651910305,0.014683806337416172,4.897512912750244,289.9223937988281,-1.3705540895462036,259.82269287109375,0.9073517918586731,0.19176767766475677,0.09501433372497559,1.0,0.0,12.232967376708984,0.015118598937988281
16.40349769592285,0.8883463740348816,0.45571279525756836,0.04674149677157402,0.04910493269562721,4.993982315063477,246.97091674804688,-1.2368133068084717,259.9834899902344,0.8612465262413025,0.2954849600791931,0.08350062370300293,1.0,0.0,12.232967376708984,0.05238962173461914
16.40399742126465,0.8271815776824951,0.5616533160209656,0.01612626202404499,0.029568614438176155,5.117466449737549,246.97091674804688,-1.1030452251434326,260.14227294921875,0.8120349645614624,0.41446739435195923,0.09124994277954102,1.0,0.0,12.232967376708984,0.06267404556274414
16.404497146606445,0.7427160143852234,0.6675940155982971,0.01934891939163208,0.014683806337416172,5.277323246002197,279.18450927734375,-0.9682087898254395,260.3425598144531,0.7068542242050171,0.5120568871498108,0.11155319213867188,1.0,0.0,12.232967376708984,0.037653446197509766
16.404996871948242,0.6436867713928223,0.7651267051696777,0.04674149677157402,0.026777714490890503,5.416913986206055,279.18450927734375,-0.8331356048583984,260.5487060546875,0.6248466968536377,0.6574847102165222,0.1606731414794922,1.0,0.0,12.232967376708984,0.03313589096069336
16.40549659729004,0.5330080389976501,0.8424801826477051,0.02096024714410305,0.028638318181037903,5.544383525848389,268.4466247558594,-0.6979968547821045,260.7530517578125,0.5333356261253357,0.728399932384491,0.15351176261901855,1.0,0.0,12.232967376708984,0.04080533981323242
16.405996322631836,0.40873655676841736,0.9030174016952515,0.02740556001663208,0.03608072176575661,5.678605556488037,268.4466247558594,-0.5617644786834717,260.9992370605469,0.40200603008270264,0.7844453454017639,0.17589211463928223,1.0,0.0,12.232967376708984,0.0428156852722168
16.406496047973633,0.28640708327293396,0.9501022100448608,0.014514935202896595,0.006311099976301193,5.82526969909668,279.4639587402344,-0.4248673915863037,261.26812744140625,0.30627256631851196,0.8400141000747681,0.162980318069458,1.0,0.0,12.232967376708984,0.033048152923583984
16.40699577331543,0.14271806180477142,0.9803708791732788,0.02257157489657402,0.033289819955825806,5.964722156524658,279.4639587402344,-0.2874453067779541,261.5534973144531,0.14419522881507874,0.8577919006347656,0.20892739295959473,1.0,0.0,12.232967376708984,0.031017780303955078
16.407495498657227,0.01650497131049633,0.9904603958129883,0.009680950082838535,0.04445342719554901,6.080183506011963,257.96673583984375,-0.14936304092407227,261.8603210449219,0.0928339883685112,0.9327297806739807,0.13799142837524414,1.0,0.0,12.232967376708984,0.05363893508911133
16.407995223999023,-0.11747530102729797,0.983734130859375,0.009680950082838535,0.04073222726583481,6.209167003631592,257.96673583984375,-0.010878801345825195,262.1778259277344,-0.06916579604148865,0.910101592540741,0.1748216152191162,1.0,0.0,12.232967376708984,0.06313943862915039
16.408496856689453,-0.2553388476371765,0.9568284749984741,0.02257157489657402,0.04445342719554901,0.07894039154052734,279.18450927734375,0.12803888320922852,262.5069885253906,-0.2220337986946106,0.8356229662895203,0.22006011009216309,1.0,0.0,12.232967376708984,0.04909849166870117
16.40899658203125,-0.37572669982910156,0.9097438454627991,0.008069622330367565,0.01189290452748537,0.21853303909301758,279.18450927734375,0.26714324951171875,262.836669921875,-0.2881324589252472,0.8533759713172913,0.1466691493988037,1.0,0.0,12.232967376708984,0.04861021041870117
16.409496307373047,-0.5009692907333374,0.850888192653656,0.03062821552157402,0.05468673259019852,0.3581256866455078,279.18450927734375,0.40467166900634766,263.09326171875,-0.40122824907302856,0.8731082677841187,0.11422967910766602,1.0,0.0,12.232967376708984,0.046545982360839844
16.409996032714844,-0.6262115240097046,0.7684895992279053,-0.0032096742652356625,0.04817463457584381,0.49771833419799805,279.18450927734375,0.5442407131195068,263.4303894042969,-0.5554637312889099,0.7074727416038513,0.21002721786499023,1.0,0.0,12.232967376708984,0.04652237892150879
16.41049575805664,-0.7174732089042664,0.6776835918426514,0.009680950082838535,0.016544409096240997,0.6494426727294922,289.9223937988281,0.6839344501495361,263.76544189453125,-0.6119175553321838,0.6904098391532898,0.12969636917114258,1.0,0.0,12.232967376708984,0.034491777420043945
16.410995483398438,-0.8097059726715088,0.5717431306838989,-0.01610029861330986,0.010962603613734245,0.7941136360168457,289.9223937988281,0.8225071430206299,264.0466003417969,-0.7398558259010315,0.6116159558296204,0.1460895538330078,1.0,0.0,12.232967376708984,0.02839350700378418
16.411495208740234,-0.8902882933616638,0.4523492455482483,-0.01287764310836792,0.009102001786231995,0.890831470489502,246.97091674804688,0.9607603549957275,264.3086242675781,-0.815926730632782,0.49902108311653137,0.1498260498046875,1.0,0.0,12.232967376708984,0.06992888450622559
16.41199493408203,-0.941744327545166,0.33631935715675354,-0.02093428373336792,0.0174747072160244,1.014068603515625,246.97091674804688,1.0999596118927002,264.6044006347656,-0.8794915080070496,0.4254933297634125,0.10886049270629883,1.0,0.0,12.232967376708984,0.0858910083770752
16.412494659423828,-0.9815501570701599,0.2068365216255188,-0.0015983461635187268,0.032359518110752106,1.1739239692687988,279.18450927734375,1.2382004261016846,264.8540344238281,-0.918921709060669,0.24006827175617218,0.1660022735595703,1.0,0.0,12.232967376708984,0.06427645683288574
16.412994384765625,-0.9951422810554504,0.07567190378904343,-0.01287764310836792,0.012823204509913921,1.3135147094726562,279.18450927734375,1.3760035037994385,265.07940673828125,-0.9168280363082886,0.18342342972755432,0.08602190017700195,1.0,0.0,12.232967376708984,0.06248879432678223
16.413494110107422,-1.0009673833847046,-0.0655825138092041,-0.01932295598089695,0.010962601751089096,1.4531092643737793,279.18450927734375,1.513578176498413,265.2910461425781,-0.9483320713043213,0.0016327189514413476,0.14449739456176758,1.0,0.0,12.232967376708984,0.06046891212463379
16.41399574279785,-0.980579137802124,-0.20179161429405212,-0.02899092435836792,-0.018807020038366318,1.5927000045776367,279.18450927734375,1.6513688564300537,265.5071716308594,-0.9279589653015137,-0.10947897285223007,0.12585735321044922,1.0,0.0,12.232967376708984,0.05866885185241699
16.41449546813965,-0.9427151083946228,-0.33463799953460693,-0.03382490947842598,-0.016016118228435516,1.7447428703308105,290.21258544921875,1.7888901233673096,265.7077941894531,-0.9123221635818481,-0.2383975237607956,0.12656354904174805,1.0,0.0,12.232967376708984,0.04414725303649902
16.414995193481445,-0.8834922313690186,-0.46412041783332825,-0.02737959660589695,-0.02531912364065647,1.8898496627807617,290.21258544921875,1.9257481098175049,265.8760070800781,-0.8591878414154053,-0.33978521823883057,0.11069917678833008,1.0,0.0,12.232967376708984,0.035898447036743164
16.415494918823242,-0.8155310750007629,-0.5818325281143188,-0.02415693923830986,-0.01229491364210844,1.973958969116211,236.23304748535156,2.062443971633911,266.0339660644531,-0.8229372501373291,-0.4624262750148773,0.10940361022949219,1.0,0.0,12.232967376708984,0.0884850025177002
16.41599464416504,-0.729123592376709,-0.6709571480751038,-0.02415693923830986,-0.029040327295660973,2.091838836669922,236.23304748535156,2.1999924182891846,266.2242126464844,-0.7325093746185303,-0.5044916272163391,0.06288719177246094,1.0,0.0,12.232967376708984,0.1081535816192627
16.416494369506836,-0.6368911862373352,-0.756718635559082,-0.02576826699078083,-0.026249423623085022,2.270571231842041,289.9223937988281,2.3371994495391846,266.3962707519531,-0.6326848268508911,-0.6209809184074402,0.09883737564086914,1.0,0.0,12.232967376708984,0.06662821769714355
16.416994094848633,-0.52912437915802,-0.8357539176940918,-0.01771162636578083,-0.038343336433172226,2.4155311584472656,289.9223937988281,2.4744226932525635,266.5653991699219,-0.5813380479812622,-0.7233493328094482,0.07934427261352539,1.0,0.0,12.232967376708984,0.05889153480529785
16.41749382019043,-0.3990277349948883,-0.9030174016952515,-0.01771162636578083,-0.008573709987103939,2.5483713150024414,279.18450927734375,2.6113293170928955,266.7178039550781,-0.40256255865097046,-0.7681316137313843,0.13698148727416992,1.0,0.0,12.232967376708984,0.0629580020904541
16.417993545532227,-0.27087298035621643,-0.9433757662773132,-0.00482100248336792,-0.036482732743024826,2.687962055206299,279.18450927734375,2.7504518032073975,266.9598693847656,-0.3229430317878723,-0.8063893914222717,0.09958887100219727,1.0,0.0,12.232967376708984,0.06248974800109863
16.418493270874023,-0.13300929963588715,-0.9770079255104065,-0.02737959660589695,-0.02345852181315422,2.8400049209594727,290.21258544921875,2.889249086380005,267.1834716796875,-0.17623156309127808,-0.8428103923797607,0.13580799102783203,1.0,0.0,12.232967376708984,0.04924416542053223
16.418994903564453,0.006796329747885466,-0.9904603958129883,-0.02093428373336792,-0.017876718193292618,2.985111713409424,290.21258544921875,3.0287935733795166,267.4337463378906,-0.038282912224531174,-0.9337434768676758,0.16160821914672852,1.0,0.0,12.232967376708984,0.04368185997009277
16.41949462890625,0.14466001093387604,-0.9770079255104065,0.008069622330367565,-0.04392514005303383,3.081355571746826,246.97091674804688,-3.1159305572509766,267.6330871582031,0.0904797911643982,-0.8964517712593079,0.1647932529449463,1.0,0.0,12.232967376708984,0.08589935302734375
16.419992446899414,0.27087298035621643,-0.9534655809402466,-0.00482100248336792,-0.01973732002079487,3.204592704772949,246.97091674804688,-2.9752237796783447,267.9225769042969,0.20536185801029205,-0.9268180727958679,0.14154958724975586,1.0,0.0,12.232967376708984,0.10336923599243164
16.42049217224121,0.3912610709667206,-0.9063808917999268,0.008069622330367565,-0.04578574001789093,3.3768997192382812,290.21258544921875,-2.8347270488739014,268.1971740722656,0.3130425810813904,-0.9217503070831299,0.11035537719726562,1.0,0.0,12.232967376708984,0.07155847549438477
16.42099380493164,0.5213574767112732,-0.8424801826477051,-0.009654986672103405,-0.02252822183072567,3.5220065116882324,290.21258544921875,-2.6941592693328857,268.4690856933594,0.4514484405517578,-0.8287291526794434,0.14141392707824707,1.0,0.0,12.232967376708984,0.06701993942260742
16.421493530273438,0.6417452692985535,-0.761763334274292,0.00323563814163208,-0.04857663810253143,3.6546497344970703,279.18450927734375,-2.55356764793396,268.7360534667969,0.5872033834457397,-0.7783118486404419,0.14848709106445312,1.0,0.0,12.232967376708984,0.07496786117553711
16.421993255615234,0.7417449355125427,-0.6625493168830872,0.0016243100399151444,-0.008573709987103939,3.7942423820495605,279.18450927734375,-2.4119834899902344,269.03936767578125,0.6712799072265625,-0.6575085520744324,0.15645098686218262,1.0,0.0,12.232967376708984,0.07695960998535156
16.42249298095703,0.8281523585319519,-0.5599719285964966,0.006458294112235308,0.005380799062550068,3.933835029602051,279.18450927734375,-2.2725682258605957,269.2449035644531,0.7709113359451294,-0.6019763946533203,0.12906146049499512,1.0,0.0,12.232967376708984,0.0767822265625
16.422992706298828,0.9009678959846497,-0.44057852029800415,-0.006432330701500177,-0.009504011832177639,4.073427200317383,279.18450927734375,-2.132938861846924,269.4554443359375,0.838119387626648,-0.5050921440124512,0.11002016067504883,1.0,0.0,12.232967376708984,0.07681941986083984
16.423492431640625,0.9524238109588623,-0.3178217113018036,-0.006432330701500177,-0.016946416348218918,4.188750743865967,257.7087707519531,-1.9962000846862793,269.5397644042969,0.8938058018684387,-0.3935381770133972,0.10088229179382324,1.0,0.0,12.232967376708984,0.09823465347290039
16.423992156982422,0.9825209975242615,-0.1917020082473755,0.01290360651910305,-0.0002010049211094156,4.317347526550293,257.7087707519531,-1.8568686246871948,269.731201171875,0.9448301196098328,-0.30370402336120605,0.06521296501159668,1.0,0.0,12.232967376708984,0.10896921157836914
16.42449188232422,1.0029093027114868,-0.06221896782517433,0.01934891939163208,0.02212621085345745,4.470448017120361,279.18450927734375,-1.718504548072815,269.87835693359375,0.9764170050621033,-0.146275594830513,0.08930230140686035,1.0,0.0,12.232967376708984,0.09423303604125977
16.424991607666016,0.9961132407188416,0.07399012893438339,0.01612626202404499,0.0184050090610981,4.610040664672852,279.18450927734375,-1.5810233354568481,269.9851379394531,0.9690333604812622,-0.0472622886300087,0.05166792869567871,1.0,0.0,12.232967376708984,0.09212160110473633
16.425491333007812,0.9650449752807617,0.20851807296276093,0.02579423226416111,0.02398681454360485,4.7375102043151855,268.4466247558594,-1.4447107315063477,270.0406799316406,0.8857421875,0.03816608712077141,0.00698399543762207,1.0,0.0,12.232967376708984,0.10096454620361328
16.42599105834961,0.9349483847618103,0.3346377909183502,0.01612626202404499,0.02212621085345745,4.871733665466309,268.4466247558594,-1.3081259727478027,270.1067199707031,0.9087223410606384,0.21149104833602905,0.0562283992767334,1.0,0.0,12.232967376708984,0.10332584381103516
16.42649269104004,0.8825211524963379,0.452349454164505,0.04029618576169014,0.02119591273367405,4.994124889373779,257.96673583984375,-1.1720657348632812,270.1490478515625,0.8831442594528198,0.3203027546405792,0.039377450942993164,1.0,0.0,12.232967376708984,0.11699485778808594
16.426992416381836,0.8126185536384583,0.5599717497825623,0.01290360651910305,0.02212621085345745,5.12310791015625,257.96673583984375,-1.035295009613037,270.2203674316406,0.794639527797699,0.42986568808555603,0.05062150955200195,1.0,0.0,12.232967376708984,0.12478256225585938
16.427492141723633,0.7242690920829773,0.6591861844062805,0.02418290264904499,0.03794132545590401,5.288201808929443,289.9223937988281,-0.8981637954711914,270.3053894042969,0.7013002634048462,0.5242794752120972,0.05963420867919922,1.0,0.0,12.232967376708984,0.09681987762451172
16.42799186706543,0.6252405643463135,0.7567184567451477,0.02740556001663208,0.03980192542076111,5.432873249053955,289.9223937988281,-0.7612626552581787,270.3790283203125,0.62370365858078,0.6571446061134338,0.09244370460510254,1.0,0.0,12.232967376708984,0.0890498161315918
16.428491592407227,0.5213572382926941,0.8357537388801575,-0.01448897086083889,-0.0029919068329036236,5.565990447998047,279.18450927734375,-0.6240017414093018,270.4660949707031,0.5467151403427124,0.7487959861755371,0.08381175994873047,1.0,0.0,12.232967376708984,0.09319353103637695
16.428991317749023,0.3893188536167145,0.8996544480323792,0.02096024714410305,0.0193353109061718,5.705303192138672,279.18450927734375,-0.48567891120910645,270.5960998535156,0.391497939825058,0.7830824851989746,0.11270928382873535,1.0,0.0,12.232967376708984,0.09220361709594727
16.42949104309082,0.2650476098060608,0.9400123953819275,0.01290360651910305,0.02398681454360485,5.857346534729004,290.21258544921875,-0.34662294387817383,270.7538757324219,0.3294290602207184,0.8453185558319092,0.06550765037536621,1.0,0.0,12.232967376708984,0.07921600341796875
16.429990768432617,0.12135881930589676,0.9702814221382141,0.0016243100399151444,0.023056510835886,6.002452373504639,290.21258544921875,-0.2070753574371338,270.9293518066406,0.1599963754415512,0.8726820349693298,0.11651086807250977,1.0,0.0,12.232967376708984,0.07365751266479492
16.430490493774414,-0.018446555361151695,0.9803708791732788,0.02579423226416111,0.033289819955825806,6.08656120300293,236.23304748535156,-0.06782007217407227,271.08868408203125,0.06550084799528122,0.9164086580276489,0.08715677261352539,1.0,0.0,12.232967376708984,0.12880420684814453
16.43099021911621,-0.13495124876499176,0.9702814221382141,1.2981891813979018e-05,0.035150423645973206,6.204678058624268,236.23304748535156,0.07265496253967285,271.2956237792969,-0.048103220760822296,0.92295902967453,0.07010483741760254,1.0,0.0,12.232967376708984,0.15116262435913086
16.43149185180664,-0.2650478780269623,0.946739137172699,0.006458294112235308,0.010962603613734245,0.10027849674224854,289.9223937988281,0.21228265762329102,271.462890625,-0.2162870168685913,0.8969225287437439,0.11527633666992188,1.0,0.0,12.232967376708984,0.11200404167175293
16.431989669799805,-0.39126071333885193,0.8962910771369934,0.006458294112235308,0.029568618163466454,0.24494969844818115,289.9223937988281,0.352675199508667,271.6587219238281,-0.3222123086452484,0.8795165419578552,0.08938193321228027,1.0,0.0,12.232967376708984,0.10772538185119629
16.432491302490234,-0.5203865766525269,0.8307090401649475,0.01290360651910305,0.003520197933539748,0.37806689739227295,279.18450927734375,0.49382495880126953,271.8822326660156,-0.44882750511169434,0.78044593334198,0.11916685104370117,1.0,0.0,12.232967376708984,0.11575818061828613
16.4329891204834,-0.6310657858848572,0.7533555626869202,-0.00482100248336792,0.026777714490890503,0.5173799991607666,279.18450927734375,0.6329843997955322,272.0174560546875,-0.5707672238349915,0.74202561378479,0.11380434036254883,1.0,0.0,12.232967376708984,0.11560440063476562
16.433490753173828,-0.7281528115272522,0.6591860055923462,1.2981891813979018e-05,0.02212621085345745,0.6690949201583862,289.9223937988281,0.7726049423217773,272.169189453125,-0.6426558494567871,0.6771509647369385,0.07767367362976074,1.0,0.0,12.232967376708984,0.10351014137268066
16.433990478515625,-0.8116478323936462,0.5482005476951599,-0.009654986672103405,0.009102001786231995,0.8140565156936646,289.9223937988281,0.9127838611602783,272.3410949707031,-0.7315229773521423,0.6028528809547424,0.0597376823425293,1.0,0.0,12.232967376708984,0.09872746467590332
16.434490203857422,-0.8796085715293884,0.4372149407863617,-0.01932295598089695,0.012823205441236496,0.9108043909072876,247.21812438964844,1.0518524646759033,272.4627380371094,-0.7973067164421082,0.5682792663574219,-0.009543418884277344,1.0,0.0,12.232967376708984,0.14104819297790527
16.43498992919922,-0.938831627368927,0.31445878744125366,-0.011266314424574375,0.006311099976301193,1.0344128608703613,247.21812438964844,1.1904304027557373,272.5614318847656,-0.8696847558021545,0.3720369338989258,0.06723785400390625,1.0,0.0,12.232967376708984,0.15601754188537598
16.435489654541016,-0.970870316028595,0.1917022168636322,-0.01610029861330986,-0.003922207280993462,1.2062784433364868,289.9223937988281,1.3303959369659424,272.7161560058594,-0.9206606149673462,0.24340865015983582,0.0731039047241211,1.0,0.0,12.232967376708984,0.12411761283874512
16.435989379882812,-0.9834915995597839,0.05549270287156105,-0.02737959660589695,-0.029040327295660973,1.3509496450424194,289.9223937988281,1.4674599170684814,272.74578857421875,-0.9171401858329773,0.16673347353935242,0.014441967010498047,1.0,0.0,12.232967376708984,0.11651015281677246
16.43648910522461,-0.9796083569526672,-0.08239816874265671,-0.03060225211083889,-0.0011313053546473384,1.4840668439865112,279.18450927734375,1.6043455600738525,272.7674255371094,-0.9163475632667542,0.04986013472080231,0.0029897689819335938,1.0,0.0,12.232967376708984,0.12027859687805176
16.436988830566406,-0.9679576754570007,-0.21692633628845215,-0.02576826699078083,-0.005782809108495712,1.6233799457550049,279.18450927734375,1.7413556575775146,272.7938537597656,-0.9545693397521973,-0.09984452277421951,0.02465534210205078,1.0,0.0,12.232967376708984,0.11797571182250977
16.437488555908203,-0.9194143414497375,-0.3480904996395111,-0.03221357986330986,-0.039273638278245926,1.7629717588424683,279.18450927734375,1.8790528774261475,272.8484191894531,-0.8834267258644104,-0.2122800052165985,0.018553733825683594,1.0,0.0,12.232967376708984,0.11608099937438965
16.43798828125,-0.8650456070899963,-0.47589197754859924,-0.02899092435836792,-0.026249423623085022,1.9025644063949585,279.18450927734375,2.015399217605591,272.84527587890625,-0.8450700640678406,-0.3591746985912323,0.0484013557434082,1.0,0.0,12.232967376708984,0.11283469200134277
16.438488006591797,-0.7912594676017761,-0.5835142731666565,-0.03221357986330986,-0.031831227242946625,2.0060672760009766,247.21812438964844,2.152013063430786,272.8533020019531,-0.7764952778816223,-0.42443814873695374,0.009973526000976562,1.0,0.0,12.232967376708984,0.14594578742980957
16.438989639282227,-0.708735466003418,-0.6726387143135071,-0.03221357986330986,-0.035552430897951126,2.12967586517334,247.21812438964844,2.2892491817474365,272.8873291015625,-0.7237744927406311,-0.5137994885444641,-0.0102386474609375,1.0,0.0,12.232967376708984,0.15957331657409668
16.439489364624023,-0.608735978603363,-0.7584002614021301,-0.03382490947842598,-0.04764634370803833,2.301541328430176,289.9223937988281,2.426898241043091,272.93804931640625,-0.6005434989929199,-0.6089876890182495,0.027333736419677734,1.0,0.0,12.232967376708984,0.12535691261291504
16.43998908996582,-0.5019400715827942,-0.8357539176940918,-0.00482100248336792,-0.004852508660405874,2.446502208709717,289.9223937988281,2.5637619495391846,272.95458984375,-0.5246327519416809,-0.7072535753250122,0.030681133270263672,1.0,0.0,12.232967376708984,0.11725974082946777
16.440488815307617,-0.37378501892089844,-0.8929277658462524,-0.01932295598089695,-0.04113423451781273,2.5793297290802,279.18450927734375,2.7026760578155518,273.05712890625,-0.4051354229450226,-0.7743315696716309,0.04805898666381836,1.0,0.0,12.232967376708984,0.12334632873535156
16.440988540649414,-0.24563008546829224,-0.9400123953819275,0.0016243100399151444,-0.0048525077290833,2.7186427116394043,279.18450927734375,2.8414947986602783,273.1534423828125,-0.2736798822879791,-0.8214434385299683,0.06980085372924805,1.0,0.0,12.232967376708984,0.12285208702087402
16.44148826599121,-0.11165031045675278,-0.9669181108474731,-0.01448897086083889,-0.017876718193292618,2.870685577392578,290.21258544921875,2.9805233478546143,273.2565002441406,-0.16712221503257751,-0.8800355792045593,0.06471920013427734,1.0,0.0,12.232967376708984,0.10983777046203613
16.441987991333008,0.028155319392681122,-0.9736445546150208,-0.01287764310836792,-0.033691830933094025,3.015791654586792,290.21258544921875,3.119985818862915,273.37554931640625,-0.04098676145076752,-0.9044131636619568,0.06768989562988281,1.0,0.0,12.232967376708984,0.10419416427612305
16.442487716674805,0.1640768051147461,-0.9601918458938599,0.014514935202896595,-0.001131304888986051,3.112034797668457,246.97091674804688,-3.023293972015381,273.5108642578125,0.0978037640452385,-0.8945122957229614,0.08208250999450684,1.0,0.0,12.232967376708984,0.1478567123413086
16.4429874420166,0.28834855556488037,-0.9332861304283142,-0.01932295598089695,-0.02624942548573017,3.235520362854004,246.97091674804688,-2.8837339878082275,273.6286926269531,0.20831751823425293,-0.9076370596885681,0.059169769287109375,1.0,0.0,12.232967376708984,0.16393136978149414
16.4434871673584,0.4048532247543335,-0.8828385472297668,-0.0032096742652356625,-0.011364612728357315,3.395407199859619,279.18450927734375,-2.743623733520508,273.76702880859375,0.3106189966201782,-0.8390424251556396,0.04801130294799805,1.0,0.0,12.232967376708984,0.14415454864501953
16.443988800048828,0.5252408385276794,-0.8223009705543518,0.0016243100399151444,-0.02159792184829712,3.534999132156372,279.18450927734375,-2.6050405502319336,273.8385925292969,0.44576185941696167,-0.811112105846405,0.05744218826293945,1.0,0.0,12.232967376708984,0.14314603805541992
16.444488525390625,0.6339784860610962,-0.7415841817855835,0.006458294112235308,0.0184050090610981,3.686725616455078,289.9223937988281,-2.466334819793701,273.91351318359375,0.5524944067001343,-0.7317843437194824,0.06296324729919434,1.0,0.0,12.232967376708984,0.1301250457763672
16.44498634338379,0.7271822094917297,-0.6474148631095886,0.009680950082838535,-0.007643410470336676,3.83139705657959,289.9223937988281,-2.327852249145508,273.97760009765625,0.634128987789154,-0.6805813312530518,0.027743816375732422,1.0,0.0,12.232967376708984,0.12393617630004883
16.445486068725586,0.815531313419342,-0.5414742827415466,0.02257157489657402,0.027708016335964203,3.9278652667999268,246.97091674804688,-2.1894187927246094,274.03857421875,0.7667135000228882,-0.5593056082725525,0.08002400398254395,1.0,0.0,12.232967376708984,0.16590166091918945
16.445987701416016,0.8708708882331848,-0.4321702718734741,0.02418290264904499,0.015614106319844723,4.051351070404053,246.97091674804688,-2.0509443283081055,274.09967041015625,0.7957649230957031,-0.5064343214035034,0.004733085632324219,1.0,0.0,12.232967376708984,0.18089008331298828
16.446487426757812,0.9145602583885193,-0.32286661863327026,0.009680950082838535,0.016544409096240997,4.223328590393066,289.9223937988281,-1.9167550802230835,273.9793701171875,0.837074339389801,-0.4166450500488281,-0.02469325065612793,1.0,0.0,12.232967376708984,0.14310169219970703
16.44698715209961,0.9601908326148987,-0.19002044200897217,0.0016243100399151444,0.008171701803803444,4.368289947509766,289.9223937988281,-1.780097246170044,273.96551513671875,0.9254102110862732,-0.2547624111175537,0.03207731246948242,1.0,0.0,12.232967376708984,0.13479852676391602
16.447486877441406,0.9698994159698486,-0.05885583162307739,0.01129227876663208,0.01189290452748537,4.501442909240723,279.4639587402344,-1.6445735692977905,273.9040832519531,0.9108490943908691,-0.2015424221754074,-0.05294060707092285,1.0,0.0,12.232967376708984,0.13716888427734375
16.447986602783203,0.9621323943138123,0.07230857014656067,0.02901688776910305,0.029568618163466454,4.641175270080566,279.4639587402344,-1.5094261169433594,273.8280944824219,0.9092845916748047,-0.07686177641153336,-0.05469012260437012,1.0,0.0,12.232967376708984,0.1325840950012207
16.448486328125,0.9398024082183838,0.20515474677085876,0.02257157489657402,0.025847412645816803,4.78059196472168,279.18450927734375,-1.3741798400878906,273.75799560546875,0.8852563500404358,0.04229789227247238,-0.05789971351623535,1.0,0.0,12.232967376708984,0.12841367721557617
16.448986053466797,0.9067930579185486,0.33631935715675354,0.01290360651910305,0.02398681454360485,4.919904708862305,279.18450927734375,-1.2389341592788696,273.68963623046875,0.8701359033584595,0.1985093057155609,-0.01644134521484375,1.0,0.0,12.232967376708984,0.12434673309326172
16.449485778808594,0.8514534831047058,0.452349454164505,0.0048469663597643375,0.02305651269853115,5.023128032684326,246.97091674804688,-1.103477954864502,273.6312561035156,0.8277820944786072,0.30418458580970764,-0.024094104766845703,1.0,0.0,12.232967376708984,0.15657949447631836
16.44998550415039,0.7922304272651672,0.5549270510673523,0.01612626202404499,0.031429219990968704,5.146613597869873,246.97091674804688,-0.968348503112793,273.5602111816406,0.7991030812263489,0.40489184856414795,-0.042496681213378906,1.0,0.0,12.232967376708984,0.16822338104248047
16.450485229492188,0.7087351679801941,0.6524595022201538,0.01934891939163208,0.033289819955825806,5.318591117858887,289.9223937988281,-0.8318712711334229,273.5475158691406,0.6937981843948364,0.5294883847236633,0.004116058349609375,1.0,0.0,12.232967376708984,0.13272333145141602
16.450986862182617,0.6106774210929871,0.7348578572273254,0.009680950082838535,0.033289819955825806,5.463551998138428,289.9223937988281,-0.6961395740509033,273.503662109375,0.6570850014686584,0.5780952572822571,-0.06225156784057617,1.0,0.0,12.232967376708984,0.12349367141723633
16.451486587524414,0.5019400715827942,0.8155747056007385,0.01129227876663208,0.02305651269853115,5.596390247344971,279.18450927734375,-0.5603830814361572,273.4618835449219,0.5636335015296936,0.6903875470161438,-0.03330206871032715,1.0,0.0,12.232967376708984,0.12641191482543945
16.45198631286621,0.3776686489582062,0.8761121034622192,0.008069622330367565,0.04352312535047531,5.735982418060303,279.18450927734375,-0.42304158210754395,273.48760986328125,0.4139072895050049,0.7545721530914307,0.012502908706665039,1.0,0.0,12.232967376708984,0.1241612434387207
16.452486038208008,0.2553386092185974,0.9231967329978943,-0.0015983461635187268,0.02119590900838375,5.875890731811523,279.4639587402344,-0.28644490242004395,273.4815368652344,0.31058669090270996,0.8257474303245544,0.01788330078125,1.0,0.0,12.232967376708984,0.1208500862121582
16.452985763549805,0.11941688507795334,0.946739137172699,0.0048469663597643375,0.01003230269998312,6.015622138977051,279.4639587402344,-0.14915680885314941,273.50457763671875,0.1842774897813797,0.8342042565345764,0.022973060607910156,1.0,0.0,12.232967376708984,0.11840677261352539
16.4534854888916,-0.008737912401556969,0.9601918458938599,1.2981891813979018e-05,0.029568618163466454,6.1189165115356445,247.21812438964844,-0.011290550231933594,273.5514221191406,0.06594786792993546,0.9001802802085876,0.029429912567138672,1.0,0.0,12.232967376708984,0.15297842025756836
16.4539852142334,-0.13106758892536163,0.946739137172699,0.0016243100399151444,0.008171701803803444,6.242278575897217,247.21812438964844,0.12677216529846191,273.6054992675781,-0.04614038020372391,0.8737971782684326,0.01721954345703125,1.0,0.0,12.232967376708984,0.1676793098449707
16.454484939575195,-0.25728079676628113,0.9231967329978943,0.01290360651910305,0.009102001786231995,0.11882400512695312,279.18450927734375,0.26557230949401855,273.6896667480469,-0.20311866700649261,0.8222925662994385,0.06807208061218262,1.0,0.0,12.232967376708984,0.14674830436706543
16.454984664916992,-0.3796100914478302,0.8862015008926392,-0.006432330701500177,0.014683806337416172,0.25841617584228516,279.18450927734375,0.40401792526245117,273.7566223144531,-0.329304575920105,0.8862418532371521,0.04314112663269043,1.0,0.0,12.232967376708984,0.14560174942016602
16.45548439025879,-0.4873768985271454,0.8206192255020142,-0.00482100248336792,0.011892903596162796,0.4101424217224121,289.9223937988281,0.5406107902526855,273.7444763183594,-0.3784988522529602,0.8335624933242798,-0.023261070251464844,1.0,0.0,12.232967376708984,0.13046836853027344
16.455984115600586,-0.6077648997306824,0.7399025559425354,-0.00482100248336792,0.0249171145260334,0.5551037788391113,289.9223937988281,0.6775467395782471,273.7470703125,-0.5187684893608093,0.7364786863327026,0.02744603157043457,1.0,0.0,12.232967376708984,0.12244296073913574
16.456485748291016,-0.7077645659446716,0.6474148631095886,-0.011266314424574375,0.026777716353535652,0.6757969856262207,268.4466247558594,0.8152639865875244,273.7824401855469,-0.6315603852272034,0.6631271243095398,0.03713583946228027,1.0,0.0,12.232967376708984,0.1394670009613037
16.456985473632812,-0.7805798053741455,0.5482005476951599,-0.01610029861330986,0.007241401355713606,0.810020923614502,268.4466247558594,0.9523646831512451,273.7909240722656,-0.6596030592918396,0.6122324466705322,-0.03867340087890625,1.0,0.0,12.232967376708984,0.14234375953674316
16.45748519897461,-0.8514532446861267,0.43889671564102173,-0.03221357986330986,0.0035201970022171736,0.919975757598877,246.97091674804688,1.0892307758331299,273.78961181640625,-0.7653317451477051,0.5020796060562134,-0.007843494415283203,1.0,0.0,12.232967376708984,0.16925501823425293
16.457983016967773,-0.899026095867157,0.33631935715675354,-0.02415693923830986,-0.014155515469610691,1.0432147979736328,246.97091674804688,1.2242462635040283,273.7105407714844,-0.8346678614616394,0.4186317026615143,-0.027255535125732422,1.0,0.0,12.232967376708984,0.1810314655303955
16.458484649658203,-0.9368899464607239,0.22365258634090424,-0.009654986672103405,0.009102001786231995,1.2151923179626465,289.9223937988281,1.3597137928009033,273.65216064453125,-0.8922282457351685,0.3193783760070801,-0.0416569709777832,1.0,0.0,12.232967376708984,0.14452147483825684
16.458984375,-0.9524238109588623,0.08912442624568939,-0.0354362353682518,-0.003922206815332174,1.3601536750793457,289.9223937988281,1.495006799697876,273.5877380371094,-0.912671685218811,0.19100116193294525,-0.03951740264892578,1.0,0.0,12.232967376708984,0.13485312461853027
16.459484100341797,-0.9456276893615723,-0.04035840928554535,-0.01771162636578083,-0.029040327295660973,1.4811711311340332,268.7153625488281,1.628793478012085,273.46124267578125,-0.8700045347213745,0.10916517674922943,-0.09209012985229492,1.0,0.0,12.232967376708984,0.14762234687805176
16.459983825683594,-0.9427151083946228,-0.17320437729358673,-0.01932295598089695,0.0016595961060374975,1.615530014038086,268.7153625488281,1.7637245655059814,273.3857727050781,-0.9064982533454895,-0.07702305912971497,-0.01714468002319336,1.0,0.0,12.232967376708984,0.1481945514678955
16.46048355102539,-0.9097055792808533,-0.29764270782470703,-0.03865889087319374,-0.037413034588098526,1.7738518714904785,289.9223937988281,1.8991482257843018,273.3324890136719,-0.8964575529098511,-0.19927385449409485,-0.018622875213623047,1.0,0.0,12.232967376708984,0.12529635429382324
16.460983276367188,-0.8504825234413147,-0.41367262601852417,-0.02576826699078083,-0.026249423623085022,1.9188122749328613,289.9223937988281,2.032144784927368,273.1781311035156,-0.8442102074623108,-0.22682611644268036,-0.10829448699951172,1.0,0.0,12.232967376708984,0.11333250999450684
16.461484909057617,-0.7747545838356018,-0.5246580243110657,-0.01287764310836792,-0.04485543817281723,2.0031046867370605,236.23304748535156,2.1662991046905518,273.0757751464844,-0.7359923124313354,-0.3024735748767853,-0.1150655746459961,1.0,0.0,12.232967376708984,0.1631944179534912
16.46198272705078,-0.7106771469116211,-0.6154646873474121,-0.0015983461635187268,-0.04950693994760513,2.120985507965088,236.23304748535156,2.3000481128692627,272.9587097167969,-0.7075721025466919,-0.4628978669643402,-0.059224605560302734,1.0,0.0,12.232967376708984,0.1790626049041748
16.462482452392578,-0.6252404451370239,-0.7029073238372803,-0.0015983461635187268,-0.012294914573431015,2.2997164726257324,289.9223937988281,2.434680700302124,272.88128662109375,-0.6090691089630127,-0.5613359212875366,-0.028443336486816406,1.0,0.0,12.232967376708984,0.1349642276763916
16.462982177734375,-0.5300953388214111,-0.7869874835014343,0.00323563814163208,-0.0002010049211094156,2.4446778297424316,289.9223937988281,2.569720983505249,272.82257080078125,-0.5551512837409973,-0.6877626180648804,-0.016399860382080078,1.0,0.0,12.232967376708984,0.12504315376281738
16.463483810424805,-0.4029111862182617,-0.8424801826477051,-0.009654986672103405,-0.04299483448266983,2.5775160789489746,279.18450927734375,2.70585036277771,272.8108215332031,-0.42168182134628296,-0.7046261429786682,-0.012688636779785156,1.0,0.0,12.232967376708984,0.12833428382873535
16.4639835357666,-0.28640660643577576,-0.8929277658462524,0.0048469663597643375,-0.029040325433015823,2.7171082496643066,279.18450927734375,2.8416292667388916,272.7845153808594,-0.3416783809661865,-0.7912792563438416,-0.01683664321899414,1.0,0.0,12.232967376708984,0.12452101707458496
16.4644832611084,-0.1640770584344864,-0.9265599250793457,-0.011266314424574375,-0.014155515469610691,2.8084750175476074,236.4695281982422,2.977292776107788,272.75390625,-0.22079716622829437,-0.8182257413864136,-0.008425712585449219,1.0,0.0,12.232967376708984,0.16881775856018066
16.464982986450195,-0.04563090205192566,-0.9400123953819275,-0.009654986672103405,-0.028110025450587273,2.9267096519470215,236.4695281982422,3.11397385597229,272.7669372558594,-0.07432863116264343,-0.8614682555198669,0.03257179260253906,1.0,0.0,12.232967376708984,0.18726420402526855
16.465482711791992,0.06116501986980438,-0.9332861304283142,-0.0032096742652356625,-0.018807020038366318,3.1244139671325684,306.796142578125,-3.033912420272827,272.7210388183594,-0.057616814970970154,-0.9150130152702332,-0.08003044128417969,1.0,0.0,12.232967376708984,0.12485933303833008
16.46598243713379,0.2029121071100235,-0.9164701104164124,-0.0015983461635187268,-0.001131305587477982,3.277505397796631,306.796142578125,-2.8979856967926025,272.70281982421875,0.1189422681927681,-0.8922314643859863,-0.020300626754760742,1.0,0.0,12.232967376708984,0.10769414901733398
16.466482162475586,0.3291248381137848,-0.8794749975204468,0.0048469663597643375,-0.014155515469610691,3.3684639930725098,248.9283905029297,-2.7620933055877686,272.6837463378906,0.2451644241809845,-0.8513409495353699,-0.008288383483886719,1.0,0.0,12.232967376708984,0.15262842178344727
16.466981887817383,0.43980416655540466,-0.8290274143218994,0.0016243100399151444,-0.029040327295660973,3.4929280281066895,248.9283905029297,-2.6269736289978027,272.6322937011719,0.32616233825683594,-0.8566400408744812,-0.060231924057006836,1.0,0.0,12.232967376708984,0.1632838249206543
16.46748161315918,0.5514547228813171,-0.7634451389312744,-0.0015983461635187268,-0.036482732743024826,3.6633877754211426,289.6327819824219,-2.49169921875,272.5885925292969,0.48085179924964905,-0.7899199724197388,-0.01230168342590332,1.0,0.0,12.232967376708984,0.1280984878540039
16.467981338500977,0.6514537930488586,-0.677683413028717,0.009680950082838535,-0.003922207280993462,3.808204174041748,289.6327819824219,-2.3562729358673096,272.55194091796875,0.5608299374580383,-0.7238196730613708,-0.03545713424682617,1.0,0.0,12.232967376708984,0.11870813369750977
16.468481063842773,0.7368904948234558,-0.5902405381202698,0.03223954513669014,0.051895834505558014,3.8929991722106934,236.4695281982422,-2.22178316116333,272.47686767578125,0.6656306385993958,-0.6503090858459473,-0.032114505767822266,1.0,0.0,12.232967376708984,0.16840314865112305
16.468982696533203,0.8038808703422546,-0.49438923597335815,0.02418290264904499,0.01003230269998312,4.011234760284424,236.4695281982422,-2.0886764526367188,272.34539794921875,0.7237743139266968,-0.5721414089202881,-0.060547828674316406,1.0,0.0,12.232967376708984,0.1832742691040039
16.469482421875,0.8572783470153809,-0.39517518877983093,0.008069622330367565,0.015614106319844723,4.177737712860107,279.18450927734375,-1.9580172300338745,272.113525390625,0.7887484431266785,-0.4835646450519562,-0.07239484786987305,1.0,0.0,12.232967376708984,0.147430419921875
16.469980239868164,0.9019384384155273,-0.27073705196380615,0.03223954513669014,0.01096260454505682,4.317050457000732,279.18450927734375,-1.8249423503875732,271.98834228515625,0.8401901125907898,-0.33936524391174316,-0.03926897048950195,1.0,0.0,12.232967376708984,0.14119291305541992
16.470481872558594,0.9291234016418457,-0.156388521194458,0.008069622330367565,0.0174747072160244,4.444787502288818,268.4466247558594,-1.693040370941162,271.8164367675781,0.8668457865715027,-0.29053792357444763,-0.11105132102966309,1.0,0.0,12.232967376708984,0.14535760879516602
16.47098159790039,0.9407732486724854,-0.035313501954078674,0.01612626202404499,0.029568614438176155,4.578742504119873,268.4466247558594,-1.5608147382736206,271.6614685058594,0.8996817469596863,-0.17038683593273163,-0.10708117485046387,1.0,0.0,12.232967376708984,0.14362812042236328
16.471481323242188,0.9378610253334045,0.09416954964399338,0.014514935202896595,0.013753505423665047,4.73721170425415,289.9223937988281,-1.4297903776168823,271.4595642089844,0.9093618392944336,-0.027422770857810974,-0.08104205131530762,1.0,0.0,12.232967376708984,0.11618328094482422
16.471981048583984,0.9029092788696289,0.2219708114862442,0.01290360651910305,0.02398681454360485,4.882174015045166,289.9223937988281,-1.2980135679244995,271.293212890625,0.8369576334953308,0.05189599469304085,-0.12096810340881348,1.0,0.0,12.232967376708984,0.1029977798461914
16.47248077392578,0.8698998093605042,0.3464089632034302,0.006458294112235308,0.02026561088860035,4.966786861419678,236.4695281982422,-1.1666947603225708,271.111328125,0.8195438385009766,0.19124630093574524,-0.08486819267272949,1.0,0.0,12.232967376708984,0.1497039794921875
16.472980499267578,0.8223273158073425,0.44898635149002075,0.014514935202896595,0.03608072176575661,5.085021495819092,236.4695281982422,-1.0344984531402588,270.97021484375,0.80781090259552,0.31082046031951904,-0.07903385162353516,1.0,0.0,12.232967376708984,0.1636652946472168
16.473480224609375,0.7592208385467529,0.5448374152183533,0.01934891939163208,0.027708016335964203,5.239389896392822,268.4466247558594,-0.902918815612793,270.8062438964844,0.7442343235015869,0.41540488600730896,-0.06884336471557617,1.0,0.0,12.232967376708984,0.14087677001953125
16.473979949951172,0.6834926009178162,0.6356438994407654,0.009680950082838535,0.025847412645816803,5.373344898223877,268.4466247558594,-0.7711634635925293,270.6529846191406,0.7032725214958191,0.514340341091156,-0.07831954956054688,1.0,0.0,12.232967376708984,0.13867712020874023
16.4744815826416,0.5844640135765076,0.719723641872406,0.02096024714410305,0.0249171145260334,5.532105445861816,289.9223937988281,-0.6390619277954102,270.5174865722656,0.5878984332084656,0.5825666189193726,-0.06101059913635254,1.0,0.0,12.232967376708984,0.11201810836791992
16.474979400634766,0.4815516471862793,0.7970770597457886,0.02418290264904499,0.0174747072160244,5.676774024963379,289.9223937988281,-0.506890058517456,270.38787841796875,0.5030596256256104,0.663267195224762,-0.05212664604187012,1.0,0.0,12.232967376708984,0.09952116012573242
16.475479125976562,0.3640766143798828,0.8559326529502869,-0.0015983461635187268,0.02305651269853115,5.809615135192871,279.18450927734375,-0.3742387294769287,270.2811584472656,0.3875521421432495,0.7553796172142029,-0.009782552719116211,1.0,0.0,12.232967376708984,0.09933137893676758
16.475980758666992,0.23397962749004364,0.8996544480323792,0.03223954513669014,0.057477641850709915,5.9492082595825195,279.18450927734375,-0.2411055564880371,270.197021484375,0.266216903924942,0.8009214401245117,0.01027822494506836,1.0,0.0,12.232967376708984,0.09287166595458984
16.47648048400879,0.11747542023658752,0.9231967329978943,0.009680950082838535,0.03701102361083031,6.028435707092285,225.72088623046875,-0.10627603530883789,270.18548583984375,0.1996561735868454,0.8478381037712097,-0.03512001037597656,1.0,0.0,12.232967376708984,0.14847373962402344
16.476980209350586,0.002912799594923854,0.9299232959747314,0.006458294112235308,0.02212621085345745,6.141293525695801,225.72088623046875,0.02842855453491211,270.1692199707031,0.052578747272491455,0.8337064981460571,-0.0013971328735351562,1.0,0.0,12.232967376708984,0.1703205108642578
16.477479934692383,-0.1077665314078331,0.9299232959747314,0.01290360651910305,0.016544407233595848,0.03138303756713867,279.18450927734375,0.16310930252075195,270.1521301269531,-0.04866931587457657,0.8921860456466675,-0.018676280975341797,1.0,0.0,12.232967376708984,0.13172626495361328
16.47797966003418,-0.2359214425086975,0.9030174016952515,0.006458294112235308,0.029568618163466454,0.1709761619567871,279.18450927734375,0.2974579334259033,270.1216125488281,-0.18764343857765198,0.8625943064689636,0.006771564483642578,1.0,0.0,12.232967376708984,0.1264817714691162
16.478479385375977,-0.3621346652507782,0.8559326529502869,0.009680950082838535,0.04073222726583481,0.3108859062194824,279.4639587402344,0.4328486919403076,270.1356506347656,-0.3075554668903351,0.765868604183197,0.03918957710266113,1.0,0.0,12.232967376708984,0.1219627857208252
16.478979110717773,-0.4592216908931732,0.7987584471702576,-0.01610029861330986,0.009102001786231995,0.45033979415893555,279.4639587402344,0.5676050186157227,270.1221618652344,-0.328451931476593,0.8080114722251892,-0.09189248085021973,1.0,0.0,12.232967376708984,0.11726522445678711
16.47947883605957,-0.5640755295753479,0.7348578572273254,-0.006432330701500177,-0.005782809108495712,0.5773177146911621,268.1784362792969,0.7003347873687744,270.0242004394531,-0.4497135281562805,0.7829682230949402,-0.08937597274780273,1.0,0.0,12.232967376708984,0.1230170726776123
16.479978561401367,-0.6640753746032715,0.6490966081619263,-0.01932295598089695,0.00910200085490942,0.7114100456237793,268.1784362792969,0.8336179256439209,269.95166015625,-0.5683332085609436,0.6756411194801331,-0.04450726509094238,1.0,0.0,12.232967376708984,0.1222078800201416
16.480478286743164,-0.7465993762016296,0.5599717497825623,-0.0032096742652356625,0.007241399958729744,0.809699535369873,236.4695281982422,0.9664647579193115,269.862060546875,-0.6492633819580078,0.6112580299377441,-0.0612635612487793,1.0,0.0,12.232967376708984,0.15676522254943848
16.48097801208496,-0.8087353110313416,0.459075927734375,-0.00482100248336792,0.00445049861446023,0.9279322624206543,236.4695281982422,1.0989015102386475,269.7571105957031,-0.7007659077644348,0.5040628910064697,-0.06204557418823242,1.0,0.0,12.232967376708984,0.17096924781799316
16.48147964477539,-0.8582496047019958,0.35986170172691345,-0.03382490947842598,0.011892902664840221,1.0822997093200684,268.4466247558594,1.2303073406219482,269.6109313964844,-0.7859464883804321,0.42506763339042664,-0.06573152542114258,1.0,0.0,12.232967376708984,0.14800763130187988
16.481979370117188,-0.893200695514679,0.2589656710624695,-0.02093428373336792,-0.017876718193292618,1.2165255546569824,268.4466247558594,1.361325979232788,269.45159912109375,-0.843665361404419,0.38538163900375366,-0.12978124618530273,1.0,0.0,12.232967376708984,0.14480042457580566
16.482479095458984,-0.9232978224754333,0.1328463852405548,-0.01448897086083889,0.030498916283249855,1.350745677947998,268.4466247558594,1.4916112422943115,269.2651672363281,-0.8751075267791748,0.21872453391551971,-0.07633733749389648,1.0,0.0,12.232967376708984,0.14086556434631348
16.48297882080078,-0.9223268032073975,0.013452522456645966,-0.01932295598089695,-0.016946418210864067,1.4847025871276855,268.4466247558594,1.6221849918365479,269.0942687988281,-0.8467458486557007,0.13052263855934143,-0.11514997482299805,1.0,0.0,12.232967376708984,0.1374824047088623
16.483478546142578,-0.9203851222991943,-0.10425914824008942,0.014514935202896595,0.0193353109061718,1.582557201385498,236.23304748535156,1.7508652210235596,268.8477478027344,-0.8624235987663269,0.027579842135310173,-0.1229715347290039,1.0,0.0,12.232967376708984,0.16830801963806152
16.483978271484375,-0.8902882933616638,-0.21019963920116425,-0.02415693923830986,-0.029040327295660973,1.7006754875183105,236.23304748535156,1.8806307315826416,268.65155029296875,-0.8222930431365967,-0.05077826604247093,-0.15931224822998047,1.0,0.0,12.232967376708984,0.17995524406433105
16.484477996826172,-0.8563076853752136,-0.3161405622959137,-0.03382490947842598,-0.016016118228435516,1.855161190032959,268.4466247558594,2.0086147785186768,268.3851013183594,-0.81768798828125,-0.17741134762763977,-0.13530254364013672,1.0,0.0,12.232967376708984,0.15345358848571777
16.48497772216797,-0.8029096722602844,-0.4153544008731842,-0.02415693923830986,-0.029040327295660973,1.9893832206726074,268.4466247558594,2.137547731399536,268.16387939453125,-0.7823644280433655,-0.24061934649944305,-0.1797785758972168,1.0,0.0,12.232967376708984,0.1481645107269287
16.485477447509766,-0.7456286549568176,-0.5212951302528381,-0.008043658919632435,-0.010434312745928764,2.123908519744873,268.7153625488281,2.266254186630249,267.9382019042969,-0.7512785792350769,-0.4196140170097351,-0.09721612930297852,1.0,0.0,12.232967376708984,0.14234566688537598
16.485977172851562,-0.6679590344429016,-0.6087381839752197,-0.02415693923830986,-0.02345852181315422,2.2582640647888184,268.7153625488281,2.3951056003570557,267.7229919433594,-0.6985159516334534,-0.4672238826751709,-0.1461806297302246,1.0,0.0,12.232967376708984,0.1368415355682373
16.486478805541992,-0.583493173122406,-0.694499671459198,-0.011266314424574375,-0.06067055091261864,2.3923182487487793,268.4466247558594,2.5247585773468018,267.5462951660156,-0.6203463673591614,-0.6323410868644714,-0.07013559341430664,1.0,0.0,12.232967376708984,0.13244032859802246
16.486976623535156,-0.4786390960216522,-0.7684895992279053,-0.04510420560836792,-0.029970627278089523,2.526275157928467,268.4466247558594,2.654614210128784,267.3819885253906,-0.5005444884300232,-0.6805800199508667,-0.05830860137939453,1.0,0.0,12.232967376708984,0.12833905220031738
16.487478256225586,-0.37572669982910156,-0.8223007321357727,-0.01448897086083889,-0.008573710918426514,2.624366283416748,236.23304748535156,2.784078359603882,267.20416259765625,-0.42073914408683777,-0.7042166590690613,-0.09238672256469727,1.0,0.0,12.232967376708984,0.1597120761871338
16.48797607421875,-0.26893115043640137,-0.866022527217865,-0.01610029861330986,-0.018807020038366318,2.742248058319092,236.23304748535156,2.915619134902954,267.1176452636719,-0.2943723201751709,-0.7817397713661194,-0.045350074768066406,1.0,0.0,12.232967376708984,0.1733710765838623
16.48847770690918,-0.1660187542438507,-0.8862015008926392,0.0048469663597643375,0.00445049861446023,2.8970370292663574,268.7153625488281,3.0466196537017822,267.0097961425781,-0.21586301922798157,-0.772306501865387,-0.08897972106933594,1.0,0.0,12.232967376708984,0.1495826244354248
16.488977432250977,-0.04757260903716087,-0.9030174016952515,0.006458294112235308,-0.02252822183072567,3.0313925743103027,268.7153625488281,-3.1063690185546875,266.87091064453125,-0.10090953856706619,-0.8598832488059998,-0.0633852481842041,1.0,0.0,12.232967376708984,0.14542388916015625
16.489477157592773,0.08058230578899384,-0.9030174016952515,-0.01932295598089695,-0.039273638278245926,3.153024196624756,257.4513244628906,-2.976078510284424,266.7388610839844,0.04310905188322067,-0.8540509343147278,-0.026312828063964844,1.0,0.0,12.232967376708984,0.1540827751159668
16.48997688293457,0.18737798929214478,-0.8862015008926392,0.00323563814163208,-0.01322521548718214,3.2817492485046387,257.4513244628906,-2.8450050354003906,266.64215087890625,0.11607656627893448,-0.8619816899299622,-0.07419490814208984,1.0,0.0,12.232967376708984,0.1564311981201172
16.490476608276367,0.3019407093524933,-0.8492064476013184,-0.00482100248336792,-0.027179725468158722,3.4231905937194824,268.7153625488281,-2.715085506439209,266.4990234375,0.20276737213134766,-0.8418887257575989,-0.10178756713867188,1.0,0.0,12.232967376708984,0.14490938186645508
16.490976333618164,0.41456174850463867,-0.8088480234146118,0.0016243100399151444,-0.00671310955658555,3.557279109954834,268.7153625488281,-2.585376024246216,266.35028076171875,0.3337574005126953,-0.7857066988945007,-0.0660543441772461,1.0,0.0,12.232967376708984,0.14053010940551758
16.49147605895996,0.5165027976036072,-0.7499923706054688,0.008069622330367565,0.013753505423665047,3.643065929412842,225.49517822265625,-2.4551854133605957,266.2247619628906,0.4433734714984894,-0.764607846736908,-0.07251667976379395,1.0,0.0,12.232967376708984,0.18493413925170898
16.491975784301758,0.6058231592178345,-0.6827282905578613,-0.00482100248336792,-0.036482732743024826,3.7555880546569824,225.49517822265625,-2.3252460956573486,266.091552734375,0.544163167476654,-0.6825631260871887,-0.054860591888427734,1.0,0.0,12.232967376708984,0.20235109329223633
16.492475509643555,0.6728129982948303,-0.6070566177368164,0.02096024714410305,-0.025319121778011322,3.91713285446167,268.7153625488281,-2.1962716579437256,265.92022705078125,0.567405641078949,-0.6578554511070251,-0.145613431930542,1.0,0.0,12.232967376708984,0.16978120803833008
16.49297523498535,0.7533953189849854,-0.5145686268806458,-0.0032096742652356625,-0.003922207746654749,4.051490306854248,268.7153625488281,-2.0667026042938232,265.7776794433594,0.6879764795303345,-0.5466398596763611,-0.08731698989868164,1.0,0.0,12.232967376708984,0.1649928092956543
16.49347686767578,0.8087348937988281,-0.41871774196624756,0.008069622330367565,0.008171701803803444,4.173411846160889,257.7087707519531,-1.9414196014404297,265.4577941894531,0.7382314205169678,-0.48637014627456665,-0.12400269508361816,1.0,0.0,12.232967376708984,0.16835403442382812
16.493976593017578,0.8679584860801697,-0.309413880109787,-0.008043658919632435,-0.012294914573431015,4.302266597747803,257.7087707519531,-1.8135828971862793,265.2523498535156,0.8337739109992981,-0.32469233870506287,-0.04035592079162598,1.0,0.0,12.232967376708984,0.16733598709106445
16.494476318359375,0.8893170952796936,-0.19842848181724548,0.02740556001663208,0.015614106319844723,4.431121349334717,257.7087707519531,-1.686055302619934,265.0379943847656,0.8377940058708191,-0.26837897300720215,-0.1068875789642334,1.0,0.0,12.232967376708984,0.16600894927978516
16.49497413635254,0.9087345004081726,-0.09080620855093002,0.01612626202404499,0.007241399958729744,4.559718608856201,257.7087707519531,-1.558472990989685,264.8304138183594,0.8790882229804993,-0.2047259509563446,-0.15352892875671387,1.0,0.0,12.232967376708984,0.1649937629699707
16.49547576904297,0.9135887622833252,0.02858703024685383,0.0370735265314579,0.028638316318392754,4.65242338180542,225.49517822265625,-1.4319864511489868,264.5815734863281,0.8795660138130188,-0.039285093545913696,-0.09568476676940918,1.0,0.0,12.232967376708984,0.1987757682800293
16.495975494384766,0.8951424956321716,0.12780147790908813,0.04835282638669014,0.04259282723069191,4.764947414398193,225.49517822265625,-1.3075672388076782,264.2507629394531,0.8424243927001953,0.009617343544960022,-0.16445136070251465,1.0,0.0,12.232967376708984,0.21067094802856445
16.496475219726562,0.8718414902687073,0.22869707643985748,0.0370735265314579,0.0249171145260334,4.926492214202881,268.7153625488281,-1.182835340499878,263.9402770996094,0.8420765399932861,0.11203085631132126,-0.16845488548278809,1.0,0.0,12.232967376708984,0.1738581657409668
16.49697494506836,0.8388321399688721,0.3396824896335602,0.009680950082838535,0.005380799062550068,5.060847759246826,268.7153625488281,-1.057349443435669,263.6678466796875,0.8199198842048645,0.2319277673959732,-0.15055632591247559,1.0,0.0,12.232967376708984,0.16498804092407227
16.497474670410156,0.7932012677192688,0.43889692425727844,0.03385087102651596,0.04910493269562721,5.1706366539001465,246.97091674804688,-0.9326324462890625,263.36865234375,0.8503296375274658,0.3419056236743927,-0.16881060600280762,1.0,0.0,12.232967376708984,0.1799163818359375
16.497974395751953,0.7242690920829773,0.5313847064971924,0.01612626202404499,0.029568614438176155,5.2941203117370605,246.97091674804688,-0.8082022666931152,263.0641174316406,0.7271233201026917,0.4078814685344696,-0.1644141674041748,1.0,0.0,12.232967376708984,0.1808629035949707
16.49847412109375,0.6465994715690613,0.618827760219574,0.04674149677157402,0.03608072176575661,5.393338680267334,225.49517822265625,-0.6826858520507812,262.8114929199219,0.6395310163497925,0.5009104609489441,-0.13666987419128418,1.0,0.0,12.232967376708984,0.20716094970703125
16.49897575378418,0.5786388516426086,0.6760018467903137,0.02096024714410305,0.030498916283249855,5.506087779998779,225.49517822265625,-0.558650016784668,262.50152587890625,0.6491034626960754,0.5442079901695251,-0.22791171073913574,1.0,0.0,12.232967376708984,0.21844768524169922
16.499475479125977,0.4912604093551636,0.7466288208961487,0.01934891939163208,0.0184050090610981,5.655238628387451,257.7087707519531,-0.43413567543029785,262.2185974121094,0.5077936053276062,0.6482356786727905,-0.14359569549560547,1.0,0.0,12.232967376708984,0.19381093978881836
16.49997329711914,0.39320242404937744,0.8021216988563538,0.01612626202404499,0.031429219990968704,5.7838358879089355,257.7087707519531,-0.3084867000579834,261.98919677734375,0.4126574695110321,0.7436383366584778,-0.11129236221313477,1.0,0.0,12.232967376708984,0.19086313247680664
16.500473022460938,0.28834855556488037,0.8458430767059326,0.01290360651910305,0.014683806337416172,5.92480993270874,268.4466247558594,-0.1839451789855957,261.7181396484375,0.32064366340637207,0.7711494565010071,-0.12341666221618652,1.0,0.0,12.232967376708984,0.17443037033081055
16.500974655151367,0.17572776973247528,0.8693854212760925,0.014514935202896595,0.013753505423665047,6.059031963348389,268.4466247558594,-0.05812382698059082,261.5063171386719,0.2439553439617157,0.770313560962677,-0.16212153434753418,1.0,0.0,12.232967376708984,0.1660294532775879
16.501474380493164,0.055339664220809937,0.8929277658462524,0.01612626202404499,0.0184050090610981,6.181424617767334,257.96673583984375,0.06769347190856934,261.29901123046875,0.10530699044466019,0.8522744178771973,-0.10399842262268066,1.0,0.0,12.232967376708984,0.16945409774780273
16.50197410583496,-0.06116477772593498,0.8929277658462524,0.0048469663597643375,0.032359518110752106,0.027223587036132812,257.96673583984375,0.19430232048034668,261.1290283203125,0.009550290182232857,0.8587468862533569,-0.11891007423400879,1.0,0.0,12.232967376708984,0.16707873344421387
16.502473831176758,-0.18349458277225494,0.8761121034622192,0.01934891939163208,0.035150423645973206,0.11977005004882812,225.72088623046875,0.32146430015563965,260.98626708984375,-0.14171966910362244,0.7692834138870239,-0.05254101753234863,1.0,0.0,12.232967376708984,0.20169425010681152
16.502973556518555,-0.28640684485435486,0.8525698184967041,0.014514935202896595,0.052826136350631714,0.23262977600097656,225.72088623046875,0.4485759735107422,260.8440856933594,-0.24208980798721313,0.8174895644187927,-0.07406020164489746,1.0,0.0,12.232967376708984,0.21594619750976562
16.50347328186035,-0.3854355812072754,0.8088480234146118,0.009680950082838535,0.055617038160562515,0.3816680908203125,257.7087707519531,0.5753979682922363,260.69268798828125,-0.31116387248039246,0.7549905776977539,-0.09801268577575684,1.0,0.0,12.232967376708984,0.19372987747192383
16.50397300720215,-0.48252275586128235,0.7550370693206787,-0.006432330701500177,0.014683806337416172,0.5102653503417969,257.7087707519531,0.7023732662200928,260.5506591796875,-0.404375821352005,0.7261982560157776,-0.10792779922485352,1.0,0.0,12.232967376708984,0.1921079158782959
16.504472732543945,-0.5728134512901306,0.6995441913604736,0.00323563814163208,0.016544407233595848,0.6267032623291016,246.72418212890625,0.8282556533813477,260.36590576171875,-0.4912707507610321,0.744120717048645,-0.15864849090576172,1.0,0.0,12.232967376708984,0.2015523910522461
16.504972457885742,-0.6582500338554382,0.6188275218009949,-0.0032096742652356625,0.03701102361083031,0.7500667572021484,246.72418212890625,0.953805685043335,260.1711730957031,-0.5907052159309387,0.6531640887260437,-0.13244104385375977,1.0,0.0,12.232967376708984,0.20373892784118652
16.50547218322754,-0.7407743334770203,0.5297031402587891,0.02418290264904499,0.050965528935194016,0.8861217498779297,257.96673583984375,1.0805652141571045,260.0312194824219,-0.6938393712043762,0.5402594804763794,-0.0850677490234375,1.0,0.0,12.232967376708984,0.1944434642791748
16.50597381591797,-0.7951431274414062,0.4355336129665375,-0.01610029861330986,-0.0020616059191524982,1.0151081085205078,257.96673583984375,1.2079145908355713,259.918701171875,-0.7370845079421997,0.5010618567466736,-0.148162841796875,1.0,0.0,12.232967376708984,0.19280648231506348
16.506473541259766,-0.8514534831047058,0.3245481848716736,-0.00482100248336792,0.04352312535047531,1.1073951721191406,225.49517822265625,1.332960844039917,259.7124938964844,-0.7856997847557068,0.3554605543613434,-0.1009063720703125,1.0,0.0,12.232967376708984,0.22556567192077637
16.506973266601562,-0.8796085715293884,0.2286974936723709,-0.03221357986330986,-0.005782809108495712,1.220144271850586,225.49517822265625,1.4581773281097412,259.5170593261719,-0.8209553956985474,0.30372941493988037,-0.1559133529663086,1.0,0.0,12.232967376708984,0.23803305625915527
16.50747299194336,-0.8999970555305481,0.1261197030544281,0.01290360651910305,0.0184050090610981,1.3695850372314453,257.96673583984375,1.5803110599517822,259.1965637207031,-0.808212161064148,0.23612216114997864,-0.20826196670532227,1.0,0.0,12.232967376708984,0.21072602272033691
16.507972717285156,-0.9165017008781433,0.016816074028611183,-0.006432330701500177,0.014683806337416172,1.498311996459961,257.96673583984375,1.7035791873931885,258.9305114746094,-0.9078330993652344,0.11055989563465118,-0.1683964729309082,1.0,0.0,12.232967376708984,0.20526719093322754
16.508472442626953,-0.8999970555305481,-0.09921424090862274,-0.02254561148583889,-0.02438882365822792,1.627004623413086,257.7087707519531,1.8250763416290283,258.59490966796875,-0.8385591506958008,0.0744967982172966,-0.2577981948852539,1.0,0.0,12.232967376708984,0.19807171821594238
16.50897216796875,-0.8834919929504395,-0.21524454653263092,-0.02576826699078083,-0.013225213624536991,1.7558574676513672,257.7087707519531,1.9474542140960693,258.3043212890625,-0.8323553800582886,-0.11242219060659409,-0.15699195861816406,1.0,0.0,12.232967376708984,0.19159674644470215
16.509471893310547,-0.8495115637779236,-0.32791173458099365,-0.03382490947842598,-0.0029919075313955545,1.884420394897461,257.4513244628906,2.070204019546509,258.0354309082031,-0.819847583770752,-0.2329724282026291,-0.13713359832763672,1.0,0.0,12.232967376708984,0.18578362464904785
16.509971618652344,-0.7999975085258484,-0.42712557315826416,-0.011266314424574375,-0.00671310955658555,2.013143539428711,257.4513244628906,2.192493200302124,257.75250244140625,-0.7794368267059326,-0.28392523527145386,-0.18726396560668945,1.0,0.0,12.232967376708984,0.17934966087341309
16.51047134399414,-0.7398033738136292,-0.5313847064971924,-0.03704756498336792,-0.027179725468158722,2.105792999267578,225.49517822265625,2.314588785171509,257.4676818847656,-0.7296943068504333,-0.43197596073150635,-0.1240072250366211,1.0,0.0,12.232967376708984,0.20879578590393066
16.510971069335938,-0.6660173535346985,-0.6121013164520264,-0.0354362353682518,-0.016946416348218918,2.218538284301758,225.49517822265625,2.4380104541778564,257.2441711425781,-0.6299911737442017,-0.4429023563861847,-0.1694493293762207,1.0,0.0,12.232967376708984,0.21947216987609863
16.511472702026367,-0.6019397377967834,-0.6894547939300537,-0.00482100248336792,-0.02345852181315422,2.3558120727539062,247.21812438964844,2.5606210231781006,256.991455078125,-0.5958560109138489,-0.5858662128448486,-0.12778186798095703,1.0,0.0,12.232967376708984,0.20480895042419434
16.51197052001953,-0.5067943930625916,-0.7533553242683411,-0.02415693923830986,-0.02345852181315422,2.479175567626953,247.21812438964844,2.6828243732452393,256.7270202636719,-0.5167821645736694,-0.6434493064880371,-0.13289737701416016,1.0,0.0,12.232967376708984,0.20364880561828613
16.512470245361328,-0.4048529863357544,-0.8122113347053528,-0.0354362353682518,-0.039273638278245926,2.6267528533935547,268.4466247558594,2.806312322616577,256.5223083496094,-0.39599528908729553,-0.700473964214325,-0.09417009353637695,1.0,0.0,12.232967376708984,0.17955946922302246
16.512971878051758,-0.29223206639289856,-0.8559326529502869,-0.0354362353682518,-0.029970625415444374,2.760974884033203,268.4466247558594,2.931215524673462,256.38134765625,-0.28404876589775085,-0.7398266196250916,-0.0710759162902832,1.0,0.0,12.232967376708984,0.1702406406402588
16.513471603393555,-0.17961092293262482,-0.8862015008926392,-0.0015983461635187268,-0.008573710918426514,2.8833675384521484,257.96673583984375,3.0550076961517334,256.1963806152344,-0.2097558081150055,-0.7879757285118103,-0.08858060836791992,1.0,0.0,12.232967376708984,0.17164015769958496
16.51397132873535,-0.059223320335149765,-0.9030174016952515,1.2981891813979018e-05,-0.007643410470336676,3.0123519897460938,257.96673583984375,-3.1039535999298096,256.0338439941406,-0.078071229159832,-0.7870091199874878,-0.051416635513305664,1.0,0.0,12.232967376708984,0.16688013076782227
16.51447105407715,0.059223074465990067,-0.9063808917999268,-0.02415693923830986,-0.05880994722247124,3.0925045013427734,214.75732421875,-2.9781789779663086,255.939697265625,0.02751077152788639,-0.8203363418579102,-0.04479503631591797,1.0,0.0,12.232967376708984,0.21250200271606445
16.514970779418945,0.15825217962265015,-0.8929277658462524,-0.01287764310836792,-0.02066762000322342,3.1998844146728516,214.75732421875,-2.85239315032959,255.8477325439453,0.09228488057851791,-0.7969667911529541,-0.08903813362121582,1.0,0.0,12.232967376708984,0.23090791702270508
16.515470504760742,0.25922274589538574,-0.8693854212760925,0.014514935202896595,-0.001131304888986051,3.368234634399414,268.7153625488281,-2.7270352840423584,255.7398223876953,0.20734903216362,-0.8099181652069092,-0.07904291152954102,1.0,0.0,12.232967376708984,0.18791532516479492
16.51597023010254,0.37378475069999695,-0.8290274143218994,-0.01932295598089695,-0.031831227242946625,3.5023231506347656,268.7153625488281,-2.60184907913208,255.62709045410156,0.3129834830760956,-0.7897680401802063,-0.07757878303527832,1.0,0.0,12.232967376708984,0.17901325225830078
16.51647186279297,0.4805809259414673,-0.7718531489372253,0.009680950082838535,-0.016946418210864067,3.6242122650146484,257.4513244628906,-2.4763457775115967,255.52989196777344,0.4228825867176056,-0.7559701800346375,-0.07037091255187988,1.0,0.0,12.232967376708984,0.18262720108032227
16.516969680786133,0.5796095728874207,-0.7079519629478455,-0.006432330701500177,-0.02066762000322342,3.7526798248291016,257.4513244628906,-2.3518519401550293,255.39248657226562,0.5070368647575378,-0.7018508315086365,-0.07935190200805664,1.0,0.0,12.232967376708984,0.17865371704101562
16.51746940612793,0.6718423366546631,-0.6289173364639282,-0.006432330701500177,-0.029970627278089523,3.8453292846679688,225.49517822265625,-2.22723388671875,255.2631072998047,0.6250951290130615,-0.6123818755149841,-0.03377175331115723,1.0,0.0,12.232967376708984,0.21062231063842773
16.517969131469727,0.7368904948234558,-0.5498823523521423,0.0048469663597643375,-0.016016118228435516,3.9580745697021484,225.49517822265625,-2.1032400131225586,255.11024475097656,0.6743691563606262,-0.5698491334915161,-0.08449411392211914,1.0,0.0,12.232967376708984,0.22187089920043945
16.518470764160156,0.7990264892578125,-0.46243909001350403,0.0016243100399151444,-0.032761529088020325,4.107484817504883,257.96673583984375,-1.979382872581482,254.95469665527344,0.7558839917182922,-0.506436288356781,-0.09716677665710449,1.0,0.0,12.232967376708984,0.1963176727294922
16.518970489501953,0.8514532446861267,-0.35145387053489685,1.2981891813979018e-05,-0.04299483820796013,4.236469268798828,257.96673583984375,-1.8558721542358398,254.78793334960938,0.7579300999641418,-0.3782886862754822,-0.09334921836853027,1.0,0.0,12.232967376708984,0.19084405899047852
16.51947021484375,0.8922300338745117,-0.24719470739364624,0.01612626202404499,0.0016595961060374975,4.353023529052734,246.97091674804688,-1.7318419218063354,254.6464080810547,0.8662969470024109,-0.2863953113555908,-0.07369685173034668,1.0,0.0,12.232967376708984,0.1983199119567871
16.519969940185547,0.9126184582710266,-0.13789108395576477,0.009680950082838535,0.010962603613734245,4.476507186889648,246.97091674804688,-1.6089609861373901,254.4595489501953,0.8649609684944153,-0.21274495124816895,-0.1187140941619873,1.0,0.0,12.232967376708984,0.19771718978881836
16.520469665527344,0.9271811842918396,-0.0252241101115942,0.01612626202404499,0.0239868126809597,4.624261856079102,268.4466247558594,-1.4873758554458618,254.22259521484375,0.9098477363586426,-0.09361829608678818,-0.1016685962677002,1.0,0.0,12.232967376708984,0.17154788970947266
16.52096939086914,0.9203851222991943,0.09753268212080002,0.03062821552157402,0.006311099510639906,4.758216857910156,268.4466247558594,-1.36568021774292,253.99510192871094,0.8932932615280151,0.0005200410378165543,-0.12040257453918457,1.0,0.0,12.232967376708984,0.1592884063720703
16.521469116210938,0.899996817111969,0.21356278657913208,0.03385087102651596,0.03794132173061371,4.831827163696289,214.75732421875,-1.2447693347930908,253.73941040039062,0.8719350695610046,0.11839786171913147,-0.10696244239807129,1.0,0.0,12.232967376708984,0.2065892219543457
16.521968841552734,0.8708707690238953,0.3110954463481903,0.02096024714410305,0.02119590900838375,4.939205169677734,214.75732421875,-1.1242783069610596,253.47154235839844,0.8214535713195801,0.19289998710155487,-0.13196063041687012,1.0,0.0,12.232967376708984,0.21970224380493164
16.52246856689453,0.8291234374046326,0.40358322858810425,0.06285477429628372,0.05468673259019852,5.107503890991211,268.7153625488281,-1.004314661026001,253.1870880126953,0.8480842709541321,0.3189336955547333,-0.12292718887329102,1.0,0.0,12.232967376708984,0.17136716842651367
16.522968292236328,0.770871102809906,0.5044790506362915,0.02740556001663208,0.028638318181037903,5.241859436035156,268.7153625488281,-0.8840796947479248,252.91981506347656,0.7781710624694824,0.36764857172966003,-0.16174888610839844,1.0,0.0,12.232967376708984,0.15724611282348633
16.523468017578125,0.6873763203620911,0.602011501789093,0.01934891939163208,0.03701102361083031,5.3513641357421875,246.72418212890625,-0.7633035182952881,252.68112182617188,0.6425372958183289,0.4504237174987793,-0.11236333847045898,1.0,0.0,12.232967376708984,0.1685175895690918
16.523969650268555,0.6126189827919006,0.6776835918426514,0.02740556001663208,0.030498916283249855,5.474729537963867,246.72418212890625,-0.6426374912261963,252.4424285888672,0.6356772780418396,0.5056251287460327,-0.17282700538635254,1.0,0.0,12.232967376708984,0.1658186912536621
16.52446937561035,0.5310662388801575,0.751673698425293,0.02740556001663208,0.032359518110752106,5.610782623291016,257.96673583984375,-0.5214898586273193,252.2292022705078,0.5775214433670044,0.6449838280677795,-0.1252574920654297,1.0,0.0,12.232967376708984,0.15091276168823242
16.524967193603516,0.4242701530456543,0.8189378380775452,0.03062821552157402,0.028638318181037903,5.739507675170898,257.96673583984375,-0.3990328311920166,252.07562255859375,0.43766558170318604,0.7194639444351196,-0.06375384330749512,1.0,0.0,12.232967376708984,0.14464521408081055
16.525468826293945,0.31553277373313904,0.8592962622642517,0.02096024714410305,0.03608072176575661,5.843955993652344,236.23304748535156,-0.27643418312072754,251.9311981201172,0.3500451445579529,0.7241327166557312,-0.09027457237243652,1.0,0.0,12.232967376708984,0.1627955436706543
16.525968551635742,0.20679539442062378,0.8962910771369934,0.01129227876663208,0.0249171145260334,5.962072372436523,236.23304748535156,-0.15221428871154785,251.85792541503906,0.22132553160190582,0.7908346652984619,-0.03689861297607422,1.0,0.0,12.232967376708984,0.1688990592956543
16.52646827697754,0.09805801510810852,0.91310715675354,0.00323563814163208,0.0184050090610981,6.09259033203125,247.21812438964844,-0.028168201446533203,251.77880859375,0.13518138229846954,0.8170939683914185,-0.0521092414855957,1.0,0.0,12.232967376708984,0.16242694854736328
16.526968002319336,-0.01262132078409195,0.9198334217071533,0.014514935202896595,0.03794132545590401,6.21619987487793,247.21812438964844,0.09575414657592773,251.69613647460938,0.04350666701793671,0.864749550819397,-0.06241464614868164,1.0,0.0,12.232967376708984,0.16273975372314453
16.527467727661133,-0.13689270615577698,0.9097438454627991,0.02096024714410305,0.06585034728050232,0.06847810745239258,257.7087707519531,0.2205188274383545,251.6507110595703,-0.09708934277296066,0.8368271589279175,-0.021249055862426758,1.0,0.0,12.232967376708984,0.15204071998596191
16.52796745300293,-0.2514554560184479,0.8862015008926392,-0.008043658919632435,0.002589897019788623,0.19733476638793945,257.7087707519531,0.3458549976348877,251.6301727294922,-0.22958877682685852,0.8249109983444214,0.00948190689086914,1.0,0.0,12.232967376708984,0.14852023124694824
16.528467178344727,-0.3640762269496918,0.8458430767059326,0.009680950082838535,0.02212621085345745,0.3264756202697754,257.96673583984375,0.4711942672729492,251.61045837402344,-0.3213942348957062,0.7689630389213562,0.008573532104492188,1.0,0.0,12.232967376708984,0.14471864700317383
16.528966903686523,-0.4669886529445648,0.7886688113212585,-0.0032096742652356625,0.0184050090610981,0.45520448684692383,257.96673583984375,0.5962624549865723,251.57931518554688,-0.3763282001018524,0.7549780607223511,-0.050225257873535156,1.0,0.0,12.232967376708984,0.14105796813964844
16.52946662902832,-0.5679590702056885,0.7281314134597778,0.008069622330367565,0.04910493269562721,0.5472378730773926,225.26991271972656,0.7207391262054443,251.5242919921875,-0.4823606312274933,0.7256632447242737,-0.05048632621765137,1.0,0.0,12.232967376708984,0.17350125312805176
16.529966354370117,-0.6543664932250977,0.6524595022201538,-0.006432330701500177,0.03887162357568741,0.659874439239502,225.26991271972656,0.8462748527526855,251.51467895507812,-0.5841293334960938,0.6265464425086975,-0.012140035629272461,1.0,0.0,12.232967376708984,0.1864004135131836
16.530466079711914,-0.732036292552948,0.5784695744514465,0.02257157489657402,0.04259282350540161,0.7970108985900879,246.97091674804688,0.9719297885894775,251.51011657714844,-0.6728176474571228,0.5846911072731018,-0.03289604187011719,1.0,0.0,12.232967376708984,0.17491888999938965
16.530967712402344,-0.7970845699310303,0.48598140478134155,-0.00482100248336792,0.026777714490890503,0.920494556427002,246.97091674804688,1.0971968173980713,251.48936462402344,-0.7556488513946533,0.5013353228569031,-0.028491973876953125,1.0,0.0,12.232967376708984,0.17670226097106934
16.53146743774414,-0.8475698828697205,0.37835952639579773,-0.01448897086083889,0.02491711638867855,1.0685315132141113,268.7153625488281,1.2216436862945557,251.4347686767578,-0.7974405884742737,0.4048711657524109,-0.03701925277709961,1.0,0.0,12.232967376708984,0.15311217308044434
16.531967163085938,-0.8941717147827148,0.2640109956264496,-0.01287764310836792,0.009102001786231995,1.2028870582580566,268.7153625488281,1.3464372158050537,251.39573669433594,-0.852951169013977,0.31381097435951233,-0.044600486755371094,1.0,0.0,12.232967376708984,0.14355015754699707
16.532466888427734,-0.9252395033836365,0.14293578267097473,-0.00482100248336792,0.030498918145895004,1.32481050491333,257.7087707519531,1.4698421955108643,251.2994842529297,-0.8658174276351929,0.1795606017112732,-0.019881725311279297,1.0,0.0,12.232967376708984,0.14503169059753418
16.53296661376953,-0.9271814227104187,0.025223689153790474,-0.02899092435836792,-0.007643410935997963,1.4534077644348145,257.7087707519531,1.593397855758667,251.21116638183594,-0.8571462035179138,0.13613010942935944,-0.0968008041381836,1.0,0.0,12.232967376708984,0.13999009132385254
16.533466339111328,-0.9339773058891296,-0.09416933357715607,-0.01932295598089695,0.025847412645816803,1.5461125373840332,225.49517822265625,1.7160823345184326,251.08847045898438,-0.873131513595581,0.0002754133893176913,-0.0621943473815918,1.0,0.0,12.232967376708984,0.16996979713439941
16.533966064453125,-0.9126182198524475,-0.19842848181724548,-0.00482100248336792,0.01003230269998312,1.6586346626281738,225.49517822265625,1.8390767574310303,250.98094177246094,-0.8402817249298096,-0.05643124878406525,-0.11808633804321289,1.0,0.0,12.232967376708984,0.18044209480285645
16.534465789794922,-0.8902882933616638,-0.3110952377319336,-0.02737959660589695,0.0007292955997399986,1.8077549934387207,257.7087707519531,1.9615352153778076,250.8537139892578,-0.857596755027771,-0.2583443820476532,-0.014615058898925781,1.0,0.0,12.232967376708984,0.15378022193908691
16.53496551513672,-0.828152596950531,-0.4119912385940552,-0.04671553149819374,-0.02159791998565197,1.9366097450256348,257.7087707519531,2.084183931350708,250.7367706298828,-0.7697946429252625,-0.25651881098747253,-0.10863399505615234,1.0,0.0,12.232967376708984,0.14757418632507324
16.535465240478516,-0.7825215458869934,-0.5179319977760315,-0.02254561148583889,-0.007643410470336676,2.0536179542541504,247.21812438964844,2.206942319869995,250.62718200683594,-0.7642213106155396,-0.4244489371776581,-0.04584455490112305,1.0,0.0,12.232967376708984,0.15332436561584473
16.535966873168945,-0.7087352871894836,-0.6053746342658997,-0.04671553149819374,-0.030900927260518074,2.177229404449463,247.21812438964844,2.3297178745269775,250.5204315185547,-0.7218851447105408,-0.4812209904193878,-0.08784294128417969,1.0,0.0,12.232967376708984,0.15248847007751465
16.536466598510742,-0.6281532645225525,-0.6911363005638123,-0.02415693923830986,-0.034622129052877426,2.3248257637023926,268.4466247558594,2.453160524368286,250.44406127929688,-0.6253142952919006,-0.5854494571685791,-0.04662179946899414,1.0,0.0,12.232967376708984,0.12833476066589355
16.536964416503906,-0.5378623008728027,-0.7735347151756287,-0.006432330701500177,0.007241401355713606,2.4587807655334473,268.4466247558594,2.5767509937286377,250.37551879882812,-0.5567174553871155,-0.6809643507003784,-0.0372314453125,1.0,0.0,12.232967376708984,0.11797022819519043
16.537466049194336,-0.4203871190547943,-0.8357537388801575,-0.02093428373336792,-0.017876718193292618,2.5447373390197754,225.49517822265625,2.7001168727874756,250.29905700683594,-0.3960859179496765,-0.6824122071266174,-0.0010223388671875,1.0,0.0,12.232967376708984,0.1553795337677002
16.537965774536133,-0.31553301215171814,-0.8794749975204468,-0.03865889087319374,-0.05974024534225464,2.657259464263916,225.49517822265625,2.8260042667388916,250.32989501953125,-0.3085583746433258,-0.7731447815895081,0.019357681274414062,1.0,0.0,12.232967376708984,0.16874480247497559
16.53846549987793,-0.2165040373802185,-0.91310715675354,-0.01932295598089695,-0.018807020038366318,2.8066697120666504,257.96673583984375,2.9509880542755127,250.3223114013672,-0.23970720171928406,-0.8382773399353027,-0.004521846771240234,1.0,0.0,12.232967376708984,0.1443183422088623
16.538965225219727,-0.09029082208871841,-0.9332861304283142,-0.02899092435836792,-0.026249423623085022,2.93565034866333,257.96673583984375,3.0763213634490967,250.329833984375,-0.0756392851471901,-0.8410198092460632,0.05923748016357422,1.0,0.0,12.232967376708984,0.1406710147857666
16.539464950561523,0.026213129982352257,-0.9366495013237,-0.009654986672103405,-0.054158445447683334,3.0640511512756348,257.4513244628906,-3.080195903778076,250.39295959472656,-0.003477339865639806,-0.87626051902771,0.018146038055419922,1.0,0.0,12.232967376708984,0.13893842697143555
16.53996467590332,0.1524268239736557,-0.9299232959747314,-0.0354362353682518,-0.035552430897951126,3.1927762031555176,257.4513244628906,-2.9544050693511963,250.41806030273438,0.12922729551792145,-0.8643521070480347,0.044852495193481445,1.0,0.0,12.232967376708984,0.13600397109985352
16.540464401245117,0.2631058990955353,-0.8996544480323792,-0.01610029861330986,-0.015085814520716667,3.2978157997131348,236.4695281982422,-2.82774019241333,250.47900390625,0.19901694357395172,-0.8346130847930908,0.003710031509399414,1.0,0.0,12.232967376708984,0.15762948989868164
16.540964126586914,0.3776688873767853,-0.8626591563224792,-0.03221357986330986,-0.035552430897951126,3.416048526763916,236.4695281982422,-2.701040267944336,250.54049682617188,0.3266514241695404,-0.8196499943733215,0.022259950637817383,1.0,0.0,12.232967376708984,0.16609668731689453
16.541465759277344,0.47960996627807617,-0.8138927221298218,-0.01610029861330986,-0.02438882365822792,3.5582852363586426,257.7087707519531,-2.5750889778137207,250.56890869140625,0.4137541353702545,-0.8124620914459229,-0.012032032012939453,1.0,0.0,12.232967376708984,0.1498112678527832
16.541963577270508,0.5815514922142029,-0.7449474930763245,-0.01287764310836792,-0.02066762000322342,3.6868796348571777,257.7087707519531,-2.4489290714263916,250.605712890625,0.5260559916496277,-0.7303830981254578,0.015091419219970703,1.0,0.0,12.232967376708984,0.14737653732299805
16.542463302612305,0.6776676774024963,-0.6659122705459595,0.00323563814163208,-0.02624942548573017,3.815737247467041,257.7087707519531,-2.3217287063598633,250.68531799316406,0.6428006887435913,-0.668664276599884,0.029471635818481445,1.0,0.0,12.232967376708984,0.1457195281982422
16.5429630279541,0.7582499980926514,-0.5801507234573364,0.00323563814163208,-0.007643410004675388,3.944589138031006,257.7087707519531,-2.194821834564209,250.7510986328125,0.7515032887458801,-0.6238747239112854,0.014774084091186523,1.0,0.0,12.232967376708984,0.14377450942993164
16.54346466064453,0.8291236758232117,-0.47084710001945496,-0.009654986672103405,-0.031831227242946625,4.073446750640869,257.7087707519531,-2.069185256958008,250.76211547851562,0.7775285840034485,-0.5024592876434326,0.00826406478881836,1.0,0.0,12.232967376708984,0.14055347442626953
16.543964385986328,0.8999966979026794,-0.3548170030117035,-0.006432330701500177,-0.016946416348218918,4.202298641204834,257.7087707519531,-1.9418292045593262,250.8453826904297,0.8806333541870117,-0.30848729610443115,0.11817002296447754,1.0,0.0,12.232967376708984,0.13905763626098633
16.544464111328125,0.9349481463432312,-0.24719470739364624,0.009680950082838535,0.014683805406093597,4.307174205780029,236.4695281982422,-1.815332055091858,250.89036560058594,0.9050086140632629,-0.2848612368106842,0.02329111099243164,1.0,0.0,12.232967376708984,0.16067934036254883
16.544963836669922,0.960191011428833,-0.12948283553123474,-0.0032096742652356625,-0.011364612728357315,4.425407886505127,236.4695281982422,-1.689675211906433,250.89926147460938,0.9196444153785706,-0.1716122180223465,0.018073320388793945,1.0,0.0,12.232967376708984,0.16810226440429688
16.54546356201172,0.9669869542121887,-0.010089602321386337,0.02579423226416111,-0.0002010049211094156,4.579777240753174,268.4466247558594,-1.5634093284606934,250.93350219726562,0.9379468560218811,-0.07317411154508591,-0.0016357898712158203,1.0,0.0,12.232967376708984,0.1399989128112793
16.545963287353516,0.9640743136405945,0.11603010445833206,0.014514935202896595,-0.006713110022246838,4.7137322425842285,268.4466247558594,-1.4376314878463745,250.9467010498047,0.9268659353256226,0.036696162074804306,-0.010015726089477539,1.0,0.0,12.232967376708984,0.1318216323852539
16.546463012695312,0.9456274509429932,0.24215002357959747,0.01934891939163208,0.02212621085345745,4.847958087921143,268.4466247558594,-1.3122286796569824,250.94369506835938,0.9497495293617249,0.15794983506202698,-0.01019287109375,1.0,0.0,12.232967376708984,0.12299871444702148
16.54696273803711,0.9029093384742737,0.3699512779712677,0.01612626202404499,0.007241399958729744,4.982179164886475,268.4466247558594,-1.1870533227920532,250.93142700195312,0.8657882809638977,0.2762106955051422,0.008729219436645508,1.0,0.0,12.232967376708984,0.1139531135559082
16.547462463378906,0.8456282615661621,0.4893447160720825,0.02096024714410305,0.02119590900838375,5.116706371307373,268.7153625488281,-1.0616958141326904,250.9268341064453,0.8165729641914368,0.37338483333587646,0.0034003257751464844,1.0,0.0,12.232967376708984,0.10478353500366211
16.547962188720703,0.7786379456520081,0.5986486077308655,0.01612626202404499,0.02212621085345745,5.251064777374268,268.7153625488281,-0.9361152648925781,250.9317626953125,0.7799248099327087,0.4860630929470062,0.006276845932006836,1.0,0.0,12.232967376708984,0.09600543975830078
16.548463821411133,0.6864054799079895,0.7045890688896179,0.03062821552157402,0.028638318181037903,5.336582660675049,225.49517822265625,-0.8097493648529053,250.96975708007812,0.6379661560058594,0.5669805407524109,0.04934120178222656,1.0,0.0,12.232967376708984,0.13685369491577148
16.54896354675293,0.602910578250885,0.7819425463676453,0.04351884126663208,0.028638318181037903,5.449330806732178,225.49517822265625,-0.6833004951477051,251.01036071777344,0.5866422057151794,0.6708289384841919,0.04859638214111328,1.0,0.0,12.232967376708984,0.15055418014526367
16.549463272094727,0.49999845027923584,0.8391168117523193,0.03385087102651596,0.06585033982992172,5.622747898101807,279.18450927734375,-0.5567786693572998,251.05300903320312,0.4826897084712982,0.6964266896247864,0.03450179100036621,1.0,0.0,12.232967376708984,0.10365915298461914
16.54996109008789,0.38349366188049316,0.9030174016952515,0.03062821552157402,0.013753505423665047,5.762059688568115,279.18450927734375,-0.4296548366546631,251.1202850341797,0.38558557629585266,0.7662725448608398,0.047328948974609375,1.0,0.0,12.232967376708984,0.09147119522094727
16.55046272277832,0.253397136926651,0.946739137172699,0.01290360651910305,0.02398681454360485,5.889831066131592,268.7153625488281,-0.30167698860168457,251.2218475341797,0.2671597898006439,0.8145730495452881,0.0687556266784668,1.0,0.0,12.232967376708984,0.09167718887329102
16.550962448120117,0.12524248659610748,0.9736445546150208,0.02418290264904499,0.04538372904062271,6.024190425872803,268.7153625488281,-0.1729276180267334,251.3538818359375,0.14850345253944397,0.8868333697319031,0.09115004539489746,1.0,0.0,12.232967376708984,0.08606767654418945
16.551462173461914,-0.008737790398299694,0.9803708791732788,0.01612626202404499,0.033289819955825806,6.158243656158447,268.4466247558594,-0.043628692626953125,251.5059814453125,0.05507272481918335,0.8634628653526306,0.06400752067565918,1.0,0.0,12.232967376708984,0.0813131332397461
16.55196189880371,-0.1524265855550766,0.9803708791732788,0.02418290264904499,0.04724433273077011,0.009282112121582031,268.4466247558594,0.08637714385986328,251.6850128173828,-0.15735018253326416,0.8874478936195374,0.17369771003723145,1.0,0.0,12.232967376708984,0.07709503173828125
16.552461624145508,-0.28252342343330383,0.946739137172699,0.02257157489657402,0.02212621085345745,0.11923980712890625,246.97091674804688,0.21855807304382324,251.95150756835938,-0.2483454942703247,0.8070971369743347,0.16459274291992188,1.0,0.0,12.232967376708984,0.09931826591491699
16.552961349487305,-0.40291130542755127,0.8996544480323792,0.01290360651910305,0.050035230815410614,0.2427234649658203,246.97091674804688,0.35080933570861816,252.21534729003906,-0.3523540496826172,0.7933781147003174,0.15182042121887207,1.0,0.0,12.232967376708984,0.10808587074279785
16.5534610748291,-0.5165029168128967,0.8441615104675293,0.02096024714410305,0.054686736315488815,0.3904752731323242,268.4466247558594,0.4824512004852295,252.44793701171875,-0.4601205587387085,0.7911510467529297,0.12897610664367676,1.0,0.0,12.232967376708984,0.09197592735290527
16.5539608001709,-0.6300949454307556,0.761763334274292,0.00323563814163208,0.04817463085055351,0.5244302749633789,268.4466247558594,0.6157782077789307,252.74667358398438,-0.5820479989051819,0.6719157099723816,0.1830604076385498,1.0,0.0,12.232967376708984,0.09134793281555176
16.554462432861328,-0.7242691516876221,0.6793651580810547,-0.00482100248336792,0.032359518110752106,0.6444787979125977,255.66348266601562,0.7485427856445312,253.0151824951172,-0.6672838926315308,0.6606114506721497,0.12671899795532227,1.0,0.0,12.232967376708984,0.1040639877319336
16.554960250854492,-0.8106769919395447,0.5835142731666565,0.00323563814163208,0.029568618163466454,0.7720546722412109,255.66348266601562,0.880439043045044,253.24151611328125,-0.7686436772346497,0.5892943739891052,0.12116479873657227,1.0,0.0,12.232967376708984,0.10838437080383301
16.555461883544922,-0.8844628930091858,0.46916574239730835,0.0016243100399151444,0.034220121800899506,0.9255447387695312,279.18450927734375,1.0121948719024658,253.45730590820312,-0.8207345008850098,0.45966747403144836,0.1330733299255371,1.0,0.0,12.232967376708984,0.08665013313293457
16.55596160888672,-0.9330065250396729,0.35145366191864014,-0.01287764310836792,0.009102001786231995,1.0648565292358398,279.18450927734375,1.1417162418365479,253.57460021972656,-0.8788352608680725,0.4168106019496918,0.071014404296875,1.0,0.0,12.232967376708984,0.07685971260070801
16.556461334228516,-0.9776666760444641,0.21356278657913208,0.008069622330367565,0.032359518110752106,1.1934232711791992,268.7153625488281,1.2723548412322998,253.73648071289062,-0.8926578164100647,0.272283136844635,0.0872950553894043,1.0,0.0,12.232967376708984,0.07893157005310059
16.556961059570312,-0.9970839619636536,0.08576171845197678,-0.03221357986330986,-0.0020616059191524982,1.3275117874145508,268.7153625488281,1.4029982089996338,253.895263671875,-0.9538589119911194,0.16162781417369843,0.08490276336669922,1.0,0.0,12.232967376708984,0.07548642158508301
16.55746078491211,-0.9961130023002625,-0.04708466678857803,-0.02415693923830986,-0.02531912364065647,1.438385009765625,246.97091674804688,1.533097505569458,254.02764892578125,-0.9210157990455627,0.07511837780475616,0.041136741638183594,1.0,0.0,12.232967376708984,0.09471249580383301
16.557960510253906,-0.9854332804679871,-0.17320437729358673,-0.03060225211083889,-0.012294914573431015,1.5616226196289062,246.97091674804688,1.6630480289459229,254.1513214111328,-0.9298629760742188,-0.0687049925327301,0.0664668083190918,1.0,0.0,12.232967376708984,0.1014254093170166
16.558460235595703,-0.9592199325561523,-0.299324095249176,-0.009654986672103405,0.005380799528211355,1.7201471328735352,279.18450927734375,1.792701005935669,254.2597198486328,-0.9171962738037109,-0.2120715230703354,0.09042072296142578,1.0,0.0,12.232967376708984,0.07255387306213379
16.5589599609375,-0.9029097557067871,-0.4237624406814575,-0.02415693923830986,-0.01973731815814972,1.8594598770141602,279.18450927734375,1.922729730606079,254.3815155029297,-0.8525511026382446,-0.30563637614250183,0.0773777961730957,1.0,0.0,12.232967376708984,0.06326985359191895
16.559459686279297,-0.8368903994560242,-0.544837236404419,-0.02415693923830986,-0.016016116365790367,1.9990501403808594,279.18450927734375,2.053565263748169,254.53480529785156,-0.8012206554412842,-0.4213614761829376,0.08655929565429688,1.0,0.0,12.232967376708984,0.05451512336730957
16.559959411621094,-0.7563080191612244,-0.6507776975631714,-0.03060225211083889,-0.02159792184829712,2.138643264770508,279.18450927734375,2.1845591068267822,254.69122314453125,-0.7772899270057678,-0.5046767592430115,0.047168731689453125,1.0,0.0,12.232967376708984,0.045915842056274414
16.56045913696289,-0.6475706696510315,-0.751673698425293,-0.05799483135342598,-0.057879649102687836,2.27823543548584,279.18450927734375,2.3151934146881104,254.8294677734375,-0.6274450421333313,-0.5828663110733032,0.08947229385375977,1.0,0.0,12.232967376708984,0.03695797920227051
16.56096076965332,-0.5407748818397522,-0.8357534408569336,-0.02576826699078083,-0.02066762000322342,2.4178285598754883,279.18450927734375,2.447293519973755,255.02630615234375,-0.5473223328590393,-0.6967489719390869,0.11389446258544922,1.0,0.0,12.232967376708984,0.0294649600982666
16.561460494995117,-0.41844531893730164,-0.9063808917999268,-0.03865889087319374,-0.037413034588098526,2.5229291915893555,247.21812438964844,2.5799596309661865,255.2429962158203,-0.4347181022167206,-0.7861404418945312,0.1421518325805664,1.0,0.0,12.232967376708984,0.057030439376831055
16.561960220336914,-0.29223206639289856,-0.9534655809402466,-0.04188155010342598,-0.04113423451781273,2.646538734436035,247.21812438964844,2.7139570713043213,255.51097106933594,-0.3058163523674011,-0.8283642530441284,0.15978431701660156,1.0,0.0,12.232967376708984,0.06741833686828613
16.56245994567871,-0.1640770584344864,-0.9803708791732788,-0.02737959660589695,-0.04206453636288643,2.7933645248413086,268.7153625488281,2.849147081375122,255.82339477539062,-0.16340471804141998,-0.8253099918365479,0.18299055099487305,1.0,0.0,12.232967376708984,0.05578255653381348
16.562959671020508,-0.03398043289780617,-0.9971868991851807,-0.0354362353682518,-0.037413034588098526,2.92745304107666,268.7153625488281,2.9848902225494385,256.1525573730469,-0.05654283985495567,-0.8972025513648987,0.1798696517944336,1.0,0.0,12.232967376708984,0.05743718147277832
16.563459396362305,0.1019415333867073,-0.9904603958129883,-0.01610029861330986,-0.018807020038366318,3.084714889526367,289.9223937988281,3.120877504348755,256.4850158691406,0.07775618135929108,-0.898874819278717,0.19327688217163086,1.0,0.0,12.232967376708984,0.036162614822387695
16.5639591217041,0.23980498313903809,-0.9702814221382141,0.008069622330367565,0.00445049861446023,3.2296762466430664,289.9223937988281,-3.027161121368408,256.7752380371094,0.20293216407299042,-0.8900960683822632,0.1961071491241455,1.0,0.0,12.232967376708984,0.026348114013671875
