time_s,v_alpha_v,v_beta_v,i_alpha_a,i_beta_a,encoder_angle_rad,encoder_speed_rad_s,pll_angle_rad,pll_speed_rad_s,emf_alpha_v,emf_beta_v,phase_error_rad,locked,active,bus_voltage_v,angle_error_rad
14.094246864318848,0.890606164932251,-0.19197984039783478,0.00675471406430006,0.016559282317757607,4.4233598709106445,257.7087707519531,-1.667797565460205,266.5625915527344,0.8179635405540466,-0.28257790207862854,-0.14742493629455566,1.0,0.0,12.250696182250977,0.19202804565429688
14.094746589660645,0.9110240936279297,-0.07578157633543015,0.024479323998093605,0.010047179646790028,4.567017555236816,268.4466247558594,-1.5393344163894653,266.3601379394531,0.880214273929596,-0.18930816650390625,-0.15520262718200684,1.0,0.0,12.250696182250977,0.1768336296081543
14.095247268676758,0.9042177796363831,0.04715290665626526,0.01320002693682909,0.02214108780026436,4.701241493225098,268.4466247558594,-1.4120968580245972,266.11041259765625,0.8264089226722717,-0.09293283522129059,-0.18277859687805176,1.0,0.0,12.250696182250977,0.1698470115661621
14.095746994018555,0.8974123597145081,0.1532469391822815,0.030924635007977486,0.02493199147284031,4.776547431945801,225.72088623046875,-1.286008596420288,265.8176574707031,0.8673858642578125,0.02437523566186428,-0.16882777214050293,1.0,0.0,12.250696182250977,0.22062921524047852
14.096246719360352,0.874077558517456,0.2542891800403595,0.016422683373093605,0.01469868328422308,4.889409065246582,225.72088623046875,-1.159562587738037,265.5461730957031,0.8644804358482361,0.14285986125469208,-0.15964531898498535,1.0,0.0,12.250696182250977,0.23421382904052734
14.096747398376465,0.8351861834526062,0.36206722259521484,0.018034011125564575,0.030513793230056763,5.061230659484863,268.4466247558594,-1.0344746112823486,265.2232360839844,0.8119112253189087,0.2497161626815796,-0.1501929759979248,1.0,0.0,12.250696182250977,0.18748044967651367
14.097247123718262,0.7817109227180481,0.4681614637374878,0.016422683373093605,0.02400168962776661,5.1954545974731445,268.4466247558594,-0.9085867404937744,264.940673828125,0.7710921168327332,0.3609626591205597,-0.13668298721313477,1.0,0.0,12.250696182250977,0.17914438247680664
14.097745895385742,0.7097623348236084,0.5590992569923401,0.024479323998093605,0.02493199147284031,5.314602851867676,257.7087707519531,-0.7822458744049072,264.68310546875,0.7201387286186218,0.42892974615097046,-0.163848876953125,1.0,0.0,12.250696182250977,0.18633699417114258
14.098245620727539,0.6300359964370728,0.6433008909225464,0.01320002693682909,0.02400168962776661,5.443459510803223,257.7087707519531,-0.6561479568481445,264.42071533203125,0.6332903504371643,0.49994096159935,-0.15894174575805664,1.0,0.0,12.250696182250977,0.1835780143737793
14.098746299743652,0.5454476475715637,0.7224504947662354,0.00675471406430006,0.035165298730134964,5.572312355041504,257.7087707519531,-0.5295801162719727,264.18377685546875,0.5692347884178162,0.622467041015625,-0.12366867065429688,1.0,0.0,12.250696182250977,0.18129301071166992
14.09924602508545,0.44627559185028076,0.7830755710601807,0.01481135468930006,0.04725920781493187,5.701167106628418,257.7087707519531,-0.40290236473083496,263.9563903808594,0.467631995677948,0.6548217535018921,-0.12983942031860352,1.0,0.0,12.250696182250977,0.17911577224731445
14.099745750427246,0.3412694036960602,0.830228865146637,0.009977370500564575,0.02586228959262371,5.785595893859863,225.49517822265625,-0.2765042781829834,263.721923828125,0.34603556990623474,0.6977443099021912,-0.09641551971435547,1.0,0.0,12.250696182250977,0.2210850715637207
14.10024642944336,0.2459859400987625,0.860541582107544,-0.001301926327869296,0.017489584162831306,5.898341178894043,225.49517822265625,-0.14982056617736816,263.5040588378906,0.2938688099384308,0.744580090045929,-0.1388685703277588,1.0,0.0,12.250696182250977,0.23502397537231445
14.100746154785156,0.13709110021591187,0.8874858021736145,0.018034011125564575,0.02493199147284031,6.071063041687012,268.984619140625,-0.02257561683654785,263.3146667480469,0.18971431255340576,0.8194113969802856,-0.11769485473632812,1.0,0.0,12.250696182250977,0.18954706192016602
14.101245880126953,0.018473288044333458,0.894221842288971,0.005143385846167803,0.02307138778269291,6.2055559158325195,268.984619140625,0.10448241233825684,263.1213684082031,0.07845661789178848,0.8230440616607666,-0.11231637001037598,1.0,0.0,12.250696182250977,0.1821122169494629
14.101744651794434,-0.09820012003183365,0.8975901007652283,0.009977370500564575,0.018419884145259857,0.0406794548034668,257.4513244628906,0.23180317878723145,262.9434814453125,-0.06291060149669647,0.8383098840713501,-0.06957554817199707,1.0,0.0,12.250696182250977,0.19112372398376465
14.102245330810547,-0.2168179303407669,0.8740136027336121,0.0019207298755645752,0.0007441724301315844,0.1694045066833496,257.4513244628906,0.359760046005249,262.7958679199219,-0.17428162693977356,0.7955178618431091,-0.05676007270812988,1.0,0.0,12.250696182250977,0.19035553932189941
14.102745056152344,-0.31987935304641724,0.8437011241912842,-0.006135910749435425,0.016559282317757607,0.25437307357788086,225.72088623046875,0.48830556869506836,262.6758728027344,-0.2590385675430298,0.8041207194328308,-0.08951258659362793,1.0,0.0,12.250696182250977,0.2339324951171875
14.10324478149414,-0.4171069860458374,0.803284227848053,0.005143385846167803,0.019350185990333557,0.3672366142272949,225.72088623046875,0.6157681941986084,262.5131530761719,-0.3653826415538788,0.7765837907791138,-0.0888986587524414,1.0,0.0,12.250696182250977,0.24853157997131348
14.103744506835938,-0.5182240009307861,0.7426590919494629,0.005143385846167803,0.02679259143769741,0.524238109588623,257.7087707519531,0.7436463832855225,262.37127685546875,-0.5060632228851318,0.7098225355148315,-0.0370173454284668,1.0,0.0,12.250696182250977,0.21940827369689941
14.10424518585205,-0.6037841439247131,0.6685615181922913,-0.0029132545460015535,0.02586228959262371,0.6530947685241699,257.7087707519531,0.8711278438568115,262.2154846191406,-0.5437228679656982,0.6611043214797974,-0.09587812423706055,1.0,0.0,12.250696182250977,0.2180330753326416
14.104744911193848,-0.6796217560768127,0.5843597054481506,-0.015803879126906395,0.010977479629218578,0.7819457054138184,257.7087707519531,0.9979727268218994,262.03643798828125,-0.5805336236953735,0.5882455110549927,-0.1324138641357422,1.0,0.0,12.250696182250977,0.21602702140808105
14.105244636535645,-0.7525427937507629,0.4984741508960724,-0.01096989493817091,0.019350185990333557,0.9108004570007324,257.7087707519531,1.124110460281372,261.8315124511719,-0.696155309677124,0.5275068283081055,-0.11498880386352539,1.0,0.0,12.250696182250977,0.21331000328063965
14.105744361877441,-0.8128237724304199,0.40080010890960693,-0.006135910749435425,-0.00018612838175613433,1.0393977165222168,257.7087707519531,1.2505247592926025,261.6422424316406,-0.7514007091522217,0.44979092478752136,-0.1324934959411621,1.0,0.0,12.250696182250977,0.21112704277038574
14.106244087219238,-0.8643546104431152,0.29133763909339905,-0.007747238967567682,0.010047179646790028,1.1682524681091309,257.7087707519531,1.375657320022583,261.40313720703125,-0.8159022331237793,0.34993937611579895,-0.123443603515625,1.0,0.0,12.250696182250977,0.20740485191345215
14.106743812561035,-0.8935230374336243,0.18692782521247864,-0.007747238967567682,0.006325976923108101,1.2529940605163574,225.72088623046875,1.5000979900360107,261.1401062011719,-0.8411493897438049,0.2462114840745926,-0.12757492065429688,1.0,0.0,12.250696182250977,0.24710392951965332
14.107243537902832,-0.9100518226623535,0.08420179784297943,-0.020637864246964455,-0.004837631713598967,1.3658576011657715,225.72088623046875,1.6250207424163818,260.90277099609375,-0.8730505704879761,0.13741707801818848,-0.12392616271972656,1.0,0.0,12.250696182250977,0.25916314125061035
14.107744216918945,-0.9071349501609802,-0.02862824872136116,-0.038362473249435425,-0.005767933093011379,1.5228610038757324,257.7087707519531,1.7492363452911377,260.640625,-0.8571949601173401,0.0765693411231041,-0.18143987655639648,1.0,0.0,12.250696182250977,0.22637534141540527
14.108243942260742,-0.9022735953330994,-0.13809071481227875,-0.019026534631848335,-0.024373944848775864,1.6517138481140137,257.7087707519531,1.8725173473358154,260.34478759765625,-0.8849153518676758,-0.03527989611029625,-0.17586040496826172,1.0,0.0,12.250696182250977,0.22080349922180176
14.108743667602539,-0.8769943118095398,-0.2559729814529419,-0.031917158514261246,-0.013210336677730083,1.7805705070495605,257.7087707519531,1.9964454174041748,260.0827331542969,-0.8583973050117493,-0.18941673636436462,-0.12231588363647461,1.0,0.0,12.250696182250977,0.21587491035461426
14.109244346618652,-0.8381032347679138,-0.3637516498565674,-0.023860519751906395,-0.010419436730444431,1.9094233512878418,257.7087707519531,2.1194236278533936,259.7859802246094,-0.8188157677650452,-0.2710901200771332,-0.1429448127746582,1.0,0.0,12.250696182250977,0.21000027656555176
14.10974407196045,-0.7758772969245911,-0.46479326486587524,-0.028694504871964455,-0.028095148503780365,2.038276195526123,257.7087707519531,2.242629289627075,259.5049133300781,-0.7348604798316956,-0.3230343163013458,-0.1719226837158203,1.0,0.0,12.250696182250977,0.20435309410095215
14.11024284362793,-0.7185129523277283,-0.5641512870788574,-0.020637864246964455,-0.02158304490149021,2.1668734550476074,257.7087707519531,2.365018129348755,259.19549560546875,-0.7113391160964966,-0.4494166076183319,-0.14499473571777344,1.0,0.0,12.250696182250977,0.19814467430114746
14.110742568969727,-0.6368417143821716,-0.6449850797653198,-0.031917158514261246,-0.031816352158784866,2.2513041496276855,225.49517822265625,2.4893076419830322,258.9724426269531,-0.6127547025680542,-0.5214999914169312,-0.12763547897338867,1.0,0.0,12.250696182250977,0.23800349235534668
14.11124324798584,-0.5580873489379883,-0.7140302062034607,-0.023860519751906395,-0.027164850383996964,2.364051342010498,225.49517822265625,2.612621545791626,258.712890625,-0.5454552173614502,-0.5828943848609924,-0.13762855529785156,1.0,0.0,12.250696182250977,0.24857020378112793
14.111742973327637,-0.4637763798236847,-0.7763397693634033,-0.035139817744493484,-0.04111935943365097,2.5212244987487793,257.7087707519531,2.7360031604766846,258.4617004394531,-0.46650955080986023,-0.6588028073310852,-0.12496376037597656,1.0,0.0,12.250696182250977,0.21477866172790527
14.112242698669434,-0.3684934079647064,-0.830228865146637,-0.019026534631848335,-0.026234548538923264,2.6500792503356934,257.7087707519531,2.860238790512085,258.2516784667969,-0.3959673345088959,-0.7452524304389954,-0.121490478515625,1.0,0.0,12.250696182250977,0.2101595401763916
14.112743377685547,-0.24987535178661346,-0.8773818016052246,-0.035139817744493484,-0.033676955848932266,2.7941107749938965,268.7153625488281,2.9849612712860107,258.06683349609375,-0.24688012897968292,-0.7928852438926697,-0.059481143951416016,1.0,0.0,12.250696182250977,0.19085049629211426
14.113243103027344,-0.12347922474145889,-0.8975901007652283,-0.004524582531303167,-0.01786184124648571,2.9284701347351074,268.7153625488281,3.110771894454956,257.931640625,-0.09052330255508423,-0.7717435956001282,3.337860107421875e-06,1.0,0.0,12.250696182250977,0.18230175971984863
14.11374282836914,-0.014584251679480076,-0.9076944589614868,-0.019026534631848335,-0.024373944848775864,3.0328173637390137,246.97091674804688,-3.0476269721984863,257.7558898925781,-0.07389605790376663,-0.8124895691871643,-0.09919381141662598,1.0,0.0,12.250696182250977,0.20274114608764648
14.114242553710938,0.10014451295137405,-0.9076944589614868,-0.007747238967567682,-0.023443644866347313,3.1563029289245605,246.97091674804688,-2.9222259521484375,257.60986328125,0.05899825319647789,-0.8387169241905212,-0.06356620788574219,1.0,0.0,12.250696182250977,0.20465660095214844
14.114742279052734,0.21292901039123535,-0.8874858021736145,0.0003094017447438091,-0.04297995939850807,3.2502360343933105,225.72088623046875,-2.796285390853882,257.4894714355469,0.16848212480545044,-0.8080521821975708,-0.05417633056640625,1.0,0.0,12.250696182250977,0.2366642951965332
14.115242004394531,0.30821213126182556,-0.860541582107544,-0.0029132545460015535,-0.01693154126405716,3.3630995750427246,225.72088623046875,-2.671062707901001,257.3413391113281,0.26341933012008667,-0.8220497965812683,-0.07499051094055176,1.0,0.0,12.250696182250977,0.2490229606628418
14.115741729736328,0.41710686683654785,-0.8100202679634094,-0.004524582531303167,-0.023443644866347313,3.5349173545837402,268.4466247558594,-2.5451347827911377,257.2260437011719,0.36680537462234497,-0.7544780969619751,-0.05846810340881348,1.0,0.0,12.250696182250977,0.20313310623168945
14.116242408752441,0.5250301957130432,-0.7510789036750793,-0.006135910749435425,-0.026234548538923264,3.6691431999206543,268.4466247558594,-2.4191296100616455,257.116455078125,0.4731633961200714,-0.7237692475318909,-0.058025360107421875,1.0,0.0,12.250696182250977,0.19491243362426758
14.116742134094238,0.616424024105072,-0.6803497672080994,-0.015803879126906395,0.003535074181854725,3.7733874320983887,246.72418212890625,-2.294081449508667,256.96868896484375,0.5307841897010803,-0.684227466583252,-0.10254168510437012,1.0,0.0,12.250696182250977,0.21571683883666992
14.117241859436035,0.691289484500885,-0.6045680046081543,-0.006135910749435425,-0.015070939436554909,3.8967509269714355,246.72418212890625,-2.168365478515625,256.8524475097656,0.6205717325210571,-0.6559856534004211,-0.1305234432220459,1.0,0.0,12.250696182250977,0.21806907653808594
14.117741584777832,0.7700436115264893,-0.5018419027328491,0.005143385846167803,-0.034607257694005966,4.050439357757568,268.7153625488281,-2.04252028465271,256.7439880371094,0.6893777847290039,-0.5308533310890198,-0.0993494987487793,1.0,0.0,12.250696182250977,0.19022607803344727
14.118242263793945,0.8322694897651672,-0.40080010890960693,0.005143385846167803,-0.012280037626624107,4.184798717498779,268.7153625488281,-1.91864812374115,256.5546569824219,0.7646393775939941,-0.47287100553512573,-0.12102317810058594,1.0,0.0,12.250696182250977,0.17973852157592773
14.118741035461426,0.8789386749267578,-0.29975810647010803,0.01481135468930006,0.00446537509560585,4.25928258895874,225.49517822265625,-1.794875979423523,256.3653564453125,0.8303102850914001,-0.3740917146205902,-0.11428070068359375,1.0,0.0,12.250696182250977,0.22902679443359375
14.119240760803223,0.9061629772186279,-0.19871605932712555,0.016422683373093605,0.010977480560541153,4.372029781341553,225.49517822265625,-1.6728724241256714,256.1056213378906,0.8467656373977661,-0.29607152938842773,-0.14957451820373535,1.0,0.0,12.250696182250977,0.2382831573486328
14.119741439819336,0.9246357083320618,-0.0926218032836914,0.0019207298755645752,0.01376838143914938,4.529555797576904,257.96673583984375,-1.5494475364685059,255.91122436523438,0.8867124319076538,-0.2109590321779251,-0.17035746574401855,1.0,0.0,12.250696182250977,0.20418214797973633
14.120241165161133,0.9314417839050293,0.03368067741394043,0.01481135468930006,0.02679259143769741,4.65854024887085,257.96673583984375,-1.4276294708251953,255.65345764160156,0.8571234345436096,-0.046292178332805634,-0.11240625381469727,1.0,0.0,12.250696182250977,0.19701576232910156
14.12074089050293,0.9149129986763,0.1431429386138916,0.016422683373093605,0.02400168962776661,4.786815166473389,257.4513244628906,-1.3055001497268677,255.41407775878906,0.8666750192642212,0.017948919907212257,-0.16015148162841797,1.0,0.0,12.250696182250977,0.1908702850341797
14.121240615844727,0.8944953083992004,0.2660773992538452,0.026090651750564575,0.020280487835407257,4.9155402183532715,257.4513244628906,-1.1841859817504883,255.1455535888672,0.8510039448738098,0.17393998801708221,-0.10039544105529785,1.0,0.0,12.250696182250977,0.18345928192138672
14.12174129486084,0.855604350566864,0.3671192228794098,0.034147292375564575,0.058422818779945374,5.000508785247803,225.72088623046875,-1.062941312789917,254.87954711914062,0.8090875744819641,0.2647685706615448,-0.10711383819580078,1.0,0.0,12.250696182250977,0.21973562240600586
14.122241020202637,0.8157407641410828,0.46310925483703613,0.018034011125564575,0.02307138778269291,5.113370418548584,225.72088623046875,-0.9415748119354248,254.62466430664062,0.8179579377174377,0.4090229868888855,-0.0810251235961914,1.0,0.0,12.250696182250977,0.2282404899597168
14.122739791870117,0.7437919974327087,0.5473110675811768,0.018034011125564575,0.02865319326519966,5.255309581756592,246.97091674804688,-0.8202254772186279,254.37380981445312,0.725118100643158,0.4012804925441742,-0.16103315353393555,1.0,0.0,12.250696182250977,0.20765066146850586
14.123239517211914,0.6786494255065918,0.6331968903541565,0.018034011125564575,0.02865319326519966,5.378795146942139,246.97091674804688,-0.6993908882141113,254.10690307617188,0.7069064974784851,0.5365544557571411,-0.1380634307861328,1.0,0.0,12.250696182250977,0.20499944686889648
14.123740196228027,0.5833668112754822,0.7106622457504272,0.019645338878035545,0.02400168962776661,5.5318922996521,268.4466247558594,-0.5783119201660156,253.85597229003906,0.5766749978065491,0.5927578806877136,-0.10920238494873047,1.0,0.0,12.250696182250977,0.17298126220703125
14.124239921569824,0.48419418931007385,0.7813915610313416,0.024479323998093605,0.030513795092701912,5.666114330291748,268.4466247558594,-0.4562206268310547,253.65261840820312,0.5113840103149414,0.6749977469444275,-0.1080632209777832,1.0,0.0,12.250696182250977,0.16085052490234375
14.124739646911621,0.37627124786376953,0.8369649052619934,0.018034011125564575,0.04167740046977997,5.785533428192139,257.7087707519531,-0.3330872058868408,253.49766540527344,0.36906686425209045,0.7321447134017944,-0.04956507682800293,1.0,0.0,12.250696182250977,0.1645646095275879
14.125240325927734,0.2673763930797577,0.8841180205345154,0.021256666630506516,0.036095600575208664,5.914388179779053,257.7087707519531,-0.2095808982849121,253.3614044189453,0.3086642920970917,0.8312571048736572,-0.06179618835449219,1.0,0.0,12.250696182250977,0.15921640396118164
14.125740051269531,0.15848152339458466,0.9110622406005859,0.00675471406430006,0.037025898694992065,5.999129772186279,225.72088623046875,-0.08553194999694824,253.25083923339844,0.1903291791677475,0.8216826915740967,-0.05794239044189453,1.0,0.0,12.250696182250977,0.19852399826049805
14.126239776611328,0.04764167591929436,0.9211665391921997,0.016422683373093605,0.04446830600500107,6.1119914054870605,225.72088623046875,0.037909746170043945,253.11705017089844,0.10181399434804916,0.852828323841095,-0.07269287109375,1.0,0.0,12.250696182250977,0.20910406112670898
14.126739501953125,-0.07097625732421875,0.9177982807159424,0.01481135468930006,0.02307138964533806,6.269351482391357,257.96673583984375,0.16341567039489746,253.0729522705078,-0.03390289470553398,0.8204902410507202,-0.037949562072753906,1.0,0.0,12.250696182250977,0.17724943161010742
14.127239227294922,-0.19153882563114166,0.900958240032196,0.005143385846167803,0.010047179646790028,0.11489105224609375,257.96673583984375,0.28916501998901367,253.0399627685547,-0.16142363846302032,0.8055110573768616,-0.00709843635559082,1.0,0.0,12.250696182250977,0.17427396774291992
14.127738952636719,-0.30237820744514465,0.8740136027336121,0.009977370500564575,0.02400168962776661,0.24351882934570312,257.7087707519531,0.4141051769256592,252.97352600097656,-0.2437829226255417,0.8348137736320496,-0.04588174819946289,1.0,0.0,12.250696182250977,0.17058634757995605
14.128238677978516,-0.41905173659324646,0.8268607258796692,0.009977370500564575,0.03144409507513046,0.3723735809326172,257.7087707519531,0.5396685600280762,252.9347381591797,-0.37413766980171204,0.7734977006912231,-0.004887580871582031,1.0,0.0,12.250696182250977,0.16729497909545898
14.128739356994629,-0.5240574479103088,0.7594993114471436,0.0003094017447438091,0.029583491384983063,0.5008716583251953,257.4513244628906,0.6652193069458008,252.89617919921875,-0.43432191014289856,0.6825100779533386,-0.01428365707397461,1.0,0.0,12.250696182250977,0.16434764862060547
14.129239082336426,-0.6232298016548157,0.6955059766769409,0.0003094017447438091,0.029583491384983063,0.6295967102050781,257.4513244628906,0.7904841899871826,252.8466796875,-0.5877891778945923,0.6603319048881531,0.02119898796081543,1.0,0.0,12.250696182250977,0.1608874797821045
14.129738807678223,-0.7029566764831543,0.6113044023513794,0.0019207298755645752,0.039816804230213165,0.7145652770996094,225.72088623046875,0.9162857532501221,252.82044982910156,-0.6152289509773254,0.5813734531402588,-0.01843547821044922,1.0,0.0,12.250696182250977,0.2017204761505127
14.13023853302002,-0.768099308013916,0.5321547985076904,-0.01096989493817091,0.02307138778269291,0.8274269104003906,225.72088623046875,1.0430161952972412,252.83392333984375,-0.7224189043045044,0.5537201166152954,-0.042113304138183594,1.0,0.0,12.250696182250977,0.21558928489685059
14.130739212036133,-0.8303248882293701,0.4311125874519348,-0.004524582531303167,0.015628982335329056,0.9844303131103516,257.7087707519531,1.1682188510894775,252.7830047607422,-0.7804464101791382,0.44695159792900085,-0.033425331115722656,1.0,0.0,12.250696182250977,0.18378853797912598
14.13123893737793,-0.8789388537406921,0.3267027735710144,-0.01096989493817091,0.017489584162831306,1.1132850646972656,257.7087707519531,1.2932865619659424,252.72743225097656,-0.8295738101005554,0.376144140958786,-0.064239501953125,1.0,0.0,12.250696182250977,0.18000149726867676
14.13173770904541,-0.9178299307823181,0.2054520696401596,-0.01258122269064188,0.009116879664361477,1.24188232421875,257.7087707519531,1.4178130626678467,252.65040588378906,-0.8653642535209656,0.23187869787216187,-0.024737834930419922,1.0,0.0,12.250696182250977,0.17593073844909668
14.132238388061523,-0.9343586564064026,0.08925402164459229,-0.020637864246964455,-0.002977031050249934,1.370737075805664,257.7087707519531,1.541670560836792,252.54656982421875,-0.8777381181716919,0.16035017371177673,-0.06769800186157227,1.0,0.0,12.250696182250977,0.17093348503112793
14.13273811340332,-0.9499151110649109,-0.028628669679164886,-0.015803879126906395,0.007256277371197939,1.4999427795410156,257.96673583984375,1.6648013591766357,252.4145050048828,-0.9520831108093262,0.044112782925367355,-0.056432247161865234,1.0,0.0,12.250696182250977,0.16485857963562012
14.133237838745117,-0.9333865642547607,-0.1515631526708603,-0.022249191999435425,-0.009489134885370731,1.628927230834961,257.96673583984375,1.7880709171295166,252.29104614257812,-0.9020658731460571,-0.06845732033252716,-0.05770444869995117,1.0,0.0,12.250696182250977,0.15914368629455566
14.133737564086914,-0.9090792536735535,-0.26102519035339355,-0.019026534631848335,-0.011349735781550407,1.7127876281738281,225.26991271972656,1.9111826419830322,252.16348266601562,-0.8910874128341675,-0.1546526700258255,-0.08487272262573242,1.0,0.0,12.250696182250977,0.1983950138092041
14.134238243103027,-0.8682438731193542,-0.36543503403663635,-0.033528488129377365,-0.010419436730444431,1.8254241943359375,225.26991271972656,2.0344669818878174,252.04588317871094,-0.8253805637359619,-0.26137852668762207,-0.07330608367919922,1.0,0.0,12.250696182250977,0.20904278755187988
14.134737968444824,-0.8206021189689636,-0.4681614637374878,-0.004524582531303167,-0.006698233541101217,1.9831485748291016,257.96673583984375,2.1579558849334717,251.93951416015625,-0.7873390913009644,-0.37322962284088135,-0.06079912185668945,1.0,0.0,12.250696182250977,0.17480731010437012
14.135237693786621,-0.7505981922149658,-0.56920325756073,-0.033528488129377365,-0.00855883490294218,2.112133026123047,257.96673583984375,2.280925989151001,251.81350708007812,-0.7411110401153564,-0.4640984833240509,-0.06702518463134766,1.0,0.0,12.250696182250977,0.1687929630279541
14.135737419128418,-0.6728159785270691,-0.6567730903625488,-0.020637864246964455,-0.03832845389842987,2.2405033111572266,257.7087707519531,2.404083490371704,251.69778442382812,-0.6685910224914551,-0.5399930477142334,-0.07031822204589844,1.0,0.0,12.250696182250977,0.16358017921447754
14.136237144470215,-0.5882277488708496,-0.7426589131355286,-0.020637864246964455,-0.012280037626624107,2.3693580627441406,257.7087707519531,2.5281307697296143,251.6221923828125,-0.6046578884124756,-0.6574501991271973,-0.046482086181640625,1.0,0.0,12.250696182250977,0.15877270698547363
14.136736869812012,-0.4890556037425995,-0.8133886456489563,-0.007747238967567682,-0.014140638522803783,2.513019561767578,268.4466247558594,2.652270555496216,251.5518341064453,-0.5463079214096069,-0.7475234270095825,-0.05821514129638672,1.0,0.0,12.250696182250977,0.1392509937286377
14.137236595153809,-0.3665485382080078,-0.8740136027336121,-0.028694504871964455,-0.028095148503780365,2.6472434997558594,268.4466247558594,2.776674509048462,251.4944305419922,-0.3696199059486389,-0.7742387056350708,0.0033311843872070312,1.0,0.0,12.250696182250977,0.12943100929260254
14.137737274169922,-0.24987511336803436,-0.9177982807159424,-0.035139817744493484,-0.029955750331282616,2.7225475311279297,225.72088623046875,2.9027998447418213,251.51040649414062,-0.24456478655338287,-0.8113638758659363,0.029962539672851562,1.0,0.0,12.250696182250977,0.1802523136138916
14.138236999511719,-0.13514657318592072,-0.9380069375038147,-0.027083175256848335,-0.023443644866347313,2.835407257080078,225.72088623046875,3.0293076038360596,251.5421905517578,-0.09533388167619705,-0.8062207102775574,0.07873106002807617,1.0,0.0,12.250696182250977,0.19390034675598145
14.138736724853516,-0.02625136263668537,-0.9413747191429138,-0.028694504871964455,-0.031816352158784866,2.992410659790039,257.7087707519531,-3.128026247024536,251.5452423095703,-0.09695890545845032,-0.8456637859344482,-0.04408764839172363,1.0,0.0,12.250696182250977,0.1627488136291504
14.139237403869629,0.09625548124313354,-0.9447429776191711,-0.020637864246964455,-0.01786184310913086,3.121265411376953,257.7087707519531,-3.0016865730285645,251.56907653808594,0.05266590788960457,-0.888481080532074,0.0031414031982421875,1.0,0.0,12.250696182250977,0.1602334976196289
14.13973617553711,0.2187623232603073,-0.9211665391921997,-0.023860519751906395,-0.030886052176356316,3.2498626708984375,257.7087707519531,-2.875049114227295,251.60487365722656,0.1733192801475525,-0.870480477809906,0.013890981674194336,1.0,0.0,12.250696182250977,0.15827369689941406
14.140235900878906,0.3412696421146393,-0.8874858021736145,-0.019026534631848335,-0.029955750331282616,3.3787155151367188,257.7087707519531,-2.747546434402466,251.6763458251953,0.31233739852905273,-0.8259141445159912,0.05158090591430664,1.0,0.0,12.250696182250977,0.15692377090454102
14.140735626220703,0.45016440749168396,-0.8369649052619934,-0.01258122269064188,-0.04111935943365097,3.477956771850586,236.23304748535156,-2.618499517440796,251.81097412109375,0.40906596183776855,-0.8171936869621277,0.02502584457397461,1.0,0.0,12.250696182250977,0.18672895431518555
14.141236305236816,0.5473924875259399,-0.7729717493057251,-0.01096989493817091,-0.03460725396871567,3.5960731506347656,236.23304748535156,-2.49076247215271,251.88795471191406,0.4705633819103241,-0.7226263284683228,0.010354042053222656,1.0,0.0,12.250696182250977,0.1963496208190918
14.141736030578613,0.6475367546081543,-0.7005580067634583,-0.01096989493817091,-0.023443644866347313,3.758981704711914,268.7153625488281,-2.3641533851623535,251.91600036621094,0.6219319105148315,-0.6705518960952759,0.054529666900634766,1.0,0.0,12.250696182250977,0.1600503921508789
14.14223575592041,0.7369861006736755,-0.606252133846283,-0.006135910749435425,-0.024373946711421013,3.893339157104492,268.7153625488281,-2.236703634262085,251.9786834716797,0.660065770149231,-0.5801833271980286,0.028913259506225586,1.0,0.0,12.250696182250977,0.15314245223999023
14.142736434936523,0.8137961030006409,-0.5068941712379456,-0.01258122269064188,-0.028095148503780365,4.012508392333984,257.7087707519531,-2.1095714569091797,252.02688598632812,0.7562546730041504,-0.49916309118270874,0.039514780044555664,1.0,0.0,12.250696182250977,0.16110563278198242
14.14323616027832,0.8789386749267578,-0.40080010890960693,-0.001301926327869296,-0.01600123941898346,4.141363143920898,257.7087707519531,-1.9824070930480957,252.07510375976562,0.8344696760177612,-0.4261000156402588,0.02359461784362793,1.0,0.0,12.250696182250977,0.15941524505615234
14.1437349319458,0.9236634373664856,-0.2761816382408142,0.01320002693682909,-0.026234548538923264,4.29957389831543,279.18450927734375,-1.8560433387756348,252.0888671875,0.8392689824104309,-0.3126813471317291,0.012666940689086914,1.0,0.0,12.250696182250977,0.12756824493408203
14.144234657287598,0.962554931640625,-0.14819514751434326,0.01320002693682909,-0.007628533523529768,4.439165115356445,279.18450927734375,-1.7284181118011475,252.15521240234375,0.9461267590522766,-0.19739075005054474,0.036115169525146484,1.0,0.0,12.250696182250977,0.11560201644897461
14.144735336303711,0.9742224216461182,-0.03368067741394043,0.009977370500564575,-0.003907330799847841,4.4899139404296875,214.75732421875,-1.6022520065307617,252.15890502929688,0.9203972816467285,-0.11945110559463501,-0.013638496398925781,1.0,0.0,12.250696182250977,0.19101953506469727
14.145235061645508,0.9761667847633362,0.07746557891368866,0.009977370500564575,-0.007628533989191055,4.597291946411133,214.75732421875,-1.4759429693222046,252.16847229003906,0.9342412352561951,-0.0064290426671504974,-0.01778244972229004,1.0,0.0,12.250696182250977,0.20995044708251953
14.145734786987305,0.9557487964630127,0.20713628828525543,0.01481135468930006,-0.001116428873501718,4.7938995361328125,279.4639587402344,-1.3500689268112183,252.15956115722656,0.8832017183303833,0.11392882466316223,-0.008452177047729492,1.0,0.0,12.250696182250977,0.13921689987182617
14.146234512329102,0.9265802502632141,0.33175456523895264,0.01481135468930006,0.002604773733764887,4.933633804321289,279.4639587402344,-1.2247869968414307,252.1260223388672,0.913389265537262,0.25634342432022095,0.011664152145385742,1.0,0.0,12.250696182250977,0.12476491928100586
14.146735191345215,0.8750496506690979,0.45468926429748535,0.00675471406430006,0.018419886007905006,5.058162689208984,268.4466247558594,-1.0982539653778076,252.14581298828125,0.8542444705963135,0.3821461796760559,0.03225970268249512,1.0,0.0,12.250696182250977,0.1267685890197754
14.147234916687012,0.8060178160667419,0.56751948595047,0.027701979503035545,0.01376838143914938,5.192384719848633,268.4466247558594,-0.9726006984710693,252.12832641601562,0.8172224164009094,0.46533870697021484,0.0034589767456054688,1.0,0.0,12.250696182250977,0.11819982528686523
14.147733688354492,0.7243466973304749,0.6685615181922913,0.019645338878035545,0.02214108780026436,5.32634162902832,268.4466247558594,-0.8465044498443604,252.12969970703125,0.7341097593307495,0.5445016026496887,-0.0021080970764160156,1.0,0.0,12.250696182250977,0.11033964157104492
14.148234367370605,0.6232298016548157,0.7628673911094666,0.018034011125564575,0.02679259143769741,5.460563659667969,268.4466247558594,-0.7200706005096436,252.14535522460938,0.6074904799461365,0.6254442930221558,0.03339195251464844,1.0,0.0,12.250696182250977,0.10255098342895508
14.148734092712402,0.5211406350135803,0.8386487364768982,0.027701979503035545,0.037956200540065765,5.550363540649414,236.23304748535156,-0.5918703079223633,252.23489379882812,0.5115295648574829,0.7314473986625671,0.06591272354125977,1.0,0.0,12.250696182250977,0.14095163345336914
14.1492338180542,0.40932902693748474,0.894221842288971,0.035758618265390396,0.05191070958971977,5.668479919433594,236.23304748535156,-0.46230196952819824,252.37974548339844,0.4127698838710785,0.7569071054458618,0.04734039306640625,1.0,0.0,12.250696182250977,0.1524033546447754
14.149733543395996,0.2907111942768097,0.9413747191429138,0.021256666630506516,0.037956200540065765,5.845827102661133,279.18450927734375,-0.33298301696777344,252.5113983154297,0.2930145859718323,0.8157142996788025,0.07256937026977539,1.0,0.0,12.250696182250977,0.10437536239624023
14.15023422241211,0.1526474803686142,0.9716876149177551,0.024479323998093605,0.02865319326519966,5.985420227050781,279.18450927734375,-0.20437169075012207,252.6105499267578,0.17708131670951843,0.8523378968238831,0.08405184745788574,1.0,0.0,12.250696182250977,0.09339380264282227
14.150733947753906,0.02041792869567871,0.9851598739624023,0.022867994382977486,0.038886502385139465,6.110574722290039,268.7153625488281,-0.07411646842956543,252.77664184570312,0.03592566028237343,0.8661251664161682,0.11738181114196777,1.0,0.0,12.250696182250977,0.09849405288696289
14.151233673095703,-0.11181199550628662,0.9784238338470459,0.018034011125564575,0.04539860785007477,6.244932174682617,268.7153625488281,0.056722164154052734,252.9637908935547,-0.06492079049348831,0.8970929384231567,0.10023069381713867,1.0,0.0,12.250696182250977,0.09497547149658203
14.151734352111816,-0.25181999802589417,0.9615834355354309,0.016422683373093605,0.03144409880042076,0.0957341194152832,268.4466247558594,0.1875441074371338,253.1462860107422,-0.21740934252738953,0.8696812391281128,0.14237046241760254,1.0,0.0,12.250696182250977,0.09180998802185059
14.152233123779297,-0.3879387080669403,0.9144304990768433,0.0019207298755645752,0.04539860412478447,0.2296891212463379,268.4466247558594,0.3211812973022461,253.44334411621094,-0.36011070013046265,0.7979603409767151,0.18798160552978516,1.0,0.0,12.250696182250977,0.0914921760559082
14.152732849121094,-0.49683380126953125,0.8639093637466431,0.011588698253035545,0.032374393194913864,0.31981515884399414,236.4695281982422,0.4530179500579834,253.65823364257812,-0.442452073097229,0.8130192160606384,0.13043642044067383,1.0,0.0,12.250696182250977,0.13320279121398926
14.15323257446289,-0.6115625500679016,0.7965480089187622,0.00675471406430006,0.04632890596985817,0.4380497932434082,236.4695281982422,0.5861911773681641,253.92491149902344,-0.6006351113319397,0.7165533304214478,0.19686388969421387,1.0,0.0,12.250696182250977,0.14814138412475586
14.153733253479004,-0.7029566764831543,0.7056101560592651,0.0003094017447438091,0.04260770231485367,0.6148457527160645,278.90557861328125,0.7188432216644287,254.1638641357422,-0.6281511783599854,0.6679373383522034,0.12106490135192871,1.0,0.0,12.250696182250977,0.10399746894836426
14.1542329788208,-0.7992122173309326,0.6062524318695068,0.00675471406430006,0.038886502385139465,0.7542996406555176,278.90557861328125,0.8521270751953125,254.42453002929688,-0.7639937996864319,0.5726807117462158,0.16088294982910156,1.0,0.0,12.250696182250977,0.09782743453979492
14.154732704162598,-0.8750498294830322,0.4883699119091034,-0.001301926327869296,0.037956200540065765,0.8941349983215332,279.18450927734375,0.9848906993865967,254.65777587890625,-0.8129616379737854,0.48860788345336914,0.13013505935668945,1.0,0.0,12.250696182250977,0.09075570106506348
14.155233383178711,-0.9304696917533875,0.3654354214668274,-0.017415206879377365,0.017489584162831306,1.0337281227111816,279.18450927734375,1.116807222366333,254.85044860839844,-0.8419029712677002,0.42218565940856934,0.07440042495727539,1.0,0.0,12.250696182250977,0.08307909965515137
14.155733108520508,-0.9761667251586914,0.23239652812480927,-0.015803879126906395,0.007256277371197939,1.1737065315246582,279.4639587402344,1.248225450515747,255.0184326171875,-0.9196529984474182,0.285317987203598,0.10716581344604492,1.0,0.0,12.250696182250977,0.07451891899108887
14.156232833862305,-1.002418041229248,0.09262201935052872,-0.020637864246964455,0.004465374629944563,1.313438892364502,279.4639587402344,1.3800971508026123,255.2017822265625,-0.9327958822250366,0.16592112183570862,0.10012102127075195,1.0,0.0,12.250696182250977,0.06665825843811035
14.156731605529785,-1.0043628215789795,-0.028628669679164886,-0.019026534631848335,-0.015070939436554909,1.3932766914367676,236.23304748535156,1.5105321407318115,255.32095336914062,-0.9570307731628418,0.07206355780363083,0.07047843933105469,1.0,0.0,12.250696182250977,0.11725544929504395
14.157232284545898,-0.9926952719688416,-0.15661536157131195,-0.025471847504377365,-0.00018612784333527088,1.5113930702209473,236.23304748535156,1.640376329421997,255.41281127929688,-0.9080201387405396,-0.038954928517341614,0.05864715576171875,1.0,0.0,12.250696182250977,0.1289832592010498
14.157732009887695,-0.9625548720359802,-0.28291743993759155,-0.030305832624435425,-0.010419436730444431,1.6887383460998535,279.18450927734375,1.7710826396942139,255.53883361816406,-0.8917129039764404,-0.16654418408870697,0.06979608535766602,1.0,0.0,12.250696182250977,0.08234429359436035
14.158231735229492,-0.9129684567451477,-0.40248391032218933,-0.027083175256848335,-0.03832845389842987,1.828331470489502,279.18450927734375,1.9023730754852295,255.68678283691406,-0.8774862289428711,-0.24948863685131073,0.030762195587158203,1.0,0.0,12.250696182250977,0.07404160499572754
14.158732414245605,-0.852687418460846,-0.5271025896072388,-0.006135910749435425,-0.029955750331282616,1.9679226875305176,279.18450927734375,2.0332448482513428,255.8142547607422,-0.8445773124694824,-0.3949369192123413,0.06045055389404297,1.0,0.0,12.250696182250977,0.0653221607208252
14.159232139587402,-0.7700438499450684,-0.6433010697364807,-0.035139817744493484,-0.02251334674656391,2.107515811920166,279.18450927734375,2.1637561321258545,255.92384338378906,-0.7643858194351196,-0.5140015482902527,0.08465862274169922,1.0,0.0,12.250696182250977,0.05624032020568848
14.1597318649292,-0.6796219348907471,-0.739290714263916,0.0019207298755645752,-0.004837631713598967,2.203026294708252,247.21812438964844,2.2950098514556885,256.0622253417969,-0.6577556729316711,-0.6083232760429382,0.10793542861938477,1.0,0.0,12.250696182250977,0.09198355674743652
14.160231590270996,-0.5765606164932251,-0.8167567253112793,-0.027083175256848335,-0.029025448486208916,2.326633930206299,247.21812438964844,2.4279110431671143,256.2669982910156,-0.5632964968681335,-0.6921378970146179,0.11643075942993164,1.0,0.0,12.250696182250977,0.10127711296081543
14.160731315612793,-0.4579427242279053,-0.8874858021736145,-0.035139817744493484,-0.02251334674656391,2.4940781593322754,279.18450927734375,2.561836004257202,256.51043701171875,-0.4490043818950653,-0.7672281861305237,0.13631153106689453,1.0,0.0,12.250696182250977,0.06775784492492676
14.16123104095459,-0.3237682580947876,-0.9413747191429138,-0.025471847504377365,-0.029955750331282616,2.633671283721924,279.18450927734375,2.6954691410064697,256.7363586425781,-0.29555797576904297,-0.7868815064430237,0.17309284210205078,1.0,0.0,12.250696182250977,0.0617978572845459
14.161730766296387,-0.1895943135023117,-0.9784238338470459,-0.031917158514261246,-0.029955750331282616,2.7884716987609863,290.21258544921875,2.8305342197418213,257.0178527832031,-0.19029411673545837,-0.8548473715782166,0.17841100692749023,1.0,0.0,12.250696182250977,0.04206252098083496
14.162230491638184,-0.04764154925942421,-0.9952642917633057,-0.019026534631848335,-0.026234548538923264,2.9335761070251465,290.21258544921875,2.9656407833099365,257.2952575683594,-0.08119787275791168,-0.9146873354911804,0.1738739013671875,1.0,0.0,12.250696182250977,0.03206467628479004
14.162731170654297,0.09625524282455444,-0.9952642917633057,-0.022249191999435425,-0.029955750331282616,3.0482773780822754,268.1784362792969,3.1019175052642822,257.6158142089844,0.05981852114200592,-0.9008195400238037,0.1926288604736328,1.0,0.0,12.250696182250977,0.053640127182006836
14.163230895996094,0.2323741912841797,-0.9750555753707886,-0.015803879126906395,-0.03367695212364197,3.182365894317627,268.1784362792969,-3.045592784881592,257.9042663574219,0.16810928285121918,-0.8942188024520874,0.17650175094604492,1.0,0.0,12.250696182250977,0.055226802825927734
14.16373062133789,0.3607145845890045,-0.9380069375038147,-0.01096989493817091,-0.03646785765886307,3.2875494956970215,247.21812438964844,-2.9088921546936035,258.22991943359375,0.326516717672348,-0.8841810822486877,0.20796728134155273,1.0,0.0,12.250696182250977,0.08674383163452148
14.164231300354004,0.47933289408683777,-0.8807496428489685,-0.007747238967567682,-0.034607257694005966,3.411159038543701,247.21812438964844,-2.7718565464019775,258.5627136230469,0.41756269335746765,-0.8078994750976562,0.19426870346069336,1.0,0.0,12.250696182250977,0.10016965866088867
14.164730072021484,0.5901721119880676,-0.813388466835022,-0.001301926327869296,-0.027164846658706665,3.5934109687805176,289.9223937988281,-2.635256767272949,258.8702697753906,0.5379630327224731,-0.7951122522354126,0.17549586296081543,1.0,0.0,12.250696182250977,0.05451774597167969
14.165229797363281,0.6980955004692078,-0.7207664847373962,0.0003094017447438091,-0.024373946711421013,3.738373279571533,289.9223937988281,-2.4988529682159424,259.1630859375,0.6076508164405823,-0.7221295833587646,0.1437387466430664,1.0,0.0,12.250696182250977,0.0459589958190918
14.165729522705078,0.7982399463653564,-0.6214086413383484,-0.015803879126906395,-0.01879214122891426,3.85371732711792,268.4466247558594,-2.3624136447906494,259.4515075683594,0.742111086845398,-0.6167080402374268,0.18547415733337402,1.0,0.0,12.250696182250977,0.06705427169799805
14.166230201721191,0.8701881766319275,-0.5102623701095581,0.00675471406430006,-0.003907330799847841,3.987941265106201,268.4466247558594,-2.226285219192505,259.7202453613281,0.7860399484634399,-0.5621328353881836,0.12172079086303711,1.0,0.0,12.250696182250977,0.06895875930786133
14.166729927062988,0.9382479786872864,-0.3789076805114746,-0.007747238967567682,-0.032746654003858566,4.136971950531006,279.18450927734375,-2.0905988216400146,259.9652099609375,0.8508458137512207,-0.40425047278404236,0.16356682777404785,1.0,0.0,12.250696182250977,0.05561494827270508
14.167229652404785,0.9800556302070618,-0.2526051998138428,0.01320002693682909,-0.013210339471697807,4.276564121246338,279.18450927734375,-1.9546842575073242,260.2142639160156,0.9117333889007568,-0.3222143054008484,0.13143563270568848,1.0,0.0,12.250696182250977,0.051937103271484375
14.167730331420898,1.0033906698226929,-0.12461848556995392,0.009977370500564575,0.010977480560541153,4.37207555770874,247.21812438964844,-1.8191816806793213,260.4407958984375,0.9407073855400085,-0.21987642347812653,0.10599684715270996,1.0,0.0,12.250696182250977,0.09192800521850586
14.168230056762695,1.0043624639511108,-0.001684002229012549,0.016422683373093605,0.009116879664361477,4.49568510055542,247.21812438964844,-1.685415267944336,260.58978271484375,0.9420872330665588,-0.13410122692584991,0.06030702590942383,1.0,0.0,12.250696182250977,0.10208511352539062
14.168728828430176,1.0004736185073853,0.12967069447040558,0.019645338878035545,0.012838081456720829,4.663126468658447,279.18450927734375,-1.5515928268432617,260.7380676269531,0.9832177758216858,0.01091041136533022,0.07910370826721191,1.0,0.0,12.250696182250977,0.0684661865234375
14.169228553771973,0.9713053107261658,0.2677614092826843,0.019645338878035545,0.014698682352900505,4.802719593048096,279.18450927734375,-1.4173295497894287,260.90185546875,0.9423636794090271,0.17533402144908905,0.11791539192199707,1.0,0.0,12.250696182250977,0.06313657760620117
14.169729232788086,0.9178298115730286,0.39406388998031616,0.030924635007977486,0.01376838143914938,4.942312717437744,279.18450927734375,-1.2835947275161743,261.039794921875,0.897771418094635,0.24090878665447235,0.06220412254333496,1.0,0.0,12.250696182250977,0.05727815628051758
14.170228958129883,0.8585211634635925,0.5169983506202698,0.01320002693682909,0.020280487835407257,5.081904888153076,279.18450927734375,-1.1495873928070068,261.1862487792969,0.8389192819595337,0.37981706857681274,0.09133744239807129,1.0,0.0,12.250696182250977,0.05169343948364258
14.17072868347168,0.7739327549934387,0.6298288106918335,0.021256666630506516,0.030513793230056763,5.236704349517822,290.21258544921875,-1.0153260231018066,261.3404235839844,0.7665159106254578,0.4609491527080536,0.0733332633972168,1.0,0.0,12.250696182250977,0.031155109405517578
14.171229362487793,0.677677571773529,0.7359228730201721,0.018034011125564575,0.030513793230056763,5.381809711456299,290.21258544921875,-0.8808095455169678,261.5021667480469,0.6926186084747314,0.5964640974998474,0.10854625701904297,1.0,0.0,12.250696182250977,0.020566463470458984
14.17172908782959,0.5736439824104309,0.8218085169792175,0.026090651750564575,0.02214108780026436,5.4521002769470215,235.99703979492188,-0.7451236248016357,261.7096862792969,0.5713426470756531,0.6959116458892822,0.1455214023590088,1.0,0.0,12.250696182250977,0.08596181869506836
14.172228813171387,0.46572065353393555,0.8841180205345154,0.035758618265390396,0.02772289142012596,5.570098400115967,235.99703979492188,-0.6085350513458252,261.9505615234375,0.4891658127307892,0.7674914002418518,0.1289224624633789,1.0,0.0,12.250696182250977,0.10455179214477539
14.172728538513184,0.34126952290534973,0.9380069375038147,0.024479323998093605,0.030513795092701912,5.76285982131958,290.21258544921875,-0.4716789722442627,262.1977233886719,0.353387713432312,0.8209163546562195,0.1531832218170166,1.0,0.0,12.250696182250977,0.04864645004272461
14.17322826385498,0.20126117765903473,0.9716876149177551,0.024479323998093605,0.036095600575208664,5.9076762199401855,290.21258544921875,-0.3336362838745117,262.4895935058594,0.24459506571292877,0.8453523516654968,0.14003586769104004,1.0,0.0,12.250696182250977,0.04187297821044922
14.173727989196777,0.06514257937669754,0.9918959140777588,0.027701979503035545,0.039816804230213165,6.037959575653076,279.4639587402344,-0.1957225799560547,262.7698974609375,0.1254945546388626,0.887498140335083,0.14340782165527344,1.0,0.0,12.250696182250977,0.049503326416015625
14.174227714538574,-0.07681005448102951,0.9885280728340149,0.016422683373093605,0.040747106075286865,6.177692890167236,279.4639587402344,-0.05734395980834961,263.0638122558594,0.002254404593259096,0.912973940372467,0.1431279182434082,1.0,0.0,12.250696182250977,0.04814863204956055
14.174728393554688,-0.22070683538913727,0.9750555753707886,0.011588698253035545,0.02679258957505226,0.04867076873779297,289.9223937988281,0.08226156234741211,263.4034118652344,-0.18374022841453552,0.9127486348152161,0.20501279830932617,1.0,0.0,12.250696182250977,0.03359079360961914
14.175228118896484,-0.3684931695461273,0.9279027581214905,0.009977370500564575,0.02214108780026436,0.19363117218017578,289.9223937988281,0.22306513786315918,263.7860107421875,-0.31774237751960754,0.8131396174430847,0.23834228515625,1.0,0.0,12.250696182250977,0.0294339656829834
14.175727844238281,-0.47933265566825867,0.8706453442573547,-0.0029132545460015535,0.033304695039987564,0.26450252532958984,236.23304748535156,0.3634908199310303,264.14447021484375,-0.386955201625824,0.8395217061042786,0.15708112716674805,1.0,0.0,12.250696182250977,0.09898829460144043
14.176227569580078,-0.5930891633033752,0.8083360195159912,0.0003094017447438091,0.029583491384983063,0.38261890411376953,236.23304748535156,0.5032227039337158,264.4665222167969,-0.5501202344894409,0.7483809590339661,0.21970200538635254,1.0,0.0,12.250696182250977,0.12060379981994629
14.176728248596191,-0.6922615170478821,0.7173982262611389,-0.00935856718569994,0.02958349511027336,0.5748262405395508,289.9223937988281,0.6427772045135498,264.77410888671875,-0.61724853515625,0.6923458576202393,0.17429280281066895,1.0,0.0,12.250696182250977,0.06795096397399902
14.177227973937988,-0.7914340496063232,0.6197246313095093,-0.0029132545460015535,0.02772289142012596,0.7197866439819336,289.9223937988281,0.782642126083374,265.08837890625,-0.7557773590087891,0.6249091625213623,0.18636655807495117,1.0,0.0,12.250696182250977,0.06285548210144043
14.177726745605469,-0.8653269410133362,0.4984739422798157,-0.01096989493817091,0.02307138778269291,0.8496503829956055,279.18450927734375,0.921797513961792,265.36614990234375,-0.7948161959648132,0.522933304309845,0.1561431884765625,1.0,0.0,12.250696182250977,0.07214713096618652
14.178227424621582,-0.9246358871459961,0.3755398690700531,-0.017415206879377365,0.010047178715467453,0.9892435073852539,279.18450927734375,1.0612413883209229,265.6501770019531,-0.8468853235244751,0.4332609474658966,0.1257176399230957,1.0,0.0,12.250696182250977,0.07199788093566895
14.178727149963379,-0.9635269641876221,0.2542891800403595,-0.01258122269064188,0.009116879664361477,1.0844125747680664,246.97091674804688,1.1987850666046143,265.8483581542969,-0.8903812170028687,0.3643920421600342,0.07243776321411133,1.0,0.0,12.250696182250977,0.11437249183654785
14.179226875305176,-0.9956121444702148,0.1313547044992447,-0.020637864246964455,-0.004837631713598967,1.2078981399536133,246.97091674804688,1.3366868495941162,266.0575866699219,-0.9554383754730225,0.18702659010887146,0.12999963760375977,1.0,0.0,12.250696182250977,0.12878870964050293
14.179726600646973,-1.002418041229248,-0.005051795858889818,0.005143385846167803,0.032374393194913864,1.3910150527954102,290.21258544921875,1.474567174911499,266.2615661621094,-0.968192994594574,0.09476998448371887,0.08774280548095703,1.0,0.0,12.250696182250977,0.08355212211608887
14.180227279663086,-0.9907509684562683,-0.14651094377040863,-0.015803879126906395,-0.015070940367877483,1.5361204147338867,290.21258544921875,1.6117136478424072,266.4302062988281,-0.9500150680541992,-0.03813474252820015,0.08834695816040039,1.0,0.0,12.250696182250977,0.07559323310852051
14.180727005004883,-0.9489427208900452,-0.27954983711242676,-0.020637864246964455,-0.014140639454126358,1.6660099029541016,279.18450927734375,1.7485649585723877,266.58306884765625,-0.8875986933708191,-0.1296759992837906,0.05636453628540039,1.0,0.0,12.250696182250977,0.08255505561828613
14.18122673034668,-0.9061625599861145,-0.41427212953567505,-0.036751143634319305,-0.02158304490149021,1.8056020736694336,279.18450927734375,1.8863928318023682,266.77392578125,-0.8936426043510437,-0.33459994196891785,0.132110595703125,1.0,0.0,12.250696182250977,0.08079075813293457
14.18172550201416,-0.8381031155586243,-0.5321546196937561,-0.023860519751906395,-0.025304246693849564,1.9449129104614258,279.18450927734375,2.022893190383911,266.9046630859375,-0.825965940952301,-0.39491474628448486,0.08317947387695312,1.0,0.0,12.250696182250977,0.07798027992248535
14.182226181030273,-0.7574042677879333,-0.6449850797653198,-0.035139817744493484,-0.026234548538923264,2.084506034851074,279.18450927734375,2.1602280139923096,267.0680236816406,-0.7723333239555359,-0.5442120432853699,0.1138615608215332,1.0,0.0,12.250696182250977,0.07572197914123535
14.18272590637207,-0.664065420627594,-0.7392908930778503,-0.023860519751906395,-0.03460725396871567,2.179676055908203,246.97091674804688,2.2981865406036377,267.2539367675781,-0.6608095765113831,-0.6151708960533142,0.11177253723144531,1.0,0.0,12.250696182250977,0.11851048469543457
14.183225631713867,-0.5619762539863586,-0.8150722980499268,-0.025471847504377365,-0.031816352158784866,2.3031625747680664,246.97091674804688,2.4363906383514404,267.4463195800781,-0.56525719165802,-0.7054029703140259,0.11926603317260742,1.0,0.0,12.250696182250977,0.13322806358337402
14.18372631072998,-0.4462754726409912,-0.8807496428489685,-0.048030439764261246,-0.026234546676278114,2.48587703704834,289.9223937988281,2.5746138095855713,267.6354064941406,-0.4623260200023651,-0.7562514543533325,0.10789155960083008,1.0,0.0,12.250696182250977,0.08873677253723145
14.184226036071777,-0.3237682580947876,-0.9413747191429138,-0.017415206879377365,-0.025304246693849564,2.630838394165039,289.9223937988281,2.7135426998138428,267.8502502441406,-0.37025585770606995,-0.8989109396934509,0.12711238861083984,1.0,0.0,12.250696182250977,0.08270430564880371
14.184725761413574,-0.17598219215869904,-0.9750555753707886,-0.031917158514261246,-0.028095146641135216,2.776200294494629,290.21258544921875,2.8529794216156006,268.0818786621094,-0.20707032084465027,-0.8912423253059387,0.15027809143066406,1.0,0.0,12.250696182250977,0.07677912712097168
14.185226440429688,-0.02625160664319992,-0.9885280728340149,-0.025471847504377365,-0.03367695212364197,2.9213056564331055,290.21258544921875,2.993251085281372,268.3438720703125,-0.029214225709438324,-0.882857620716095,0.2055354118347168,1.0,0.0,12.250696182250977,0.0719454288482666
14.185725212097168,0.10792282968759537,-0.9851598739624023,0.0019207298755645752,-0.01600124128162861,3.050912857055664,279.18450927734375,3.1340343952178955,268.6215515136719,0.0440182089805603,-0.9081735610961914,0.14610528945922852,1.0,0.0,12.250696182250977,0.08312153816223145
14.186224937438965,0.24209703505039215,-0.9683194160461426,-0.01096989493817091,-0.032746654003858566,3.190505027770996,279.18450927734375,-3.0084187984466553,268.8914794921875,0.17007005214691162,-0.9459570050239563,0.1348710060119629,1.0,0.0,12.250696182250977,0.08426141738891602
14.186724662780762,0.37238219380378723,-0.9245347380638123,0.005143385846167803,-0.014140639454126358,3.2860164642333984,247.21812438964844,-2.8675267696380615,269.1620788574219,0.28829285502433777,-0.9050990343093872,0.12450003623962402,1.0,0.0,12.250696182250977,0.12964200973510742
14.187225341796875,0.48905548453330994,-0.8706453442573547,-0.0029132545460015535,-0.01879214122891426,3.409626007080078,247.21812438964844,-2.726818799972534,269.4197692871094,0.43463292717933655,-0.8346807956695557,0.1557319164276123,1.0,0.0,12.250696182250977,0.14674043655395508
14.187725067138672,0.6018397212028503,-0.7999162077903748,-0.006135910749435425,-0.031816352158784866,3.576962471008301,278.90557861328125,-2.5875658988952637,269.6105041503906,0.5278538465499878,-0.8022124171257019,0.11827898025512695,1.0,0.0,12.250696182250977,0.11865711212158203
14.188224792480469,0.7039287686347961,-0.7039262056350708,0.009977370500564575,-0.015070940367877483,3.7164154052734375,278.90557861328125,-2.4474551677703857,269.83331298828125,0.6018273234367371,-0.6962794065475464,0.10899138450622559,1.0,0.0,12.250696182250977,0.11931467056274414
14.188724517822266,0.8001844882965088,-0.6045681834220886,-0.006135910749435425,-0.01879214122891426,3.871462821960449,290.21258544921875,-2.3077006340026855,270.0367126464844,0.7519580721855164,-0.6311616897583008,0.12913751602172852,1.0,0.0,12.250696182250977,0.10402202606201172
14.189225196838379,0.8740773797035217,-0.48331770300865173,0.005143385846167803,-0.012280037626624107,4.016569137573242,290.21258544921875,-2.1678221225738525,270.24090576171875,0.7875472903251648,-0.5377364158630371,0.08835124969482422,1.0,0.0,12.250696182250977,0.09879446029663086
14.18972396850586,0.9333861470222473,-0.3536472022533417,0.026090651750564575,0.007256277836859226,4.146176338195801,279.18450927734375,-2.028839111328125,270.4031677246094,0.8487682938575745,-0.4179392457008362,0.09096693992614746,1.0,0.0,12.250696182250977,0.1081700325012207
14.190223693847656,0.9713053703308105,-0.22734473645687103,0.018034011125564575,0.0007441726629622281,4.285769462585449,279.18450927734375,-1.891196370124817,270.5055847167969,0.8795721530914307,-0.3534094989299774,0.028597116470336914,1.0,0.0,12.250696182250977,0.10621976852416992
14.19072437286377,0.9936673641204834,-0.08756959438323975,0.038981277495622635,-0.003907329868525267,4.380938529968262,246.97091674804688,-1.7521668672561646,270.66448974609375,0.9011499285697937,-0.16753210127353668,0.08811354637145996,1.0,0.0,12.250696182250977,0.15008020401000977
14.191224098205566,0.9907504916191101,0.025260454043745995,0.01320002693682909,0.016559284180402756,4.504424095153809,246.97091674804688,-1.6150201559066772,270.74053955078125,0.9103543162345886,-0.12259984016418457,0.0005695819854736328,1.0,0.0,12.250696182250977,0.1637411117553711
14.191723823547363,0.9839451313018799,0.15829916298389435,0.016422683373093605,0.018419886007905006,4.687539100646973,290.21258544921875,-1.4775546789169312,270.8287658691406,0.9505665302276611,0.03451863303780556,0.033435821533203125,1.0,0.0,12.250696182250977,0.11809158325195312
14.19222354888916,0.9528317451477051,0.29975810647010803,0.027701979503035545,0.019350185990333557,4.832645893096924,290.21258544921875,-1.340863823890686,270.8824768066406,0.9325509071350098,0.19885359704494476,0.07071065902709961,1.0,0.0,12.250696182250977,0.10967588424682617
14.192724227905273,0.897412121295929,0.42269259691238403,0.016422683373093605,0.02586229331791401,4.962533950805664,279.18450927734375,-1.2036086320877075,270.958740234375,0.8780105113983154,0.29251012206077576,0.04486966133117676,1.0,0.0,12.250696182250977,0.11704301834106445
14.19322395324707,0.825463593006134,0.540574848651886,0.011588698253035545,0.02679258957505226,5.102126121520996,279.18450927734375,-1.0669786930084229,271.0069885253906,0.7929263710975647,0.3564741611480713,0.009013652801513672,1.0,0.0,12.250696182250977,0.11408090591430664
14.193723678588867,0.7321246266365051,0.6483532786369324,0.047037918120622635,0.058422818779945374,5.256535530090332,289.9223937988281,-0.9295337200164795,271.0887451171875,0.7274851202964783,0.4708672761917114,0.023604393005371094,1.0,0.0,12.250696182250977,0.09711599349975586
14.194223403930664,0.637813925743103,0.7510793209075928,0.047037918120622635,0.04911981150507927,5.401206970214844,289.9223937988281,-0.7917783260345459,271.1816101074219,0.6609243750572205,0.5967004895210266,0.04590630531311035,1.0,0.0,12.250696182250977,0.09019994735717773
14.194723129272461,0.5328081250190735,0.825176477432251,0.0019207298755645752,0.02307138964533806,5.4869384765625,246.97091674804688,-0.6537446975708008,271.2843322753906,0.5457705855369568,0.6696162819862366,0.06053876876831055,1.0,0.0,12.250696182250977,0.1425023078918457
14.195222854614258,0.4209959805011749,0.8908540606498718,0.019645338878035545,0.038886502385139465,5.610424518585205,246.97091674804688,-0.5140182971954346,271.4560546875,0.4370687007904053,0.7703298330307007,0.08875036239624023,1.0,0.0,12.250696182250977,0.15874242782592773
14.195722579956055,0.29265549778938293,0.9346387386322021,0.047037918120622635,0.04725920781493187,5.778332233428955,279.18450927734375,-0.37508201599121094,271.59100341796875,0.3072183430194855,0.8134424090385437,0.10489892959594727,1.0,0.0,12.250696182250977,0.12977123260498047
14.196223258972168,0.16237056255340576,0.9582151770591736,0.019645338878035545,0.04260770231485367,5.917923927307129,279.18450927734375,-0.23548388481140137,271.7507019042969,0.22642932832241058,0.8424325585365295,0.06372261047363281,1.0,0.0,12.250696182250977,0.1297774314880371
14.196722984313965,0.03208516165614128,0.9750555753707886,0.0019207298755645752,0.015628984197974205,6.072723865509033,290.21258544921875,-0.0959632396697998,271.9039611816406,0.11106599122285843,0.9088732004165649,0.06523489952087402,1.0,0.0,12.250696182250977,0.11449861526489258
14.197222709655762,-0.10792259126901627,0.9750555753707886,0.00836604181677103,-0.051352668553590775,6.217830657958984,290.21258544921875,0.043578386306762695,272.0548400878906,-0.028775140643119812,0.9012499451637268,0.07931852340698242,1.0,0.0,12.250696182250977,0.1089329719543457
14.197723388671875,-0.2440415620803833,0.9514791369438171,0.01320002693682909,0.038886502385139465,0.02007770538330078,246.97091674804688,0.18305635452270508,272.1999816894531,-0.20055659115314484,0.9078230857849121,0.1255931854248047,1.0,0.0,12.250696182250977,0.1629786491394043
14.198223114013672,-0.3665485382080078,0.9076944589614868,-0.006135910749435425,0.016559282317757607,0.14356374740600586,246.97091674804688,0.3243436813354492,272.4180603027344,-0.3393692076206207,0.8326749205589294,0.15408062934875488,1.0,0.0,12.250696182250977,0.18077993392944336
14.198721885681152,-0.4773881435394287,0.8470689058303833,-0.0029132545460015535,0.037025902420282364,0.31160974502563477,279.4639587402344,0.46431565284729004,272.5760803222656,-0.3847541809082031,0.829818844795227,0.06091642379760742,1.0,0.0,12.250696182250977,0.15270590782165527
14.19922161102295,-0.5998950600624084,0.7696033716201782,-0.0029132545460015535,0.02772289142012596,0.4513416290283203,279.4639587402344,0.6047554016113281,272.7507019042969,-0.5476713180541992,0.6969469785690308,0.15279483795166016,1.0,0.0,12.250696182250977,0.1534137725830078
14.199722290039062,-0.6912891864776611,0.6854015588760376,-0.00935856718569994,0.014698682352900505,0.5903034210205078,278.90557861328125,0.7447474002838135,272.90252685546875,-0.6078600287437439,0.6861457228660583,0.07145500183105469,1.0,0.0,12.250696182250977,0.15444397926330566
14.20022201538086,-0.7875447869300842,0.5860437750816345,-0.004524582531303167,0.008186577819287777,0.7297568321228027,278.90557861328125,0.884148359298706,273.026611328125,-0.7455815076828003,0.5863741040229797,0.11165285110473633,1.0,0.0,12.250696182250977,0.15439152717590332
14.200721740722656,-0.8565765023231506,0.47321367263793945,-0.006135910749435425,0.018419886007905006,0.884401798248291,289.9223937988281,1.022618055343628,273.1087646484375,-0.8029041886329651,0.547234058380127,0.04110097885131836,1.0,0.0,12.250696182250977,0.13821625709533691
14.20122241973877,-0.9119963645935059,0.34354278445243835,-0.019026534631848335,0.0035350751131772995,1.0293622016906738,289.9223937988281,1.161717176437378,273.2156677246094,-0.8219805359840393,0.41996583342552185,0.027884960174560547,1.0,0.0,12.250696182250977,0.1323549747467041
14.201722145080566,-0.9518598914146423,0.2138722985982895,-0.031917158514261246,-0.002046728739514947,1.1302566528320312,257.96673583984375,1.3007051944732666,273.3157958984375,-0.8952325582504272,0.2890394926071167,0.049063682556152344,1.0,0.0,12.250696182250977,0.17044854164123535
14.202221870422363,-0.9751942753791809,0.09262201935052872,-0.023860519751906395,-0.012280037626624107,1.2592401504516602,257.96673583984375,1.4378182888031006,273.3349609375,-0.9137223958969116,0.1967277228832245,0.012036323547363281,1.0,0.0,12.250696182250977,0.17857813835144043
14.202720642089844,-0.9790835976600647,-0.03873268514871597,-0.01096989493817091,-0.029025450348854065,1.4172248840332031,279.18450927734375,1.5755083560943604,273.37799072265625,-0.9493851065635681,0.04416072741150856,0.040062904357910156,1.0,0.0,12.250696182250977,0.15828347206115723
14.203221321105957,-0.9586655497550964,-0.1751391887664795,-0.023860519751906395,-0.01600124128162861,1.5568170547485352,279.18450927734375,1.7132036685943604,273.4203796386719,-0.9166499376296997,-0.06795915216207504,0.02279376983642578,1.0,0.0,12.250696182250977,0.1563866138458252
14.203721046447754,-0.9265806078910828,-0.304810106754303,-0.023860519751906395,-0.01786184124648571,1.6964097023010254,279.18450927734375,1.8495051860809326,273.4032897949219,-0.871361255645752,-0.17912961542606354,0.015201568603515625,1.0,0.0,12.250696182250977,0.15309548377990723
14.20422077178955,-0.8731050491333008,-0.42437657713890076,-0.022249191999435425,-0.02251334674656391,1.8360013961791992,279.18450927734375,1.9863264560699463,273.4082336425781,-0.8548773527145386,-0.26494577527046204,-0.02399730682373047,1.0,0.0,12.250696182250977,0.15032505989074707
14.204720497131348,-0.8040733933448792,-0.5439428091049194,-0.007747238967567682,-0.032746654003858566,1.9904017448425293,289.9223937988281,2.123492956161499,273.4278259277344,-0.7960413694381714,-0.40355953574180603,0.0076389312744140625,1.0,0.0,12.250696182250977,0.13309121131896973
14.205221176147461,-0.7165685296058655,-0.6550893187522888,-0.036751143634319305,-0.03274665027856827,2.135362148284912,289.9223937988281,2.2603399753570557,273.43365478515625,-0.729087233543396,-0.5289453864097595,0.029315471649169922,1.0,0.0,12.250696182250977,0.12497782707214355
14.205720901489258,-0.6261467337608337,-0.744343101978302,-0.038362473249435425,-0.031816352158784866,2.221435070037842,247.21812438964844,2.3977949619293213,273.46466064453125,-0.649422824382782,-0.6113070249557495,0.01937389373779297,1.0,0.0,12.250696182250977,0.1763598918914795
14.206220626831055,-0.5230855345726013,-0.8150724768638611,-0.027083175256848335,-0.030886052176356316,2.345043420791626,247.21812438964844,2.535682439804077,273.51324462890625,-0.5358312726020813,-0.6774784922599792,0.027981281280517578,1.0,0.0,12.250696182250977,0.19063901901245117
14.206720352172852,-0.40738439559936523,-0.8740136027336121,0.0003094017447438091,-0.04297995939850807,2.5124871730804443,279.18450927734375,2.674278497695923,273.59051513671875,-0.4282766580581665,-0.7492085695266724,0.039333343505859375,1.0,0.0,12.250696182250977,0.16179132461547852
14.207220077514648,-0.2868219316005707,-0.9245347380638123,-0.020637864246964455,-0.025304246693849564,2.652078866958618,279.18450927734375,2.8135159015655518,273.693359375,-0.3222661018371582,-0.8380747437477112,0.052388668060302734,1.0,0.0,12.250696182250977,0.1614370346069336
14.207719802856445,-0.15070296823978424,-0.9582151770591736,-0.020637864246964455,-0.02158304490149021,2.7920570373535156,279.4639587402344,2.9520256519317627,273.7633361816406,-0.1674724966287613,-0.8638412356376648,0.08966493606567383,1.0,0.0,12.250696182250977,0.15996861457824707
14.208219528198242,-0.022362569347023964,-0.9649515748023987,-0.014192551374435425,-0.025304246693849564,2.9317891597747803,279.4639587402344,3.0911781787872314,273.85870361328125,-0.08675042539834976,-0.9075274467468262,0.04655742645263672,1.0,0.0,12.250696182250977,0.15938901901245117
14.208720207214355,0.10986710339784622,-0.9615834355354309,0.00836604181677103,0.0007441720808856189,3.0855534076690674,289.6327819824219,-3.053194522857666,273.93756103515625,0.014549928717315197,-0.9483866691589355,0.01829385757446289,1.0,0.0,12.250696182250977,0.14443731307983398
14.209219932556152,0.2518198788166046,-0.9346387386322021,-0.0029132545460015535,-0.02065274305641651,3.230369806289673,289.6327819824219,-2.9145853519439697,274.00653076171875,0.14957816898822784,-0.8895989656448364,0.031003236770629883,1.0,0.0,12.250696182250977,0.1382303237915039
14.20971965789795,0.37627148628234863,-0.894221842288971,0.0019207298755645752,-0.014140638522803783,3.316696882247925,247.21812438964844,-2.7751524448394775,274.10858154296875,0.30044686794281006,-0.8667658567428589,0.058806657791137695,1.0,0.0,12.250696182250977,0.19133615493774414
14.210220336914062,0.48516643047332764,-0.8403328657150269,0.003532057860866189,-0.01693153940141201,3.440305471420288,247.21812438964844,-2.6359753608703613,274.1978454589844,0.4160236418247223,-0.839174211025238,0.04618215560913086,1.0,0.0,12.250696182250977,0.20690488815307617
14.210719108581543,0.598922610282898,-0.7712875604629517,-0.006135910749435425,-0.01693154126405716,3.6077492237091064,279.18450927734375,-2.4981462955474854,274.228515625,0.5313060879707336,-0.7615174651145935,0.057341575622558594,1.0,0.0,12.250696182250977,0.1772899627685547
14.21121883392334,0.690316915512085,-0.6803497672080994,0.00836604181677103,-0.00855883490294218,3.7473409175872803,279.18450927734375,-2.3604094982147217,274.25439453125,0.5794666409492493,-0.7103376984596252,-0.005547761917114258,1.0,0.0,12.250696182250977,0.17543506622314453
14.211718559265137,0.7778221964836121,-0.5826756954193115,0.01481135468930006,0.0007441726629622281,3.9017412662506104,289.9223937988281,-2.2232866287231445,274.2542419433594,0.6982806921005249,-0.6598156094551086,-0.013267993927001953,1.0,0.0,12.250696182250977,0.1581578254699707
14.21221923828125,0.8575486540794373,-0.46479347348213196,0.011588698253035545,-0.001116428873501718,4.046701908111572,289.9223937988281,-2.0860626697540283,274.25836181640625,0.7981750965118408,-0.5357999205589294,0.015522241592407227,1.0,0.0,12.250696182250977,0.1504206657409668
14.212718963623047,0.909079372882843,-0.34859499335289,0.009977370500564575,0.010977480560541153,4.132433891296387,246.97091674804688,-1.9492546319961548,274.2447814941406,0.8121107220649719,-0.4433225393295288,-0.029971599578857422,1.0,0.0,12.250696182250977,0.20149707794189453
14.213218688964844,0.947970449924469,-0.2340807318687439,0.01320002693682909,0.010977480560541153,4.255919933319092,246.97091674804688,-1.8138707876205444,274.1717224121094,0.8883840441703796,-0.318886399269104,-0.010242223739624023,1.0,0.0,12.250696182250977,0.2133946418762207
14.213719367980957,0.9674158692359924,-0.1128302589058876,0.01320002693682909,0.020280487835407257,4.424213409423828,279.4639587402344,-1.6779887676239014,274.12103271484375,0.9309591054916382,-0.23659490048885345,-0.05055546760559082,1.0,0.0,12.250696182250977,0.1809830665588379
14.214219093322754,0.961582601070404,0.021892448887228966,0.019645338878035545,0.02586229331791401,4.5639448165893555,279.4639587402344,-1.5428791046142578,274.03887939453125,0.8734288215637207,-0.13500602543354034,-0.09034299850463867,1.0,0.0,12.250696182250977,0.1763615608215332
14.21471881866455,0.9538043141365051,0.14987894892692566,0.019645338878035545,0.02400168962776661,4.703290939331055,279.18450927734375,-1.4070134162902832,273.990478515625,0.9346328973770142,0.013285638764500618,-0.05852150917053223,1.0,0.0,12.250696182250977,0.1728811264038086
14.215218544006348,0.9226911067962646,0.284601628780365,0.019645338878035545,0.02400168962776661,4.842883110046387,279.18450927734375,-1.2732324600219727,273.8553771972656,0.8753796815872192,0.14222431182861328,-0.04544234275817871,1.0,0.0,12.250696182250977,0.1670699119567871
14.215718269348145,0.8769941926002502,0.40416812896728516,0.01481135468930006,0.02307138964533806,4.982196807861328,279.18450927734375,-1.1388952732086182,273.74652099609375,0.8580157160758972,0.26902955770492554,-0.037004709243774414,1.0,0.0,12.250696182250977,0.1620936393737793
14.216217994689941,0.8099071979522705,0.520366370677948,0.019645338878035545,0.03144409507513046,5.12178897857666,279.18450927734375,-1.004305124282837,273.6504821777344,0.7999377250671387,0.3797146677970886,-0.032259464263916016,1.0,0.0,12.250696182250977,0.15709161758422852
14.216717720031738,0.7369861602783203,0.6129884123802185,0.018034011125564575,0.03981680050492287,5.216958045959473,246.97091674804688,-0.8697962760925293,273.5531921386719,0.7708489298820496,0.4542478322982788,-0.07767629623413086,1.0,0.0,12.250696182250977,0.19643115997314453
14.217218399047852,0.6514258980751038,0.7005581855773926,0.011588698253035545,0.02865319326519966,5.3404436111450195,246.97091674804688,-0.7355279922485352,273.4477233886719,0.6698793768882751,0.5482532382011414,-0.058519840240478516,1.0,0.0,12.250696182250977,0.2072138786315918
14.217718124389648,0.5512813925743103,0.7797077894210815,0.01481135468930006,0.02307138964533806,5.508736610412598,279.4639587402344,-0.6002538204193115,273.3869323730469,0.5678914189338684,0.6519985795021057,-0.025321245193481445,1.0,0.0,12.250696182250977,0.1741948127746582
14.218217849731445,0.44238653779029846,0.8470689058303833,0.01320002693682909,0.02772289142012596,5.648468971252441,279.4639587402344,-0.4638824462890625,273.3734436035156,0.48898079991340637,0.7467609643936157,-0.024878501892089844,1.0,0.0,12.250696182250977,0.17083406448364258
14.218717575073242,0.3159899413585663,0.900958240032196,0.030924635007977486,0.019350185990333557,5.787430286407471,278.90557861328125,-0.32740211486816406,273.36492919921875,0.34955549240112305,0.7911416292190552,0.0024518966674804688,1.0,0.0,12.250696182250977,0.16835308074951172
14.219218254089355,0.17987148463726044,0.9279027581214905,0.018034011125564575,0.030513793230056763,5.926883220672607,278.90557861328125,-0.18975567817687988,273.405517578125,0.23206843435764313,0.8226232528686523,0.00591588020324707,1.0,0.0,12.250696182250977,0.16654634475708008
14.219717025756836,0.05930890515446663,0.9514791369438171,0.0019207298755645752,0.02679259143769741,6.0672125816345215,279.7439880371094,-0.05298280715942383,273.4084167480469,0.12736985087394714,0.8940832614898682,0.002585887908935547,1.0,0.0,12.250696182250977,0.16299009323120117
14.220216751098633,-0.08069897443056107,0.9447429776191711,0.005143385846167803,0.02493199147284031,6.2070841789245605,279.7439880371094,0.08398103713989258,273.41943359375,0.001461621024645865,0.8765167593955994,0.005476474761962891,1.0,0.0,12.250696182250977,0.16008234024047852
14.220717430114746,-0.19737225770950317,0.931270956993103,0.0019207298755645752,0.02679259143769741,0.018544316291809082,246.97091674804688,0.21985602378845215,273.3841552734375,-0.08533909171819687,0.8915178775787354,-0.03347301483154297,1.0,0.0,12.250696182250977,0.20131182670593262
14.221217155456543,-0.31404566764831543,0.900958240032196,-0.006135910749435425,-0.06344657391309738,0.14202970266342163,246.97091674804688,0.3569824695587158,273.4026184082031,-0.23550261557102203,0.8205093741416931,0.013677835464477539,1.0,0.0,12.250696182250977,0.21495270729064941
14.22171688079834,-0.43266358971595764,0.8504371643066406,-0.0029132545460015535,0.033304695039987564,0.32518893480300903,290.21258544921875,0.49207329750061035,273.3349914550781,-0.33688950538635254,0.865433394908905,-0.02989959716796875,1.0,0.0,12.250696182250977,0.1668844223022461
14.222216606140137,-0.548364520072937,0.7780236005783081,-0.007747238967567682,0.0026047739665955305,0.47029489278793335,290.21258544921875,0.6300065517425537,273.3882751464844,-0.4666735827922821,0.7888029217720032,-0.004697561264038086,1.0,0.0,12.250696182250977,0.15971159934997559
14.22271728515625,-0.6553148627281189,0.7005580067634583,-0.019026534631848335,0.0035350751131772995,0.5997863411903381,278.90557861328125,0.7654151916503906,273.3342590332031,-0.5764749646186829,0.7289586067199707,-0.0052449703216552734,1.0,0.0,12.250696182250977,0.16562891006469727
14.223217010498047,-0.744764506816864,0.599515974521637,0.021256666630506516,0.02493199147284031,0.7392392158508301,278.90557861328125,0.9013698101043701,273.3041687011719,-0.6265029907226562,0.663735032081604,-0.05398201942443848,1.0,0.0,12.250696182250977,0.16213059425354004
14.223715782165527,-0.8206021189689636,0.49510595202445984,-0.031917158514261246,0.001674473169259727,0.863990068435669,268.4466247558594,1.036562204360962,273.2424621582031,-0.7221502661705017,0.5679027438163757,-0.04129171371459961,1.0,0.0,12.250696182250977,0.17257213592529297
14.224215507507324,-0.8808836340904236,0.38395968079566956,-0.019026534631848335,-0.003907330334186554,0.9982133507728577,268.4466247558594,1.1723387241363525,273.2070007324219,-0.7822985053062439,0.4578443467617035,-0.040186405181884766,1.0,0.0,12.250696182250977,0.17412543296813965
14.224716186523438,-0.9294973015785217,0.2660773992538452,-0.030305832624435425,0.0044653755612671375,1.117629051208496,257.7087707519531,1.3077590465545654,273.15740966796875,-0.8850740194320679,0.3467612564563751,-0.019435882568359375,1.0,0.0,12.250696182250977,0.19012999534606934
14.225215911865234,-0.9499151110649109,0.14314250648021698,-0.017415206879377365,0.015628984197974205,1.246483325958252,257.7087707519531,1.4420106410980225,273.05938720703125,-0.8688110709190369,0.26492905616760254,-0.07652854919433594,1.0,0.0,12.250696182250977,0.1955273151397705
14.225715637207031,-0.9596379399299622,0.018524235114455223,-0.014192551374435425,-0.012280037626624107,1.3905158042907715,268.7153625488281,1.5759422779083252,272.9502258300781,-0.8885475993156433,0.11956392228603363,-0.04815864562988281,1.0,0.0,12.250696182250977,0.1854264736175537
14.226216316223145,-0.9518596529960632,-0.10609446465969086,-0.027083175256848335,-0.014140638522803783,1.5248734951019287,268.7153625488281,1.7095887660980225,272.8312072753906,-0.895738959312439,0.018597500398755074,-0.06893348693847656,1.0,0.0,12.250696182250977,0.18471527099609375
14.226716041564941,-0.9256079792976379,-0.23239652812480927,-0.028694504871964455,-0.011349736712872982,1.673678994178772,279.18450927734375,1.8441836833953857,272.7549133300781,-0.885536253452301,-0.13045993447303772,-0.03638792037963867,1.0,0.0,12.250696182250977,0.17050480842590332
14.227215766906738,-0.8876892924308777,-0.3586994409561157,-0.030305832624435425,-0.02158304490149021,1.8132712841033936,279.18450927734375,1.9778358936309814,272.6404724121094,-0.8765793442726135,-0.2476254254579544,-0.041051387786865234,1.0,0.0,12.250696182250977,0.1645646095275879
14.227714538574219,-0.8274080157279968,-0.46310967206954956,-0.041585128754377365,-0.022513344883918762,1.9081616401672363,246.97091674804688,2.110769033432007,272.4980773925781,-0.8020583391189575,-0.30196061730384827,-0.08948183059692383,1.0,0.0,12.250696182250977,0.2026073932647705
14.228215217590332,-0.7622654438018799,-0.562467098236084,-0.019026534631848335,-0.029955750331282616,2.031646966934204,246.97091674804688,2.2441132068634033,272.3760681152344,-0.7461044788360596,-0.44316786527633667,-0.046779632568359375,1.0,0.0,12.250696182250977,0.21246623992919922
14.228714942932129,-0.683510959148407,-0.6517208814620972,0.0003094017447438091,-0.026234548538923264,2.1995551586151123,279.18450927734375,2.3764102458953857,272.2125244140625,-0.7066569328308105,-0.5349828004837036,-0.06718969345092773,1.0,0.0,12.250696182250977,0.17685508728027344
14.229214668273926,-0.6076732873916626,-0.735922634601593,-0.015803879126906395,-0.029955750331282616,2.3391473293304443,279.18450927734375,2.509956121444702,272.10491943359375,-0.7450093030929565,-0.6939133405685425,-0.09900569915771484,1.0,0.0,12.250696182250977,0.1708087921142578
14.229715347290039,-0.47641611099243164,-0.8150724768638611,-0.035139817744493484,-0.03553755581378937,2.4787395000457764,279.18450927734375,2.6442272663116455,272.0303955078125,-0.4885670840740204,-0.7055821418762207,-0.017696857452392578,1.0,0.0,12.250696182250977,0.16548776626586914
14.230215072631836,-0.3626594841480255,-0.8740136027336121,-0.019026534631848335,-0.02065274305641651,2.6183319091796875,279.18450927734375,2.779115915298462,271.98297119140625,-0.4171997308731079,-0.7835314273834229,-0.036328792572021484,1.0,0.0,12.250696182250977,0.16078400611877441
14.230714797973633,-0.23431871831417084,-0.9177982807159424,-0.022249191999435425,-0.02065274305641651,2.7583093643188477,279.4639587402344,2.914795160293579,271.9698791503906,-0.29507267475128174,-0.8399538397789001,-0.02049732208251953,1.0,0.0,12.250696182250977,0.15648579597473145
14.23121452331543,-0.1020890399813652,-0.9413747191429138,-0.001301926327869296,-0.01600123941898346,2.898041248321533,279.4639587402344,3.0506250858306885,271.9632873535156,-0.1618712991476059,-0.8425366282463074,-0.008260726928710938,1.0,0.0,12.250696182250977,0.15258383750915527
14.231714248657227,0.02041780762374401,-0.9481111764907837,-0.015803879126906395,-0.01879214122891426,2.9926860332489014,246.97091674804688,-3.096940755844116,271.9481506347656,-0.046108730137348175,-0.8945010900497437,-0.005563974380493164,1.0,0.0,12.250696182250977,0.1935586929321289
14.232213973999023,0.14292488992214203,-0.9447429776191711,-0.030305832624435425,-0.04391026124358177,3.116171360015869,246.97091674804688,-2.960878610610962,271.9520263671875,0.08966145664453506,-0.9208777546882629,0.006988048553466797,1.0,0.0,12.250696182250977,0.20613527297973633
14.23271369934082,0.27126553654670715,-0.9110622406005859,0.003532057860866189,-0.03367695212364197,3.2844648361206055,279.4639587402344,-2.824971914291382,271.94921875,0.21915720403194427,-0.8367158770561218,0.030289649963378906,1.0,0.0,12.250696182250977,0.17374849319458008
14.233214378356934,0.38793858885765076,-0.8639093637466431,-0.001301926327869296,-0.014140638522803783,3.424196720123291,279.4639587402344,-2.6888585090637207,271.95489501953125,0.30946052074432373,-0.8439039587974548,-0.010689020156860352,1.0,0.0,12.250696182250977,0.17013025283813477
14.23371410369873,0.5055845379829407,-0.798231840133667,0.021256666630506516,-0.010419436730444431,3.5635433197021484,279.18450927734375,-2.553614854812622,271.9239807128906,0.40356117486953735,-0.7537228465080261,-0.005814075469970703,1.0,0.0,12.250696182250977,0.16602754592895508
14.234213829040527,0.613507091999054,-0.7325549125671387,0.00836604181677103,-0.00669823307543993,3.7031354904174805,279.18450927734375,-2.418728828430176,271.8788146972656,0.5334386229515076,-0.7434317469596863,-0.009917736053466797,1.0,0.0,12.250696182250977,0.16132116317749023
14.234713554382324,0.7029566764831543,-0.638248860836029,0.005143385846167803,-0.0011164291063323617,3.8423426151275635,278.90557861328125,-2.2844254970550537,271.81011962890625,0.5978770852088928,-0.6800164580345154,-0.04558205604553223,1.0,0.0,12.250696182250977,0.1564173698425293
14.235214233398438,0.7904619574546814,-0.540574848651886,0.009977370500564575,0.001674473169259727,3.9817955493927,278.90557861328125,-2.150980234146118,271.7066955566406,0.6844755411148071,-0.5903588533401489,-0.041161537170410156,1.0,0.0,12.250696182250977,0.15040969848632812
14.235713958740234,0.8517153263092041,-0.43448081612586975,0.009977370500564575,-0.002046729438006878,4.0627288818359375,236.4695281982422,-2.0171525478363037,271.62158203125,0.7600502967834473,-0.5088831782341003,-0.053351402282714844,1.0,0.0,12.250696182250977,0.20330381393432617
14.236213684082031,0.8935227394104004,-0.3351227939128876,0.019645338878035545,0.012838081456720829,4.180963516235352,236.4695281982422,-1.8847047090530396,271.4801025390625,0.7967991828918457,-0.45365068316459656,-0.11368155479431152,1.0,0.0,12.250696182250977,0.21751737594604492
14.236713409423828,0.9324140548706055,-0.2138722985982895,0.009977370500564575,0.018419884145259857,4.358251571655273,279.4639587402344,-1.7518340349197388,271.3598327636719,0.8687611222267151,-0.28952911496162415,-0.05044722557067871,1.0,0.0,12.250696182250977,0.17309999465942383
14.237213134765625,0.9518596529960632,-0.08588580042123795,0.021256666630506516,-0.006698232609778643,4.497983455657959,279.4639587402344,-1.6199336051940918,271.2008972167969,0.8957828879356384,-0.20828990638256073,-0.08933568000793457,1.0,0.0,12.250696182250977,0.1652684211730957
14.237712860107422,0.9499151110649109,0.03536488860845566,0.027701979503035545,0.01376838143914938,4.636944770812988,278.90557861328125,-1.4890148639678955,271.00390625,0.9037986397743225,-0.12686687707901,-0.13149285316467285,1.0,0.0,12.250696182250977,0.1572260856628418
14.238212585449219,0.9333863854408264,0.16503538191318512,0.016422683373093605,0.02586229331791401,4.776397705078125,278.90557861328125,-1.3581730127334595,270.8080139160156,0.8765232563018799,0.006772635504603386,-0.11514544486999512,1.0,0.0,12.250696182250977,0.14861488342285156
14.238713264465332,0.900329053401947,0.28965386748313904,0.024479323998093605,0.02493199147284031,4.916620254516602,279.4639587402344,-1.2273902893066406,270.6136779785156,0.8552300333976746,0.11308877170085907,-0.12227988243103027,1.0,0.0,12.250696182250977,0.1391749382019043
14.239212989807129,0.8536596894264221,0.4109041392803192,0.01481135468930006,0.02865319326519966,5.056352615356445,279.4639587402344,-1.0963819026947021,270.43310546875,0.8391363024711609,0.25274863839149475,-0.0921335220336914,1.0,0.0,12.250696182250977,0.13045072555541992
14.239712715148926,0.791433572769165,0.5119463801383972,0.01320002693682909,0.035165298730134964,5.136425971984863,236.23304748535156,-0.9646704196929932,270.2857971191406,0.7780004143714905,0.3440878689289093,-0.10007667541503906,1.0,0.0,12.250696182250977,0.18208932876586914
14.240213394165039,0.7136513590812683,0.5995162129402161,0.018034011125564575,0.03981680050492287,5.254542350769043,236.23304748535156,-0.833768367767334,270.1075744628906,0.688120424747467,0.41887742280960083,-0.10063743591308594,1.0,0.0,12.250696182250977,0.19487476348876953
14.24071216583252,0.633924663066864,0.6904540061950684,0.018034011125564575,0.036095600575208664,5.446460247039795,289.9223937988281,-0.7019259929656982,269.9726867675781,0.6269057393074036,0.5393141508102417,-0.0687716007232666,1.0,0.0,12.250696182250977,0.13479948043823242
14.241211891174316,0.5308635830879211,0.7679196000099182,0.00675471406430006,0.02400168962776661,5.591421127319336,289.9223937988281,-0.5693047046661377,269.8734436035156,0.5682103633880615,0.6317414045333862,-0.07358407974243164,1.0,0.0,12.250696182250977,0.12245988845825195
14.241711616516113,0.41710686683654785,0.8369649052619934,0.030924635007977486,0.02121078595519066,5.706770420074463,268.4466247558594,-0.4373617172241211,269.7476806640625,0.4453709125518799,0.681334376335144,-0.05192971229553223,1.0,0.0,12.250696182250977,0.1390533447265625
14.242212295532227,0.30043405294418335,0.8874858021736145,0.00675471406430006,0.02586229331791401,5.8409905433654785,268.4466247558594,-0.3027222156524658,269.73785400390625,0.32785338163375854,0.7918357253074646,4.6253204345703125e-05,1.0,0.0,12.250696182250977,0.13947248458862305
14.242712020874023,0.17403768002986908,0.9177982807159424,0.016422683373093605,0.038886502385139465,5.99041223526001,279.4639587402344,-0.1688849925994873,269.69451904296875,0.22464247047901154,0.8091261982917786,-0.012118816375732422,1.0,0.0,12.250696182250977,0.12388849258422852
14.24321174621582,0.045697033405303955,0.9346387386322021,0.018034011125564575,0.037956200540065765,6.130140781402588,279.4639587402344,-0.034314632415771484,269.6828308105469,0.12759123742580414,0.8737140893936157,-0.02092266082763672,1.0,0.0,12.250696182250977,0.11873006820678711
14.243712425231934,-0.0748654156923294,0.931270956993103,-0.01096989493817091,0.02307138778269291,6.22503137588501,246.97091674804688,0.09976029396057129,269.6504821777344,0.016336940228939056,0.8559374213218689,-0.029118776321411133,1.0,0.0,12.250696182250977,0.1579146385192871
14.24421215057373,-0.1915387064218521,0.9144304990768433,0.0019207298755645752,0.02493199147284031,0.06533145904541016,246.97091674804688,0.23361897468566895,269.6100769042969,-0.10796602815389633,0.8615472912788391,-0.01919865608215332,1.0,0.0,12.250696182250977,0.1682875156402588
14.244710922241211,-0.308212012052536,0.8807496428489685,-0.00935856718569994,0.02214108780026436,0.21855640411376953,268.7153625488281,0.3680851459503174,269.5957336425781,-0.21424347162246704,0.8426517248153687,-0.029404878616333008,1.0,0.0,12.250696182250977,0.14952874183654785
14.245210647583008,-0.419051855802536,0.8369649052619934,-0.00935856718569994,0.010977480560541153,0.35291385650634766,268.7153625488281,0.5025839805603027,269.583251953125,-0.3374083340167999,0.8400149941444397,-0.030943632125854492,1.0,0.0,12.250696182250977,0.14967012405395508
14.245711326599121,-0.5337802767753601,0.7696033716201782,-0.015803879126906395,0.009116877801716328,0.5013360977172852,278.90557861328125,0.6356348991394043,269.5101318359375,-0.4434538185596466,0.7466710209846497,-0.009947776794433594,1.0,0.0,12.250696182250977,0.13429880142211914
14.246211051940918,-0.6300358772277832,0.6904540061950684,-0.019026534631848335,0.010977481491863728,0.6407861709594727,278.90557861328125,0.7689347267150879,269.4488220214844,-0.516537606716156,0.7289603352546692,-0.06294655799865723,1.0,0.0,12.250696182250977,0.12814855575561523
14.246710777282715,-0.7146238684654236,0.6045681834220886,-0.015803879126906395,0.010977479629218578,0.7213945388793945,236.23304748535156,0.9020154476165771,269.3797912597656,-0.6207430958747864,0.6375598311424255,-0.040392398834228516,1.0,0.0,12.250696182250977,0.18062090873718262
14.247210502624512,-0.7787942290306091,0.520366370677948,0.0003094017447438091,-0.0001861282653408125,0.8395090103149414,236.23304748535156,1.0346033573150635,269.29156494140625,-0.7041658759117126,0.5711835026741028,-0.05581474304199219,1.0,0.0,12.250696182250977,0.19509434700012207
14.247711181640625,-0.841992199420929,0.4109041392803192,0.005143385846167803,0.00446537509560585,1.027104377746582,286.6160583496094,1.1668236255645752,269.1895446777344,-0.7547709941864014,0.46150219440460205,-0.055357933044433594,1.0,0.0,12.250696182250977,0.13971924781799316
14.248210906982422,-0.8906059265136719,0.29302188754081726,-0.028694504871964455,-0.003907332196831703,1.1704111099243164,286.6160583496094,1.2977888584136963,269.03680419921875,-0.8374382257461548,0.3603401780128479,-0.043874263763427734,1.0,0.0,12.250696182250977,0.12737774848937988
14.248709678649902,-0.9178301692008972,0.17850761115550995,-0.020637864246964455,-0.012280037626624107,1.260746955871582,246.97091674804688,1.4275286197662354,268.8359375,-0.868677020072937,0.27183714509010315,-0.07073068618774414,1.0,0.0,12.250696182250977,0.16678166389465332
14.249210357666016,-0.9275525212287903,0.0606253445148468,-0.017415206879377365,-0.010419435799121857,1.3842287063598633,246.97091674804688,1.557532548904419,268.6504821777344,-0.8353686332702637,0.1522519588470459,-0.07782554626464844,1.0,0.0,12.250696182250977,0.17330384254455566
14.249710083007812,-0.9217190146446228,-0.05052090808749199,-0.038362473249435425,-0.05786477029323578,1.536259651184082,268.4466247558594,1.6871755123138428,268.4534912109375,-0.8702079653739929,0.08294831961393356,-0.12247562408447266,1.0,0.0,12.250696182250977,0.15091586112976074
14.25020980834961,-0.9022735953330994,-0.1717716008424759,-0.035139817744493484,-0.026234548538923264,1.6704797744750977,268.4466247558594,1.8156354427337646,268.2112731933594,-0.8567036986351013,-0.032366495579481125,-0.11820268630981445,1.0,0.0,12.250696182250977,0.145155668258667
14.250709533691406,-0.8682436347007751,-0.284601628780365,-0.015803879126906395,-0.029955750331282616,1.8047075271606445,268.4466247558594,1.944214105606079,267.9790954589844,-0.8176680207252502,-0.13106098771095276,-0.1257181167602539,1.0,0.0,12.250696182250977,0.13950657844543457
14.25121021270752,-0.8215744495391846,-0.3991159200668335,-0.017415206879377365,-0.01972244121134281,1.9389276504516602,268.4466247558594,2.0735456943511963,267.7833557128906,-0.7714173793792725,-0.2525809407234192,-0.09750795364379883,1.0,0.0,12.250696182250977,0.13461804389953613
14.251709938049316,-0.7622655034065247,-0.5018419027328491,-0.014192551374435425,-0.03460725396871567,2.073155403137207,268.4466247558594,2.203104257583618,267.60125732421875,-0.755449116230011,-0.36654695868492126,-0.09178543090820312,1.0,0.0,12.250696182250977,0.12994885444641113
14.252209663391113,-0.6874000430107117,-0.5978319644927979,-0.023860519751906395,-0.030886052176356316,2.2073755264282227,268.4466247558594,2.332209825515747,267.4039001464844,-0.6879770159721375,-0.4530828297138214,-0.09031343460083008,1.0,0.0,12.250696182250977,0.12483429908752441
14.252710342407227,-0.5998953580856323,-0.6820340156555176,-0.015803879126906395,-0.03367695212364197,2.299099922180176,236.4695281982422,2.4622962474823,267.2519836425781,-0.5752435326576233,-0.5339292287826538,-0.05451154708862305,1.0,0.0,12.250696182250977,0.16319632530212402
14.253209114074707,-0.5182240009307861,-0.7426590919494629,-0.017415206879377365,-0.023443644866347313,2.4170961380004883,236.4695281982422,2.592493772506714,267.1078186035156,-0.5287222862243652,-0.5914583206176758,-0.0917353630065918,1.0,0.0,12.250696182250977,0.17539763450622559
14.253708839416504,-0.4229406416416168,-0.8066520094871521,-0.038362473249435425,-0.01693154126405716,2.5778322219848633,268.4466247558594,2.722515344619751,266.9595947265625,-0.4610789716243744,-0.714215874671936,-0.06550216674804688,1.0,0.0,12.250696182250977,0.1446831226348877
14.2542085647583,-0.3101564943790436,-0.8504371643066406,-0.017415206879377365,-0.02158304490149021,2.712052345275879,268.4466247558594,2.8539955615997314,266.8756103515625,-0.333741158246994,-0.7444403767585754,-0.04511737823486328,1.0,0.0,12.250696182250977,0.14194321632385254
14.254709243774414,-0.19931666553020477,-0.8841180205345154,-0.01258122269064188,-0.029955750331282616,2.846634864807129,268.7153625488281,2.9853708744049072,266.78887939453125,-0.270466148853302,-0.8346902132034302,-0.0685262680053711,1.0,0.0,12.250696182250977,0.13873600959777832
14.255208969116211,-0.0729207769036293,-0.8975901007652283,-0.007747238967567682,-0.03832845389842987,2.980992317199707,268.7153625488281,3.116225004196167,266.6822509765625,-0.12735363841056824,-0.7947698831558228,-0.044849395751953125,1.0,0.0,12.250696182250977,0.13523268699645996
14.255708694458008,0.03597419708967209,-0.9110622406005859,0.00836604181677103,-0.0011164294555783272,3.072148323059082,236.23304748535156,-3.035814046859741,266.59014892578125,-0.0021785730496048927,-0.8635162115097046,-0.019554615020751953,1.0,0.0,12.250696182250977,0.17522287368774414
14.256209373474121,0.14486965537071228,-0.8975901007652283,-0.01096989493817091,-0.01972244307398796,3.1902666091918945,236.23304748535156,-2.9045698642730713,266.5038146972656,0.0737721398472786,-0.8858729004859924,-0.06541204452514648,1.0,0.0,12.250696182250977,0.18834924697875977
14.256709098815918,0.2557086646556854,-0.8672776222229004,-0.00935856718569994,-0.007628533989191055,3.3515825271606445,268.7153625488281,-2.7741434574127197,266.3847961425781,0.1696208119392395,-0.8541706800460815,-0.0830068588256836,1.0,0.0,12.250696182250977,0.15745973587036133
14.257207870483398,0.3684934079647064,-0.8234924674034119,-0.01258122269064188,-0.02065274305641651,3.4856691360473633,268.7153625488281,-2.643867015838623,266.2622985839844,0.2838501036167145,-0.7871123552322388,-0.06316423416137695,1.0,0.0,12.250696182250977,0.15364933013916016
14.257707595825195,0.476415753364563,-0.774655818939209,-0.001301926327869296,-0.030886052176356316,3.605393409729004,257.7087707519531,-2.513028860092163,266.1660461425781,0.43253543972969055,-0.7829047441482544,-0.03528237342834473,1.0,0.0,12.250696182250977,0.1647629737854004
14.258208274841309,0.5736438632011414,-0.707294225692749,-0.015803879126906395,-0.02065274305641651,3.7342424392700195,257.7087707519531,-2.382387399673462,266.06341552734375,0.5113065242767334,-0.7109737396240234,-0.04727745056152344,1.0,0.0,12.250696182250977,0.16655588150024414
14.258708000183105,0.6621212363243103,-0.6214086413383484,0.0003094017447438091,0.009116877801716328,3.8770227432250977,268.1784362792969,-2.251530885696411,265.97198486328125,0.5935072302818298,-0.6082472801208496,-0.028424501419067383,1.0,0.0,12.250696182250977,0.1546320915222168
14.259207725524902,0.7311527729034424,-0.5355228185653687,0.00675471406430006,-0.003907330799847841,4.011116981506348,268.1784362792969,-2.1220057010650635,265.826416015625,0.6369293928146362,-0.6129330396652222,-0.12694859504699707,1.0,0.0,12.250696182250977,0.15006303787231445
14.259708404541016,0.7943505644798279,-0.44626903533935547,0.003532057860866189,0.007256277371197939,4.0742082595825195,214.75732421875,-1.9935139417648315,265.640625,0.7204424142837524,-0.512312114238739,-0.1073610782623291,1.0,0.0,12.250696182250977,0.21546316146850586
14.260208129882812,0.8381029963493347,-0.3570150136947632,0.011588698253035545,0.008186577819287777,4.181588172912598,214.75732421875,-1.8650315999984741,265.4583435058594,0.7839597463607788,-0.42425233125686646,-0.11382460594177246,1.0,0.0,12.250696182250977,0.23656558990478516
14.26070785522461,0.8672717213630676,-0.25260496139526367,-0.006135910749435425,0.012838081456720829,4.3606767654418945,268.7153625488281,-1.7369157075881958,265.2643127441406,0.7731547951698303,-0.35919469594955444,-0.1811659336090088,1.0,0.0,12.250696182250977,0.1855931282043457
14.261207580566406,0.8993565440177917,-0.13640671968460083,0.026090651750564575,0.02400168962776661,4.495030403137207,268.7153625488281,-1.6103780269622803,265.0083923339844,0.8601747155189514,-0.1972913295030594,-0.09798836708068848,1.0,0.0,12.250696182250977,0.17777681350708008
14.261707305908203,0.9081072211265564,-0.0202084481716156,0.030924635007977486,-0.00855883490294218,4.6144914627075195,257.7087707519531,-1.4832074642181396,264.7843322753906,0.8585386276245117,-0.10745907574892044,-0.12439918518066406,1.0,0.0,12.250696182250977,0.1854863166809082
14.26220703125,0.9003288149833679,0.08756979554891586,0.029313307255506516,0.037025898694992065,4.743344306945801,257.7087707519531,-1.3571025133132935,264.5199279785156,0.8818439841270447,-0.03918475657701492,-0.17067408561706543,1.0,0.0,12.250696182250977,0.1827387809753418
14.262706756591797,0.8808834552764893,0.20882026851177216,0.021256666630506516,0.036095600575208664,4.886471748352051,268.4466247558594,-1.230512261390686,264.2820129394531,0.8664240837097168,0.12370030581951141,-0.11087489128112793,1.0,0.0,12.250696182250977,0.16620159149169922
14.26320743560791,0.8439369201660156,0.31996655464172363,0.016422683373093605,0.0053956760093569756,5.020695686340332,268.4466247558594,-1.1055848598480225,263.9789733886719,0.8226128816604614,0.1848943531513214,-0.15681767463684082,1.0,0.0,12.250696182250977,0.1569046974182129
14.263707160949707,0.7972676157951355,0.4210083484649658,0.011588698253035545,0.030513795092701912,5.097836494445801,225.49517822265625,-0.9798247814178467,263.71710205078125,0.7698425650596619,0.29563942551612854,-0.13701248168945312,1.0,0.0,12.250696182250977,0.20552396774291992
14.264206886291504,0.7467091679573059,0.508578360080719,0.021256666630506516,0.030513793230056763,5.210587501525879,225.49517822265625,-0.8554422855377197,263.40289306640625,0.7411569356918335,0.38211119174957275,-0.152205228805542,1.0,0.0,12.250696182250977,0.21715593338012695
14.2647066116333,0.6728158593177795,0.5961479544639587,0.021256666630506516,0.05098040774464607,5.366486549377441,257.96673583984375,-0.7291576862335205,263.17535400390625,0.6570512652397156,0.49462905526161194,-0.10911178588867188,1.0,0.0,12.250696182250977,0.18754148483276367
14.265207290649414,0.6037846207618713,0.6752975583076477,0.016422683373093605,0.02400168962776661,5.4954729080200195,257.96673583984375,-0.6039083003997803,262.9090576171875,0.6345180869102478,0.5822775959968567,-0.13736796379089355,1.0,0.0,12.250696182250977,0.18380403518676758
14.265706062316895,0.5007225871086121,0.7460271120071411,0.032535962760448456,0.014698682352900505,5.623852729797363,257.7087707519531,-0.47762393951416016,262.6918640136719,0.4907415509223938,0.6105103492736816,-0.11238241195678711,1.0,0.0,12.250696182250977,0.18170881271362305
14.266205787658691,0.4034952223300934,0.7999160289764404,0.009977370500564575,0.02400168962776661,5.752707481384277,257.7087707519531,-0.35064101219177246,262.50848388671875,0.43367433547973633,0.6923141479492188,-0.12201404571533203,1.0,0.0,12.250696182250977,0.17983675003051758
14.266705513000488,0.29265549778938293,0.8470689058303833,0.021256666630506516,0.037956200540065765,5.895831108093262,268.4466247558594,-0.2243192195892334,262.3014831542969,0.314540833234787,0.7358073592185974,-0.09263443946838379,1.0,0.0,12.250696182250977,0.16303491592407227
14.267206192016602,0.18764954805374146,0.8874858021736145,0.00836604181677103,0.036095600575208664,6.03005313873291,268.4466247558594,-0.09661078453063965,262.1570739746094,0.23953551054000854,0.8819277286529541,-0.08158469200134277,1.0,0.0,12.250696182250977,0.15652132034301758
14.267705917358398,0.06514246016740799,0.900958240032196,0.030924635007977486,0.019350185990333557,6.093209266662598,214.9722900390625,0.031447649002075195,262.03045654296875,0.07665430754423141,0.8046875,-0.03927469253540039,1.0,0.0,12.250696182250977,0.22142362594604492
14.268205642700195,-0.03597432002425194,0.8975901007652283,-0.001301926327869296,0.021210789680480957,6.200697898864746,214.9722900390625,0.16007137298583984,261.92950439453125,0.026293715462088585,0.8294165730476379,-0.10492420196533203,1.0,0.0,12.250696182250977,0.24255895614624023
14.268706321716309,-0.14681380987167358,0.8841180205345154,0.011588698253035545,0.037956200540065765,0.09647512435913086,268.7153625488281,0.28697991371154785,261.7590637207031,-0.08534013479948044,0.815247654914856,-0.09586071968078613,1.0,0.0,12.250696182250977,0.190504789352417
14.269206047058105,-0.26154258847236633,0.860541582107544,-0.0029132545460015535,0.020280487835407257,0.2308344841003418,268.7153625488281,0.41565680503845215,261.6664733886719,-0.2034045159816742,0.8201637864112854,-0.08572602272033691,1.0,0.0,12.250696182250977,0.18482232093811035
14.269704818725586,-0.3723823130130768,0.8268607258796692,-0.006135910749435425,0.014698682352900505,0.35028600692749023,257.7087707519531,0.5418527126312256,261.4716796875,-0.3397652804851532,0.8079707622528076,-0.056899309158325195,1.0,0.0,12.250696182250977,0.19156670570373535
14.270204544067383,-0.47349920868873596,0.7662353515625,-0.01096989493817091,0.013768380507826805,0.47913694381713867,257.7087707519531,0.6686217784881592,261.30517578125,-0.4100973308086395,0.7390665411949158,-0.07528138160705566,1.0,0.0,12.250696182250977,0.1894848346710205
14.270705223083496,-0.5687822103500366,0.7089782357215881,-0.004524582531303167,0.010047178715467453,0.5505843162536621,214.5427703857422,0.7957057952880859,261.1552429199219,-0.533164918422699,0.6999256014823914,-0.0579533576965332,1.0,0.0,12.250696182250977,0.24512147903442383
14.271204948425293,-0.6426754593849182,0.6416170597076416,-0.01096989493817091,0.02679259143769741,0.6578536033630371,214.5427703857422,0.9230763912200928,261.0204772949219,-0.6295007467269897,0.6581842303276062,-0.07328224182128906,1.0,0.0,12.250696182250977,0.26522278785705566
14.27170467376709,-0.7107346653938293,0.5574150681495667,-0.004524582531303167,-0.010419435799121857,0.8228335380554199,257.96673583984375,1.0493814945220947,260.8437194824219,-0.6604378819465637,0.5669211149215698,-0.10144567489624023,1.0,0.0,12.250696182250977,0.2265479564666748
14.272205352783203,-0.7778217792510986,0.461425244808197,-0.006135910749435425,0.02214108780026436,0.951819896697998,257.96673583984375,1.1757066249847412,260.6717529296875,-0.7248245477676392,0.45899441838264465,-0.08290815353393555,1.0,0.0,12.250696182250977,0.22388672828674316
14.272705078125,-0.8244910836219788,0.3603832423686981,-0.015803879126906395,0.010977479629218578,1.0804591178894043,257.7087707519531,1.3021419048309326,260.5077819824219,-0.7564743757247925,0.40653175115585327,-0.13824081420898438,1.0,0.0,12.250696182250977,0.22168278694152832
14.273204803466797,-0.8653269410133362,0.2559733986854553,-0.019026534631848335,0.0053956760093569756,1.2093119621276855,257.7087707519531,1.4269087314605713,260.2770080566406,-0.8096138834953308,0.3464716970920563,-0.17447948455810547,1.0,0.0,12.250696182250977,0.21759676933288574
14.273703575134277,-0.8925507068634033,0.13472270965576172,-0.015803879126906395,0.010977479629218578,1.33790922164917,257.7087707519531,1.5510876178741455,260.0267028808594,-0.8220111727714539,0.19442905485630035,-0.12643671035766602,1.0,0.0,12.250696182250977,0.21317839622497559
14.27420425415039,-0.9061627984046936,0.02357645332813263,-0.022249191999435425,-0.009489134885370731,1.466763973236084,257.7087707519531,1.6757185459136963,259.8003845214844,-0.8555089235305786,0.102488674223423,-0.13816213607788086,1.0,0.0,12.250696182250977,0.2089545726776123
14.274703979492188,-0.9003288149833679,-0.08756979554891586,-0.028694504871964455,-0.01693154126405716,1.5528063774108887,225.49517822265625,1.7993967533111572,259.5387878417969,-0.8264021277427673,0.003337586997076869,-0.1467723846435547,1.0,0.0,12.250696182250977,0.24659037590026855
14.275203704833984,-0.8769943118095398,-0.18187561631202698,-0.025471847504377365,-0.03553755581378937,1.6655573844909668,225.49517822265625,1.9227311611175537,259.2684020996094,-0.8303885459899902,-0.05807427689433098,-0.19654369354248047,1.0,0.0,12.250696182250977,0.2571737766265869
14.275704383850098,-0.8536598682403564,-0.28965386748313904,-0.031917158514261246,-0.013210336677730083,1.8214545249938965,257.96673583984375,2.0444495677948,258.93585205078125,-0.8275726437568665,-0.16355200111865997,-0.19306659698486328,1.0,0.0,12.250696182250977,0.22299504280090332
14.276204109191895,-0.8089346885681152,-0.3940640985965729,-0.017415206879377365,-0.032746654003858566,1.9504389762878418,257.96673583984375,2.166857957839966,258.63922119140625,-0.7737094163894653,-0.27293241024017334,-0.17146778106689453,1.0,0.0,12.250696182250977,0.21641898155212402
14.276703834533691,-0.7564317584037781,-0.4984739422798157,-0.031917158514261246,-0.01693153940141201,2.0790820121765137,257.7087707519531,2.2896568775177,258.36529541015625,-0.7456730008125305,-0.40255799889564514,-0.13832473754882812,1.0,0.0,12.250696182250977,0.21057486534118652
14.277203559875488,-0.6874002814292908,-0.5910959243774414,-0.019026534631848335,-0.02065274305641651,2.207932949066162,257.7087707519531,2.412170648574829,258.0851135253906,-0.6893223524093628,-0.488376647233963,-0.13956117630004883,1.0,0.0,12.250696182250977,0.204237699508667
14.277704238891602,-0.604756772518158,-0.6736137270927429,-0.031917158514261246,-0.02065274305641651,2.322507381439209,246.97091674804688,2.5348784923553467,257.81890869140625,-0.5973680019378662,-0.5630398392677307,-0.12286376953125,1.0,0.0,12.250696182250977,0.2123711109161377
14.278203964233398,-0.51725172996521,-0.744343101978302,-0.031917158514261246,-0.031816352158784866,2.445991039276123,246.97091674804688,2.658351182937622,257.5902099609375,-0.5350219011306763,-0.6168147325515747,-0.1460433006286621,1.0,0.0,12.250696182250977,0.21236014366149902
14.278702735900879,-0.4209960997104645,-0.7999160289764404,-0.023860519751906395,-0.014140638522803783,2.5549635887145996,236.23304748535156,2.7821733951568604,257.3813171386719,-0.41953086853027344,-0.6718589663505554,-0.11348438262939453,1.0,0.0,12.250696182250977,0.22720980644226074
14.279203414916992,-0.31987935304641724,-0.8437011241912842,-0.006135910749435425,-0.015070939436554909,2.6730761528015137,236.23304748535156,2.9065282344818115,257.1991271972656,-0.31878790259361267,-0.7190070152282715,-0.09696817398071289,1.0,0.0,12.250696182250977,0.23345208168029785
14.279703140258789,-0.2187625765800476,-0.8773818016052246,-0.004524582531303167,-0.047631461173295975,2.805793285369873,247.21812438964844,3.03033709526062,256.9979248046875,-0.25031599402427673,-0.7997315526008606,-0.10689735412597656,1.0,0.0,12.250696182250977,0.22454380989074707
14.280202865600586,-0.10597831755876541,-0.900958240032196,-0.025471847504377365,-0.029955750331282616,2.9294047355651855,247.21812438964844,-3.128075361251831,256.8416442871094,-0.130081444978714,-0.8381747603416443,-0.08224606513977051,1.0,0.0,12.250696182250977,0.22570562362670898
14.280702590942383,0.012639489956200123,-0.9076944589614868,-0.031917158514261246,-0.031816352158784866,3.0812430381774902,268.4466247558594,-3.0032968521118164,256.6885681152344,-0.011443175375461578,-0.8489329218864441,-0.06652092933654785,1.0,0.0,12.250696182250977,0.19864559173583984
14.281203269958496,0.13709110021591187,-0.894221842288971,-0.017415206879377365,-0.010419435799121857,3.2154688835144043,268.4466247558594,-2.877638339996338,256.5758361816406,0.11031535267829895,-0.7838895320892334,-0.03881239891052246,1.0,0.0,12.250696182250977,0.1900782585144043
14.281702995300293,0.24598605930805206,-0.8740136027336121,-0.0029132545460015535,-0.02251334674656391,3.335752010345459,257.96673583984375,-2.752685308456421,256.4354553222656,0.15671107172966003,-0.8528590798377991,-0.12225008010864258,1.0,0.0,12.250696182250977,0.1947484016418457
14.28220272064209,0.3607145845890045,-0.8369649052619934,-0.00935856718569994,-0.015070940367877483,3.4647345542907715,257.96673583984375,-2.627535820007324,256.3067626953125,0.28832298517227173,-0.8081549406051636,-0.08632254600524902,1.0,0.0,12.250696182250977,0.19091510772705078
14.28270149230957,0.4686376750469208,-0.7813920378684998,0.005143385846167803,-0.030886052176356316,3.549973964691162,225.26991271972656,-2.5014708042144775,256.218994140625,0.38650742173194885,-0.7227011919021606,-0.06390762329101562,1.0,0.0,12.250696182250977,0.23174047470092773
14.283202171325684,0.5629488825798035,-0.7325546741485596,-0.001301926327869296,0.015628984197974205,3.6626105308532715,225.26991271972656,-2.3763070106506348,256.0953369140625,0.5373632311820984,-0.704314649105072,-0.02832627296447754,1.0,0.0,12.250696182250977,0.24426794052124023
14.28370189666748,0.6397584676742554,-0.6534048318862915,0.0003094017447438091,-0.029955752193927765,3.804412364959717,247.21812438964844,-2.2515459060668945,255.95736694335938,0.5467730760574341,-0.6317899227142334,-0.09175539016723633,1.0,0.0,12.250696182250977,0.22722721099853516
14.284201622009277,0.718513011932373,-0.5776234865188599,0.00836604181677103,0.02493198961019516,3.9280238151550293,247.21812438964844,-2.126391887664795,255.8385467529297,0.6680567264556885,-0.574292004108429,-0.06951355934143066,1.0,0.0,12.250696182250977,0.22876977920532227
14.28470230102539,0.7856002449989319,-0.4816336929798126,0.005143385846167803,-0.023443644866347313,4.0798659324646,268.4466247558594,-2.003525733947754,255.62632751464844,0.7313055992126465,-0.5232280492782593,-0.10355973243713379,1.0,0.0,12.250696182250977,0.19979381561279297
14.285202026367188,0.8468537926673889,-0.3755394518375397,0.016422683373093605,0.007256277836859226,4.214091777801514,268.4466247558594,-1.87873375415802,255.49951171875,0.8131853342056274,-0.40396589040756226,-0.06827235221862793,1.0,0.0,12.250696182250977,0.19036006927490234
14.285701751708984,0.8944950103759766,-0.25934121012687683,0.01320002693682909,0.018419886007905006,4.334031581878662,257.7087707519531,-1.7552233934402466,255.32142639160156,0.8593627214431763,-0.2742920219898224,-0.039621591567993164,1.0,0.0,12.250696182250977,0.19393062591552734
14.286202430725098,0.9188022017478943,-0.1431429386138916,0.026090651750564575,-0.00018612784333527088,4.4628825187683105,257.7087707519531,-1.6327606439590454,255.10302734375,0.8485652804374695,-0.21644343435764313,-0.10320806503295898,1.0,0.0,12.250696182250977,0.18754243850708008
14.286701202392578,0.9236636161804199,-0.03368067741394043,0.040592603385448456,0.02307138778269291,4.548669338226318,225.49517822265625,-1.5104432106018066,254.88299560546875,0.8457403182983398,-0.12152355164289474,-0.11863088607788086,1.0,0.0,12.250696182250977,0.22407293319702148
14.287200927734375,0.9226911664009094,0.06904535740613937,0.024479323998093605,0.017489584162831306,4.661418437957764,225.49517822265625,-1.3893318176269531,254.61695861816406,0.8481487035751343,-0.04850778728723526,-0.15439867973327637,1.0,0.0,12.250696182250977,0.2324352264404297
14.287700653076172,0.9139407277107239,0.17850761115550995,0.026090651750564575,0.010977480560541153,4.816976070404053,257.7087707519531,-1.2683357000350952,254.35162353515625,0.8839317560195923,0.07944326847791672,-0.12861084938049316,1.0,0.0,12.250696182250977,0.19787359237670898
14.288201332092285,0.8808834552764893,0.28965386748313904,0.021256666630506516,0.008186577819287777,4.945830821990967,257.7087707519531,-1.1476011276245117,254.0808868408203,0.8389475345611572,0.15833263099193573,-0.15263628959655762,1.0,0.0,12.250696182250977,0.18975353240966797
14.288701057434082,0.8322691917419434,0.39406388998031616,0.022867994382977486,0.02958349511027336,5.0604166984558105,246.97091674804688,-1.0269403457641602,253.8127899169922,0.7878330945968628,0.25410303473472595,-0.14790034294128418,1.0,0.0,12.250696182250977,0.19582843780517578
14.289200782775879,0.7778217792510986,0.49510613083839417,0.009977370500564575,0.02400168962776661,5.183900356292725,246.97091674804688,-0.9061317443847656,253.5566864013672,0.7453947067260742,0.3663194179534912,-0.12391471862792969,1.0,0.0,12.250696182250977,0.19315338134765625
14.289700508117676,0.718513011932373,0.5776234865188599,0.024479323998093605,0.030513795092701912,5.278846263885498,225.49517822265625,-0.785757303237915,253.28750610351562,0.7198898792266846,0.4372536838054657,-0.1554546356201172,1.0,0.0,12.250696182250977,0.2185816764831543
14.290201187133789,0.6407309770584106,0.6584575772285461,0.00836604181677103,0.02865319326519966,5.391595363616943,225.49517822265625,-0.6640751361846924,253.0791015625,0.5969903469085693,0.5341967940330505,-0.09283566474914551,1.0,0.0,12.250696182250977,0.22751474380493164
14.29069995880127,0.5561428666114807,0.724134624004364,0.024479323998093605,0.030513795092701912,5.547236919403076,257.96673583984375,-0.5418014526367188,252.89988708496094,0.574112594127655,0.5958616137504578,-0.14133048057556152,1.0,0.0,12.250696182250977,0.19414710998535156
14.291199684143066,0.45988723635673523,0.7898120284080505,0.021256666630506516,0.02121078595519066,5.676217555999756,257.96673583984375,-0.42063331604003906,252.677978515625,0.484955757856369,0.67433100938797,-0.11914205551147461,1.0,0.0,12.250696182250977,0.18633460998535156
14.29170036315918,0.35488152503967285,0.8403328657150269,0.024479323998093605,0.02307138964533806,5.804858684539795,257.7087707519531,-0.29831719398498535,252.50909423828125,0.3660862147808075,0.7132124900817871,-0.09215259552001953,1.0,0.0,12.250696182250977,0.1800093650817871
14.292200088500977,0.2459859400987625,0.8841180205345154,0.019645338878035545,0.05377131327986717,5.933713436126709,257.7087707519531,-0.1751561164855957,252.379150390625,0.28758084774017334,0.8486181497573853,-0.06776595115661621,1.0,0.0,12.250696182250977,0.1743159294128418
14.292699813842773,0.12153482437133789,0.9076944589614868,0.024479323998093605,0.030513795092701912,6.062911510467529,257.96673583984375,-0.051340341567993164,252.2797393798828,0.120277039706707,0.8054265379905701,-0.012887716293334961,1.0,0.0,12.250696182250977,0.16893339157104492
14.29319953918457,0.004861295688897371,0.9144304990768433,0.01320002693682909,0.07237732410430908,6.191897869110107,257.96673583984375,0.07223820686340332,252.17202758789062,0.054657094180583954,0.8748177886009216,-0.05081987380981445,1.0,0.0,12.250696182250977,0.16352605819702148
14.293700218200684,-0.10208915919065475,0.9076944589614868,0.005143385846167803,0.02865319326519966,6.2634100914001465,214.75732421875,0.19640588760375977,252.0915985107422,-0.05028524249792099,0.8302103877067566,-0.05212759971618652,1.0,0.0,12.250696182250977,0.21618127822875977
14.29419994354248,-0.21098412573337555,0.8841180205345154,0.00675471406430006,0.014698682352900505,0.08760452270507812,214.75732421875,0.3207082748413086,252.018310546875,-0.1583271324634552,0.7552550435066223,-0.030216455459594727,1.0,0.0,12.250696182250977,0.23310375213623047
14.294698715209961,-0.3140455484390259,0.860541582107544,0.00675471406430006,0.010977480560541153,0.2521934509277344,257.96673583984375,0.4448559284210205,251.94017028808594,-0.27618223428726196,0.7945511341094971,-0.026484966278076172,1.0,0.0,12.250696182250977,0.19266247749328613
14.295199394226074,-0.41321781277656555,0.8167564868927002,0.005143385846167803,0.037956200540065765,0.3811798095703125,257.96673583984375,0.5697832107543945,251.8961639404297,-0.3398749828338623,0.8375561237335205,-0.10077762603759766,1.0,0.0,12.250696182250977,0.18860340118408203
14.295699119567871,-0.5260021686553955,0.7493953108787537,-0.00935856718569994,0.02958349511027336,0.5237388610839844,268.1784362792969,0.6950283050537109,251.86679077148438,-0.4766404330730438,0.7190840840339661,-0.02585887908935547,1.0,0.0,12.250696182250977,0.17128944396972656
14.296198844909668,-0.6212852597236633,0.6786659359931946,0.00836604181677103,0.02679259143769741,0.6578311920166016,268.1784362792969,0.8193681240081787,251.7998046875,-0.5557227730751038,0.6925466060638428,-0.05948972702026367,1.0,0.0,12.250696182250977,0.16153693199157715
14.296698570251465,-0.7087903022766113,0.5944637060165405,0.021256666630506516,0.02307138778269291,0.7637348175048828,246.97091674804688,0.9433515071868896,251.71923828125,-0.6453526616096497,0.6054726839065552,-0.04238128662109375,1.0,0.0,12.250696182250977,0.17961668968200684
14.297199249267578,-0.7807388305664062,0.5035261511802673,-0.004524582531303167,0.021210789680480957,0.8872184753417969,246.97091674804688,1.068178415298462,251.67567443847656,-0.7190082669258118,0.5470515489578247,-0.06419181823730469,1.0,0.0,12.250696182250977,0.18095993995666504
14.297698974609375,-0.8439367413520813,0.4075361490249634,-0.01258122269064188,0.012838081456720829,0.9824638366699219,225.72088623046875,1.1921789646148682,251.5985565185547,-0.8191569447517395,0.43133488297462463,-0.022307395935058594,1.0,0.0,12.250696182250977,0.2097151279449463
14.298198699951172,-0.88963383436203,0.30144208669662476,-0.015803879126906395,0.022141089662909508,1.0953235626220703,225.72088623046875,1.3165256977081299,251.53773498535156,-0.8570647239685059,0.2859695851802826,0.016108989715576172,1.0,0.0,12.250696182250977,0.22120213508605957
14.298699378967285,-0.9139406681060791,0.2054520696401596,-0.023860519751906395,-0.00855883490294218,1.250732421875,257.7087707519531,1.4390041828155518,251.3991241455078,-0.8894655108451843,0.30925998091697693,-0.11955451965332031,1.0,0.0,12.250696182250977,0.18827176094055176
14.299199104309082,-0.9372755885124207,0.08420179784297943,-0.004524582531303167,0.0007441723719239235,1.3795833587646484,257.7087707519531,1.5615808963775635,251.26788330078125,-0.9204069375991821,0.14741109311580658,-0.06614398956298828,1.0,0.0,12.250696182250977,0.18199753761291504
14.299697875976562,-0.9431092143058777,-0.0404168963432312,-0.01258122269064188,0.001674473169259727,1.5081768035888672,257.7087707519531,1.6844933032989502,251.15353393554688,-0.905276894569397,0.01841491460800171,-0.05055856704711914,1.0,0.0,12.250696182250977,0.176316499710083
14.30019760131836,-0.9197744727134705,-0.15493115782737732,-0.027083175256848335,-0.00669823307543993,1.6370315551757812,257.7087707519531,1.807013750076294,251.02505493164062,-0.858160138130188,-0.03420988470315933,-0.11320161819458008,1.0,0.0,12.250696182250977,0.1699821949005127
14.300698280334473,-0.8944952487945557,-0.27281343936920166,-0.020637864246964455,-0.012280037626624107,1.7658863067626953,257.7087707519531,1.9290673732757568,250.8798828125,-0.8535160422325134,-0.1764167994260788,-0.07114696502685547,1.0,0.0,12.250696182250977,0.16318106651306152
14.30119800567627,-0.858521044254303,-0.3890118896961212,-0.027083175256848335,-0.027164846658706665,1.8947410583496094,257.7087707519531,2.051213502883911,250.74143981933594,-0.8562168478965759,-0.2850707173347473,-0.07578372955322266,1.0,0.0,12.250696182250977,0.15647244453430176
14.301697731018066,-0.8079624176025391,-0.4900539517402649,-0.025471847504377365,-0.005767932627350092,1.9810848236083984,225.72088623046875,2.172765016555786,250.58090209960938,-0.8053609728813171,-0.3801812529563904,-0.07774591445922852,1.0,0.0,12.250696182250977,0.1916801929473877
14.30219841003418,-0.744764506816864,-0.579307496547699,-0.020637864246964455,-0.014140639454126358,2.093944549560547,225.72088623046875,2.2952401638031006,250.46273803710938,-0.7248383164405823,-0.48115453124046326,-0.05519390106201172,1.0,0.0,12.250696182250977,0.2012956142425537
14.302698135375977,-0.6708714962005615,-0.6668775081634521,-0.014192551374435425,-0.030886052176356316,2.2493534088134766,257.7087707519531,2.41790509223938,250.3548126220703,-0.6580858826637268,-0.5633493661880493,-0.05592823028564453,1.0,0.0,12.250696182250977,0.16855168342590332
14.303197860717773,-0.5746158957481384,-0.7460269331932068,-0.031917158514261246,-0.029955750331282616,2.378204345703125,257.7087707519531,2.5413906574249268,250.28367614746094,-0.5712382793426514,-0.6177429556846619,-0.06296730041503906,1.0,0.0,12.250696182250977,0.16318631172180176
14.303696632385254,-0.4803050458431244,-0.8150722980499268,0.0003094017447438091,-0.01879214122891426,2.506803512573242,257.7087707519531,2.6651713848114014,250.22662353515625,-0.4872383177280426,-0.7292532324790955,-0.029338836669921875,1.0,0.0,12.250696182250977,0.15836787223815918
14.304197311401367,-0.3626594841480255,-0.8672776222229004,-0.028694504871964455,-0.026234548538923264,2.6356582641601562,257.7087707519531,2.7887299060821533,250.1614990234375,-0.3626406192779541,-0.7571699023246765,-0.0104827880859375,1.0,0.0,12.250696182250977,0.15307164192199707
14.304697036743164,-0.24987511336803436,-0.9110622406005859,-0.035139817744493484,-0.04297995939850807,2.7219982147216797,225.72088623046875,2.9135305881500244,250.149658203125,-0.25416138768196106,-0.8331518769264221,0.015388011932373047,1.0,0.0,12.250696182250977,0.19153237342834473
14.305196762084961,-0.15070296823978424,-0.9279027581214905,-0.025471847504377365,-0.050422362983226776,2.834859848022461,225.72088623046875,3.03845477104187,250.14328002929688,-0.19329261779785156,-0.873760461807251,-0.03135395050048828,1.0,0.0,12.250696182250977,0.20359492301940918
14.305696487426758,-0.02625136263668537,-0.9413747191429138,-0.033528488129377365,-0.04204966127872467,2.990262985229492,257.7087707519531,-3.1195449829101562,250.14810180664062,-0.03272772952914238,-0.8609312176704407,0.023407936096191406,1.0,0.0,12.250696182250977,0.17337751388549805
14.306197166442871,0.09625548124313354,-0.931270956993103,-0.022249191999435425,-0.011349736712872982,3.1191177368164062,257.7087707519531,-2.992694616317749,250.22271728515625,0.08343418687582016,-0.8152974247932434,0.03661489486694336,1.0,0.0,12.250696182250977,0.1713728904724121
14.306696891784668,0.2187620848417282,-0.9144304990768433,-0.049641769379377365,-0.030886052176356316,3.2622528076171875,268.4466247558594,-2.8666036128997803,250.2637481689453,0.17819033563137054,-0.8756125569343567,0.00920414924621582,1.0,0.0,12.250696182250977,0.1543288230895996
14.307196617126465,0.34321367740631104,-0.8773818016052246,-0.015803879126906395,-0.015070940367877483,3.3964767456054688,268.4466247558594,-2.7400193214416504,250.32479858398438,0.3174179792404175,-0.7685877084732056,0.07380127906799316,1.0,0.0,12.250696182250977,0.14668941497802734
14.307696342468262,0.454053670167923,-0.8234924674034119,-0.004524582531303167,-0.01972244307398796,3.516162872314453,257.7087707519531,-2.6123569011688232,250.42971801757812,0.3943082094192505,-0.776994526386261,0.023924827575683594,1.0,0.0,12.250696182250977,0.15466547012329102
14.308196067810059,0.5619762539863586,-0.7611835598945618,-0.004524582531303167,-0.027164846658706665,3.645017623901367,257.7087707519531,-2.486481189727783,250.45748901367188,0.4989434480667114,-0.7528886795043945,0.01365804672241211,1.0,0.0,12.250696182250977,0.1516866683959961
14.308695793151855,0.6582317352294922,-0.6887699365615845,-0.001301926327869296,-0.023443644866347313,3.745328903198242,236.23304748535156,-2.3600881099700928,250.50653076171875,0.6121730804443359,-0.6711737513542175,0.04159903526306152,1.0,0.0,12.250696182250977,0.17776823043823242
14.309195518493652,0.7379584312438965,-0.6045680046081543,-0.004524582531303167,-0.021583043038845062,3.863445281982422,236.23304748535156,-2.232678174972534,250.5970916748047,0.6842588782310486,-0.5982265472412109,0.02708268165588379,1.0,0.0,12.250696182250977,0.18706178665161133
14.309696197509766,0.8147684931755066,-0.5119461417198181,-0.015803879126906395,-0.005767932627350092,4.010103225708008,257.7087707519531,-2.1056642532348633,250.66915893554688,0.7855958342552185,-0.5217103958129883,0.03231048583984375,1.0,0.0,12.250696182250977,0.1674180030822754
14.310195922851562,0.8711604475975037,-0.4075363576412201,-0.0029132545460015535,-0.02065274305641651,4.138957977294922,257.7087707519531,-1.9795109033584595,250.70358276367188,0.8367270827293396,-0.46991613507270813,-0.019542932510375977,1.0,0.0,12.250696182250977,0.1647167205810547
14.31069564819336,0.9207465052604675,-0.2879698574542999,0.009977370500564575,-0.007628533989191055,4.282081604003906,268.4466247558594,-1.8545958995819092,250.6852264404297,0.868988037109375,-0.3527236878871918,-0.018327951431274414,1.0,0.0,12.250696182250977,0.14650774002075195
14.311196327209473,0.9586654305458069,-0.1616673767566681,0.016422683373093605,-0.011349736712872982,4.4163055419921875,268.4466247558594,-1.728654384613037,250.71038818359375,0.9431279301643372,-0.2207033932209015,0.011572122573852539,1.0,0.0,12.250696182250977,0.13822555541992188
14.311695098876953,0.9722773432731628,-0.030312461778521538,0.030924635007977486,-0.010419435799121857,4.536344528198242,257.96673583984375,-1.6021076440811157,250.7605743408203,0.9187069535255432,-0.08212684839963913,0.025820493698120117,1.0,0.0,12.250696182250977,0.14473342895507812
14.31219482421875,0.9693605303764343,0.09599002450704575,0.011588698253035545,-0.014140639454126358,4.665327072143555,257.96673583984375,-1.4751451015472412,250.8270721435547,0.9335048794746399,0.013578314334154129,0.0024836063385009766,1.0,0.0,12.250696182250977,0.14271306991577148
14.312694549560547,0.9547762870788574,0.2155562937259674,0.018034011125564575,0.015628984197974205,4.765424728393555,236.23304748535156,-1.349941372871399,250.81822204589844,0.920196533203125,0.14206118881702423,0.0159609317779541,1.0,0.0,12.250696182250977,0.16781949996948242
14.31319522857666,0.9246361255645752,0.3283865451812744,0.00675471406430006,-0.01507093757390976,4.883541107177734,236.23304748535156,-1.224647045135498,250.81341552734375,0.8954256772994995,0.22698476910591125,-0.014369726181030273,1.0,0.0,12.250696182250977,0.17499732971191406
14.313694953918457,0.874077558517456,0.44290101528167725,0.021256666630506516,0.02493199147284031,5.044469833374023,268.4466247558594,-1.0991308689117432,250.8179473876953,0.8627399802207947,0.36481425166130066,0.012014627456665039,1.0,0.0,12.250696182250977,0.13958501815795898
14.314194679260254,0.806018054485321,0.5540470480918884,0.038981277495622635,0.014698684215545654,5.178693771362305,268.4466247558594,-0.9740231037139893,250.8052978515625,0.8066661953926086,0.4394788146018982,-0.014411687850952148,1.0,0.0,12.250696182250977,0.13046884536743164
14.314695358276367,0.7262914776802063,0.6517211198806763,0.016422683373093605,0.016559286043047905,5.298990249633789,257.96673583984375,-0.8493900299072266,250.7728729248047,0.7059265375137329,0.51082843542099,-0.01148366928100586,1.0,0.0,12.250696182250977,0.13480520248413086
14.315195083618164,0.6426754593849182,0.7493953108787537,0.027701979503035545,0.032374393194913864,5.427972793579102,257.96673583984375,-0.7231454849243164,250.8090057373047,0.6473538875579834,0.6883524060249329,0.05222439765930176,1.0,0.0,12.250696182250977,0.13206720352172852
14.315693855285645,0.5230851769447327,0.8218086957931519,0.07281916588544846,0.037956200540065765,5.584896087646484,279.18450927734375,-0.5962846279144287,250.8702392578125,0.52297443151474,0.6736267805099487,0.019804954528808594,1.0,0.0,12.250696182250977,0.1020045280456543
14.316193580627441,0.4132179319858551,0.8841180205345154,0.024479323998093605,0.036095600575208664,5.724489212036133,279.18450927734375,-0.4690515995025635,250.9456329345703,0.47212448716163635,0.7521685361862183,-0.007889032363891602,1.0,0.0,12.250696182250977,0.0896449089050293
14.316694259643555,0.2848772704601288,0.9380069375038147,0.053483229130506516,0.05470161512494087,5.806999206542969,236.23304748535156,-0.34091687202453613,251.05784606933594,0.30000603199005127,0.8418635129928589,0.08259034156799316,1.0,0.0,12.250696182250977,0.1352696418762207
14.317193984985352,0.17403744161128998,0.9716876149177551,0.026090651750564575,0.061213716864585876,5.925115585327148,236.23304748535156,-0.21128416061401367,251.2302703857422,0.20413166284561157,0.9436690807342529,0.08230829238891602,1.0,0.0,12.250696182250977,0.14678573608398438
14.317693710327148,0.030140886083245277,0.981791615486145,0.032535962760448456,0.06493491679430008,6.100685119628906,279.4639587402344,-0.08099555969238281,251.42703247070312,0.012597464956343174,0.8561793565750122,0.15069317817687988,1.0,0.0,12.250696182250977,0.10150480270385742
14.318194389343262,-0.10792259126901627,0.9750555753707886,0.016422683373093605,0.05005010589957237,6.24041748046875,279.4639587402344,0.04953265190124512,251.62948608398438,-0.09603485465049744,0.8489494323730469,0.14757490158081055,1.0,0.0,12.250696182250977,0.0923008918762207
14.318694114685059,-0.23626334965229034,0.9548473954200745,0.009977370500564575,0.04818950966000557,0.08231019973754883,268.4466247558594,0.17965245246887207,251.81039428710938,-0.1800924837589264,0.8719965815544128,0.10837388038635254,1.0,0.0,12.250696182250977,0.09734225273132324
14.319193840026855,-0.36849328875541687,0.9144304990768433,0.01320002693682909,0.04632890969514847,0.21653413772583008,268.4466247558594,0.31069421768188477,252.02633666992188,-0.31743475794792175,0.8217783570289612,0.1425025463104248,1.0,0.0,12.250696182250977,0.09416007995605469
14.319693565368652,-0.48127731680870056,0.860541582107544,0.00675471406430006,0.04074709862470627,0.3082280158996582,236.4695281982422,0.44232845306396484,252.26266479492188,-0.4194280207157135,0.7947804927825928,0.12784767150878906,1.0,0.0,12.250696182250977,0.13410043716430664
14.320194244384766,-0.5872557163238525,0.7982322573661804,0.026090651750564575,0.06307432055473328,0.42646265029907227,236.4695281982422,0.5741770267486572,252.5028076171875,-0.5051538944244385,0.7622276544570923,0.09563589096069336,1.0,0.0,12.250696182250977,0.14771437644958496
14.320693016052246,-0.6893448829650879,0.7157144546508789,0.027701979503035545,0.034234996885061264,0.5866360664367676,268.1784362792969,0.7057459354400635,252.72618103027344,-0.6495116353034973,0.6644527912139893,0.15313458442687988,1.0,0.0,12.250696182250977,0.1191098690032959
14.321192741394043,-0.7826833724975586,0.6146724224090576,-0.001301926327869296,0.037956200540065765,0.7207226753234863,268.1784362792969,0.8386332988739014,253.00038146972656,-0.7270663380622864,0.5448092818260193,0.17412567138671875,1.0,0.0,12.250696182250977,0.11791062355041504
14.321693420410156,-0.8458814024925232,0.5119465589523315,-0.019026534631848335,-0.009489134885370731,0.869438648223877,279.18450927734375,0.969719648361206,253.19290161132812,-0.7641364932060242,0.5395773649215698,0.07091522216796875,1.0,0.0,12.250696182250977,0.1002810001373291
14.322193145751953,-0.9158854484558105,0.39069610834121704,-0.001301926327869296,0.021210789680480957,1.0090317726135254,279.18450927734375,1.1001002788543701,253.35206604003906,-0.870039701461792,0.4539923071861267,0.07448863983154297,1.0,0.0,12.250696182250977,0.09106850624084473
14.32269287109375,-0.9625548720359802,0.2559729814529419,-0.015803879126906395,0.016559284180402756,1.1489968299865723,279.4639587402344,1.2305724620819092,253.51173400878906,-0.9048704504966736,0.2945125699043274,0.11049842834472656,1.0,0.0,12.250696182250977,0.08157563209533691
14.323192596435547,-0.9858892560005188,0.1212506890296936,-0.049641769379377365,-0.01786184124648571,1.2887272834777832,279.4639587402344,1.3609697818756104,253.6645050048828,-0.8959746360778809,0.21649467945098877,0.05750608444213867,1.0,0.0,12.250696182250977,0.07224249839782715
14.32369327545166,-0.9985290169715881,-0.005052217748016119,-0.020637864246964455,-0.010419436730444431,1.370964527130127,236.23304748535156,1.4905226230621338,253.77890014648438,-0.9378993511199951,0.09098338335752487,0.06841802597045898,1.0,0.0,12.250696182250977,0.11955809593200684
14.324193000793457,-0.9926952719688416,-0.1229344829916954,-0.030305832624435425,-0.014140638522803783,1.4890809059143066,236.23304748535156,1.619474172592163,253.86544799804688,-0.9416071176528931,-0.001084810239262879,0.03722190856933594,1.0,0.0,12.250696182250977,0.13039326667785645
14.324691772460938,-0.9606100916862488,-0.25260496139526367,-0.027083175256848335,-0.025304246693849564,1.6640419960021973,279.18450927734375,1.7484123706817627,253.9498748779297,-0.8901488184928894,-0.13581199944019318,0.058653831481933594,1.0,0.0,12.250696182250977,0.08437037467956543
14.325191497802734,-0.9188023209571838,-0.3789074420928955,-0.031917158514261246,-0.01693153940141201,1.803633213043213,279.18450927734375,1.8776957988739014,254.04696655273438,-0.8697906136512756,-0.22613628208637238,0.032245635986328125,1.0,0.0,12.250696182250977,0.07406258583068848
14.325692176818848,-0.8565763831138611,-0.5001579523086548,-0.020637864246964455,-0.03460725396871567,1.9289555549621582,268.4466247558594,2.0071966648101807,254.15118408203125,-0.821575939655304,-0.3651293218135834,0.06677436828613281,1.0,0.0,12.250696182250977,0.07824110984802246
14.326191902160645,-0.7885169982910156,-0.6113046407699585,-0.020637864246964455,-0.012280037626624107,2.0631794929504395,268.4466247558594,2.1370270252227783,254.26695251464844,-0.774807870388031,-0.4819507598876953,0.07526779174804688,1.0,0.0,12.250696182250977,0.07384753227233887
14.326691627502441,-0.6951783299446106,-0.7123461961746216,-0.022249191999435425,-0.01693154126405716,2.2263283729553223,290.21258544921875,2.2675535678863525,254.40948486328125,-0.7025538682937622,-0.5665443539619446,0.06693172454833984,1.0,0.0,12.250696182250977,0.04122519493103027
14.327192306518555,-0.5804497599601746,-0.8100205063819885,-0.035139817744493484,-0.03739815950393677,2.3714356422424316,290.21258544921875,2.39878249168396,254.5788116455078,-0.5728793144226074,-0.6778014302253723,0.1264662742614746,1.0,0.0,12.250696182250977,0.02734684944152832
14.327692031860352,-0.4696100652217865,-0.8773818016052246,-0.027083175256848335,-0.06623747944831848,2.4447503089904785,236.23304748535156,2.531634569168091,254.81256103515625,-0.4854101836681366,-0.7556238174438477,0.1243734359741211,1.0,0.0,12.250696182250977,0.0868842601776123
14.328191757202148,-0.35488152503967285,-0.9245347380638123,-0.025471847504377365,-0.028095148503780365,2.562866687774658,236.23304748535156,2.6643307209014893,255.034912109375,-0.3923564851284027,-0.7775964736938477,0.09533977508544922,1.0,0.0,12.250696182250977,0.10146403312683105
14.328690528869629,-0.22848540544509888,-0.9716876149177551,-0.031917158514261246,-0.028095146641135216,2.7381997108459473,279.4639587402344,2.7977917194366455,255.28466796875,-0.25119370222091675,-0.867032527923584,0.14748620986938477,1.0,0.0,12.250696182250977,0.05959200859069824
14.329191207885742,-0.08847741037607193,-0.9918959140777588,-0.015803879126906395,-0.028095146641135216,2.8779311180114746,279.4639587402344,2.9320781230926514,255.56405639648438,-0.07113460451364517,-0.8643302917480469,0.21344947814941406,1.0,0.0,12.250696182250977,0.05414700508117676
14.329690933227539,0.045697033405303955,-0.9918959140777588,0.0003094017447438091,0.0016744730528444052,3.0172934532165527,279.18450927734375,3.066709280014038,255.8517608642578,-0.003127147676423192,-0.885595977306366,0.15726280212402344,1.0,0.0,12.250696182250977,0.04941582679748535
14.330190658569336,0.1818157434463501,-0.9784238338470459,-0.025471847504377365,-0.029955750331282616,3.156883716583252,279.18450927734375,-3.081792116165161,256.1357116699219,0.10806632041931152,-0.9106698036193848,0.14426517486572266,1.0,0.0,12.250696182250977,0.0445094108581543
14.33069133758545,0.31404590606689453,-0.9413747191429138,-0.01096989493817091,-0.023443644866347313,3.2964768409729004,279.18450927734375,-2.946352005004883,256.44537353515625,0.21838273108005524,-0.9107603430747986,0.12607502937316895,1.0,0.0,12.250696182250977,0.04035663604736328
14.331191062927246,0.43460798263549805,-0.8874858021736145,-0.01096989493817091,-0.05693446844816208,3.436068058013916,279.18450927734375,-2.811249017715454,256.7344055175781,0.2784620523452759,-0.8938292860984802,0.05745220184326172,1.0,0.0,12.250696182250977,0.035868167877197266
14.331690788269043,0.5629488825798035,-0.8268604874610901,-0.019026534631848335,-0.031816352158784866,3.5328173637390137,246.97091674804688,-2.6754722595214844,257.0460510253906,0.49696072936058044,-0.8086087107658386,0.1713237762451172,1.0,0.0,12.250696182250977,0.07489585876464844
14.33219051361084,0.6621209979057312,-0.7493951320648193,0.0019207298755645752,-0.01600124128162861,3.6563029289245605,246.97091674804688,-2.540487766265869,257.31732177734375,0.564461350440979,-0.7775364518165588,0.11304712295532227,1.0,0.0,12.250696182250977,0.0863947868347168
14.332690238952637,0.7642102837562561,-0.6534050703048706,-0.004524582531303167,-0.01972244307398796,3.8223519325256348,279.18450927734375,-2.4054253101348877,257.5865783691406,0.7035511136054993,-0.6587042212486267,0.16867637634277344,1.0,0.0,12.250696182250977,0.05540800094604492
14.333189964294434,0.8458812832832336,-0.5456268787384033,-0.00935856718569994,-0.02251334674656391,3.961944103240967,279.18450927734375,-2.269497871398926,257.8862609863281,0.7864518761634827,-0.5863807797431946,0.14455580711364746,1.0,0.0,12.250696182250977,0.051743507385253906
14.33368968963623,0.9139406681060791,-0.427744597196579,0.009977370500564575,-0.01693154126405716,4.101537227630615,279.18450927734375,-2.134603261947632,258.1361999511719,0.8572333455085754,-0.4979565143585205,0.12409186363220215,1.0,0.0,12.250696182250977,0.047045230865478516
14.334190368652344,0.9751942753791809,-0.294705867767334,-0.020637864246964455,-0.01972244307398796,4.241129398345947,279.18450927734375,-1.9997260570526123,258.3804016113281,0.9351319670677185,-0.32770875096321106,0.17870450019836426,1.0,0.0,12.250696182250977,0.042330265045166016
14.33469009399414,0.9907507300376892,-0.15998317301273346,0.038981277495622635,-0.003907329868525267,4.323639392852783,236.23304748535156,-1.8656086921691895,258.58721923828125,0.8886145353317261,-0.23351454734802246,0.12452244758605957,1.0,0.0,12.250696182250977,0.09393739700317383
14.335189819335938,0.9956119656562805,-0.050521120429039,0.030924635007977486,0.008186577819287777,4.441756725311279,236.23304748535156,-1.7321053743362427,258.7638854980469,0.9079663157463074,-0.19144338369369507,0.03989386558532715,1.0,0.0,12.250696182250977,0.10932350158691406
14.335689544677734,1.005334734916687,0.08083357661962509,0.016422683373093605,0.007256277836859226,4.617326259613037,279.4639587402344,-1.597961187362671,258.9642028808594,0.9774269461631775,-0.0043149287812411785,0.1094977855682373,1.0,0.0,12.250696182250977,0.06789827346801758
14.336190223693848,0.9829723834991455,0.2138722985982895,0.00836604181677103,-0.01600124128162861,4.7570576667785645,279.4639587402344,-1.4651532173156738,259.10400390625,0.9550134539604187,0.10365521907806396,0.08918070793151855,1.0,0.0,12.250696182250977,0.0609745979309082
14.336688995361328,0.9431094527244568,0.34354278445243835,0.032535962760448456,0.018419884145259857,4.881868839263916,268.4466247558594,-1.3316408395767212,259.27032470703125,0.9186095595359802,0.2423715889453888,0.10564517974853516,1.0,0.0,12.250696182250977,0.06967592239379883
14.337188720703125,0.8857445120811462,0.46310946345329285,0.016422683373093605,-0.005767931696027517,5.016092777252197,268.4466247558594,-1.1983661651611328,259.42327880859375,0.8742313981056213,0.3304268717765808,0.07569456100463867,1.0,0.0,12.250696182250977,0.0687265396118164
14.337689399719238,0.8137962818145752,0.5742552876472473,0.021256666630506516,0.02679259143769741,5.178856372833252,289.9223937988281,-1.0651376247406006,259.5708312988281,0.8363982439041138,0.42862367630004883,0.05463004112243652,1.0,0.0,12.250696182250977,0.03919172286987305
14.338189125061035,0.7185132503509521,0.6854017972946167,0.018034011125564575,0.017489584162831306,5.323817729949951,289.9223937988281,-0.9314792156219482,259.733642578125,0.7258116006851196,0.5253724455833435,0.07408666610717773,1.0,0.0,12.250696182250977,0.027888774871826172
14.338688850402832,0.6251742243766785,0.7864440083503723,0.030924635007977486,0.02121078595519066,5.411696910858154,246.97091674804688,-0.7972161769866943,259.9185485839844,0.6451155543327332,0.7122233510017395,0.14844655990600586,1.0,0.0,12.250696182250977,0.07427263259887695
14.339188575744629,0.5269743204116821,0.8487529158592224,0.024479323998093605,0.034234996885061264,5.535183429718018,246.97091674804688,-0.661668062210083,260.15325927734375,0.6079395413398743,0.7472379207611084,0.06565999984741211,1.0,0.0,12.250696182250977,0.0863337516784668
14.339689254760742,0.39960619807243347,0.9177982807159424,0.026090651750564575,0.018419886007905006,5.701850414276123,279.4639587402344,-0.5262410640716553,260.3783874511719,0.4137459397315979,0.8417569398880005,0.15681123733520508,1.0,0.0,12.250696182250977,0.055094242095947266
14.340188980102539,0.27515432238578796,0.9649515748023987,0.016422683373093605,0.038886502385139465,5.84158182144165,279.4639587402344,-0.3896360397338867,260.6479187011719,0.3319171071052551,0.9470784068107605,0.1399834156036377,1.0,0.0,12.250696182250977,0.051967620849609375
14.340688705444336,0.12347910553216934,0.9851598739624023,0.018034011125564575,0.036095600575208664,5.995225429534912,289.9223937988281,-0.2528195381164551,260.9209899902344,0.15020494163036346,0.880648136138916,0.17154216766357422,1.0,0.0,12.250696182250977,0.0351405143737793
14.34118938446045,-0.022362327203154564,0.9986320734024048,0.016422683373093605,0.04446830600500107,6.140186786651611,289.9223937988281,-0.11495780944824219,261.23199462890625,0.02918362244963646,0.963997483253479,0.17245960235595703,1.0,0.0,12.250696182250977,0.02804088592529297
14.34168815612793,-0.16820399463176727,0.9851598739624023,0.009977370500564575,0.04446830600500107,6.2709574699401855,279.4639587402344,0.02269768714904785,261.5279846191406,-0.12277242541313171,0.9046147465705872,0.20017647743225098,1.0,0.0,12.250696182250977,0.03492593765258789
14.342187881469727,-0.30821189284324646,0.9514791369438171,0.00675471406430006,0.033304695039987564,0.1275033950805664,279.4639587402344,0.1616361141204834,261.8715515136719,-0.25008514523506165,0.8692670464515686,0.20661711692810059,1.0,0.0,12.250696182250977,0.03413271903991699
14.342687606811523,-0.4346081018447876,0.9144304990768433,0.024479323998093605,0.02493199147284031,0.20973968505859375,236.23304748535156,0.3009488582611084,262.22381591796875,-0.40721580386161804,0.8366656303405762,0.24039292335510254,1.0,0.0,12.250696182250977,0.09120917320251465
14.343188285827637,-0.5512812733650208,0.8403328657150269,0.016422683373093605,0.05935311317443848,0.32785701751708984,236.23304748535156,0.441145658493042,262.60546875,-0.48515060544013977,0.7458995580673218,0.22396588325500488,1.0,0.0,12.250696182250977,0.11328864097595215
14.343688011169434,-0.6533704400062561,0.7645515203475952,-0.00935856718569994,0.04074709862470627,0.5173788070678711,289.9223937988281,0.5801739692687988,262.9299621582031,-0.6014466881752014,0.7249961495399475,0.20079851150512695,1.0,0.0,12.250696182250977,0.06279516220092773
14.34418773651123,-0.7583765387535095,0.6635095477104187,0.016422683373093605,0.04260770231485367,0.6623401641845703,289.9223937988281,0.7188026905059814,263.2311096191406,-0.6756132245063782,0.6144377589225769,0.20253849029541016,1.0,0.0,12.250696182250977,0.05646252632141113
14.344688415527344,-0.8381032347679138,0.5523632764816284,-0.007747238967567682,0.017489586025476456,0.8073015213012695,289.9223937988281,0.8576023578643799,263.5329284667969,-0.7652966976165771,0.5652120113372803,0.16556262969970703,1.0,0.0,12.250696182250977,0.05030083656311035
14.34518814086914,-0.9149129986763,0.42606034874916077,-0.027083175256848335,0.010047179646790028,0.9522638320922852,289.9223937988281,0.9967877864837646,263.84503173828125,-0.8669501543045044,0.44339001178741455,0.18996286392211914,1.0,0.0,12.250696182250977,0.04452395439147949
14.345686912536621,-0.9606100916862488,0.3064942955970764,-0.019026534631848335,-0.00018612784333527088,1.0255813598632812,236.23304748535156,1.1344940662384033,264.08795166015625,-0.8798443078994751,0.3657430112361908,0.13088655471801758,1.0,0.0,12.250696182250977,0.10891270637512207
14.346186637878418,-0.9936676025390625,0.18861204385757446,-0.020637864246964455,0.006325975526124239,1.143697738647461,236.23304748535156,1.2716796398162842,264.3039245605469,-0.9454932808876038,0.25402209162712097,0.12523937225341797,1.0,0.0,12.250696182250977,0.12798190116882324
14.346687316894531,-1.0063071250915527,0.0589415542781353,-0.025471847504377365,0.02586228959262371,1.3192682266235352,279.4639587402344,1.4089300632476807,264.5180969238281,-0.9731237888336182,0.1556294709444046,0.09180402755737305,1.0,0.0,12.250696182250977,0.08966183662414551
14.347187042236328,-0.9965844750404358,-0.07578157633543015,-0.020637864246964455,-0.002977031050249934,1.458998680114746,279.4639587402344,1.5453684329986572,264.6933898925781,-0.9282821416854858,0.07488324493169785,0.03326988220214844,1.0,0.0,12.250696182250977,0.08636975288391113
14.347686767578125,-0.9810278415679932,-0.21724028885364532,-0.007747238967567682,0.019350185990333557,1.6126422882080078,289.9223937988281,1.6807606220245361,264.8211669921875,-0.912627637386322,-0.07592345774173737,0.06153392791748047,1.0,0.0,12.250696182250977,0.06811833381652832
14.348186492919922,-0.935330867767334,-0.35027918219566345,-0.023860519751906395,-0.012280037626624107,1.757603645324707,289.9223937988281,1.8174078464508057,264.9991760253906,-0.9113661646842957,-0.1978781372308731,0.0557246208190918,1.0,0.0,12.250696182250977,0.05980420112609863
14.348687171936035,-0.8750498294830322,-0.4816334843635559,0.00836604181677103,-0.0029770303517580032,1.9025640487670898,289.9223937988281,1.9526007175445557,265.1124572753906,-0.8319907784461975,-0.3404689133167267,0.09536218643188477,1.0,0.0,12.250696182250977,0.05003666877746582
14.349186897277832,-0.7972673773765564,-0.6028841733932495,-0.030305832624435425,-0.01786184124648571,2.047525405883789,289.9223937988281,2.0890305042266846,265.2750549316406,-0.7930808067321777,-0.4467989504337311,0.0835576057434082,1.0,0.0,12.250696182250977,0.04150509834289551
14.349685668945312,-0.705873429775238,-0.7005581855773926,-0.019026534631848335,-0.03739815577864647,2.120842933654785,236.23304748535156,2.226206064224243,265.4656982421875,-0.6829993724822998,-0.5380744338035583,0.10072994232177734,1.0,0.0,12.250696182250977,0.10536313056945801
