time_s,v_alpha_v,v_beta_v,i_alpha_a,i_beta_a,encoder_angle_rad,encoder_speed_rad_s,pll_angle_rad,pll_speed_rad_s,emf_alpha_v,emf_beta_v,phase_error_rad,locked,active,bus_voltage_v,angle_error_rad
9.017156600952148,0.6008673310279846,0.7948638200759888,0.024479323998093605,0.032374393194913864,5.47045373916626,289.6327819824219,-0.7870674133300781,260.4226379394531,0.6020651459693909,0.6630147099494934,0.1371593475341797,0.0,0.0,12.250696182250977,0.025664329528808594
9.017656326293945,0.48127731680870056,0.8740136027336121,0.024479323998093605,0.030513795092701912,5.601973056793213,279.4639587402344,-0.6503441333770752,260.696533203125,0.47319290041923523,0.7819219827651978,0.19381141662597656,0.0,0.0,12.250696182250977,0.030868053436279297
9.018156051635742,0.35682567954063416,0.931270956993103,0.026090651750564575,0.02400168962776661,5.741706371307373,279.4639587402344,-0.512930154800415,260.9936218261719,0.3967416286468506,0.841815173625946,0.16014575958251953,0.0,0.0,12.250696182250977,0.028548717498779297
9.018655776977539,0.20903973281383514,0.9716876149177551,0.024479323998093605,0.030513795092701912,5.895196437835693,290.21258544921875,-0.3750901222229004,261.3023376464844,0.2095431089401245,0.818568766117096,0.21244096755981445,0.0,0.0,12.250696182250977,0.012898921966552734
9.019155502319336,0.0709763839840889,0.9952642917633057,0.021256666630506516,0.02493199147284031,6.040302753448486,290.21258544921875,-0.23581624031066895,261.6645812988281,0.12471356987953186,0.9033098816871643,0.18658971786499023,0.0,0.0,12.250696182250977,0.007066249847412109
9.01965618133545,-0.0709763839840889,1.002000331878662,0.038981277495622635,0.02400169149041176,6.146668910980225,259.9693603515625,-0.09656786918640137,262.01824951171875,-0.023786164820194244,0.9298952221870422,0.2103278636932373,0.0,0.0,12.250696182250977,0.03994894027709961
9.020155906677246,-0.19931666553020477,0.981791615486145,0.005143385846167803,0.037956200540065765,6.27665376663208,259.9693603515625,0.043346405029296875,262.392333984375,-0.12987661361694336,0.9421754479408264,0.18182945251464844,0.0,0.0,12.250696182250977,0.04987812042236328
9.020654678344727,-0.3334912061691284,0.9447429776191711,0.01320002693682909,0.040747106075286865,0.13482284545898438,268.7153625488281,0.18323659896850586,262.7578125,-0.2595169246196747,0.9246752858161926,0.1786816120147705,0.0,0.0,12.250696182250977,0.048413753509521484
9.021156311035156,-0.4579428434371948,0.8975901007652283,0.003532057860866189,0.037025898694992065,0.26945018768310547,268.7153625488281,0.3234727382659912,263.13006591796875,-0.40303876996040344,0.8970216512680054,0.18726515769958496,0.0,0.0,12.250696182250977,0.05402255058288574
9.021655082702637,-0.5862833857536316,0.813388466835022,-0.00935856718569994,0.037025898694992065,0.4313821792602539,289.6327819824219,0.46565890312194824,263.5762634277344,-0.5184262990951538,0.7678396105766296,0.21694350242614746,0.0,0.0,12.250696182250977,0.034276723861694336
9.022154808044434,-0.7010119557380676,0.7291868925094604,0.01320002693682909,0.012838081456720829,0.5761985778808594,289.6327819824219,0.6054298877716064,263.9118957519531,-0.6393669843673706,0.7097065448760986,0.2167196273803711,0.0,0.0,12.250696182250977,0.02923130989074707
9.02265453338623,-0.790461540222168,0.6281446814537048,-0.015803879126906395,0.022141089662909508,0.6646013259887695,247.21812438964844,0.7458570003509521,264.2679443359375,-0.7244687676429749,0.6300522089004517,0.19801712036132812,0.0,0.0,12.250696182250977,0.08125567436218262
9.023155212402344,-0.8662992119789124,0.5237348079681396,-0.006135910749435425,0.014698682352900505,0.7882108688354492,247.21812438964844,0.8858940601348877,264.5999450683594,-0.8185794353485107,0.54209965467453,0.18892383575439453,0.0,0.0,12.250696182250977,0.09768319129943848
9.02365493774414,-0.9275525212287903,0.40416812896728516,0.003532057860866189,0.02586229331791401,0.9543676376342773,279.18450927734375,1.025141954421997,264.8917541503906,-0.8784832954406738,0.437788724899292,0.17231464385986328,0.0,0.0,12.250696182250977,0.07077431678771973
9.024154663085938,-0.9703328609466553,0.2761818468570709,-0.01096989493817091,0.019350185990333557,1.0939607620239258,279.18450927734375,1.1645009517669678,265.1820373535156,-0.9179090857505798,0.352341890335083,0.12868404388427734,0.0,0.0,12.250696182250977,0.07054018974304199
9.02465534210205,-0.9975566267967224,0.14145871996879578,-0.020637864246964455,-0.01600124128162861,1.247842788696289,289.9223937988281,1.3031055927276611,265.4347229003906,-0.9617419242858887,0.23609979450702667,0.11588811874389648,0.0,0.0,12.250696182250977,0.05526280403137207
9.025155067443848,-1.0092240571975708,-0.006736430339515209,-0.017415206879377365,0.008186577819287777,1.3928041458129883,289.9223937988281,1.4408957958221436,265.6480712890625,-0.9739623069763184,0.09298314899206161,0.12375259399414062,0.0,0.0,12.250696182250977,0.04809165000915527
9.025653839111328,-0.9936676025390625,-0.1414591372013092,-0.020637864246964455,-0.01600124128162861,1.480351448059082,246.97091674804688,1.5788753032684326,265.8646545410156,-0.9250055551528931,-0.04326426610350609,0.12778043746948242,0.0,0.0,12.250696182250977,0.09852385520935059
9.026153564453125,-0.9654715061187744,-0.2643931806087494,-0.015803879126906395,-0.002046729438006878,1.603837013244629,246.97091674804688,1.7152340412139893,266.00860595703125,-0.9004068374633789,-0.14076915383338928,0.09969854354858398,0.0,0.0,12.250696182250977,0.11139702796936035
9.026654243469238,-0.9226911067962646,-0.385643869638443,-0.017415206879377365,-0.004837631247937679,1.7705364227294922,279.4639587402344,1.853025197982788,266.20965576171875,-0.90291827917099,-0.2661372423171997,0.09349966049194336,0.0,0.0,12.250696182250977,0.0824887752532959
9.027153968811035,-0.8546317219734192,-0.5035261511802673,-0.019026534631848335,-0.015070939436554909,1.9102697372436523,279.4639587402344,1.989609956741333,266.3557434082031,-0.8308034539222717,-0.34272342920303345,0.0614471435546875,0.0,0.0,12.250696182250977,0.07934021949768066
9.027653694152832,-0.7758772969245911,-0.6197243928909302,-0.025471847504377365,-0.028095148503780365,2.0639209747314453,289.9223937988281,2.126655340194702,266.5184020996094,-0.7671599984169006,-0.5091187953948975,0.11934995651245117,0.0,0.0,12.250696182250977,0.06273436546325684
9.028154373168945,-0.6776773929595947,-0.7291866540908813,-0.020637864246964455,-0.01972244307398796,2.2088823318481445,289.9223937988281,2.264580011367798,266.71453857421875,-0.6646063923835754,-0.6281378865242004,0.15292119979858398,0.0,0.0,12.250696182250977,0.05569767951965332
9.028654098510742,-0.5726714730262756,-0.8100205063819885,-0.015803879126906395,-0.01879214122891426,2.3218555450439453,265.8900146484375,2.403364419937134,266.942626953125,-0.6046788096427917,-0.6895949840545654,0.1077418327331543,0.0,0.0,12.250696182250977,0.08150887489318848
9.029153823852539,-0.4501645267009735,-0.8807496428489685,-0.015803879126906395,-0.015070940367877483,2.454800605773926,265.8900146484375,2.5417826175689697,267.15057373046875,-0.45248138904571533,-0.7338703870773315,0.1368846893310547,0.0,0.0,12.250696182250977,0.08698201179504395
9.02965259552002,-0.32765743136405945,-0.9380069375038147,-0.028694504871964455,-0.015070940367877483,2.6178722381591797,289.6327819824219,2.6813929080963135,267.404296875,-0.3540090322494507,-0.8512756824493408,0.15584993362426758,0.0,0.0,12.250696182250977,0.06352066993713379
9.030153274536133,-0.18376050889492035,-0.9716876149177551,-0.017415206879377365,-0.02158304490149021,2.762688636779785,289.6327819824219,2.8219196796417236,267.6911315917969,-0.20393338799476624,-0.8559975028038025,0.17572307586669922,0.0,0.0,12.250696182250977,0.05923104286193848
9.03065299987793,-0.051530834287405014,-0.9918959140777588,-0.015803879126906395,-0.01879214122891426,2.8948564529418945,279.7439880371094,2.9622738361358643,267.9644775390625,-0.12403258681297302,-0.9295545816421509,0.13652706146240234,0.0,0.0,12.250696182250977,0.06741738319396973
9.031152725219727,0.09625548124313354,-0.9918959140777588,-0.01096989493817091,-0.03646785765886307,3.0347280502319336,279.7439880371094,3.1026041507720947,268.2312316894531,0.0389360748231411,-0.914339005947113,0.17163991928100586,0.0,0.0,12.250696182250977,0.06787610054016113
9.03165340423584,0.23042969405651093,-0.9716876149177551,-0.019026534631848335,-0.028095148503780365,3.1326189041137695,246.97091674804688,-3.03848934173584,268.56646728515625,0.18826767802238464,-0.9212432503700256,0.18875980377197266,0.0,0.0,12.250696182250977,0.11207723617553711
9.032153129577637,0.3490477502346039,-0.931270956993103,-0.007747238967567682,-0.030886052176356316,3.2561044692993164,246.97091674804688,-2.8975260257720947,268.8470764160156,0.2698242962360382,-0.8912410736083984,0.14007830619812012,0.0,0.0,12.250696182250977,0.12955522537231445
9.032652854919434,0.47933313250541687,-0.8740136027336121,-0.020637864246964455,-0.04577086493372917,3.4545698165893555,305.5030517578125,-2.7566909790039062,269.1165466308594,0.40756160020828247,-0.8396273255348206,0.157332181930542,0.0,0.0,12.250696182250977,0.07192468643188477
9.03315258026123,0.6076735258102417,-0.7898117899894714,-0.004524582531303167,-0.1183343231678009,3.607320785522461,305.5030517578125,-2.6153006553649902,269.40350341796875,0.515625536441803,-0.7830913066864014,0.1463773250579834,0.0,0.0,12.250696182250977,0.06056404113769531
9.033652305603027,0.7039290070533752,-0.7106624841690063,0.003532057860866189,-0.013210337609052658,3.6815309524536133,246.72418212890625,-2.474398612976074,269.6637268066406,0.635089099407196,-0.7315216064453125,0.13818764686584473,0.0,0.0,12.250696182250977,0.12725591659545898
9.034152030944824,0.7904617190361023,-0.6079363822937012,-0.00935856718569994,-0.113682821393013,3.8048934936523438,246.72418212890625,-2.334139347076416,269.8917541503906,0.6959130764007568,-0.646242618560791,0.10530424118041992,0.0,0.0,12.250696182250977,0.14415264129638672
9.034651756286621,0.8653268218040466,-0.4984741508960724,0.018034011125564575,0.00446537509560585,3.9860963821411133,290.21258544921875,-2.1927483081817627,270.16241455078125,0.8027790188789368,-0.4896107017993927,0.16499662399291992,0.0,0.0,12.250696182250977,0.10434103012084961
9.035152435302734,0.9294973015785217,-0.37385544180870056,0.01481135468930006,0.00446537509560585,4.131202697753906,290.21258544921875,-2.053006649017334,270.3582763671875,0.873005747795105,-0.408814400434494,0.1349036693572998,0.0,0.0,12.250696182250977,0.09897613525390625
9.035652160644531,0.9635267853736877,-0.24755297601222992,0.01481135468930006,0.006325976923108101,4.243598937988281,265.6369934082031,-1.9139788150787354,270.5199890136719,0.909188985824585,-0.34278419613838196,0.07308316230773926,0.0,0.0,12.250696182250977,0.12560796737670898
9.036151885986328,0.9878337979316711,-0.11788247525691986,0.024479323998093605,0.032374393194913864,4.37641716003418,265.6369934082031,-1.7757115364074707,270.6463928222656,0.9507576823234558,-0.20657978951931,0.0814816951751709,0.0,0.0,12.250696182250977,0.1310567855834961
9.036651611328125,1.0033904314041138,0.01684023253619671,0.0003094017447438091,0.012838081456720829,4.540691375732422,290.21258544921875,-1.6371387243270874,270.78302001953125,0.9822474718093872,-0.07931797206401825,0.0763094425201416,0.0,0.0,12.250696182250977,0.10535526275634766
9.037152290344238,0.9820003509521484,0.1616673767566681,0.00675471406430006,-0.01507093757390976,4.685798645019531,290.21258544921875,-1.4995529651641846,270.8750915527344,0.9382346868515015,0.03231250122189522,0.05366253852844238,0.0,0.0,12.250696182250977,0.09783411026000977
9.037651062011719,0.9440815448760986,0.294705867767334,0.037369947880506516,0.010047179646790028,4.816498756408691,279.18450927734375,-1.3620994091033936,270.9595947265625,0.8879733085632324,0.1310458779335022,0.02822566032409668,0.0,0.0,12.250696182250977,0.10458707809448242
9.038151741027832,0.9003286361694336,0.42437657713890076,0.011588698253035545,-0.025304246693849564,4.9563703536987305,279.18450927734375,-1.2243975400924683,271.05279541015625,0.8880552649497986,0.27093225717544556,0.04019904136657715,0.0,0.0,12.250696182250977,0.1024174690246582
9.038650512695312,0.8351861834526062,0.5372068285942078,0.01320002693682909,0.02772289142012596,5.054450035095215,246.97091674804688,-1.0848395824432373,271.22186279296875,0.8313316106796265,0.3850325644016266,0.038311004638671875,0.0,0.0,12.250696182250977,0.14389562606811523
9.039151191711426,0.7603211402893066,0.6399328708648682,0.018034011125564575,0.019350185990333557,5.177935600280762,246.97091674804688,-0.9471147060394287,271.310791015625,0.7735711336135864,0.5267834663391113,0.0648336410522461,0.0,0.0,12.250696182250977,0.15813493728637695
9.039650917053223,0.6592042446136475,0.7342386841773987,0.024479323998093605,0.032374393194913864,5.3563995361328125,289.9223937988281,-0.8083326816558838,271.4421691894531,0.6317721009254456,0.6047225594520569,0.09189033508300781,0.0,0.0,12.250696182250977,0.1184535026550293
9.04015064239502,0.5561428666114807,0.8184404373168945,0.032535962760448456,0.037025898694992065,5.501359462738037,289.9223937988281,-0.6695537567138672,271.5707702636719,0.5984033942222595,0.726809561252594,0.07153487205505371,0.0,0.0,12.250696182250977,0.11227226257324219
9.040651321411133,0.4248851537704468,0.8874858021736145,0.045426588505506516,0.040747106075286865,5.632576942443848,279.18450927734375,-0.530503511428833,271.7081604003906,0.4284904897212982,0.7846875190734863,0.12172794342041016,0.0,0.0,12.250696182250977,0.12010526657104492
9.04115104675293,0.3043229579925537,0.931270956993103,0.021256666630506516,0.036095600575208664,5.7721686363220215,279.18450927734375,-0.3908054828643799,271.8694763183594,0.38146746158599854,0.822418749332428,0.047289133071899414,0.0,0.0,12.250696182250977,0.12021112442016602
9.04164981842041,0.16625948250293732,0.9683194160461426,0.021256666630506516,0.02865319326519966,5.911839962005615,279.4639587402344,-0.2507011890411377,272.0449523925781,0.20031265914440155,0.8617547154426575,0.11342859268188477,0.0,0.0,12.250696182250977,0.12064409255981445
9.04215145111084,0.028196124359965324,0.981791615486145,0.011588698253035545,0.02679258957505226,6.05185079574585,279.4639587402344,-0.10984611511230469,272.2481384277344,0.06769918650388718,0.8896440267562866,0.12513136863708496,0.0,0.0,12.250696182250977,0.12148857116699219
9.04265022277832,-0.0982000008225441,0.9750555753707886,-0.0029132545460015535,0.037025902420282364,6.1808180809021,271.27239990234375,0.030584096908569336,272.42913818359375,-0.009530946612358093,0.9471986293792725,0.07054543495178223,0.0,0.0,12.250696182250977,0.1329512596130371
9.043149948120117,-0.2401525229215622,0.9514791369438171,0.0019207298755645752,0.039816804230213165,0.03326892852783203,271.27239990234375,0.17148208618164062,272.6260070800781,-0.1738680750131607,0.91520094871521,0.10754656791687012,0.0,0.0,12.250696182250977,0.1382131576538086
9.043649673461914,-0.36849328875541687,0.9144304990768433,0.00675471406430006,0.02958349511027336,0.17980003356933594,279.4639587402344,0.3124566078186035,272.8219299316406,-0.3021015226840973,0.9199321866035461,0.09614872932434082,0.0,0.0,12.250696182250977,0.13265657424926758
9.044150352478027,-0.48711109161376953,0.8571732044219971,-0.004524582531303167,0.021210789680480957,0.3195323944091797,279.4639587402344,0.4531893730163574,273.00335693359375,-0.40340742468833923,0.9073567986488342,0.05636119842529297,0.0,0.0,12.250696182250977,0.13365697860717773
9.044650077819824,-0.6047565340995789,0.7746555805206299,-0.01258122269064188,0.02958349511027336,0.45445871353149414,275.8538513183594,0.593773365020752,273.1750183105469,-0.5196433067321777,0.7899831533432007,0.07941198348999023,0.0,0.0,12.250696182250977,0.1393146514892578
9.045149803161621,-0.7097623944282532,0.6870858073234558,-0.023860519751906395,0.004465374629944563,0.5923857688903809,275.8538513183594,0.7345278263092041,273.3501892089844,-0.6371918320655823,0.7026117444038391,0.0935516357421875,0.0,0.0,12.250696182250977,0.14214205741882324
9.045649528503418,-0.8011566996574402,0.5826756954193115,-0.007747238967567682,-0.014140638522803783,0.7349328994750977,279.4639587402344,0.8749039173126221,273.5059509277344,-0.7488539218902588,0.594728410243988,0.11632490158081055,0.0,0.0,12.250696182250977,0.13997101783752441
9.046150207519531,-0.8662990927696228,0.469845712184906,-0.030305832624435425,-0.004837632644921541,0.8746652603149414,279.4639587402344,1.0138084888458252,273.5962829589844,-0.7791880369186401,0.5665225386619568,0.019568443298339844,0.0,0.0,12.250696182250977,0.1391432285308838
9.046648979187012,-0.9275527596473694,0.34354278445243835,-0.014192551374435425,0.008186577819287777,0.9862713813781738,257.7087707519531,1.1518099308013916,273.6466369628906,-0.819101095199585,0.4240869879722595,0.03255653381347656,0.0,0.0,12.250696182250977,0.16553854942321777
9.047148704528809,-0.9635269641876221,0.22734473645687103,-0.020637864246964455,-0.004837631713598967,1.1151251792907715,257.7087707519531,1.2897932529449463,273.6954345703125,-0.9100129008293152,0.30621615052223206,0.04780244827270508,0.0,0.0,12.250696182250977,0.1746680736541748
9.047649383544922,-0.9829726219177246,0.09935802966356277,-0.019026534631848335,-0.031816352158784866,1.2714691162109375,279.18450927734375,1.4268214702606201,273.7033386230469,-0.937217116355896,0.16552746295928955,0.060611724853515625,0.0,0.0,12.250696182250977,0.15535235404968262
9.048149108886719,-0.9829726219177246,-0.031996674835681915,-0.00935856718569994,0.010977480560541153,1.4110608100891113,279.18450927734375,1.5628502368927002,273.66876220703125,-0.924842119216919,0.11474346369504929,-0.02440786361694336,0.0,0.0,12.250696182250977,0.15178942680358887
9.048648834228516,-0.9664438366889954,-0.16840317845344543,-0.015803879126906395,-0.007628533989191055,1.5643978118896484,289.9223937988281,1.6996843814849854,273.6688537597656,-0.9047024846076965,-0.05366465821862221,0.02163553237915039,0.0,0.0,12.250696182250977,0.13528656959533691
9.049148559570312,-0.935330867767334,-0.3031263053417206,-0.027083175256848335,-0.014140638522803783,1.7093586921691895,289.9223937988281,1.8373239040374756,273.70269775390625,-0.9139109253883362,-0.18971462547779083,0.02947092056274414,0.0,0.0,12.250696182250977,0.12796521186828613
9.049649238586426,-0.8779667019844055,-0.429428368806839,-0.025471847504377365,-0.026234548538923264,1.8405756950378418,279.18450927734375,1.974632978439331,273.7220153808594,-0.8355841040611267,-0.2920326888561249,0.02369070053100586,0.0,0.0,12.250696182250977,0.13405728340148926
9.050148963928223,-0.8069902062416077,-0.5388908386230469,-0.017415206879377365,-0.047631461173295975,1.9801678657531738,279.18450927734375,2.1115753650665283,273.7254943847656,-0.8055846095085144,-0.35606512427330017,-0.03353691101074219,0.0,0.0,12.250696182250977,0.1314074993133545
9.050647735595703,-0.7301805019378662,-0.6449850797653198,-0.001301926327869296,-0.03646785765886307,2.0785961151123047,247.21812438964844,2.2484099864959717,273.7244567871094,-0.729248583316803,-0.510202169418335,0.02416706085205078,0.0,0.0,12.250696182250977,0.169813871383667
9.051148414611816,-0.637813925743103,-0.7308704257011414,-0.027083175256848335,-0.04204965755343437,2.202204704284668,247.21812438964844,2.385711431503296,273.742919921875,-0.6415098905563354,-0.5883046388626099,0.01853466033935547,0.0,0.0,12.250696182250977,0.18350672721862793
9.051648139953613,-0.5347526669502258,-0.8083364367485046,-0.031917158514261246,-0.026234546676278114,2.3804755210876465,289.9223937988281,2.52343487739563,273.77880859375,-0.5630043148994446,-0.7026111483573914,0.03398752212524414,0.0,0.0,12.250696182250977,0.1429593563079834
9.05214786529541,-0.4112732708454132,-0.8706453442573547,-0.01096989493817091,-0.02158304490149021,2.5254364013671875,289.9223937988281,2.6622707843780518,273.8606872558594,-0.4308730363845825,-0.7537059187889099,0.051456451416015625,0.0,0.0,12.250696182250977,0.13683438301086426
9.052647590637207,-0.2868219316005707,-0.9245347380638123,-0.015803879126906395,-0.04484056308865547,2.670397996902466,289.9223937988281,2.8007099628448486,273.9240417480469,-0.3442455530166626,-0.8384578227996826,0.04274702072143555,0.0,0.0,12.250696182250977,0.1303119659423828
9.05314826965332,-0.14292488992214203,-0.9548473954200745,-0.014192551374435425,-0.01786184124648571,2.8153586387634277,289.9223937988281,2.9400994777679443,274.02630615234375,-0.1761607676744461,-0.8206515312194824,0.08168888092041016,0.0,0.0,12.250696182250977,0.1247408390045166
9.053647994995117,-0.018473532050848007,-0.9716876149177551,-0.015803879126906395,-0.01879214122891426,2.9469337463378906,279.4639587402344,3.0799477100372314,274.1454162597656,-0.10079573094844818,-0.9310378432273865,0.04533720016479492,0.0,0.0,12.250696182250977,0.13301396369934082
9.054147720336914,0.12542374432086945,-0.9615834355354309,-0.027083175256848335,-0.04391026124358177,3.0866658687591553,279.4639587402344,-3.063298463821411,274.2657775878906,0.03201554715633392,-0.9121707677841187,0.048375844955444336,0.0,0.0,12.250696182250977,0.13322114944458008
9.054647445678711,0.25376439094543457,-0.9380069375038147,0.018034011125564575,-0.03274665027856827,3.170783281326294,236.23304748535156,-2.9233431816101074,274.38427734375,0.18821822106838226,-0.8853869438171387,0.08298587799072266,0.0,0.0,12.250696182250977,0.18905878067016602
9.055147171020508,0.36265960335731506,-0.9076944589614868,0.019645338878035545,-0.009489135816693306,3.2888991832733154,236.23304748535156,-2.7837021350860596,274.4873046875,0.32366642355918884,-0.9058600664138794,0.07705545425415039,0.0,0.0,12.250696182250977,0.21058416366577148
9.055646896362305,0.4832219183444977,-0.8437011241912842,0.011588698253035545,-0.027164850383996964,3.495270013809204,305.18145751953125,-2.6450722217559814,274.5455627441406,0.41357406973838806,-0.8333670496940613,0.05584859848022461,0.0,0.0,12.250696182250977,0.14284324645996094
9.056146621704102,0.5940616726875305,-0.7662353515625,0.005143385846167803,-0.00855883490294218,3.647860288619995,305.18145751953125,-2.5067765712738037,274.58856201171875,0.49079760909080505,-0.7961464524269104,0.009153127670288086,0.0,0.0,12.250696182250977,0.12854862213134766
9.056647300720215,0.7019844651222229,-0.6736133098602295,0.0003094017447438091,-0.024373946711421013,3.7481937408447266,265.8900146484375,-2.3680412769317627,274.64898681640625,0.5962535738945007,-0.6987985372543335,0.024443626403808594,0.0,0.0,12.250696182250977,0.16695070266723633
9.057147026062012,0.7807390689849854,-0.5776234865188599,0.00675471406430006,-0.007628533523529768,3.881139039993286,265.8900146484375,-2.2287423610687256,274.731689453125,0.6921786665916443,-0.6430349946022034,0.0008800029754638672,0.0,0.0,12.250696182250977,0.17330408096313477
9.057646751403809,0.8556041121482849,-0.4681614637374878,0.009977370500564575,0.007256277371197939,4.0448455810546875,289.9223937988281,-2.0910654067993164,274.7447204589844,0.7703715562820435,-0.5479793548583984,-0.006496429443359375,0.0,0.0,12.250696182250977,0.14727449417114258
9.058147430419922,0.9129683971405029,-0.34185898303985596,0.022867994382977486,0.009116877801716328,4.18980598449707,289.9223937988281,-1.9541183710098267,274.7269287109375,0.8468477725982666,-0.4356265664100647,-0.00025010108947753906,0.0,0.0,12.250696182250977,0.13926124572753906
9.058646202087402,0.9489430785179138,-0.21892450749874115,0.009977370500564575,-0.007628533989191055,4.2798590660095215,247.21812438964844,-1.8184664249420166,274.65478515625,0.8369526863098145,-0.34579429030418396,-0.052835702896118164,0.0,0.0,12.250696182250977,0.1848597526550293
9.059146881103516,0.9664437770843506,-0.10104203224182129,0.01481135468930006,0.019350185990333557,4.403715133666992,247.21812438964844,-1.6820367574691772,274.6168518066406,0.9002034068107605,-0.23156487941741943,-0.049242258071899414,0.0,0.0,12.250696182250977,0.1974334716796875
9.059645652770996,0.9790834784507751,0.025260664522647858,-0.0029132545460015535,0.010977479629218578,4.567994117736816,279.18450927734375,-1.5462466478347778,274.5531921386719,0.9365150332450867,-0.055439293384552,0.007834434509277344,0.0,0.0,12.250696182250977,0.1689448356628418
9.06014633178711,0.9576935172080994,0.15661515295505524,0.027701979503035545,0.030513795092701912,4.707586288452148,279.18450927734375,-1.4105331897735596,274.4874572753906,0.9201321005821228,0.044165849685668945,-0.020930051803588867,0.0,0.0,12.250696182250977,0.16506624221801758
9.060646057128906,0.9197745323181152,0.28291764855384827,0.037369947880506516,0.017489584162831306,4.8471784591674805,279.18450927734375,-1.2754578590393066,274.39630126953125,0.86337810754776,0.12683694064617157,-0.05829048156738281,0.0,0.0,12.250696182250977,0.16054916381835938
9.061145782470703,0.8721330165863037,0.3991161286830902,0.00836604181677103,0.002604773733764887,4.9867706298828125,279.18450927734375,-1.1405341625213623,274.3005065917969,0.8662822842597961,0.22474658489227295,-0.08538198471069336,0.0,0.0,12.250696182250977,0.15588045120239258
9.0616455078125,0.803101122379303,0.5119463801383972,0.027701979503035545,0.02307138964533806,5.085129737854004,246.97091674804688,-1.0043127536773682,274.26129150390625,0.7623133063316345,0.3272393047809601,-0.06991052627563477,0.0,0.0,12.250696182250977,0.19374322891235352
9.062146186828613,0.7428200840950012,0.609620213508606,0.018034011125564575,0.002604774199426174,5.208615303039551,246.97091674804688,-0.8685660362243652,274.20306396484375,0.7632303833961487,0.4854901134967804,-0.04451251029968262,0.0,0.0,12.250696182250977,0.20600414276123047
9.062644958496094,0.6514257788658142,0.6938220262527466,0.016422683373093605,0.02958349511027336,5.373054504394531,279.18450927734375,-0.7325501441955566,274.1574401855469,0.6877558827400208,0.5706170797348022,-0.05454826354980469,0.0,0.0,12.250696182250977,0.1775808334350586
9.063145637512207,0.5493367314338684,0.7763395309448242,0.011588698253035545,0.006325976923108101,5.51292610168457,279.18450927734375,-0.5972063541412354,274.0845947265625,0.5840672850608826,0.650423526763916,-0.04334902763366699,0.0,0.0,12.250696182250977,0.17305326461791992
9.063645362854004,0.43266358971595764,0.8504371643066406,0.01320002693682909,0.02586228959262371,5.666343688964844,290.21258544921875,-0.46096134185791016,274.0511474609375,0.44497615098953247,0.7577292919158936,0.021371841430664062,0.0,0.0,12.250696182250977,0.15588045120239258
9.0641450881958,0.30626723170280457,0.8975901007652283,0.021256666630506516,0.02493199147284031,5.811450481414795,290.21258544921875,-0.32407450675964355,274.0452575683594,0.36190900206565857,0.7874839901924133,-0.015468597412109375,0.0,0.0,12.250696182250977,0.1476607322692871
9.064644813537598,0.17209339141845703,0.9279027581214905,0.005143385846167803,0.034234996885061264,5.942798614501953,279.4639587402344,-0.18654727935791016,274.0665588378906,0.22521786391735077,0.8021564483642578,0.004163980484008789,0.0,0.0,12.250696182250977,0.1538395881652832
9.065144538879395,0.04180799424648285,0.9514791369438171,0.00836604181677103,0.032374393194913864,6.082530498504639,279.4639587402344,-0.04862785339355469,274.10382080078125,0.11353021115064621,0.8851337432861328,0.012443065643310547,0.0,0.0,12.250696182250977,0.15202713012695312
9.065645217895508,-0.08847728371620178,0.9447429776191711,0.003532057860866189,0.04260770231485367,6.197289943695068,259.9693603515625,0.08907246589660645,274.1310119628906,0.008683417923748493,0.879936695098877,-0.007633209228515625,0.0,0.0,12.250696182250977,0.17496824264526367
9.066144943237305,-0.2129288911819458,0.931270956993103,0.00836604181677103,0.02307138778269291,0.04408895969390869,259.9693603515625,0.22645902633666992,274.14447021484375,-0.12960927188396454,0.8996373414993286,0.00800180435180664,0.0,0.0,12.250696182250977,0.18236994743347168
9.066643714904785,-0.33543574810028076,0.8908540606498718,-0.017415206879377365,0.013768382370471954,0.19936954975128174,279.18450927734375,0.36455297470092773,274.1873474121094,-0.24337731301784515,0.8712818026542664,-0.0008087158203125,0.0,0.0,12.250696182250977,0.16518330574035645
9.067145347595215,-0.4618317186832428,0.8403328657150269,0.00836604181677103,0.019350185990333557,0.3392409086227417,279.18450927734375,0.5012242794036865,274.1697692871094,-0.374237060546875,0.8233755826950073,0.016800880432128906,0.0,0.0,12.250696182250977,0.16198325157165527
9.067644119262695,-0.5716989636421204,0.7712875604629517,-0.033528488129377365,0.006325976923108101,0.47855401039123535,279.18450927734375,0.6389820575714111,274.19818115234375,-0.5220082998275757,0.7691936492919922,0.04883217811584473,0.0,0.0,12.250696182250977,0.16042804718017578
9.068143844604492,-0.6679546236991882,0.6854017972946167,-0.006135910749435425,0.010977480560541153,0.6181462407112122,279.18450927734375,0.7753441333770752,274.1671142578125,-0.5477784276008606,0.7261501550674438,-0.03786587715148926,0.0,0.0,12.250696182250977,0.1571979522705078
9.068643569946289,-0.7671268582344055,0.5877277851104736,-0.028694504871964455,0.018419884145259857,0.7400574088096619,265.8900146484375,0.9116146564483643,274.1329650878906,-0.6906269192695618,0.615191638469696,0.022923946380615234,0.0,0.0,12.250696182250977,0.17155718803405762
9.069144248962402,-0.829352617263794,0.48668593168258667,-0.028694504871964455,-0.00018612892017699778,0.873002290725708,265.8900146484375,1.048579454421997,274.1285400390625,-0.736358642578125,0.5745354890823364,-0.0492253303527832,0.0,0.0,12.250696182250977,0.17557716369628906
9.0696439743042,-0.8799111843109131,0.3789074420928955,-0.031917158514261246,-0.02065274305641651,0.981730580329895,246.97091674804688,1.1827585697174072,274.0071716308594,-0.7675176858901978,0.4832102358341217,-0.08289337158203125,0.0,0.0,12.250696182250977,0.20102810859680176
9.070143699645996,-0.925608217716217,0.27281343936920166,-0.023860519751906395,0.002604773733764887,1.105216383934021,246.97091674804688,1.3177926540374756,273.9245300292969,-0.8778848052024841,0.37892910838127136,-0.06347179412841797,0.0,0.0,12.250696182250977,0.21257615089416504
9.07064437866211,-0.9469984173774719,0.14145871996879578,-0.031917158514261246,0.016559286043047905,1.269935131072998,279.18450927734375,1.4521052837371826,273.81298828125,-0.8634713292121887,0.24337075650691986,-0.06507253646850586,0.0,0.0,12.250696182250977,0.18217015266418457
9.071144104003906,-0.9596379399299622,0.018524235114455223,-0.00935856718569994,0.001674473169259727,1.4095274209976196,279.18450927734375,1.5855495929718018,273.6672668457031,-0.9026089310646057,0.13051532208919525,-0.06745290756225586,0.0,0.0,12.250696182250977,0.17602229118347168
9.071642875671387,-0.953804075717926,-0.10946204513311386,-0.022249191999435425,-0.003907331265509129,1.5491976737976074,279.4639587402344,1.7184045314788818,273.50006103515625,-0.9217942953109741,-0.0020627512130886316,-0.05446910858154297,0.0,0.0,12.250696182250977,0.16920685768127441
9.072142601013184,-0.9217190146446228,-0.23913252353668213,-0.027083175256848335,-0.03832845389842987,1.6889296770095825,279.4639587402344,1.8523871898651123,273.3836975097656,-0.8834559321403503,-0.12360495328903198,-0.051708221435546875,0.0,0.0,12.250696182250977,0.16345763206481934
9.072643280029297,-0.878938615322113,-0.3603832423686981,-0.023860519751906395,-0.030886052176356316,1.8283040523529053,279.18450927734375,1.9846775531768799,273.1991882324219,-0.847777247428894,-0.24042288959026337,-0.04671144485473633,0.0,0.0,12.250696182250977,0.1563735008239746
9.073143005371094,-0.8235190510749817,-0.47658148407936096,-0.033528488129377365,-0.049492064863443375,1.9678961038589478,279.18450927734375,2.118156671524048,273.068115234375,-0.8274535536766052,-0.35459524393081665,-0.0517277717590332,0.0,0.0,12.250696182250977,0.15026068687438965
9.07364273071289,-0.7467090487480164,-0.5759395360946655,-0.028694504871964455,-0.026234548538923264,2.0525107383728027,236.23304748535156,2.2506372928619385,272.89788818359375,-0.7223854064941406,-0.4185957908630371,-0.06399822235107422,0.0,0.0,12.250696182250977,0.19812655448913574
9.074143409729004,-0.6796219348907471,-0.6651933193206787,0.011588698253035545,-0.006698233541101217,2.1706271171569824,236.23304748535156,2.384690523147583,272.7971496582031,-0.6881104707717896,-0.5767073631286621,-0.025559425354003906,0.0,0.0,12.250696182250977,0.21406340599060059
9.0746431350708,-0.5823941826820374,-0.7392908930778503,-0.014192551374435425,-0.03460725396871567,2.357465982437134,289.9223937988281,2.518678903579712,272.69580078125,-0.6054732203483582,-0.6168985366821289,-0.06253814697265625,0.0,0.0,12.250696182250977,0.16121292114257812
9.075142860412598,-0.47544384002685547,-0.8167564868927002,-0.0029132545460015535,0.0016744730528444052,2.502427101135254,289.9223937988281,2.6534407138824463,272.6292724609375,-0.515394389629364,-0.725350558757782,-0.038939476013183594,0.0,0.0,12.250696182250977,0.15101361274719238
9.075641632080078,-0.3548814058303833,-0.8740136027336121,-0.014192551374435425,-0.01972244121134281,2.6333649158477783,279.18450927734375,2.7885806560516357,272.5799560546875,-0.40562596917152405,-0.7960858941078186,-0.02751922607421875,0.0,0.0,12.250696182250977,0.15521574020385742
9.076143264770508,-0.2323741912841797,-0.9177982807159424,-0.01096989493817091,-0.01972244307398796,2.7732362747192383,279.18450927734375,2.924330472946167,272.5572814941406,-0.3030039370059967,-0.8709443807601929,-0.0268402099609375,0.0,0.0,12.250696182250977,0.1510941982269287
9.076642036437988,-0.09625572711229324,-0.9380069375038147,-0.031917158514261246,-0.026234546676278114,2.88867449760437,260.5178527832031,3.0598909854888916,272.527099609375,-0.1772981882095337,-0.8552194833755493,-0.032044410705566406,0.0,0.0,12.250696182250977,0.17121648788452148
9.077141761779785,0.02625136263668537,-0.9447429776191711,0.0019207298755645752,-0.02158304490149021,3.0189332962036133,260.5178527832031,-3.087022542953491,272.5274963378906,-0.026894215494394302,-0.8880301117897034,0.005984306335449219,0.0,0.0,12.250696182250977,0.1772294044494629
9.077642440795898,0.14875845611095428,-0.9380069375038147,-0.01258122269064188,-0.02065274305641651,3.1424074172973633,255.4202117919922,-2.950829267501831,272.5246887207031,0.10004045814275742,-0.9102102518081665,0.009550809860229492,0.0,0.0,12.250696182250977,0.18994855880737305
9.078142166137695,0.2693207859992981,-0.9076944589614868,0.011588698253035545,0.0007441720808856189,3.2701175212860107,255.4202117919922,-2.815070152282715,272.5035095214844,0.21093155443668365,-0.862511396408081,0.004139900207519531,0.0,0.0,12.250696182250977,0.1979975700378418
9.078641891479492,0.3937721252441406,-0.8672776222229004,-0.015803879126906395,-0.02251334674656391,3.447450637817383,294.1881103515625,-2.6790828704833984,272.4925231933594,0.34823933243751526,-0.8498371243476868,0.0172579288482666,0.0,0.0,12.250696182250977,0.15665197372436523
9.079141616821289,0.5075287818908691,-0.8016002178192139,0.00675471406430006,-0.007628533523529768,3.5945448875427246,294.1881103515625,-2.54315185546875,272.4791259765625,0.4132813513278961,-0.832879900932312,-0.04724001884460449,0.0,0.0,12.250696182250977,0.14548873901367188
9.079641342163086,0.6164237856864929,-0.7207664847373962,0.00836604181677103,-0.004837631713598967,3.7169599533081055,275.8538513183594,-2.4085469245910645,272.4103698730469,0.4918420612812042,-0.7458197474479675,-0.05952787399291992,0.0,0.0,12.250696182250977,0.15767860412597656
9.0801420211792,0.704901397228241,-0.6416170597076416,0.026090651750564575,0.02400168962776661,3.8551626205444336,275.8538513183594,-2.273991346359253,272.3410339355469,0.6252513527870178,-0.7347024083137512,-0.07206964492797852,0.0,0.0,12.250696182250977,0.15403127670288086
9.08064079284668,0.7972678542137146,-0.5287865996360779,0.011588698253035545,-0.012280036695301533,3.9974312782287598,279.4639587402344,-2.139746904373169,272.2606506347656,0.6956354975700378,-0.5534399151802063,-0.012430191040039062,0.0,0.0,12.250696182250977,0.14600706100463867
9.081140518188477,0.8585212826728821,-0.42269259691238403,0.029313307255506516,-0.002046728739514947,4.137163162231445,279.4639587402344,-2.006502389907837,272.1390686035156,0.7654194831848145,-0.5560750365257263,-0.10233473777770996,0.0,0.0,12.250696182250977,0.13952016830444336
9.08164119720459,0.9139409065246582,-0.3064940869808197,0.018034011125564575,-0.004837631247937679,4.221559524536133,236.23304748535156,-1.8727937936782837,272.0400390625,0.8547752499580383,-0.4001767337322235,-0.04540705680847168,0.0,0.0,12.250696182250977,0.18883228302001953
9.082140922546387,0.941164493560791,-0.19871605932712555,0.018034011125564575,0.02679259143769741,4.339676380157471,236.23304748535156,-1.740600824356079,271.8790588378906,0.8747592568397522,-0.3180903494358063,-0.0887441635131836,0.0,0.0,12.250696182250977,0.20290803909301758
9.082640647888184,0.9576932787895203,-0.07578157633543015,0.018034011125564575,0.013768382370471954,4.512770652770996,279.18450927734375,-1.6079131364822388,271.7425231933594,0.8868119120597839,-0.1838684380054474,-0.07710146903991699,0.0,0.0,12.250696182250977,0.16250181198120117
9.083141326904297,0.9557488560676575,0.0522049143910408,0.027701979503035545,0.02307138964533806,4.652362823486328,279.18450927734375,-1.476504921913147,271.554931640625,0.8891454935073853,-0.071058489382267,-0.0839087963104248,0.0,0.0,12.250696182250977,0.15431785583496094
9.083640098571777,0.939220130443573,0.1751393973827362,0.016422683373093605,0.016559286043047905,4.7920331954956055,279.4639587402344,-1.3449733257293701,271.3765563964844,0.8937245607376099,0.036320749670267105,-0.09518146514892578,0.0,0.0,12.250696182250977,0.1461787223815918
9.08414077758789,0.9022736549377441,0.29975810647010803,0.021256666630506516,0.034234996885061264,4.932044506072998,279.4639587402344,-1.2132983207702637,271.20794677734375,0.870435357093811,0.13958893716335297,-0.10857319831848145,0.0,0.0,12.250696182250977,0.13784265518188477
9.084639549255371,0.8546317219734192,0.42269259691238403,0.043815258890390396,0.02679259143769741,5.057394981384277,268.4466247558594,-1.081571340560913,271.045166015625,0.8475117683410645,0.2819382846355438,-0.07808995246887207,0.0,0.0,12.250696182250977,0.14421892166137695
9.085140228271484,0.7972673773765564,0.5355228185653687,0.032535962760448456,0.04260770231485367,5.1916184425354,268.4466247558594,-0.9498608112335205,270.8852233886719,0.8169078230857849,0.46569374203681946,-0.012609243392944336,1.0,0.0,12.250696182250977,0.14170598983764648
9.085639953613281,0.7126796245574951,0.6281446814537048,0.021256666630506516,0.04167740046977997,5.298036575317383,246.72418212890625,-0.8174793720245361,270.7567138671875,0.6956380605697632,0.502801775932312,-0.03739786148071289,1.0,0.0,12.250696182250977,0.16766977310180664
9.086139678955078,0.6242018342018127,0.7072944045066833,0.018034011125564575,0.030513793230056763,5.421399116516113,246.72418212890625,-0.6852531433105469,270.6243591308594,0.6066219806671143,0.5678308010101318,-0.043170928955078125,1.0,0.0,12.250696182250977,0.17653322219848633
9.086640357971191,0.5269742012023926,0.7813917994499207,0.01320002693682909,0.02958349511027336,5.586279392242432,279.18450927734375,-0.5524616241455078,270.5185852050781,0.5196133852005005,0.6761845350265503,-0.012659072875976562,1.0,0.0,12.250696182250977,0.14444446563720703
9.087140083312988,0.4112730324268341,0.8369649052619934,0.01320002693682909,0.040747106075286865,5.725870609283447,279.18450927734375,-0.4195730686187744,270.4189453125,0.4289299547672272,0.6876404881477356,-0.048239946365356445,1.0,0.0,12.250696182250977,0.1377415657043457
9.087639808654785,0.2965444028377533,0.8841180205345154,-0.0029132545460015535,0.02214108780026436,5.865820407867432,279.4639587402344,-0.2860569953918457,270.34783935546875,0.3651476800441742,0.7538139224052429,-0.07526826858520508,1.0,0.0,12.250696182250977,0.13130807876586914
9.088139533996582,0.17014862596988678,0.9177982807159424,0.022867994382977486,0.04818950966000557,6.005552768707275,279.4639587402344,-0.1529216766357422,270.2623596191406,0.23959146440029144,0.816270649433136,-0.04270672798156738,1.0,0.0,12.250696182250977,0.1247110366821289
9.088639259338379,0.04958606883883476,0.9346387386322021,-0.0029132545460015535,0.02586228959262371,6.103445529937744,246.97091674804688,-0.019159793853759766,270.20477294921875,0.13296617567539215,0.8717839121818542,-0.04234051704406738,1.0,0.0,12.250696182250977,0.16058015823364258
9.089138984680176,-0.0690314993262291,0.9413747191429138,0.009977370500564575,0.037025898694992065,6.226931095123291,246.97091674804688,0.11523556709289551,270.1750793457031,-0.0024718870408833027,0.9214962720870972,-0.02262568473815918,1.0,0.0,12.250696182250977,0.17149019241333008
9.089638710021973,-0.19153858721256256,0.9177982807159424,0.0019207298755645752,0.03237439692020416,0.09504032135009766,268.7153625488281,0.2492516040802002,270.12994384765625,-0.10963047295808792,0.8829793334007263,-0.035866737365722656,1.0,0.0,12.250696182250977,0.15421128273010254
9.090139389038086,-0.31599029898643494,0.8841180205345154,0.005143385846167803,0.02121078595519066,0.2294015884399414,268.7153625488281,0.3832719326019287,270.0862731933594,-0.26262497901916504,0.839812159538269,0.009845972061157227,1.0,0.0,12.250696182250977,0.1538703441619873
9.090639114379883,-0.42682981491088867,0.8335967063903809,-0.00935856718569994,0.009116879664361477,0.37716007232666016,279.18450927734375,0.5172154903411865,270.04010009765625,-0.3497755229473114,0.8182932138442993,-0.023396015167236328,1.0,0.0,12.250696182250977,0.14005541801452637
9.09113883972168,-0.541558563709259,0.7628673911094666,-0.01258122269064188,0.012838081456720829,0.5167551040649414,279.18450927734375,0.650540828704834,269.9688720703125,-0.4337950050830841,0.7311908602714539,-0.02523517608642578,1.0,0.0,12.250696182250977,0.13378572463989258
9.091638565063477,-0.637813925743103,0.6904540061950684,-0.001301926327869296,0.002604773733764887,0.6426019668579102,268.4466247558594,0.7835962772369385,269.8879089355469,-0.5387604832649231,0.7285745739936829,-0.057179927825927734,1.0,0.0,12.250696182250977,0.14099431037902832
9.09213924407959,-0.7253190875053406,0.599515974521637,0.00836604181677103,0.02121078595519066,0.7768220901489258,268.4466247558594,0.9160916805267334,269.784912109375,-0.6115421652793884,0.6612207293510437,-0.08014869689941406,1.0,0.0,12.250696182250977,0.13926959037780762
9.09263801574707,-0.802128791809082,0.5001581311225891,-0.020637864246964455,0.011907780542969704,0.8833093643188477,246.97091674804688,1.0499722957611084,269.74237060546875,-0.7318114042282104,0.54067063331604,-0.025707244873046875,1.0,0.0,12.250696182250977,0.16666293144226074
9.093137741088867,-0.8449091911315918,0.40585190057754517,-0.017415206879377365,-0.025304246693849564,1.0067987442016602,246.97091674804688,1.1813361644744873,269.5946350097656,-0.7496212720870972,0.5287999510765076,-0.1356344223022461,1.0,0.0,12.250696182250977,0.17453742027282715
9.09363842010498,-0.8954675793647766,0.29133763909339905,0.005143385846167803,0.02307138778269291,1.157750129699707,268.4466247558594,1.3128039836883545,269.4548034667969,-0.8312885165214539,0.40080395340919495,-0.10191583633422852,1.0,0.0,12.250696182250977,0.15505385398864746
9.094138145446777,-0.928524911403656,0.16671937704086304,0.00836604181677103,-0.014140638522803783,1.2919702529907227,268.4466247558594,1.4457581043243408,269.3802490234375,-0.8593930602073669,0.22963005304336548,-0.04649925231933594,1.0,0.0,12.250696182250977,0.15378785133361816
9.094637870788574,-0.9363031983375549,0.052205123007297516,-0.031917158514261246,-0.026234546676278114,1.4261980056762695,268.4466247558594,1.575385332107544,269.1673278808594,-0.8791093230247498,0.18938609957695007,-0.1276226043701172,1.0,0.0,12.250696182250977,0.14918732643127441
9.095137596130371,-0.9401922225952148,-0.0791500061750412,0.00836604181677103,-0.01600124128162861,1.5604181289672852,268.4466247558594,1.7055065631866455,268.9798583984375,-0.8753871321678162,0.008205605670809746,-0.0546879768371582,1.0,0.0,12.250696182250977,0.14508843421936035
9.095638275146484,-0.9071349501609802,-0.19703227281570435,-0.060921065509319305,-0.03367695212364197,1.7087335586547852,279.4639587402344,1.8356735706329346,268.7979736328125,-0.8498080968856812,-0.04267282783985138,-0.12566661834716797,1.0,0.0,12.250696182250977,0.12694001197814941
9.096138000488281,-0.8692159652709961,-0.3165983259677887,-0.023860519751906395,-0.04577086493372917,1.848465919494629,279.4639587402344,1.9649603366851807,268.5830078125,-0.8133850693702698,-0.12595313787460327,-0.15167570114135742,1.0,0.0,12.250696182250977,0.11649441719055176
9.096636772155762,-0.8293527960777283,-0.4260607957839966,0.003532057860866189,-0.028095148503780365,1.9326257705688477,236.23304748535156,2.094700574874878,268.3919982910156,-0.819413423538208,-0.28781774640083313,-0.09709501266479492,1.0,0.0,12.250696182250977,0.16207480430603027
9.097137451171875,-0.7700438499450684,-0.5220503807067871,-0.01258122269064188,-0.03367695212364197,2.05074405670166,236.23304748535156,2.2237441539764404,268.1755065917969,-0.7560234665870667,-0.38331377506256104,-0.09474563598632812,1.0,0.0,12.250696182250977,0.17300009727478027
9.097637176513672,-0.6854556202888489,-0.6146726012229919,-0.049641769379377365,-0.051352668553590775,2.2100610733032227,268.4466247558594,2.354105234146118,268.0189514160156,-0.6675851941108704,-0.4726322293281555,-0.07827472686767578,1.0,0.0,12.250696182250977,0.1440441608428955
9.098136901855469,-0.6086457967758179,-0.7005581855773926,-0.014192551374435425,-0.029025450348854065,2.3442811965942383,268.4466247558594,2.4849865436553955,267.8875427246094,-0.622300386428833,-0.5995533466339111,-0.05839061737060547,1.0,0.0,12.250696182250977,0.14070534706115723
9.098636627197266,-0.5094733834266663,-0.7712875604629517,-0.01096989493817091,-0.029025450348854065,2.478508949279785,268.4466247558594,2.6164333820343018,267.7826843261719,-0.5228183269500732,-0.6763570308685303,-0.04385232925415039,1.0,0.0,12.250696182250977,0.1379244327545166
9.099137306213379,-0.40543973445892334,-0.830228865146637,-0.019026534631848335,-0.031816352158784866,2.612729072570801,268.4466247558594,2.748138189315796,267.69085693359375,-0.45320385694503784,-0.7510116696357727,-0.0605621337890625,1.0,0.0,12.250696182250977,0.13540911674499512
9.099637031555176,-0.2829327881336212,-0.8740136027336121,-0.004524582531303167,-0.047631461173295975,2.746953010559082,268.4466247558594,2.8802731037139893,267.619140625,-0.30061548948287964,-0.7986742258071899,-0.009540557861328125,1.0,0.0,12.250696182250977,0.13332009315490723
9.100136756896973,-0.16237032413482666,-0.9043260216712952,-0.00935856718569994,-0.031816352158784866,2.8811769485473633,268.4466247558594,3.0126535892486572,267.5592041015625,-0.20989283919334412,-0.807844340801239,-0.036258697509765625,1.0,0.0,12.250696182250977,0.13147664070129395
9.100635528564453,-0.043752271682024,-0.9211665391921997,-0.01258122269064188,-0.02065274305641651,2.9883203506469727,247.46585083007812,-3.1380083560943604,267.50634765625,-0.10027552396059036,-0.8558292388916016,-0.03121781349182129,1.0,0.0,12.250696182250977,0.15685701370239258
9.101137161254883,0.0690317377448082,-0.9177982807159424,-0.01258122269064188,-0.03553755208849907,3.112298011779785,247.46585083007812,-3.005650758743286,267.44769287109375,-0.005483103916049004,-0.8753557801246643,-0.053314924240112305,1.0,0.0,12.250696182250977,0.1652369499206543
9.101635932922363,0.1857052594423294,-0.8975901007652283,-0.006135910749435425,-0.029955750331282616,3.248894691467285,257.7087707519531,-2.8739097118377686,267.3643493652344,0.08544789254665375,-0.8506083488464355,-0.07880687713623047,1.0,0.0,12.250696182250977,0.16038084030151367
9.10213565826416,0.29654452204704285,-0.8740136027336121,0.034147292375564575,0.021210789680480957,3.377751350402832,257.7087707519531,-2.741611957550049,267.3062438964844,0.2482576221227646,-0.8601601719856262,-0.030057191848754883,1.0,0.0,12.250696182250977,0.16382217407226562
9.102636337280273,0.41321805119514465,-0.8234924674034119,-0.00935856718569994,-0.015070940367877483,3.52034854888916,268.4466247558594,-2.6091973781585693,267.2542724609375,0.3439020812511444,-0.8085505366325378,-0.0413670539855957,1.0,0.0,12.250696182250977,0.1536393165588379
9.10313606262207,0.5143349766731262,-0.7628673911094666,0.009977370500564575,-0.03553755581378937,3.654568672180176,268.4466247558594,-2.4776692390441895,267.1658020019531,0.4133477807044983,-0.8010874390602112,-0.09896469116210938,1.0,0.0,12.250696182250977,0.15094757080078125
9.103635787963867,0.6144794821739197,-0.6904540061950684,0.003532057860866189,0.001674473169259727,3.7747201919555664,257.4513244628906,-2.3471286296844482,267.03790283203125,0.5368596315383911,-0.7125052213668823,-0.06001162528991699,1.0,0.0,12.250696182250977,0.16133642196655273
9.104135513305664,0.6912890076637268,-0.6113042235374451,-0.0029132545460015535,-0.005767932627350092,3.903447151184082,257.4513244628906,-2.2165327072143555,266.9149169921875,0.6108906269073486,-0.6926084160804749,-0.11381030082702637,1.0,0.0,12.250696182250977,0.16320562362670898
9.104635238647461,0.7622655034065247,-0.5220506191253662,0.01481135468930006,0.008186577819287777,4.005101203918457,236.4695281982422,-2.087158203125,266.7431335449219,0.68815016746521,-0.6110595464706421,-0.12139749526977539,1.0,0.0,12.250696182250977,0.19092607498168945
9.105135917663574,0.818657636642456,-0.42437657713890076,0.003532057860866189,-0.015070940367877483,4.123570442199707,236.4695281982422,-1.9581981897354126,266.55792236328125,0.7514523863792419,-0.49701231718063354,-0.10858368873596191,1.0,0.0,12.250696182250977,0.2014169692993164
9.105634689331055,0.8653271794319153,-0.3165985345840454,0.024479323998093605,0.010047179646790028,4.282471656799316,268.4466247558594,-1.8294023275375366,266.3695373535156,0.8001201748847961,-0.364701509475708,-0.08064961433410645,1.0,0.0,12.250696182250977,0.1713113784790039
9.106135368347168,0.9022738337516785,-0.20545227825641632,0.034147292375564575,0.010047179646790028,4.416691780090332,268.4466247558594,-1.7009323835372925,266.1714172363281,0.8727954626083374,-0.2872990667819977,-0.09959101676940918,1.0,0.0,12.250696182250977,0.16556119918823242
9.106635093688965,0.9139406681060791,-0.08420158922672272,0.018034011125564575,0.008186577819287777,4.550915718078613,268.4466247558594,-1.573651671409607,265.9273681640625,0.8379788398742676,-0.1954270452260971,-0.13823199272155762,1.0,0.0,12.250696182250977,0.15861797332763672
9.107134819030762,0.9256083965301514,0.03704889118671417,0.01320002693682909,-0.002046729438006878,4.685135841369629,268.4466247558594,-1.4454718828201294,265.7264099121094,0.895592987537384,-0.06010189279913902,-0.10422730445861816,1.0,0.0,12.250696182250977,0.15257787704467773
9.107634544372559,0.9081071019172668,0.15493115782737732,0.024479323998093605,0.02307138964533806,4.805954933166504,257.96673583984375,-1.3175735473632812,265.5177001953125,0.857973039150238,0.05543959513306618,-0.10064482688903809,1.0,0.0,12.250696182250977,0.15965700149536133
9.108135223388672,0.8799111247062683,0.27112942934036255,0.026090651750564575,0.02400168962776661,4.934937477111816,257.96673583984375,-1.1903750896453857,265.28411865234375,0.8368890285491943,0.17248278856277466,-0.08914637565612793,1.0,0.0,12.250696182250977,0.15787267684936523
9.108634948730469,0.8400478363037109,0.37385544180870056,0.024479323998093605,0.030513795092701912,5.0223588943481445,225.49517822265625,-1.0630238056182861,265.0617980957031,0.8349846005439758,0.26860252022743225,-0.10867619514465332,1.0,0.0,12.250696182250977,0.19780302047729492
9.109134674072266,0.7904614806175232,0.46647727489471436,0.030924635007977486,0.039816804230213165,5.135106086730957,225.49517822265625,-0.9364776611328125,264.8103332519531,0.7786818146705627,0.3454550802707672,-0.12906956672668457,1.0,0.0,12.250696182250977,0.21160173416137695
9.109634399414062,0.7243464589118958,0.5540472865104675,0.009977370500564575,0.02586228959262371,5.3029069900512695,268.7153625488281,-0.810049295425415,264.55914306640625,0.7232317328453064,0.4097781181335449,-0.1577610969543457,1.0,0.0,12.250696182250977,0.17022943496704102
9.11013412475586,0.6426755785942078,0.6416168212890625,0.038981277495622635,0.03144409507513046,5.437264442443848,268.7153625488281,-0.6836321353912354,264.3126220703125,0.662319540977478,0.49637576937675476,-0.1565995216369629,1.0,0.0,12.250696182250977,0.16228914260864258
9.110633850097656,0.5464197397232056,0.7207666635513306,0.018034011125564575,0.03237439692020416,5.557206153869629,257.4513244628906,-0.5559794902801514,264.12359619140625,0.5130822062492371,0.5918149352073669,-0.07056879997253418,1.0,0.0,12.250696182250977,0.1699995994567871
9.111133575439453,0.45308104157447815,0.7813917994499207,0.016422683373093605,0.016559286043047905,5.6859331130981445,257.4513244628906,-0.42867565155029297,263.9236145019531,0.4688945412635803,0.6379300951957703,-0.11772394180297852,1.0,0.0,12.250696182250977,0.16857671737670898
9.111634254455566,0.3393246829509735,0.8369649052619934,0.021256666630506516,0.04167740046977997,5.828721046447754,268.4466247558594,-0.3000609874725342,263.7831726074219,0.3110934793949127,0.6865646243095398,-0.03764462471008301,1.0,0.0,12.250696182250977,0.1544032096862793
9.112133979797363,0.23042969405651093,0.8773818016052246,0.029313307255506516,0.05191070958971977,5.962943077087402,268.4466247558594,-0.1710960865020752,263.66015625,0.2724509835243225,0.7898946404457092,-0.0735008716583252,1.0,0.0,12.250696182250977,0.14914655685424805
9.11263370513916,0.11764567345380783,0.900958240032196,0.009977370500564575,0.02772289328277111,6.042519569396973,225.72088623046875,-0.0423734188079834,263.5296630859375,0.15238362550735474,0.8159841299057007,-0.05466723442077637,1.0,0.0,12.250696182250977,0.19829225540161133
9.113134384155273,0.012639368884265423,0.9076944589614868,0.037369947880506516,0.02307138964533806,6.155381202697754,225.72088623046875,0.08639979362487793,263.4038391113281,0.06577837467193604,0.8347337245941162,-0.07759571075439453,1.0,0.0,12.250696182250977,0.2142043113708496
9.113633155822754,-0.09042180329561234,0.8975901007652283,0.003532057860866189,0.016559284180402756,0.026072978973388672,257.96673583984375,0.2144002914428711,263.248046875,0.006185335572808981,0.8259845972061157,-0.1347362995147705,1.0,0.0,12.250696182250977,0.18832731246948242
9.11413288116455,-0.21098412573337555,0.8807496428489685,0.0019207298755645752,0.019350185990333557,0.15505552291870117,257.96673583984375,0.3436312675476074,263.1475524902344,-0.1592695415019989,0.8237303495407104,-0.06522703170776367,1.0,0.0,12.250696182250977,0.18857574462890625
9.114632606506348,-0.31987935304641724,0.8437011241912842,0.003532057860866189,0.03330469876527786,0.2837100028991699,257.7087707519531,0.47176170349121094,263.00299072265625,-0.23887817561626434,0.786655068397522,-0.08968853950500488,1.0,0.0,12.250696182250977,0.18805170059204102
9.115133285522461,-0.4287742078304291,0.7999160289764404,0.00836604181677103,0.030513793230056763,0.412564754486084,257.7087707519531,0.5999386310577393,262.8634338378906,-0.36230602860450745,0.7831170558929443,-0.07936215400695801,1.0,0.0,12.250696182250977,0.18737387657165527
9.115633010864258,-0.5260021686553955,0.7426589131355286,-0.01258122269064188,0.012838081456720829,0.5001864433288574,225.49517822265625,0.7279922962188721,262.7215270996094,-0.4924672544002533,0.7187634706497192,-0.03992295265197754,1.0,0.0,12.250696182250977,0.22780585289001465
9.116132736206055,-0.6076735258102417,0.6820337772369385,0.00675471406430006,0.014698682352900505,0.6129336357116699,225.49517822265625,0.8553524017333984,262.5533142089844,-0.571169912815094,0.7029913663864136,-0.08591985702514648,1.0,0.0,12.250696182250977,0.24241876602172852
9.116633415222168,-0.6912891864776611,0.5910957455635071,-0.006135910749435425,0.03144409507513046,0.7806563377380371,268.4466247558594,0.9847800731658936,262.47576904296875,-0.6605415344238281,0.5647784471511841,-0.034070491790771484,1.0,0.0,12.250696182250977,0.20412373542785645
9.117133140563965,-0.7622655034065247,0.5018419027328491,0.01320002693682909,0.02772289142012596,0.9148783683776855,268.4466247558594,1.112673044204712,262.3351135253906,-0.7224082946777344,0.5243524312973022,-0.08266925811767578,1.0,0.0,12.250696182250977,0.19779467582702637
9.117631912231445,-0.8118515610694885,0.3957483172416687,-0.015803879126906395,0.022141089662909508,1.035102367401123,257.7087707519531,1.2398645877838135,262.1677551269531,-0.7200120687484741,0.45127853751182556,-0.14217424392700195,1.0,0.0,12.250696182250977,0.20476222038269043
9.118131637573242,-0.8633821606636047,0.29302188754081726,-0.00935856718569994,-0.007628533989191055,1.163957118988037,257.7087707519531,1.3662126064300537,261.9687194824219,-0.8176448941230774,0.34838274121284485,-0.11137771606445312,1.0,0.0,12.250696182250977,0.2022554874420166
9.118632316589355,-0.8993566036224365,0.17682382464408875,-0.004524582531303167,-0.0029770303517580032,1.3068881034851074,268.7153625488281,1.4925105571746826,261.7718200683594,-0.8650456666946411,0.2263001799583435,-0.09074020385742188,1.0,0.0,12.250696182250977,0.1856224536895752
9.119132041931152,-0.9178301692008972,0.05052090808749199,0.01481135468930006,-0.010419433936476707,1.4412455558776855,268.7153625488281,1.6187975406646729,261.5787658691406,-0.8542381525039673,0.07935913652181625,-0.05370044708251953,1.0,0.0,12.250696182250977,0.1775519847869873
9.11963176727295,-0.9139409065246582,-0.05725733935832977,-0.038362473249435425,-0.00018612784333527088,1.506537914276123,214.75732421875,1.7434237003326416,261.319580078125,-0.8506584763526917,0.046642471104860306,-0.14091920852661133,1.0,0.0,12.250696182250977,0.23688578605651855
9.120132446289062,-0.8954675793647766,-0.14987894892692566,-0.027083175256848335,-0.03460725396871567,1.6139178276062012,214.75732421875,1.8667848110198975,261.0126953125,-0.8541457056999207,0.0035594766959547997,-0.2140798568725586,1.0,0.0,12.250696182250977,0.2528669834136963
9.12063217163086,-0.8731052875518799,-0.26270899176597595,-0.035139817744493484,-0.03553755581378937,1.790015697479248,268.4466247558594,1.9913055896759033,260.7613220214844,-0.8241332769393921,-0.17047885060310364,-0.13018417358398438,1.0,0.0,12.250696182250977,0.20128989219665527
9.121131896972656,-0.8264358639717102,-0.37048766016960144,-0.017415206879377365,-0.03460725396871567,1.9242377281188965,268.4466247558594,2.11482834815979,260.47314453125,-0.7602809071540833,-0.2223118394613266,-0.17348909378051758,1.0,0.0,12.250696182250977,0.19059062004089355
9.121630668640137,-0.7739329934120178,-0.47489771246910095,-0.031917158514261246,-0.013210336677730083,2.044459819793701,257.7087707519531,2.2388699054718018,260.21295166015625,-0.7622746229171753,-0.3412794768810272,-0.16109275817871094,1.0,0.0,12.250696182250977,0.19441008567810059
9.122132301330566,-0.716568648815155,-0.5742557048797607,-0.019026534631848335,-0.015070939436554909,2.173572063446045,257.7087707519531,2.3629214763641357,259.9584655761719,-0.7398000955581665,-0.49367356300354004,-0.11755037307739258,1.0,0.0,12.250696182250977,0.18934941291809082
9.122631072998047,-0.6348970532417297,-0.6618252992630005,-0.031917158514261246,-0.026234546676278114,2.3021693229675293,257.7087707519531,2.4871456623077393,259.71649169921875,-0.6528761386871338,-0.5685876607894897,-0.1137838363647461,1.0,0.0,12.250696182250977,0.18497633934020996
9.123130798339844,-0.5386416912078857,-0.7342386841773987,-0.049641769379377365,-0.05693446844816208,2.431025981903076,257.7087707519531,2.6126043796539307,259.5316467285156,-0.5496991276741028,-0.5998852252960205,-0.12683343887329102,1.0,0.0,12.250696182250977,0.1815783977508545
9.12363052368164,-0.44044169783592224,-0.7965482473373413,-0.019026534631848335,-0.031816352158784866,2.518676280975342,225.49517822265625,2.737682580947876,259.334716796875,-0.42878496646881104,-0.6784781217575073,-0.07358741760253906,1.0,0.0,12.250696182250977,0.21900629997253418
9.124131202697754,-0.34515857696533203,-0.8437011241912842,-0.031917158514261246,-0.029955750331282616,2.63142728805542,225.49517822265625,2.8634588718414307,259.1711730957031,-0.3503190875053406,-0.7315977811813354,-0.08243083953857422,1.0,0.0,12.250696182250977,0.23203158378601074
9.12463092803955,-0.24209727346897125,-0.8773818016052246,-0.015803879126906395,-0.03367695212364197,2.7994513511657715,268.7153625488281,2.9889819622039795,259.0002136230469,-0.2767801880836487,-0.7986926436424255,-0.09507608413696289,1.0,0.0,12.250696182250977,0.189530611038208
9.125130653381348,-0.123479463160038,-0.900958240032196,-0.006135910749435425,-0.01879214122891426,2.9338107109069824,268.7153625488281,3.115858316421509,258.89007568359375,-0.1412155032157898,-0.8041920065879822,-0.062087059020996094,1.0,0.0,12.250696182250977,0.18204760551452637
9.125630378723145,0.0009723808616399765,-0.9110622406005859,-0.015803879126906395,-0.03367695212364197,3.0400843620300293,246.97091674804688,-3.040513277053833,258.77960205078125,-0.01966121606528759,-0.8199287056922913,-0.03898954391479492,1.0,0.0,12.250696182250977,0.20258760452270508
9.126131057739258,0.10986735671758652,-0.9076944589614868,-0.039973799139261246,-0.07554048299789429,3.163817882537842,246.97091674804688,-2.913975477218628,258.65960693359375,0.04616757109761238,-0.8922343850135803,-0.09010815620422363,1.0,0.0,12.250696182250977,0.20539236068725586
9.126629829406738,0.22459612786769867,-0.8841180205345154,-0.028694504871964455,-0.029955750331282616,3.3011221885681152,257.96673583984375,-2.7873857021331787,258.54412841796875,0.14288918673992157,-0.8628235459327698,-0.10437679290771484,1.0,0.0,12.250696182250977,0.19467782974243164
9.127129554748535,0.3354356288909912,-0.8538053631782532,0.016422683373093605,0.010977480560541153,3.430100917816162,257.96673583984375,-2.6608567237854004,258.4287414550781,0.28922995924949646,-0.8197652697563171,-0.05567216873168945,1.0,0.0,12.250696182250977,0.19222784042358398
9.127630233764648,0.44627559185028076,-0.8066520094871521,-0.006135910749435425,-0.031816352158784866,3.53126859664917,236.23304748535156,-2.5344955921173096,258.308837890625,0.3942588269710541,-0.7848803400993347,-0.055759429931640625,1.0,0.0,12.250696182250977,0.2174210548400879
9.128129959106445,0.536697268486023,-0.7443429231643677,0.0019207298755645752,-0.03646785765886307,3.6493849754333496,236.23304748535156,-2.407548189163208,258.2159118652344,0.4692000150680542,-0.7413985133171082,-0.08412575721740723,1.0,0.0,12.250696182250977,0.22625207901000977
9.128629684448242,0.6329529881477356,-0.6719295382499695,-0.004524582531303167,-0.01972244307398796,3.794990062713623,257.7087707519531,-2.279747486114502,258.1611633300781,0.5940988659858704,-0.6382015347480774,-0.026308536529541016,1.0,0.0,12.250696182250977,0.20844793319702148
9.129130363464355,0.714623749256134,-0.5843599438667297,0.0003094017447438091,-0.005767932627350092,3.923844814300537,257.7087707519531,-2.1536905765533447,258.0341796875,0.6610862016677856,-0.5638969540596008,-0.03750753402709961,1.0,0.0,12.250696182250977,0.20564985275268555
9.129630088806152,0.7807388305664062,-0.4900539517402649,0.005143385846167803,-0.023443644866347313,4.066443920135498,268.4466247558594,-2.0286028385162354,257.8687744140625,0.7023764848709106,-0.5436663627624512,-0.11546063423156738,1.0,0.0,12.250696182250977,0.18813848495483398
9.13012981414795,0.8351860642433167,-0.3890118896961212,0.019645338878035545,-0.007628533057868481,4.2006659507751465,268.4466247558594,-1.904117226600647,257.6816711425781,0.7557790279388428,-0.480855256319046,-0.14807534217834473,1.0,0.0,12.250696182250977,0.17840242385864258
9.13062858581543,0.8896341323852539,-0.2744976282119751,0.030924635007977486,-0.010419435799121857,4.3071513175964355,246.97091674804688,-1.779347538948059,257.5105895996094,0.85796058177948,-0.3314001262187958,-0.07456517219543457,1.0,0.0,12.250696182250977,0.1966867446899414
9.131129264831543,0.9188024401664734,-0.1633511632680893,0.034147292375564575,0.011907781474292278,4.430638790130615,246.97091674804688,-1.6542532444000244,257.3568115234375,0.868151843547821,-0.22185982763767242,-0.08132815361022949,1.0,0.0,12.250696182250977,0.19829320907592773
9.13162899017334,0.9275528788566589,-0.05388912558555603,0.037369947880506516,-0.004837631247937679,4.5266547203063965,225.49517822265625,-1.5311208963394165,257.1236877441406,0.8649520874023438,-0.16454647481441498,-0.14258646965026855,1.0,0.0,12.250696182250977,0.22540998458862305
9.132128715515137,0.9314417243003845,0.05388891324400902,0.019645338878035545,0.010977480560541153,4.639405727386475,225.49517822265625,-1.408450961112976,256.8760681152344,0.864956796169281,-0.016599733382463455,-0.0963432788848877,1.0,0.0,12.250696182250977,0.23532867431640625
9.13262939453125,0.9139406681060791,0.15829916298389435,0.009977370500564575,-0.003907330799847841,4.807429790496826,268.7153625488281,-1.2859448194503784,256.6266784667969,0.8693014979362488,0.02280018851161003,-0.1738452911376953,1.0,0.0,12.250696182250977,0.18981075286865234
9.133129119873047,0.8925508856773376,0.28291764855384827,0.003532057860866189,-0.00018612838175613433,4.941789150238037,268.7153625488281,-1.162644386291504,256.4159851074219,0.8498218655586243,0.2060534656047821,-0.08519124984741211,1.0,0.0,12.250696182250977,0.17875194549560547
9.133628845214844,0.8390752673149109,0.3890118896961212,0.030924635007977486,0.034234996885061264,5.062058925628662,257.7087707519531,-1.0398991107940674,256.1863098144531,0.8168835043907166,0.2628423571586609,-0.1347956657409668,1.0,0.0,12.250696182250977,0.1812272071838379
9.13412857055664,0.7885172367095947,0.49678993225097656,0.01320002693682909,0.02400168962776661,5.190913677215576,257.7087707519531,-0.9177296161651611,255.9375,0.7618528604507446,0.38345906138420105,-0.10190749168395996,1.0,0.0,12.250696182250977,0.17454195022583008
9.134628295898438,0.7087900638580322,0.5809917449951172,0.019645338878035545,0.02772289142012596,5.278308391571045,225.49517822265625,-0.795295238494873,255.7049102783203,0.6696259379386902,0.40703827142715454,-0.14472389221191406,1.0,0.0,12.250696182250977,0.20958185195922852
9.135128021240234,0.6514258980751038,0.6668773293495178,0.019645338878035545,-0.011349736712872982,5.39105749130249,225.49517822265625,-0.6722548007965088,255.50291442871094,0.6520208120346069,0.5740165114402771,-0.09192824363708496,1.0,0.0,12.250696182250977,0.21987295150756836
9.135627746582031,0.5619764924049377,0.7342389225959778,0.019645338878035545,0.02772289142012596,5.53126859664917,246.97091674804688,-0.549494743347168,255.29299926757812,0.5568171143531799,0.6053643822669983,-0.10954618453979492,1.0,0.0,12.250696182250977,0.2024221420288086
9.136128425598145,0.4647483825683594,0.7948642373085022,0.043815258890390396,0.03981680050492287,5.65475606918335,246.97091674804688,-0.42698144912719727,255.07728576660156,0.4897908866405487,0.7018447518348694,-0.09772157669067383,1.0,0.0,12.250696182250977,0.2014479637145996
9.136628150939941,0.3587704598903656,0.8437011241912842,0.027701979503035545,0.039816804230213165,5.806050777435303,268.7153625488281,-0.3037385940551758,254.8966827392578,0.36903342604637146,0.7101230621337891,-0.09097051620483398,1.0,0.0,12.250696182250977,0.17339611053466797
9.137127876281738,0.2459859400987625,0.8807496428489685,0.029313307255506516,0.06307431310415268,5.940410137176514,268.7153625488281,-0.17954254150390625,254.7600860595703,0.28829148411750793,0.8096803426742554,-0.07795333862304688,1.0,0.0,12.250696182250977,0.16323280334472656
9.137627601623535,0.125423863530159,0.9076944589614868,0.009977370500564575,0.012838081456720829,6.060679912567139,257.7087707519531,-0.05515480041503906,254.6343536376953,0.16207149624824524,0.7987041473388672,-0.060450077056884766,1.0,0.0,12.250696182250977,0.16735076904296875
9.138128280639648,0.004861295688897371,0.9211665391921997,0.029313307255506516,0.04818950966000557,6.189534664154053,257.7087707519531,0.06958174705505371,254.52589416503906,0.04968813806772232,0.851511538028717,-0.04323768615722656,1.0,0.0,12.250696182250977,0.16323232650756836
9.138627052307129,-0.11181199550628662,0.9144304990768433,-0.0029132545460015535,0.037025902420282364,6.2769293785095215,225.49517822265625,0.19513964653015137,254.4541778564453,-0.0778660997748375,0.8464239835739136,-0.018694162368774414,1.0,0.0,12.250696182250977,0.20139551162719727
9.139126777648926,-0.22070710361003876,0.900958240032196,0.022867994382977486,0.033304695039987564,0.10649299621582031,225.49517822265625,0.32106566429138184,254.3995361328125,-0.20417948067188263,0.8459903597831726,0.0005269050598144531,1.0,0.0,12.250696182250977,0.21457266807556152
9.139626502990723,-0.32960206270217896,0.8639093637466431,0.011588698253035545,0.032374393194913864,0.2607688903808594,257.96673583984375,0.4465792179107666,254.32855224609375,-0.28859180212020874,0.7910287976264954,-0.012058019638061523,1.0,0.0,12.250696182250977,0.18581032752990723
9.140127182006836,-0.43266358971595764,0.8201246857643127,0.0019207298755645752,0.039816804230213165,0.3897514343261719,257.96673583984375,0.5728516578674316,254.29090881347656,-0.394868403673172,0.8187183141708374,-0.03889274597167969,1.0,0.0,12.250696182250977,0.18310022354125977
9.140626907348633,-0.5347526669502258,0.7544471025466919,0.0019207298755645752,0.036095600575208664,0.5180740356445312,257.4513244628906,0.6980936527252197,254.21080017089844,-0.4523816406726837,0.743140697479248,-0.06684327125549316,1.0,0.0,12.250696182250977,0.18001961708068848
9.14112663269043,-0.6300357580184937,0.6837177276611328,0.01320002693682909,0.02586228959262371,0.6468029022216797,257.4513244628906,0.82364821434021,254.14553833007812,-0.5529036521911621,0.6816275715827942,-0.057700395584106445,1.0,0.0,12.250696182250977,0.17684531211853027
9.141627311706543,-0.7155961394309998,0.5961477160453796,-0.01096989493817091,0.02307138778269291,0.7761878967285156,257.96673583984375,0.9497411251068115,254.10446166992188,-0.6658312082290649,0.6039624810218811,-0.031116962432861328,1.0,0.0,12.250696182250977,0.1735532283782959
9.14212703704834,-0.7856003642082214,0.5018421411514282,-0.006135910749435425,0.001674473169259727,0.9051704406738281,257.96673583984375,1.0752708911895752,254.0404052734375,-0.7144201993942261,0.5357773900032043,-0.06355714797973633,1.0,0.0,12.250696182250977,0.17010045051574707
9.14262580871582,-0.847825825214386,0.40080010890960693,0.0019207298755645752,0.039816804230213165,0.9923648834228516,225.49517822265625,1.200165033340454,253.95123291015625,-0.7981967329978943,0.44667676091194153,-0.05516862869262695,1.0,0.0,12.250696182250977,0.20780014991760254
9.14312744140625,-0.8964397311210632,0.2963902950286865,0.003532057860866189,0.035165298730134964,1.105337142944336,225.49517822265625,1.3257486820220947,253.892578125,-0.8440178632736206,0.3187829554080963,-0.0316166877746582,1.0,0.0,12.250696182250977,0.2204115390777588
9.14362621307373,-0.9236634373664856,0.18861162662506104,0.00836604181677103,0.034234996885061264,1.2593936920166016,257.96673583984375,1.4508764743804932,253.8159637451172,-0.893131673336029,0.24867838621139526,-0.06734228134155273,1.0,0.0,12.250696182250977,0.1914827823638916
9.144125938415527,-0.9304696917533875,0.06904514133930206,-0.01096989493817091,0.00446537509560585,1.3883743286132812,257.96673583984375,1.5755226612091064,253.72071838378906,-0.8191827535629272,0.1661582589149475,-0.12080717086791992,1.0,0.0,12.250696182250977,0.1871483325958252
9.144625663757324,-0.9401922225952148,-0.04546911641955376,-0.020637864246964455,-0.01600124128162861,1.5166950225830078,257.4513244628906,1.6991264820098877,253.58387756347656,-0.907749593257904,0.03139156475663185,-0.07872962951660156,1.0,0.0,12.250696182250977,0.18243145942687988
9.145126342773438,-0.925608217716217,-0.16503560543060303,-0.017415206879377365,-0.012280037626624107,1.6454238891601562,257.4513244628906,1.822291612625122,253.43142700195312,-0.8968396782875061,-0.06181544065475464,-0.09864377975463867,1.0,0.0,12.250696182250977,0.17686772346496582
9.145626068115234,-0.8993566036224365,-0.284601628780365,-0.035139817744493484,-0.00762853492051363,1.7748088836669922,257.96673583984375,1.9454329013824463,253.28131103515625,-0.8786526918411255,-0.18160264194011688,-0.08678913116455078,1.0,0.0,12.250696182250977,0.1706240177154541
9.146125793457031,-0.850742757320404,-0.3957479000091553,-0.022249191999435425,-0.029955750331282616,1.9037914276123047,257.96673583984375,2.068366765975952,253.12554931640625,-0.8172116279602051,-0.27172449231147766,-0.09261035919189453,1.0,0.0,12.250696182250977,0.16457533836364746
9.146624565124512,-0.7962952256202698,-0.4967901408672333,-0.035139817744493484,-0.015070940367877483,1.9909858703613281,225.49517822265625,2.1915695667266846,252.98443603515625,-0.7927869558334351,-0.36715397238731384,-0.10319709777832031,1.0,0.0,12.250696182250977,0.20058369636535645
9.147126197814941,-0.7330973148345947,-0.5860437750816345,-0.025471847504377365,-0.015070939436554909,2.1039581298828125,225.49517822265625,2.315164804458618,252.86273193359375,-0.7002747058868408,-0.4574119746685028,-0.08183860778808594,1.0,0.0,12.250696182250977,0.21120667457580566
9.147624969482422,-0.6582317352294922,-0.6685613393783569,-0.031917158514261246,-0.002046728739514947,2.258014678955078,257.96673583984375,2.436551809310913,252.6507110595703,-0.6555781960487366,-0.5473126173019409,-0.08629369735717773,1.0,0.0,12.250696182250977,0.17853713035583496
9.148124694824219,-0.5687824487686157,-0.7493951320648193,-0.031917158514261246,-0.029955750331282616,2.386995315551758,257.96673583984375,2.562030553817749,252.6151885986328,-0.5774350166320801,-0.6642687320709229,-0.052060604095458984,1.0,0.0,12.250696182250977,0.1750352382659912
9.148625373840332,-0.4579427242279053,-0.8167564868927002,-0.025471847504377365,-0.024373944848775864,2.529052734375,268.1784362792969,2.6864025592803955,252.53387451171875,-0.44498294591903687,-0.6864835023880005,-0.035924434661865234,1.0,0.0,12.250696182250977,0.1573498249053955
9.149125099182129,-0.35293665528297424,-0.8740136027336121,-0.027083175256848335,-0.04204965755343437,2.6631412506103516,268.1784362792969,2.812265634536743,252.51695251464844,-0.38516876101493835,-0.7913482189178467,-0.039667606353759766,1.0,0.0,12.250696182250977,0.1491243839263916
9.149624824523926,-0.22654063999652863,-0.9177982807159424,-0.035139817744493484,-0.015070940367877483,2.784170150756836,257.96673583984375,2.9382059574127197,252.50379943847656,-0.2233133465051651,-0.8206939101219177,0.021945953369140625,1.0,0.0,12.250696182250977,0.1540358066558838
9.150124549865723,-0.10792282968759537,-0.9380069375038147,-0.0029132545460015535,-0.024373946711421013,2.9131526947021484,257.96673583984375,3.0650627613067627,252.52919006347656,-0.13458384573459625,-0.8457012176513672,0.0028734207153320312,1.0,0.0,12.250696182250977,0.15191006660461426
9.150625228881836,0.010694972239434719,-0.9481111764907837,-0.015803879126906395,-0.02251334674656391,3.0005722045898438,225.49517822265625,-3.0919435024261475,252.52561950683594,-0.033659473061561584,-0.8899432420730591,-0.0033218860626220703,1.0,0.0,12.250696182250977,0.19066953659057617
9.151124954223633,0.12347922474145889,-0.9447429776191711,-0.031917158514261246,-0.04484056308865547,3.1133193969726562,225.49517822265625,-2.965378761291504,252.53829956054688,0.08042638003826141,-0.9042691588401794,-0.0033707618713378906,1.0,0.0,12.250696182250977,0.20448732376098633
9.151623725891113,0.24598605930805206,-0.9211665391921997,-0.020637864246964455,-0.051352664828300476,3.2811203002929688,268.7153625488281,-2.8385181427001953,252.56292724609375,0.206459179520607,-0.8756442666053772,0.012687444686889648,1.0,0.0,12.250696182250977,0.16354703903198242
9.152124404907227,0.3568257987499237,-0.8841180205345154,0.009977370500564575,-0.005767931696027517,3.415477752685547,268.7153625488281,-2.711801767349243,252.58116149902344,0.30775630474090576,-0.8764455914497375,-0.007968902587890625,1.0,0.0,12.250696182250977,0.15590620040893555
9.152624130249023,0.4841940701007843,-0.8285444378852844,-0.0029132545460015535,-0.02251334674656391,3.5491466522216797,268.1784362792969,-2.5852227210998535,252.59344482421875,0.4568248987197876,-0.7779951095581055,0.05898642539978027,1.0,0.0,12.250696182250977,0.14881610870361328
9.15312385559082,0.5882278680801392,-0.7628673911094666,-0.01258122269064188,-0.01879214122891426,3.683237075805664,268.1784362792969,-2.4577832221984863,252.6414337158203,0.5326523184776306,-0.7568582892417908,0.013681888580322266,1.0,0.0,12.250696182250977,0.1421651840209961
9.153623580932617,0.6815667152404785,-0.6820340156555176,-0.0029132545460015535,-0.01693154126405716,3.762735366821289,225.49517822265625,-2.3304500579833984,252.68397521972656,0.6314472556114197,-0.6938140988349915,0.011476755142211914,1.0,0.0,12.250696182250977,0.19000005722045898
9.15412425994873,0.7642098069190979,-0.5927801728248596,0.0003094017447438091,-0.024373946711421013,3.8754825592041016,225.49517822265625,-2.2025699615478516,252.7486572265625,0.7249341011047363,-0.5613014101982117,0.057374000549316406,1.0,0.0,12.250696182250977,0.20513296127319336
9.154623985290527,0.8361586928367615,-0.49510595202445984,-0.015803879126906395,-0.02251334674656391,4.029762268066406,257.96673583984375,-2.074650287628174,252.81361389160156,0.8087593913078308,-0.4714629650115967,0.06056332588195801,1.0,0.0,12.250696182250977,0.1787729263305664
9.155123710632324,0.8896340727806091,-0.3890118896961212,0.01320002693682909,-0.02065274305641651,4.158744812011719,257.96673583984375,-1.9463211297988892,252.89427185058594,0.8619703054428101,-0.41935965418815613,0.0070226192474365234,1.0,0.0,12.250696182250977,0.17811965942382812
9.155623435974121,0.9450536370277405,-0.2660773992538452,-0.001301926327869296,-0.027164846658706665,4.300872802734375,268.4466247558594,-1.8189990520477295,252.9312286376953,0.9326858520507812,-0.2684938907623291,0.05240964889526367,1.0,0.0,12.250696182250977,0.1633133888244629
9.156123161315918,0.9722773432731628,-0.13809092342853546,0.026090651750564575,-0.013210336677730083,4.435096740722656,268.4466247558594,-1.6912287473678589,252.9861297607422,0.961676836013794,-0.1559542417526245,0.04414677619934082,1.0,0.0,12.250696182250977,0.1568598747253418
9.156622886657715,0.9810280799865723,-0.00842022243887186,0.003532057860866189,-0.01693153940141201,4.5555877685546875,257.7087707519531,-1.564444899559021,252.9983367919922,0.9192214012145996,-0.057590991258621216,0.015446186065673828,1.0,0.0,12.250696182250977,0.16315269470214844
9.157122611999512,0.9771386981010437,0.11619826406240463,0.01320002693682909,0.010977480560541153,4.684442520141602,257.7087707519531,-1.4378447532653809,253.00253295898438,0.9543758630752563,0.055716633796691895,0.009707450866699219,1.0,0.0,12.250696182250977,0.16089820861816406
9.157623291015625,0.9528319239616394,0.23913274705410004,0.024479323998093605,-0.00855883490294218,4.799560546875,246.97091674804688,-1.3124250173568726,252.95713806152344,0.9181519150733948,0.1435483694076538,-0.019072294235229492,1.0,0.0,12.250696182250977,0.17119979858398438
9.158123016357422,0.9188020825386047,0.3586992025375366,0.003532057860866189,-0.007628533989191055,4.92304801940918,246.97091674804688,-1.1862461566925049,252.94456481933594,0.8801190257072449,0.26420870423316956,-0.008664131164550781,1.0,0.0,12.250696182250977,0.17389154434204102
9.158622741699219,0.8633821606636047,0.4681614637374878,0.01481135468930006,0.02121078595519066,5.088090896606445,279.4639587402344,-1.0606839656829834,252.90631103515625,0.8651852607727051,0.34464144706726074,-0.04695844650268555,1.0,0.0,12.250696182250977,0.13441038131713867
9.159123420715332,0.7904617786407471,0.5877277851104736,0.045426588505506516,0.018419886007905006,5.227823257446289,279.4639587402344,-0.9352095127105713,252.86520385742188,0.7899642586708069,0.45703351497650146,-0.026942968368530273,1.0,0.0,12.250696182250977,0.12015295028686523
9.159622192382812,0.7049012780189514,0.6887699365615845,0.030924635007977486,0.02865319326519966,5.339450836181641,257.7087707519531,-0.8089520931243896,252.85797119140625,0.7168982028961182,0.5732699632644653,-0.003071308135986328,1.0,0.0,12.250696182250977,0.1347823143005371
9.16012191772461,0.6115624308586121,0.783075749874115,0.029313307255506516,-0.013210339471697807,5.468305587768555,257.7087707519531,-0.6821849346160889,252.87220764160156,0.6003401875495911,0.6492029428482056,0.020216941833496094,1.0,0.0,12.250696182250977,0.13269472122192383
9.160621643066406,0.48905524611473083,0.8538053631782532,0.016422683373093605,0.02958349511027336,5.610893249511719,268.4466247558594,-0.5536801815032959,252.95925903320312,0.4354148507118225,0.7052130699157715,0.08519434928894043,1.0,0.0,12.250696182250977,0.11861181259155273
9.16112232208252,0.3762713670730591,0.9144304990768433,0.019645338878035545,0.02586229331791401,5.7451171875,268.4466247558594,-0.42482566833496094,253.0592803955078,0.376071035861969,0.779389500617981,0.05983328819274902,1.0,0.0,12.250696182250977,0.11324262619018555
9.161622047424316,0.25376462936401367,0.9582151770591736,0.034147292375564575,0.02865319326519966,5.838441848754883,236.4695281982422,-0.2956101894378662,253.17222595214844,0.27355286478996277,0.8435348868370056,0.06665706634521484,1.0,0.0,12.250696182250977,0.14913320541381836
9.162121772766113,0.12931302189826965,0.9750555753707886,0.032535962760448456,0.06493491679430008,5.956676483154297,236.4695281982422,-0.1657698154449463,253.3090057373047,0.1510290801525116,0.8385010361671448,0.07227134704589844,1.0,0.0,12.250696182250977,0.16073942184448242
9.162622451782227,0.002916899276897311,0.9885280728340149,0.019645338878035545,0.02586229331791401,6.129585266113281,279.18450927734375,-0.035875797271728516,253.44515991210938,0.03016640804708004,0.874958872795105,0.08622431755065918,1.0,0.0,12.250696182250977,0.11772441864013672
9.163122177124023,-0.1332019418478012,0.9784238338470459,0.026090651750564575,0.02772289142012596,6.26917839050293,279.18450927734375,0.09494543075561523,253.61732482910156,-0.08641587942838669,0.8811753392219543,0.08768677711486816,1.0,0.0,12.250696182250977,0.10895252227783203
9.163620948791504,-0.2751544415950775,0.9548473954200745,0.003532057860866189,0.037025898694992065,0.1253056526184082,279.18450927734375,0.2258901596069336,253.7913055419922,-0.24750232696533203,0.8508461713790894,0.1423501968383789,1.0,0.0,12.250696182250977,0.10058450698852539
9.164121627807617,-0.39960595965385437,0.9110622406005859,0.00675471406430006,0.02586229331791401,0.26517724990844727,279.18450927734375,0.3578522205352783,254.0042266845703,-0.34402531385421753,0.8686350584030151,0.10432100296020508,1.0,0.0,12.250696182250977,0.09267497062683105
9.164621353149414,-0.535724937915802,0.8470689058303833,0.027701979503035545,0.04539860412478447,0.3911004066467285,268.7153625488281,0.4894580841064453,254.1979217529297,-0.4808707535266876,0.7715219855308533,0.1532435417175293,1.0,0.0,12.250696182250977,0.0983576774597168
9.165121078491211,-0.6397585868835449,0.7679196000099182,0.01320002693682909,0.02958349511027336,0.5254578590393066,268.7153625488281,0.6223781108856201,254.44235229492188,-0.5622929930686951,0.7287033796310425,0.12011265754699707,1.0,0.0,12.250696182250977,0.09692025184631348
9.165620803833008,-0.7399031519889832,0.6820335388183594,0.009977370500564575,0.035165298730134964,0.6179356575012207,235.99703979492188,0.755972146987915,254.71029663085938,-0.6871212124824524,0.6697585582733154,0.12762808799743652,1.0,0.0,12.250696182250977,0.13803648948669434
9.166120529174805,-0.8176854252815247,0.587727963924408,0.0019207298755645752,0.01376838143914938,0.735933780670166,235.99703979492188,0.8887917995452881,254.9397735595703,-0.746651291847229,0.5912098288536072,0.09763240814208984,1.0,0.0,12.250696182250977,0.15285801887512207
9.166621208190918,-0.8915783762931824,0.47321367263793945,-0.015803879126906395,0.033304695039987564,0.9232754707336426,290.21258544921875,1.0213878154754639,255.15536499023438,-0.8365042805671692,0.48182016611099243,0.1123194694519043,1.0,0.0,12.250696182250977,0.09811234474182129
9.167120933532715,-0.9450536370277405,0.3469107747077942,-0.014192551374435425,0.006325976923108101,1.0683808326721191,290.21258544921875,1.1524221897125244,255.3004150390625,-0.871015727519989,0.42152073979377747,0.05294656753540039,1.0,0.0,12.250696182250977,0.08404135704040527
9.167619705200195,-0.9926952719688416,0.21724028885364532,-0.007747238967567682,0.01376838143914938,1.1853585243225098,268.4466247558594,1.2839601039886475,255.46400451660156,-0.9661662578582764,0.29614028334617615,0.07485437393188477,1.0,0.0,12.250696182250977,0.0986015796661377
9.168121337890625,-1.0140854120254517,0.07241357117891312,0.00836604181677103,0.0007441720808856189,1.3198513984680176,268.4466247558594,1.4157145023345947,255.63307189941406,-0.9452447295188904,0.12161172181367874,0.11278009414672852,1.0,0.0,12.250696182250977,0.09586310386657715
9.168620109558105,-1.0150575637817383,-0.06399334967136383,-0.025471847504377365,0.005395675078034401,1.4812722206115723,289.9223937988281,1.5464918613433838,255.75755310058594,-0.9718964695930481,0.03241347894072533,0.0765080451965332,1.0,0.0,12.250696182250977,0.06521964073181152
9.169119834899902,-0.9888061881065369,-0.20376785099506378,-0.023860519751906395,-0.01600124128162861,1.626232624053955,289.9223937988281,1.676306962966919,255.8387451171875,-0.9128161668777466,-0.04868301749229431,0.03315925598144531,1.0,0.0,12.250696182250977,0.05007433891296387
9.1696195602417,-0.9596379399299622,-0.33512255549430847,-0.041585128754377365,-0.01879214122891426,1.688793659210205,225.49517822265625,1.8075807094573975,255.97988891601562,-0.9389646649360657,-0.23269237577915192,0.09181976318359375,1.0,0.0,12.250696182250977,0.11878705024719238
9.170120239257812,-0.9061625599861145,-0.4412165880203247,-0.023860519751906395,-0.030886052176356316,1.8015408515930176,225.49517822265625,1.9383347034454346,256.09588623046875,-0.8585880398750305,-0.27001437544822693,0.02258443832397461,1.0,0.0,12.250696182250977,0.136793851852417
9.17061996459961,-0.8429644703865051,-0.5574153065681458,-0.014192551374435425,-0.03460725396871567,1.997063159942627,290.21258544921875,2.0701048374176025,256.2525329589844,-0.8207892179489136,-0.45864441990852356,0.09604215621948242,1.0,0.0,12.250696182250977,0.07304167747497559
9.171119689941406,-0.764210045337677,-0.6736135482788086,-0.023860519751906395,-0.012280037626624107,2.1421685218811035,290.21258544921875,2.200670003890991,256.3551330566406,-0.7675114274024963,-0.5674719214439392,0.09259557723999023,1.0,0.0,12.250696182250977,0.058501482009887695
9.17162036895752,-0.6572597622871399,-0.7712875604629517,-0.041585128754377365,-0.01879214122891426,2.2731575965881348,279.18450927734375,2.333167314529419,256.5367126464844,-0.6687087416648865,-0.6569408774375916,0.10004997253417969,1.0,0.0,12.250696182250977,0.06000971794128418
9.172120094299316,-0.5405861735343933,-0.8521209359169006,-0.031917158514261246,-0.04484056308865547,2.412750720977783,279.18450927734375,2.466601610183716,256.7539367675781,-0.541101336479187,-0.718883752822876,0.11580419540405273,1.0,0.0,12.250696182250977,0.05385088920593262
9.172618865966797,-0.4073845148086548,-0.9245347380638123,-0.054475754499435425,-0.01879214495420456,2.565798282623291,289.9223937988281,2.5998270511627197,256.9578857421875,-0.4031180441379547,-0.7844894528388977,0.15335369110107422,1.0,0.0,12.250696182250977,0.03402876853942871
9.173118591308594,-0.2693207859992981,-0.9683194160461426,-0.030305832624435425,-0.055073872208595276,2.710758686065674,289.9223937988281,2.7356746196746826,257.26751708984375,-0.2884725034236908,-0.8624684810638428,0.16957569122314453,1.0,0.0,12.250696182250977,0.02491593360900879
9.173619270324707,-0.1273685097694397,-0.9952642917633057,-0.035139817744493484,-0.04484056308865547,2.787353992462158,236.4695281982422,2.8714277744293213,257.56683349609375,-0.13433937728405,-0.8475395441055298,0.19962692260742188,1.0,0.0,12.250696182250977,0.08407378196716309
9.174118995666504,-0.014584008604288101,-1.0053681135177612,-0.022249191999435425,-0.052282966673374176,2.9055886268615723,236.4695281982422,3.0078423023223877,257.88726806640625,-0.09507063031196594,-0.9528948068618774,0.12074518203735352,1.0,0.0,12.250696182250977,0.10225367546081543
9.1746187210083,0.12347922474145889,-1.002000331878662,-0.022249191999435425,-0.029955750331282616,3.0922436714172363,289.9223937988281,-3.1388802528381348,258.203125,0.06642630696296692,-0.9569896459579468,0.15326523780822754,1.0,0.0,12.250696182250977,0.05206155776977539
9.175119400024414,0.2654317319393158,-0.9750555753707886,-0.00935856718569994,-0.015070940367877483,3.2372050285339355,289.9223937988281,-3.0030126571655273,258.4874267578125,0.2255660742521286,-0.9248185753822327,0.18756771087646484,1.0,0.0,12.250696182250977,0.042967796325683594
9.175619125366211,0.40155020356178284,-0.9245347380638123,0.011588698253035545,-0.04577086120843887,3.3684191703796387,279.18450927734375,-2.8655171394348145,258.8341064453125,0.3383009433746338,-0.8844140768051147,0.17624998092651367,1.0,0.0,12.250696182250977,0.04924917221069336
9.176118850708008,0.5298910737037659,-0.8639096021652222,-0.00935856718569994,-0.01879214122891426,3.508012294769287,279.18450927734375,-2.7288248538970947,259.1398620605469,0.45532315969467163,-0.8475998640060425,0.1672358512878418,1.0,0.0,12.250696182250977,0.04634809494018555
9.176617622375488,0.6436477303504944,-0.7813917994499207,0.005143385846167803,-0.030886052176356316,3.6198582649230957,257.7087707519531,-2.5924410820007324,259.42608642578125,0.5652305483818054,-0.7770100831985474,0.16689753532409668,1.0,0.0,12.250696182250977,0.07088613510131836
9.177118301391602,0.7350415587425232,-0.6971902251243591,0.009977370500564575,-0.005767931696027517,3.7487130165100098,257.7087707519531,-2.455778121948242,259.71820068359375,0.6582449078559875,-0.7198725938796997,0.1420292854309082,1.0,0.0,12.250696182250977,0.07869434356689453
9.177618026733398,0.8264356255531311,-0.5860439538955688,0.021256666630506516,-0.029025450348854065,3.891300678253174,268.4466247558594,-2.3196654319763184,259.98095703125,0.740879476070404,-0.588791012763977,0.1646733283996582,1.0,0.0,12.250696182250977,0.0722193717956543
9.178117752075195,0.8983843922615051,-0.47489750385284424,-0.007747238967567682,-0.04391026124358177,4.025523662567139,268.4466247558594,-2.1826140880584717,260.27789306640625,0.8386443853378296,-0.5138834714889526,0.14942455291748047,1.0,0.0,12.250696182250977,0.07504796981811523
9.178618431091309,0.9508872032165527,-0.35027918219566345,0.030924635007977486,-0.01786184124648571,4.187214374542236,289.9223937988281,-2.0453498363494873,260.57696533203125,0.8940944075584412,-0.4395834803581238,0.10487151145935059,1.0,0.0,12.250696182250977,0.05062150955200195
9.179118156433105,0.9965844750404358,-0.21050406992435455,0.038981277495622635,0.03144409507513046,4.332176685333252,289.9223937988281,-1.9094858169555664,260.81146240234375,0.9597466588020325,-0.2620868980884552,0.1596825122833252,1.0,0.0,12.250696182250977,0.041522979736328125
9.179617881774902,1.0082520246505737,-0.06904556602239609,0.027701979503035545,0.02865319326519966,4.463759899139404,279.4639587402344,-1.7746002674102783,260.9997253417969,0.9228091239929199,-0.1737191081047058,0.10513830184936523,1.0,0.0,12.250696182250977,0.044825077056884766
9.1801176071167,1.0179742574691772,0.0724133625626564,0.038981277495622635,0.02400169149041176,4.6034932136535645,279.4639587402344,-1.6390880346298218,261.21063232421875,0.9939097166061401,-0.01637292467057705,0.13944077491760254,1.0,0.0,12.250696182250977,0.0406041145324707
9.180617332458496,0.9926953315734863,0.2037680745124817,0.030924635007977486,0.034234996885061264,4.70138692855835,246.97091674804688,-1.504037618637085,261.3974914550781,0.9553654789924622,0.0740765854716301,0.09813427925109863,1.0,0.0,12.250696182250977,0.07776117324829102
9.181117057800293,0.9625546336174011,0.33007076382637024,0.01320002693682909,0.0053956760093569756,4.824873447418213,246.97091674804688,-1.3691412210464478,261.5741271972656,0.9274383187294006,0.22665633261203766,0.12572073936462402,1.0,0.0,12.250696182250977,0.08917093276977539
9.18161678314209,0.906162679195404,0.4479530155658722,0.026090651750564575,0.02214108780026436,4.98955774307251,279.18450927734375,-1.233926773071289,261.7601318359375,0.8999555110931396,0.3145725727081299,0.08698201179504395,1.0,0.0,12.250696182250977,0.059700965881347656
9.182116508483887,0.8361585736274719,0.5692034959793091,0.026090651750564575,0.02400168962776661,5.129150867462158,279.18450927734375,-1.0994224548339844,261.91253662109375,0.8167902231216431,0.45552346110343933,0.12515592575073242,1.0,0.0,12.250696182250977,0.054612159729003906
9.1826171875,0.7486534118652344,0.6668775081634521,0.009977370500564575,0.033304695039987564,5.26874303817749,279.18450927734375,-0.9647417068481445,262.06884765625,0.7759321331977844,0.5001765489578247,0.05407428741455078,1.0,0.0,12.250696182250977,0.04970073699951172
9.183116912841797,0.6465645432472229,0.7696033716201782,0.022867994382977486,0.012838081456720829,5.408336162567139,279.18450927734375,-0.8293406963348389,262.2524719238281,0.6603107452392578,0.6328515410423279,0.11055850982666016,1.0,0.0,12.250696182250977,0.04550886154174805
9.183616638183594,0.5172514915466309,0.8521214127540588,0.021256666630506516,0.036095600575208664,5.561662197113037,289.9223937988281,-0.6920983791351318,262.5096435546875,0.4676518142223358,0.6831275820732117,0.180023193359375,1.0,0.0,12.250696182250977,0.02942514419555664
9.184117317199707,0.39960619807243347,0.9177982807159424,0.029313307255506516,0.02400168962776661,5.706623554229736,289.9223937988281,-0.5549066066741943,262.7590026855469,0.45337817072868347,0.78017258644104,0.11652135848999023,1.0,0.0,12.250696182250977,0.021655559539794922
9.184616088867188,0.27126529812812805,0.9716876149177551,0.019645338878035545,0.05005011335015297,5.810454845428467,257.96673583984375,-0.4170501232147217,263.0312805175781,0.3093053996562958,0.895213782787323,0.17274713516235352,1.0,0.0,12.250696182250977,0.05568075180053711
9.1851167678833,0.13125766813755035,0.9952642917633057,0.029313307255506516,0.055631913244724274,5.939696788787842,257.96673583984375,-0.2778356075286865,263.35498046875,0.15872177481651306,0.8823337554931641,0.18839001655578613,1.0,0.0,12.250696182250977,0.06565332412719727
9.185615539550781,-0.0009721374954096973,0.9986320734024048,0.01481135468930006,0.030513795092701912,6.095917224884033,279.4639587402344,-0.13857698440551758,263.6736145019531,0.06021423637866974,0.8941888213157654,0.1598653793334961,1.0,0.0,12.250696182250977,0.0486912727355957
9.186116218566895,-0.13903574645519257,0.9952642917633057,0.021256666630506516,0.04539860785007477,6.235649585723877,279.4639587402344,0.0011031627655029297,264.0032653808594,-0.07137566059827805,0.9519869089126587,0.16237878799438477,1.0,0.0,12.250696182250977,0.04863882064819336
9.186615943908691,-0.28293266892433167,0.9582151770591736,0.009977370500564575,0.033304695039987564,0.09183597564697266,279.18450927734375,0.14139056205749512,264.3515319824219,-0.20043028891086578,0.8453665375709534,0.18024086952209473,1.0,0.0,12.250696182250977,0.04955458641052246
9.187115669250488,-0.41127339005470276,0.9144304990768433,0.00675471406430006,0.037025898694992065,0.2314291000366211,279.18450927734375,0.2812950611114502,264.6763916015625,-0.32850512862205505,0.8850420713424683,0.16299080848693848,1.0,0.0,12.250696182250977,0.0498659610748291
9.187616348266602,-0.5435029864311218,0.8470689058303833,0.003532057860866189,0.03144409507513046,0.3847665786743164,289.9223937988281,0.4214131832122803,265.0035400390625,-0.47290176153182983,0.8065130710601807,0.19804048538208008,1.0,0.0,12.250696182250977,0.03664660453796387
9.188116073608398,-0.661148726940155,0.7645515203475952,0.034147292375564575,0.036095600575208664,0.529728889465332,289.9223937988281,0.5621864795684814,265.3509521484375,-0.5694366693496704,0.7700713872909546,0.1636350154876709,1.0,0.0,12.250696182250977,0.032457590103149414
9.188614845275879,-0.7671269774436951,0.6685613393783569,0.0019207298755645752,0.019350185990333557,0.6194639205932617,246.97091674804688,0.7037453651428223,265.7243347167969,-0.725135087966919,0.6660541892051697,0.21352887153625488,1.0,0.0,12.250696182250977,0.08428144454956055
9.189115524291992,-0.8458812832832336,0.5658352971076965,0.021256666630506516,0.034234996885061264,0.7431964874267578,246.97091674804688,0.843712568283081,266.0227355957031,-0.7698606252670288,0.5891386270523071,0.16321444511413574,0.0,0.0,12.250696182250977,0.10051608085632324
9.189615249633789,-0.9168575406074524,0.44290080666542053,0.0019207298755645752,0.02679259143769741,0.9272222518920898,294.4984130859375,0.9844639301300049,266.3480224609375,-0.8803555369377136,0.4403740167617798,0.2121415138244629,0.0,0.0,12.250696182250977,0.05724167823791504
9.190114974975586,-0.9664435982704163,0.30986231565475464,-0.00935856718569994,0.012838081456720829,1.074472427368164,294.4984130859375,1.124767541885376,266.6475524902344,-0.9147968888282776,0.35720282793045044,0.16329383850097656,0.0,0.0,12.250696182250977,0.050295114517211914
9.190614700317383,-0.9926955103874207,0.18355940282344818,-0.004524582531303167,-0.0029770303517580032,1.1727542877197266,257.7087707519531,1.2635767459869385,266.8778076171875,-0.9348046183586121,0.30719780921936035,0.07896900177001953,0.0,0.0,12.250696182250977,0.09082245826721191
9.191115379333496,-1.0101960897445679,0.04546911641955376,-0.017415206879377365,-0.002977029886096716,1.3016071319580078,257.7087707519531,1.4023659229278564,267.1026916503906,-0.9510506987571716,0.12671402096748352,0.12549877166748047,0.0,0.0,12.250696182250977,0.10075879096984863
9.191615104675293,-1.0082515478134155,-0.08925359696149826,-0.019026534631848335,-0.005767931696027517,1.4590473175048828,279.18450927734375,1.5406882762908936,267.3032531738281,-0.9802250266075134,-0.016581205651164055,0.1366596221923828,0.0,0.0,12.250696182250977,0.08164095878601074
9.19211483001709,-0.9790833592414856,-0.22060829401016235,-0.039973799139261246,-0.006698232609778643,1.5986394882202148,279.18450927734375,1.678422212600708,267.4747009277344,-0.9437836408615112,-0.08463449031114578,0.07123184204101562,0.0,0.0,12.250696182250977,0.07978272438049316
9.192614555358887,-0.9489429593086243,-0.3603832423686981,-0.025471847504377365,0.001674473169259727,1.734147071838379,276.1165771484375,1.8165314197540283,267.6583251953125,-0.9307704567909241,-0.2763604521751404,0.1326284408569336,0.0,0.0,12.250696182250977,0.08238434791564941
9.193115234375,-0.8789388537406921,-0.47489750385284424,-0.027083175256848335,-0.00669823307543993,1.8722057342529297,276.1165771484375,1.9541380405426025,267.81695556640625,-0.8806400299072266,-0.32507067918777466,0.059760093688964844,0.0,0.0,12.250696182250977,0.08193230628967285
9.19361400604248,-0.8176853060722351,-0.5944637060165405,-0.004524582531303167,-0.029025448486208916,2.0139150619506836,279.18450927734375,2.0919783115386963,267.9823303222656,-0.856428325176239,-0.5298741459846497,0.1226816177368164,0.0,0.0,12.250696182250977,0.0780632495880127
9.194113731384277,-0.7117071747779846,-0.6971902251243591,-0.038362473249435425,-0.03553755581378937,2.1535072326660156,279.18450927734375,2.229713201522827,268.13958740234375,-0.716117262840271,-0.5380480289459229,0.07510042190551758,0.0,0.0,12.250696182250977,0.07620596885681152
9.19461441040039,-0.6067010164260864,-0.7914960384368896,-0.031917158514261246,0.020280489698052406,2.3068437576293945,289.9223937988281,2.3669521808624268,268.2729187011719,-0.6246971487998962,-0.6454708576202393,0.0953836441040039,0.0,0.0,12.250696182250977,0.06010842323303223
9.195114135742188,-0.48127731680870056,-0.8672776222229004,-0.022249191999435425,-0.013210337609052658,2.4518051147460938,289.9223937988281,2.5063045024871826,268.4918518066406,-0.4908444583415985,-0.7071074843406677,0.11845064163208008,0.0,0.0,12.250696182250977,0.05449938774108887
9.195613861083984,-0.34710296988487244,-0.9279027581214905,-0.031917158514261246,-0.02065274305641651,2.596766471862793,289.9223937988281,2.6465904712677,268.7455749511719,-0.3855055272579193,-0.7644964456558228,0.11799144744873047,0.0,0.0,12.250696182250977,0.04982399940490723
9.196113586425781,-0.21292901039123535,-0.9716876149177551,-0.00935856718569994,0.003535074181854725,2.7417287826538086,289.9223937988281,2.7875711917877197,269.0231628417969,-0.26656851172447205,-0.8387020230293274,0.13649320602416992,0.0,0.0,12.250696182250977,0.04584240913391113
9.196614265441895,-0.07486554235219955,-1.002000331878662,-0.022249191999435425,-0.031816352158784866,2.8320274353027344,247.21812438964844,2.928856134414673,269.3078308105469,-0.11034942418336868,-0.9198445081710815,0.18384456634521484,0.0,0.0,12.250696182250977,0.09682869911193848
9.197113990783691,0.05541986599564552,-0.9986320734024048,-0.038362473249435425,-0.052282966673374176,2.955636978149414,247.21812438964844,3.07129168510437,269.634765625,-0.0036793500185012817,-0.9172306656837463,0.15678787231445312,0.0,0.0,12.250696182250977,0.11565470695495605
9.197612762451172,0.19153833389282227,-0.9851598739624023,-0.01096989493817091,-0.012280037626624107,3.133660316467285,289.9223937988281,-3.0702462196350098,269.9217529296875,0.14519789814949036,-0.9237464070320129,0.1752324104309082,0.0,0.0,12.250696182250977,0.07927894592285156
9.198113441467285,0.327657550573349,-0.9481111764907837,-0.01096989493817091,-0.03832845389842987,3.2786216735839844,289.9223937988281,-2.928809642791748,270.19390869140625,0.25735634565353394,-0.9177901744842529,0.15126585960388184,0.0,0.0,12.250696182250977,0.07575416564941406
9.198613166809082,0.4579424560070038,-0.8908540606498718,-0.01096989493817091,-0.027164850383996964,3.4098377227783203,279.18450927734375,-2.78709077835083,270.4720153808594,0.36112701892852783,-0.8593460321426392,0.13400721549987793,0.0,0.0,12.250696182250977,0.0862569808959961
9.199112892150879,0.5814219117164612,-0.8218085169792175,0.00836604181677103,-0.01786184310913086,3.5494308471679688,279.18450927734375,-2.6451687812805176,270.75311279296875,0.5244764089584351,-0.8046166896820068,0.17217421531677246,0.0,0.0,12.250696182250977,0.08858585357666016
9.199612617492676,0.6893450617790222,-0.735922634601593,-0.0029132545460015535,-0.02065274305641651,3.661532402038574,257.7087707519531,-2.5036001205444336,271.0133361816406,0.6268089413642883,-0.7313356995582581,0.16157102584838867,0.0,0.0,12.250696182250977,0.11805295944213867
9.200113296508789,0.7690715193748474,-0.6382486820220947,0.01320002693682909,-0.013210339471697807,3.7903871536254883,257.7087707519531,-2.362657070159912,271.2415771484375,0.6730911135673523,-0.6580139994621277,0.10862040519714355,0.0,0.0,12.250696182250977,0.1301412582397461
9.200613021850586,0.8546317219734192,-0.530470609664917,-0.004524582531303167,-0.01972244307398796,3.9470901489257812,279.4639587402344,-2.2217626571655273,271.4632873535156,0.8044226169586182,-0.565494954586029,0.12923336029052734,0.0,0.0,12.250696182250977,0.11433267593383789
9.201112747192383,0.912968635559082,-0.4092203378677368,0.00836604181677103,-0.0011164294555783272,4.086821556091309,279.4639587402344,-2.0807273387908936,271.6861572265625,0.852922260761261,-0.4700983762741089,0.09712767601013184,0.0,0.0,12.250696182250977,0.11563634872436523
9.201611518859863,0.9654715657234192,-0.27112942934036255,-0.00935856718569994,-0.00018612838175613433,4.239660263061523,289.9223937988281,-1.9405521154403687,271.8683776855469,0.8995009064674377,-0.30978384613990784,0.12920928001403809,0.0,0.0,12.250696182250977,0.10297298431396484
9.202112197875977,0.9917230010032654,-0.13809092342853546,0.00675471406430006,0.007256277371197939,4.384621620178223,289.9223937988281,-1.800869107246399,272.0258483886719,0.9421012997627258,-0.23580265045166016,0.07577252388000488,0.0,0.0,12.250696182250977,0.09769487380981445
9.202611923217773,1.0043624639511108,-0.001684002229012549,0.009977370500564575,0.018419884145259857,4.515837669372559,279.18450927734375,-1.6618235111236572,272.1531677246094,0.9814228415489197,-0.12333087623119354,0.056936025619506836,0.0,0.0,12.250696182250977,0.10552453994750977
9.20311164855957,0.9936676025390625,0.14819493889808655,0.043815258890390396,0.019350185990333557,4.655430793762207,279.18450927734375,-1.5231400728225708,272.26287841796875,0.9505243301391602,0.05731405317783356,0.10371899604797363,0.0,0.0,12.250696182250977,0.1046147346496582
9.203612327575684,0.9596381783485413,0.2677614092826843,0.030924635007977486,0.02865319326519966,4.753790855407715,246.97091674804688,-1.3845210075378418,272.3674621582031,0.9341443181037903,0.13929012417793274,0.05271649360656738,0.0,0.0,12.250696182250977,0.14487361907958984
9.20411205291748,0.9119961261749268,0.38395968079566956,0.016422683373093605,0.033304695039987564,4.877274513244629,246.97091674804688,-1.2462579011917114,272.4547424316406,0.8709064722061157,0.2245161235332489,0.01862311363220215,0.0,0.0,12.250696182250977,0.1596531867980957
9.204611778259277,0.8487982749938965,0.5001579523086548,0.024479323998093605,0.02493199147284031,5.05573844909668,289.9223937988281,-1.1093013286590576,272.48541259765625,0.7994009256362915,0.34371721744537354,0.03551626205444336,0.0,0.0,12.250696182250977,0.11814546585083008
9.205111503601074,0.7671269774436951,0.6146724224090576,0.047037918120622635,0.036095600575208664,5.200699806213379,289.9223937988281,-0.9713480472564697,272.557373046875,0.7633433938026428,0.4758864939212799,0.04903721809387207,0.0,0.0,12.250696182250977,0.11113786697387695
9.205611228942871,0.6786496639251709,0.7140302062034607,0.019645338878035545,0.020280487835407257,5.331637382507324,279.18450927734375,-0.8332078456878662,272.6356201171875,0.6902029514312744,0.5791065096855164,0.05156421661376953,0.0,0.0,12.250696182250977,0.11834001541137695
9.206111907958984,0.578505277633667,0.7999160289764404,0.01320002693682909,-0.015070940367877483,5.471508979797363,279.18450927734375,-0.6940805912017822,272.75347900390625,0.6287840604782104,0.6700324416160583,0.03144240379333496,0.0,0.0,12.250696182250977,0.11759614944458008
9.206610679626465,0.4540535509586334,0.8740136027336121,0.01481135468930006,0.008186577819287777,5.624926567077637,290.21258544921875,-0.555199146270752,272.8585510253906,0.5110902786254883,0.7423192262649536,0.043326616287231445,0.0,0.0,12.250696182250977,0.10305976867675781
9.207111358642578,0.32376813888549805,0.931270956993103,0.00675471406430006,0.03144409507513046,5.770033359527588,290.21258544921875,-0.41545605659484863,272.99786376953125,0.3683914542198181,0.8336070775985718,0.09067916870117188,0.0,0.0,12.250696182250977,0.09769582748413086
9.207611083984375,0.18764930963516235,0.9649515748023987,0.00675471406430006,0.02400168962776661,5.873534679412842,257.7087707519531,-0.27556943893432617,273.1402893066406,0.23953072726726532,0.8433914184570312,0.09023404121398926,0.0,0.0,12.250696182250977,0.13408136367797852
9.208110809326172,0.06125354394316673,0.9851598739624023,0.003532057860866189,0.007256277371197939,6.0023884773254395,257.7087707519531,-0.1346282958984375,273.3240966796875,0.10808257013559341,0.9118949770927429,0.10817646980285645,0.0,0.0,12.250696182250977,0.14616870880126953
9.208610534667969,-0.0729207769036293,0.981791615486145,0.00675471406430006,0.035165298730134964,6.1590895652771,279.4639587402344,0.006084442138671875,273.4943542480469,0.0033713693264871836,0.9127978086471558,0.08169102668762207,0.0,0.0,12.250696182250977,0.13018035888671875
9.209111213684082,-0.20903973281383514,0.9649515748023987,-0.004524582531303167,0.02865319512784481,0.015635967254638672,279.4639587402344,0.1470475196838379,273.6714172363281,-0.13230334222316742,0.9207760095596313,0.08721351623535156,0.0,0.0,12.250696182250977,0.13141155242919922
9.209609985351562,-0.3451586961746216,0.9245347380638123,0.00836604181677103,0.034234996885061264,0.16847562789916992,289.9223937988281,0.287585973739624,273.82708740234375,-0.25426411628723145,0.887935221195221,0.08289003372192383,0.0,0.0,12.250696182250977,0.1191103458404541
9.210110664367676,-0.4793327748775482,0.860541582107544,0.01320002693682909,0.038886502385139465,0.31372690200805664,289.9223937988281,0.42914581298828125,274.0224304199219,-0.3833558261394501,0.7861904501914978,0.11633181571960449,0.0,0.0,12.250696182250977,0.11541891098022461
9.210610389709473,-0.5940616726875305,0.7864440083503723,-0.01258122269064188,0.035165298730134964,0.45839786529541016,289.9223937988281,0.5707972049713135,274.2173156738281,-0.49114474654197693,0.7972443699836731,0.07301568984985352,0.0,0.0,12.250696182250977,0.11239933967590332
9.21111011505127,-0.7087903022766113,0.6955059766769409,0.018034011125564575,0.036095600575208664,0.6033587455749512,289.9223937988281,0.7117102146148682,274.37713623046875,-0.6203597784042358,0.7063434720039368,0.10081124305725098,0.0,0.0,12.250696182250977,0.10835146903991699
9.211609840393066,-0.7924061417579651,0.5978319644927979,-0.01096989493817091,0.017489584162831306,0.6933426856994629,246.97091674804688,0.8542633056640625,274.6023864746094,-0.7096404433250427,0.6571156978607178,0.06129884719848633,0.0,0.0,12.250696182250977,0.1609206199645996
9.212109565734863,-0.8692159652709961,0.4917379319667816,-0.01096989493817091,0.008186577819287777,0.8168272972106934,246.97091674804688,0.9955742359161377,274.77099609375,-0.8043932318687439,0.534718930721283,0.08043766021728516,0.0,0.0,12.250696182250977,0.17874693870544434
9.212610244750977,-0.9314417839050293,0.3704872131347656,0.0019207298755645752,0.02493199147284031,0.9952912330627441,289.9223937988281,1.1350157260894775,274.8574523925781,-0.8690606355667114,0.4182361960411072,0.07915639877319336,0.0,0.0,12.250696182250977,0.1397244930267334
9.213109970092773,-0.964499294757843,0.23239652812480927,-0.027083175256848335,0.0007441726629622281,1.1402521133422852,289.9223937988281,1.2752902507781982,274.97698974609375,-0.8816795945167542,0.302621066570282,0.056731224060058594,0.0,0.0,12.250696182250977,0.13503813743591309
9.21360969543457,-0.9926952719688416,0.1027260348200798,-0.031917158514261246,-0.005767931696027517,1.2855849266052246,290.21258544921875,1.4148342609405518,275.06341552734375,-0.9697162508964539,0.20211634039878845,0.04230213165283203,0.0,0.0,12.250696182250977,0.12924933433532715
9.214110374450684,-0.9878340363502502,-0.04378489777445793,-0.023860519751906395,-0.004837631713598967,1.4306907653808594,290.21258544921875,1.5528662204742432,275.08441162109375,-0.9092748761177063,0.08004624396562576,0.021871089935302734,0.0,0.0,12.250696182250977,0.12217545509338379
9.214609146118164,-0.9703331589698792,-0.18187561631202698,-0.025471847504377365,-0.013210337609052658,1.5613913536071777,279.18450927734375,1.6913549900054932,275.12408447265625,-0.909101665019989,-0.03169285133481026,0.005983829498291016,0.0,0.0,12.250696182250977,0.12996363639831543
9.215108871459961,-0.9392198920249939,-0.30986231565475464,-0.028694504871964455,-0.06716778129339218,1.7009830474853516,279.18450927734375,1.8290026187896729,275.1277770996094,-0.9371063113212585,-0.18575924634933472,0.029277324676513672,0.0,0.0,12.250696182250977,0.1280195713043213
9.215608596801758,-0.8857447504997253,-0.4361647963523865,-0.038362473249435425,-0.02065274305641651,1.836648941040039,276.1165771484375,1.9657366275787354,275.09320068359375,-0.9004893898963928,-0.30834081768989563,0.026732444763183594,0.0,0.0,12.250696182250977,0.1290876865386963
9.216109275817871,-0.8157407641410828,-0.5506788492202759,-0.027083175256848335,-0.032746654003858566,1.9747071266174316,276.1165771484375,2.10418438911438,275.13104248046875,-0.8051342368125916,-0.3811398446559906,0.0004172325134277344,0.0,0.0,12.250696182250977,0.12947726249694824
9.216609001159668,-0.7262913584709167,-0.6517212986946106,-0.023860519751906395,-0.030886052176356316,2.0637083053588867,236.23304748535156,2.2430098056793213,275.18408203125,-0.6872119307518005,-0.47170835733413696,0.02111053466796875,0.0,0.0,12.250696182250977,0.17930150032043457
9.217108726501465,-0.6514260172843933,-0.7342389225959778,-0.00935856718569994,-0.03553755581378937,2.1818251609802246,236.23304748535156,2.3813936710357666,275.2174072265625,-0.669732928276062,-0.6273708343505859,0.03399658203125,0.0,0.0,12.250696182250977,0.199568510055542
9.217609405517578,-0.5396139025688171,-0.8066520094871521,-0.023860519751906395,-0.03646785765886307,2.3659791946411133,289.9223937988281,2.52034592628479,275.2740173339844,-0.5395210385322571,-0.663097083568573,0.030090808868408203,0.0,0.0,12.250696182250977,0.15436673164367676
9.218109130859375,-0.43460825085639954,-0.8773818016052246,-0.00935856718569994,0.018419886007905006,2.5109407901763916,289.9223937988281,2.6593754291534424,275.3325500488281,-0.4850844144821167,-0.8128545880317688,0.03606891632080078,0.0,0.0,12.250696182250977,0.14843463897705078
9.218607902526855,-0.30821189284324646,-0.9279027581214905,-0.01258122269064188,-0.02065274305641651,2.655968427658081,290.21258544921875,2.798118829727173,275.377685546875,-0.36489400267601013,-0.8776017427444458,0.04136085510253906,0.0,0.0,12.250696182250977,0.1421504020690918
9.219107627868652,-0.15459200739860535,-0.9582151770591736,-0.01096989493817091,-0.029025450348854065,2.801074266433716,290.21258544921875,2.9378750324249268,275.4646911621094,-0.14871202409267426,-0.850156843662262,0.12284374237060547,0.0,0.0,12.250696182250977,0.13680076599121094
9.219608306884766,-0.024307087063789368,-0.9683194160461426,-0.01258122269064188,-0.02065274305641651,2.946181058883667,290.21258544921875,3.0780975818634033,275.5691223144531,-0.1040269210934639,-0.8954587578773499,0.03982686996459961,0.0,0.0,12.250696182250977,0.13191652297973633
9.220108032226562,0.11764567345380783,-0.9615834355354309,-0.025471847504377365,-0.03925875574350357,3.091287136077881,290.21258544921875,-3.0642645359039307,275.69683837890625,0.029957560822367668,-0.907149076461792,0.047744035720825195,0.0,0.0,12.250696182250977,0.12763357162475586
9.22060775756836,0.2518198788166046,-0.9413747191429138,-0.004524582531303167,-0.01972244307398796,3.1831634044647217,246.97091674804688,-2.9228146076202393,275.84832763671875,0.1835915446281433,-0.9066257476806641,0.07323718070983887,0.0,0.0,12.250696182250977,0.17720746994018555
9.221108436584473,0.3704376518726349,-0.8975901007652283,0.0019207298755645752,-0.01600124128162861,3.3066492080688477,246.97091674804688,-2.7821784019470215,275.9622802734375,0.29184553027153015,-0.8674379587173462,0.05732321739196777,0.0,0.0,12.250696182250977,0.19435787200927734
9.22160816192627,0.48711097240448,-0.8437011241912842,0.0019207298755645752,-0.01600124128162861,3.4830074310302734,289.9223937988281,-2.642306089401245,276.041748046875,0.41730818152427673,-0.834280788898468,0.056734561920166016,0.0,0.0,12.250696182250977,0.15787172317504883
9.222107887268066,0.5979506969451904,-0.7662355303764343,0.027701979503035545,0.01376838143914938,3.6279690265655518,289.9223937988281,-2.5029537677764893,276.0976867675781,0.518302857875824,-0.7687305808067322,0.04677248001098633,0.0,0.0,12.250696182250977,0.15226268768310547
9.222606658935547,0.6951780915260315,-0.6786657571792603,0.0019207298755645752,-0.01972244307398796,3.746225357055664,268.4466247558594,-2.3647756576538086,276.1031799316406,0.5813931226730347,-0.7426828145980835,-0.020725727081298828,0.0,0.0,12.250696182250977,0.17218446731567383
9.223108291625977,0.7846278548240662,-0.577623724937439,0.018034011125564575,0.006325976923108101,3.8807168006896973,268.4466247558594,-2.2255876064300537,276.1510314941406,0.7122982144355774,-0.6048729419708252,0.042962074279785156,0.0,0.0,12.250696182250977,0.1768813133239746
9.223607063293457,0.8556041121482849,-0.4681614637374878,0.011588698253035545,-0.004837631247937679,4.0410871505737305,289.9223937988281,-2.088533401489258,276.1079406738281,0.7673444747924805,-0.5468981266021729,-0.009514331817626953,0.0,0.0,12.250696182250977,0.1535649299621582
9.22410774230957,0.9188022017478943,-0.3452270030975342,-0.001301926327869296,-0.012280036695301533,4.186337947845459,289.9223937988281,-1.9500056505203247,276.1277160644531,0.8659198880195618,-0.43692734837532043,0.0039234161376953125,0.0,0.0,12.250696182250977,0.14684200286865234
9.22460651397705,0.9469981789588928,-0.21555650234222412,0.011588698253035545,0.008186577819287777,4.291386604309082,257.7087707519531,-1.8122435808181763,276.1149597167969,0.8552680611610413,-0.33937039971351624,-0.04448390007019043,0.0,0.0,12.250696182250977,0.17955541610717773
9.225107192993164,0.9693610072135925,-0.08925380557775497,0.053483229130506516,0.015628984197974205,4.420241355895996,257.7087707519531,-1.6751835346221924,276.0731201171875,0.9068259596824646,-0.20796163380146027,-0.029180288314819336,0.0,0.0,12.250696182250977,0.1877608299255371
9.225606918334961,0.9722775816917419,0.03704889118671417,0.024479323998093605,0.030513795092701912,4.5758538246154785,279.4639587402344,-1.53829026222229,276.0249328613281,0.9156228303909302,-0.08229488879442215,-0.03030085563659668,0.0,0.0,12.250696182250977,0.16904115676879883
9.226106643676758,0.958665668964386,0.16840338706970215,0.029313307255506516,0.02586228959262371,4.715586185455322,279.4639587402344,-1.401837944984436,275.9594421386719,0.9432184100151062,0.05120690166950226,-0.02286982536315918,0.0,0.0,12.250696182250977,0.16576147079467773
9.226606369018555,0.9275527596473694,0.2963900864124298,0.026090651750564575,0.03144409507513046,4.854694843292236,279.18450927734375,-1.2652263641357422,275.902099609375,0.9180827140808105,0.16130037605762482,-0.03989052772521973,0.0,0.0,12.250696182250977,0.16326427459716797
9.227107048034668,0.8808833956718445,0.42437657713890076,0.029313307255506516,0.014698682352900505,4.994565963745117,279.18450927734375,-1.1291158199310303,275.82489013671875,0.8578526377677917,0.31065723299980164,-0.0023441314697265625,0.0,0.0,12.250696182250977,0.15950345993041992
9.227605819702148,0.7982397079467773,0.5338386297225952,0.009977370500564575,0.037025898694992065,5.147087097167969,289.9223937988281,-0.9928736686706543,275.7546691894531,0.7579361796379089,0.33963653445243835,-0.06503629684448242,0.0,0.0,12.250696182250977,0.14322471618652344
9.228107452392578,0.7204573750495911,0.6416170597076416,0.005143385846167803,0.02865319326519966,5.292337894439697,289.9223937988281,-0.8571884632110596,275.66265869140625,0.7241097092628479,0.4629453420639038,-0.05314302444458008,0.0,0.0,12.250696182250977,0.13365888595581055
9.228606224060059,0.6242024302482605,0.7342386841773987,0.030924635007977486,0.034234996885061264,5.3709716796875,236.23304748535156,-0.7201571464538574,275.629150390625,0.6197315454483032,0.5807311534881592,-0.005904197692871094,0.0,0.0,12.250696182250977,0.19205665588378906
9.229105949401855,0.527946949005127,0.8066522479057312,0.047037918120622635,0.05284101143479347,5.48908805847168,236.23304748535156,-0.5825164318084717,275.621826171875,0.5546631217002869,0.6790789365768433,-0.010585784912109375,0.0,0.0,12.250696182250977,0.21158075332641602
9.229605674743652,0.4209959805011749,0.8672776222229004,0.027701979503035545,0.034234996885061264,5.673242568969727,289.9223937988281,-0.4450404644012451,275.6076354980469,0.45340481400489807,0.7653350830078125,0.0020475387573242188,0.0,0.0,12.250696182250977,0.1649022102355957
9.230106353759766,0.2907111942768097,0.9110622406005859,0.026090651750564575,0.038886502385139465,5.818203449249268,289.9223937988281,-0.30634403228759766,275.645263671875,0.32294484972953796,0.7956486940383911,0.012667655944824219,0.0,0.0,12.250696182250977,0.15863800048828125
9.230605125427246,0.1584814041852951,0.9447429776191711,0.040592603385448456,0.037956200540065765,5.950021743774414,279.4639587402344,-0.16874408721923828,275.63592529296875,0.2025764435529709,0.8358476758003235,0.022904634475708008,0.0,0.0,12.250696182250977,0.16441965103149414
9.23110580444336,0.03597407415509224,0.9548473954200745,0.016422683373093605,0.02400168962776661,6.090033054351807,279.4639587402344,-0.029996156692504883,275.6748352050781,0.1363208144903183,0.9145157337188721,-0.026234149932861328,0.0,0.0,12.250696182250977,0.16315603256225586
9.23160457611084,-0.10597831755876541,0.9481111764907837,0.011588698253035545,0.037956200540065765,6.242349147796631,289.9223937988281,0.10839247703552246,275.697998046875,-0.02157246321439743,0.8643487095832825,0.00845646858215332,0.0,0.0,12.250696182250977,0.14922857284545898
9.232105255126953,-0.2401525229215622,0.9279027581214905,-0.004524582531303167,0.017489584162831306,0.10412496328353882,289.9223937988281,0.24642157554626465,275.7055358886719,-0.1500643640756607,0.8895724415779114,0.012613773345947266,0.0,0.0,12.250696182250977,0.14229655265808105
9.23260498046875,-0.3646038770675659,0.8874858021736145,0.016422683373093605,0.053771309554576874,0.19655990600585938,247.21812438964844,0.38494372367858887,275.7335510253906,-0.25660741329193115,0.9085250496864319,-0.017872333526611328,0.0,0.0,12.250696182250977,0.1883838176727295
9.233104705810547,-0.47155484557151794,0.8369649052619934,-0.01096989493817091,0.019350185990333557,0.32016879320144653,247.21812438964844,0.5230910778045654,275.7452392578125,-0.3798813223838806,0.8604074120521545,-0.015505313873291016,0.0,0.0,12.250696182250977,0.20292234420776367
9.23360538482666,-0.5823941826820374,0.7662353515625,0.005143385846167803,0.02121078595519066,0.482785165309906,278.90557861328125,0.6607825756072998,275.7373962402344,-0.48705995082855225,0.7785622477531433,-0.009927511215209961,0.0,0.0,12.250696182250977,0.17799735069274902
9.234105110168457,-0.6728159785270691,0.676981508731842,-0.014192551374435425,0.004465374629944563,0.622238039970398,278.90557861328125,0.798511266708374,275.7313537597656,-0.5505954027175903,0.7072557210922241,-0.04533886909484863,0.0,0.0,12.250696182250977,0.17627310752868652
9.234603881835938,-0.7583763599395752,0.5826759934425354,-0.01096989493817091,-0.00669823307543993,0.7620981335639954,279.4639587402344,0.9348142147064209,275.6656494140625,-0.652708113193512,0.6517812013626099,-0.05709409713745117,0.0,0.0,12.250696182250977,0.1727161407470703
9.23510456085205,-0.8390753269195557,0.469845712184906,-0.020637864246964455,-0.004837631713598967,0.902109682559967,279.4639587402344,1.0718228816986084,275.6310729980469,-0.7535285353660583,0.5054181218147278,-1.9073486328125e-06,0.0,0.0,12.250696182250977,0.16971325874328613
9.235604286193848,-0.8925507068634033,0.3570152223110199,-0.028694504871964455,0.018419884145259857,1.0015958547592163,246.97091674804688,1.2084739208221436,275.5820007324219,-0.8184633255004883,0.44462794065475464,-0.043682098388671875,0.0,0.0,12.250696182250977,0.2068779468536377
9.236104011535645,-0.9236634373664856,0.24250094592571259,-0.038362473249435425,-0.015070940367877483,1.1250813007354736,246.97091674804688,1.3444302082061768,275.5047912597656,-0.8422304391860962,0.3372515141963959,-0.06297492980957031,0.0,0.0,12.250696182250977,0.21934890747070312
9.236603736877441,-0.9547765254974365,0.12125027179718018,-0.022249191999435425,-0.002046729903668165,1.3013970851898193,289.9223937988281,1.4807851314544678,275.4461669921875,-0.9227354526519775,0.21061043441295624,-0.042792320251464844,0.0,0.0,12.250696182250977,0.17938804626464844
9.237104415893555,-0.9547762870788574,-0.013472439721226692,-0.023860519751906395,-0.00855883490294218,1.4463582038879395,289.9223937988281,1.6150658130645752,275.30157470703125,-0.8829432129859924,0.11046485602855682,-0.07732725143432617,0.0,0.0,12.250696182250977,0.16870760917663574
9.237604141235352,-0.9479703307151794,-0.14651094377040863,-0.020637864246964455,-0.012280037626624107,1.5781118869781494,279.18450927734375,1.7501442432403564,275.19366455078125,-0.9270714521408081,-0.06669746339321136,-0.015901565551757812,0.0,0.0,12.250696182250977,0.17203235626220703
9.238103866577148,-0.9188023209571838,-0.27112963795661926,-0.017415206879377365,-0.032746654003858566,1.7177040576934814,279.18450927734375,1.8849413394927979,275.0758361816406,-0.9144759774208069,-0.1499681919813156,-0.0601959228515625,0.0,0.0,12.250696182250977,0.1672372817993164
9.238603591918945,-0.8546319603919983,-0.3957479000091553,-0.035139817744493484,-0.01879214122891426,1.8576401472091675,279.4639587402344,2.020334482192993,274.9857177734375,-0.7860435843467712,-0.20367558300495148,-0.1048135757446289,0.0,0.0,12.250696182250977,0.16269421577453613
9.239104270935059,-0.7992121577262878,-0.5119463801383972,-0.019026534631848335,-0.01879214122891426,1.9973719120025635,279.4639587402344,2.154548406600952,274.847900390625,-0.7831836342811584,-0.3413579761981964,-0.0814824104309082,0.0,0.0,12.250696182250977,0.15717649459838867
9.239603042602539,-0.7204577922821045,-0.6146724224090576,-0.033528488129377365,-0.03460725396871567,2.0965545177459717,246.72418212890625,2.2901108264923096,274.769775390625,-0.7092562317848206,-0.4778802692890167,-0.03500080108642578,0.0,0.0,12.250696182250977,0.1935563087463379
9.240103721618652,-0.6417029500007629,-0.69718998670578,-0.020637864246964455,-0.027164850383996964,2.220163345336914,246.72418212890625,2.424999475479126,274.6646423339844,-0.6640617847442627,-0.5433008074760437,-0.0773005485534668,0.0,0.0,12.250696182250977,0.20483613014221191
9.24060344696045,-0.5493370294570923,-0.7696036100387573,-0.015803879126906395,-0.01879214122891426,2.3835160732269287,279.4639587402344,2.560497522354126,274.58758544921875,-0.6170594692230225,-0.6366533041000366,-0.09759235382080078,0.0,0.0,12.250696182250977,0.17698144912719727
9.241104125976562,-0.4326634705066681,-0.8403328657150269,-0.027083175256848335,-0.03460725396871567,2.5235273838043213,279.4639587402344,2.696525812149048,274.5345153808594,-0.46364668011665344,-0.7405808568000793,-0.022915363311767578,0.0,0.0,12.250696182250977,0.17299842834472656
9.241602897644043,-0.31404542922973633,-0.894221842288971,-0.01096989493817091,-0.023443644866347313,2.662292957305908,278.90557861328125,2.8327786922454834,274.4918212890625,-0.363118052482605,-0.8116851449012756,-0.02047109603881836,1.0,0.0,12.250696182250977,0.1704857349395752
9.242103576660156,-0.18376027047634125,-0.9279027581214905,-0.014192551374435425,-0.029025450348854065,2.8020248413085938,278.90557861328125,2.9693238735198975,274.4624938964844,-0.22844216227531433,-0.8449206352233887,-0.0003409385681152344,1.0,0.0,12.250696182250977,0.1672990322113037
9.242603302001953,-0.05930890515446663,-0.9413747191429138,-0.004524582531303167,-0.01972244307398796,2.941884994506836,279.4639587402344,3.1057937145233154,274.43035888671875,-0.14605656266212463,-0.88541179895401,-0.03640127182006836,1.0,0.0,12.250696182250977,0.1639087200164795
9.24310302734375,0.07875432819128036,-0.9481111764907837,-0.00935856718569994,-0.03367695212364197,3.0816168785095215,279.4639587402344,-3.039902687072754,274.4419860839844,0.03276383504271507,-0.9067038297653198,0.025980710983276367,1.0,0.0,12.250696182250977,0.1616659164428711
9.24360179901123,0.19931690394878387,-0.9245347380638123,-0.004524582531303167,-0.025304246693849564,3.1814393997192383,247.21812438964844,-2.903683662414551,274.39959716796875,0.08508086204528809,-0.9068725109100342,-0.05315852165222168,1.0,0.0,12.250696182250977,0.19806241989135742
9.244101524353027,0.31793496012687683,-0.894221842288971,0.003532057860866189,-0.003907331265509129,3.3050482273101807,247.21812438964844,-2.767099142074585,274.3736877441406,0.22950305044651031,-0.8561020493507385,-0.02124166488647461,1.0,0.0,12.250696182250977,0.21103811264038086
9.24460220336914,0.4287746846675873,-0.8470689058303833,-0.0029132545460015535,-0.011349736712872982,3.4679760932922363,279.18450927734375,-2.6306724548339844,274.3417053222656,0.3430779278278351,-0.8262876272201538,-0.02607583999633789,1.0,0.0,12.250696182250977,0.18453693389892578
9.245101928710938,0.54350346326828,-0.7797077894210815,0.005143385846167803,-0.006698233541101217,3.6075682640075684,279.18450927734375,-2.494206190109253,274.3121032714844,0.46572160720825195,-0.7888393998146057,-0.02276015281677246,1.0,0.0,12.250696182250977,0.1814112663269043
9.245601654052734,0.6407305598258972,-0.6988739967346191,0.005143385846167803,-0.00855883490294218,3.7468175888061523,278.90557861328125,-2.3594014644622803,274.213134765625,0.5293107628822327,-0.7489091157913208,-0.07588315010070801,1.0,0.0,12.250696182250977,0.17696619033813477
9.246102333068848,0.7340694069862366,-0.5978319644927979,-0.001301926327869296,-0.01600123941898346,3.886270523071289,278.90557861328125,-2.2249083518981934,274.1033935546875,0.6087849736213684,-0.6070422530174255,-0.03868436813354492,1.0,0.0,12.250696182250977,0.17200660705566406
9.246602058410645,0.8021290302276611,-0.5001579523086548,0.00836604181677103,-0.0011164294555783272,4.02640962600708,279.4639587402344,-2.090109348297119,274.0084533691406,0.6736518740653992,-0.5925599336624146,-0.1112968921661377,1.0,0.0,12.250696182250977,0.16666650772094727
9.247101783752441,0.8692162036895752,-0.3906956613063812,0.00675471406430006,0.0035350744146853685,4.166141510009766,279.4639587402344,-1.9562129974365234,273.8778076171875,0.7998936176300049,-0.5073637366294861,-0.08895158767700195,1.0,0.0,12.250696182250977,0.16083097457885742
9.247600555419922,0.9158852696418762,-0.26944562792778015,0.043815258890390396,0.01376838143914938,4.252462863922119,236.23304748535156,-1.8223448991775513,273.7487487792969,0.8453792929649353,-0.3536236584186554,-0.05364727973937988,1.0,0.0,12.250696182250977,0.20837783813476562
9.248102188110352,0.9304694533348083,-0.1633513867855072,0.019645338878035545,0.012838081456720829,4.370816230773926,236.23304748535156,-1.6904690265655518,273.5386047363281,0.8334381580352783,-0.31315913796424866,-0.1492321491241455,1.0,0.0,12.250696182250977,0.22190046310424805
9.248600959777832,0.9499151110649109,-0.042100898921489716,0.042203933000564575,0.04446830227971077,4.555037021636963,290.21258544921875,-1.5582787990570068,273.346435546875,0.9005041122436523,-0.13938617706298828,-0.07532286643981934,1.0,0.0,12.250696182250977,0.16986989974975586
9.249100685119629,0.9431095123291016,0.08756979554891586,0.021256666630506516,0.011907780542969704,4.700143337249756,290.21258544921875,-1.4261921644210815,273.15386962890625,0.897182285785675,-0.0578794963657856,-0.11850929260253906,1.0,0.0,12.250696182250977,0.15684986114501953
9.249601364135742,0.9207467436790466,0.2138722985982895,0.00836604181677103,0.019350185990333557,4.818147659301758,268.1784362792969,-1.2943068742752075,272.95654296875,0.8704131245613098,0.04001330956816673,-0.14018940925598145,1.0,0.0,12.250696182250977,0.1707310676574707
9.250101089477539,0.8818559050559998,0.3351227939128876,0.018034011125564575,0.019350185990333557,4.952237129211426,268.1784362792969,-1.162943720817566,272.74169921875,0.8292014598846436,0.18543393909931183,-0.09737372398376465,1.0,0.0,12.250696182250977,0.16800451278686523
9.250600814819336,0.8225465416908264,0.44458502531051636,0.019645338878035545,0.035165298730134964,5.113406181335449,290.21258544921875,-1.0311071872711182,272.5511474609375,0.8076503276824951,0.2594618499279022,-0.13861441612243652,1.0,0.0,12.250696182250977,0.1386723518371582
9.251100540161133,0.7535152435302734,0.5574153065681458,0.01481135468930006,0.03237439692020416,5.258512496948242,290.21258544921875,-0.8993513584136963,272.36126708984375,0.7552605867385864,0.39662104845046997,-0.09754252433776855,1.0,0.0,12.250696182250977,0.1253218650817871
9.251601219177246,0.6737881302833557,0.6550893187522888,0.016422683373093605,0.016559286043047905,5.337223529815674,236.23304748535156,-0.7672135829925537,272.19140625,0.6861817240715027,0.5020965933799744,-0.0815279483795166,1.0,0.0,12.250696182250977,0.17874860763549805
9.252100944519043,0.5911446213722229,0.724134624004364,0.003532057860866189,0.02400169149041176,5.455340385437012,236.23304748535156,-0.6349596977233887,272.0297546386719,0.6369614601135254,0.5543347001075745,-0.12958860397338867,1.0,0.0,12.250696182250977,0.1928853988647461
9.252599716186523,0.4851665794849396,0.7999162077903748,0.0019207298755645752,0.037956200540065765,5.626352787017822,279.4639587402344,-0.5013539791107178,271.9288024902344,0.4632048010826111,0.6757352352142334,-0.008993864059448242,1.0,0.0,12.250696182250977,0.15547895431518555
9.253100395202637,0.3762713670730591,0.8571732044219971,0.032535962760448456,0.04818950966000557,5.766085147857666,279.4639587402344,-0.3676440715789795,271.834228515625,0.41034531593322754,0.7653206586837769,-0.034090518951416016,1.0,0.0,12.250696182250977,0.14945650100708008
9.253600120544434,0.24987547099590302,0.8975901007652283,0.024479323998093605,0.039816804230213165,5.905130863189697,278.90557861328125,-0.23356032371520996,271.7572326660156,0.28600287437438965,0.8147299885749817,-0.01354837417602539,1.0,0.0,12.250696182250977,0.14449453353881836
9.254100799560547,0.1273680180311203,0.9245347380638123,0.011588698253035545,0.017489584162831306,6.044859409332275,278.90557861328125,-0.09856891632080078,271.7200622558594,0.17012685537338257,0.8524928689002991,-0.007904052734375,1.0,0.0,12.250696182250977,0.1397571563720703
9.254599571228027,0.0029170208144932985,0.931270956993103,0.003532057860866189,0.016559284180402756,6.171511173248291,268.7153625488281,0.0354616641998291,271.6430969238281,0.0975048840045929,0.8621447086334229,-0.05780982971191406,1.0,0.0,12.250696182250977,0.14713621139526367
9.25510025024414,-0.12542398273944855,0.9245347380638123,0.00675471406430006,0.007256277371197939,0.022683143615722656,268.7153625488281,0.1701796054840088,271.5968322753906,-0.06202300265431404,0.8752177953720093,-0.008974075317382812,1.0,0.0,12.250696182250977,0.14749646186828613
9.255599975585938,-0.24598605930805206,0.894221842288971,-0.01096989493817091,0.019350185990333557,0.1306009292602539,247.21812438964844,0.3046536445617676,271.5410461425781,-0.16257540881633759,0.8311837911605835,-0.021108627319335938,1.0,0.0,12.250696182250977,0.17405271530151367
9.256099700927734,-0.35682591795921326,0.8672776222229004,0.0003094017447438091,0.02586228959262371,0.2542085647583008,247.21812438964844,0.4386272430419922,271.46563720703125,-0.2897525429725647,0.8662662506103516,-0.02549600601196289,1.0,0.0,12.250696182250977,0.1844186782836914
9.256599426269531,-0.45988723635673523,0.8066520094871521,0.005143385846167803,0.006325976923108101,0.4036836624145508,268.4466247558594,0.5725901126861572,271.3909606933594,-0.3529171347618103,0.7955883145332336,-0.06492185592651367,1.0,0.0,12.250696182250977,0.16890645027160645
9.257099151611328,-0.5629485249519348,0.7392908930778503,-0.004524582531303167,0.04167740046977997,0.5379037857055664,268.4466247558594,0.7056121826171875,271.2785949707031,-0.4638146758079529,0.7502090930938721,-0.0617523193359375,1.0,0.0,12.250696182250977,0.1677083969116211
9.257598876953125,-0.6494812965393066,0.6635091304779053,-0.022249191999435425,0.003535074181854725,0.6849946975708008,278.90557861328125,0.8385567665100098,271.1650390625,-0.549953281879425,0.727467954158783,-0.10130977630615234,1.0,0.0,12.250696182250977,0.15356206893920898
9.258098602294922,-0.7379586100578308,0.5641512870788574,-0.01258122269064188,0.010977480560541153,0.8244485855102539,278.90557861328125,0.9706346988677979,271.0179748535156,-0.6540318131446838,0.600948691368103,-0.05288219451904297,1.0,0.0,12.250696182250977,0.14618611335754395
9.258599281311035,-0.8079628348350525,0.46310925483703613,-0.015803879126906395,0.012838082388043404,0.9117441177368164,236.4695281982422,1.103867769241333,270.92242431640625,-0.7377926707267761,0.5040249824523926,-0.04230690002441406,1.0,0.0,12.250696182250977,0.1921236515045166
9.259099006652832,-0.8556041121482849,0.3671196699142456,-0.020637864246964455,-0.01786184310913086,1.029984474182129,236.4695281982422,1.2350270748138428,270.741455078125,-0.7856632471084595,0.4329695701599121,-0.07802438735961914,1.0,0.0,12.250696182250977,0.20504260063171387
9.259598731994629,-0.8876892924308777,0.2643936276435852,-0.019026534631848335,-0.03367695212364197,1.187546730041504,268.4466247558594,1.3661582469940186,270.5633239746094,-0.8413207530975342,0.3693329393863678,-0.11937189102172852,1.0,0.0,12.250696182250977,0.17861151695251465
9.260099411010742,-0.911024272441864,0.1431429386138916,-0.020637864246964455,-0.02158304490149021,1.3217668533325195,268.4466247558594,1.4948546886444092,270.28668212890625,-0.8305057287216187,0.2507699728012085,-0.127777099609375,1.0,0.0,12.250696182250977,0.17308783531188965
9.260598182678223,-0.9217190146446228,0.02357645332813263,-0.015803879126906395,-0.01693154126405716,1.4689226150512695,279.18450927734375,1.624579668045044,270.05926513671875,-0.8732801675796509,0.11595102399587631,-0.0962066650390625,1.0,0.0,12.250696182250977,0.15565705299377441
9.26109790802002,-0.9129684567451477,-0.09935802966356277,-0.020637864246964455,-0.03646785765886307,1.6085138320922852,279.18450927734375,1.753669023513794,269.80950927734375,-0.8585086464881897,0.031132476404309273,-0.1297621726989746,1.0,0.0,12.250696182250977,0.1451551914215088
9.261597633361816,-0.88963383436203,-0.22060829401016235,-0.031917158514261246,-0.050422362983226776,1.721714973449707,257.7087707519531,1.88277268409729,269.5661315917969,-0.8514476418495178,-0.12310470640659332,-0.07889938354492188,1.0,0.0,12.250696182250977,0.161057710647583
9.26209831237793,-0.8526871800422668,-0.33175456523895264,-0.004524582531303167,-0.0029770303517580032,1.8505640029907227,257.7087707519531,2.011277437210083,269.3024597167969,-0.8028983473777771,-0.18654689192771912,-0.12297248840332031,1.0,0.0,12.250696182250977,0.16071343421936035
9.262598037719727,-0.806018054485321,-0.43279677629470825,-0.033528488129377365,-0.03460725396871567,1.9530267715454102,236.23304748535156,2.141577959060669,269.1195983886719,-0.8033266067504883,-0.3168604075908661,-0.10585355758666992,1.0,0.0,12.250696182250977,0.1885511875152588
9.263097763061523,-0.7437923550605774,-0.5271028280258179,-0.025471847504377365,-0.03367695212364197,2.0711450576782227,236.23304748535156,2.2710535526275635,268.9059143066406,-0.7286157011985779,-0.407725065946579,-0.10090494155883789,1.0,0.0,12.250696182250977,0.19990849494934082
9.263598442077637,-0.6728159785270691,-0.609620213508606,-0.01258122269064188,-0.009489134885370731,2.229180335998535,268.7153625488281,2.400702714920044,268.7039794921875,-0.6852190494537354,-0.47033965587615967,-0.13941192626953125,1.0,0.0,12.250696182250977,0.1715223789215088
9.264098167419434,-0.5882279872894287,-0.6887699365615845,-0.00935856718569994,-0.01879214122891426,2.3635377883911133,268.7153625488281,2.530040979385376,268.49334716796875,-0.6141835451126099,-0.5739033222198486,-0.11877155303955078,1.0,0.0,12.250696182250977,0.1665031909942627
9.26459789276123,-0.4890556037425995,-0.7594993114471436,-0.022249191999435425,-0.03553755581378937,2.4975671768188477,268.4466247558594,2.660121202468872,268.3182678222656,-0.5273873805999756,-0.6554356813430786,-0.10713434219360352,1.0,0.0,12.250696182250977,0.16255402565002441
9.265096664428711,-0.384049654006958,-0.8201246857643127,-0.006135910749435425,-0.026234548538923264,2.6315202713012695,268.4466247558594,2.7916033267974854,268.20599365234375,-0.4106050431728363,-0.7609232068061829,-0.05571174621582031,1.0,0.0,12.250696182250977,0.16008305549621582
9.265597343444824,-0.2654317319393158,-0.8639093637466431,-0.01096989493817091,-0.014140638522803783,2.765744209289551,268.4466247558594,2.922210931777954,268.05914306640625,-0.2996254563331604,-0.7596824765205383,-0.06725883483886719,1.0,0.0,12.250696182250977,0.15646672248840332
9.266097068786621,-0.14875845611095428,-0.8908540606498718,-0.004524582531303167,-0.010419435799121857,2.899968147277832,268.4466247558594,3.0536930561065674,267.95208740234375,-0.20377500355243683,-0.7907930016517639,-0.0753316879272461,1.0,0.0,12.250696182250977,0.15372490882873535
9.266596794128418,-0.03597419708967209,-0.9076944589614868,0.0019207298755645752,-0.03460725396871567,2.981682777404785,225.72088623046875,-3.097477674484253,267.8697814941406,-0.08679752796888351,-0.8633219003677368,-0.05529427528381348,1.0,0.0,12.250696182250977,0.2040247917175293
9.267096519470215,0.07486529648303986,-0.9043260216712952,0.0003094017447438091,-0.009489134885370731,3.0945444107055664,225.72088623046875,-2.9666643142700195,267.73858642578125,0.02447744645178318,-0.8285501599311829,-0.05641937255859375,1.0,0.0,12.250696182250977,0.22197675704956055
9.267597198486328,0.17987148463726044,-0.8874858021736145,-0.00935856718569994,-0.015070940367877483,3.2602853775024414,268.7153625488281,-2.836390733718872,267.5873718261719,0.1039038673043251,-0.8426214456558228,-0.09374260902404785,1.0,0.0,12.250696182250977,0.1865096092224121
9.268096923828125,0.30043378472328186,-0.8538053631782532,-0.001301926327869296,-0.01786184124648571,3.3946428298950195,268.7153625488281,-2.705108404159546,267.48187255859375,0.2509306073188782,-0.7912463545799255,-0.040427207946777344,1.0,0.0,12.250696182250977,0.18343400955200195
9.268595695495605,0.40932902693748474,-0.803284227848053,0.024479323998093605,-0.01972244121134281,3.528069496154785,268.1784362792969,-2.574415922164917,267.3536071777344,0.35060915350914,-0.7537562251091003,-0.0428929328918457,1.0,0.0,12.250696182250977,0.18069982528686523
9.269096374511719,0.504612147808075,-0.7527630925178528,0.00836604181677103,0.0007441720808856189,3.6621599197387695,268.1784362792969,-2.4447476863861084,267.18487548828125,0.4150616228580475,-0.7964400053024292,-0.12793254852294922,1.0,0.0,12.250696182250977,0.17627763748168945
9.269597053527832,0.6096178293228149,-0.6719297170639038,-0.006135910749435425,-0.052282966673374176,3.7836389541625977,257.7087707519531,-2.314857244491577,267.02947998046875,0.5376036763191223,-0.6734806299209595,-0.06435871124267578,1.0,0.0,12.250696182250977,0.18468904495239258
9.270095825195312,0.6874000430107117,-0.5978319644927979,0.009977370500564575,-0.007628533989191055,3.912236213684082,257.7087707519531,-2.185192823410034,266.8673400878906,0.6229573488235474,-0.6566503047943115,-0.10886073112487793,1.0,0.0,12.250696182250977,0.18575620651245117
9.27059555053711,0.7612931728363037,-0.5102623701095581,-0.006135910749435425,-0.015070939436554909,4.014695167541504,236.23304748535156,-2.0563719272613525,266.6734313964844,0.6997705101966858,-0.5861190557479858,-0.12332773208618164,1.0,0.0,12.250696182250977,0.21211862564086914
9.271096229553223,0.8186575770378113,-0.4109043478965759,0.01320002693682909,0.0053956760093569756,4.132813453674316,236.23304748535156,-1.9275516271591187,266.4834899902344,0.753004252910614,-0.4442596435546875,-0.08784031867980957,1.0,0.0,12.250696182250977,0.22282028198242188
9.27159595489502,0.8624098300933838,-0.3149143159389496,0.019645338878035545,0.020280487835407257,4.277642250061035,257.96673583984375,-1.800135612487793,266.2386474609375,0.8432798981666565,-0.37855103611946106,-0.10432696342468262,1.0,0.0,12.250696182250977,0.20540761947631836
9.272095680236816,0.8915786147117615,-0.2037680745124817,0.011588698253035545,-0.010419436730444431,4.406624794006348,257.96673583984375,-1.6738085746765137,265.9531555175781,0.8336452841758728,-0.30266711115837097,-0.15729498863220215,1.0,0.0,12.250696182250977,0.20275211334228516
9.27259635925293,0.911996066570282,-0.08756979554891586,0.009977370500564575,-0.01693154126405716,4.535290718078613,257.7087707519531,-1.5467575788497925,265.70428466796875,0.8788675665855408,-0.16652092337608337,-0.12327313423156738,1.0,0.0,12.250696182250977,0.20113706588745117
