time_s,v_alpha_v,v_beta_v,i_alpha_a,i_beta_a,encoder_angle_rad,encoder_speed_rad_s,pll_angle_rad,pll_speed_rad_s,emf_alpha_v,emf_beta_v,phase_error_rad,locked,active,bus_voltage_v,angle_error_rad
17.3629207611084,0.1699022799730301,0.8727487325668335,0.028441553935408592,0.038893088698387146,6.071044445037842,257.7087707519531,-0.09292793273925781,259.7085266113281,0.18480563163757324,0.7613509893417358,-0.05890941619873047,0.0,0.0,12.232967376708984,0.11921310424804688
17.363420486450195,0.05728161334991455,0.8929277658462524,0.020384913310408592,0.036102186888456345,6.178176403045654,237.6134796142578,0.033913373947143555,259.58203125,0.05056393891572952,0.8177856206893921,-0.009208440780639648,0.0,0.0,12.232967376708984,0.13892221450805664
17.363920211791992,-0.04951443150639534,0.8962910771369934,0.013939601369202137,0.028659777715802193,0.013795852661132812,237.6134796142578,0.1608126163482666,259.46038818359375,-0.01727706752717495,0.8592429161071777,-0.05448102951049805,0.0,0.0,12.232967376708984,0.1470167636871338
17.36441993713379,-0.1582518070936203,0.8828385472297668,-0.0005623519537039101,0.005402262322604656,0.1553506851196289,257.7087707519531,0.2869226932525635,259.30810546875,-0.09956809133291245,0.8177219033241272,-0.07968568801879883,0.0,0.0,12.232967376708984,0.13157200813293457
17.364917755126953,-0.27281454205513,0.8559326529502869,0.007494288496673107,0.02865978144109249,0.2839488983154297,257.7087707519531,0.4138302803039551,259.1925354003906,-0.21168507635593414,0.8207098841667175,-0.07535243034362793,0.0,0.0,12.232967376708984,0.1298813819885254
17.36541748046875,-0.38543570041656494,0.8122113347053528,-0.007007664535194635,0.0016810597153380513,0.3763704299926758,225.49517822265625,0.5408711433410645,259.0851745605469,-0.34277230501174927,0.7100820541381836,-0.004831552505493164,0.0,0.0,12.232967376708984,0.16450071334838867
17.365917205810547,-0.4689304530620575,0.7651267051696777,-0.016675632447004318,0.02586887776851654,0.4891166687011719,225.49517822265625,0.666245698928833,258.90985107421875,-0.39038869738578796,0.7512516379356384,-0.10115289688110352,0.0,0.0,12.232967376708984,0.17712903022766113
17.366418838500977,-0.564075767993927,0.7012256979942322,0.012328272685408592,0.03145068511366844,0.6706829071044922,286.3431091308594,0.790794849395752,258.7038879394531,-0.4941833019256592,0.6410213708877563,-0.04802989959716797,0.0,0.0,12.232967376708984,0.12011194229125977
17.366918563842773,-0.6533958911895752,0.6205093860626221,0.017162257805466652,0.058429401367902756,0.8138542175292969,286.3431091308594,0.91776442527771,258.60345458984375,-0.5624741911888123,0.6301135420799255,-0.10328459739685059,0.0,0.0,12.232967376708984,0.10391020774841309
17.36741828918457,-0.7349489331245422,0.5263400077819824,-0.011841648258268833,0.013774968683719635,0.879643440246582,214.75732421875,1.044398546218872,258.4912414550781,-0.6669089198112488,0.5325385928153992,-0.06156444549560547,0.0,0.0,12.232967376708984,0.16475510597229004
17.367918014526367,-0.7951428890228271,0.44225984811782837,0.010716944932937622,0.010053766891360283,0.9870185852050781,214.75732421875,1.1702349185943604,258.3480529785156,-0.7474996447563171,0.45293107628822327,-0.0583653450012207,0.0,0.0,12.232967376708984,0.18321633338928223
17.368417739868164,-0.8407737612724304,0.3497718870639801,0.0042716325260698795,0.015635568648576736,1.1408309936523438,257.7087707519531,1.2958614826202393,258.19891357421875,-0.7833132743835449,0.3866512179374695,-0.09796285629272461,0.0,0.0,12.232967376708984,0.1550304889678955
17.368915557861328,-0.8815505504608154,0.23878689110279083,-0.007007664535194635,0.018426472321152687,1.2694282531738281,257.7087707519531,1.4211809635162354,258.0399475097656,-0.8337156176567078,0.27102208137512207,-0.07903528213500977,0.0,0.0,12.232967376708984,0.15175271034240723
17.369415283203125,-0.898055374622345,0.12948283553123474,-0.013452976942062378,0.014705270528793335,1.3869514465332031,247.21812438964844,1.5457918643951416,257.8543701171875,-0.8292084336280823,0.21769152581691742,-0.1464238166809082,0.0,0.0,12.232967376708984,0.15884041786193848
17.369915008544922,-0.9155309200286865,0.018497426062822342,-0.0005623519537039101,0.018426472321152687,1.5105619430541992,247.21812438964844,1.6696751117706299,257.64239501953125,-0.8837710022926331,0.09935971349477768,-0.12551164627075195,0.0,0.0,12.232967376708984,0.15911316871643066
17.37041664123535,-0.902909517288208,-0.0941697508096695,-0.03278891369700432,0.0016810589004307985,1.6455116271972656,257.7087707519531,1.7925140857696533,257.3908996582031,-0.838119626045227,0.02860841155052185,-0.17078733444213867,0.0,0.0,12.232967376708984,0.1470024585723877
17.37091636657715,-0.8834919929504395,-0.2085178792476654,-0.0021736801136285067,-0.012273450382053852,1.7743663787841797,257.7087707519531,1.9157664775848389,257.162109375,-0.8263356685638428,-0.09088251739740372,-0.15036725997924805,0.0,0.0,12.232967376708984,0.14140009880065918
17.371416091918945,-0.8427154421806335,-0.312777042388916,-0.027954930439591408,-0.029018862172961235,1.868393898010254,225.49517822265625,2.037752866744995,256.8847961425781,-0.7825581431388855,-0.15194006264209747,-0.1903834342956543,0.0,0.0,12.232967376708984,0.1693589687347412
17.371915817260742,-0.8116477131843567,-0.41367262601852417,-0.008618992753326893,-0.023437058553099632,1.9811439514160156,225.49517822265625,2.1606252193450928,256.6508483886719,-0.7826362252235413,-0.30486544966697693,-0.13341379165649414,0.0,0.0,12.232967376708984,0.17948126792907715
17.37241554260254,-0.7533956170082092,-0.5078423619270325,-0.029566258192062378,-0.015064353123307228,2.128713607788086,257.7087707519531,2.28304123878479,256.4028015136719,-0.717818558216095,-0.43402090668678284,-0.08333396911621094,0.0,0.0,12.232967376708984,0.1543276309967041
17.372915267944336,-0.6815510392189026,-0.5919219255447388,-0.03278891369700432,-0.028088560327887535,2.2573118209838867,257.7087707519531,2.4052278995513916,256.14990234375,-0.674124538898468,-0.4565034508705139,-0.1544795036315918,0.0,0.0,12.232967376708984,0.14791607856750488
17.373416900634766,-0.6009690165519714,-0.6776835918426514,-0.03440024331212044,-0.030879465863108635,2.386166572570801,257.7087707519531,2.5274698734283447,255.9050750732422,-0.5797311067581177,-0.5823255181312561,-0.08412408828735352,0.0,0.0,12.232967376708984,0.14130330085754395
17.373916625976562,-0.5155323147773743,-0.7449474930763245,-0.02634360082447529,-0.029949164018034935,2.515021324157715,257.7087707519531,2.6502673625946045,255.6884002685547,-0.5357280373573303,-0.6405687928199768,-0.12048482894897461,0.0,0.0,12.232967376708984,0.13524603843688965
17.37441635131836,-0.40485286712646484,-0.8021216988563538,-0.019898289814591408,-0.024367358535528183,2.6441526412963867,257.96673583984375,2.7738301753997803,255.5085906982422,-0.3955307900905609,-0.6651355028152466,-0.08393478393554688,0.0,0.0,12.232967376708984,0.12967753410339355
17.374916076660156,-0.292231947183609,-0.8458430767059326,-0.019898289814591408,-0.03739156946539879,2.7731380462646484,257.96673583984375,2.8981029987335205,255.3622589111328,-0.3028460144996643,-0.6836777925491333,-0.08878040313720703,0.0,0.0,12.232967376708984,0.12496495246887207
17.375415802001953,-0.18155287206172943,-0.8794749975204468,-0.03278891369700432,-0.055997584015131,2.8801193237304688,237.6134796142578,3.0228378772735596,255.23851013183594,-0.2084856778383255,-0.7613052725791931,-0.06376218795776367,0.0,0.0,12.232967376708984,0.14271855354309082
17.37591552734375,-0.06893184036016464,-0.8962910771369934,-0.019898289814591408,-0.03553096950054169,2.9989242553710938,237.6134796142578,-3.135127305984497,255.13766479492188,-0.08781003952026367,-0.7496180534362793,-0.03821873664855957,0.0,0.0,12.232967376708984,0.14913415908813477
17.376415252685547,0.03592213615775108,-0.9063808917999268,-0.027954930439591408,-0.0606490857899189,3.1263198852539062,245.20339965820312,-3.0107617378234863,255.00303649902344,-0.011987434700131416,-0.8452796339988708,-0.06029319763183594,0.0,0.0,12.232967376708984,0.1461038589477539
17.376916885375977,0.1524268239736557,-0.8962910771369934,-0.007007664535194635,-0.029949164018034935,3.2486791610717773,245.20339965820312,-2.8851735591888428,254.92274475097656,0.12948504090309143,-0.8133564591407776,-0.013658761978149414,0.0,0.0,12.232967376708984,0.14933252334594727
17.377416610717773,0.26116397976875305,-0.866022527217865,-0.005396336317062378,-0.04390367493033409,3.363321304321289,237.6134796142578,-2.758798599243164,254.8771209716797,0.2288864403963089,-0.7843073606491089,-0.01397705078125,0.0,0.0,12.232967376708984,0.16106557846069336
17.37791633605957,0.36213454604148865,-0.8323903679847717,-0.013452976942062378,-0.03553096577525139,3.481888771057129,237.6134796142578,-2.632768392562866,254.8179473876953,0.3090919852256775,-0.7959245443344116,-0.05372262001037598,0.0,0.0,12.232967376708984,0.16852807998657227
17.378416061401367,0.4592219293117523,-0.7819423675537109,-0.01828696019947529,-0.025297660380601883,3.609281539916992,245.20339965820312,-2.507356643676758,254.73391723632812,0.3879028260707855,-0.7525703310966492,-0.07374238967895508,0.0,0.0,12.232967376708984,0.16654729843139648
17.378915786743164,0.5553378462791443,-0.7230867147445679,-0.007007664535194635,-0.026227962225675583,3.7318849563598633,245.20339965820312,-2.3818764686584473,254.654541015625,0.5150202512741089,-0.7195336222648621,-0.05385565757751465,0.0,0.0,12.232967376708984,0.16942405700683594
17.37941551208496,0.6417450308799744,-0.6474148631095886,0.018773585557937622,-0.011343150399625301,3.868269920349121,257.96673583984375,-2.256131172180176,254.58811950683594,0.618666410446167,-0.602501392364502,-0.002002716064453125,0.0,0.0,12.232967376708984,0.1587843894958496
17.379915237426758,0.7213571071624756,-0.5633348822593689,-0.007007664535194635,-0.033670369535684586,3.9972543716430664,257.96673583984375,-2.131635904312134,254.4705047607422,0.6776944398880005,-0.5831270813941956,-0.06517362594604492,0.0,0.0,12.232967376708984,0.1542954444885254
17.380416870117188,0.7932011485099792,-0.465802401304245,-0.0021736801136285067,-0.004831044934689999,4.137564659118652,268.4466247558594,-2.0071868896484375,254.3533935546875,0.7599462270736694,-0.4620976448059082,-0.025290250778198242,0.0,0.0,12.232967376708984,0.13843393325805664
17.380916595458984,0.848540723323822,-0.3564985394477844,0.009105616249144077,-0.0039007447194308043,4.271790504455566,268.4466247558594,-1.8828184604644775,254.2354736328125,0.802215576171875,-0.37457650899887085,-0.04027247428894043,0.0,0.0,12.232967376708984,0.12857675552368164
17.38141632080078,0.8834919929504395,-0.24215002357959747,-0.0005623519537039101,-0.02064615674316883,4.394403457641602,257.7087707519531,-1.7590986490249634,254.0924530029297,0.7926754355430603,-0.33553218841552734,-0.12798762321472168,0.0,0.0,12.232967376708984,0.1296834945678711
17.381914138793945,0.9116475582122803,-0.1261197030544281,0.03649819269776344,-0.004831045866012573,4.523000717163086,257.7087707519531,-1.6360834836959839,253.9230499267578,0.8356355428695679,-0.21191415190696716,-0.0988759994506836,0.0,0.0,12.232967376708984,0.12410116195678711
17.382413864135742,0.9291231036186218,-0.015134297311306,0.0332755371928215,0.02493857592344284,4.60569953918457,214.9722900390625,-1.513930082321167,253.72100830078125,0.9053990244865417,-0.09657568484544754,-0.07891726493835449,0.0,0.0,12.232967376708984,0.16355562210083008
17.38291358947754,0.9165014624595642,0.09080640971660614,0.0493888184428215,0.017496172338724136,4.7131853103637695,214.9722900390625,-1.3923263549804688,253.5001220703125,0.8443591594696045,-0.039496682584285736,-0.14133381843566895,0.0,0.0,12.232967376708984,0.1776738166809082
17.383413314819336,0.9067930579185486,0.19506536424160004,0.013939601369202137,0.004471961874514818,4.866870880126953,257.7087707519531,-1.2709144353866577,253.2758331298828,0.8553560972213745,0.08527608215808868,-0.11660599708557129,0.0,0.0,12.232967376708984,0.1454000473022461
17.383913040161133,0.8747546076774597,0.29764270782470703,0.025218898430466652,0.016565870493650436,4.995725631713867,257.7087707519531,-1.1499611139297485,253.0368194580078,0.8514217138290405,0.15569378435611725,-0.15630817413330078,0.0,0.0,12.232967376708984,0.1374988555908203
17.384414672851562,0.8291234374046326,0.40358322858810425,0.009105616249144077,0.014705270528793335,5.124580383300781,257.7087707519531,-1.0286743640899658,252.81686401367188,0.8103212714195251,0.2626522183418274,-0.14503812789916992,0.0,0.0,12.232967376708984,0.12993097305297852
17.38491439819336,0.770871102809906,0.5044790506362915,0.020384913310408592,0.028659777715802193,5.253435134887695,257.7087707519531,-0.9083149433135986,252.56259155273438,0.7616631388664246,0.35834601521492004,-0.13915276527404785,0.0,0.0,12.232967376708984,0.12143564224243164
17.385414123535156,0.6990265250205994,0.5952852368354797,0.030052881687879562,0.037962786853313446,5.382286071777344,257.7087707519531,-0.7879493236541748,252.3140869140625,0.7072724103927612,0.4302336871623993,-0.15291142463684082,0.0,0.0,12.232967376708984,0.11294984817504883
17.38591194152832,0.6174739003181458,0.682728111743927,0.018773585557937622,0.010984066873788834,5.5108842849731445,257.7087707519531,-0.6657066345214844,252.14956665039062,0.6140342950820923,0.5205041170120239,-0.11841940879821777,0.0,0.0,12.232967376708984,0.10659456253051758
17.386411666870117,0.5252407193183899,0.7550370693206787,0.020384913310408592,0.04726579412817955,5.604948043823242,225.49517822265625,-0.5439980030059814,251.96604919433594,0.5494220852851868,0.6149725317955017,-0.10162949562072754,0.0,0.0,12.232967376708984,0.13423967361450195
17.386911392211914,0.43009552359580994,0.8189378380775452,0.018773585557937622,0.018426472321152687,5.717694282531738,225.49517822265625,-0.4211273193359375,251.8354949951172,0.4238163232803345,0.7031269073486328,-0.03755974769592285,0.0,0.0,12.232967376708984,0.1443638801574707
17.38741111755371,0.3330082297325134,0.8525698184967041,0.012328272685408592,0.06680210679769516,5.865511894226074,257.96673583984375,-0.2982144355773926,251.7091064453125,0.36626139283180237,0.7497795224189758,-0.07261443138122559,0.0,0.0,12.232967376708984,0.11945915222167969
17.38791275024414,0.2203875631093979,0.8895648121833801,0.026830226182937622,0.04354459047317505,5.9944963455200195,257.96673583984375,-0.17477059364318848,251.60800170898438,0.24925558269023895,0.7973800301551819,-0.04454541206359863,0.0,0.0,12.232967376708984,0.11391878128051758
17.388412475585938,0.10388299822807312,0.9097438454627991,0.03488686680793762,0.035171885043382645,6.123201370239258,257.7087707519531,-0.04997420310974121,251.56556701660156,0.14436906576156616,0.802373468875885,-0.044408321380615234,0.0,0.0,12.232967376708984,0.11000967025756836
17.388912200927734,-0.01456302497535944,0.91310715675354,0.0332755371928215,0.034241583198308945,6.252056121826172,257.7087707519531,0.07494425773620605,251.5292510986328,0.03930135443806648,0.8325954079627991,-0.03845953941345215,0.0,0.0,12.232967376708984,0.10607385635375977
17.38941192626953,-0.13689282536506653,0.9063808917999268,0.03488686680793762,0.059359703212976456,0.08638334274291992,247.21812438964844,0.1995849609375,251.4819793701172,-0.07949060201644897,0.8240391612052917,-0.01970219612121582,0.0,0.0,12.232967376708984,0.11320161819458008
17.389911651611328,-0.2495136260986328,0.8828385472297668,0.00588296027854085,0.038893088698387146,0.2097468376159668,247.21812438964844,0.32538294792175293,251.48434448242188,-0.21541942656040192,0.8161705136299133,0.016539335250854492,0.0,0.0,12.232967376708984,0.11563611030578613
17.390411376953125,-0.35630953311920166,0.8492064476013184,-0.0005623519537039101,-0.00017954169015865773,0.30986928939819336,225.49517822265625,0.4508700370788574,251.4735870361328,-0.3110550045967102,0.8125611543655396,-0.001482248306274414,0.0,0.0,12.232967376708984,0.14100074768066406
17.390911102294922,-0.45339643955230713,0.8021216988563538,0.012328272685408592,0.003541660960763693,0.4226193428039551,225.49517822265625,0.5759844779968262,251.44754028320312,-0.4033121168613434,0.7587299942970276,-0.003635883331298828,0.0,0.0,12.232967376708984,0.1533651351928711
17.39141273498535,-0.5417458415031433,0.746628999710083,-0.007007664535194635,-0.00017954183567781,0.5817952156066895,268.4466247558594,0.7005171775817871,251.3974151611328,-0.4935890734195709,0.743007481098175,-0.03050374984741211,0.0,0.0,12.232967376708984,0.11872196197509766
17.39191246032715,-0.6368911862373352,0.6625493168830872,0.007494288496673107,0.036102186888456345,0.7160201072692871,268.4466247558594,0.8253414630889893,251.36077880859375,-0.5644015669822693,0.650871753692627,-0.02733302116394043,0.0,0.0,12.232967376708984,0.10932135581970215
17.392412185668945,-0.7252400517463684,0.5767875909805298,0.0010489762062206864,0.02307797595858574,0.8270277976989746,246.97091674804688,0.9502689838409424,251.32928466796875,-0.6832218170166016,0.568576455116272,0.010249137878417969,0.0,0.0,12.232967376708984,0.12324118614196777
17.392911911010742,-0.786405086517334,0.48430004715919495,0.010716944932937622,0.002611360512673855,0.9505152702331543,246.97091674804688,1.0749332904815674,251.2871551513672,-0.7115151286125183,0.5119253993034363,-0.04427337646484375,0.0,0.0,12.232967376708984,0.12441802024841309
17.39341163635254,-0.8465991020202637,0.38004088401794434,0.012328272685408592,0.07238391041755676,1.0856080055236816,257.7087707519531,1.1995947360992432,251.24598693847656,-0.7882740497589111,0.42456668615341187,-0.03929424285888672,0.0,0.0,12.232967376708984,0.11398673057556152
17.393911361694336,-0.8883463740348816,0.2673737108707428,-0.013452976942062378,0.009123465046286583,1.2142062187194824,257.7087707519531,1.3242971897125244,251.20709228515625,-0.8195841908454895,0.30593281984329224,-0.02716827392578125,0.0,0.0,12.232967376708984,0.11009097099304199
17.394411087036133,-0.9135890007019043,0.1563882976770401,-0.015064304694533348,0.019356772303581238,1.30826997756958,225.49517822265625,1.4477407932281494,251.11622619628906,-0.8388253450393677,0.251592218875885,-0.08502006530761719,0.0,0.0,12.232967376708984,0.13947081565856934
17.394912719726562,-0.932035505771637,0.050447799265384674,-0.027954930439591408,-0.029018862172961235,1.4210162162780762,225.49517822265625,1.5712664127349854,251.03062438964844,-0.911135733127594,0.12381108105182648,-0.05209970474243164,0.0,0.0,12.232967376708984,0.15025019645690918
17.39541244506836,-0.9310648441314697,-0.05885583162307739,-0.02634360082447529,-0.0020401431247591972,1.5688300132751465,257.96673583984375,1.6941063404083252,250.9183349609375,-0.8838999271392822,0.021030619740486145,-0.06375455856323242,0.0,0.0,12.232967376708984,0.1252763271331787
17.395912170410156,-0.9145597815513611,-0.17488615214824677,-0.007007664535194635,-0.015064352191984653,1.6978154182434082,257.96673583984375,1.8166377544403076,250.7953338623047,-0.852401614189148,-0.08858291804790497,-0.05896902084350586,0.0,0.0,12.232967376708984,0.11882233619689941
17.396411895751953,-0.8864046931266785,-0.29091647267341614,-0.023120945319533348,0.003541660960763693,1.82651948928833,257.7087707519531,1.939650297164917,250.69525146484375,-0.8617578148841858,-0.21189552545547485,-0.044399261474609375,0.0,0.0,12.232967376708984,0.11313080787658691
17.39691162109375,-0.8446571826934814,-0.40358322858810425,-0.0021736801136285067,-0.01971585489809513,1.9553742408752441,257.7087707519531,2.0628597736358643,250.6053466796875,-0.8055458068847656,-0.32047155499458313,-0.03004741668701172,0.0,0.0,12.232967376708984,0.10748553276062012
17.397411346435547,-0.786405086517334,-0.5044788122177124,0.007494288496673107,0.03238098323345184,2.084228992462158,257.7087707519531,2.184959650039673,250.47093200683594,-0.764904260635376,-0.37611886858940125,-0.07400941848754883,0.0,0.0,12.232967376708984,0.10073065757751465
17.39790916442871,-0.7145605087280273,-0.6020116806030273,-0.007007664535194635,-0.029949164018034935,2.212827205657959,257.7087707519531,2.308410882949829,250.3957977294922,-0.7147032618522644,-0.4978868365287781,-0.045907020568847656,0.0,0.0,12.232967376708984,0.09558367729187012
17.39841079711914,-0.6310656666755676,-0.692817747592926,-0.023120945319533348,-0.009482549503445625,2.3071348667144775,225.72088623046875,2.4320766925811768,250.33155822753906,-0.627281665802002,-0.5804795026779175,-0.031330108642578125,0.0,0.0,12.232967376708984,0.12494182586669922
17.398910522460938,-0.5407748818397522,-0.761763334274292,-0.021509617567062378,-0.030879464000463486,2.419994592666626,225.72088623046875,2.556065797805786,250.28211975097656,-0.5172178745269775,-0.6373891830444336,-0.012820243835449219,0.0,0.0,12.232967376708984,0.13607120513916016
17.399410247802734,-0.44562962651252747,-0.8189378380775452,-0.03601156920194626,-0.03367036581039429,2.5671541690826416,257.4513244628906,2.6803886890411377,250.24781799316406,-0.42777395248413086,-0.6962841153144836,-0.006351470947265625,0.0,0.0,12.232967376708984,0.1132345199584961
17.39990997314453,-0.3368920087814331,-0.8727487325668335,-0.021509617567062378,-0.023437058553099632,2.69588041305542,257.4513244628906,2.8050529956817627,250.22854614257812,-0.31530946493148804,-0.7652528882026672,0.029206275939941406,0.0,0.0,12.232967376708984,0.10917258262634277
17.400409698486328,-0.2281544953584671,-0.9097438454627991,-0.005396336317062378,0.006332563702017069,2.825162410736084,257.96673583984375,2.9304702281951904,250.24124145507812,-0.2446199506521225,-0.8100810050964355,0.0012497901916503906,0.0,0.0,12.232967376708984,0.10530781745910645
17.400909423828125,-0.10776641219854355,-0.9265599250793457,-0.008618992753326893,0.006332562770694494,2.954145669937134,257.96673583984375,3.0550687313079834,250.21932983398438,-0.14475804567337036,-0.812633216381073,-0.0064105987548828125,0.0,0.0,12.232967376708984,0.10092306137084961
17.401409149169922,0.010679737664759159,-0.9433757662773132,-0.01828696019947529,0.000750759441871196,3.0944576263427734,268.4466247558594,-3.1014721393585205,250.28399658203125,-0.009897955693304539,-0.9017119407653809,0.03243756294250488,0.0,0.0,12.232967376708984,0.08725595474243164
17.40191078186035,0.14854341745376587,-0.9299232959747314,-0.027954930439591408,-0.04204307124018669,3.2286813259124756,268.4466247558594,-2.9758176803588867,250.30557250976562,0.1156829372048378,-0.8489260077476501,0.05328989028930664,0.0,0.0,12.232967376708984,0.07868623733520508
17.40241050720215,0.2689307630062103,-0.9030174016952515,-0.02634360082447529,-0.04111276939511299,3.3167173862457275,225.72088623046875,-2.848081350326538,250.4139862060547,0.2113819569349289,-0.846150815486908,0.034882545471191406,0.0,0.0,12.232967376708984,0.11838674545288086
17.402908325195312,0.3796103298664093,-0.8693854212760925,-0.013452976942062378,-0.03553096577525139,3.4293534755706787,225.72088623046875,-2.720740795135498,250.50387573242188,0.35807645320892334,-0.8122944235801697,0.07814192771911621,0.0,0.0,12.232967376708984,0.13309144973754883
17.40340805053711,0.4825228750705719,-0.8155742883682251,0.009105616249144077,-0.03739156946539879,3.5765130519866943,257.4513244628906,-2.592681407928467,250.6219482421875,0.46500691771507263,-0.7461819052696228,0.09227705001831055,0.0,0.0,12.232967376708984,0.11399126052856445
17.403907775878906,0.584464430809021,-0.7533553242683411,-0.013452976942062378,-0.03367036581039429,3.7052392959594727,257.4513244628906,-2.4647295475006104,250.7329559326172,0.5507349371910095,-0.7276290655136108,0.05481076240539551,0.0,0.0,12.232967376708984,0.11321687698364258
17.404407501220703,0.6815510392189026,-0.6726387143135071,0.015550929121673107,-0.01878555491566658,3.84613037109375,268.7153625488281,-2.3374979496002197,250.8113250732422,0.6548086404800415,-0.6457926630973816,0.07211184501647949,0.0,0.0,12.232967376708984,0.09955739974975586
17.4049072265625,0.7660170197486877,-0.5801509022712708,-0.0021736801136285067,-0.01971585489809513,3.980487585067749,268.7153625488281,-2.210536479949951,250.87680053710938,0.7321208715438843,-0.5991758108139038,0.037627220153808594,0.0,0.0,12.232967376708984,0.09216165542602539
17.40540885925293,0.838831901550293,-0.4674839675426483,0.0042716325260698795,-0.004831044469028711,4.114554405212402,268.4466247558594,-2.0835273265838623,250.94276428222656,0.7708160877227783,-0.4624468982219696,0.05620598793029785,0.0,0.0,12.232967376708984,0.08510351181030273
17.405908584594727,0.900967538356781,-0.3531354069709778,-0.007007664535194635,-0.01692495495080948,4.248778343200684,268.4466247558594,-1.9576137065887451,250.9612579345703,0.8299756050109863,-0.3774714171886444,0.04378819465637207,0.0,0.0,12.232967376708984,0.07679319381713867
17.406408309936523,0.9407733082771301,-0.2371051162481308,0.018773585557937622,0.009123465046286583,4.336570739746094,225.49517822265625,-1.830885648727417,251.01353454589844,0.8923848271369934,-0.30186083912849426,0.017624378204345703,0.0,0.0,12.232967376708984,0.11572885513305664
17.40690803527832,0.9631035327911377,-0.12443813681602478,0.03649819269776344,-0.012273451313376427,4.449092864990234,225.49517822265625,-1.7047183513641357,251.04136657714844,0.9057072401046753,-0.19462913274765015,0.005925416946411133,0.0,0.0,12.232967376708984,0.12937402725219727
17.407407760620117,0.9757248759269714,-0.008408037014305592,0.017162257805466652,0.006332563702017069,4.608519554138184,268.7153625488281,-1.5779582262039185,251.09341430664062,0.9605244994163513,-0.077625572681427,0.010232925415039062,0.0,0.0,12.232967376708984,0.09670782089233398
17.407907485961914,0.9737829566001892,0.1193932369351387,0.012328272685408592,-0.0039007440209388733,4.7428765296936035,268.7153625488281,-1.4526445865631104,251.08389282226562,0.9526867270469666,0.06612461805343628,0.0349574089050293,0.0,0.0,12.232967376708984,0.08766412734985352
17.40840721130371,0.9475695490837097,0.2455131560564041,0.012328272685408592,0.003541660960763693,4.876943588256836,268.4466247558594,-1.327083945274353,251.0846710205078,0.9230241179466248,0.16912148892879486,0.021257638931274414,0.0,0.0,12.232967376708984,0.07915782928466797
17.40890884399414,0.9106765389442444,0.3632248342037201,0.023607568815350533,0.015635568648576736,5.011167049407959,268.4466247558594,-1.2028062343597412,251.03160095214844,0.92448490858078,0.2662159502506256,-0.0039827823638916016,0.0,0.0,12.232967376708984,0.06921243667602539
17.409408569335938,0.8563077449798584,0.48429980874061584,0.002660304307937622,-0.007621947210282087,5.098959445953369,225.49517822265625,-1.0775396823883057,251.02110290527344,0.8383697271347046,0.3699510395526886,0.005986928939819336,0.0,0.0,12.232967376708984,0.10668611526489258
17.409908294677734,0.7834922671318054,0.5767878293991089,0.013939601369202137,0.028659777715802193,5.21170711517334,225.49517822265625,-0.952512264251709,251.0006561279297,0.7438876628875732,0.41924911737442017,-0.02151775360107422,0.0,0.0,12.232967376708984,0.11896610260009766
17.41040802001953,0.7077646851539612,0.667593777179718,0.020384913310408592,0.017496172338724136,5.3824920654296875,279.18450927734375,-0.8275148868560791,250.97958374023438,0.6618808507919312,0.5328159332275391,0.018209457397460938,0.0,0.0,12.232967376708984,0.07317876815795898
17.410907745361328,0.6184441447257996,0.7617635726928711,0.025218898430466652,0.02028707228600979,5.5218048095703125,279.18450927734375,-0.7005922794342041,251.03973388671875,0.6185768246650696,0.6780579090118408,0.04487419128417969,0.0,0.0,12.232967376708984,0.060788631439208984
17.411407470703125,0.504852831363678,0.8307088017463684,0.03166421130299568,0.035171885043382645,5.649801254272461,268.4466247558594,-0.5743048191070557,251.07208251953125,0.5194973349571228,0.7142410278320312,0.029247283935546875,0.0,0.0,12.232967376708984,0.059079647064208984
17.411907196044922,0.38737693428993225,0.8996544480323792,0.04616616293787956,0.04726579412817955,5.784025192260742,268.4466247558594,-0.44608020782470703,251.1851348876953,0.4047260284423828,0.8060041666030884,0.06469297409057617,0.0,0.0,12.232967376708984,0.053080081939697266
17.41240882873535,0.2708728611469269,0.9433757662773132,0.021996241062879562,0.029590079560875893,5.918828010559082,268.984619140625,-0.3177802562713623,251.2989959716797,0.3265641927719116,0.8798197507858276,0.04630088806152344,0.0,0.0,12.232967376708984,0.04657697677612305
17.41290855407715,0.1252422332763672,0.9702814221382141,0.0332755371928215,0.04726579412817955,6.053320407867432,268.984619140625,-0.1886453628540039,251.44552612304688,0.15338753163814545,0.8565325140953064,0.09563016891479492,0.0,0.0,12.232967376708984,0.04121971130371094
17.413408279418945,-0.004854139406234026,0.9803708791732788,0.0332755371928215,0.019356772303581238,6.152121067047119,235.99703979492188,-0.058763980865478516,251.6202850341797,0.04214675351977348,0.8832405209541321,0.09532475471496582,0.0,0.0,12.232967376708984,0.07230043411254883
17.413908004760742,-0.13106746971607208,0.9669181108474731,0.007494288496673107,0.07703541964292526,6.270119667053223,235.99703979492188,0.07206392288208008,251.8311004638672,-0.08702661842107773,0.8564218878746033,0.11359453201293945,0.0,0.0,12.232967376708984,0.0851297378540039
17.41440773010254,-0.24757178127765656,0.9501022100448608,0.0042716325260698795,0.010053766891360283,0.14030194282531738,268.7153625488281,0.20273685455322266,252.0310516357422,-0.2061319351196289,0.855415940284729,0.11820292472839355,0.0,0.0,12.232967376708984,0.06243491172790527
17.414905548095703,-0.38155218958854675,0.9030174016952515,0.013939601369202137,0.05098699778318405,0.27439045906066895,268.7153625488281,0.33527612686157227,252.30569458007812,-0.3624081611633301,0.7809715270996094,0.18404054641723633,0.0,0.0,12.232967376708984,0.06088566780090332
17.4154052734375,-0.4990272521972656,0.847524881362915,0.010716944932937622,0.04540519416332245,0.42006468772888184,279.18450927734375,0.4670753479003906,252.5428924560547,-0.46136870980262756,0.7883256077766418,0.14719605445861816,0.0,0.0,12.232967376708984,0.04701066017150879
17.41590690612793,-0.6116483807563782,0.766808271408081,-0.024732273072004318,0.030520379543304443,0.5596573352813721,279.18450927734375,0.5996847152709961,252.80926513671875,-0.5601198077201843,0.7029992341995239,0.15797662734985352,0.0,0.0,12.232967376708984,0.04002737998962402
17.416406631469727,-0.7271818518638611,0.6810469627380371,0.00588296027854085,0.033311281353235245,0.6876425743103027,268.4466247558594,0.7323358058929443,253.0720977783203,-0.7089364528656006,0.6102720499038696,0.21293234825134277,0.0,0.0,12.232967376708984,0.0446932315826416
17.416906356811523,-0.8058224320411682,0.5784695744514465,0.025218898430466652,0.038893088698387146,0.8218662738800049,268.4466247558594,0.8639976978302002,253.287353515625,-0.74462890625,0.6001718044281006,0.1132822036743164,0.0,0.0,12.232967376708984,0.04213142395019531
17.41740608215332,-0.8864049315452576,0.4658021926879883,-0.011841648258268833,0.02121737413108349,0.9212644100189209,236.23304748535156,0.996539831161499,253.53526306152344,-0.8495854735374451,0.45774659514427185,0.16523504257202148,0.0,0.0,12.232967376708984,0.07527542114257812
17.417905807495117,-0.9300938248634338,0.3564985394477844,0.0042716325260698795,-0.0011098423274233937,1.0393812656402588,236.23304748535156,1.1273844242095947,253.70660400390625,-0.8541920781135559,0.39218759536743164,0.09793758392333984,0.0,0.0,12.232967376708984,0.08800315856933594
17.418405532836914,-0.9698996543884277,0.24046824872493744,0.010716944932937622,0.02307797595858574,1.2039294242858887,279.18450927734375,1.2582314014434814,253.87442016601562,-0.913648247718811,0.2833818197250366,0.09680795669555664,0.0,0.0,12.232967376708984,0.05430197715759277
17.418903350830078,-0.9961130023002625,0.11434853821992874,0.007494288496673107,0.037962786853313446,1.3432416915893555,279.18450927734375,1.3880360126495361,253.99473571777344,-0.954570472240448,0.22844982147216797,0.03262758255004883,0.0,0.0,12.232967376708984,0.044794321060180664
17.419403076171875,-0.9883459210395813,-0.026905464008450508,-0.04245688393712044,-0.00390074634924531,1.4828343391418457,279.18450927734375,1.517625093460083,254.1034698486328,-0.8933559656143188,0.10217659920454025,0.024064064025878906,0.0,0.0,12.232967376708984,0.034790754318237305
17.419904708862305,-0.9805793762207031,-0.16143320500850677,-0.008618992753326893,-0.01971585489809513,1.6224253177642822,279.18450927734375,1.6479570865631104,254.24134826660156,-0.9202924966812134,-0.04045967757701874,0.051708221435546875,0.0,0.0,12.232967376708984,0.025531768798828125
17.4204044342041,-0.9407735466957092,-0.29764270782470703,-0.04084555432200432,-0.0029704447370022535,1.7623217105865479,279.4639587402344,1.7774193286895752,254.33981323242188,-0.8514731526374817,-0.1258729249238968,0.024998188018798828,0.0,0.0,12.232967376708984,0.015097618103027344
17.4209041595459,-0.9048511981964111,-0.42712557315826416,-0.008618992753326893,-0.030879464000463486,1.902052879333496,279.4639587402344,1.9077608585357666,254.4730987548828,-0.8809853792190552,-0.30607080459594727,0.08254814147949219,0.0,0.0,12.232967376708984,0.005707979202270508
17.421403884887695,-0.8310652375221252,-0.548200786113739,-0.005396336317062378,-0.0011098424438387156,1.9950506687164307,236.23304748535156,2.037426233291626,254.57522583007812,-0.7694801092147827,-0.3682467043399811,0.06482315063476562,0.0,0.0,12.232967376708984,0.04237556457519531
17.421903610229492,-0.7592206001281738,-0.6457329988479614,-0.008618992753326893,-0.03832187131047249,2.1131675243377686,236.23304748535156,2.1678850650787354,254.7083282470703,-0.7310704588890076,-0.48339083790779114,0.07230186462402344,0.0,0.0,12.232967376708984,0.0547175407409668
17.42240333557129,-0.6728132367134094,-0.7348576784133911,-0.03278891369700432,-0.024367358535528183,2.2777156829833984,279.18450927734375,2.2988884449005127,254.8618927001953,-0.643903374671936,-0.5956876277923584,0.10378694534301758,0.0,0.0,12.232967376708984,0.021172761917114258
17.422903060913086,-0.5631048083305359,-0.8172560334205627,-0.031177585944533348,-0.04390367493033409,2.4170279502868652,279.18450927734375,2.4311578273773193,255.06509399414062,-0.5583651661872864,-0.6857324242591858,0.11252021789550781,0.0,0.0,12.232967376708984,0.014129877090454102
17.423404693603516,-0.43980416655540466,-0.8862015008926392,-0.03278891369700432,-0.031809765845537186,2.556900978088379,279.18450927734375,2.5643646717071533,255.3035430908203,-0.4303880035877228,-0.730027437210083,0.1301422119140625,0.0,0.0,12.232967376708984,0.007463693618774414
17.423904418945312,-0.3097076714038849,-0.9433757662773132,-0.02634360082447529,-0.01878555491566658,2.6962132453918457,279.18450927734375,2.698697328567505,255.5843505859375,-0.2910039722919464,-0.8139622807502747,0.18548107147216797,0.0,0.0,12.232967376708984,0.0024840831756591797
17.42440414428711,-0.17572753131389618,-0.9736445546150208,-0.04245688393712044,-0.0708824023604393,2.8361079692840576,279.4639587402344,2.8336002826690674,255.8831024169922,-0.2138393670320511,-0.8691794872283936,0.15266084671020508,0.0,0.0,12.232967376708984,-0.0025076866149902344
17.424903869628906,-0.03398067504167557,-0.9904603958129883,-0.005396336317062378,-0.0550672821700573,2.975839138031006,279.4639587402344,2.9692676067352295,256.2079162597656,-0.048641953617334366,-0.8868761658668518,0.20375728607177734,0.0,0.0,12.232967376708984,-0.006571531295776367
17.425403594970703,0.10582470893859863,-0.983734130859375,-0.013452976942062378,-0.050415776669979095,3.0804476737976074,246.97091674804688,3.1051504611968994,256.5350341796875,0.07219710201025009,-0.8708083629608154,0.20550107955932617,0.0,0.0,12.232967376708984,0.024702787399291992
17.4259033203125,0.2300964593887329,-0.9669181108474731,-0.013452976942062378,-0.03367036581039429,3.2039318084716797,246.97091674804688,-3.0416908264160156,256.8744201660156,0.17953404784202576,-0.9038170576095581,0.1825425624847412,0.0,0.0,12.232967376708984,0.03756284713745117
17.426403045654297,0.3446592092514038,-0.9332861304283142,0.009105616249144077,-0.029949164018034935,3.3509228229522705,268.7153625488281,-2.906531810760498,257.15679931640625,0.26307836174964905,-0.904469907283783,0.13424348831176758,0.0,0.0,12.232967376708984,0.025730609893798828
17.426904678344727,0.47669729590415955,-0.8794749975204468,-0.010230320505797863,-0.02250675857067108,3.4852800369262695,268.7153625488281,-2.770653486251831,257.4637451171875,0.44246214628219604,-0.8405694961547852,0.20021939277648926,0.0,0.0,12.232967376708984,0.027251720428466797
17.427404403686523,0.5951434373855591,-0.8021215200424194,0.002660304307937622,-0.0615793876349926,3.6306638717651367,278.90557861328125,-2.634390354156494,257.78045654296875,0.5690174698829651,-0.7450330853462219,0.2319049835205078,0.0,0.0,12.232967376708984,0.018131256103515625
17.42790412902832,0.6912596225738525,-0.7163602709770203,0.015550929121673107,-0.02250675857067108,3.769839286804199,278.90557861328125,-2.4975814819335938,258.1130065917969,0.6289358735084534,-0.7247070074081421,0.15741848945617676,0.0,0.0,12.232967376708984,0.015764713287353516
17.428403854370117,0.7951428890228271,-0.6104199290275574,-0.007007664535194635,-0.02064615674316883,3.9098942279815674,279.4639587402344,-2.361151695251465,258.4229736328125,0.7624298930168152,-0.5773210525512695,0.229323148727417,0.0,0.0,12.232967376708984,0.01213979721069336
17.428903579711914,0.8650456070899963,-0.5027976632118225,0.010716944932937622,-0.006691646762192249,4.049625396728516,279.4639587402344,-2.2255401611328125,258.6918029785156,0.8061915636062622,-0.5660872459411621,0.12929964065551758,0.0,0.0,12.232967376708984,0.00801992416381836
17.42940330505371,0.9310648441314697,-0.3749961853027344,-0.013452976942062378,-0.024367358535528183,4.154233932495117,246.97091674804688,-2.089975357055664,258.953125,0.8708419799804688,-0.4287623167037964,0.1485741138458252,0.0,0.0,12.232967376708984,0.038976192474365234
17.429903030395508,0.9640745520591736,-0.2572843134403229,0.030052881687879562,-0.008552247658371925,4.2777180671691895,246.97091674804688,-1.9547736644744873,259.1934814453125,0.9060205221176147,-0.35113295912742615,0.10103368759155273,0.0,0.0,12.232967376708984,0.05069398880004883
17.430404663085938,0.9941713213920593,-0.13116461038589478,0.0332755371928215,0.019356772303581238,4.436026096343994,279.18450927734375,-1.8205394744873047,259.388427734375,0.9557730555534363,-0.19099171459674835,0.1395258903503418,0.0,0.0,12.232967376708984,0.026619911193847656
17.430904388427734,0.9951421618461609,-0.0016815653070807457,0.012328272685408592,-0.0020401431247591972,4.575618743896484,279.18450927734375,-1.6867177486419678,259.5617370605469,0.9402709007263184,-0.13370850682258606,0.06141161918640137,0.0,0.0,12.232967376708984,0.020848751068115234
17.43140411376953,0.9864044785499573,0.13789087533950806,0.023607568815350533,0.05284759774804115,4.715211391448975,279.18450927734375,-1.5538538694381714,259.69134521484375,0.9437124133110046,0.054659388959407806,0.12797951698303223,0.0,0.0,12.232967376708984,0.014120101928710938
17.431901931762695,0.9543656706809998,0.2673739194869995,0.020384913310408592,0.015635568648576736,4.854523658752441,279.18450927734375,-1.4214158058166504,259.8003234863281,0.905989944934845,0.1296958327293396,0.07970833778381348,0.0,0.0,12.232967376708984,0.0072460174560546875
17.432401657104492,0.9048511981964111,0.3934936225414276,0.04616616293787956,0.039823390543460846,4.9595947265625,247.21812438964844,-1.2880960702896118,259.9440002441406,0.8819186687469482,0.24487189948558807,0.07506537437438965,0.0,0.0,12.232967376708984,0.03549480438232422
17.43290138244629,0.8524240851402283,0.5044790506362915,0.020384913310408592,0.028659777715802193,5.083202362060547,247.21812438964844,-1.1549879312515259,260.07568359375,0.8560270667076111,0.3642931878566742,0.07350564002990723,0.0,0.0,12.232967376708984,0.04499530792236328
17.433401107788086,0.7796091437339783,0.6036933064460754,0.023607568815350533,0.034241583198308945,5.229759216308594,268.4466247558594,-1.0211825370788574,260.2339172363281,0.7826077938079834,0.46693336963653564,0.07535743713378906,0.0,0.0,12.232967376708984,0.03224372863769531
17.433902740478516,0.6932013034820557,0.6995446085929871,0.009105616249144077,0.018426472321152687,5.363983154296875,268.4466247558594,-0.8880372047424316,260.3612365722656,0.7142375707626343,0.5634899139404297,0.07225775718688965,0.0,0.0,12.232967376708984,0.031165122985839844
17.434402465820312,0.586405873298645,0.7836241126060486,0.002660304307937622,0.02214767411351204,5.521421432495117,289.9223937988281,-0.7533419132232666,260.55096435546875,0.5843919515609741,0.6437414884567261,0.10348200798034668,0.0,0.0,12.232967376708984,0.008422374725341797
17.43490219116211,0.46893057227134705,0.8592962622642517,0.03810952231287956,0.016565870493650436,5.666382789611816,289.9223937988281,-0.6185009479522705,260.74298095703125,0.48937395215034485,0.7249311804771423,0.11205863952636719,0.0,0.0,12.232967376708984,-0.0016980171203613281
17.435401916503906,0.3504845201969147,0.9164701104164124,0.013939601369202137,0.04912639409303665,5.7997355461120605,279.18450927734375,-0.4824709892272949,260.9805603027344,0.44539597630500793,0.8508539199829102,0.08755183219909668,0.0,0.0,12.232967376708984,0.0009789466857910156
17.43589973449707,0.20485346019268036,0.9601918458938599,0.018773585557937622,0.038893088698387146,5.939047813415527,279.18450927734375,-0.34611940383911133,261.2270812988281,0.23079420626163483,0.8437873125076294,0.1668689250946045,0.0,0.0,12.232967376708984,-0.0019817352294921875
17.436399459838867,0.07475707679986954,0.9770079255104065,0.009105616249144077,0.033311281353235245,6.044118881225586,247.21812438964844,-0.2088322639465332,261.5074157714844,0.1503203958272934,0.8903067708015442,0.12924551963806152,0.0,0.0,12.232967376708984,0.030234336853027344
17.436899185180664,-0.055339422076940536,0.9803708791732788,0.018773585557937622,0.02586887776851654,6.167726516723633,247.21812438964844,-0.07174563407897949,261.7735290527344,0.022965235635638237,0.8973905444145203,0.13394546508789062,0.0,0.0,12.232967376708984,0.04371309280395508
17.437400817871094,-0.1776694655418396,0.9635552167892456,0.012328272685408592,0.010984065942466259,0.031097888946533203,268.4466247558594,0.0657799243927002,262.052490234375,-0.09395436197519302,0.8814184069633484,0.12826776504516602,0.0,0.0,12.232967376708984,0.03468203544616699
17.43790054321289,-0.2980571985244751,0.9366495013237,0.009105616249144077,0.02772947959601879,0.16532182693481445,268.4466247558594,0.2033238410949707,262.3263854980469,-0.20100398361682892,0.9286260604858398,0.09765839576721191,0.0,0.0,12.232967376708984,0.03800201416015625
17.438400268554688,-0.4339791536331177,0.8828385472297668,0.0042716325260698795,0.039823390543460846,0.31115293502807617,279.18450927734375,0.34180426597595215,262.6341552734375,-0.39040255546569824,0.8246620893478394,0.1886458396911621,0.0,0.0,12.232967376708984,0.030651330947875977
17.438899993896484,-0.5524254441261292,0.8088482618331909,0.018773585557937622,0.035171885043382645,0.4507451057434082,279.18450927734375,0.4806969165802002,262.95245361328125,-0.47431108355522156,0.7683212757110596,0.1606605052947998,0.0,0.0,12.232967376708984,0.029951810836791992
17.43939971923828,-0.6563083529472351,0.7298129796981812,0.009105616249144077,0.06122030317783356,0.613551139831543,300.6602478027344,0.6184933185577393,263.21783447265625,-0.5766385197639465,0.7733787298202515,0.11035943031311035,0.0,0.0,12.232967376708984,0.004942178726196289
17.439899444580078,-0.7592206001281738,0.6255542635917664,0.0010489762062206864,0.02679917775094509,0.7635812759399414,300.6602478027344,0.7566485404968262,263.492919921875,-0.6792899370193481,0.6577416658401489,0.13321924209594727,0.0,0.0,12.232967376708984,-0.006932735443115234
17.440399169921875,-0.8427154421806335,0.5078423619270325,-0.015064304694533348,0.037962786853313446,0.8445858955383301,236.4695281982422,0.8943579196929932,263.7434387207031,-0.7361765503883362,0.562419056892395,0.11240530014038086,0.0,0.0,12.232967376708984,0.049772024154663086
17.440900802612305,-0.9038801789283752,0.40190187096595764,0.020384913310408592,0.006332562770694494,0.9628195762634277,236.4695281982422,1.0319788455963135,263.98492431640625,-0.8085309863090515,0.4613664150238037,0.10869455337524414,0.0,0.0,12.232967376708984,0.06915926933288574
17.4414005279541,-0.9495111107826233,0.2892346680164337,-0.008618992753326893,-0.014134053140878677,1.1272292137145996,279.18450927734375,1.1682817935943604,264.1658935546875,-0.873089075088501,0.3578415513038635,0.10198783874511719,0.0,0.0,12.232967376708984,0.04105257987976074
17.4419002532959,-0.9873752593994141,0.1563882976770401,-0.019898289814591408,0.009123464114964008,1.266822338104248,279.18450927734375,1.3055393695831299,264.383544921875,-0.9562660455703735,0.21453052759170532,0.13322019577026367,0.0,0.0,12.232967376708984,0.038717031478881836
17.442399978637695,-0.984462559223175,0.020179204642772675,-0.02634360082447529,0.005402261856943369,1.40641450881958,279.18450927734375,1.442028284072876,264.56396484375,-0.8764833807945251,0.168064683675766,0.027588367462158203,0.0,0.0,12.232967376708984,0.0356137752532959
17.442899703979492,-0.984462559223175,-0.11434853821992874,-0.021509617567062378,-0.0029704435728490353,1.5460076332092285,279.18450927734375,1.5783660411834717,264.7344665527344,-0.9373330473899841,-0.001087990589439869,0.08214521408081055,0.0,0.0,12.232967376708984,0.032358407974243164
17.44339942932129,-0.9553367495536804,-0.2522394061088562,-0.03278891369700432,-0.0020401431247591972,1.685598373413086,279.18450927734375,1.7143418788909912,264.8861083984375,-0.8778041005134583,-0.11757306009531021,0.07819032669067383,0.0,0.0,12.232967376708984,0.028743505477905273
17.443899154663086,-0.9174726605415344,-0.3783591091632843,-0.015064304694533348,-0.03460066765546799,1.8249106407165527,279.18450927734375,1.8498661518096924,265.015625,-0.9022491574287415,-0.28060948848724365,0.11122798919677734,0.0,0.0,12.232967376708984,0.02495551109313965
17.444400787353516,-0.8465990424156189,-0.5011159181594849,-0.05857016518712044,-0.04483397677540779,1.9183526039123535,236.23304748535156,1.9855806827545166,265.15057373046875,-0.8066103458404541,-0.3691692352294922,0.10321903228759766,0.0,0.0,12.232967376708984,0.06722807884216309
17.444900512695312,-0.7776671051979065,-0.5936039090156555,-0.0021736801136285067,-0.029018862172961235,2.0362343788146973,236.23304748535156,2.1210319995880127,265.271240234375,-0.7300328016281128,-0.41482365131378174,0.05511283874511719,0.0,0.0,12.232967376708984,0.08479762077331543
17.44540023803711,-0.7038812041282654,-0.6877732276916504,-0.027954930439591408,-0.053206682205200195,2.212334156036377,289.9223937988281,2.256513833999634,265.3910217285156,-0.6925221681594849,-0.5859311819076538,0.10536861419677734,0.0,0.0,12.232967376708984,0.044179677963256836
17.445899963378906,-0.5961142778396606,-0.7735344767570496,-0.019898289814591408,-0.04111277312040329,2.3572964668273926,289.9223937988281,2.3931868076324463,265.5583190917969,-0.5953609347343445,-0.6508386731147766,0.09638404846191406,0.0,0.0,12.232967376708984,0.03589034080505371
17.446399688720703,-0.47669729590415955,-0.8458430767059326,-0.019898289814591408,-0.03925217315554619,2.490962505340576,279.4639587402344,2.5298945903778076,265.72357177734375,-0.4834180772304535,-0.7190742492675781,0.10881567001342773,0.0,0.0,12.232967376708984,0.038932085037231445
17.4468994140625,-0.3582512438297272,-0.9063808917999268,-0.019898289814591408,-0.03739156946539879,2.6306939125061035,279.4639587402344,2.668133020401001,265.94964599609375,-0.39844343066215515,-0.8129034638404846,0.10678625106811523,0.0,0.0,12.232967376708984,0.03743910789489746
17.447399139404297,-0.21844573318958282,-0.9433757662773132,-0.019898289814591408,-0.055997584015131,2.781731128692627,289.9223937988281,2.8063342571258545,266.1693115234375,-0.25768446922302246,-0.8231335878372192,0.1210641860961914,0.0,0.0,12.232967376708984,0.02460312843322754
17.447900772094727,-0.08640766143798828,-0.9702814221382141,-0.023120945319533348,-0.028088560327887535,2.9266934394836426,289.9223937988281,2.944524049758911,266.3840026855469,-0.14496925473213196,-0.8817329406738281,0.12338829040527344,0.0,0.0,12.232967376708984,0.017830610275268555
17.448400497436523,0.05728161334991455,-0.9669181108474731,0.015550929121673107,-0.01878555491566658,3.0136141777038574,236.23304748535156,3.083510637283325,266.6275329589844,-0.01184558030217886,-0.8502951264381409,0.13355159759521484,0.0,0.0,12.232967376708984,0.06989645957946777
17.448898315429688,0.18349432945251465,-0.9601918458938599,-0.013452976942062378,-0.03367036581039429,3.131495952606201,236.23304748535156,-3.0598931312561035,266.8993835449219,0.12301541119813919,-0.8917495012283325,0.14492154121398926,0.0,0.0,12.232967376708984,0.0917963981628418
17.449398040771484,0.294173926115036,-0.9299232959747314,0.025218898430466652,-0.02250676043331623,3.307910442352295,290.21258544921875,-2.9203193187713623,267.1567687988281,0.23469436168670654,-0.8804380297660828,0.12879061698913574,0.0,0.0,12.232967376708984,0.05495595932006836
17.44989776611328,0.42815396189689636,-0.8761121034622192,-0.01828696019947529,-0.01971585489809513,3.453016757965088,290.21258544921875,-2.7813804149627686,267.3822326660156,0.3541504740715027,-0.8189950585365295,0.13759493827819824,0.0,0.0,12.232967376708984,0.04878854751586914
17.450397491455078,0.550483763217926,-0.8122115731239319,-0.007007664535194635,-0.02250675857067108,3.5745930671691895,268.4466247558594,-2.642742395401001,267.5899963378906,0.4992119371891022,-0.8084308505058289,0.14410710334777832,0.0,0.0,12.232967376708984,0.06584978103637695
17.450897216796875,0.6514542698860168,-0.7314947843551636,-0.0021736801136285067,-0.02343706041574478,3.7088170051574707,268.4466247558594,-2.502736806869507,267.8508605957031,0.5928300619125366,-0.752576470375061,0.1181032657623291,0.0,0.0,12.232967376708984,0.07163190841674805
17.451398849487305,0.7465994954109192,-0.6406881213188171,0.015550929121673107,-0.01692495308816433,3.819826602935791,246.97091674804688,-2.363806962966919,268.0611267089844,0.6993817687034607,-0.6855850219726562,0.10734105110168457,0.0,0.0,12.232967376708984,0.09955167770385742
17.4518985748291,0.8194145560264587,-0.5414741039276123,0.009105616249144077,-0.0039007447194308043,3.943310260772705,246.97091674804688,-2.2250945568084717,268.2579345703125,0.7712700963020325,-0.5823339223861694,0.09737539291381836,0.0,0.0,12.232967376708984,0.11478090286254883
17.4523983001709,0.8854336738586426,-0.42712557315826416,0.007494288496673107,-0.014134050346910954,4.101619243621826,279.18450927734375,-2.086876392364502,268.4298400878906,0.8205789923667908,-0.4468334913253784,0.10733294486999512,0.0,0.0,12.232967376708984,0.09468984603881836
17.452896118164062,0.9291228652000427,-0.3110954463481903,0.009105616249144077,0.014705270528793335,4.240931987762451,279.18450927734375,-1.9497671127319336,268.5511169433594,0.8678180575370789,-0.4028337299823761,0.034001827239990234,0.0,0.0,12.232967376708984,0.09248638153076172
17.45339584350586,0.9689286351203918,-0.17488615214824677,0.013939601369202137,0.004471961874514818,4.380524158477783,279.18450927734375,-1.8119663000106812,268.699462890625,0.9333504438400269,-0.20750834047794342,0.11240291595458984,0.0,0.0,12.232967376708984,0.09069490432739258
17.453895568847656,0.9698994755744934,-0.04540310427546501,0.025218898430466652,0.02400827780365944,4.520116329193115,279.18450927734375,-1.6750205755233765,268.80853271484375,0.9058629274368286,-0.15497122704982758,0.02445816993713379,0.0,0.0,12.232967376708984,0.08804845809936523
17.454395294189453,0.9757248759269714,0.0891246348619461,0.021996241062879562,0.03145068138837814,4.660010814666748,279.4639587402344,-1.5394724607467651,268.85662841796875,0.94871586561203,-0.005846137646585703,0.05231595039367676,0.0,0.0,12.232967376708984,0.08370208740234375
17.45489501953125,0.9436860084533691,0.21860769391059875,0.013939601369202137,0.019356774166226387,4.799742221832275,279.4639587402344,-1.4045069217681885,268.879150390625,0.890451192855835,0.046605776995420456,-0.024509191513061523,0.0,0.0,12.232967376708984,0.07893610000610352
17.45539665222168,0.9087347388267517,0.3464089632034302,0.023607568815350533,0.030520381405949593,4.9043498039245605,246.97091674804688,-1.2694038152694702,268.9072265625,0.8825672268867493,0.20963361859321594,0.02150273323059082,0.0,0.0,12.232967376708984,0.10943174362182617
17.455896377563477,0.8592203259468079,0.459075927734375,0.020384913310408592,0.030520381405949593,5.027835369110107,246.97091674804688,-1.1344544887542725,268.9281005859375,0.8511219620704651,0.34095385670661926,0.03442692756652832,0.0,0.0,12.232967376708984,0.1208958625793457
17.456396102905273,0.7922303080558777,0.5616530776023865,0.00588296027854085,0.018426472321152687,5.186143398284912,279.18450927734375,-1.0000150203704834,268.9269714355469,0.7784313559532166,0.4109015464782715,0.004529237747192383,0.0,0.0,12.232967376708984,0.09702730178833008
17.45689582824707,0.7048518061637878,0.6591857671737671,0.026830226182937622,0.04168399050831795,5.325456142425537,279.18450927734375,-0.8648684024810791,268.9556884765625,0.721992015838623,0.5197525024414062,0.007668733596801758,0.0,0.0,12.232967376708984,0.09286069869995117
17.457395553588867,0.6116486191749573,0.7533553242683411,0.010716944932937622,0.02121737413108349,5.465048313140869,279.18450927734375,-0.7284257411956787,269.03839111328125,0.6383630633354187,0.6408115029335022,0.03473067283630371,0.0,0.0,12.232967376708984,0.08971166610717773
17.457895278930664,0.4912604093551636,0.8273456692695618,0.04294350743293762,0.02121737413108349,5.604640483856201,279.18450927734375,-0.593097448348999,269.0725402832031,0.4990822374820709,0.667428195476532,0.040851593017578125,0.0,0.0,12.232967376708984,0.08544778823852539
17.45839500427246,0.3796103298664093,0.8862015008926392,0.018773585557937622,0.05005669593811035,5.756143093109131,290.21258544921875,-0.4564061164855957,269.1629943847656,0.44777241349220276,0.789108395576477,0.030082225799560547,0.0,0.0,12.232967376708984,0.07063627243041992
17.45889663696289,0.24174655973911285,0.9366495013237,0.030052881687879562,0.013774968683719635,5.901249408721924,290.21258544921875,-0.31919312477111816,269.2737121582031,0.2914401888847351,0.8147100806236267,0.06565165519714355,0.0,0.0,12.232967376708984,0.06274271011352539
17.459396362304688,0.1019415333867073,0.9568284749984741,0.012328272685408592,0.04633549600839615,5.988259792327881,236.4695281982422,-0.18098211288452148,269.4237365722656,0.1591634303331375,0.8239694833755493,0.08027338981628418,0.0,0.0,12.232967376708984,0.11394357681274414
17.459896087646484,-0.018446676433086395,0.9669181108474731,0.0010489762062206864,0.02679917775094509,6.1064934730529785,236.4695281982422,-0.04241132736206055,269.5859069824219,0.042799267917871475,0.8744967579841614,0.08368468284606934,0.0,0.0,12.232967376708984,0.13428068161010742
17.46039581298828,-0.13106758892536163,0.9635552167892456,-0.011841648258268833,0.036102186888456345,6.270946025848389,279.18450927734375,0.0961768627166748,269.74542236328125,-0.07872378826141357,0.9471663236618042,0.07694840431213379,0.0,0.0,12.232967376708984,0.10841608047485352
17.460895538330078,-0.26698943972587585,0.9299232959747314,0.00588296027854085,0.02586887776851654,0.1270742416381836,279.18450927734375,0.23374056816101074,269.8586120605469,-0.19162003695964813,0.8446925282478333,0.07958531379699707,0.0,0.0,12.232967376708984,0.10666632652282715
17.461395263671875,-0.38737717270851135,0.8862015008926392,-0.0005623519537039101,0.010984066873788834,0.26666736602783203,279.18450927734375,0.37277650833129883,270.0310974121094,-0.30903977155685425,0.8686029314994812,0.059268951416015625,0.0,0.0,12.232967376708984,0.1061091423034668
17.461896896362305,-0.5058234333992004,0.8223009705543518,-0.01828696019947529,0.010053765028715134,0.40625858306884766,279.18450927734375,0.5110905170440674,270.1697998046875,-0.4273904263973236,0.8076857924461365,0.06590390205383301,0.0,0.0,12.232967376708984,0.10483193397521973
17.4623966217041,-0.6135901808738708,0.7499923706054688,0.0010489762062206864,0.03238098323345184,0.5458517074584961,279.18450927734375,0.649406909942627,270.3055419921875,-0.5301908850669861,0.8040647506713867,0.02370476722717285,0.0,0.0,12.232967376708984,0.10355520248413086
17.4628963470459,-0.7106769680976868,0.6558228135108948,-0.010230320505797863,0.016565870493650436,0.6854438781738281,279.18450927734375,0.7867352962493896,270.396728515625,-0.5973353981971741,0.7407779097557068,-0.018106460571289062,0.0,0.0,12.232967376708984,0.10129141807556152
17.463396072387695,-0.7941721081733704,0.5515639185905457,-0.010230320505797863,-0.028088564053177834,0.7902135848999023,246.97091674804688,0.9241187572479248,270.4886779785156,-0.6971185207366943,0.5883359313011169,0.035981178283691406,0.0,0.0,12.232967376708984,0.13390517234802246
17.463895797729492,-0.8631036877632141,0.4456234276294708,-0.0021736801136285067,-0.012273450382053852,0.9136991500854492,246.97091674804688,1.0606663227081299,270.5435791015625,-0.7914199233055115,0.4871368408203125,0.048723697662353516,0.0,0.0,12.232967376708984,0.14696717262268066
17.46439552307129,-0.9213560223579407,0.3312748670578003,0.007494288496673107,0.015635568648576736,1.072007179260254,279.18450927734375,1.197796106338501,270.6217346191406,-0.8560654520988464,0.3731783330440521,0.05230426788330078,0.0,0.0,12.232967376708984,0.12578892707824707
17.464893341064453,-0.9465987086296082,0.2068365216255188,-0.0392342247068882,-0.0597187876701355,1.211319923400879,279.18450927734375,1.3339159488677979,270.6557922363281,-0.89750075340271,0.2646735608577728,0.040459632873535156,0.0,0.0,12.232967376708984,0.12259602546691895
17.465396881103516,-0.9640743136405945,0.07567190378904343,-0.027954930439591408,0.0007507583941332996,1.351191520690918,279.18450927734375,1.4691221714019775,270.6507568359375,-0.8972357511520386,0.2055494785308838,-0.03349113464355469,0.0,0.0,12.232967376708984,0.11793065071105957
17.46589469909668,-0.9689286351203918,-0.060537189245224,-0.03440024331212044,-0.01971585862338543,1.490504264831543,279.18450927734375,1.6053850650787354,270.6901550292969,-0.932776927947998,0.002429124666377902,0.053223609924316406,0.0,0.0,12.232967376708984,0.11488080024719238
17.466394424438477,-0.9514527916908264,-0.1917022168636322,-0.029566258192062378,-0.00017954211216419935,1.6303987503051758,279.4639587402344,1.7397282123565674,270.64801025390625,-0.9132725596427917,-0.07181055098772049,-0.0002846717834472656,0.0,0.0,12.232967376708984,0.1093294620513916
17.466894149780273,-0.9106763005256653,-0.3161405622959137,-0.008618992753326893,-0.030879464000463486,1.7701301574707031,279.4639587402344,1.874704122543335,270.6331787109375,-0.8683003187179565,-0.1685318499803543,-0.022115707397460938,0.0,0.0,12.232967376708984,0.10457396507263184
17.46739387512207,-0.85727858543396,-0.4422602653503418,-0.015064304694533348,-0.006691646762192249,1.8863449096679688,257.7087707519531,2.0096352100372314,270.6171569824219,-0.8082245588302612,-0.2927076816558838,-0.0012063980102539062,0.0,0.0,12.232967376708984,0.1232903003692627
17.467893600463867,-0.7961137890815735,-0.548200786113739,-0.015064304694533348,-0.03646126762032509,2.015199661254883,257.7087707519531,2.1443259716033936,270.5910949707031,-0.788794755935669,-0.4163849949836731,0.002338886260986328,0.0,0.0,12.232967376708984,0.12912631034851074
17.468393325805664,-0.7126187682151794,-0.6457329988479614,-0.023120945319533348,-0.02064615674316883,2.167268753051758,279.18450927734375,2.278686761856079,270.5518798828125,-0.6983479261398315,-0.4972875416278839,0.001056671142578125,0.0,0.0,12.232967376708984,0.11141800880432129
17.46889305114746,-0.6223281025886536,-0.7348578572273254,-0.029566258192062378,-0.026227962225675583,2.3068599700927734,279.18450927734375,2.4133999347686768,270.5280456542969,-0.6580935120582581,-0.5998872518539429,-0.013358116149902344,0.0,0.0,12.232967376708984,0.10653996467590332
17.46939468383789,-0.5106779336929321,-0.8206194043159485,-0.023120945319533348,-0.026227962225675583,2.4464521408081055,279.18450927734375,2.549593210220337,270.56707763671875,-0.5088735222816467,-0.7031892538070679,0.0559539794921875,0.0,0.0,12.232967376708984,0.10314106941223145
17.469892501831055,-0.3970860540866852,-0.8828385472297668,-0.013452976942062378,-0.029949164018034935,2.5857667922973633,279.18450927734375,2.686661958694458,270.6420593261719,-0.4355315566062927,-0.8015388250350952,0.04756975173950195,0.0,0.0,12.232967376708984,0.10089516639709473
17.47039222717285,-0.2650478780269623,-0.9231967329978943,-0.011841648258268833,-0.04762487858533859,2.725661277770996,279.4639587402344,2.824424982070923,270.7447204589844,-0.305997759103775,-0.8152540326118469,0.04851341247558594,0.0,0.0,12.232967376708984,0.09876370429992676
17.47089195251465,-0.13300929963588715,-0.9534655809402466,-0.019898289814591408,-0.01692495495080948,2.8653926849365234,279.4639587402344,2.9618499279022217,270.83111572265625,-0.1859341710805893,-0.8577264547348022,0.0567479133605957,0.0,0.0,12.232967376708984,0.09645724296569824
17.471391677856445,-0.0009707306162454188,-0.9568284749984741,0.012328272685408592,0.01284466776996851,2.969999313354492,246.97091674804688,3.10030198097229,270.95867919921875,-0.07226506620645523,-0.8368369340896606,0.0456233024597168,0.0,0.0,12.232967376708984,0.13030266761779785
17.471891403198242,0.12524248659610748,-0.9501022100448608,-0.010230320505797863,-0.0578581802546978,3.093484878540039,246.97091674804688,-3.045295238494873,271.0473937988281,0.05228163301944733,-0.8744335770606995,0.053958892822265625,0.0,0.0,12.232967376708984,0.14440536499023438
17.47239112854004,0.24368862807750702,-0.9265599250793457,-0.007007664535194635,-0.028088564053177834,3.240475654602051,268.7153625488281,-2.9071884155273438,271.1558837890625,0.15727277100086212,-0.8511565327644348,0.03882145881652832,0.0,0.0,12.232967376708984,0.13552141189575195
17.47289276123047,0.367960125207901,-0.8862015008926392,-0.0005623519537039101,-0.026227960363030434,3.3748350143432617,268.7153625488281,-2.7705788612365723,271.1991271972656,0.27979719638824463,-0.8257721662521362,0.046233177185058594,0.0,0.0,12.232967376708984,0.1377716064453125
17.473392486572266,0.47475531697273254,-0.8323903679847717,0.017162257805466652,-0.023437058553099632,3.532137870788574,289.9223937988281,-2.633178949356079,271.2746276855469,0.3763061761856079,-0.8293126225471497,0.007981538772583008,0.0,0.0,12.232967376708984,0.11786890029907227
17.473892211914062,0.584463894367218,-0.7600817680358887,0.0010489762062206864,-0.004831044934689999,3.6768102645874023,289.9223937988281,-2.4970338344573975,271.2959899902344,0.4794727563858032,-0.8017239570617676,-0.015241146087646484,0.0,0.0,12.232967376708984,0.10934114456176758
17.47439193725586,0.6912596225738525,-0.6692755818367004,0.0332755371928215,0.000750759441871196,3.8101625442504883,279.18450927734375,-2.359713315963745,271.36614990234375,0.6117025017738342,-0.6919342875480652,0.03260660171508789,0.0,0.0,12.232967376708984,0.11330938339233398
17.474891662597656,0.7815506458282471,-0.5666980147361755,0.013939601369202137,-0.014134053140878677,3.949753761291504,279.18450927734375,-2.2237815856933594,271.3765563964844,0.6893888711929321,-0.6106021404266357,0.01861858367919922,0.0,0.0,12.232967376708984,0.1096501350402832
17.475391387939453,0.8514533638954163,-0.459075927734375,0.0042716325260698795,-0.010412849485874176,4.0429182052612305,236.23304748535156,-2.088301658630371,271.3676452636719,0.769859254360199,-0.525831937789917,0.008719682693481445,0.0,0.0,12.232967376708984,0.15196561813354492
17.47589111328125,0.9029093384742737,-0.3497720956802368,0.012328272685408592,-0.0001795415737433359,4.161032676696777,236.23304748535156,-1.952036738395691,271.3921813964844,0.8522597551345825,-0.3802226483821869,0.052251577377319336,0.0,0.0,12.232967376708984,0.17011594772338867
17.47639274597168,0.9359189867973328,-0.2455131560564041,0.0042716325260698795,0.015635568648576736,4.337185859680176,289.9223937988281,-1.8174718618392944,271.3443603515625,0.8883407115936279,-0.36011776328086853,-0.04825258255004883,0.0,0.0,12.232967376708984,0.12852764129638672
17.476892471313477,0.9533945918083191,-0.10762207210063934,-0.0005623519537039101,-0.007621947210282087,4.482150077819824,289.9223937988281,-1.684341549873352,271.2373352050781,0.845142126083374,-0.22804275155067444,-0.05988049507141113,0.0,0.0,12.232967376708984,0.11669397354125977
17.477392196655273,0.960191011428833,0.021860769018530846,0.028441553935408592,0.04261428862810135,4.603894233703613,268.4466247558594,-1.5507906675338745,271.1502990722656,0.901322603225708,-0.08413902670145035,-0.02283501625061035,0.0,0.0,12.232967376708984,0.12850046157836914
17.47789192199707,0.9475694298744202,0.14461733400821686,0.015550929121673107,0.016565870493650436,4.737851142883301,268.4466247558594,-1.4180231094360352,271.03253173828125,0.9160159826278687,0.023719657212495804,-0.03673052787780762,0.0,0.0,12.232967376708984,0.12731122970581055
17.478391647338867,0.921356201171875,0.26401078701019287,0.009105616249144077,0.04447489231824875,4.86075496673584,257.96673583984375,-1.2849745750427246,270.9287109375,0.9119764566421509,0.13408195972442627,-0.04977917671203613,0.0,0.0,12.232967376708984,0.13745594024658203
17.478891372680664,0.8728127479553223,0.38172245025634766,0.023607568815350533,0.030520381405949593,4.989739418029785,257.96673583984375,-1.1531072854995728,270.77777099609375,0.843938946723938,0.25159913301467896,-0.03788900375366211,0.0,0.0,12.232967376708984,0.14033889770507812
17.47939109802246,0.8155310750007629,0.4876631796360016,0.015550929121673107,0.03331128507852554,5.130049705505371,268.4466247558594,-1.02008056640625,270.67852783203125,0.822605311870575,0.35987070202827454,-0.04833722114562988,0.0,0.0,12.232967376708984,0.1330552101135254
17.47989273071289,0.7436866760253906,0.5851958394050598,0.020384913310408592,0.034241583198308945,5.264273643493652,268.4466247558594,-0.8872573375701904,270.5727233886719,0.7803948521614075,0.45329463481903076,-0.0674448013305664,0.0,0.0,12.232967376708984,0.1316542625427246
17.480392456054688,0.6563082337379456,0.6827285289764404,0.010716944932937622,0.034241583198308945,5.4101057052612305,279.18450927734375,-0.7537868022918701,270.4965515136719,0.6649128794670105,0.5863712430000305,-0.004186153411865234,0.0,0.0,12.232967376708984,0.1192927360534668
17.480892181396484,0.5563085675239563,0.7617635726928711,0.03166421130299568,0.020287076011300087,5.549696922302246,279.18450927734375,-0.6200244426727295,270.4342041015625,0.6028960347175598,0.6347642540931702,-0.04973030090332031,0.0,0.0,12.232967376708984,0.1134638786315918
17.48139190673828,0.44951292872428894,0.8290274143218994,0.012328272685408592,0.027729477733373642,5.689288139343262,279.18450927734375,-0.4862799644470215,270.3722229003906,0.5216819047927856,0.7332830429077148,-0.042166709899902344,0.0,0.0,12.232967376708984,0.10761737823486328
17.481889724731445,0.32718348503112793,0.8895648121833801,0.030052881687879562,0.02679917961359024,5.8286027908325195,279.18450927734375,-0.3510916233062744,270.37249755859375,0.3884424567222595,0.8107264041900635,-0.005656003952026367,0.0,0.0,12.232967376708984,0.10349130630493164
17.482391357421875,0.20679551362991333,0.9265599250793457,0.020384913310408592,0.030520381405949593,5.9339189529418945,247.21812438964844,-0.2165389060974121,270.3457336425781,0.31036731600761414,0.8881657719612122,-0.02968883514404297,0.0,0.0,12.232967376708984,0.13272762298583984
17.48288917541504,0.08058230578899384,0.946739137172699,0.0042716325260698795,0.0007507590344175696,6.057278633117676,247.21812438964844,-0.08068704605102539,270.3742370605469,0.12862347066402435,0.8860296010971069,0.02672600746154785,0.0,0.0,12.232967376708984,0.1452198028564453
17.48339080810547,-0.043688952922821045,0.9400123953819275,0.021996241062879562,0.009123465046286583,6.2038373947143555,268.4466247558594,0.05545616149902344,270.4141845703125,0.03900359570980072,0.8340873718261719,-0.012133121490478516,0.0,0.0,12.232967376708984,0.13480424880981445
17.483890533447266,-0.16601887345314026,0.9299232959747314,-0.010230320505797863,0.02214767411351204,0.05487394332885742,268.4466247558594,0.19147968292236328,270.4485168457031,-0.1150597408413887,0.8785022497177124,0.028986215591430664,0.0,0.0,12.232967376708984,0.13660573959350586
17.484390258789062,-0.290290504693985,0.8996544480323792,-0.010230320505797863,0.02214767411351204,0.20100736618041992,279.4639587402344,0.32622528076171875,270.42852783203125,-0.23544739186763763,0.8754197359085083,0.026729583740234375,0.0,0.0,12.232967376708984,0.12521791458129883
17.48488998413086,-0.4145616292953491,0.8559326529502869,0.017162257805466652,0.013774968683719635,0.34073972702026367,279.4639587402344,0.46105265617370605,270.4122009277344,-0.354134738445282,0.8534913659095764,0.02244853973388672,0.0,0.0,12.232967376708984,0.12031292915344238
17.485389709472656,-0.5223283171653748,0.7937137484550476,-0.010230320505797863,-0.0020401431247591972,0.4914736747741699,289.6327819824219,0.5961966514587402,270.4095458984375,-0.449159175157547,0.8200070261955261,-0.0050029754638671875,0.0,0.0,12.232967376708984,0.10472297668457031
17.48588752746582,-0.6330074667930603,0.7029077410697937,-0.023120945319533348,0.014705268666148186,0.6360011100769043,289.6327819824219,0.7322983741760254,270.4473876953125,-0.5378009080886841,0.6903645992279053,0.019707441329956055,0.0,0.0,12.232967376708984,0.0962972640991211
17.48638916015625,-0.7242693305015564,0.6121010780334473,-0.005396336317062378,0.02307797595858574,0.7233805656433105,236.23304748535156,0.8670885562896729,270.42913818359375,-0.6085727214813232,0.6681581735610962,-0.03838038444519043,0.0,0.0,12.232967376708984,0.1437079906463623
17.486888885498047,-0.8009681701660156,0.51961350440979,0.0010489762062206864,0.010053766891360283,0.8412623405456543,236.23304748535156,1.0015285015106201,270.3965759277344,-0.7222829461097717,0.5686419606208801,-0.007607460021972656,0.0,0.0,12.232967376708984,0.16026616096496582
17.487388610839844,-0.8514532446861267,0.4187179505825043,-0.013452976942062378,0.012844666838645935,1.0060687065124512,279.4639587402344,1.1355907917022705,270.34857177734375,-0.7242754697799683,0.5179675221443176,-0.09593915939331055,0.0,0.0,12.232967376708984,0.12952208518981934
17.48788833618164,-0.9087348580360413,0.299324095249176,-0.021509617567062378,-0.004831044934689999,1.145801067352295,279.4639587402344,1.2692430019378662,270.28466796875,-0.8515498042106628,0.37355586886405945,-0.02187824249267578,0.0,0.0,12.232967376708984,0.12344193458557129
17.488388061523438,-0.9252395033836365,0.18329377472400665,-0.019898289814591408,-0.03367036581039429,1.2736220359802246,268.4466247558594,1.401123285293579,270.1473693847656,-0.8148912787437439,0.3414023816585541,-0.13762855529785156,0.0,0.0,12.232967376708984,0.1275012493133545
17.488887786865234,-0.9524240493774414,0.05549270287156105,-0.021509617567062378,0.017496170476078987,1.4078459739685059,268.4466247558594,1.5325210094451904,269.9930725097656,-0.9059781432151794,0.18078766763210297,-0.06901407241821289,0.0,0.0,12.232967376708984,0.12467503547668457
17.48938751220703,-0.9436860084533691,-0.07062742114067078,-0.019898289814591408,-0.04111277312040329,1.553678035736084,279.18450927734375,1.6643950939178467,269.8616027832031,-0.8627922534942627,0.06330961734056473,-0.07725048065185547,0.0,0.0,12.232967376708984,0.1107170581817627
17.489887237548828,-0.9281519055366516,-0.19842848181724548,-0.008618992753326893,-0.030879464000463486,1.6932692527770996,279.18450927734375,1.7965710163116455,269.74591064453125,-0.881739616394043,-0.06651905179023743,-0.06085205078125,0.0,0.0,12.232967376708984,0.1033017635345459
17.490388870239258,-0.8922300338745117,-0.3279113173484802,-0.019898289814591408,-0.007621947675943375,1.7864298820495605,236.23304748535156,1.9292209148406982,269.65283203125,-0.8301024436950684,-0.21182897686958313,-0.018802642822265625,0.0,0.0,12.232967376708984,0.1427910327911377
17.490888595581055,-0.8398027420043945,-0.42544376850128174,-0.021509617567062378,-0.03832187131047249,1.9043097496032715,236.23304748535156,2.0615274906158447,269.5467529296875,-0.8031401634216309,-0.27263113856315613,-0.07397651672363281,0.0,0.0,12.232967376708984,0.15721774101257324
17.49138832092285,-0.7864049077033997,-0.5246582627296448,-0.024732273072004318,-0.014134051278233528,2.068814754486084,279.18450927734375,2.193507432937622,269.42962646484375,-0.7655957341194153,-0.3984842002391815,-0.05325603485107422,0.0,0.0,12.232967376708984,0.12469267845153809
17.49188804626465,-0.7048518657684326,-0.6188275218009949,-0.02634360082447529,-0.04111276939511299,2.2084078788757324,279.18450927734375,2.3253891468048096,269.3103332519531,-0.7385134100914001,-0.47022679448127747,-0.09828662872314453,0.0,0.0,12.232967376708984,0.11698126792907715
17.492387771606445,-0.6174735426902771,-0.7163600325584412,-0.019898289814591408,-0.01878555677831173,2.3599085807800293,290.21258544921875,2.457948923110962,269.2225646972656,-0.6199719905853271,-0.6379081606864929,0.0022177696228027344,0.0,0.0,12.232967376708984,0.09804034233093262
17.492887496948242,-0.506794273853302,-0.7937139272689819,-0.024732273072004318,-0.023437058553099632,2.5050158500671387,290.21258544921875,2.590837240219116,269.1500549316406,-0.5427480340003967,-0.6860506534576416,-0.028987407684326172,0.0,0.0,12.232967376708984,0.08582139015197754
17.49338722229004,-0.38155218958854675,-0.8559326529502869,-0.0037850080989301205,-0.028088560327887535,2.63820219039917,279.18450927734375,2.724973440170288,269.1317138671875,-0.3848435878753662,-0.7300011515617371,0.021226882934570312,0.0,0.0,12.232967376708984,0.08677124977111816
17.49388885498047,-0.25728079676628113,-0.8962910771369934,0.009105616249144077,-0.04297337308526039,2.7777934074401855,279.18450927734375,2.8596603870391846,269.1365966796875,-0.31064948439598083,-0.7610869407653809,-0.01598358154296875,0.0,0.0,12.232967376708984,0.08186697959899902
17.494388580322266,-0.12912563979625702,-0.9265599250793457,-0.01828696019947529,-0.04390367493033409,2.871211528778076,236.4695281982422,2.994778871536255,269.15997314453125,-0.19523188471794128,-0.8099195957183838,-4.0531158447265625e-05,0.0,0.0,12.232967376708984,0.12356734275817871
17.494888305664062,-0.012621198780834675,-0.9332861304283142,0.00588296027854085,-0.002040143357589841,2.9892096519470215,236.4695281982422,3.1292335987091064,269.1546325683594,-0.0914301648736,-0.7973593473434448,-0.012177467346191406,0.0,0.0,12.232967376708984,0.14002394676208496
17.49538803100586,0.1019415333867073,-0.9400123953819275,-0.013452976942062378,0.001681059948168695,3.1536192893981934,279.18450927734375,-3.018211841583252,269.2037048339844,0.050852324813604355,-0.8798848986625671,0.024149179458618164,0.0,0.0,12.232967376708984,0.11135435104370117
17.495887756347656,0.22621303796768188,-0.9164701104164124,0.0010489762062206864,-0.01599465310573578,3.293212413787842,279.18450927734375,-2.8837668895721436,269.1969909667969,0.15032151341438293,-0.8794708847999573,0.0011625289916992188,0.0,0.0,12.232967376708984,0.10620641708374023
17.496387481689453,0.35048428177833557,-0.8761121034622192,0.012328272685408592,-0.029949164018034935,3.4328036308288574,279.18450927734375,-2.748940944671631,269.2066955566406,0.28018179535865784,-0.859029233455658,0.012381315231323242,0.0,0.0,12.232967376708984,0.1014409065246582
17.49688720703125,0.46698853373527527,-0.8189378380775452,-0.007007664535194635,-0.02436736226081848,3.572394847869873,279.18450927734375,-2.6149344444274902,269.1815185546875,0.3643363118171692,-0.812287449836731,-0.01539921760559082,0.0,0.0,12.232967376708984,0.0958561897277832
17.49738883972168,0.5699008107185364,-0.751673698425293,0.018773585557937622,-0.02064615674316883,3.65394926071167,225.49517822265625,-2.4813790321350098,269.137939453125,0.4577085077762604,-0.7898887991905212,-0.045548200607299805,0.0,0.0,12.232967376708984,0.1478571891784668
17.497888565063477,0.6601918339729309,-0.6827282905578613,0.009105616249144077,-0.009482549503445625,3.7666964530944824,225.49517822265625,-2.347987413406372,269.08843994140625,0.5869301557540894,-0.7145651578903198,-0.016370534896850586,0.0,0.0,12.232967376708984,0.1685013771057129
17.498388290405273,0.739802896976471,-0.5986486077308655,0.018773585557937622,-0.0020401431247591972,3.9374823570251465,279.18450927734375,-2.21382999420166,269.07220458984375,0.70310378074646,-0.6065256595611572,0.020989656448364258,0.0,0.0,12.232967376708984,0.13187313079833984
17.498886108398438,0.8019389510154724,-0.49775275588035583,-0.0005623519537039101,-0.00948254857212305,4.076797008514404,279.18450927734375,-2.080810308456421,269.0081787109375,0.7101681232452393,-0.5746726989746094,-0.08102083206176758,0.0,0.0,12.232967376708984,0.1255784034729004
17.499385833740234,0.8563076853752136,-0.383404016494751,0.017162257805466652,0.006332563702017069,4.21638822555542,279.18450927734375,-1.9491708278656006,268.887939453125,0.7689207792282104,-0.473849892616272,-0.0846707820892334,0.0,0.0,12.232967376708984,0.11762666702270508
17.49988555908203,0.8961133360862732,-0.2673739194869995,0.012328272685408592,0.016565870493650436,4.355981349945068,279.18450927734375,-1.8188419342041016,268.71484375,0.801156759262085,-0.404899924993515,-0.1309196949005127,0.0,0.0,12.232967376708984,0.10836219787597656
17.500385284423828,0.9349479675292969,-0.13957244157791138,0.026830226182937622,0.03238098323345184,4.4842658042907715,268.7153625488281,-1.6878552436828613,268.5733642578125,0.8875470161437988,-0.2109151929616928,-0.02687525749206543,0.0,0.0,12.232967376708984,0.11106443405151367
17.500885009765625,0.9359190464019775,-0.016816074028611183,0.030052881687879562,0.02121737413108349,4.618625164031982,268.7153625488281,-1.5579657554626465,268.3885498046875,0.8516471982002258,-0.14808273315429688,-0.09596133232116699,0.0,0.0,12.232967376708984,0.10659456253051758
17.501386642456055,0.9330067038536072,0.1025775820016861,0.018773585557937622,0.037032488733530045,4.729476451873779,246.97091674804688,-1.4280974864959717,268.2067565917969,0.8922280073165894,-0.030581027269363403,-0.08796143531799316,0.0,0.0,12.232967376708984,0.1256117820739746
17.50188636779785,0.9097056984901428,0.21692590415477753,0.018773585557937622,0.02400827594101429,4.852962017059326,246.97091674804688,-1.2985515594482422,268.01531982421875,0.87935471534729,0.07059624046087265,-0.10326361656188965,0.0,0.0,12.232967376708984,0.13167190551757812
17.50238609313965,0.8757250308990479,0.32286661863327026,0.009105616249144077,0.02586887590587139,4.999661922454834,268.4466247558594,-1.1686455011367798,267.8428649902344,0.8634103536605835,0.15633812546730042,-0.1343371868133545,0.0,0.0,12.232967376708984,0.11487817764282227
17.502883911132812,0.8252396583557129,0.4372151494026184,0.015550929121673107,0.029590079560875893,5.133616924285889,268.4466247558594,-1.0395488739013672,267.64019775390625,0.8201268911361694,0.2972645163536072,-0.09473252296447754,0.0,0.0,12.232967376708984,0.11001968383789062
17.50338363647461,0.7572789788246155,0.5414741039276123,0.025218898430466652,0.05005669593811035,5.27943754196167,279.18450927734375,-0.9095427989959717,267.47991943359375,0.7654043436050415,0.41367843747138977,-0.07695341110229492,1.0,0.0,12.232967376708984,0.09420537948608398
17.503883361816406,0.6796091198921204,0.6423701643943787,0.00588296027854085,0.02772947959601879,5.4190287590026855,279.18450927734375,-0.7793664932250977,267.3302917480469,0.6952028274536133,0.5244799852371216,-0.056261539459228516,1.0,0.0,12.232967376708984,0.08479022979736328
17.504383087158203,0.5776678323745728,0.724768340587616,0.015550929121673107,0.03145068511366844,5.54426383972168,265.8900146484375,-0.6487691402435303,267.2014465332031,0.5853914618492126,0.56812983751297,-0.06282281875610352,1.0,0.0,12.232967376708984,0.09015226364135742
17.504884719848633,0.4737847149372101,0.7970768809318542,0.013939601369202137,0.03238098323345184,5.677207946777344,265.8900146484375,-0.5164768695831299,267.146484375,0.4671335816383362,0.647514820098877,-0.019552230834960938,1.0,0.0,12.232967376708984,0.08950090408325195
17.50538444519043,0.3601926863193512,0.8492064476013184,0.025218898430466652,0.038893088698387146,5.812788009643555,268.4466247558594,-0.38475704193115234,267.0684814453125,0.3943510055541992,0.6800187826156616,-0.051990509033203125,1.0,0.0,12.232967376708984,0.08564043045043945
17.505884170532227,0.24562996625900269,0.8962910771369934,0.007494288496673107,0.034241583198308945,5.947010040283203,268.4466247558594,-0.25191760063171387,267.0392761230469,0.27915242314338684,0.7800437211990356,-0.002782583236694336,1.0,0.0,12.232967376708984,0.08425760269165039
17.506383895874023,0.11941688507795334,0.9231967329978943,0.00588296027854085,0.02028707228600979,6.072780609130859,260.2433166503906,-0.11839032173156738,267.03973388671875,0.13670995831489563,0.8080383539199829,0.03993535041809082,1.0,0.0,12.232967376708984,0.09201478958129883
17.50688362121582,0.0009708521538414061,0.9299232959747314,0.007494288496673107,0.034241583198308945,6.202903747558594,260.2433166503906,0.015357017517089844,267.0492248535156,0.06346837431192398,0.8730295300483704,0.0010576248168945312,1.0,0.0,12.232967376708984,0.09563875198364258
17.507383346557617,-0.11553347110748291,0.9265599250793457,-0.005396336317062378,0.008193164132535458,0.05899858474731445,268.7153625488281,0.14893102645874023,267.05126953125,-0.04477546736598015,0.9058032035827637,-0.01060175895690918,1.0,0.0,12.232967376708984,0.08993244171142578
17.507883071899414,-0.24368850886821747,0.8962910771369934,-0.005396336317062378,0.02679917775094509,0.19308900833129883,268.7153625488281,0.2820606231689453,267.0345764160156,-0.1508038192987442,0.8370940685272217,-0.014906644821166992,1.0,0.0,12.232967376708984,0.08897161483764648
17.508384704589844,-0.35630953311920166,0.866022527217865,-0.005396336317062378,0.011914367787539959,0.32715463638305664,268.4466247558594,0.41443514823913574,266.9864807128906,-0.25744450092315674,0.8722262382507324,-0.03862738609313965,1.0,0.0,12.232967376708984,0.0872805118560791
17.50888442993164,-0.4679594933986664,0.8071664571762085,-0.008618992753326893,0.019356774166226387,0.4613804817199707,268.4466247558594,0.5467078685760498,266.9351806640625,-0.34121444821357727,0.8050021529197693,-0.05709195137023926,1.0,0.0,12.232967376708984,0.0853273868560791
17.509384155273438,-0.5699009299278259,0.7382210493087769,-0.019898289814591408,0.009123464114964008,0.5925641059875488,265.6369934082031,0.6787786483764648,266.876708984375,-0.4681848883628845,0.7602585554122925,-0.0380406379699707,1.0,0.0,12.232967376708984,0.08621454238891602
17.509883880615234,-0.6631042957305908,0.6575043797492981,-0.005396336317062378,-0.01785525493323803,0.7253842353820801,265.6369934082031,0.8115272521972656,266.8478088378906,-0.5480542182922363,0.6744423508644104,-0.040402889251708984,1.0,0.0,12.232967376708984,0.08614301681518555
17.51038360595703,-0.7475703358650208,0.5650166869163513,-0.023120945319533348,0.003541660960763693,0.8168587684631348,225.49517822265625,0.9426343441009521,266.75054931640625,-0.6555365324020386,0.6045269966125488,-0.028011798858642578,1.0,0.0,12.232967376708984,0.12577557563781738
17.510883331298828,-0.8087348937988281,0.47925493121147156,-0.027954930439591408,-0.006691646762192249,0.9296059608459473,225.49517822265625,1.0747478008270264,266.6973876953125,-0.7385883927345276,0.5422070026397705,-0.04854536056518555,1.0,0.0,12.232967376708984,0.1451418399810791
17.511383056640625,-0.8504825234413147,0.38004088401794434,-0.03762289881706238,0.010053766891360283,1.0979371070861816,279.4639587402344,1.2054617404937744,266.5867919921875,-0.7746863961219788,0.4488458037376404,-0.07126331329345703,1.0,0.0,12.232967376708984,0.10752463340759277
17.511884689331055,-0.8932009339332581,0.2656923532485962,-0.019898289814591408,-0.01878555677831173,1.2373929023742676,279.4639587402344,1.3361608982086182,266.47796630859375,-0.8314481377601624,0.34380945563316345,-0.06895732879638672,1.0,0.0,12.232967376708984,0.09876799583435059
17.51238441467285,-0.9029092788696289,0.1479806900024414,-0.019898289814591408,-0.03553096950054169,1.354982852935791,257.96673583984375,1.464364767074585,266.2661437988281,-0.7806639671325684,0.31498244404792786,-0.18914175033569336,0.0,0.0,12.232967376708984,0.10938191413879395
17.51288414001465,-0.9252395033836365,0.02858724072575569,-0.024732273072004318,-0.030879465863108635,1.4839634895324707,257.96673583984375,1.5929501056671143,266.0752258300781,-0.8513868451118469,0.13301938772201538,-0.08885383605957031,0.0,0.0,12.232967376708984,0.10898661613464355
17.513383865356445,-0.9203851222991943,-0.08407994359731674,-0.015064304694533348,-0.030879465863108635,1.6033596992492676,248.66635131835938,1.721217393875122,265.8749084472656,-0.8830615878105164,0.023959685117006302,-0.08933019638061523,0.0,0.0,12.232967376708984,0.11785769462585449
17.513883590698242,-0.899026095867157,-0.19506536424160004,-0.024732273072004318,-0.01785525493323803,1.727694034576416,248.66635131835938,1.848827600479126,265.65106201171875,-0.8699639439582825,-0.04706626385450363,-0.13603544235229492,0.0,0.0,12.232967376708984,0.12113356590270996
17.51438331604004,-0.860191285610199,-0.309413880109787,-0.0392342247068882,-0.0020401431247591972,1.8734078407287598,268.4466247558594,1.9771568775177002,265.46209716796875,-0.7885136008262634,-0.1489996314048767,-0.1316981315612793,0.0,0.0,12.232967376708984,0.10374903678894043
17.514883041381836,-0.8145604133605957,-0.4153544008731842,-0.005396336317062378,-0.014134051278233528,2.007633686065674,268.4466247558594,2.1043407917022705,265.2288818359375,-0.7950847148895264,-0.2899912893772125,-0.09583282470703125,0.0,0.0,12.232967376708984,0.09670710563659668
17.515384674072266,-0.7436866164207458,-0.5179317593574524,-0.03762289881706238,-0.029018862172961235,2.1534619331359863,279.18450927734375,2.2334816455841064,265.08270263671875,-0.707827627658844,-0.3594290614128113,-0.10493612289428711,0.0,0.0,12.232967376708984,0.08001971244812012
17.51588249206543,-0.6728131771087646,-0.6070563793182373,-0.015064304694533348,-0.03460066765546799,2.2927746772766113,279.18450927734375,2.3616631031036377,264.89923095703125,-0.7178289890289307,-0.46611642837524414,-0.12722110748291016,0.0,0.0,12.232967376708984,0.06888842582702637
17.516382217407227,-0.5747551321983337,-0.6961809992790222,-0.021509617567062378,-0.051346078515052795,2.4091744422912598,257.7087707519531,2.490135908126831,264.7322082519531,-0.5636328458786011,-0.5245643258094788,-0.08196067810058594,0.0,0.0,12.232967376708984,0.08096146583557129
17.516881942749023,-0.4825226366519928,-0.7684897780418396,-0.029566258192062378,-0.03367036581039429,2.538029193878174,257.7087707519531,2.619342565536499,264.5994873046875,-0.5198480486869812,-0.6414746642112732,-0.07092857360839844,0.0,0.0,12.232967376708984,0.0813133716583252
17.51738166809082,-0.37572693824768066,-0.8290274143218994,-0.023120945319533348,-0.03180976212024689,2.643944263458252,236.4695281982422,2.7495663166046143,264.5123596191406,-0.3786359429359436,-0.6989278197288513,-0.016383647918701172,0.0,0.0,12.232967376708984,0.1056220531463623
17.517881393432617,-0.28058162331581116,-0.8727487325668335,-0.04406820982694626,-0.02157645672559738,2.762180805206299,236.4695281982422,2.881014108657837,264.4783020019531,-0.34271055459976196,-0.8252015113830566,-0.04511547088623047,0.0,0.0,12.232967376708984,0.11883330345153809
17.518381118774414,-0.16796046495437622,-0.8962910771369934,-0.007007664535194635,-0.04483397677540779,2.9149813652038574,268.4466247558594,3.0124924182891846,264.44622802734375,-0.21566049754619598,-0.8378926515579224,-0.034847259521484375,0.0,0.0,12.232967376708984,0.09751105308532715
17.518882751464844,-0.04757260903716087,-0.9097438454627991,-0.015064304694533348,-0.03646126762032509,3.049206256866455,268.4466247558594,-3.1402945518493652,264.3696594238281,-0.09443825483322144,-0.8435400128364563,-0.02480340003967285,0.0,0.0,12.232967376708984,0.09368467330932617
17.51938247680664,0.07864060252904892,-0.9063808917999268,-0.011841648258268833,-0.03646127134561539,3.1834282875061035,268.4466247558594,-3.0094153881073,264.3148498535156,0.03393172845244408,-0.8305796980857849,-0.0032896995544433594,0.0,0.0,12.232967376708984,0.09034204483032227
17.519880294799805,0.19514505565166473,-0.8895648121833801,-0.007007664535194635,-0.02436736226081848,3.317383289337158,268.4466247558594,-2.877920627593994,264.2869567871094,0.14381253719329834,-0.857292115688324,-0.0094451904296875,0.0,0.0,12.232967376708984,0.08788156509399414
17.5203800201416,0.3058241307735443,-0.8592962622642517,-0.007007664535194635,-0.028088564053177834,3.3938536643981934,214.9722900390625,-2.74674129486084,264.2462463378906,0.2163705825805664,-0.8646450638771057,-0.061855316162109375,0.0,0.0,12.232967376708984,0.14259052276611328
17.5208797454834,0.4048532247543335,-0.8223007321357727,-0.0021736801136285067,-0.01971585489809513,3.5013394355773926,214.9722900390625,-2.616776704788208,264.1556091308594,0.3523082733154297,-0.8095462322235107,-0.026436567306518555,0.0,0.0,12.232967376708984,0.1650691032409668
17.521379470825195,0.4922311305999756,-0.7651264667510986,0.002660304307937622,-0.0020401431247591972,3.678239345550537,279.18450927734375,-2.486692190170288,264.07159423828125,0.3984270393848419,-0.7535826563835144,-0.08089733123779297,0.0,0.0,12.232967376708984,0.11825418472290039
17.521879196166992,0.5902895331382751,-0.6961812376976013,-0.0005623519537039101,-0.007621947210282087,3.8178324699401855,279.18450927734375,-2.357706069946289,263.9436950683594,0.5446413159370422,-0.7034786939620972,-0.0372776985168457,0.0,0.0,12.232967376708984,0.10764694213867188
17.522380828857422,0.6815508008003235,-0.605374813079834,0.021996241062879562,-0.028088564053177834,3.9342103004455566,257.7087707519531,-2.2277400493621826,263.8594055175781,0.627834677696228,-0.612373411655426,-0.028187036514282227,0.0,0.0,12.232967376708984,0.12123537063598633
17.52288055419922,0.7582497596740723,-0.5128870606422424,0.023607568815350533,-0.027158264070749283,4.063065052032471,257.7087707519531,-2.0982346534729004,263.75762939453125,0.7277858853340149,-0.5079299807548523,0.006026268005371094,0.0,0.0,12.232967376708984,0.12188577651977539
17.523380279541016,0.8067935109138489,-0.4153546094894409,0.017162257805466652,0.017496172338724136,4.203525066375732,268.4466247558594,-1.9696687459945679,263.61822509765625,0.7125829458236694,-0.48096585273742676,-0.10746097564697266,0.0,0.0,12.232967376708984,0.10999155044555664
17.523880004882812,0.8611622452735901,-0.30773213505744934,0.012328272685408592,-0.0020401431247591972,4.337480068206787,268.4466247558594,-1.841934323310852,263.44720458984375,0.8020981550216675,-0.37006697058677673,-0.07365989685058594,0.0,0.0,12.232967376708984,0.10377120971679688
17.52437973022461,0.8893170952796936,-0.19842848181724548,0.00588296027854085,0.029590079560875893,4.42578649520874,225.72088623046875,-1.7157050371170044,263.21600341796875,0.809207022190094,-0.313734769821167,-0.13782620429992676,0.0,0.0,12.232967376708984,0.1416940689086914
17.524879455566406,0.9058222770690918,-0.0891246348619461,0.023607568815350533,0.02307797595858574,4.53842306137085,225.72088623046875,-1.5897568464279175,262.97833251953125,0.8194199204444885,-0.18405354022979736,-0.11484122276306152,0.0,0.0,12.232967376708984,0.15500545501708984
17.525379180908203,0.9165017008781433,0.010089602321386337,0.015550929121673107,0.016565870493650436,4.685859203338623,257.7087707519531,-1.4641954898834229,262.7293701171875,0.9052499532699585,-0.07126842439174652,-0.09803366661071777,0.0,0.0,12.232967376708984,0.13313055038452148
17.525880813598633,0.8970841765403748,0.12443835288286209,0.009105616249144077,0.01284466776996851,4.814713954925537,257.7087707519531,-1.338283896446228,262.5001525878906,0.8318156599998474,0.0040601519867777824,-0.14075326919555664,0.0,0.0,12.232967376708984,0.1301875114440918
17.52638053894043,0.8883463740348816,0.23374198377132416,-0.0021736801136285067,0.008193165063858032,4.955174922943115,268.4466247558594,-1.2120801210403442,262.28814697265625,0.9045131802558899,0.13759741187095642,-0.12085962295532227,0.0,0.0,12.232967376708984,0.11593055725097656
17.526880264282227,0.8368903994560242,0.3497720956802368,0.03649819269776344,0.010053765028715134,5.089399814605713,268.4466247558594,-1.0869381427764893,262.0358581542969,0.7755303978919983,0.22413131594657898,-0.1156914234161377,0.0,0.0,12.232967376708984,0.10684728622436523
17.527379989624023,0.7815505862236023,0.452349454164505,0.015550929121673107,0.016565870493650436,5.2004075050354,246.97091674804688,-0.9624109268188477,261.76300048828125,0.7680010795593262,0.3038785457611084,-0.14499831199645996,0.0,0.0,12.232967376708984,0.12036705017089844
17.52787971496582,0.722327470779419,0.5414742827415466,0.015550929121673107,0.04819609597325325,5.32389497756958,246.97091674804688,-0.8380763530731201,261.4876708984375,0.7554814219474792,0.4039037525653839,-0.1552727222442627,0.0,0.0,12.232967376708984,0.12121438980102539
17.528379440307617,0.6495125889778137,0.6272354125976562,0.020384913310408592,0.034241583198308945,5.424164295196533,225.49517822265625,-0.713672399520874,261.2213439941406,0.6448217034339905,0.48909029364585876,-0.12167954444885254,0.0,0.0,12.232967376708984,0.14534902572631836
17.528879165649414,0.5747551321983337,0.6961809992790222,0.0332755371928215,0.034241583198308945,5.536686420440674,225.49517822265625,-0.5881178379058838,261.0088195800781,0.6093374490737915,0.6062898635864258,-0.11329078674316406,0.0,0.0,12.232967376708984,0.15838098526000977
17.529380798339844,0.48252275586128235,0.7550370693206787,0.010716944932937622,0.013774968683719635,5.696109294891357,268.7153625488281,-0.4620811939239502,260.82110595703125,0.47615429759025574,0.6294435262680054,-0.09905362129211426,0.0,0.0,12.232967376708984,0.12499475479125977
17.52988052368164,0.3834937810897827,0.8054846525192261,0.012328272685408592,0.014705270528793335,5.830468654632568,268.7153625488281,-0.33631062507629395,260.6260070800781,0.4320032298564911,0.6854556202888489,-0.13979148864746094,0.0,0.0,12.232967376708984,0.11640596389770508
17.530380249023438,0.28058162331581116,0.8559326529502869,0.030052881687879562,0.04726579412817955,5.941318988800049,246.97091674804688,-0.21063232421875,260.43115234375,0.3440606892108917,0.8152788281440735,-0.10235810279846191,0.0,0.0,12.232967376708984,0.13123416900634766
17.530879974365234,0.16213534772396088,0.8761121034622192,0.013939601369202137,0.037962786853313446,6.0648064613342285,246.97091674804688,-0.08446931838989258,260.2608947753906,0.2060537040233612,0.774810791015625,-0.08910655975341797,0.0,0.0,12.232967376708984,0.1339097023010254
17.53137969970703,0.05339820683002472,0.8929277658462524,0.03810952231287956,0.003541662124916911,6.21150541305542,268.4466247558594,0.0422666072845459,260.1181640625,0.11124905198812485,0.8172337412834167,-0.09127163887023926,0.0,0.0,12.232967376708984,0.11394643783569336
17.531879425048828,-0.07087354362010956,0.8929277658462524,0.00588296027854085,0.014705268666148186,0.0625448226928711,268.4466247558594,0.16972827911376953,260.0088195800781,-0.033718008548021317,0.8139628171920776,-0.04186511039733887,0.0,0.0,12.232967376708984,0.10718345642089844
17.532379150390625,-0.18931980431079865,0.8727487325668335,0.015550929121673107,0.035171885043382645,0.15058135986328125,225.72088623046875,0.29654359817504883,259.8749084472656,-0.12942196428775787,0.7798120975494385,-0.04567551612854004,0.0,0.0,12.232967376708984,0.14596223831176758
17.532878875732422,-0.28834831714630127,0.8458430767059326,0.007494288496673107,0.04354459047317505,0.2632169723510742,225.72088623046875,0.4239070415496826,259.7665100097656,-0.20218147337436676,0.804344654083252,-0.09147310256958008,0.0,0.0,12.232967376708984,0.1606900691986084
17.53337860107422,-0.39126071333885193,0.8088480234146118,0.012328272685408592,0.03145068511366844,0.4106569290161133,257.7087707519531,0.5511958599090576,259.6573791503906,-0.337986022233963,0.7612111568450928,-0.047009944915771484,0.0,0.0,12.232967376708984,0.14053893089294434
17.533878326416016,-0.4883478581905365,0.7584002614021301,-0.008618992753326893,0.02679917961359024,0.5395116806030273,257.7087707519531,0.6792881488800049,259.5843505859375,-0.46159347891807556,0.768501341342926,-0.05211949348449707,0.0,0.0,12.232967376708984,0.13977646827697754
17.534378051757812,-0.5766969919204712,0.692817747592926,0.002660304307937622,0.02772947959601879,0.6683635711669922,257.7087707519531,0.8052661418914795,259.42388916015625,-0.490011602640152,0.7372193336486816,-0.13275599479675293,0.0,0.0,12.232967376708984,0.1369025707244873
17.53487777709961,-0.6660173535346985,0.6121013164520264,-0.019898289814591408,0.01284466776996851,0.7972183227539062,257.7087707519531,0.9324963092803955,259.3197021484375,-0.6459751725196838,0.6384289860725403,-0.05504560470581055,0.0,0.0,12.232967376708984,0.13527798652648926
17.535377502441406,-0.7417449355125427,0.521294891834259,-0.0037850080989301205,0.02214767597615719,0.9260730743408203,257.7087707519531,1.058528184890747,259.1672058105469,-0.6794905662536621,0.5676663517951965,-0.09775781631469727,0.0,0.0,12.232967376708984,0.13245511054992676
17.535877227783203,-0.8019391894340515,0.4237624406814575,-0.013452976942062378,-0.0039007447194308043,1.0549278259277344,257.7087707519531,1.185462236404419,259.0556945800781,-0.7384142875671387,0.49098318815231323,-0.11561918258666992,0.0,0.0,12.232967376708984,0.13053441047668457
17.536378860473633,-0.8563076853752136,0.3161405622959137,0.010716944932937622,0.017496172338724136,1.1373529434204102,214.75732421875,1.3113925457000732,258.90460205078125,-0.7844226956367493,0.3638351559638977,-0.0889902114868164,0.0,0.0,12.232967376708984,0.17403960227966309
17.536876678466797,-0.8815502524375916,0.22533437609672546,-0.021509617567062378,-0.01971585489809513,1.2445144653320312,214.75732421875,1.4353172779083252,258.67205810546875,-0.8364013433456421,0.32702478766441345,-0.15167856216430664,0.0,0.0,12.232967376708984,0.19080281257629395
17.537376403808594,-0.899026095867157,0.12107479572296143,-0.013452976942062378,0.02400827780365944,1.3985605239868164,257.96673583984375,1.5598118305206299,258.4686584472656,-0.8238325715065002,0.22435884177684784,-0.16948699951171875,0.0,0.0,12.232967376708984,0.16125130653381348
17.53787612915039,-0.9135892391204834,0.008408037014305592,-0.019898289814591408,-0.0039007447194308043,1.5275449752807617,257.96673583984375,1.6835825443267822,258.23907470703125,-0.884713351726532,0.08378028124570847,-0.12166309356689453,0.0,0.0,12.232967376708984,0.1560375690460205
17.538375854492188,-0.9048511981964111,-0.10425914824008942,-0.013452976942062378,0.001681059948168695,1.65625,257.7087707519531,1.8071839809417725,258.00726318359375,-0.8745940923690796,-0.02025543712079525,-0.12779569625854492,0.0,0.0,12.232967376708984,0.15093398094177246
17.538875579833984,-0.8825212121009827,-0.21019922196865082,-0.008618992753326893,0.004471961874514818,1.785104751586914,257.7087707519531,1.9291355609893799,257.710693359375,-0.8780240416526794,-0.07155676186084747,-0.19195222854614258,0.0,0.0,12.232967376708984,0.14403080940246582
17.53937530517578,-0.8485407829284668,-0.32959309220314026,-0.0021736801136285067,0.015635568648576736,1.9139556884765625,257.7087707519531,2.052995443344116,257.5006408691406,-0.7956838607788086,-0.203256756067276,-0.1469106674194336,0.0,0.0,12.232967376708984,0.1390397548675537
17.539875030517578,-0.7970848083496094,-0.43217048048973083,-0.015064304694533348,-0.03646126762032509,2.0428104400634766,257.7087707519531,2.175734758377075,257.2480773925781,-0.7585814595222473,-0.32180702686309814,-0.11850452423095703,0.0,0.0,12.232967376708984,0.13292431831359863
17.540376663208008,-0.7330071926116943,-0.5297031402587891,-0.03278891369700432,-0.005761346314102411,2.1368417739868164,225.49517822265625,2.2987120151519775,257.0108947753906,-0.7179981470108032,-0.3890586197376251,-0.14631175994873047,0.0,0.0,12.232967376708984,0.16187024116516113
17.540876388549805,-0.6621335744857788,-0.6121010780334473,-0.008618992753326893,-0.03832187131047249,2.249363899230957,225.49517822265625,2.4222872257232666,256.803466796875,-0.6301187872886658,-0.4759316146373749,-0.11953306198120117,0.0,0.0,12.232967376708984,0.17292332649230957
17.5413761138916,-0.5912600159645081,-0.6877729892730713,-0.03601156920194626,-0.04483397305011749,2.3969039916992188,257.7087707519531,2.544935464859009,256.5618591308594,-0.5869268178939819,-0.613037645816803,-0.08183765411376953,0.0,0.0,12.232967376708984,0.14803147315979004
17.5418758392334,-0.4980565011501312,-0.7550368905067444,-0.02634360082447529,-0.029949164018034935,2.525758743286133,257.7087707519531,2.669393301010132,256.40106201171875,-0.4997663199901581,-0.6359149813652039,-0.10890483856201172,0.0,0.0,12.232967376708984,0.14363455772399902
17.542375564575195,-0.3951442241668701,-0.8155744671821594,-0.03278891369700432,-0.024367358535528183,2.654891014099121,257.96673583984375,2.7932960987091064,256.2204895019531,-0.3783467411994934,-0.7069960832595825,-0.057938575744628906,0.0,0.0,12.232967376708984,0.13840508460998535
17.542875289916992,-0.28640684485435486,-0.8525698184967041,-0.01828696019947529,-0.051346078515052795,2.7838754653930664,257.96673583984375,2.9183857440948486,256.093505859375,-0.30458423495292664,-0.7417007684707642,-0.08145952224731445,0.0,0.0,12.232967376708984,0.13451027870178223
17.54337501525879,-0.1776692271232605,-0.8828385472297668,-0.0037850080989301205,-0.031809765845537186,2.877756118774414,225.49517822265625,3.042773962020874,255.9398193359375,-0.22184942662715912,-0.774027407169342,-0.09543180465698242,0.0,0.0,12.232967376708984,0.16501784324645996
17.54387664794922,-0.06893184036016464,-0.8962910771369934,-0.02634360082447529,-0.0634399875998497,2.990506172180176,225.49517822265625,-3.1164162158966064,255.7728729248047,-0.11189331114292145,-0.8093771934509277,-0.07765030860900879,0.0,0.0,12.232967376708984,0.17626333236694336
17.544376373291016,0.037863839417696,-0.9030174016952515,-0.03278891369700432,-0.03367036581039429,3.138072967529297,257.7087707519531,-2.9903404712677,255.69664001464844,-0.004276581108570099,-0.8274441957473755,-0.0715181827545166,0.0,0.0,12.232967376708984,0.15477228164672852
17.544876098632812,0.15048463642597198,-0.8895648121833801,-0.01828696019947529,-0.025297660380601883,3.2666702270507812,257.7087707519531,-2.8658876419067383,255.55386352539062,0.09783478081226349,-0.8283664584159851,-0.07329654693603516,0.0,0.0,12.232967376708984,0.15062761306762695
17.54537582397461,0.2669895589351654,-0.8626591563224792,-0.031177585944533348,-0.04576427489519119,3.396059036254883,257.96673583984375,-2.740654468536377,255.44691467285156,0.2000037133693695,-0.8078417181968689,-0.07342934608459473,0.0,0.0,12.232967376708984,0.14647197723388672
17.545875549316406,0.3776688873767853,-0.8256641030311584,-0.005396336317062378,-0.02343706041574478,3.524786949157715,257.96673583984375,-2.614793300628662,255.36859130859375,0.3359288275241852,-0.7755320072174072,-0.03308439254760742,0.0,0.0,12.232967376708984,0.14360523223876953
17.546375274658203,0.4805809259414673,-0.7718531489372253,-0.010230320505797863,-0.04483397305011749,3.665097236633301,268.4466247558594,-2.4891271591186523,255.2836456298828,0.4014189541339874,-0.7765956521034241,-0.09070825576782227,0.0,0.0,12.232967376708984,0.12896108627319336
17.546876907348633,0.5893183350563049,-0.7045890688896179,-0.010230320505797863,-0.02250675857067108,3.799323081970215,268.4466247558594,-2.3633780479431152,255.20419311523438,0.5474093556404114,-0.684408962726593,-0.01861882209777832,0.0,0.0,12.232967376708984,0.1204843521118164
17.54737663269043,0.6796093583106995,-0.6221908926963806,0.021996241062879562,-0.013203751295804977,3.887115478515625,225.49517822265625,-2.2372031211853027,255.14425659179688,0.6321693062782288,-0.6223979592323303,-0.02629542350769043,0.0,0.0,12.232967376708984,0.15886688232421875
17.547876358032227,0.747570276260376,-0.5448374152183533,0.009105616249144077,-0.0039007447194308043,3.9998645782470703,225.49517822265625,-2.11287522315979,255.00790405273438,0.6843964457511902,-0.5868038535118103,-0.08206868171691895,0.0,0.0,12.232967376708984,0.17044591903686523
17.548376083374023,0.8038808703422546,-0.4540310204029083,0.017162257805466652,0.010053766891360283,4.135826110839844,246.97091674804688,-1.9884587526321411,254.87808227539062,0.7183787822723389,-0.5114933848381042,-0.1166379451751709,0.0,0.0,12.232967376708984,0.15890073776245117
17.54887580871582,0.8553366661071777,-0.35145366191864014,0.020384913310408592,0.002611360512673855,4.259313583374023,246.97091674804688,-1.865488886833191,254.69039916992188,0.7885711193084717,-0.41753438115119934,-0.10784649848937988,0.0,0.0,12.232967376708984,0.15838289260864258
17.549375534057617,0.9058224558830261,-0.2438315898180008,0.010716944932937622,-0.008552247658371925,4.406008720397949,268.4466247558594,-1.742065668106079,254.52574157714844,0.8755010366439819,-0.2796696126461029,-0.053336381912231445,0.0,0.0,12.232967376708984,0.13511133193969727
17.54987335205078,0.9213564395904541,-0.12275657802820206,0.030052881687879562,0.011914367787539959,4.539963722229004,268.4466247558594,-1.6189055442810059,254.35330200195312,0.834320604801178,-0.17838439345359802,-0.07809972763061523,0.0,0.0,12.232967376708984,0.12431621551513672
17.550373077392578,0.9398024678230286,-0.003363340860232711,-0.0005623519537039101,-0.00017954169015865773,4.651261329650879,247.21812438964844,-1.4962760210037231,254.1623077392578,0.904590904712677,-0.07843781262636185,-0.0766446590423584,0.0,0.0,12.232967376708984,0.13564825057983398
17.550874710083008,0.923297643661499,0.11266697198152542,0.030052881687879562,0.011914367787539959,4.774872779846191,247.21812438964844,-1.3734625577926636,253.98284912109375,0.8403722643852234,0.0028849479276686907,-0.10972881317138672,0.0,0.0,12.232967376708984,0.13485002517700195
17.551374435424805,0.9067930579185486,0.2219708114862442,0.020384913310408592,0.004471961874514818,4.8866071701049805,236.23304748535156,-1.2520660161972046,253.74758911132812,0.8630046248435974,0.09488162398338318,-0.1251978874206543,0.0,0.0,12.232967376708984,0.14451217651367188
17.5518741607666,0.8718412518501282,0.32286661863327026,0.015550929121673107,0.029590079560875893,5.004724502563477,236.23304748535156,-1.1305663585662842,253.5216064453125,0.8422094583511353,0.1751347929239273,-0.15136098861694336,0.0,0.0,12.232967376708984,0.14789438247680664
17.5523738861084,0.830094039440155,0.4288073480129242,0.023607568815350533,0.019356772303581238,5.146056175231934,257.7087707519531,-1.009756326675415,253.2716827392578,0.803589403629303,0.3094238340854645,-0.10954976081848145,0.0,0.0,12.232967376708984,0.12737321853637695
17.552873611450195,0.7669875621795654,0.5246584415435791,0.015550929121673107,0.02586887776851654,5.274910926818848,257.7087707519531,-0.8884310722351074,253.04837036132812,0.7580593824386597,0.37958192825317383,-0.13437724113464355,0.0,0.0,12.232967376708984,0.1198434829711914
17.553373336791992,0.6922305226325989,0.620509147644043,0.021996241062879562,0.02400827594101429,5.403761863708496,257.7087707519531,-0.7667052745819092,252.84666442871094,0.6740363836288452,0.48925960063934326,-0.09234952926635742,0.0,0.0,12.232967376708984,0.11271810531616211
17.553871154785156,0.6048523187637329,0.6978626251220703,0.021996241062879562,0.033311281353235245,5.532360076904297,257.7087707519531,-0.6441047191619873,252.68592834472656,0.6040735840797424,0.5338259935379028,-0.11924934387207031,0.0,0.0,12.232967376708984,0.1067204475402832
17.554372787475586,0.5029106736183167,0.7735347151756287,0.023607568815350533,0.036102186888456345,5.661491394042969,257.96673583984375,-0.5215957164764404,252.52487182617188,0.4756723642349243,0.6269753575325012,-0.0434727668762207,0.0,0.0,12.232967376708984,0.1000981330871582
17.554872512817383,0.40873637795448303,0.8357537388801575,0.013939601369202137,0.036102186888456345,5.7904767990112305,257.96673583984375,-0.3978078365325928,252.42086791992188,0.42677414417266846,0.7496548295021057,-0.0357666015625,0.0,0.0,12.232967376708984,0.09490060806274414
17.55537223815918,0.2961152493953705,0.8794749975204468,0.026830226182937622,0.06587180495262146,5.884357452392578,225.49517822265625,-0.2733335494995117,252.34788513183594,0.33704477548599243,0.7983680367469788,-0.04222536087036133,0.0,0.0,12.232967376708984,0.12549448013305664
17.555871963500977,0.19320322573184967,0.9030174016952515,0.013939601369202137,0.02307797595858574,5.997106552124023,225.49517822265625,-0.14855313301086426,252.28945922851562,0.24450109899044037,0.8036385178565979,-0.0629878044128418,0.0,0.0,12.232967376708984,0.1375260353088379
17.556371688842773,0.07669853419065475,0.9198334217071533,0.07194741070270538,0.04912639409303665,6.14467716217041,257.7087707519531,-0.023766040802001953,252.23239135742188,0.12987610697746277,0.8322241306304932,-0.04719376564025879,0.0,0.0,12.232967376708984,0.11474227905273438
17.55687141418457,-0.043689075857400894,0.9198334217071533,0.018773585557937622,0.06494150310754776,6.273531913757324,257.7087707519531,0.10155606269836426,252.1986541748047,0.0004918102640658617,0.8230875134468079,-0.01819300651550293,0.0,0.0,12.232967376708984,0.11120939254760742
17.557371139526367,-0.1601935178041458,0.9030174016952515,0.009105616249144077,0.04261428862810135,0.11947774887084961,257.96673583984375,0.2268660068511963,252.1654052734375,-0.12168215215206146,0.8029398322105408,0.007592916488647461,0.0,0.0,12.232967376708984,0.10738825798034668
17.557872772216797,-0.27087298035621643,0.8761121034622192,0.007494288496673107,0.04354459047317505,0.24820566177368164,257.96673583984375,0.3514888286590576,252.1040802001953,-0.18986505270004272,0.7871844172477722,-0.030938386917114258,0.0,0.0,12.232967376708984,0.10328316688537598
17.558372497558594,-0.38543546199798584,0.8391168117523193,-0.0037850080989301205,0.037032488733530045,0.3769068717956543,257.7087707519531,0.47740626335144043,252.0985107421875,-0.3454103469848633,0.7961999177932739,0.015984535217285156,0.0,0.0,12.232967376708984,0.10049939155578613
17.55887222290039,-0.4834933578968048,0.7802610397338867,-0.0392342247068882,0.012844668701291084,0.5057616233825684,257.7087707519531,0.6020212173461914,252.03794860839844,-0.3758465349674225,0.7659114003181458,-0.062103271484375,0.0,0.0,12.232967376708984,0.09625959396362305
17.559371948242188,-0.583493173122406,0.7146784663200378,0.0010489762062206864,0.039823390543460846,0.5997929573059082,225.49517822265625,0.7272396087646484,252.0045166015625,-0.5016276240348816,0.7179461121559143,-0.03355598449707031,0.0,0.0,12.232967376708984,0.12744665145874023
17.559871673583984,-0.6660171151161194,0.6457334160804749,0.012328272685408592,0.029590079560875893,0.7125420570373535,225.49517822265625,0.8523285388946533,251.96592712402344,-0.5777246952056885,0.7005519866943359,-0.07909584045410156,0.0,0.0,12.232967376708984,0.1397864818572998
17.56037139892578,-0.7388324737548828,0.5666981935501099,0.002660304307937622,0.04261428862810135,0.8601126670837402,257.7087707519531,0.9778025150299072,251.9444122314453,-0.6752047538757324,0.61501544713974,-0.06209516525268555,0.0,0.0,12.232967376708984,0.11768984794616699
17.560871124267578,-0.8097059726715088,0.46412041783332825,0.0042716325260698795,0.02121737413108349,0.9889674186706543,257.7087707519531,1.1037309169769287,251.9425811767578,-0.7681213617324829,0.4711940288543701,0.0007791519165039062,0.0,0.0,12.232967376708984,0.11476349830627441
17.561372756958008,-0.85727858543396,0.3615434467792511,-0.0021736801136285067,0.015635568648576736,1.1178221702575684,257.7087707519531,1.2291529178619385,251.9193115234375,-0.7910333871841431,0.4298533499240875,-0.07248353958129883,0.0,0.0,12.232967376708984,0.11133074760437012
17.561872482299805,-0.9009678363800049,0.25223982334136963,-0.019898289814591408,-0.0039007447194308043,1.2464194297790527,257.7087707519531,1.3531825542449951,251.8381805419922,-0.8701517581939697,0.3414449989795685,-0.0727086067199707,0.0,0.0,12.232967376708984,0.10676312446594238
17.5623722076416,-0.9291228652000427,0.12948283553123474,-0.013452976942062378,0.04261428862810135,1.3752741813659668,257.7087707519531,1.4761488437652588,251.71408081054688,-0.8690930008888245,0.20760762691497803,-0.05619621276855469,0.0,0.0,12.232967376708984,0.10087466239929199
17.5628719329834,-0.9368899464607239,0.008408037014305592,-0.016675632447004318,-0.00204014265909791,1.5041289329528809,257.7087707519531,1.60152268409729,251.6934051513672,-0.8892324566841125,0.09254249930381775,-0.050766944885253906,0.0,0.0,12.232967376708984,0.09739375114440918
17.563371658325195,-0.9271811842918396,-0.10594049841165543,-0.015064304694533348,0.008193164132535458,1.5984339714050293,225.72088623046875,1.7235891819000244,251.53445434570312,-0.8554047346115112,0.04891614243388176,-0.12662935256958008,0.0,0.0,12.232967376708984,0.12515521049499512
17.563871383666992,-0.9145600199699402,-0.21524454653263092,-0.015064304694533348,-0.012273450382053852,1.7112936973571777,225.72088623046875,1.8464338779449463,251.41168212890625,-0.8731485605239868,-0.11717317998409271,-0.058709144592285156,0.0,0.0,12.232967376708984,0.13514018058776855
17.56437110900879,-0.8825212121009827,-0.3245481848716736,-0.016675632447004318,0.010984065942466259,1.8587336540222168,257.7087707519531,1.970069169998169,251.3248748779297,-0.8177635669708252,-0.2352333962917328,-0.0355830192565918,0.0,0.0,12.232967376708984,0.11133551597595215
17.56487274169922,-0.8378610610961914,-0.4288069009780884,-0.021509617567062378,-0.010412849485874176,1.9875884056091309,257.7087707519531,2.09401535987854,251.25259399414062,-0.8350856304168701,-0.33252403140068054,-0.060805320739746094,0.0,0.0,12.232967376708984,0.10642695426940918
17.565372467041016,-0.7669878005981445,-0.5313847064971924,-0.03601156920194626,-0.011343149468302727,2.116443157196045,257.7087707519531,2.2171380519866943,251.14747619628906,-0.706946074962616,-0.4024718403816223,-0.045296669006347656,0.0,0.0,12.232967376708984,0.10069489479064941
17.56587028503418,-0.7048518657684326,-0.6255542635917664,-0.02634360082447529,-0.01878555491566658,2.2450404167175293,257.7087707519531,2.3400490283966064,251.035400390625,-0.7405520081520081,-0.5298013687133789,-0.06487846374511719,0.0,0.0,12.232967376708984,0.09500861167907715
17.566370010375977,-0.6135900616645813,-0.7096337676048279,-0.027954930439591408,-0.03646127134561539,2.3391048908233643,225.49517822265625,2.4641997814178467,250.97804260253906,-0.624500036239624,-0.6274466514587402,-0.022113800048828125,0.0,0.0,12.232967376708984,0.12509489059448242
17.566869735717773,-0.5232992768287659,-0.7785794138908386,-0.024732273072004318,-0.029018862172961235,2.4518511295318604,225.49517822265625,2.5893919467926025,250.96560668945312,-0.5162811875343323,-0.6717033982276917,-0.01956319808959961,0.0,0.0,12.232967376708984,0.1375408172607422
17.56736946105957,-0.4281538426876068,-0.8323903679847717,-0.03278891369700432,-0.00948254857212305,2.610985279083252,268.4466247558594,2.7139313220977783,250.92601013183594,-0.43579182028770447,-0.718062162399292,-0.0343470573425293,0.0,0.0,12.232967376708984,0.10294604301452637
17.567869186401367,-0.3135910928249359,-0.8828385472297668,-0.03601156920194626,-0.02250675857067108,2.745208978652954,268.4466247558594,2.8398735523223877,250.946044921875,-0.3315298855304718,-0.7894114255905151,-0.012315750122070312,0.0,0.0,12.232967376708984,0.0946645736694336
17.568370819091797,-0.19320309162139893,-0.9097438454627991,-0.013452976942062378,-0.024367358535528183,2.856506586074829,247.21812438964844,2.965136766433716,250.93716430664062,-0.23033644258975983,-0.7921077609062195,-0.02300882339477539,0.0,0.0,12.232967376708984,0.10863018035888672
17.568870544433594,-0.08058205991983414,-0.9332861304283142,-0.007007664535194635,0.01284466776996851,2.980114221572876,247.21812438964844,3.0896646976470947,250.8976287841797,-0.1334547996520996,-0.8313928246498108,-0.023729324340820312,0.0,0.0,12.232967376708984,0.10955047607421875
17.56937026977539,0.04368944093585014,-0.9433757662773132,-0.04567953944206238,-0.026227962225675583,3.1382787227630615,279.18450927734375,-3.0673415660858154,250.92845153808594,0.021921129897236824,-0.8993789553642273,0.03387331962585449,0.0,0.0,12.232967376708984,0.07756519317626953
17.569868087768555,0.17184410989284515,-0.9231967329978943,-0.01828696019947529,-0.027158262208104134,3.2775909900665283,279.18450927734375,-2.940183401107788,250.9993438720703,0.09427941590547562,-0.8531121015548706,-0.007738590240478516,0.0,0.0,12.232967376708984,0.06541109085083008
17.570369720458984,0.3038826882839203,-0.8962910771369934,-0.0037850080989301205,-0.02064615488052368,3.3480498790740967,214.9722900390625,-2.8127522468566895,251.0807342529297,0.26549917459487915,-0.8288949131965637,0.06507587432861328,0.0,0.0,12.232967376708984,0.12238359451293945
17.57086753845215,0.41067788004875183,-0.8559326529502869,-0.023120945319533348,-0.03367036581039429,3.455322027206421,214.9722900390625,-2.6845340728759766,251.1930389404297,0.3611612915992737,-0.8015027046203613,0.05021047592163086,0.0,0.0,12.232967376708984,0.14332914352416992
17.571367263793945,0.5087360143661499,-0.803803563117981,0.012328272685408592,-0.026227962225675583,3.620612859725952,268.4466247558594,-2.5555264949798584,251.3363494873047,0.48806098103523254,-0.7411934733390808,0.08033275604248047,0.0,0.0,12.232967376708984,0.10704612731933594
17.571868896484375,0.6126192212104797,-0.7314947843551636,-0.016675632447004318,-0.026227962225675583,3.7548365592956543,268.4466247558594,-2.4278013706207275,251.4228515625,0.5775489807128906,-0.7022973299026489,0.05846548080444336,0.0,0.0,12.232967376708984,0.10054731369018555
17.572368621826172,0.7116478085517883,-0.6406885385513306,0.012328272685408592,-0.005761346314102411,3.8890602588653564,268.4466247558594,-2.2997446060180664,251.52133178710938,0.6822609305381775,-0.5901778936386108,0.1000211238861084,0.0,0.0,12.232967376708984,0.09438085556030273
17.57286834716797,0.7932011485099792,-0.5465188026428223,-0.007007664535194635,-0.013203751295804977,4.023283958435059,268.4466247558594,-2.1705572605133057,251.66539001464844,0.7589973211288452,-0.5460333824157715,0.060235023498535156,0.0,0.0,12.232967376708984,0.08934450149536133
17.573368072509766,0.8611622452735901,-0.4355336129665375,0.0010489762062206864,-0.006691646296530962,4.145898818969727,257.7087707519531,-2.0426347255706787,251.7532501220703,0.7924790978431702,-0.4513173997402191,0.038195133209228516,0.0,0.0,12.232967376708984,0.09465169906616211
17.573867797851562,0.9155310988426208,-0.32118508219718933,0.025218898430466652,-0.013203750364482403,4.274751663208008,257.7087707519531,-1.9155035018920898,251.80606079101562,0.8794514536857605,-0.37078621983528137,0.02974104881286621,0.0,0.0,12.232967376708984,0.09293031692504883
17.57436752319336,0.956307590007782,-0.20347338914871216,0.00588296027854085,-0.015064352191984653,4.380391597747803,236.23304748535156,-1.7878586053848267,251.8793182373047,0.9288586974143982,-0.26349276304244995,0.024683713912963867,0.0,0.0,12.232967376708984,0.11493539810180664
17.574867248535156,0.9698992371559143,-0.07903503626585007,0.023607568815350533,-0.012273450382053852,4.498272895812988,236.23304748535156,-1.661024808883667,251.9169464111328,0.8793112635612488,-0.13478493690490723,0.02216362953186035,0.0,0.0,12.232967376708984,0.12388753890991211
17.575368881225586,0.9796082973480225,0.035313501954078674,0.00588296027854085,-0.02064615674316883,4.639862060546875,257.96673583984375,-1.53482186794281,251.9271697998047,0.9466208815574646,-0.02829449065029621,0.018166780471801758,0.0,0.0,12.232967376708984,0.10850143432617188
17.575868606567383,0.9689283967018127,0.1547069400548935,0.023607568815350533,0.02307797595858574,4.768845081329346,257.96673583984375,-1.4091153144836426,251.91612243652344,0.9472747445106506,0.06466775387525558,-0.009617090225219727,0.0,0.0,12.232967376708984,0.1052250862121582
17.57636833190918,0.9475695490837097,0.27914509177207947,0.002660304307937622,-0.01878555677831173,4.920764446258545,279.18450927734375,-1.2833642959594727,251.9074249267578,0.9404963254928589,0.1957583725452423,0.0017287731170654297,0.0,0.0,12.232967376708984,0.0790567398071289
17.576868057250977,0.9009678959846497,0.4069463610649109,0.013939601369202137,0.004471961874514818,5.060357093811035,279.18450927734375,-1.1572233438491821,251.9152374267578,0.9055641889572144,0.3249652087688446,0.014972448348999023,0.0,0.0,12.232967376708984,0.06560516357421875
17.577367782592773,0.8291230201721191,0.5246584415435791,0.012328272685408592,0.016565870493650436,5.188342094421387,268.4466247558594,-1.0308425426483154,251.93299865722656,0.8061528205871582,0.3977128565311432,0.0023148059844970703,0.0,0.0,12.232967376708984,0.06400060653686523
17.57786750793457,0.7553372979164124,0.6322802901268005,0.021996241062879562,0.033311281353235245,5.322566032409668,268.4466247558594,-0.9047756195068359,251.9370880126953,0.766629159450531,0.49651360511779785,-0.007374763488769531,0.0,0.0,12.232967376708984,0.05584383010864258
17.578367233276367,0.6611625552177429,0.7348576784133911,0.028441553935408592,0.035171885043382645,5.421964168548584,236.23304748535156,-0.7783248424530029,251.95750427246094,0.6336012482643127,0.6109406352043152,0.05892348289489746,0.0,0.0,12.232967376708984,0.08289670944213867
17.578868865966797,0.5611631274223328,0.8071666359901428,0.021996241062879562,0.02028707228600979,5.5398454666137695,236.23304748535156,-0.650357723236084,252.0410614013672,0.5443044900894165,0.635320246219635,0.026057004928588867,0.0,0.0,12.232967376708984,0.09298229217529297
17.579368591308594,0.45727989077568054,0.8727487325668335,0.03649819269776344,0.013774968683719635,5.6930437088012695,268.7153625488281,-0.5227816104888916,252.10643005371094,0.43320778012275696,0.7131272554397583,0.06114482879638672,0.0,0.0,12.232967376708984,0.06736040115356445
17.57986831665039,0.33883360028266907,0.9231967329978943,0.018773585557937622,0.03145068138837814,5.8274006843566895,268.7153625488281,-0.39383935928344727,252.2277374267578,0.3403640687465668,0.7820562124252319,0.06767630577087402,0.0,0.0,12.232967376708984,0.061945438385009766
17.580368041992188,0.21456210315227509,0.9635552167892456,0.0413321778178215,0.016565870493650436,5.973074913024902,279.18450927734375,-0.26487231254577637,252.34762573242188,0.2519074082374573,0.8556978106498718,0.06292152404785156,0.0,0.0,12.232967376708984,0.04523801803588867
17.580867767333984,0.07281500846147537,0.9870975017547607,0.030052881687879562,0.02121737413108349,6.112667560577393,279.18450927734375,-0.1341571807861328,252.53854370117188,0.08885672688484192,0.8746092319488525,0.11755037307739258,0.0,0.0,12.232967376708984,0.036360740661621094
17.58136749267578,-0.0631067231297493,0.9870975017547607,0.020384913310408592,0.028659777715802193,6.24094295501709,268.7153625488281,-0.0020279884338378906,252.78453063964844,0.00294454675167799,0.9098723530769348,0.08337235450744629,0.0,0.0,12.232967376708984,0.04021453857421875
17.581867218017578,-0.20291198790073395,0.9669181108474731,0.020384913310408592,0.05470820143818855,0.09211492538452148,268.7153625488281,0.12868714332580566,252.96621704101562,-0.13816392421722412,0.8941001296043396,0.10937833786010742,0.0,0.0,12.232967376708984,0.03657221794128418
17.582368850708008,-0.3407752811908722,0.9332861304283142,0.021996241062879562,0.08168692141771317,0.19132781028747559,236.23304748535156,0.2610447406768799,253.21307373046875,-0.3034985065460205,0.841985285282135,0.1699998378753662,0.0,0.0,12.232967376708984,0.0697169303894043
17.582866668701172,-0.45339643955230713,0.8895648121833801,0.020384913310408592,0.04168398678302765,0.3092076778411865,236.23304748535156,0.3950512409210205,253.52395629882812,-0.41769877076148987,0.8216978907585144,0.16039204597473145,0.0,0.0,12.232967376708984,0.08584356307983398
17.58336639404297,-0.564075767993927,0.8223009705543518,0.026830226182937622,0.05470820143818855,0.4737541675567627,279.18450927734375,0.5284125804901123,253.80123901367188,-0.5118893980979919,0.7548026442527771,0.1527252197265625,0.0,0.0,12.232967376708984,0.05465841293334961
17.583866119384766,-0.6718423962593079,0.7365392446517944,0.010716944932937622,0.037962786853313446,0.6133468151092529,279.18450927734375,0.6619274616241455,254.07925415039062,-0.6202343702316284,0.6754608154296875,0.16623163223266602,0.0,0.0,12.232967376708984,0.04858064651489258
17.584365844726562,-0.761162281036377,0.6423699259757996,0.007494288496673107,0.04354459047317505,0.7529394626617432,279.18450927734375,0.7941200733184814,254.2955322265625,-0.6752752065658569,0.6703694462776184,0.07999324798583984,0.0,0.0,12.232967376708984,0.04118061065673828
17.58486557006836,-0.8504825234413147,0.5280215740203857,-0.016675632447004318,0.018426472321152687,0.8925321102142334,279.18450927734375,0.9273459911346436,254.55096435546875,-0.8003422617912292,0.5337640047073364,0.14068126678466797,0.0,0.0,12.232967376708984,0.034813880920410156
17.585365295410156,-0.9106763005256653,0.40358322858810425,-0.013452976942062378,0.012844666838645935,1.03212308883667,279.18450927734375,1.0598466396331787,254.7705078125,-0.8089379072189331,0.45032352209091187,0.08825063705444336,0.0,0.0,12.232967376708984,0.02772355079650879
17.585865020751953,-0.9640743136405945,0.27746352553367615,-0.0021736801136285067,0.010053765028715134,1.1717157363891602,279.18450927734375,1.1902120113372803,254.89559936523438,-0.8772143721580505,0.35280048847198486,0.0834817886352539,0.0,0.0,12.232967376708984,0.018496274948120117
17.586366653442383,-0.9922296404838562,0.14798025786876678,0.002660304307937622,-0.0039007447194308043,1.2648770809173584,236.23304748535156,1.3219521045684814,255.07583618164062,-0.9065821766853333,0.2785259783267975,0.03591585159301758,0.0,0.0,12.232967376708984,0.05707502365112305
17.586864471435547,-0.9990256428718567,0.02186097949743271,-0.031177585944533348,-0.004831045866012573,1.382758617401123,236.23304748535156,1.4516479969024658,255.16627502441406,-0.9056424498558044,0.156668022274971,0.03301572799682617,0.0,0.0,12.232967376708984,0.06888937950134277
17.587364196777344,-0.9922296404838562,-0.10089559853076935,-0.02634360082447529,0.001681059948168695,1.5472617149353027,279.18450927734375,1.581178903579712,255.248046875,-0.8918018937110901,0.0465172603726387,0.022650718688964844,0.0,0.0,12.232967376708984,0.03391718864440918
17.58786392211914,-0.9747540354728699,-0.23206020891666412,-0.005396336317062378,-0.006691646762192249,1.6868526935577393,279.18450927734375,1.7119343280792236,255.37953186035156,-0.9237756729125977,-0.10093829035758972,0.05301523208618164,0.0,0.0,12.232967376708984,0.025081634521484375
17.588363647460938,-0.937860906124115,-0.3632252514362335,-0.03601156920194626,-0.02064615674316883,1.8267490863800049,279.4639587402344,1.8426096439361572,255.50506591796875,-0.9246615171432495,-0.25434592366218567,0.08209800720214844,0.0,0.0,12.232967376708984,0.015860557556152344
17.588863372802734,-0.8757252097129822,-0.48430004715919495,-0.02634360082447529,-0.04111276939511299,1.9664802551269531,279.4639587402344,1.9732520580291748,255.62625122070312,-0.8665993809700012,-0.3162553608417511,0.03278017044067383,0.0,0.0,12.232967376708984,0.00677180290222168
17.58936309814453,-0.8019389510154724,-0.605374813079834,-0.021509617567062378,-0.0029704435728490353,2.0594780445098877,236.23304748535156,2.1047117710113525,255.77987670898438,-0.7708538770675659,-0.47826147079467773,0.10706806182861328,0.0,0.0,12.232967376708984,0.045233726501464844
17.58986473083496,-0.7184439301490784,-0.6894547939300537,-0.021509617567062378,-0.04204307124018669,2.1775949001312256,236.23304748535156,2.23665452003479,255.9499053955078,-0.7300730347633362,-0.5231975317001343,0.041405677795410156,0.0,0.0,12.232967376708984,0.05905961990356445
17.590364456176758,-0.625240683555603,-0.7768978476524353,-0.019898289814591408,-0.024367358535528183,2.353750467300415,289.9223937988281,2.3681604862213135,256.0985107421875,-0.6091226935386658,-0.6498328447341919,0.10613822937011719,0.0,0.0,12.232967376708984,0.014410018920898438
17.590864181518555,-0.5087360143661499,-0.8576142191886902,-0.03278891369700432,-0.028088560327887535,2.4984216690063477,289.9223937988281,2.501513719558716,256.32147216796875,-0.5037329792976379,-0.7306655049324036,0.12241268157958984,0.0,0.0,12.232967376708984,0.003092050552368164
17.59136390686035,-0.3796100914478302,-0.9164701104164124,-0.023120945319533348,-0.028088560327887535,2.6320645809173584,279.18450927734375,2.634897470474243,256.5410461425781,-0.39886999130249023,-0.8003377914428711,0.13037490844726562,0.0,0.0,12.232967376708984,0.0028328895568847656
17.59186363220215,-0.24563032388687134,-0.9601918458938599,-0.008618992753326893,-0.010412849485874176,2.771376848220825,279.18450927734375,2.76857590675354,256.7683410644531,-0.27563971281051636,-0.8388084173202515,0.14167499542236328,0.0,0.0,12.232967376708984,-0.0028009414672851562
17.592363357543945,-0.1135920062661171,-0.9870975017547607,-0.013452976942062378,-0.0634399875998497,2.911273241043091,279.4639587402344,2.9030191898345947,257.0230712890625,-0.1760772168636322,-0.9289731383323669,0.13747406005859375,0.0,0.0,12.232967376708984,-0.008254051208496094
17.592863082885742,0.030097024515271187,-0.9938240051269531,-0.021509617567062378,-0.027158262208104134,3.051004409790039,279.4639587402344,3.0391695499420166,257.34417724609375,-0.04936568811535835,-0.8943594098091125,0.1335906982421875,0.0,0.0,12.232967376708984,-0.011834859848022461
17.593364715576172,0.1776692271232605,-0.9803708791732788,-0.013452976942062378,-0.03925217315554619,3.1440038681030273,236.23304748535156,-3.107224225997925,257.6853942871094,0.12913581728935242,-0.8856147527694702,0.1971142292022705,0.0,0.0,12.232967376708984,0.031957149505615234
17.59386444091797,0.3019407093524933,-0.9568284749984741,-0.016675632447004318,-0.026227962225675583,3.2621207237243652,236.23304748535156,-2.9687821865081787,258.0886535644531,0.27752333879470825,-0.8933141827583313,0.2153022289276123,0.0,0.0,12.232967376708984,0.05228281021118164
17.594364166259766,0.4145619869232178,-0.9097438454627991,0.0010489762062206864,-0.03832187131047249,3.4385883808135986,290.21258544921875,-2.832242488861084,258.403564453125,0.353397399187088,-0.8654438853263855,0.16512060165405273,0.0,0.0,12.232967376708984,0.012354373931884766
17.594863891601562,0.5378620624542236,-0.840798556804657,-0.011841648258268833,-0.04018247127532959,3.58369517326355,290.21258544921875,-2.6961474418640137,258.69317626953125,0.4447431266307831,-0.833655834197998,0.1313793659210205,0.0,0.0,12.232967376708984,0.0033431053161621094
17.59536361694336,0.6495121121406555,-0.7550368905067444,0.012328272685408592,-0.026227962225675583,3.7022109031677246,265.6369934082031,-2.559575080871582,258.9969177246094,0.5576218962669373,-0.7633488774299622,0.13575077056884766,0.0,0.0,12.232967376708984,0.021399497985839844
17.595863342285156,0.7553372979164124,-0.6659124493598938,-0.0037850080989301205,-0.02250675857067108,3.834764003753662,265.6369934082031,-2.4224369525909424,259.3181457519531,0.7150787115097046,-0.6745038628578186,0.18260455131530762,0.0,0.0,12.232967376708984,0.02598428726196289
17.596363067626953,0.8407737612724304,-0.5582899451255798,-0.005396336317062378,-0.03832187131047249,3.981536388397217,279.18450927734375,-2.285720109939575,259.6148681640625,0.7868720293045044,-0.578065812587738,0.16853833198547363,0.0,0.0,12.232967376708984,0.01592874526977539
17.596864700317383,0.9097053408622742,-0.43217048048973083,0.010716944932937622,-0.01971585489809513,4.121127128601074,279.18450927734375,-2.1497130393981934,259.8751525878906,0.8424590826034546,-0.4461917281150818,0.17918944358825684,0.0,0.0,12.232967376708984,0.012345314025878906
17.59736442565918,0.9543654322624207,-0.30773234367370605,0.012328272685408592,-0.007621947210282087,4.2610087394714355,279.4639587402344,-2.0134084224700928,260.142578125,0.8739104270935059,-0.398309588432312,0.10207200050354004,0.0,0.0,12.232967376708984,0.008768558502197266
17.597864151000977,0.9912588596343994,-0.17656750977039337,0.03166421130299568,0.009123465977609158,4.400739669799805,279.4639587402344,-1.8782776594161987,260.3549499511719,0.9300815463066101,-0.27684465050697327,0.10536932945251465,0.0,0.0,12.232967376708984,0.004168033599853516
17.598363876342773,0.9990258812904358,-0.03531371057033539,0.03649819269776344,0.015635568648576736,4.540184020996094,279.18450927734375,-1.7432900667190552,260.5570068359375,0.9174751043319702,-0.17025649547576904,0.07614874839782715,0.0,0.0,12.232967376708984,-0.0002884864807128906
17.59886360168457,1.0009671449661255,0.09921424090862274,0.009105616249144077,0.018426472321152687,4.679776668548584,279.18450927734375,-1.6096458435058594,260.69842529296875,0.9646978974342346,-0.04947355389595032,0.07479023933410645,0.0,0.0,12.232967376708984,-0.006237030029296875
17.599363327026367,0.9718415141105652,0.2371051162481308,0.05583413317799568,0.04168399050831795,4.786155700683594,246.97091674804688,-1.4751651287078857,260.8720703125,0.9216641783714294,0.06658164411783218,0.0636751651763916,0.0,0.0,12.232967376708984,0.02186441421508789
17.59986114501953,0.9368898272514343,0.35818013548851013,0.05261147394776344,0.036102183163166046,4.90939474105835,246.97091674804688,-1.341594934463501,261.00384521484375,0.9094879627227783,0.20196641981601715,0.07660770416259766,0.0,0.0,12.232967376708984,0.0321955680847168
17.60036277770996,0.8834920525550842,0.47084710001945496,0.026830226182937622,0.04540519043803215,5.066060543060303,279.18450927734375,-1.2073980569839478,261.1591796875,0.8577139377593994,0.3450259566307068,0.10652279853820801,0.0,0.0,12.232967376708984,0.009727001190185547
17.600862503051758,0.8097057342529297,0.5919223427772522,0.025218898430466652,0.035171885043382645,5.20565128326416,279.18450927734375,-1.0727884769439697,261.3289794921875,0.7492363452911377,0.4853135049343109,0.16454505920410156,0.0,0.0,12.232967376708984,0.004745960235595703
17.601362228393555,0.7232983112335205,0.694499671459198,0.025218898430466652,0.03145068511366844,5.3455328941345215,279.4639587402344,-0.9370183944702148,261.54339599609375,0.7232683897018433,0.5713277459144592,0.12244987487792969,0.0,0.0,12.232967376708984,0.0006341934204101562
17.60186195373535,0.6165026426315308,0.7853058576583862,0.018773585557937622,0.038893088698387146,5.485263824462891,279.4639587402344,-0.8011283874511719,261.7587585449219,0.5990380644798279,0.6736435294151306,0.16218233108520508,0.0,0.0,12.232967376708984,-0.0032067298889160156
17.60236167907715,0.49417296051979065,0.8559326529502869,0.018773585557937622,0.03145068138837814,5.635778427124023,289.9223937988281,-0.6650629043579102,261.9766540527344,0.5008396506309509,0.6933033466339111,0.1272885799407959,0.0,0.0,12.232967376708984,-0.01765584945678711
17.602861404418945,0.36407673358917236,0.9265599250793457,0.020384913310408592,0.037962786853313446,5.780739784240723,289.9223937988281,-0.5274133682250977,262.2568359375,0.3538784384727478,0.7981635928153992,0.19830536842346191,0.0,0.0,12.232967376708984,-0.024967670440673828
17.603361129760742,0.23786313831806183,0.9669181108474731,0.017162257805466652,0.034241583198308945,5.881673336029053,247.21812438964844,-0.39000535011291504,262.52069091796875,0.3150760233402252,0.8802394866943359,0.1343069076538086,0.0,0.0,12.232967376708984,0.01150655746459961
17.60386085510254,0.10582482814788818,0.9904603958129883,0.0042716325260698795,0.0007507590344175696,6.005035400390625,247.21812438964844,-0.250990629196167,262.8467102050781,0.13697706162929535,0.8729347586631775,0.18369483947753906,0.0,0.0,12.232967376708984,0.02715921401977539
17.604360580444336,-0.024271788075566292,0.9938240051269531,0.03649819269776344,0.04354459047317505,6.1616010665893555,279.18450927734375,-0.11216473579406738,263.1578063964844,0.028869129717350006,0.9141178727149963,0.16898632049560547,0.0,0.0,12.232967376708984,0.009419918060302734
17.604860305786133,-0.15436841547489166,0.9770079255104065,0.0332755371928215,0.06029000133275986,0.018008708953857422,279.18450927734375,0.027057647705078125,263.4789123535156,-0.058241039514541626,0.9477933645248413,0.1226198673248291,0.0,0.0,12.232967376708984,0.009048938751220703
17.60536003112793,-0.29611536860466003,0.9501022100448608,0.0332755371928215,0.02493857592344284,0.15760087966918945,279.18450927734375,0.1664283275604248,263.7996826171875,-0.2457926869392395,0.8998655080795288,0.18890094757080078,0.0,0.0,12.232967376708984,0.008827447891235352
17.605859756469727,-0.4223287105560303,0.8962910771369934,0.009105616249144077,0.02586887590587139,0.2971940040588379,279.18450927734375,0.30538392066955566,264.0960693359375,-0.33266952633857727,0.8437045812606812,0.1588585376739502,0.0,0.0,12.232967376708984,0.008189916610717773
17.606359481811523,-0.5359203219413757,0.8307088017463684,-0.0037850080989301205,0.02586887776851654,0.40357303619384766,246.97091674804688,0.44492197036743164,264.4107666015625,-0.4438823163509369,0.853067934513092,0.12348151206970215,0.0,0.0,12.232967376708984,0.041348934173583984
17.60685920715332,-0.6465997099876404,0.7533555626869202,-0.0005623519537039101,0.03145068511366844,0.5270590782165527,246.97091674804688,0.5835304260253906,264.6800231933594,-0.5752066969871521,0.7461808323860168,0.1620633602142334,0.0,0.0,12.232967376708984,0.05647134780883789
17.60736083984375,-0.7359197735786438,0.6659124493598938,0.00588296027854085,0.02214767411351204,0.694826602935791,289.9223937988281,0.7229394912719727,264.9769287109375,-0.6708802580833435,0.6680191159248352,0.15352940559387207,0.0,0.0,12.232967376708984,0.02811288833618164
17.607860565185547,-0.8252399563789368,0.5582903623580933,0.0010489762062206864,0.030520379543304443,0.8394975662231445,289.9223937988281,0.8626053333282471,265.27850341796875,-0.7957115173339844,0.5995481014251709,0.15149593353271484,0.0,0.0,12.232967376708984,0.02310776710510254
17.608360290527344,-0.8922297954559326,0.4355336129665375,0.002660304307937622,0.02214767411351204,0.9734005928039551,279.18450927734375,1.0015876293182373,265.544921875,-0.8439220190048218,0.49104994535446167,0.13125896453857422,0.0,0.0,12.232967376708984,0.028187036514282227
17.60886001586914,-0.9465987086296082,0.30773213505744934,-0.005396336317062378,0.017496170476078987,1.1129918098449707,279.18450927734375,1.139805555343628,265.773681640625,-0.8962807059288025,0.3855735957622528,0.11376237869262695,0.0,0.0,12.232967376708984,0.026813745498657227
17.609359741210938,-0.9796081185340881,0.1698412448167801,-0.007007664535194635,0.010984066873788834,1.2528715133666992,279.4639587402344,1.2778418064117432,265.9899597167969,-0.927627444267273,0.2519932687282562,0.11681938171386719,0.0,0.0,12.232967376708984,0.024970293045043945
17.609859466552734,-0.9970837235450745,0.031950369477272034,-0.011841648258268833,0.008193165063858032,1.3926024436950684,279.4639587402344,1.416527509689331,266.2289123535156,-0.9544130563735962,0.12360412627458572,0.11466550827026367,0.0,0.0,12.232967376708984,0.023925065994262695
17.61035919189453,-0.9932005405426025,-0.10594049841165543,-0.008618992753326893,-0.004831044934689999,1.5099067687988281,257.7087707519531,1.5536420345306396,266.39678955078125,-0.9382572770118713,0.02337864227592945,0.08134698867797852,0.0,0.0,12.232967376708984,0.04373526573181152
17.61086082458496,-0.9679579734802246,-0.23037885129451752,-0.005396336317062378,-0.006691646762192249,1.6387615203857422,257.7087707519531,1.690551519393921,266.5525817871094,-0.9222811460494995,-0.089937224984169,0.06654787063598633,0.0,0.0,12.232967376708984,0.05178999900817871
17.611360549926758,-0.9310648441314697,-0.3548167943954468,-0.005396336317062378,-0.0085522485896945,1.8008265495300293,289.9223937988281,1.8264362812042236,266.6622009277344,-0.8917062878608704,-0.22058363258838654,0.0760345458984375,0.0,0.0,12.232967376708984,0.025609731674194336
17.611860275268555,-0.8699000477790833,-0.4809368848800659,-0.024732273072004318,-0.01785525493323803,1.945497989654541,289.9223937988281,1.9628307819366455,266.7909851074219,-0.8686265349388123,-0.3513975143432617,0.0816197395324707,0.0,0.0,12.232967376708984,0.017332792282104492
17.61236000061035,-0.7902884483337402,-0.5986486077308655,-0.023120945319533348,-0.029949164018034935,2.0683388710021973,268.4466247558594,2.1004879474639893,266.9701232910156,-0.7776603698730469,-0.4491369426250458,0.0833597183227539,0.0,0.0,12.232967376708984,0.03214907646179199
17.61285972595215,-0.7067937254905701,-0.6961809992790222,-0.02634360082447529,-0.04111276939511299,2.2025628089904785,268.4466247558594,2.236158609390259,267.06182861328125,-0.7350306510925293,-0.5413843393325806,0.05870389938354492,0.0,0.0,12.232967376708984,0.03359580039978027
17.613359451293945,-0.606793999671936,-0.7886688113212585,-0.029566258192062378,-0.029949164018034935,2.3589062690734863,289.9223937988281,2.3737056255340576,267.23065185546875,-0.6366497278213501,-0.6826052665710449,0.10679769515991211,0.0,0.0,12.232967376708984,0.014799356460571289
17.613859176635742,-0.4786390960216522,-0.866022527217865,-0.029566258192062378,-0.031809765845537186,2.503866672515869,289.9223937988281,2.5122854709625244,267.4393615722656,-0.48753154277801514,-0.7247479557991028,0.1267871856689453,0.0,0.0,12.232967376708984,0.008418798446655273
17.614360809326172,-0.35048404335975647,-0.9265599250793457,-0.03278891369700432,-0.03553096950054169,2.6048436164855957,247.21812438964844,2.6514832973480225,267.6696472167969,-0.3874383568763733,-0.8174105286598206,0.1372537612915039,0.0,0.0,12.232967376708984,0.04663968086242676
17.61486053466797,-0.22427110373973846,-0.9635552167892456,-0.03601156920194626,-0.0578581839799881,2.7284531593322754,247.21812438964844,2.7913658618927,267.92388916015625,-0.25283369421958923,-0.8471361398696899,0.1500864028930664,0.0,0.0,12.232967376708984,0.0629127025604248
17.615360260009766,-0.10970859974622726,-0.983734130859375,0.020384913310408592,0.000750759441871196,2.885305881500244,279.4639587402344,2.9327290058135986,268.23480224609375,-0.15560418367385864,-0.9166747331619263,0.13064050674438477,0.0,0.0,12.232967376708984,0.04742312431335449
17.615859985351562,0.030097266659140587,-0.9904603958129883,-0.019898289814591408,-0.026227962225675583,3.025038242340088,279.4639587402344,3.072347402572632,268.4661560058594,-0.03677293285727501,-0.9514762759208679,0.1205739974975586,0.0,0.0,12.232967376708984,0.047309160232543945
17.61635971069336,0.17378556728363037,-0.9702814221382141,-0.015064304694533348,-0.01785525493323803,3.1755642890930176,289.9223937988281,-3.069833517074585,268.7507019042969,0.13027091324329376,-0.8839074373245239,0.16480565071105957,0.0,0.0,12.232967376708984,0.03778791427612305
17.616857528686523,0.3077658414840698,-0.9366495013237,-0.0021736801136285067,-0.027158262208104134,3.320234775543213,289.9223937988281,-2.929372549057007,269.00634765625,0.23907332122325897,-0.8954010009765625,0.13890886306762695,0.0,0.0,12.232967376708984,0.03357839584350586
17.61735725402832,0.43980440497398376,-0.8862015008926392,-0.005396336317062378,-0.006691646762192249,3.454124927520752,279.18450927734375,-2.7890539169311523,269.2508544921875,0.37595489621162415,-0.8550805449485779,0.15204358100891113,0.0,0.0,12.232967376708984,0.04000663757324219
17.61785888671875,0.5631049275398254,-0.8172560334205627,-0.008618992753326893,-0.023437058553099632,3.5937180519104004,279.18450927734375,-2.647865056991577,269.5267028808594,0.49541962146759033,-0.8205511569976807,0.1398468017578125,0.0,0.0,12.232967376708984,0.04160261154174805
17.618358612060547,0.6747550368309021,-0.7314945459365845,-0.007007664535194635,-0.01878555677831173,3.700096607208252,246.97091674804688,-2.50750994682312,269.7616271972656,0.5972045660018921,-0.7455001473426819,0.13175153732299805,0.0,0.0,12.232967376708984,0.07557916641235352
