time_s,v_alpha_v,v_beta_v,i_alpha_a,i_beta_a,encoder_angle_rad,encoder_speed_rad_s,pll_angle_rad,pll_speed_rad_s,emf_alpha_v,emf_beta_v,phase_error_rad,locked,active,bus_voltage_v,angle_error_rad
22.437610626220703,-0.5446581244468689,0.8155744671821594,0.013939601369202137,0.037962786853313446,0.4728846549987793,268.4466247558594,0.518721342086792,251.3836212158203,-0.46636512875556946,0.8166491389274597,0.0842735767364502,0.0,0.0,12.232967376708984,0.045836687088012695
22.4381103515625,-0.6631044149398804,0.7314943671226501,0.017162257805466652,0.04354459047317505,0.6071066856384277,268.4466247558594,0.6503560543060303,251.6337127685547,-0.6149411797523499,0.6601588726043701,0.18421411514282227,0.0,0.0,12.232967376708984,0.04324936866760254
22.438610076904297,-0.761162519454956,0.6356436014175415,0.0042716325260698795,0.03424158692359924,0.7550873756408691,279.18450927734375,0.7827301025390625,251.90928649902344,-0.7338777184486389,0.5995514392852783,0.18779301643371582,0.0,0.0,12.232967376708984,0.02764272689819336
22.439109802246094,-0.843686580657959,0.5263400077819824,-0.010230320505797863,0.012844666838645935,0.8946783542633057,279.18450927734375,0.9153687953948975,252.19000244140625,-0.7783708572387695,0.5354874730110168,0.1374373435974121,0.0,0.0,12.232967376708984,0.020690441131591797
22.43960952758789,-0.9058219790458679,0.4119912385940552,-0.013452976942062378,0.012844666838645935,0.9792497158050537,236.23304748535156,1.0471031665802002,252.42701721191406,-0.8393728137016296,0.44725021719932556,0.11873102188110352,0.0,0.0,12.232967376708984,0.06785345077514648
22.440109252929688,-0.9543657302856445,0.30100584030151367,-0.02634360082447529,-0.005761344917118549,1.0973665714263916,236.23304748535156,1.177623987197876,252.60816955566406,-0.9120791554450989,0.338882178068161,0.12211418151855469,0.0,0.0,12.232967376708984,0.08025741577148438
22.44060707092285,-0.9854335188865662,0.17993062734603882,-0.005396336317062378,0.011914367787539959,1.2564806938171387,268.4466247558594,1.3064286708831787,252.71315002441406,-0.9096742272377014,0.252542108297348,0.07810401916503906,0.0,0.0,12.232967376708984,0.04994797706604004
22.441110610961914,-0.9999966621398926,0.04708466678857803,-0.0021736801136285067,0.008193165063858032,1.3909714221954346,268.4466247558594,1.4365923404693604,252.8730926513672,-0.9349884986877441,0.12233768403530121,0.08873176574707031,0.0,0.0,12.232967376708984,0.04562091827392578
22.441608428955078,-0.9922294020652771,-0.08744307607412338,-0.029566258192062378,-0.0039007451850920916,1.5386700630187988,279.18450927734375,1.5662658214569092,253.0092010498047,-0.9005024433135986,-0.0007557321805506945,0.09005260467529297,0.0,0.0,12.232967376708984,0.02759575843811035
22.442108154296875,-0.9757247567176819,-0.21019963920116425,-0.01828696019947529,-0.01785525493323803,1.678262710571289,279.18450927734375,1.6946680545806885,253.0886688232422,-0.9575524926185608,-0.04499014467000961,0.007442474365234375,0.0,0.0,12.232967376708984,0.016405344009399414
22.442607879638672,-0.937860906124115,-0.34304559230804443,-0.03601156920194626,-0.01878555491566658,1.763181209564209,236.4695281982422,1.8248865604400635,253.2432403564453,-0.9086239337921143,-0.2341267168521881,0.08282709121704102,0.0,0.0,12.232967376708984,0.06170535087585449
22.44310760498047,-0.8844628930091858,-0.44898614287376404,-0.031177585944533348,-0.053206682205200195,1.8814148902893066,236.4695281982422,1.954310655593872,253.36102294921875,-0.8572406768798828,-0.3091769218444824,0.04725170135498047,0.0,0.0,12.232967376708984,0.07289576530456543
22.443607330322266,-0.8184437155723572,-0.5633348822593689,-0.03278891369700432,-0.029949164018034935,2.0681231021881104,289.9223937988281,2.0835840702056885,253.47023010253906,-0.7968273162841797,-0.4492974877357483,0.0854501724243164,0.0,0.0,12.232967376708984,0.015460968017578125
22.444107055664062,-0.7359197735786438,-0.6726387143135071,-0.015064304694533348,-0.006691646762192249,2.213083028793335,289.9223937988281,2.2129504680633545,253.58078002929688,-0.7406678199768066,-0.5475147366523743,0.0792388916015625,0.0,0.0,12.232967376708984,-0.00013256072998046875
22.444608688354492,-0.6330076456069946,-0.7634451389312744,-0.02634360082447529,-0.03739156946539879,2.3442909717559814,279.18450927734375,2.343609094619751,253.74325561523438,-0.66322922706604,-0.6507784128189087,0.08802938461303711,0.0,0.0,12.232967376708984,-0.0006818771362304688
22.44510841369629,-0.5203865766525269,-0.850888192653656,-0.019898289814591408,-0.005761346314102411,2.483881950378418,279.18450927734375,2.475545644760132,253.95628356933594,-0.5416792035102844,-0.7565511465072632,0.1298379898071289,0.0,0.0,12.232967376708984,-0.008336305618286133
22.445608139038086,-0.3893188536167145,-0.9097438454627991,-0.021509617567062378,-0.04576427862048149,2.609452247619629,268.4466247558594,2.608393430709839,254.2029266357422,-0.4122990071773529,-0.7814679741859436,0.1329803466796875,0.0,0.0,12.232967376708984,-0.001058816909790039
22.446107864379883,-0.257280558347702,-0.9568284749984741,-0.01828696019947529,-0.04204307124018669,2.743675947189331,268.4466247558594,2.7423107624053955,254.48948669433594,-0.26915305852890015,-0.8214067816734314,0.1681365966796875,0.0,0.0,12.232967376708984,-0.0013651847839355469
22.44660758972168,-0.1271839439868927,-0.9803708791732788,-0.021509617567062378,-0.04204307124018669,2.850724458694458,247.21812438964844,2.876575231552124,254.78451538085938,-0.15889756381511688,-0.8577942252159119,0.16745233535766602,0.0,0.0,12.232967376708984,0.025850772857666016
22.447107315063477,-0.002912677824497223,-0.9938240051269531,-0.023120945319533348,-0.03180976212024689,2.9743337631225586,247.21812438964844,3.011077642440796,255.0833740234375,-0.054031167179346085,-0.8917180299758911,0.15564537048339844,0.0,0.0,12.232967376708984,0.036743879318237305
22.447607040405273,0.13495124876499176,-0.9803708791732788,-0.029566258192062378,-0.03367036581039429,3.1742632389068604,306.796142578125,-3.1370232105255127,255.40029907226562,0.06177603080868721,-0.879324734210968,0.1513047218322754,0.0,0.0,12.232967376708984,-0.028100967407226562
22.448108673095703,0.2805817425251007,-0.9568284749984741,-0.023120945319533348,-0.02064615674316883,3.3276612758636475,306.796142578125,-3.0018699169158936,255.71363830566406,0.22510650753974915,-0.8939709067344666,0.19296836853027344,0.0,0.0,12.232967376708984,-0.04634571075439453
22.4486083984375,0.4145619869232178,-0.9097438454627991,-0.03278891369700432,-0.031809765845537186,3.4098243713378906,248.9283905029297,-2.8654990196228027,256.0715637207031,0.33643215894699097,-0.8618203997612,0.1821753978729248,0.0,0.0,12.232967376708984,0.007862091064453125
22.449108123779297,0.5281533002853394,-0.8441615104675293,0.017162257805466652,-0.01785525307059288,3.534288167953491,248.9283905029297,-2.728482961654663,256.4488525390625,0.44196510314941406,-0.8085496425628662,0.1733076572418213,0.0,0.0,12.232967376708984,0.020414352416992188
22.449607849121094,0.6427162885665894,-0.7735344767570496,-0.005396336317062378,-0.0085522485896945,3.6831634044647217,268.1784362792969,-2.5922834873199463,256.7842102050781,0.5855242013931274,-0.7479374408721924,0.2012932300567627,0.0,0.0,12.232967376708984,0.007738590240478516
22.45010757446289,0.7339780330657959,-0.6760018467903137,0.04294350743293762,0.002611360512673855,3.8172519207000732,268.1784362792969,-2.456139326095581,257.1100158691406,0.6450312733650208,-0.6856213212013245,0.15577411651611328,0.0,0.0,12.232967376708984,0.009794235229492188
22.450607299804688,0.8213567137718201,-0.5784691572189331,0.009105616249144077,-0.015064354054629803,3.9245107173919678,247.21812438964844,-2.3210346698760986,257.3855285644531,0.7477767467498779,-0.6098570823669434,0.1524825096130371,0.0,0.0,12.232967376708984,0.03764009475708008
22.451107025146484,0.8873753547668457,-0.47084710001945496,-0.0037850080989301205,-0.013203751295804977,4.048120021820068,247.21812438964844,-2.1863760948181152,257.63616943359375,0.7926462292671204,-0.5026892423629761,0.13681817054748535,0.0,0.0,12.232967376708984,0.04868936538696289
22.451608657836914,0.9417443871498108,-0.3564985394477844,0.018773585557937622,0.007262864150106907,4.195648193359375,265.8900146484375,-2.051367998123169,257.8962097167969,0.9045847654342651,-0.39512622356414795,0.15532922744750977,0.0,0.0,12.232967376708984,0.03616952896118164
22.45210838317871,0.968928873538971,-0.2286972850561142,0.015550929121673107,-0.0001795415737433359,4.328593730926514,265.8900146484375,-1.9170316457748413,258.12261962890625,0.863547682762146,-0.30271241068840027,0.09548354148864746,0.0,0.0,12.232967376708984,0.03755998611450195
22.452608108520508,0.9902881979942322,-0.09753268212080002,0.020384913310408592,0.004471961874514818,4.482078552246094,282.5754089355469,-1.7831162214279175,258.3265380859375,0.9311936497688293,-0.2040501832962036,0.08302640914916992,0.0,0.0,12.232967376708984,0.017990589141845703
22.453107833862305,0.9961128830909729,0.033631935715675354,0.021996241062879562,0.01284466776996851,4.62336540222168,282.5754089355469,-1.6503435373306274,258.4783020019531,0.970142126083374,-0.08971741795539856,0.07376718521118164,0.0,0.0,12.232967376708984,0.009476661682128906
22.45360565185547,0.9796082973480225,0.1765677034854889,0.0332755371928215,-0.01041285041719675,4.773776054382324,289.9223937988281,-1.5167089700698853,258.66302490234375,0.9557439088821411,0.05307566747069359,0.08794617652893066,0.0,0.0,12.232967376708984,-0.0072994232177734375
22.454105377197266,0.9475695490837097,0.312777042388916,0.020384913310408592,0.039823390543460846,4.918737411499023,289.9223937988281,-1.3833171129226685,258.8336486816406,0.9377140998840332,0.19117765128612518,0.10030627250671387,0.0,0.0,12.232967376708984,-0.01886892318725586
22.454605102539062,0.8883466124534607,0.4355336129665375,0.002660304307937622,0.04819609597325325,4.995279312133789,236.4695281982422,-1.250244379043579,258.987548828125,0.8289070129394531,0.29683783650398254,0.11008524894714355,0.0,0.0,12.232967376708984,0.03766202926635742
22.455106735229492,0.8271818161010742,0.5414741039276123,0.0332755371928215,0.028659777715802193,5.113512992858887,236.4695281982422,-1.1174309253692627,259.1271057128906,0.7910126447677612,0.36626553535461426,0.06689786911010742,0.0,0.0,12.232967376708984,0.05224180221557617
22.45560646057129,0.7563081383705139,0.6440516710281372,0.023607568815350533,0.02493857592344284,5.3002214431762695,289.9223937988281,-0.984001874923706,259.28955078125,0.7629778385162354,0.5021874904632568,0.08206057548522949,0.0,0.0,12.232967376708984,-0.0010380744934082031
22.456106185913086,0.6601917147636414,0.7432659268379211,0.030052881687879562,0.04168399050831795,5.445181369781494,289.9223937988281,-0.8504714965820312,259.4530334472656,0.6928659081459045,0.6503547430038452,0.1203911304473877,0.0,0.0,12.232967376708984,-0.012467384338378906
22.456605911254883,0.5436874032020569,0.8307088017463684,0.04616616293787956,0.017496172338724136,5.559357643127441,265.8900146484375,-0.715644121170044,259.6673889160156,0.5521959662437439,0.7092363238334656,0.14121675491333008,0.0,0.0,12.232967376708984,0.008183956146240234
22.45710563659668,0.42815420031547546,0.8929277658462524,0.009105616249144077,0.029590079560875893,5.69230318069458,265.8900146484375,-0.5791294574737549,259.9481201171875,0.44517073035240173,0.7768376469612122,0.14598584175109863,0.0,0.0,12.232967376708984,0.011752605438232422
22.457603454589844,0.2999991476535797,0.9433757662773132,0.020384913310408592,0.019356774166226387,5.841333389282227,279.18450927734375,-0.44348859786987305,260.1862487792969,0.33796626329421997,0.8195591568946838,0.13963985443115234,0.0,0.0,12.232967376708984,-0.001636505126953125
22.458105087280273,0.1660189926624298,0.9803708791732788,0.020384913310408592,0.008193164132535458,5.981204986572266,279.18450927734375,-0.3062565326690674,260.4862976074219,0.20329692959785461,0.8751105666160583,0.16548395156860352,0.0,0.0,12.232967376708984,-0.004275798797607422
22.45860481262207,0.0320386067032814,0.9938240051269531,0.020384913310408592,0.030520381405949593,6.097222328186035,260.2433166503906,-0.16899394989013672,260.7811584472656,0.09717026352882385,0.9153854846954346,0.15076279640197754,0.0,0.0,12.232967376708984,0.01696920394897461
22.459104537963867,-0.10388324409723282,0.9870975017547607,0.00588296027854085,0.005402262322604656,6.227343559265137,260.2433166503906,-0.03161811828613281,261.0747985839844,-0.048555079847574234,0.8854877352714539,0.1741180419921875,0.0,0.0,12.232967376708984,0.024223804473876953
22.459604263305664,-0.2398052215576172,0.9635552167892456,0.002660304307937622,0.037032488733530045,0.11229801177978516,289.9223937988281,0.10610795021057129,261.3769226074219,-0.18127523362636566,0.8786846399307251,0.18520832061767578,0.0,0.0,12.232967376708984,-0.006190061569213867
22.46010398864746,-0.3776684105396271,0.9164701104164124,0.013939601369202137,0.04912639409303665,0.25725793838500977,289.9223937988281,0.2454514503479004,261.7408752441406,-0.30704981088638306,0.8506115674972534,0.18897175788879395,0.0,0.0,12.232967376708984,-0.011806488037109375
22.460603713989258,-0.5077651143074036,0.8592958450317383,0.002660304307937622,0.037032488733530045,0.37505435943603516,268.7153625488281,0.38385701179504395,262.0575866699219,-0.45548197627067566,0.8251017928123474,0.20873713493347168,0.0,0.0,12.232967376708984,0.008802652359008789
22.461103439331055,-0.6223281025886536,0.7819425463676453,-0.010230320505797863,0.016565870493650436,0.5094113349914551,268.7153625488281,0.5235373973846436,262.4212951660156,-0.5803903341293335,0.7247105240821838,0.2401719093322754,0.0,0.0,12.232967376708984,0.014126062393188477
22.46160316467285,-0.7155314087867737,0.6944994926452637,-0.010230320505797863,0.03331128507852554,0.615328311920166,246.72418212890625,0.6623156070709229,262.7393798828125,-0.6350827813148499,0.6873917579650879,0.1718144416809082,0.0,0.0,12.232967376708984,0.046987295150756836
22.46210479736328,-0.7951427102088928,0.6036933064460754,-0.011841648258268833,0.000750759441871196,0.7389378547668457,246.72418212890625,0.800600528717041,263.02978515625,-0.7169997096061707,0.64967942237854,0.12217020988464355,0.0,0.0,12.232967376708984,0.06166267395019531
22.462604522705078,-0.8689290881156921,0.4960712194442749,0.013939601369202137,0.017496172338724136,0.9036030769348145,279.18450927734375,0.9370858669281006,263.23895263671875,-0.8158469200134277,0.5311989784240723,0.1448802947998047,0.0,0.0,12.232967376708984,0.03348278999328613
22.463104248046875,-0.9252395033836365,0.3783591091632843,-0.0021736801136285067,0.028659777715802193,1.0431952476501465,279.18450927734375,1.074636697769165,263.488037109375,-0.8932290077209473,0.5001559257507324,0.07382059097290039,0.0,0.0,12.232967376708984,0.031441450119018555
22.463603973388672,-0.970870316028595,0.23206020891666412,-0.015064304694533348,0.011914366856217384,1.1969022750854492,290.21258544921875,1.2126591205596924,263.75201416015625,-0.9012316465377808,0.2587048411369324,0.16718006134033203,0.0,0.0,12.232967376708984,0.015756845474243164
22.46410369873047,-0.9912586212158203,0.10257737338542938,-0.027954930439591408,-0.0085522485896945,1.3420090675354004,290.21258544921875,1.3496897220611572,263.9682922363281,-0.9278863668441772,0.24426500499248505,0.05187082290649414,0.0,0.0,12.232967376708984,0.007680654525756836
22.464603424072266,-0.9970839619636536,-0.045402891933918,-0.04245688393712044,-0.02436736226081848,1.4729900360107422,279.18450927734375,1.4850618839263916,264.11083984375,-0.9455066323280334,0.04244963079690933,0.12941312789916992,0.0,0.0,12.232967376708984,0.012071847915649414
22.465103149414062,-0.9883461594581604,-0.18161241710186005,0.013939601369202137,0.013774968683719635,1.6125807762145996,279.18450927734375,1.6213204860687256,264.287353515625,-0.9314306974411011,-0.05356445536017418,0.09538125991821289,0.0,0.0,12.232967376708984,0.008739709854125977
22.465604782104492,-0.9601908326148987,-0.311095654964447,-0.03601156920194626,-0.015064352191984653,1.6971526145935059,236.23304748535156,1.75864577293396,264.5050964355469,-0.9804233312606812,-0.2418493628501892,0.1427321434020996,0.0,0.0,12.232967376708984,0.0614931583404541
22.46610450744629,-0.9048514366149902,-0.4203992784023285,-0.03278891369700432,-0.031809765845537186,1.8152689933776855,236.23304748535156,1.8942615985870361,264.6463623046875,-0.8830921053886414,-0.28200602531433105,0.07412958145141602,0.0,0.0,12.232967376708984,0.07899260520935059
22.466604232788086,-0.8388323187828064,-0.534747838973999,-0.016675632447004318,-0.03553096577525139,2.015615940093994,300.6602478027344,2.029912233352661,264.78619384765625,-0.8249697089195251,-0.40900975465774536,0.08975934982299805,0.0,0.0,12.232967376708984,0.014296293258666992
22.467103958129883,-0.747570276260376,-0.6524595022201538,-0.031177585944533348,-0.029018862172961235,2.1659464836120605,300.6602478027344,2.1651718616485596,264.90673828125,-0.7081655859947205,-0.5092896819114685,0.1178598403930664,0.0,0.0,12.232967376708984,-0.0007746219635009766
22.46760368347168,-0.6436872482299805,-0.7449474930763245,-0.02634360082447529,-0.028088560327887535,2.2717719078063965,265.8900146484375,2.301875352859497,265.085205078125,-0.6160889267921448,-0.5420872569084167,0.07916927337646484,0.0,0.0,12.232967376708984,0.030103445053100586
22.468103408813477,-0.5417458415031433,-0.8273458480834961,-0.027954930439591408,-0.03832187131047249,2.404716968536377,265.8900146484375,2.439929246902466,265.3167724609375,-0.5540663599967957,-0.6956756114959717,0.11799335479736328,0.0,0.0,12.232967376708984,0.03521227836608887
22.468603134155273,-0.42038699984550476,-0.8895648121833801,-0.01828696019947529,-0.04390367493033409,2.554356098175049,279.4639587402344,2.577664613723755,265.5303649902344,-0.42832884192466736,-0.7652726769447327,0.14273548126220703,0.0,0.0,12.232967376708984,0.023308515548706055
22.469104766845703,-0.3019407093524933,-0.946739137172699,-0.04084555432200432,-0.014134051278233528,2.694089412689209,279.4639587402344,2.7157723903656006,265.7548828125,-0.37298232316970825,-0.8593259453773499,0.10530805587768555,0.0,0.0,12.232967376708984,0.0216829776763916
22.4696044921875,-0.16213534772396088,-0.9736445546150208,-0.024732273072004318,-0.030879465863108635,2.8101601600646973,260.2433166503906,2.85518479347229,266.0293884277344,-0.20892173051834106,-0.857823371887207,0.13672351837158203,0.0,0.0,12.232967376708984,0.04502463340759277
22.470104217529297,-0.028155319392681122,-0.9870975017547607,-0.01828696019947529,-0.025297660380601883,2.9402832984924316,260.2433166503906,2.994860887527466,266.3094177246094,-0.06585626304149628,-0.8955041170120239,0.16273880004882812,0.0,0.0,12.232967376708984,0.05457758903503418
22.47060203552246,0.10388299822807312,-0.9803708791732788,-0.011841648258268833,-0.029018862172961235,3.0940499305725098,278.90557861328125,3.134915590286255,266.5994873046875,0.05318358540534973,-0.9055963158607483,0.1548166275024414,0.0,0.0,12.232967376708984,0.04086565971374512
22.471101760864258,0.24368838965892792,-0.9601918458938599,-0.023120945319533348,-0.024367358535528183,3.2335028648376465,278.90557861328125,-3.007732629776001,266.9037170410156,0.20390087366104126,-0.8931335210800171,0.18027877807617188,0.0,0.0,12.232967376708984,0.04194974899291992
22.471601486206055,0.371843546628952,-0.9164701104164124,-0.005396336317062378,-0.03832187131047249,3.387427806854248,290.21258544921875,-2.8673272132873535,267.19586181640625,0.3019959330558777,-0.9047973155975342,0.13748526573181152,0.0,0.0,12.232967376708984,0.028430461883544922
22.47210121154785,0.5087360143661499,-0.850888192653656,-0.015064304694533348,-0.006691646762192249,3.5325350761413574,290.21258544921875,-2.727278470993042,267.4670715332031,0.4401910603046417,-0.7891020178794861,0.1844186782836914,0.0,0.0,12.232967376708984,0.023372173309326172
22.47260284423828,0.6213570237159729,-0.7768978476524353,-0.007007664535194635,-0.0020401431247591972,3.663513660430908,279.18450927734375,-2.5873706340789795,267.72650146484375,0.5412970185279846,-0.7675674557685852,0.1498260498046875,0.0,0.0,12.232967376708984,0.03230142593383789
22.473102569580078,0.7242693305015564,-0.6793651580810547,0.0010489762062206864,-0.01971585862338543,3.803104877471924,279.18450927734375,-2.4465465545654297,268.0190124511719,0.6408498287200928,-0.6869966387748718,0.14552617073059082,0.0,0.0,12.232967376708984,0.03353404998779297
22.473602294921875,0.8097059726715088,-0.5784691572189331,0.0010489762062206864,-0.004831044934689999,3.9014334678649902,246.97091674804688,-2.306238889694214,268.28363037109375,0.7133586406707764,-0.6286036372184753,0.10294103622436523,0.0,0.0,12.232967376708984,0.07551336288452148
22.474102020263672,0.8805796504020691,-0.47589197754859924,-0.023120945319533348,-0.054136984050273895,4.024918079376221,246.97091674804688,-2.1682827472686768,268.4437561035156,0.7874441146850586,-0.5750246644020081,0.056432485580444336,0.0,0.0,12.232967376708984,0.08998441696166992
22.474599838256836,0.9310649037361145,-0.3615432381629944,0.0042716325260698795,-0.012273450382053852,4.172373294830322,265.8900146484375,-2.0296719074249268,268.62786865234375,0.8676927089691162,-0.4502565264701843,0.07001280784606934,0.0,0.0,12.232967376708984,0.08114004135131836
22.475101470947266,0.9718410968780518,-0.23037885129451752,-0.007007664535194635,-0.011343150399625301,4.30558443069458,265.8900146484375,-1.8912994861602783,268.79852294921875,0.8850034475326538,-0.27839013934135437,0.10574507713317871,0.0,0.0,12.232967376708984,0.08630132675170898
22.47559928894043,0.9912590384483337,-0.0958511084318161,0.002660304307937622,-0.0020401431247591972,4.486987590789795,305.5030517578125,-1.753321886062622,268.9487609863281,0.911786675453186,-0.1844182163476944,0.0728762149810791,0.0,0.0,12.232967376708984,0.04287576675415039
22.476099014282227,0.9941714406013489,0.04372153803706169,0.012328272685408592,0.01284466776996851,4.6397385597229,305.5030517578125,-1.61603844165802,269.0667724609375,0.9687530994415283,-0.08120230585336685,0.05148458480834961,0.0,0.0,12.232967376708984,0.027408599853515625
22.476600646972656,0.9844626784324646,0.18161241710186005,0.012328272685408592,0.05377789959311485,4.71751070022583,246.97091674804688,-1.4782373905181885,269.204345703125,0.9721910357475281,0.11699926108121872,0.117401123046875,0.0,0.0,12.232967376708984,0.08743715286254883
22.477100372314453,0.9475694298744202,0.30605074763298035,0.012328272685408592,-0.01692495495080948,4.840996265411377,246.97091674804688,-1.342306137084961,269.26019287109375,0.9019578099250793,0.15155889093875885,0.027821779251098633,0.0,0.0,12.232967376708984,0.0998830795288086
22.47760009765625,0.8951427340507507,0.4237624406814575,0.020384913310408592,0.02307797595858574,5.005747318267822,279.18450927734375,-1.2051485776901245,269.3663330078125,0.8624400496482849,0.2782934606075287,0.03639101982116699,0.0,0.0,12.232967376708984,0.07228946685791016
22.478099822998047,0.8291231989860535,0.5448374152183533,0.015550929121673107,-0.011343150399625301,5.145339488983154,279.18450927734375,-1.0684006214141846,269.4533386230469,0.8111670613288879,0.4293478727340698,0.07450699806213379,0.0,0.0,12.232967376708984,0.06944513320922852
22.478599548339844,0.7378616333007812,0.6423699259757996,0.015550929121673107,0.037032485008239746,5.280725955963135,276.1165771484375,-0.9312553405761719,269.5547790527344,0.7369240522384644,0.46639618277549744,0.014592885971069336,0.0,0.0,12.232967376708984,0.07120418548583984
22.47909927368164,0.644658088684082,0.7432659268379211,0.0332755371928215,0.04354459047317505,5.419060230255127,276.1165771484375,-0.7943012714385986,269.6463623046875,0.6519384980201721,0.6271330118179321,0.07969164848327637,0.0,0.0,12.232967376708984,0.0698237419128418
22.479598999023438,0.5378623008728027,0.8206194043159485,0.018773585557937622,0.02586887776851654,5.547408580780029,268.4466247558594,-0.6572525501251221,269.7398376464844,0.5677798986434937,0.6847701668739319,0.05509352684020996,0.0,0.0,12.232967376708984,0.07852411270141602
22.480100631713867,0.41844531893730164,0.8794749975204468,0.012328272685408592,0.02586887776851654,5.681631565093994,268.4466247558594,-0.5194110870361328,269.8647155761719,0.46696969866752625,0.7241794466972351,0.03675436973571777,0.0,0.0,12.232967376708984,0.08214282989501953
22.480600357055664,0.294173926115036,0.9332861304283142,0.009105616249144077,0.029590079560875893,5.842627048492432,290.21258544921875,-0.3815300464630127,269.9887390136719,0.34487566351890564,0.8511081337928772,0.08686590194702148,0.0,0.0,12.232967376708984,0.05902814865112305
22.48110008239746,0.15436816215515137,0.9669181108474731,0.007494288496673107,0.02121737413108349,5.987732410430908,290.21258544921875,-0.24250340461730957,270.158447265625,0.17930905520915985,0.8666297793388367,0.12903475761413574,0.0,0.0,12.232967376708984,0.05294942855834961
22.481599807739258,0.01650509424507618,0.9803708791732788,0.0010489762062206864,0.030520379543304443,6.095946788787842,260.2433166503906,-0.10285663604736328,270.3505554199219,0.04588381573557854,0.90276700258255,0.14275217056274414,0.0,0.0,12.232967376708984,0.0843820571899414
22.482099533081055,-0.10582470893859863,0.9736445546150208,-0.0005623519537039101,0.029590079560875893,6.22606897354126,260.2433166503906,0.036571502685546875,270.5293273925781,-0.0356132797896862,0.910764753818512,0.09304046630859375,0.0,0.0,12.232967376708984,0.0936880111694336
22.48259925842285,-0.2417466789484024,0.9501022100448608,0.002660304307937622,-0.005761345382779837,0.1107635498046875,289.9223937988281,0.17629289627075195,270.7167053222656,-0.15805019438266754,0.899226188659668,0.08826422691345215,0.0,0.0,12.232967376708984,0.06552934646606445
22.48310089111328,-0.37961021065711975,0.9063808917999268,0.00588296027854085,0.007262864150106907,0.2560148239135742,289.9223937988281,0.3165738582611084,270.9235534667969,-0.30818819999694824,0.8578206300735474,0.11910367012023926,0.0,0.0,12.232967376708984,0.06055903434753418
22.483600616455078,-0.5067943930625916,0.8475247025489807,-0.005396336317062378,-0.004831044934689999,0.3869304656982422,279.18450927734375,0.4566004276275635,271.1153259277344,-0.4433458149433136,0.8274053931236267,0.1261589527130127,0.0,0.0,12.232967376708984,0.06966996192932129
22.484100341796875,-0.6330076456069946,0.7634451389312744,-0.007007664535194635,0.02400827594101429,0.5265226364135742,279.18450927734375,0.597550630569458,271.3421936035156,-0.5908284783363342,0.6869812607765198,0.20400476455688477,0.0,0.0,12.232967376708984,0.07102799415588379
22.484600067138672,-0.722327709197998,0.6760020852088928,-0.010230320505797863,0.029590079560875893,0.6386051177978516,257.7087707519531,0.737238883972168,271.51092529296875,-0.6276856064796448,0.6931130886077881,0.08950471878051758,0.0,0.0,12.232967376708984,0.0986337661743164
22.48509979248047,-0.802909791469574,0.5767878293991089,-0.015064304694533348,0.011914366856217384,0.7674589157104492,257.7087707519531,0.876990556716919,271.67877197265625,-0.705727756023407,0.5987537503242493,0.08109140396118164,0.0,0.0,12.232967376708984,0.10953164100646973
22.485599517822266,-0.8708707690238953,0.4658026099205017,-0.013452976942062378,0.009123465046286583,0.923823356628418,279.18450927734375,1.0151898860931396,271.77777099609375,-0.7896693348884583,0.5405820608139038,0.04606151580810547,0.0,0.0,12.232967376708984,0.09136652946472168
22.486099243164062,-0.9300938248634338,0.34304603934288025,-0.011841648258268833,0.002611360978335142,1.0634164810180664,279.18450927734375,1.1536238193511963,271.8846130371094,-0.8650023937225342,0.4154142737388611,0.06029558181762695,0.0,0.0,12.232967376708984,0.09020733833312988
22.486600875854492,-0.9650449752807617,0.2085178792476654,-0.005396336317062378,0.010053765028715134,1.2167644500732422,289.9223937988281,1.291677713394165,271.9732360839844,-0.8639986515045166,0.29539650678634644,0.040472984313964844,0.0,0.0,12.232967376708984,0.07491326332092285
22.48710060119629,-0.9786374568939209,0.07735326141119003,-0.03278891369700432,-0.00948254857212305,1.3617258071899414,289.9223937988281,1.4293978214263916,272.04583740234375,-0.902797281742096,0.25262168049812317,-0.040970802307128906,0.0,0.0,12.232967376708984,0.0676720142364502
22.487598419189453,-0.9912586212158203,-0.06894522905349731,-0.005396336317062378,0.006332563702017069,1.4926519393920898,279.18450927734375,1.5667240619659424,272.10076904296875,-0.9410547018051147,0.02978155016899109,0.06336402893066406,0.0,0.0,12.232967376708984,0.07407212257385254
22.48809814453125,-0.9572781920433044,-0.19506536424160004,-0.03601156920194626,-0.03180976212024689,1.6322450637817383,279.18450927734375,1.7038118839263916,272.14410400390625,-0.9016972780227661,-0.004125052131712437,-0.037921905517578125,0.0,0.0,12.232967376708984,0.07156682014465332
22.488597869873047,-0.9398026466369629,-0.326229989528656,-0.02634360082447529,-0.028088560327887535,1.7309188842773438,247.21812438964844,1.8400952816009521,272.1531982421875,-0.9499524235725403,-0.22150491178035736,0.050675392150878906,0.0,0.0,12.232967376708984,0.1091763973236084
22.489097595214844,-0.8708707690238953,-0.43217048048973083,-0.029566258192062378,-0.03553096577525139,1.8545293807983398,247.21812438964844,1.9762871265411377,272.15789794921875,-0.8210628032684326,-0.22690781950950623,-0.045369625091552734,0.0,0.0,12.232967376708984,0.12175774574279785
22.48959732055664,-0.8155310750007629,-0.5482003688812256,-0.01828696019947529,-0.01971585489809513,2.032841682434082,289.9223937988281,2.11330246925354,272.1974792480469,-0.8098159432411194,-0.4405793249607086,0.046647071838378906,0.0,0.0,12.232967376708984,0.08046078681945801
22.490097045898438,-0.7320363521575928,-0.6524595022201538,-0.031177585944533348,-0.03832187131047249,2.1778030395507812,289.9223937988281,2.24944806098938,272.1993713378906,-0.7698582410812378,-0.5217353105545044,0.0076808929443359375,0.0,0.0,12.232967376708984,0.07164502143859863
22.490598678588867,-0.6203861832618713,-0.7449472546577454,-0.03601156920194626,-0.03739156946539879,2.2919797897338867,265.8900146484375,2.386145830154419,272.2244567871094,-0.6086837649345398,-0.5642764568328857,0.023007869720458984,0.0,0.0,12.232967376708984,0.09416604042053223
22.491098403930664,-0.5145612359046936,-0.8206192255020142,-0.019898289814591408,-0.01878555677831173,2.424923896789551,265.8900146484375,2.5232431888580322,272.2659912109375,-0.4926513731479645,-0.6651993989944458,0.07190608978271484,0.0,0.0,12.232967376708984,0.09831929206848145
22.491596221923828,-0.4029111862182617,-0.8828385472297668,-0.005396336317062378,-0.0085522485896945,2.573955535888672,279.18450927734375,2.6615684032440186,272.35809326171875,-0.40928393602371216,-0.73748379945755,0.06438922882080078,0.0,0.0,12.232967376708984,0.08761286735534668
22.492095947265625,-0.2786400318145752,-0.9231967329978943,-0.008618992753326893,-0.01971585489809513,2.713547706604004,279.18450927734375,2.7999460697174072,272.4504699707031,-0.32521599531173706,-0.8095620274543762,0.050650596618652344,0.0,0.0,12.232967376708984,0.08639836311340332
22.492595672607422,-0.14660122990608215,-0.9568284749984741,-0.005396336317062378,-0.01785525493323803,2.8437585830688477,271.5582275390625,2.9388554096221924,272.5633850097656,-0.17760641872882843,-0.8872674703598022,0.09639644622802734,0.0,0.0,12.232967376708984,0.09509682655334473
22.49309539794922,-0.018446797505021095,-0.9635552167892456,-0.007007664535194635,-0.04111277312040329,2.979538917541504,271.5582275390625,3.078352212905884,272.6985168457031,-0.09777773171663284,-0.9112973213195801,0.04741477966308594,0.0,0.0,12.232967376708984,0.09881329536437988
22.493595123291016,0.1135915219783783,-0.9635552167892456,0.0010489762062206864,-0.004831044934689999,3.125086784362793,279.18450927734375,-3.0655527114868164,272.82171630859375,0.04529750347137451,-0.9259390830993652,0.06401276588439941,0.0,0.0,12.232967376708984,0.09254598617553711
22.494096755981445,0.24951374530792236,-0.9366495013237,-0.007007664535194635,-0.01692495495080948,3.264678955078125,279.18450927734375,-2.9268040657043457,272.9200439453125,0.17598497867584229,-0.8982610106468201,0.06990671157836914,0.0,0.0,12.232967376708984,0.09170246124267578
22.494596481323242,0.3776686489582062,-0.8895648121833801,0.018773585557937622,-0.054136984050273895,3.404271125793457,279.18450927734375,-2.7870781421661377,273.0572509765625,0.30450546741485596,-0.8789822459220886,0.07025146484375,0.0,0.0,12.232967376708984,0.09183645248413086
22.49509620666504,0.4970855414867401,-0.8307088017463684,0.010716944932937622,-0.014134053140878677,3.5438642501831055,279.18450927734375,-2.648566484451294,273.1407165527344,0.41102495789527893,-0.8245682120323181,0.060662031173706055,0.0,0.0,12.232967376708984,0.09075498580932617
22.495595932006836,0.6067936420440674,-0.7550370693206787,-0.0037850080989301205,0.010984065942466259,3.6556882858276367,257.7087707519531,-2.5093085765838623,273.2536926269531,0.5169201493263245,-0.7265520095825195,0.0774698257446289,0.0,0.0,12.232967376708984,0.11818838119506836
22.496095657348633,0.6951429843902588,-0.6760018467903137,0.002660304307937622,0.003541660960763693,3.7847986221313477,257.7087707519531,-2.3704850673675537,273.345947265625,0.5964688062667847,-0.7284272909164429,0.0061223506927490234,0.0,0.0,12.232967376708984,0.12790155410766602
22.49659538269043,0.7844633460044861,-0.5751060247421265,-0.0037850080989301205,-0.024367358535528183,3.963137626647949,296.5696105957031,-2.2324535846710205,273.40283203125,0.6872201561927795,-0.6481982469558716,-0.0034461021423339844,0.0,0.0,12.232967376708984,0.08759450912475586
22.497095108032227,0.8611622452735901,-0.46243926882743835,-0.0037850080989301205,-0.005761346314102411,4.111424446105957,296.5696105957031,-2.094900131225586,273.43841552734375,0.7918083071708679,-0.5638137459754944,-0.0035758018493652344,0.0,0.0,12.232967376708984,0.07686090469360352
22.497596740722656,0.9232978224754333,-0.3346377909183502,0.013939601369202137,0.004471961874514818,4.199006080627441,247.21812438964844,-1.9566824436187744,273.5014343261719,0.8866248726844788,-0.38392317295074463,0.06866192817687988,0.0,0.0,12.232967376708984,0.12749719619750977
22.498096466064453,0.9524237513542175,-0.21692611277103424,0.03488686680793762,0.02400827780365944,4.322613716125488,247.21812438964844,-1.8199059963226318,273.5024719238281,0.8988159894943237,-0.2946297228336334,0.023578166961669922,0.0,0.0,12.232967376708984,0.14066553115844727
22.49859619140625,0.963103711605072,-0.08407973498106003,0.030052881687879562,0.017496172338724136,4.517577171325684,305.18145751953125,-1.684116244316101,273.4620666503906,0.8619222044944763,-0.20032966136932373,-0.024031400680541992,0.0,0.0,12.232967376708984,0.08149194717407227
22.499095916748047,0.9679576754570007,0.04876644164323807,0.018773585557937622,0.03145068138837814,4.670166969299316,305.18145751953125,-1.5484446287155151,273.41766357421875,0.923064649105072,-0.09642677754163742,-0.03548455238342285,0.0,0.0,12.232967376708984,0.06457376480102539
22.499595642089844,0.9524239897727966,0.1765677034854889,-0.010230320505797863,0.03331128507852554,4.734198570251465,236.23304748535156,-1.4133423566818237,273.3503112792969,0.8945978283882141,0.0158366858959198,-0.04887843132019043,0.0,0.0,12.232967376708984,0.13564443588256836
22.50009536743164,0.9262107014656067,0.2892344892024994,0.018773585557937622,0.001681059948168695,4.852551460266113,236.23304748535156,-1.2787857055664062,273.2611999511719,0.8936017155647278,0.10173136740922928,-0.08797287940979004,0.0,0.0,12.232967376708984,0.15184831619262695
22.500595092773438,0.8786374926567078,0.4119912385940552,0.026830226182937622,0.02307797595858574,5.039153099060059,289.9223937988281,-1.1425496339797974,273.2447509765625,0.8486791849136353,0.2903277277946472,-0.007620334625244141,0.0,0.0,12.232967376708984,0.10148286819458008
22.501096725463867,0.8106765747070312,0.5297031402587891,0.018773585557937622,0.02772947959601879,5.184115409851074,289.9223937988281,-1.0063140392303467,273.2286071777344,0.8082892298698425,0.41732552647590637,0.003177642822265625,0.0,0.0,12.232967376708984,0.09275579452514648
22.501596450805664,0.722327470779419,0.6356436014175415,0.03649819269776344,0.030520381405949593,5.315690040588379,279.4639587402344,-0.8702881336212158,273.2040100097656,0.7195508480072021,0.49529069662094116,-0.006652355194091797,0.0,0.0,12.232967376708984,0.09720754623413086
22.50209617614746,0.6339783668518066,0.7281315922737122,0.030052881687879562,0.04540519043803215,5.455422401428223,279.4639587402344,-0.7337610721588135,273.2009582519531,0.670630156993866,0.6301093697547913,0.008285045623779297,0.0,0.0,12.232967376708984,0.09400224685668945
22.502595901489258,0.5194159746170044,0.8054846525192261,0.020384913310408592,0.032380979508161545,5.594796180725098,279.18450927734375,-0.5967247486114502,273.21954345703125,0.5364730358123779,0.6890896558761597,0.02636265754699707,0.0,0.0,12.232967376708984,0.09166479110717773
22.503095626831055,0.412619948387146,0.8727487325668335,0.0332755371928215,0.05098699778318405,5.734387397766113,279.18450927734375,-0.45973801612854004,273.23541259765625,0.5023999214172363,0.8135298490524292,-0.0024595260620117188,0.0,0.0,12.232967376708984,0.08906030654907227
22.50359535217285,0.27863967418670654,0.91310715675354,0.020384913310408592,0.04354459047317505,5.846470832824707,257.7087707519531,-0.32216882705688477,273.2754821777344,0.33306559920310974,0.7799124121665955,0.009653568267822266,0.0,0.0,12.232967376708984,0.11454582214355469
22.50409507751465,0.16019339859485626,0.946739137172699,0.00588296027854085,0.003541660960763693,5.975325584411621,257.7087707519531,-0.18384766578674316,273.3461608886719,0.23373699188232422,0.851818323135376,0.007149219512939453,0.0,0.0,12.232967376708984,0.12401247024536133
22.504594802856445,0.026213372126221657,0.9568284749984741,-0.007007664535194635,0.03145068138837814,6.131768226623535,279.4639587402344,-0.045525550842285156,273.41558837890625,0.09076302498579025,0.8676513433456421,0.032534122467041016,0.0,0.0,12.232967376708984,0.10589170455932617
22.505094528198242,-0.10970836132764816,0.9568284749984741,0.009105616249144077,0.00726286368444562,6.271500587463379,279.4639587402344,0.09261775016784668,273.4762268066406,-0.07871918380260468,0.8823574781417847,0.08784985542297363,0.0,0.0,12.232967376708984,0.10430288314819336
22.50559425354004,-0.23786340653896332,0.9299232959747314,-0.013452976942062378,0.038893088698387146,0.12768888473510742,279.18450927734375,0.2307569980621338,273.53497314453125,-0.17433272302150726,0.8967660069465637,0.05261039733886719,0.0,0.0,12.232967376708984,0.10306811332702637
22.506093978881836,-0.3621346652507782,0.8895648121833801,-0.013452976942062378,0.009123465046286583,0.26728010177612305,279.18450927734375,0.36812520027160645,273.5600891113281,-0.26351606845855713,0.8515169024467468,0.023239850997924805,0.0,0.0,12.232967376708984,0.1008450984954834
22.506593704223633,-0.4864061772823334,0.8357534408569336,-0.005396336317062378,0.02679917775094509,0.40723180770874023,279.4639587402344,0.5057704448699951,273.5964660644531,-0.4270527958869934,0.8428465723991394,0.054595947265625,0.0,0.0,12.232967376708984,0.09853863716125488
22.50709342956543,-0.5941725373268127,0.7567184567451477,-0.010230320505797863,0.02214767411351204,0.5469622611999512,279.4639587402344,0.6423892974853516,273.5887451171875,-0.47284775972366333,0.7659009695053101,0.0018742084503173828,0.0,0.0,12.232967376708984,0.09542703628540039
22.507593154907227,-0.6873763203620911,0.6827282905578613,0.007494288496673107,-0.0011098425602540374,0.644721508026123,246.72418212890625,0.77903151512146,273.5824279785156,-0.6211696267127991,0.7149964570999146,0.027532577514648438,0.0,0.0,12.232967376708984,0.13431000709533691
22.508094787597656,-0.7679584622383118,0.5835138559341431,-0.005396336317062378,0.017496170476078987,0.7680850028991699,246.72418212890625,0.9154961109161377,273.5686340332031,-0.6625342965126038,0.6089892387390137,0.0031533241271972656,0.0,0.0,12.232967376708984,0.14741110801696777
22.50859260559082,-0.8320359587669373,0.47925513982772827,-0.016675632447004318,0.010984065942466259,0.9464945793151855,289.9223937988281,1.051403284072876,273.5316162109375,-0.7285111546516418,0.5516446828842163,-0.037732601165771484,0.0,0.0,12.232967376708984,0.10490870475769043
22.509092330932617,-0.8922300338745117,0.3615434467792511,-0.008618992753326893,-0.004831044934689999,1.0914530754089355,289.9223937988281,1.186922311782837,273.479248046875,-0.8260175585746765,0.44575342535972595,-0.0199432373046875,0.0,0.0,12.232967376708984,0.09546923637390137
22.509592056274414,-0.9281521439552307,0.23206020891666412,-0.023120945319533348,-0.0039007440209388733,1.223029613494873,279.4639587402344,1.322500467300415,273.43048095703125,-0.8362091183662415,0.34246230125427246,-0.049509525299072266,0.0,0.0,12.232967376708984,0.09947085380554199
22.51009178161621,-0.9485403895378113,0.10930405557155609,-0.03278891369700432,-0.026227960363030434,1.3627619743347168,279.4639587402344,1.4577672481536865,273.3695373535156,-0.8982251882553101,0.2636050879955292,-0.08168506622314453,0.0,0.0,12.232967376708984,0.09500527381896973
22.510591506958008,-0.9533948302268982,-0.020179204642772675,-0.024732273072004318,-0.029018862172961235,1.4471144676208496,236.23304748535156,1.5917003154754639,273.25396728515625,-0.871418833732605,0.10979919135570526,-0.055428504943847656,0.0,0.0,12.232967376708984,0.14458584785461426
22.511091232299805,-0.9465987086296082,-0.13284596800804138,-0.023120945319533348,-0.01878555677831173,1.5652308464050293,236.23304748535156,1.725764513015747,273.1463928222656,-0.8970644474029541,-0.0075839306227862835,-0.05573606491088867,0.0,0.0,12.232967376708984,0.16053366661071777
22.511592864990234,-0.9232978224754333,-0.25392118096351624,-0.03278891369700432,-0.013203751295804977,1.752124309539795,289.9223937988281,1.8588488101959229,272.9996643066406,-0.8984969258308411,-0.14404217898845673,-0.03828859329223633,0.0,0.0,12.232967376708984,0.10672450065612793
22.51209259033203,-0.8728125095367432,-0.37499597668647766,-0.021509617567062378,-0.025297660380601883,1.8970847129821777,289.9223937988281,1.9929611682891846,272.89910888671875,-0.8546197414398193,-0.22828999161720276,-0.07050085067749023,0.0,0.0,12.232967376708984,0.09587645530700684
22.512592315673828,-0.8087350726127625,-0.49270808696746826,-0.029566258192062378,-0.026227962225675583,2.028010845184326,279.18450927734375,2.1262271404266357,272.7652282714844,-0.78709876537323,-0.3400188386440277,-0.05700826644897461,0.0,0.0,12.232967376708984,0.09821629524230957
22.513092041015625,-0.7378613948822021,-0.602011501789093,-0.02634360082447529,-0.03367036581039429,2.1676039695739746,279.18450927734375,2.2603447437286377,272.6700134277344,-0.7496502995491028,-0.49869540333747864,-0.011732101440429688,0.0,0.0,12.232967376708984,0.09274077415466309
22.513591766357422,-0.6456286907196045,-0.6877729892730713,-0.0021736801136285067,-0.03460066765546799,2.290177822113037,265.8900146484375,2.394948720932007,272.59716796875,-0.656714141368866,-0.5415092706680298,-0.0439610481262207,0.0,0.0,12.232967376708984,0.10477089881896973
22.51409149169922,-0.5466002225875854,-0.7718531489372253,-0.029566258192062378,-0.03925217315554619,2.423123836517334,265.8900146484375,2.5304524898529053,272.56402587890625,-0.560011088848114,-0.6714668273925781,0.006848335266113281,0.0,0.0,12.232967376708984,0.10732865333557129
22.514591217041016,-0.43592098355293274,-0.8357537388801575,-0.015064304694533348,-0.030879465863108635,2.5727648735046387,279.4639587402344,2.6663334369659424,272.5472106933594,-0.4620184004306793,-0.702915370464325,-0.015475273132324219,0.0,0.0,12.232967376708984,0.09356856346130371
22.515092849731445,-0.3194163143634796,-0.8929277658462524,-0.023120945319533348,-0.028088560327887535,2.7124953269958496,279.4639587402344,2.8027727603912354,272.55419921875,-0.375206857919693,-0.8207170367240906,0.0008378028869628906,0.0,0.0,12.232967376708984,0.09027743339538574
22.515592575073242,-0.19320334494113922,-0.9231967329978943,0.00588296027854085,-0.01692495495080948,2.828568935394287,260.2433166503906,2.9387848377227783,272.5430908203125,-0.24852986633777618,-0.8080151081085205,-0.004798412322998047,0.0,0.0,12.232967376708984,0.11021590232849121
22.51609230041504,-0.07087378948926926,-0.9433757662773132,-0.008618992753326893,-0.02157645858824253,2.9586901664733887,260.2433166503906,3.0764095783233643,272.6000671386719,-0.1360175758600235,-0.8838983774185181,0.0033407211303710938,0.0,0.0,12.232967376708984,0.11771941184997559
22.516592025756836,0.05728137120604515,-0.946739137172699,-0.007007664535194635,-0.01692495495080948,3.1128153800964355,279.18450927734375,-3.0706324577331543,272.5933532714844,-0.0389060415327549,-0.911594569683075,-0.02288198471069336,0.0,0.0,12.232967376708984,0.09973764419555664
22.517091751098633,0.1912613958120346,-0.9299232959747314,-0.010230320505797863,-0.015064352191984653,3.252406597137451,279.18450927734375,-2.9341795444488525,272.5999450683594,0.10869147628545761,-0.8750234842300415,0.007028341293334961,0.0,0.0,12.232967376708984,0.09659910202026367
22.51759147644043,0.3174748420715332,-0.8962910771369934,-0.0005623519537039101,-0.04855518043041229,3.3919997215270996,279.18450927734375,-2.7965586185455322,272.6553955078125,0.2344435155391693,-0.8914521336555481,0.0029935836791992188,0.0,0.0,12.232967376708984,0.09462690353393555
22.518091201782227,0.43592098355293274,-0.8458430767059326,0.020384913310408592,-0.004831045866012573,3.5315909385681152,279.18450927734375,-2.6598193645477295,272.67266845703125,0.350618839263916,-0.8579322099685669,-0.002966165542602539,0.0,0.0,12.232967376708984,0.09177541732788086
22.518592834472656,0.55242520570755,-0.7819423675537109,-0.007007664535194635,0.0054022627882659435,3.6161627769470215,236.23304748535156,-2.522620916366577,272.7091979980469,0.4942549765110016,-0.7433659434318542,0.05891060829162598,0.0,0.0,12.232967376708984,0.14440202713012695
22.519092559814453,0.629124104976654,-0.709634006023407,0.018773585557937622,0.00354166142642498,3.734279155731201,236.23304748535156,-2.387399673461914,272.6612243652344,0.49914997816085815,-0.7591539025306702,-0.08205080032348633,0.0,0.0,12.232967376708984,0.16150665283203125
22.51959228515625,0.7184439301490784,-0.6221908926963806,0.013939601369202137,-0.006691646296530962,3.9034876823425293,276.1165771484375,-2.252082347869873,272.6186218261719,0.6300143003463745,-0.664996325969696,-0.040452003479003906,0.0,0.0,12.232967376708984,0.12761545181274414
22.520092010498047,0.7970845699310303,-0.51961350440979,-0.013452976942062378,-0.03367036581039429,4.041545391082764,276.1165771484375,-2.1171231269836426,272.56182861328125,0.706669807434082,-0.5800080299377441,-0.05034041404724121,0.0,0.0,12.232967376708984,0.12451696395874023
22.52058982849121,0.8524243235588074,-0.4170359671115875,0.028441553935408592,0.014705268666148186,4.169894695281982,268.4466247558594,-1.9821399450302124,272.5069580078125,0.7804540395736694,-0.5305544137954712,-0.09529757499694824,0.0,0.0,12.232967376708984,0.1311507225036621
22.52109146118164,0.899996817111969,-0.2942796051502228,0.05422280356287956,0.009123465046286583,4.304385662078857,268.4466247558594,-1.8487075567245483,272.3886413574219,0.8408569693565369,-0.3741726577281952,-0.05021929740905762,0.0,0.0,12.232967376708984,0.13009214401245117
22.521589279174805,0.9291229844093323,-0.1698412448167801,0.018773585557937622,0.00354166142642498,4.4700026512146,294.1881103515625,-1.7161191701889038,272.23699951171875,0.8324325680732727,-0.29910898208618164,-0.10937881469726562,0.0,0.0,12.232967376708984,0.09706354141235352
22.5220890045166,0.9465985894203186,-0.03867684304714203,0.023607568815350533,0.019356772303581238,4.617095470428467,294.1881103515625,-1.583924651145935,272.07208251953125,0.8927517533302307,-0.17814530432224274,-0.09356856346130371,0.0,0.0,12.232967376708984,0.08216524124145508
22.52259063720703,0.9378607869148254,0.08744286745786667,0.025218898430466652,0.03145068511366844,4.703704357147217,246.97091674804688,-1.4516140222549438,271.91558837890625,0.8738555908203125,-0.04937659204006195,-0.08538198471069336,0.0,0.0,12.232967376708984,0.1278672218322754
22.523090362548828,0.9213560223579407,0.20347318053245544,0.018773585557937622,0.001681059948168695,4.827189922332764,246.97091674804688,-1.3199900388717651,271.7334899902344,0.8849047422409058,0.030351422727108,-0.1265087127685547,0.0,0.0,12.232967376708984,0.13600540161132812
22.523590087890625,0.8922297954559326,0.32118508219718933,0.013939601369202137,0.034241583198308945,4.978187084197998,268.4466247558594,-1.1874550580978394,271.593505859375,0.8604592084884644,0.20137421786785126,-0.0632178783416748,0.0,0.0,12.232967376708984,0.11754322052001953
22.524089813232422,0.8281523585319519,0.43217048048973083,0.018773585557937622,0.001681059948168695,5.1124091148376465,268.4466247558594,-1.0562050342559814,271.4024353027344,0.7721563577651978,0.23908379673957825,-0.12441182136535645,0.0,0.0,12.232967376708984,0.11457109451293945
22.524587631225586,0.7660165429115295,0.5397927761077881,0.023607568815350533,0.037962786853313446,5.273852825164795,289.9223937988281,-0.923652172088623,271.2701721191406,0.7653241157531738,0.3886718153953552,-0.08721232414245605,0.0,0.0,12.232967376708984,0.08568048477172852
22.525089263916016,0.6834926009178162,0.6490963697433472,0.021996241062879562,-0.013203751295804977,5.419105052947998,289.9223937988281,-0.7908275127410889,271.1522216796875,0.6788837909698486,0.5020244717597961,-0.053105831146240234,0.0,0.0,12.232967376708984,0.07325315475463867
22.52558708190918,0.5815512537956238,0.7314945459365845,0.0413321778178215,0.06680210679769516,5.533016204833984,265.8900146484375,-0.6578969955444336,271.0408935546875,0.6093496084213257,0.590370237827301,-0.05323171615600586,0.0,0.0,12.232967376708984,0.09227228164672852
22.52608871459961,0.4864060580730438,0.8021215200424194,0.028441553935408592,0.035171885043382645,5.665960311889648,265.8900146484375,-0.5252268314361572,270.9210205078125,0.5624566078186035,0.6832116842269897,-0.07357048988342285,0.0,0.0,12.232967376708984,0.09199857711791992
22.526588439941406,0.371843546628952,0.8626591563224792,0.002660304307937622,0.04447489231824875,5.802051544189453,268.4466247558594,-0.39134764671325684,270.8547058105469,0.4134370684623718,0.7621437907218933,-0.015509366989135742,0.0,0.0,12.232967376708984,0.08978605270385742
22.527088165283203,0.2475719004869461,0.9063808917999268,0.007494288496673107,0.004471961874514818,5.936273574829102,268.4466247558594,-0.2563323974609375,270.8376159667969,0.2671423554420471,0.7704284191131592,0.012856721878051758,0.0,0.0,12.232967376708984,0.09057950973510742
22.527587890625,0.12718380987644196,0.9299232959747314,0.026830226182937622,0.039823390543460846,6.0607452392578125,260.5178527832031,-0.12182116508483887,270.7993469238281,0.19987210631370544,0.8244538903236389,-0.025898218154907227,0.0,0.0,12.232967376708984,0.10061883926391602
22.528087615966797,0.002912799594923854,0.9433757662773132,0.013939601369202137,-0.006691646296530962,6.191005706787109,260.5178527832031,0.013924121856689453,270.8139343261719,0.04626323655247688,0.8506801724433899,0.022072792053222656,0.0,0.0,12.232967376708984,0.10610389709472656
22.528587341308594,-0.11941688507795334,0.9265599250793457,0.0010489762062206864,0.036102186888456345,0.06200456619262695,279.18450927734375,0.1487441062927246,270.78900146484375,-0.024929950013756752,0.8614683747291565,-0.029711008071899414,0.0,0.0,12.232967376708984,0.08673954010009766
22.52908706665039,-0.2475719004869461,0.91310715675354,0.002660304307937622,0.010984066873788834,0.2015976905822754,279.18450927734375,0.2832067012786865,270.74969482421875,-0.19780685007572174,0.8678892254829407,0.031226634979248047,0.0,0.0,12.232967376708984,0.08160901069641113
22.52958869934082,-0.3601929247379303,0.866022527217865,0.00588296027854085,0.04633549600839615,0.2858891487121582,236.23304748535156,0.4191286563873291,270.7727355957031,-0.2710314095020294,0.8517544865608215,-0.020922183990478516,0.0,0.0,12.232967376708984,0.1332395076751709
22.530088424682617,-0.46116340160369873,0.8223007321357727,-0.015064304694533348,0.008193164132535458,0.4040055274963379,236.23304748535156,0.553394079208374,270.7255859375,-0.3911390006542206,0.8444974422454834,-0.02956700325012207,0.0,0.0,12.232967376708984,0.14938855171203613
22.530588150024414,-0.5601924061775208,0.7483108639717102,-0.011841648258268833,0.000750759441871196,0.5771431922912598,279.18450927734375,0.6869034767150879,270.6477966308594,-0.47239282727241516,0.7479490637779236,-0.033544063568115234,0.0,0.0,12.232967376708984,0.10976028442382812
22.53108787536621,-0.6485413908958435,0.6692755818367004,-0.016675632447004318,0.003541660960763693,0.7167363166809082,279.18450927734375,0.8195657730102539,270.535888671875,-0.5393896698951721,0.7338684797286987,-0.09599637985229492,0.0,0.0,12.232967376708984,0.1028294563293457
22.531587600708008,-0.7398033738136292,0.5784693360328674,0.007494288496673107,-0.0029704435728490353,0.8425736427307129,268.4466247558594,0.9509828090667725,270.3740234375,-0.664461612701416,0.6352785229682922,-0.05326986312866211,0.0,0.0,12.232967376708984,0.10840916633605957
22.532087326049805,-0.8038806319236755,0.4742102324962616,-0.019898289814591408,-0.007621947675943375,0.976799488067627,268.4466247558594,1.0840976238250732,270.286865234375,-0.7226856350898743,0.5411799550056458,-0.06628131866455078,0.0,0.0,12.232967376708984,0.10729813575744629
22.5325870513916,-0.8524242043495178,0.3632248342037201,-0.029566258192062378,-0.007621947210282087,1.1110177040100098,268.4466247558594,1.2145764827728271,270.0906982421875,-0.728949248790741,0.46519985795021057,-0.12231779098510742,0.0,0.0,12.232967376708984,0.10355877876281738
22.53308868408203,-0.9009678363800049,0.25223982334136963,-0.03278891369700432,-0.00948254857212305,1.2452435493469238,268.4466247558594,1.3457777500152588,269.9291687011719,-0.8550365567207336,0.34145838022232056,-0.06525945663452148,0.0,0.0,12.232967376708984,0.10053420066833496
22.533588409423828,-0.9126184582710266,0.13789087533950806,-0.024732273072004318,-0.014134051278233528,1.337965488433838,236.23304748535156,1.476325273513794,269.743408203125,-0.8226564526557922,0.2796456515789032,-0.14392852783203125,0.0,0.0,12.232967376708984,0.13835978507995605
22.534088134765625,-0.9232978224754333,0.031950369477272034,-0.03278891369700432,-0.01878555677831173,1.4563164710998535,236.23304748535156,1.6056363582611084,269.509765625,-0.8667876124382019,0.18232420086860657,-0.1530013084411621,0.0,0.0,12.232967376708984,0.14931988716125488
22.534587860107422,-0.9145600199699402,-0.08744307607412338,-0.005396336317062378,-0.0085522485896945,1.6295342445373535,279.4639587402344,1.735546350479126,269.30621337890625,-0.837131679058075,0.04791422188282013,-0.13274621963500977,0.0,0.0,12.232967376708984,0.10601210594177246
22.53508758544922,-0.8922297954559326,-0.21356278657913208,-0.027954930439591408,-0.03646127134561539,1.7692666053771973,279.4639587402344,1.865027666091919,269.0888977050781,-0.8216637969017029,-0.09660718590021133,-0.08790063858032227,0.0,0.0,12.232967376708984,0.09576106071472168
22.535587310791016,-0.8514532446861267,-0.3178219497203827,-0.03601156920194626,-0.029949164018034935,1.8948845863342285,268.4466247558594,1.9940526485443115,268.8568115234375,-0.8400108814239502,-0.11585082113742828,-0.1974477767944336,0.0,0.0,12.232967376708984,0.09916806221008301
22.536087036132812,-0.7999972701072693,-0.43385180830955505,-0.019898289814591408,-0.028088564053177834,2.0291104316711426,268.4466247558594,2.1235663890838623,268.6503601074219,-0.7687581777572632,-0.2849957048892975,-0.10869503021240234,0.0,0.0,12.232967376708984,0.09445595741271973
22.536588668823242,-0.7407743334770203,-0.5297031402587891,-0.016675632447004318,-0.03739156946539879,2.1495766639709473,257.7087707519531,2.2533867359161377,268.4609375,-0.7525726556777954,-0.3886415958404541,-0.11693286895751953,0.0,0.0,12.232967376708984,0.10381007194519043
22.53708839416504,-0.6621336936950684,-0.6255538463592529,-0.024732273072004318,-0.029018862172961235,2.2784314155578613,257.7087707519531,2.3827507495880127,268.2564697265625,-0.6604597568511963,-0.49263840913772583,-0.08204078674316406,0.0,0.0,12.232967376708984,0.10431933403015137
22.537586212158203,-0.5776679515838623,-0.704589307308197,-0.03601156920194626,-0.02250675857067108,2.4175000190734863,265.8900146484375,2.5126917362213135,268.0804138183594,-0.6005339622497559,-0.5750418901443481,-0.08922672271728516,0.0,0.0,12.232967376708984,0.09519171714782715
22.5380859375,-0.4766974151134491,-0.7718527317047119,-0.019898289814591408,-0.055997584015131,2.5504441261291504,265.8900146484375,2.6442081928253174,267.97430419921875,-0.5060955286026001,-0.6656761765480042,-0.06363582611083984,0.0,0.0,12.232967376708984,0.09376406669616699
22.538585662841797,-0.3718433082103729,-0.8223007321357727,-0.013452976942062378,-0.03553096577525139,2.6337037086486816,225.49517822265625,2.7760488986968994,267.8841857910156,-0.39696910977363586,-0.7030683755874634,-0.05944681167602539,0.0,0.0,12.232967376708984,0.14234519004821777
22.539085388183594,-0.27281442284584045,-0.8626591563224792,-0.008618992753326893,-0.03460066765546799,2.7464489936828613,225.49517822265625,2.907970666885376,267.79925537109375,-0.28699252009391785,-0.7567664384841919,-0.03979206085205078,0.0,0.0,12.232967376708984,0.16152167320251465
22.53958511352539,-0.16213534772396088,-0.8929277658462524,0.0010489762062206864,-0.014134051278233528,2.929774761199951,282.8731689453125,3.039245843887329,267.68896484375,-0.16899125277996063,-0.8004940748214722,-0.016582012176513672,0.0,0.0,12.232967376708984,0.10947108268737793
22.54008674621582,-0.03980578854680061,-0.9030174016952515,0.002660304307937622,0.003541660960763693,3.07120943069458,282.8731689453125,-3.1126019954681396,267.58349609375,-0.08558833599090576,-0.795457124710083,-0.047212839126586914,0.0,0.0,12.232967376708984,0.09937429428100586
22.540586471557617,0.07864060252904892,-0.9063808917999268,-0.021509617567062378,-0.014134053140878677,3.177791118621826,255.66348266601562,-2.9811384677886963,267.48583984375,0.04505900293588638,-0.8765749335289001,-0.02005290985107422,0.0,0.0,12.232967376708984,0.12425565719604492
22.541086196899414,0.19514529407024384,-0.8828385472297668,-0.0037850080989301205,-0.031809765845537186,3.305624485015869,255.66348266601562,-2.849565029144287,267.3945007324219,0.12756237387657166,-0.8333684206008911,-0.05125617980957031,0.0,0.0,12.232967376708984,0.12799596786499023
22.541584014892578,0.30970731377601624,-0.8559326529502869,-0.0037850080989301205,-0.011343150399625301,3.424912929534912,248.9283905029297,-2.719172716140747,267.2555236816406,0.268324613571167,-0.8171131610870361,-0.016150236129760742,0.0,0.0,12.232967376708984,0.1390995979309082
22.542085647583008,0.41067788004875183,-0.8088480234146118,0.007494288496673107,-0.025297660380601883,3.5496249198913574,248.9283905029297,-2.5876810550689697,267.1656188964844,0.3540974259376526,-0.8011366724967957,-0.0489201545715332,0.0,0.0,12.232967376708984,0.14587926864624023
22.542583465576172,0.510677695274353,-0.7466292977333069,-0.005396336317062378,-0.010412848554551601,3.6988444328308105,268.4466247558594,-2.456799030303955,267.05224609375,0.43593767285346985,-0.71484375,-0.04839277267456055,0.0,0.0,12.232967376708984,0.12754201889038086
22.54308319091797,0.5999982953071594,-0.6793651580810547,0.0010489762062206864,-0.004831044934689999,3.833069324493408,268.4466247558594,-2.3266468048095703,266.91021728515625,0.5039772987365723,-0.72148597240448,-0.11676239967346191,0.0,0.0,12.232967376708984,0.12346935272216797
22.5435848236084,0.6834928393363953,-0.5952852368354797,0.013939601369202137,0.010053766891360283,3.9378180503845215,245.4369354248047,-2.197021245956421,266.7491149902344,0.5816226005554199,-0.636755645275116,-0.115997314453125,0.0,0.0,12.232967376708984,0.1483464241027832
22.544084548950195,0.7524248957633972,-0.5095239281654358,0.007494288496673107,-0.01971585489809513,4.060534954071045,245.4369354248047,-2.068058967590332,266.5636901855469,0.6754199266433716,-0.572562575340271,-0.11757445335388184,0.0,0.0,12.232967376708984,0.15459156036376953
22.544584274291992,0.8106767535209656,-0.4153544008731842,0.009105616249144077,-0.0020401431247591972,4.198361873626709,257.7087707519531,-1.939460039138794,266.36669921875,0.7577136158943176,-0.49851667881011963,-0.1250293254852295,0.0,0.0,12.232967376708984,0.14536333084106445
22.54508399963379,0.8582496047019958,-0.30605053901672363,0.025218898430466652,-0.011343149468302727,4.327216625213623,257.7087707519531,-1.8113549947738647,266.15325927734375,0.7810965180397034,-0.39336705207824707,-0.13786530494689941,0.0,0.0,12.232967376708984,0.14461374282836914
22.545583724975586,0.8970844745635986,-0.19842827320098877,0.017162257805466652,0.013774968683719635,4.469289302825928,268.4466247558594,-1.6839438676834106,265.9152526855469,0.8802294731140137,-0.26181527972221375,-0.08772158622741699,0.0,0.0,12.232967376708984,0.12995243072509766
22.546083450317383,0.9077640175819397,-0.07903503626585007,0.0332755371928215,0.030520381405949593,4.603514194488525,268.4466247558594,-1.5576132535934448,265.6366271972656,0.8580710291862488,-0.18462017178535461,-0.13717198371887207,0.0,0.0,12.232967376708984,0.12205791473388672
22.54658317565918,0.916501522064209,0.030268594622612,0.002660304307937622,0.02214767411351204,4.6995415687561035,237.6134796142578,-1.4318677186965942,265.339599609375,0.8887773752212524,-0.07707007229328156,-0.1375901699066162,0.0,0.0,12.232967376708984,0.15177631378173828
22.54708480834961,0.8999969363212585,0.13957244157791138,0.03488686680793762,0.012844668701291084,4.818345546722412,237.6134796142578,-1.3056715726852417,265.0675354003906,0.8629579544067383,-0.0022730594500899315,-0.1801908016204834,0.0,0.0,12.232967376708984,0.15916824340820312
22.547584533691406,0.8737835884094238,0.2522396147251129,0.00588296027854085,0.02586887776851654,4.976650714874268,268.4466247558594,-1.1799837350845337,264.7797546386719,0.8250254988670349,0.11646661162376404,-0.16302800178527832,0.0,0.0,12.232967376708984,0.12655115127563477
22.548084259033203,0.8310651183128357,0.36658793687820435,0.020384913310408592,0.002611360512673855,5.110875606536865,268.4466247558594,-1.054321527481079,264.4969482421875,0.788672924041748,0.21320433914661407,-0.16501116752624512,0.0,0.0,12.232967376708984,0.11798810958862305
22.548583984375,0.7776671051979065,0.4590757191181183,0.009105616249144077,0.04075368866324425,5.1900763511657715,225.49517822265625,-0.9286484718322754,264.220458984375,0.7457719445228577,0.2975326478481293,-0.1752321720123291,0.0,0.0,12.232967376708984,0.1644606590270996
22.549083709716797,0.7203858494758606,0.5515639185905457,0.028441553935408592,0.02400827780365944,5.302826404571533,225.49517822265625,-0.8032622337341309,263.9380798339844,0.7004479169845581,0.44200050830841064,-0.1171579360961914,0.0,0.0,12.232967376708984,0.17709684371948242
22.549583435058594,0.6504829525947571,0.6322805285453796,0.018773585557937622,0.02772947959601879,5.4804205894470215,276.1165771484375,-0.6763496398925781,263.7257080078125,0.668725848197937,0.557614266872406,-0.11199951171875,0.0,0.0,12.232967376708984,0.12641525268554688
22.55008316040039,0.5572798252105713,0.7062704563140869,0.021996241062879562,0.04447489231824875,5.6184773445129395,276.1165771484375,-0.5506765842437744,263.4654846191406,0.5923504829406738,0.5695052742958069,-0.16729331016540527,0.0,0.0,12.232967376708984,0.11403131484985352
22.55058479309082,0.4660177528858185,0.7768978476524353,0.012328272685408592,0.014705270528793335,5.693996906280518,225.49517822265625,-0.42423415184020996,263.2434387207031,0.48255619406700134,0.6854745745658875,-0.10186576843261719,0.0,0.0,12.232967376708984,0.16495466232299805
22.551084518432617,0.3582511246204376,0.8122113347053528,0.018773585557937622,0.03331128507852554,5.806743144989014,225.49517822265625,-0.2975766658782959,263.0345764160156,0.38606107234954834,0.6173194050788879,-0.17438268661499023,0.0,0.0,12.232967376708984,0.17886590957641602
22.551584243774414,0.26310601830482483,0.8559326529502869,0.026830226182937622,0.03238098323345184,5.95943021774292,257.96673583984375,-0.17096471786499023,262.82861328125,0.2956676483154297,0.7745075225830078,-0.10657954216003418,0.0,0.0,12.232967376708984,0.15279054641723633
22.55208396911621,0.1582520604133606,0.8828385472297668,0.010716944932937622,-0.00110984209459275,6.088411808013916,257.96673583984375,-0.04421591758728027,262.63238525390625,0.22981373965740204,0.8077987432479858,-0.14605498313903809,0.0,0.0,12.232967376708984,0.1505579948425293
22.552583694458008,0.03980603069067001,0.8929277658462524,0.0010489762062206864,0.004471961874514818,6.192342281341553,237.6134796142578,0.0826725959777832,262.4464111328125,0.07309438288211823,0.7978854179382324,-0.08694243431091309,0.0,0.0,12.232967376708984,0.17351579666137695
22.553083419799805,-0.06698989123106003,0.8929277658462524,0.012328272685408592,0.033311281353235245,0.02796459197998047,237.6134796142578,0.2096247673034668,262.2670593261719,-0.03654955327510834,0.8258357644081116,-0.07833433151245117,0.0,0.0,12.232967376708984,0.18166017532348633
22.5535831451416,-0.17961116135120392,0.8761121034622192,-0.005396336317062378,0.015635568648576736,0.18629932403564453,268.4466247558594,0.3363828659057617,262.0831604003906,-0.13218405842781067,0.8431541919708252,-0.09394025802612305,0.0,0.0,12.232967376708984,0.1500835418701172
22.55408477783203,-0.29417380690574646,0.8492064476013184,0.012328272685408592,0.016565870493650436,0.32052135467529297,268.4466247558594,0.4618847370147705,261.85040283203125,-0.23815396428108215,0.805713415145874,-0.08760237693786621,0.0,0.0,12.232967376708984,0.14136338233947754
22.554582595825195,-0.3951442241668701,0.8054846525192261,0.0042716325260698795,0.010053766891360283,0.42696571350097656,246.97091674804688,0.5881786346435547,261.6554870605469,-0.2955286502838135,0.8152030110359192,-0.15385055541992188,0.0,0.0,12.232967376708984,0.16121292114257812
22.555082321166992,-0.4990272521972656,0.7466288208961487,-0.0005623519537039101,0.007262864150106907,0.5504531860351562,246.97091674804688,0.7147953510284424,261.47869873046875,-0.42874810099601746,0.7129693031311035,-0.08661508560180664,0.0,0.0,12.232967376708984,0.16434216499328613
22.55558204650879,-0.5932018160820007,0.6776838302612305,-0.0005623519537039101,0.003541660960763693,0.7014446258544922,268.4466247558594,0.8396341800689697,261.2305908203125,-0.5103948712348938,0.6628223657608032,-0.09679555892944336,0.0,0.0,12.232967376708984,0.13818955421447754
22.556081771850586,-0.6815510392189026,0.5919219255447388,-0.013452976942062378,0.02028707228600979,0.8356704711914062,268.4466247558594,0.9670631885528564,261.09661865234375,-0.5957406163215637,0.5659373998641968,-0.0693058967590332,0.0,0.0,12.232967376708984,0.1313927173614502
22.556581497192383,-0.7553372979164124,0.5044792294502258,-0.016675632447004318,0.010984065942466259,0.9011154174804688,214.75732421875,1.0939137935638428,260.9413146972656,-0.6862977147102356,0.4935612678527832,-0.059893131256103516,0.0,0.0,12.232967376708984,0.19279837608337402
22.55708122253418,-0.8038808703422546,0.4203992784023285,-0.021509617567062378,-0.0011098425602540374,1.0084943771362305,214.75732421875,1.2200214862823486,260.7579345703125,-0.7252232432365417,0.4464666247367859,-0.11464834213256836,0.0,0.0,12.232967376708984,0.21152710914611816
22.55758285522461,-0.8504825234413147,0.326229989528656,-0.0005623519537039101,0.03145068511366844,1.1708946228027344,257.7087707519531,1.3439128398895264,260.4851379394531,-0.7900537848472595,0.4108944833278656,-0.16660261154174805,0.0,0.0,12.232967376708984,0.173018217086792
22.558082580566406,-0.8834922313690186,0.2219708114862442,-0.02634360082447529,-0.00017954103532247245,1.2997493743896484,257.7087707519531,1.4692661762237549,260.2794189453125,-0.8404228687286377,0.3147439658641815,-0.17079496383666992,0.0,0.0,12.232967376708984,0.16951680183410645
22.55858039855957,-0.905822217464447,0.10257737338542938,-0.005396336317062378,0.004471961874514818,1.4283475875854492,257.7087707519531,1.5938427448272705,260.0456237792969,-0.8541263937950134,0.16587011516094208,-0.12874603271484375,0.0,0.0,12.232967376708984,0.1654951572418213
22.55908203125,-0.9106765389442444,-0.006726261228322983,-0.027954930439591408,-0.0085522485896945,1.5574588775634766,257.7087707519531,1.718226671218872,259.80853271484375,-0.8824862837791443,0.11508666723966599,-0.19133949279785156,0.0,0.0,12.232967376708984,0.1607677936553955
22.559579849243164,-0.9087346196174622,-0.12443835288286209,-0.03278891369700432,-0.005761346314102411,1.645111083984375,225.72088623046875,1.8414313793182373,259.5270690917969,-0.8796749114990234,-0.06239045411348343,-0.11382865905761719,0.0,0.0,12.232967376708984,0.1963202953338623
22.56007957458496,-0.8854336738586426,-0.22533394396305084,-0.021509617567062378,-0.023437058553099632,1.757974624633789,225.72088623046875,1.9646551609039307,259.2521667480469,-0.848271369934082,-0.14771583676338196,-0.13563203811645508,0.0,0.0,12.232967376708984,0.2066805362701416
22.560579299926758,-0.8504822850227356,-0.3329562246799469,-0.019898289814591408,-0.005761346314102411,1.9118061065673828,257.7087707519531,2.0876567363739014,258.973876953125,-0.8138432502746582,-0.25338414311408997,-0.12927818298339844,0.0,0.0,12.232967376708984,0.17585062980651855
22.561079025268555,-0.8029099106788635,-0.4288069009780884,0.007494288496673107,-0.004831044934689999,2.040660858154297,257.7087707519531,2.209791421890259,258.6646423339844,-0.7797192335128784,-0.30018624663352966,-0.1860814094543457,0.0,0.0,12.232967376708984,0.16913056373596191
22.561580657958984,-0.7427158355712891,-0.5330660939216614,-0.019898289814591408,0.007262862753123045,2.169515609741211,257.7087707519531,2.332723379135132,258.39581298828125,-0.7167009115219116,-0.4314010441303253,-0.13455486297607422,0.0,0.0,12.232967376708984,0.1632077693939209
22.56208038330078,-0.6631046533584595,-0.6171461939811707,-0.013452976942062378,-0.031809765845537186,2.298370361328125,257.7087707519531,2.4551942348480225,258.1129455566406,-0.6596311926841736,-0.48815855383872986,-0.16196823120117188,0.0,0.0,12.232967376708984,0.15682387351989746
22.562580108642578,-0.5786388516426086,-0.6961809992790222,-0.03278891369700432,-0.028088560327887535,2.4112606048583984,245.4369354248047,2.5777828693389893,257.8413391113281,-0.5998640656471252,-0.5747393369674683,-0.15771961212158203,0.0,0.0,12.232967376708984,0.16652226448059082
22.563079833984375,-0.4932021200656891,-0.7701716423034668,-0.013452976942062378,-0.015064352191984653,2.5342235565185547,245.4369354248047,2.70210862159729,257.6484069824219,-0.5044826865196228,-0.697589099407196,-0.10120201110839844,0.0,0.0,12.232967376708984,0.16788506507873535
22.563579559326172,-0.3834937810897827,-0.8223007321357727,-0.02634360082447529,-0.04483397677540779,2.6717939376831055,257.7087707519531,2.8265836238861084,257.4657287597656,-0.386907696723938,-0.7041655778884888,-0.10205221176147461,0.0,0.0,12.232967376708984,0.15478968620300293
22.56407928466797,-0.27087274193763733,-0.8626591563224792,-0.021509617567062378,-0.04576427862048149,2.8006486892700195,257.7087707519531,2.9512860774993896,257.2962951660156,-0.28742748498916626,-0.7323940396308899,-0.09835052490234375,0.0,0.0,12.232967376708984,0.15063738822937012
22.564579010009766,-0.15825194120407104,-0.8996544480323792,-0.023120945319533348,-0.04669457674026489,2.9187021255493164,248.9283905029297,3.0765469074249268,257.1540832519531,-0.16180476546287537,-0.823763370513916,-0.04340076446533203,0.0,0.0,12.232967376708984,0.15784478187561035
22.565080642700195,-0.04563090205192566,-0.9097438454627991,-0.007007664535194635,-0.026227962225675583,3.0431671142578125,248.9283905029297,-3.0812108516693115,257.0217590332031,-0.09740001708269119,-0.8086168169975281,-0.09501194953918457,0.0,0.0,12.232967376708984,0.15880727767944336
22.565580368041992,0.07281500846147537,-0.91310715675354,-0.005396336317062378,-0.02343706041574478,3.163156509399414,245.4369354248047,-2.9559059143066406,256.88720703125,0.05879093334078789,-0.8178855180740356,-0.028449535369873047,0.0,0.0,12.232967376708984,0.1641230583190918
22.56608009338379,0.1893199235200882,-0.8962910771369934,-0.015064304694533348,-0.03832187131047249,3.2858734130859375,245.4369354248047,-2.8293440341949463,256.80816650390625,0.15587304532527924,-0.8265105485916138,-0.04044365882873535,0.0,0.0,12.232967376708984,0.1679682731628418
22.566579818725586,0.3038824498653412,-0.866022527217865,-0.023120945319533348,-0.029949164018034935,3.4407501220703125,271.5582275390625,-2.7041854858398438,256.6716003417969,0.2270250916481018,-0.7994683980941772,-0.07551050186157227,0.0,0.0,12.232967376708984,0.13824987411499023
22.567079544067383,0.4165034592151642,-0.8256641030311584,0.002660304307937622,-0.01878555677831173,3.57625675201416,271.5582275390625,-2.578709363937378,256.5515441894531,0.36560407280921936,-0.7874583601951599,-0.0429081916809082,0.0,0.0,12.232967376708984,0.1282191276550293
22.56757926940918,0.5232993960380554,-0.7651262879371643,-0.013452976942062378,-0.01692495495080948,3.652740478515625,225.26991271972656,-2.452528238296509,256.4637145996094,0.47159478068351746,-0.7084967494010925,-0.016393184661865234,0.0,0.0,12.232967376708984,0.1779170036315918
22.568078994750977,0.6048524379730225,-0.7045890688896179,0.0010489762062206864,-0.01971585862338543,3.7653770446777344,225.26991271972656,-2.3263931274414062,256.37548828125,0.5297156572341919,-0.714373767375946,-0.09211158752441406,0.0,0.0,12.232967376708984,0.19141530990600586
22.568580627441406,0.6893178820610046,-0.625554084777832,0.0010489762062206864,-0.014134051278233528,3.904125213623047,245.67091369628906,-2.2011632919311523,256.2510681152344,0.6204562187194824,-0.6185407042503357,-0.06838512420654297,0.0,0.0,12.232967376708984,0.17789697647094727
22.569080352783203,0.7592206597328186,-0.5381109714508057,-0.005396336317062378,-0.04576427489519119,4.026961326599121,245.67091369628906,-2.0760915279388428,256.1227111816406,0.685706615447998,-0.5716260075569153,-0.10471296310424805,0.0,0.0,12.232967376708984,0.18013238906860352
22.569580078125,0.8271815776824951,-0.44057831168174744,0.026830226182937622,-0.006691646762192249,4.17783260345459,268.4466247558594,-1.9505213499069214,256.01800537109375,0.8100008368492126,-0.447781503200531,-0.04013705253601074,0.0,0.0,12.232967376708984,0.1548314094543457
22.570079803466797,0.875725269317627,-0.32959288358688354,0.026830226182937622,0.0044719623401761055,4.312058448791504,268.4466247558594,-1.8263471126556396,255.85699462890625,0.8444952368736267,-0.35730183124542236,-0.05970025062561035,0.0,0.0,12.232967376708984,0.14477968215942383
22.570579528808594,0.9097056984901428,-0.21692590415477753,-0.007007664535194635,-0.007621947210282087,4.44975471496582,271.27239990234375,-1.7035982608795166,255.63914489746094,0.8455283045768738,-0.3284674286842346,-0.15318894386291504,0.0,0.0,12.232967376708984,0.12983274459838867
22.57107925415039,0.92718106508255,-0.08576150983572006,0.030052881687879562,0.02121737413108349,4.585391998291016,271.27239990234375,-1.5800195932388306,255.4609375,0.8269916772842407,-0.1718057543039322,-0.11095190048217773,0.0,0.0,12.232967376708984,0.11777400970458984
22.571577072143555,0.9388318657875061,0.031950369477272034,0.018773585557937622,0.02400827594101429,4.662449836730957,225.72088623046875,-1.4577664136886597,255.2308807373047,0.8742714524269104,-0.0418313629925251,-0.07611250877380371,0.0,0.0,12.232967376708984,0.16296911239624023
22.572078704833984,0.9291229844093323,0.13620930910110474,0.018773585557937622,-0.0020401431247591972,4.775313377380371,225.72088623046875,-1.3351553678512573,255.02053833007812,0.8829002380371094,0.010925143957138062,-0.1388719081878662,0.0,0.0,12.232967376708984,0.17271661758422852
22.57257843017578,0.9009676575660706,0.2455129474401474,0.009105616249144077,0.02586887590587139,4.9291486740112305,257.7087707519531,-1.2126935720443726,254.80816650390625,0.8236299157142639,0.10180960595607758,-0.15084099769592285,0.0,0.0,12.232967376708984,0.1413431167602539
22.573078155517578,0.8669874668121338,0.35818013548851013,0.018773585557937622,-0.0020401431247591972,5.0580034255981445,257.7087707519531,-1.0915789604187012,254.54380798339844,0.8371915817260742,0.20616981387138367,-0.15358328819274902,0.0,0.0,12.232967376708984,0.13360309600830078
22.573577880859375,0.8067934513092041,0.46243926882743835,0.028441553935408592,0.04447489231824875,5.186858177185059,257.7087707519531,-0.9697575569152832,254.31471252441406,0.7615616917610168,0.3054465353488922,-0.13542747497558594,0.0,0.0,12.232967376708984,0.1265697479248047
22.574077606201172,0.7514536380767822,0.5650163888931274,0.017162257805466652,0.02121737413108349,5.315712928771973,257.7087707519531,-0.848365306854248,254.0726318359375,0.7524682283401489,0.4534462094306946,-0.09583330154418945,0.0,0.0,12.232967376708984,0.11910724639892578
22.57457733154297,0.6708717346191406,0.6507779359817505,0.021996241062879562,0.033311281353235245,5.42884635925293,245.4369354248047,-0.7253005504608154,253.90577697753906,0.6823360323905945,0.5299584865570068,-0.1009521484375,0.0,0.0,12.232967376708984,0.12903833389282227
22.575077056884766,0.5834929347038269,0.7281314134597778,0.028441553935408592,0.035171885043382645,5.551562309265137,245.4369354248047,-0.6035363674163818,253.68763732910156,0.5926703214645386,0.5611441135406494,-0.1251692771911621,0.0,0.0,12.232967376708984,0.12808656692504883
22.575576782226562,0.48543545603752136,0.7970768809318542,0.018773585557937622,0.038893088698387146,5.6891326904296875,257.7087707519531,-0.4804534912109375,253.52972412109375,0.48559412360191345,0.6719792485237122,-0.06107664108276367,0.0,0.0,12.232967376708984,0.11359930038452148
22.57607650756836,0.37961021065711975,0.8492064476013184,0.028441553935408592,0.05005669593811035,5.817987442016602,257.7087707519531,-0.35599398612976074,253.4328155517578,0.39898020029067993,0.7130326628684998,-0.06999969482421875,0.0,0.0,12.232967376708984,0.10920381546020508
22.576576232910156,0.2669895589351654,0.8929277658462524,0.013939601369202137,0.015635570511221886,5.920716285705566,236.4695281982422,-0.23233294486999512,253.3045196533203,0.2725028693675995,0.7535145282745361,-0.030398130416870117,0.0,0.0,12.232967376708984,0.13013601303100586
22.577075958251953,0.1601935178041458,0.9198334217071533,0.020384913310408592,0.011914367787539959,6.038949966430664,236.4695281982422,-0.1074376106262207,253.23074340820312,0.1838388890028,0.8457614183425903,-0.022310733795166016,0.0,0.0,12.232967376708984,0.13679790496826172
22.57757568359375,0.04368932172656059,0.9299232959747314,0.012328272685408592,0.038893088698387146,6.200382232666016,271.5582275390625,0.01721477508544922,253.14813232421875,0.0960928350687027,0.8469732403755188,-0.046025753021240234,0.0,0.0,12.232967376708984,0.10001802444458008
22.578075408935547,-0.08446583896875381,0.9366495013237,0.018773585557937622,0.02214767597615719,0.05297422409057617,271.5582275390625,0.14285778999328613,253.1091766357422,-0.08238387852907181,0.8725742101669312,0.035767316818237305,0.0,0.0,12.232967376708984,0.08988356590270996
22.578575134277344,-0.2029118686914444,0.9097438454627991,-0.0005623519537039101,0.038893088698387146,0.12970209121704102,225.49517822265625,0.26956987380981445,253.11572265625,-0.17060720920562744,0.8415623903274536,0.014850378036499023,0.0,0.0,12.232967376708984,0.13986778259277344
22.579076766967773,-0.30582424998283386,0.8794749975204468,0.0042716325260698795,0.011914367787539959,0.2424483299255371,225.49517822265625,0.395000696182251,253.0682830810547,-0.24348735809326172,0.7973408699035645,-0.014354228973388672,0.0,0.0,12.232967376708984,0.15255236625671387
22.57957649230957,-0.41261982917785645,0.8391168117523193,-0.0037850080989301205,0.04819609597325325,0.4099888801574707,268.4466247558594,0.5205001831054688,253.0247039794922,-0.3630354106426239,0.8206649422645569,-0.019782543182373047,0.0,0.0,12.232967376708984,0.11051130294799805
22.580076217651367,-0.5184447765350342,0.7735347151756287,-0.007007664535194635,0.02400827594101429,0.5442137718200684,268.4466247558594,0.6474161148071289,253.04141235351562,-0.4382983148097992,0.7355030179023743,-0.02579522132873535,0.0,0.0,12.232967376708984,0.10320234298706055
22.580575942993164,-0.6174737811088562,0.6961812376976013,0.002660304307937622,0.04075368866324425,0.650611400604248,246.72418212890625,0.7734112739562988,253.01927185058594,-0.5356037616729736,0.6780605912208557,-0.020632266998291016,0.0,0.0,12.232967376708984,0.12279987335205078
22.58107566833496,-0.6961141228675842,0.6205093860626221,-0.007007664535194635,0.03145068138837814,0.7739720344543457,246.72418212890625,0.8996822834014893,253.00918579101562,-0.6315886378288269,0.6498015522956848,-0.04437565803527832,0.0,0.0,12.232967376708984,0.12571024894714355
22.581575393676758,-0.7825215458869934,0.5179319977760315,-0.013452976942062378,0.012844666838645935,0.9254841804504395,268.7153625488281,1.026787519454956,253.0347137451172,-0.7648811340332031,0.4741038978099823,0.07375240325927734,0.0,0.0,12.232967376708984,0.1013033390045166
22.582075119018555,-0.8398027420043945,0.4119912385940552,-0.008618992753326893,0.010053766891360283,1.0598435401916504,268.7153625488281,1.1528551578521729,253.01571655273438,-0.7584258317947388,0.4385964870452881,-0.022152423858642578,0.0,0.0,12.232967376708984,0.09301161766052246
22.582576751708984,-0.8873755931854248,0.309413880109787,-0.013452976942062378,0.012844666838645935,1.1388335227966309,225.49517822265625,1.2783606052398682,252.9735870361328,-0.8230541944503784,0.3755485415458679,-0.05155467987060547,0.0,0.0,12.232967376708984,0.1395270824432373
22.58307647705078,-0.9184433817863464,0.20851829648017883,-0.021509617567062378,0.013774968683719635,1.2515835762023926,225.49517822265625,1.4031999111175537,252.9042510986328,-0.8741213083267212,0.30894196033477783,-0.08822917938232422,0.0,0.0,12.232967376708984,0.15161633491516113
22.583576202392578,-0.9407735466957092,0.08912485092878342,-0.01828696019947529,0.010053765028715134,1.4053387641906738,257.7087707519531,1.527221441268921,252.8022003173828,-0.8930738568305969,0.14050909876823425,-0.02835845947265625,0.0,0.0,12.232967376708984,0.12188267707824707
22.584075927734375,-0.9427153468132019,-0.0252241101115942,-0.03440024331212044,-0.004831045866012573,1.5344500541687012,257.7087707519531,1.6517736911773682,252.72434997558594,-0.9038294553756714,0.07263589650392532,-0.07728099822998047,0.0,0.0,12.232967376708984,0.11732363700866699
22.584575653076172,-0.9300940632820129,-0.1547069400548935,-0.023120945319533348,0.007262862753123045,1.6767897605895996,268.4466247558594,1.7748796939849854,252.58761596679688,-0.8600704669952393,-0.08572521060705185,-0.020659446716308594,0.0,0.0,12.232967376708984,0.09808993339538574
22.58507537841797,-0.9048511981964111,-0.2724186182022095,-0.019898289814591408,-0.0020401431247591972,1.811011791229248,268.4466247558594,1.8990442752838135,252.49794006347656,-0.8670268654823303,-0.17249242961406708,-0.047928810119628906,0.0,0.0,12.232967376708984,0.08803248405456543
22.585575103759766,-0.861162006855011,-0.3884485065937042,-0.016675632447004318,0.003541660960763693,1.9180636405944824,247.21812438964844,2.022794008255005,252.392822265625,-0.8070095181465149,-0.2754686772823334,-0.03911590576171875,0.0,0.0,12.232967376708984,0.10473036766052246
22.586076736450195,-0.8019389510154724,-0.48430004715919495,-0.021509617567062378,-0.023437058553099632,2.041675090789795,247.21812438964844,2.1464121341705322,252.28414916992188,-0.7687000632286072,-0.3125289976596832,-0.10583782196044922,0.0,0.0,12.232967376708984,0.1047370433807373
22.586576461791992,-0.7359198927879333,-0.5851958394050598,-0.05695883557200432,-0.01971585489809513,2.151210308074951,236.23304748535156,2.270366907119751,252.19232177734375,-0.7191585898399353,-0.46764087677001953,-0.039141178131103516,0.0,0.0,12.232967376708984,0.1191565990447998
22.58707618713379,-0.6669880747795105,-0.6709571480751038,-0.027954930439591408,-0.03460066765546799,2.269326686859131,236.23304748535156,2.394923448562622,252.1273956298828,-0.6546418070793152,-0.5696701407432556,-0.02410888671875,0.0,0.0,12.232967376708984,0.1255967617034912
22.587574005126953,-0.5776678323745728,-0.7449474930763245,-0.024732273072004318,-0.012273450382053852,2.39898943901062,245.4369354248047,2.520280599594116,252.0977325439453,-0.5645254850387573,-0.6367607712745667,-0.020107746124267578,0.0,0.0,12.232967376708984,0.1212911605834961
22.588075637817383,-0.4786392152309418,-0.8088482618331909,-0.029566258192062378,-0.028088560327887535,2.5219528675079346,245.4369354248047,2.6454756259918213,252.06187438964844,-0.4711834490299225,-0.7085313200950623,-0.006777763366699219,0.0,0.0,12.232967376708984,0.12352275848388672
22.588573455810547,-0.3718433082103729,-0.8626591563224792,-0.019898289814591408,-0.0020401431247591972,2.672727346420288,268.4466247558594,2.771219491958618,252.04974365234375,-0.3699839413166046,-0.7396199107170105,-0.009514808654785156,0.0,0.0,12.232967376708984,0.09849214553833008
22.589073181152344,-0.2553388476371765,-0.9063808917999268,-0.03278891369700432,-0.01878555677831173,2.8069510459899902,268.4466247558594,2.897306203842163,252.0523681640625,-0.2753031551837921,-0.8212371468544006,0.004837989807128906,0.0,0.0,12.232967376708984,0.09035515785217285
22.589574813842773,-0.12330076843500137,-0.9366495013237,-0.024732273072004318,-0.014134051278233528,2.9450032711029053,271.5582275390625,3.0244734287261963,252.10043334960938,-0.10940729081630707,-0.8462367057800293,0.07285404205322266,0.0,0.0,12.232967376708984,0.07947015762329102
22.59007453918457,0.0009709736332297325,-0.9433757662773132,-0.024732273072004318,-0.010412848554551601,3.080782413482666,271.5582275390625,-3.1311511993408203,252.16387939453125,-0.0380934476852417,-0.8465874791145325,0.028737545013427734,0.0,0.0,12.232967376708984,0.07125186920166016
22.590574264526367,0.13300929963588715,-0.9400123953819275,-0.024732273072004318,-0.030879465863108635,3.1961989402770996,255.66348266601562,-3.003566026687622,252.2269744873047,0.09794842451810837,-0.8848764896392822,0.05649852752685547,0.0,0.0,12.232967376708984,0.0834202766418457
22.591073989868164,0.2533973753452301,-0.9198334217071533,-0.016675632447004318,-0.03925217315554619,3.324030637741089,255.66348266601562,-2.874829053878784,252.33731079101562,0.20944638550281525,-0.8718511462211609,0.05330657958984375,0.0,0.0,12.232967376708984,0.08432579040527344
22.59157371520996,0.3718433082103729,-0.8761121034622192,-0.016675632447004318,-0.026227962225675583,3.443572759628296,248.9283905029297,-2.7472755908966064,252.39541625976562,0.2893792986869812,-0.8214819431304932,0.028595924377441406,0.0,0.0,12.232967376708984,0.09233713150024414
22.592073440551758,0.48931872844696045,-0.8307088017463684,-0.007007664535194635,-0.026227962225675583,3.5680365562438965,248.9283905029297,-2.6185905933380127,252.49990844726562,0.4451669752597809,-0.8024844527244568,0.06789088249206543,0.0,0.0,12.232967376708984,0.0965580940246582
22.592571258544922,0.5961146354675293,-0.7600815892219543,-0.03278891369700432,-0.01692495495080948,3.7031681537628174,257.4513244628906,-2.4891772270202637,252.63304138183594,0.5347013473510742,-0.6945233941078186,0.08823990821838379,0.0,0.0,12.232967376708984,0.09083986282348633
22.59307289123535,0.6873762011528015,-0.6827282905578613,-0.019898289814591408,-0.02250675857067108,3.8318943977355957,257.4513244628906,-2.3598971366882324,252.7574005126953,0.613734781742096,-0.6887443661689758,0.03052687644958496,0.0,0.0,12.232967376708984,0.09139394760131836
22.59357261657715,0.7737838625907898,-0.5868774056434631,-0.0037850080989301205,-0.01878555677831173,3.9586446285247803,255.90719604492188,-2.230842351913452,252.86973571777344,0.7077654600143433,-0.5950073599815369,0.045435428619384766,0.0,0.0,12.232967376708984,0.09369850158691406
22.594072341918945,0.8436863422393799,-0.48598161339759827,-0.0037850080989301205,-0.04297337308526039,4.0865983963012695,255.90719604492188,-2.101855516433716,252.976806640625,0.7736334204673767,-0.5372165441513062,0.008427858352661133,0.0,0.0,12.232967376708984,0.09473180770874023
22.594572067260742,0.9048513770103455,-0.37331441044807434,0.009105616249144077,-0.0039007447194308043,4.216768264770508,257.7087707519531,-1.9724477529525757,253.09939575195312,0.8669025301933289,-0.4051731824874878,0.048979997634887695,0.0,0.0,12.232967376708984,0.09396934509277344
22.59507179260254,0.9495112895965576,-0.25560274720191956,0.002660304307937622,-0.01692495308816433,4.345623016357422,257.7087707519531,-1.8462775945663452,253.08343505859375,0.896934449672699,-0.3140347898006439,0.02312755584716797,0.0,0.0,12.232967376708984,0.09128475189208984
22.595571517944336,0.9728121161460876,-0.13452774286270142,0.009105616249144077,-0.0039007447194308043,4.463345527648926,248.66635131835938,-1.7198877334594727,253.07705688476562,0.9124091863632202,-0.18709124624729156,0.03130316734313965,0.0,0.0,12.232967376708984,0.09995222091674805
22.596071243286133,0.982520580291748,-0.010089602321386337,0.018773585557937622,0.001681059948168695,4.587679386138916,248.66635131835938,-1.5919463634490967,253.13607788085938,0.9343934655189514,-0.05193013325333595,0.05018973350524902,0.0,0.0,12.232967376708984,0.10355997085571289
22.596572875976562,0.9776663184165955,0.11266697198152542,-0.0005623519537039101,-0.0020401431247591972,4.750827312469482,279.18450927734375,-1.4646928310394287,253.16482543945312,0.9629395008087158,0.018566062673926353,-0.002476930618286133,0.0,0.0,12.232967376708984,0.06766557693481445
22.59707260131836,0.9485402703285217,0.2438315898180008,0.03810952231287956,0.029590079560875893,4.890419960021973,279.18450927734375,-1.338401436805725,253.15261840820312,0.9277881979942322,0.1340569108724594,-0.004561662673950195,0.0,0.0,12.232967376708984,0.05436420440673828
22.597572326660156,0.9116473197937012,0.36826974153518677,0.030052881687879562,0.017496172338724136,4.975337028503418,236.4695281982422,-1.2117667198181152,253.1552276611328,0.8878993391990662,0.2596340775489807,0.00984954833984375,0.0,0.0,12.232967376708984,0.09608173370361328
22.598072052001953,0.8543660640716553,0.4742104411125183,0.028441553935408592,0.018426472321152687,5.093570709228516,236.4695281982422,-1.084575891494751,253.18101501464844,0.8184540867805481,0.3484147787094116,0.0006082057952880859,0.0,0.0,12.232967376708984,0.10503911972045898
22.59857177734375,0.7951429486274719,0.5767878293991089,0.013939601369202137,0.013774968683719635,5.252769470214844,268.4466247558594,-0.9580051898956299,253.18014526367188,0.7994603514671326,0.45148956775665283,-0.014395952224731445,0.0,0.0,12.232967376708984,0.07241106033325195
22.599071502685547,0.7097061276435852,0.6844098567962646,0.020384913310408592,0.004471961874514818,5.386991500854492,268.4466247558594,-0.8312785625457764,253.18600463867188,0.6940675377845764,0.5932619571685791,0.05231833457946777,0.0,0.0,12.232967376708984,0.06491518020629883
22.599571228027344,0.6155316829681396,0.766808032989502,0.012328272685408592,0.014705270528793335,5.504839897155762,255.66348266601562,-0.7036850452423096,253.22796630859375,0.6244428753852844,0.6596478223800659,0.030202150344848633,0.0,0.0,12.232967376708984,0.0746607780456543
22.600072860717773,0.510677695274353,0.840798556804657,0.028441553935408592,0.02400827780365944,5.632671356201172,255.66348266601562,-0.5743095874786377,253.34410095214844,0.5291405320167542,0.7445305585861206,0.04102587699890137,0.0,0.0,12.232967376708984,0.07620477676391602
22.60057258605957,0.39126095175743103,0.9030174016952515,0.021996241062879562,0.02028707228600979,5.775970935821533,268.4466247558594,-0.44589924812316895,253.4171905517578,0.3970915973186493,0.782799482345581,0.06114983558654785,0.0,0.0,12.232967376708984,0.061315059661865234
22.601072311401367,0.27281466126441956,0.946739137172699,0.0332755371928215,0.013774968683719635,5.910463333129883,268.4466247558594,-0.3162221908569336,253.5419158935547,0.3396943509578705,0.8703067898750305,0.028696298599243164,0.0,0.0,12.232967376708984,0.05649995803833008
22.601572036743164,0.13300929963588715,0.9736445546150208,0.025218898430466652,0.03145068511366844,6.034327983856201,260.2433166503906,-0.18589448928833008,253.6915283203125,0.14947915077209473,0.8611443042755127,0.09897279739379883,0.0,0.0,12.232967376708984,0.06296300888061523
22.60207176208496,0.01456290390342474,0.9870975017547607,0.018773585557937622,0.00354166142642498,6.164449691772461,260.2433166503906,-0.05472755432128906,253.873046875,0.08752623945474625,0.9353061318397522,0.04620647430419922,0.0,0.0,12.232967376708984,0.06400823593139648
22.602571487426758,-0.13106746971607208,0.9770079255104065,0.00588296027854085,0.038893088698387146,0.022238492965698242,268.7153625488281,0.07726335525512695,254.08578491210938,-0.1214301660656929,0.8870745897293091,0.14404702186584473,0.0,0.0,12.232967376708984,0.05502486228942871
22.603071212768555,-0.26698943972587585,0.9534655809402466,0.013939601369202137,0.015635570511221886,0.15659570693969727,268.7153625488281,0.20929217338562012,254.29519653320312,-0.2390153408050537,0.8627508282661438,0.146315336227417,0.0,0.0,12.232967376708984,0.05269646644592285
22.603572845458984,-0.39902761578559875,0.9097438454627991,0.020384913310408592,0.019356774166226387,0.30437445640563965,279.18450927734375,0.34242820739746094,254.5469207763672,-0.36023133993148804,0.8311070203781128,0.15202021598815918,0.0,0.0,12.232967376708984,0.03805375099182129
22.60407257080078,-0.5232991576194763,0.8391168117523193,-0.0037850080989301205,0.04075368866324425,0.4439671039581299,279.18450927734375,0.47536706924438477,254.7849578857422,-0.4367876946926117,0.7566006779670715,0.133652925491333,0.0,0.0,12.232967376708984,0.03139996528625488
22.604570388793945,-0.6368909478187561,0.7634449005126953,0.0010489762062206864,0.028659777715802193,0.5829238891601562,278.90557861328125,0.6080098152160645,255.00558471679688,-0.5617479681968689,0.7265506982803345,0.1356956958770752,0.0,0.0,12.232967376708984,0.025085926055908203
22.605072021484375,-0.7465992569923401,0.667593777179718,-0.019898289814591408,0.03145068511366844,0.7226550579071045,278.90557861328125,0.7417895793914795,255.26950073242188,-0.7027177214622498,0.624977171421051,0.18794035911560059,0.0,0.0,12.232967376708984,0.019134521484375
22.60556983947754,-0.8339775204658508,0.5633348822593689,0.010716944932937622,0.017496172338724136,0.8212687969207764,247.21812438964844,0.8760454654693604,255.5476837158203,-0.7570858001708984,0.5484395027160645,0.1536250114440918,0.0,0.0,12.232967376708984,0.054776668548583984
22.606069564819336,-0.9009678363800049,0.4540310204029083,-0.007007664535194635,0.02214767411351204,0.944878101348877,247.21812438964844,1.009497880935669,255.7863006591797,-0.8244994878768921,0.4778456687927246,0.12178564071655273,0.0,0.0,12.232967376708984,0.06461977958679199
22.606569290161133,-0.9601908326148987,0.33127444982528687,-0.016675632447004318,0.009123465046286583,1.0956809520721436,268.4466247558594,1.140631914138794,255.9224090576172,-0.8831114172935486,0.34172752499580383,0.14684152603149414,0.0,0.0,12.232967376708984,0.04495096206665039
22.60706901550293,-0.9873752593994141,0.21692633628845215,-0.03440024331212044,-0.04204307124018669,1.229902982711792,268.4466247558594,1.2726099491119385,256.0909729003906,-0.9276503324508667,0.2998185455799103,0.0712122917175293,0.0,0.0,12.232967376708984,0.042706966400146484
22.60757064819336,-1.01164710521698,0.07399012893438339,-0.02634360082447529,-0.00017954103532247245,1.3778836727142334,279.18450927734375,1.4035961627960205,256.2148132324219,-0.9388158321380615,0.1399996280670166,0.10498046875,0.0,0.0,12.232967376708984,0.02571249008178711
22.608070373535156,-1.01164710521698,-0.060537610203027725,-0.04084555432200432,-0.010412849485874176,1.51747465133667,279.18450927734375,1.5356786251068115,256.3816223144531,-0.9589700698852539,0.06490994244813919,0.053185462951660156,0.0,0.0,12.232967376708984,0.0182039737701416
22.60856819152832,-0.9893169403076172,-0.2001098394393921,-0.03278891369700432,-0.0020401431247591972,1.6567869186401367,279.18450927734375,1.6677320003509521,256.5438232421875,-0.940807580947876,-0.04681861773133278,0.038431644439697266,0.0,0.0,12.232967376708984,0.01094508171081543
22.60906982421875,-0.9601908326148987,-0.3380011320114136,-0.031177585944533348,-0.04018247127532959,1.7966582775115967,279.18450927734375,1.7989747524261475,256.6687316894531,-0.9296325445175171,-0.22920194268226624,0.09949302673339844,0.0,0.0,12.232967376708984,0.0023164749145507812
22.609567642211914,-0.9097055792808533,-0.4658021926879883,-0.04245688393712044,-0.01878555677831173,1.8950550556182861,247.21812438964844,1.9310662746429443,256.82672119140625,-0.8927848935127258,-0.36477890610694885,0.11366844177246094,0.0,0.0,12.232967376708984,0.0360112190246582
22.61006736755371,-0.8320358395576477,-0.5666980147361755,-0.029566258192062378,-0.024367358535528183,2.0186643600463867,247.21812438964844,2.0621964931488037,256.94061279296875,-0.8085207343101501,-0.37634897232055664,0.029992103576660156,0.0,0.0,12.232967376708984,0.04353213310241699
22.610567092895508,-0.7543664574623108,-0.6810469627380371,-0.04245688393712044,-0.007621948141604662,2.1828653812408447,278.90557861328125,2.1945459842681885,257.1036376953125,-0.7340030074119568,-0.5618117451667786,0.11569404602050781,0.0,0.0,12.232967376708984,0.01168060302734375
22.611068725585938,-0.6485413908958435,-0.7701716423034668,-0.029566258192062378,-0.015064353123307228,2.3223178386688232,278.90557861328125,2.327739953994751,257.29852294921875,-0.6265977621078491,-0.5962721705436707,0.08977127075195312,0.0,0.0,12.232967376708984,0.005422115325927734
22.611568450927734,-0.5359205603599548,-0.8508879542350769,-0.027954930439591408,-0.029018862172961235,2.445434808731079,266.1434631347656,2.4615509510040283,257.51544189453125,-0.5284064412117004,-0.713083028793335,0.12865972518920898,0.0,0.0,12.232967376708984,0.01611614227294922
22.61206817626953,-0.41456151008605957,-0.9164701104164124,-0.027954930439591408,-0.0569278858602047,2.5785069465637207,266.1434631347656,2.595647096633911,257.7397766113281,-0.41779202222824097,-0.7939108610153198,0.1480236053466797,0.0,0.0,12.232967376708984,0.01714015007019043
22.612567901611328,-0.2825233042240143,-0.9601918458938599,-0.03601156920194626,-0.03739156946539879,2.7412075996398926,290.21258544921875,2.7304880619049072,257.9906005859375,-0.3153843581676483,-0.8215387463569641,0.1310720443725586,0.0,0.0,12.232967376708984,-0.010719537734985352
22.613067626953125,-0.13689270615577698,-0.9904603958129883,-0.02634360082447529,-0.04483397677540779,2.8863143920898438,290.21258544921875,2.8666889667510986,258.2936706542969,-0.11708787083625793,-0.8596160411834717,0.22654151916503906,0.0,0.0,12.232967376708984,-0.019625425338745117
22.613567352294922,-0.0009707306162454188,-1.003913164138794,-0.019898289814591408,-0.03367036581039429,2.9939002990722656,259.9693603515625,3.0032217502593994,258.60382080078125,-0.050048720091581345,-0.9223823547363281,0.1710491180419922,0.0,0.0,12.232967376708984,0.009321451187133789
22.61406707763672,0.13300929963588715,-0.9971868991851807,-0.03601156920194626,-0.03925217315554619,3.123884916305542,259.9693603515625,3.140141725540161,258.92388916015625,0.07113341242074966,-0.9197493195533752,0.16560649871826172,0.0,0.0,12.232967376708984,0.01625680923461914
22.61456871032715,0.27087298035621643,-0.9669181108474731,-0.016675632447004318,-0.03739156946539879,3.278484582901001,279.18450927734375,-3.0065600872039795,259.2188720703125,0.21053174138069153,-0.8875238299369812,0.18502330780029297,0.0,0.0,12.232967376708984,-0.0018591880798339844
22.615068435668945,0.40291106700897217,-0.9231967329978943,-0.023120945319533348,-0.02064615674316883,3.4180755615234375,279.18450927734375,-2.868272542953491,259.58349609375,0.3397195041179657,-0.8683722615242004,0.18686652183532715,0.0,0.0,12.232967376708984,-0.003162860870361328
22.615568161010742,0.5320369601249695,-0.8576144576072693,-0.008618992753326893,-0.04390367493033409,3.571425199508667,289.9223937988281,-2.7306160926818848,259.9138488769531,0.4539644718170166,-0.8491801023483276,0.1672651767730713,0.0,0.0,12.232967376708984,-0.018855571746826172
22.61606788635254,0.6572791934013367,-0.7752161026000977,-0.01828696019947529,-0.03274006396532059,3.7163851261138916,289.9223937988281,-2.592412233352661,260.26025390625,0.5765892267227173,-0.7655187845230103,0.18385601043701172,0.0,0.0,12.232967376708984,-0.02561187744140625
22.616567611694336,0.7543663382530212,-0.6810469627380371,0.017162257805466652,-0.010412849485874176,3.792571783065796,236.23304748535156,-2.4540798664093018,260.6048278808594,0.6902300119400024,-0.6806133389472961,0.19254136085510254,0.0,0.0,12.232967376708984,0.03653383255004883
22.617067337036133,0.8378612995147705,-0.5835140943527222,-0.0005623519537039101,-0.02064615674316883,3.910688638687134,236.23304748535156,-2.3161211013793945,260.92669677734375,0.7870126366615295,-0.5910341739654541,0.18892717361450195,0.0,0.0,12.232967376708984,0.056375980377197266
22.61756706237793,0.905822217464447,-0.465802401304245,0.023607568815350533,-0.027158264070749283,4.118887901306152,306.796142578125,-2.1790359020233154,261.2049255371094,0.8457391262054443,-0.49380922317504883,0.167494535446167,0.0,0.0,12.232967376708984,-0.01473855972290039
22.61806869506836,0.963103711605072,-0.3329562246799469,-0.008618992753326893,-0.02157645858824253,4.272592544555664,306.796142578125,-2.042123556137085,261.4700622558594,0.8915383219718933,-0.41804999113082886,0.12048840522766113,0.0,0.0,12.232967376708984,-0.03153085708618164
22.618568420410156,1.0038801431655884,-0.19506514072418213,0.00588296027854085,0.01284466776996851,4.368426322937012,260.2433166503906,-1.9063340425491333,261.6823425292969,0.9488517045974731,-0.28067252039909363,0.13569855690002441,0.0,0.0,12.232967376708984,0.008425235748291016
22.619068145751953,1.0145598649978638,-0.05549270287156105,0.023607568815350533,0.006332562770694494,4.498547554016113,260.2433166503906,-1.7702305316925049,261.90338134765625,0.9071214199066162,-0.15850979089736938,0.11418724060058594,0.0,0.0,12.232967376708984,0.014407634735107422
22.61956787109375,1.0038799047470093,0.08071660250425339,0.05261147394776344,0.058429401367902756,4.652932167053223,279.18450927734375,-1.6348204612731934,262.0907897949219,0.9014431834220886,-0.02784530632197857,0.12098097801208496,0.0,0.0,12.232967376708984,-0.004567146301269531
22.620067596435547,0.9951421618461609,0.21019943058490753,0.013939601369202137,0.036102186888456345,4.79252290725708,279.18450927734375,-1.5002250671386719,262.2400817871094,0.9770950675010681,0.0824088305234909,0.10137462615966797,0.0,0.0,12.232967376708984,-0.009562492370605469
22.620567321777344,0.9543654918670654,0.3413642644882202,0.026830226182937622,0.015635570511221886,4.890851020812988,246.97091674804688,-1.3650223016738892,262.4117736816406,0.9276220798492432,0.20276108384132385,0.09726715087890625,0.0,0.0,12.232967376708984,0.027312278747558594
22.62106704711914,0.8999966979026794,0.45571279525756836,0.025218898430466652,0.003541662124916911,5.014337062835693,246.97091674804688,-1.2295011281967163,262.59307861328125,0.8683342337608337,0.2893769443035126,0.06816792488098145,0.0,0.0,12.232967376708984,0.039347171783447266
22.621566772460938,0.8339777588844299,0.5700611472129822,0.023607568815350533,0.02121737413108349,5.192552089691162,289.9223937988281,-1.094137191772461,262.7639465332031,0.8162588477134705,0.42418697476387024,0.09053540229797363,0.0,0.0,12.232967376708984,-0.0035037994384765625
22.622066497802734,0.7407740950584412,0.6844100952148438,0.028441553935408592,-0.00017954211216419935,5.3375139236450195,289.9223937988281,-0.9578793048858643,262.9689636230469,0.7407019138336182,0.5710373520851135,0.13202738761901855,0.0,0.0,12.232967376708984,-0.012207508087158203
22.62256622314453,0.636890709400177,0.7768978476524353,0.012328272685408592,0.02214767597615719,5.451713562011719,265.8900146484375,-0.8213486671447754,263.18096923828125,0.6372748613357544,0.6441501379013062,0.12955117225646973,0.0,0.0,12.232967376708984,0.010123252868652344
22.623065948486328,0.5262119174003601,0.8542513251304626,0.026830226182937622,0.039823390543460846,5.584658622741699,265.8900146484375,-0.6838278770446777,263.4302978515625,0.5286809206008911,0.7472550868988037,0.15651917457580566,0.0,0.0,12.232967376708984,0.014698982238769531
22.623565673828125,0.4029111862182617,0.91310715675354,0.020384913310408592,0.030520381405949593,5.747519493103027,290.21258544921875,-0.5464808940887451,263.6669921875,0.442279189825058,0.7957167029380798,0.1275653839111328,0.0,0.0,12.232967376708984,-0.010815143585205078
22.624065399169922,0.2708728611469269,0.9669181108474731,0.020384913310408592,-0.010412849485874176,5.892626762390137,290.21258544921875,-0.40799927711486816,263.9465637207031,0.3154573440551758,0.8745586276054382,0.15039753913879395,0.0,0.0,12.232967376708984,-0.017440319061279297
22.62456512451172,0.12718380987644196,0.9904603958129883,0.017162257805466652,0.039823390543460846,6.000840187072754,260.2433166503906,-0.26851654052734375,264.2622375488281,0.1763555407524109,0.88096684217453,0.15966534614562988,0.0,0.0,12.232967376708984,0.013828754425048828
22.62506675720215,-0.008737790398299694,0.9971868991851807,0.020384913310408592,0.04726579412817955,6.130963325500488,260.2433166503906,-0.1282346248626709,264.6047668457031,0.05497274175286293,0.893904447555542,0.15563321113586426,0.0,0.0,12.232967376708984,0.023987293243408203
22.625564575195312,-0.1466013491153717,0.9904603958129883,0.015550929121673107,0.038893088698387146,0.01565694808959961,289.9223937988281,0.01109004020690918,264.8997802734375,-0.0738321915268898,0.9281283020973206,0.15721583366394043,0.0,0.0,12.232967376708984,-0.00456690788269043
22.626066207885742,-0.2864067256450653,0.9601918458938599,0.0042716325260698795,0.03238098323345184,0.16090726852416992,289.9223937988281,0.15163612365722656,265.2401123046875,-0.22489595413208008,0.9268993735313416,0.17550969123840332,0.0,0.0,12.232967376708984,-0.00927114486694336
22.626564025878906,-0.4262121021747589,0.9063808917999268,0.00588296027854085,0.04447489231824875,0.2918248176574707,279.18450927734375,0.2917017936706543,265.55316162109375,-0.3551478087902069,0.8552201390266418,0.19118213653564453,0.0,0.0,12.232967376708984,-0.00012302398681640625
22.627065658569336,-0.5582503080368042,0.8391168117523193,0.0010489762062206864,0.02493857592344284,0.43169641494750977,279.18450927734375,0.43261122703552246,265.8950500488281,-0.5094364285469055,0.7674018740653992,0.24304962158203125,0.0,0.0,12.232967376708984,0.0009148120880126953
22.6275634765625,-0.6621338129043579,0.7600817680358887,0.0042716325260698795,0.02679917961359024,0.5710082054138184,279.18450927734375,0.5743110179901123,266.2628173828125,-0.5973531603813171,0.7850964069366455,0.16552019119262695,0.0,0.0,12.232967376708984,0.0033028125762939453
22.628063201904297,-0.7699005007743835,0.6541413068771362,-0.013452976942062378,0.02028707228600979,0.710599422454834,279.18450927734375,0.7143988609313965,266.55511474609375,-0.6916535496711731,0.661890983581543,0.18256473541259766,0.0,0.0,12.232967376708984,0.0037994384765625
22.628564834594727,-0.8533949851989746,0.5498821139335632,0.012328272685408592,0.03145068511366844,0.8226828575134277,257.7087707519531,0.8552298545837402,266.87255859375,-0.7792352437973022,0.5817136764526367,0.16390514373779297,0.0,0.0,12.232967376708984,0.0325469970703125
22.629064559936523,-0.9145600199699402,0.4304886758327484,-0.011841648258268833,0.017496172338724136,0.9515376091003418,257.7087707519531,0.9956624507904053,267.1664733886719,-0.8310175538063049,0.48465409874916077,0.1367473602294922,0.0,0.0,12.232967376708984,0.04412484169006348
22.62956428527832,-0.9660159945487976,0.30773213505744934,-0.013452976942062378,0.012844666838645935,1.1076226234436035,279.18450927734375,1.135329008102417,267.4221496582031,-0.9030699133872986,0.36737391352653503,0.1387939453125,0.0,0.0,12.232967376708984,0.027706384658813477
22.630064010620117,-0.9970839619636536,0.17320437729358673,-0.015064304694533348,0.019356772303581238,1.2474942207336426,279.18450927734375,1.2742893695831299,267.6424865722656,-0.9323854446411133,0.29297757148742676,0.0815730094909668,0.0,0.0,12.232967376708984,0.026795148849487305
22.630563735961914,-1.0067927837371826,0.028586819767951965,-0.024732273072004318,-0.008552247658371925,1.4005517959594727,289.9223937988281,1.412975549697876,267.846923828125,-0.929357647895813,0.12786534428596497,0.11080503463745117,0.0,0.0,12.232967376708984,0.01242375373840332
22.63106346130371,-1.0077635049819946,-0.10762227326631546,-0.007007664535194635,-0.011343150399625301,1.54551362991333,289.9223937988281,1.5515425205230713,268.0420227050781,-0.9851876497268677,-0.01387090515345335,0.12315940856933594,0.0,0.0,12.232967376708984,0.006028890609741211
22.631563186645508,-0.977666437625885,-0.24719491600990295,-0.015064304694533348,-0.03832187131047249,1.6600370407104492,266.1434631347656,1.690934419631958,268.26788330078125,-0.9545004963874817,-0.13996556401252747,0.11533117294311523,0.0,0.0,12.232967376708984,0.03089737892150879
22.632064819335938,-0.934948205947876,-0.38172268867492676,-0.04406820982694626,-0.01599465310573578,1.79310941696167,266.1434631347656,1.8285605907440186,268.4148864746094,-0.9026952385902405,-0.28580501675605774,0.13888025283813477,0.0,0.0,12.232967376708984,0.03545117378234863
22.632564544677734,-0.8679583072662354,-0.4977525472640991,-0.02634360082447529,-0.026227960363030434,1.9554524421691895,289.9223937988281,1.9665710926055908,268.5746765136719,-0.8590465188026428,-0.33664342761039734,0.06748437881469727,0.0,0.0,12.232967376708984,0.011118650436401367
22.63306427001953,-0.7893178462982178,-0.6205093860626221,-0.03762289881706238,-0.027158262208104134,2.100414752960205,289.9223937988281,2.104384660720825,268.72283935546875,-0.7745184898376465,-0.4738665819168091,0.10545730590820312,0.0,0.0,12.232967376708984,0.003969907760620117
22.633563995361328,-0.6893178820610046,-0.7197234034538269,-0.03278891369700432,-0.03367036581039429,2.2057204246520996,257.7087707519531,2.2432310581207275,268.91119384765625,-0.659705400466919,-0.5438010692596436,0.10700321197509766,0.0,0.0,12.232967376708984,0.03751063346862793
22.634063720703125,-0.5912601351737976,-0.8021216988563538,-0.021509617567062378,-0.004831044934689999,2.3345751762390137,257.7087707519531,2.3825647830963135,269.1162109375,-0.5841023921966553,-0.6517187356948853,0.1184539794921875,0.0,0.0,12.232967376708984,0.047989606857299805
22.634563446044922,-0.4864061772823334,-0.8727487325668335,0.013939601369202137,0.006332563702017069,2.4895853996276855,279.18450927734375,2.5226385593414307,269.3478698730469,-0.5317830443382263,-0.7744954228401184,0.10746192932128906,0.0,0.0,12.232967376708984,0.03305315971374512
22.63506317138672,-0.350484162569046,-0.9366495013237,-0.03278891369700432,-0.011343150399625301,2.6294569969177246,279.18450927734375,2.662853479385376,269.580810546875,-0.3712071180343628,-0.8288505673408508,0.14811229705810547,0.0,0.0,12.232967376708984,0.03339648246765137
22.63556480407715,-0.21067868173122406,-0.9736445546150208,-0.03762289881706238,-0.03832187131047249,2.7823357582092285,290.21258544921875,2.8044941425323486,269.86871337890625,-0.211045041680336,-0.8619778156280518,0.18768882751464844,0.0,0.0,12.232967376708984,0.022158384323120117
22.636064529418945,-0.07087378948926926,-0.9870975017547607,-0.008618992753326893,-0.0085522485896945,2.927443027496338,290.21258544921875,2.9467432498931885,270.176025390625,-0.11418057978153229,-0.8723220825195312,0.15536928176879883,0.0,0.0,12.232967376708984,0.019300222396850586
22.636564254760742,0.07281500846147537,-0.9870975017547607,-0.005396336317062378,-0.04018247127532959,3.0589709281921387,279.18450927734375,3.0883090496063232,270.44842529296875,0.014725098386406898,-0.9155784845352173,0.16014814376831055,0.0,0.0,12.232967376708984,0.02933812141418457
22.63706398010254,0.21844573318958282,-0.9669181108474731,-0.008618992753326893,-0.04018247127532959,3.1985630989074707,279.18450927734375,-3.053262233734131,270.7171936035156,0.17346422374248505,-0.8673285245895386,0.2001030445098877,0.0,0.0,12.232967376708984,0.03136014938354492
22.637563705444336,0.3427170217037201,-0.9366495013237,-0.010230320505797863,-0.02250675857067108,3.3120369911193848,257.96673583984375,-2.911851644515991,270.9714660644531,0.26751595735549927,-0.8927173614501953,0.15233278274536133,0.0,0.0,12.232967376708984,0.05929708480834961
22.638063430786133,0.4592216908931732,-0.8895648121833801,-0.0037850080989301205,-0.0020401431247591972,3.4410204887390137,257.96673583984375,-2.7697837352752686,271.248046875,0.397378534078598,-0.8884902000427246,0.13972091674804688,0.0,0.0,12.232967376708984,0.07238149642944336
22.638561248779297,0.5834929347038269,-0.8155747056007385,-0.0037850080989301205,-0.01878555677831173,3.595522403717041,278.90557861328125,-2.628371238708496,271.49163818359375,0.5576119422912598,-0.7929410338401794,0.19092130661010742,0.0,0.0,12.232967376708984,0.059291839599609375
22.639062881469727,0.6854342818260193,-0.7264500856399536,0.007494288496673107,-0.012273451313376427,3.7349743843078613,278.90557861328125,-2.486311912536621,271.75689697265625,0.6185928583145142,-0.725843071937561,0.14165401458740234,0.0,0.0,12.232967376708984,0.06189918518066406
22.639562606811523,0.776696503162384,-0.6289171576499939,-0.007007664535194635,0.0016810597153380513,3.875114917755127,279.4639587402344,-2.3452768325805664,271.9735107421875,0.7083935141563416,-0.670074462890625,0.10794591903686523,0.0,0.0,12.232967376708984,0.06279373168945312
22.64006233215332,0.8601915240287781,-0.5112053155899048,0.009105616249144077,-0.02064615674316883,4.014846324920654,279.4639587402344,-2.2036168575286865,272.2120666503906,0.8120934367179871,-0.5379630327224731,0.13903164863586426,0.0,0.0,12.232967376708984,0.06472253799438477
22.640562057495117,0.9252395033836365,-0.3918120563030243,0.0042716325260698795,-0.002970443805679679,4.141015529632568,268.4466247558594,-2.0635194778442383,272.37982177734375,0.8807830810546875,-0.43926936388015747,0.12135910987854004,0.0,0.0,12.232967376708984,0.07865047454833984
22.641061782836914,0.9601908326148987,-0.27073705196380615,0.00588296027854085,0.009123465046286583,4.27523946762085,268.4466247558594,-1.924147129058838,272.51336669921875,0.9031763076782227,-0.38174325227737427,0.04444408416748047,0.0,0.0,12.232967376708984,0.08379888534545898
22.64156150817871,0.989316999912262,-0.1328461766242981,0.023607568815350533,0.015635568648576736,4.4094624519348145,268.4466247558594,-1.7850056886672974,272.6348876953125,0.9472320675849915,-0.18703648447990417,0.1105649471282959,0.0,0.0,12.232967376708984,0.08871746063232422
22.642061233520508,0.9961130023002625,-0.006726471241563559,0.012328272685408592,-0.0020401431247591972,4.543686389923096,268.4466247558594,-1.646283745765686,272.7359619140625,0.9626393914222717,-0.11720931529998779,0.04539012908935547,0.0,0.0,12.232967376708984,0.0932154655456543
22.642559051513672,0.9864041209220886,0.13116461038589478,0.020384913310408592,0.019356774166226387,4.704056262969971,289.9223937988281,-1.5080134868621826,272.8159484863281,0.9693174958229065,0.027736056596040726,0.056963205337524414,0.0,0.0,12.232967376708984,0.07111597061157227
22.6430606842041,0.9504818916320801,0.2673739194869995,0.030052881687879562,0.04168399050831795,4.84901762008667,289.9223937988281,-1.3694970607757568,272.9045715332031,0.9124200940132141,0.12895573675632477,0.030161619186401367,0.0,0.0,12.232967376708984,0.06467103958129883
22.6435604095459,0.9097054600715637,0.40526479482650757,0.009105616249144077,0.02586887590587139,4.994335651397705,290.21258544921875,-1.231918454170227,272.9520263671875,0.8852256536483765,0.29683056473731995,0.07592034339904785,0.0,0.0,12.232967376708984,0.056931495666503906
22.644060134887695,0.8368906378746033,0.5246580243110657,0.023607568815350533,0.02121737413108349,5.139441967010498,290.21258544921875,-1.0939304828643799,273.0156555175781,0.8350400924682617,0.37983939051628113,0.04117536544799805,0.0,0.0,12.232967376708984,0.04981279373168945
22.644559860229492,0.7592208385467529,0.6390067934989929,0.026830226182937622,0.030520381405949593,5.231317043304443,246.97091674804688,-0.9552328586578369,273.1077575683594,0.7542597651481628,0.5216435790061951,0.08083701133728027,0.0,0.0,12.232967376708984,0.09663534164428711
22.64505958557129,0.6708715558052063,0.7314945459365845,0.010716944932937622,0.02679917775094509,5.35480260848999,246.97091674804688,-0.8162500858306885,273.20989990234375,0.6744357347488403,0.6171976327896118,0.07792496681213379,0.0,0.0,12.232967376708984,0.11213254928588867
22.645559310913086,0.5669882297515869,0.8105297684669495,0.03810952231287956,0.02400827780365944,5.531160831451416,289.9223937988281,-0.6771955490112305,273.312744140625,0.5843694806098938,0.6787773370742798,0.05770707130432129,0.0,0.0,12.232967376708984,0.0748291015625
22.646059036254883,0.44368767738342285,0.8794749975204468,0.030052881687879562,0.011914367787539959,5.676123142242432,289.9223937988281,-0.5369656085968018,273.462890625,0.4677847623825073,0.7500224113464355,0.07071852684020996,0.0,0.0,12.232967376708984,0.07009649276733398
22.646560668945312,0.3213581442832947,0.9299232959747314,0.012328272685408592,0.027729477733373642,5.807586193084717,279.18450927734375,-0.39682936668395996,273.6058349609375,0.39668750762939453,0.8305522799491882,0.04258894920349121,0.0,0.0,12.232967376708984,0.07877016067504883
22.64706039428711,0.17766910791397095,0.9601918458938599,0.012328272685408592,0.035171885043382645,5.947458744049072,279.18450927734375,-0.2563354969024658,273.7610778808594,0.24054357409477234,0.8437224626541138,0.0701150894165039,0.0,0.0,12.232967376708984,0.0793910026550293
22.647560119628906,0.04174749180674553,0.9803708791732788,0.017162257805466652,0.036102186888456345,6.100335597991943,290.21258544921875,-0.1161661148071289,273.89935302734375,0.11042635887861252,0.8836776614189148,0.08345937728881836,0.0,0.0,12.232967376708984,0.06668376922607422
22.648059844970703,-0.10582482814788818,0.9770079255104065,0.007494288496673107,0.017496170476078987,6.245441913604736,290.21258544921875,0.026006460189819336,274.1190185546875,-0.06170530617237091,0.8683659434318542,0.1368410587310791,0.0,0.0,12.232967376708984,0.06374979019165039
22.6485595703125,-0.23980498313903809,0.9568284749984741,0.023607568815350533,0.017496170476078987,0.06735038757324219,257.7087707519531,0.1672687530517578,274.2954406738281,-0.1397220641374588,0.9167650938034058,0.07568573951721191,0.0,0.0,12.232967376708984,0.09991836547851562
22.649059295654297,-0.36019304394721985,0.9231967329978943,-0.005396336317062378,0.015635568648576736,0.19620513916015625,257.7087707519531,0.3075978755950928,274.4290466308594,-0.266326904296875,0.8989089131355286,0.07218122482299805,0.0,0.0,12.232967376708984,0.11139273643493652
22.649559020996094,-0.4844644367694855,0.866022527217865,0.0010489762062206864,0.0007507590344175696,0.3518390655517578,279.4639587402344,0.44942164421081543,274.6229248046875,-0.4322985112667084,0.8294764161109924,0.12303590774536133,0.0,0.0,12.232967376708984,0.09758257865905762
22.650060653686523,-0.6009688973426819,0.7853056788444519,0.0042716325260698795,0.03424158692359924,0.4918508529663086,279.4639587402344,0.5897140502929688,274.748046875,-0.49968767166137695,0.7807983160018921,0.07142138481140137,0.0,0.0,12.232967376708984,0.09786319732666016
22.65056037902832,-0.703881025314331,0.6944992542266846,-0.007007664535194635,0.01284466776996851,0.6435413360595703,289.6327819824219,0.7305433750152588,274.89349365234375,-0.6392471194267273,0.6844119429588318,0.11281156539916992,0.0,0.0,12.232967376708984,0.08700203895568848
22.651060104370117,-0.7951428890228271,0.5902405381202698,-0.013452976942062378,-0.0001795415737433359,0.7889375686645508,289.6327819824219,0.871441125869751,275.0387268066406,-0.733829140663147,0.6136941909790039,0.09491252899169922,0.0,0.0,12.232967376708984,0.0825035572052002
22.651559829711914,-0.8747541904449463,0.4658021926879883,-0.007007664535194635,0.014705268666148186,0.9338884353637695,290.21258544921875,1.0123097896575928,275.1797180175781,-0.7986870408058167,0.4787009358406067,0.11068916320800781,0.0,0.0,12.232967376708984,0.07842135429382324
22.65205955505371,-0.9291231036186218,0.34472739696502686,-0.013452976942062378,-0.007621947210282087,1.0795745849609375,290.21258544921875,1.1525700092315674,275.2916564941406,-0.8496524691581726,0.4572347104549408,0.01632547378540039,0.0,0.0,12.232967376708984,0.07299542427062988
22.652559280395508,-0.9640743136405945,0.21019922196865082,-0.04406820982694626,-0.025297660380601883,1.1708698272705078,246.97091674804688,1.290602445602417,275.3079528808594,-0.8619968295097351,0.3120534420013428,0.024692535400390625,0.0,0.0,12.232967376708984,0.11973261833190918
22.653059005737305,-0.983491837978363,0.0958511084318161,-0.03440024331212044,-0.012273451313376427,1.2946033477783203,246.97091674804688,1.4288675785064697,275.3338317871094,-0.9341945052146912,0.23470579087734222,-0.012528419494628906,0.0,0.0,12.232967376708984,0.13426423072814941
22.653560638427734,-0.9834915995597839,-0.035313501954078674,-0.01828696019947529,0.000750759441871196,1.4707145690917969,289.9223937988281,1.566129446029663,275.3168029785156,-0.9090216755867004,0.11739500612020493,-0.03216695785522461,0.0,0.0,12.232967376708984,0.09541487693786621
22.65406036376953,-0.9698996543884277,-0.17320437729358673,-0.02634360082447529,-0.00948254857212305,1.6162567138671875,289.9223937988281,1.7046535015106201,275.3533935546875,-0.9535507559776306,-0.04865753650665283,0.00890970230102539,0.0,0.0,12.232967376708984,0.08839678764343262
22.654560089111328,-0.9339775443077087,-0.309413880109787,-0.02634360082447529,-0.013203751295804977,1.7474184036254883,279.18450927734375,1.8425934314727783,275.3645324707031,-0.913253903388977,-0.16700482368469238,0.0008254051208496094,0.0,0.0,12.232967376708984,0.09517502784729004
22.655059814453125,-0.8815502524375916,-0.43385180830955505,-0.027954930439591408,-0.04576427862048149,1.8875694274902344,279.18450927734375,1.9801795482635498,275.3603515625,-0.8513954877853394,-0.2958360016345978,0.016856670379638672,0.0,0.0,12.232967376708984,0.09261012077331543
22.65555763244629,-0.8116478323936462,-0.5482005476951599,-0.024732273072004318,-0.025297660380601883,2.0398874282836914,290.21258544921875,2.1179563999176025,275.36444091796875,-0.8245601058006287,-0.40324926376342773,-0.0005650520324707031,0.0,0.0,12.232967376708984,0.07806897163391113
22.656057357788086,-0.725240170955658,-0.6575042009353638,-0.016675632447004318,-0.015064352191984653,2.184994697570801,290.21258544921875,2.255626916885376,275.3638916015625,-0.7465457916259766,-0.4825342893600464,-0.019352436065673828,0.0,0.0,12.232967376708984,0.0706322193145752
22.656557083129883,-0.6339784860610962,-0.7550368905067444,-0.03762289881706238,-0.025297660380601883,2.2765674591064453,246.72418212890625,2.394172430038452,275.400146484375,-0.6634319424629211,-0.6624966263771057,0.053301334381103516,0.0,0.0,12.232967376708984,0.11760497093200684
22.657058715820312,-0.513590395450592,-0.8223007321357727,-0.011841648258268833,-0.014134051278233528,2.399930000305176,246.72418212890625,2.5338337421417236,275.48248291015625,-0.49158748984336853,-0.6391578912734985,0.04410743713378906,0.0,0.0,12.232967376708984,0.13390374183654785
22.65755844116211,-0.4106782376766205,-0.8794749975204468,-0.024732273072004318,-0.04204307124018669,2.5597658157348633,276.3797912597656,2.6731598377227783,275.54901123046875,-0.4476810693740845,-0.7556968331336975,0.025532245635986328,0.0,0.0,12.232967376708984,0.11339402198791504
22.65806007385254,-0.292231947183609,-0.9265599250793457,-0.005396336317062378,-0.01785525493323803,2.6985111236572266,276.3797912597656,2.8119957447052,275.5937194824219,-0.33446386456489563,-0.8411206603050232,0.043132781982421875,0.0,0.0,12.232967376708984,0.11348462104797363
22.658557891845703,-0.15630999207496643,-0.9601918458938599,-0.029566258192062378,-0.015064353123307228,2.857179641723633,294.1881103515625,2.951853036880493,275.680419921875,-0.20526431500911713,-0.9083017706871033,0.05959033966064453,0.0,0.0,12.232967376708984,0.09467339515686035
22.6590576171875,-0.02038850262761116,-0.9669181108474731,0.012328272685408592,-0.015064353123307228,3.0042724609375,294.1881103515625,3.0920488834381104,275.7793884277344,-0.09814301878213882,-0.9071798920631409,0.03380775451660156,0.0,0.0,12.232967376708984,0.08777642250061035
22.659555435180664,0.12135881930589676,-0.9635552167892456,-0.0021736801136285067,-0.027158262208104134,3.1058502197265625,257.4513244628906,-3.051300048828125,275.86126708984375,0.06028498336672783,-0.911199152469635,0.06797075271606445,0.0,0.0,12.232967376708984,0.12603521347045898
22.66006088256836,0.2417466789484024,-0.9433757662773132,-0.007007664535194635,-0.01692495495080948,3.2350902557373047,257.4513244628906,-2.9112892150878906,275.9486083984375,0.17306680977344513,-0.9524278044700623,0.0415647029876709,0.0,0.0,12.232967376708984,0.13680601119995117
22.66055679321289,0.36019280552864075,-0.8962910771369934,0.0042716325260698795,-0.030879464000463486,3.390376091003418,279.4639587402344,-2.772542715072632,275.9808349609375,0.23823358118534088,-0.9069573283195496,-0.020308971405029297,0.0,0.0,12.232967376708984,0.12026643753051758
22.661060333251953,0.4864060580730438,-0.8357537388801575,-0.0037850080989301205,-0.01692495495080948,3.530667304992676,279.4639587402344,-2.633300542831421,276.03350830078125,0.39614516496658325,-0.817590594291687,0.03502011299133301,0.0,0.0,12.232967376708984,0.1192173957824707
22.661556243896484,0.5941726565361023,-0.7634451389312744,-0.0037850080989301205,-0.011343150399625301,3.682713508605957,289.9223937988281,-2.4940638542175293,276.084716796875,0.49826064705848694,-0.7897326946258545,0.007339000701904297,0.0,0.0,12.232967376708984,0.10640811920166016
22.66205596923828,0.6990266442298889,-0.6760020852088928,-0.010230320505797863,-0.02064615674316883,3.8276758193969727,289.9223937988281,-2.3553109169006348,276.11444091796875,0.6162146329879761,-0.7443727254867554,-0.002811908721923828,0.0,0.0,12.232967376708984,0.10019874572753906
22.662555694580078,0.7854343056678772,-0.5666981935501099,-0.0037850080989301205,-0.0039007447194308043,3.959418296813965,279.18450927734375,-2.2170705795288086,276.1219177246094,0.6730902194976807,-0.6317477226257324,-0.015513420104980469,0.0,0.0,12.232967376708984,0.10669660568237305
22.663055419921875,0.8631036877632141,-0.4523496627807617,0.010716944932937622,-0.0029704435728490353,4.099011421203613,279.18450927734375,-2.0783464908599854,276.1497497558594,0.7819921374320984,-0.5271645188331604,0.006436586380004883,0.0,0.0,12.232967376708984,0.10582780838012695
22.663555145263672,0.9223268628120422,-0.33631935715675354,0.013939601369202137,0.015635570511221886,4.222237586975098,265.8900146484375,-1.9413838386535645,276.1029357910156,0.881529688835144,-0.4285443425178528,0.010129690170288086,0.0,0.0,12.232967376708984,0.11956405639648438
22.6640567779541,0.9524242281913757,-0.21019963920116425,0.03649819269776344,0.008193163201212883,4.354916572570801,265.8900146484375,-1.8047962188720703,276.04150390625,0.8893645405769348,-0.3217508792877197,-0.021240711212158203,0.0,0.0,12.232967376708984,0.12347269058227539
22.6645565032959,0.97184157371521,-0.08239837735891342,0.017162257805466652,0.02121737413108349,4.481198310852051,260.2433166503906,-1.668346881866455,275.975341796875,0.8904538750648499,-0.1940411627292633,-0.025159835815429688,0.0,0.0,12.232967376708984,0.13364028930664062
22.665056228637695,0.9747541546821594,0.04372153803706169,-0.0021736801136285067,-0.008552247658371925,4.611319541931152,260.2433166503906,-1.5318055152893066,275.9146423339844,0.8891733288764954,-0.07645511627197266,-0.03296923637390137,0.0,0.0,12.232967376708984,0.1400604248046875
22.665555953979492,0.9601907730102539,0.163114994764328,0.009105616249144077,0.04075368866324425,4.77797794342041,289.9223937988281,-1.3961163759231567,275.819091796875,0.93305903673172,0.03083142638206482,-0.049956321716308594,0.0,0.0,12.232967376708984,0.10909128189086914
22.66605567932129,0.9223270416259766,0.2959609627723694,0.017162257805466652,0.034241583198308945,4.922938346862793,289.9223937988281,-1.261436939239502,275.6834716796875,0.8937764763832092,0.13251006603240967,-0.07061219215393066,0.0,0.0,12.232967376708984,0.09881019592285156
22.666555404663086,0.8728125691413879,0.4220806658267975,0.021996241062879562,0.033311281353235245,5.054680824279785,279.18450927734375,-1.1262452602386475,275.57208251953125,0.854641318321228,0.27953746914863586,-0.03677248954772949,0.0,0.0,12.232967376708984,0.10225915908813477
22.667055130004883,0.8058224320411682,0.5381107926368713,0.020384913310408592,0.032380979508161545,5.194272041320801,279.18450927734375,-0.9905831813812256,275.48297119140625,0.8119237422943115,0.4124174118041992,-0.018513202667236328,0.0,0.0,12.232967376708984,0.09833002090454102
22.667556762695312,0.7184441089630127,0.6423699259757996,-0.013452976942062378,0.02214767411351204,5.3300886154174805,276.1165771484375,-0.853905439376831,275.4383239746094,0.6878518462181091,0.4801403880119324,-0.01578068733215332,0.0,0.0,12.232967376708984,0.09919118881225586
22.66805648803711,0.6242694854736328,0.7382212281227112,0.002660304307937622,0.018426472321152687,5.467869758605957,276.1165771484375,-0.7172389030456543,275.39434814453125,0.6256009340286255,0.6194965839385986,0.018776416778564453,0.0,0.0,12.232967376708984,0.09807682037353516
22.668556213378906,0.5194156169891357,0.8122111558914185,0.009105616249144077,0.05191729590296745,5.571537971496582,246.97091674804688,-0.5801558494567871,275.3684997558594,0.5515996217727661,0.7002668380737305,0.004731416702270508,0.0,0.0,12.232967376708984,0.13149166107177734
22.669055938720703,0.4106779992580414,0.866022527217865,0.0042716325260698795,0.03238098323345184,5.695023536682129,246.97091674804688,-0.44327449798583984,275.3348083496094,0.43645429611206055,0.7303535342216492,-0.0036487579345703125,0.0,0.0,12.232967376708984,0.14488744735717773
22.6695556640625,0.294173926115036,0.9097438454627991,0.007494288496673107,0.036102186888456345,5.856850624084473,279.4639587402344,-0.30529117584228516,275.3482360839844,0.30493274331092834,0.7837826609611511,0.026111364364624023,0.0,0.0,12.232967376708984,0.12104368209838867
22.670055389404297,0.17572765052318573,0.9433757662773132,-0.0021736801136285067,0.02121737413108349,5.9971418380737305,279.4639587402344,-0.16866350173950195,275.3042297363281,0.2542874217033386,0.8867972493171692,-0.018941164016723633,0.0,0.0,12.232967376708984,0.11738014221191406
22.670555114746094,0.03592213615775108,0.9568284749984741,0.023607568815350533,0.032380979508161545,6.166686058044434,305.18145751953125,-0.030519962310791016,275.32501220703125,0.10057920217514038,0.9010648727416992,0.011140823364257812,0.0,0.0,12.232967376708984,0.08597946166992188
22.671056747436523,-0.113591767847538,0.9501022100448608,0.018773585557937622,0.03145068138837814,0.03639554977416992,305.18145751953125,0.1081383228302002,275.3668212890625,-0.04738209769129753,0.859450101852417,0.038849592208862305,0.0,0.0,12.232967376708984,0.07174277305603027
22.671554565429688,-0.23592156171798706,0.9231967329978943,-0.0037850080989301205,0.018426472321152687,0.11708211898803711,247.21812438964844,0.24660134315490723,275.3995361328125,-0.11268863081932068,0.8940179944038391,-0.029577255249023438,0.0,0.0,12.232967376708984,0.12951922416687012
22.672056198120117,-0.36213454604148865,0.8862015008926392,0.012328272685408592,0.02214767597615719,0.24118566513061523,247.21812438964844,0.3842432498931885,275.3971862792969,-0.27256855368614197,0.8254081010818481,0.026576995849609375,0.0,0.0,12.232967376708984,0.14305758476257324
22.67255401611328,-0.46893033385276794,0.8323903679847717,-0.005396336317062378,0.010053765028715134,0.40365171432495117,279.18450927734375,0.5232818126678467,275.4535217285156,-0.37062692642211914,0.8105471134185791,-0.002642393112182617,0.0,0.0,12.232967376708984,0.11963009834289551
22.673053741455078,-0.5805806517601013,0.7600820064544678,-0.013452976942062378,0.033311281353235245,0.5432429313659668,279.18450927734375,0.6603298187255859,275.4249267578125,-0.47435447573661804,0.7906777858734131,-0.028307437896728516,0.0,0.0,12.232967376708984,0.11708688735961914
22.673553466796875,-0.6844637393951416,0.6743204593658447,-0.03278891369700432,0.016565870493650436,0.6828360557556152,279.18450927734375,0.7980301380157471,275.424560546875,-0.6259190440177917,0.6852328777313232,0.0340733528137207,0.0,0.0,12.232967376708984,0.11519408226013184
22.674053192138672,-0.763104259967804,0.5784691572189331,-0.013452976942062378,0.02028707228600979,0.8224272727966309,279.18450927734375,0.9348576068878174,275.387451171875,-0.6653627753257751,0.655388355255127,-0.050360679626464844,0.0,0.0,12.232967376708984,0.11243033409118652
22.6745548248291,-0.8456280827522278,0.4691653251647949,-0.015064304694533348,0.000750759441871196,0.9620203971862793,279.18450927734375,1.0708706378936768,275.31689453125,-0.7815304398536682,0.5304491519927979,-0.004668712615966797,0.0,0.0,12.232967376708984,0.10885024070739746
22.6750545501709,-0.896113395690918,0.3480904996395111,-0.031177585944533348,-0.008552247658371925,1.1016135215759277,279.18450927734375,1.2078235149383545,275.287353515625,-0.8260548114776611,0.41637834906578064,-0.012241840362548828,0.0,0.0,12.232967376708984,0.10620999336242676
22.675554275512695,-0.9339773058891296,0.2286974936723709,-0.024732273072004318,-0.006691646296530962,1.2147669792175293,257.7087707519531,1.3429572582244873,275.1817932128906,-0.8493480086326599,0.3517296612262726,-0.0733957290649414,0.0,0.0,12.232967376708984,0.128190279006958
22.676054000854492,-0.9650452733039856,0.10762227326631546,-0.005396336317062378,-0.02157645672559738,1.3436236381530762,257.7087707519531,1.47831130027771,275.0878601074219,-0.9343621134757996,0.19237478077411652,-0.01898813247680664,0.0,0.0,12.232967376708984,0.1346876621246338
22.676551818847656,-0.9592199325561523,-0.016816074028611183,-0.02634360082447529,-0.024367358535528183,1.4854273796081543,268.4466247558594,1.613422155380249,274.9856872558594,-0.9186959862709045,0.10145755857229233,-0.061248779296875,0.0,0.0,12.232967376708984,0.12799477577209473
22.677051544189453,-0.9543654918670654,-0.1395726501941681,-0.016675632447004318,-0.02064615674316883,1.6196513175964355,268.4466247558594,1.7475988864898682,274.8464050292969,-0.9538305997848511,-0.02328529953956604,-0.06107330322265625,0.0,0.0,12.232967376708984,0.12794756889343262
22.67755126953125,-0.9213560223579407,-0.27073684334754944,-0.0021736801136285067,-0.012273450382053852,1.7674250602722168,279.4639587402344,1.882720708847046,274.7497863769531,-0.8838372230529785,-0.1528293639421463,-0.049363136291503906,0.0,0.0,12.232967376708984,0.1152956485748291
22.678050994873047,-0.8679580688476562,-0.3901307284832001,-0.031177585944533348,-0.01785525493323803,1.9071574211120605,279.4639587402344,2.0168354511260986,274.6126708984375,-0.8311144113540649,-0.23383672535419464,-0.08061408996582031,0.0,0.0,12.232967376708984,0.10967803001403809
22.678552627563477,-0.8165020942687988,-0.5061606168746948,0.0042716325260698795,-0.03274006396532059,2.020108699798584,257.7087707519531,2.15205979347229,274.52520751953125,-0.8006613850593567,-0.4001413881778717,-0.026445388793945312,0.0,0.0,12.232967376708984,0.13195109367370605
22.679052352905273,-0.7398030757904053,-0.5986483693122864,-0.021509617567062378,-0.0029704435728490353,2.1489615440368652,257.7087707519531,2.2857778072357178,274.3762512207031,-0.7667058110237122,-0.44175249338150024,-0.1012716293334961,0.0,0.0,12.232967376708984,0.13681626319885254
22.67955207824707,-0.6504831910133362,-0.692817747592926,-0.005396336317062378,-0.03832187131047249,2.3256545066833496,296.5696105957031,2.4209539890289307,274.2917785644531,-0.6789426207542419,-0.5769553184509277,-0.054624080657958984,0.0,0.0,12.232967376708984,0.09529948234558105
22.680051803588867,-0.5339787602424622,-0.7735344767570496,-0.027954930439591408,-0.03460066765546799,2.4739394187927246,296.5696105957031,2.5563480854034424,274.2182312011719,-0.5594182014465332,-0.5998196601867676,-0.07425785064697266,0.0,0.0,12.232967376708984,0.08240866661071777
22.680551528930664,-0.4203868806362152,-0.8458430767059326,-0.010230320505797863,-0.03367036581039429,2.5633997917175293,246.97091674804688,2.692378282546997,274.1728820800781,-0.4411328136920929,-0.6896793842315674,-0.028595447540283203,0.0,0.0,12.232967376708984,0.12897849082946777
22.681053161621094,-0.3194163143634796,-0.8929277658462524,0.013939601369202137,-0.012273451313376427,2.6873793601989746,246.97091674804688,2.8284785747528076,274.1314392089844,-0.37182724475860596,-0.8015961050987244,-0.029990673065185547,0.0,0.0,12.232967376708984,0.141099214553833
22.68155288696289,-0.1912613958120346,-0.9332861304283142,-0.016675632447004318,-0.03367036581039429,2.866088390350342,294.1881103515625,2.964933156967163,274.1058654785156,-0.2289504110813141,-0.8624042868614197,0.008532524108886719,0.0,0.0,12.232967376708984,0.09884476661682129
22.68205451965332,-0.059223074465990067,-0.9501022100448608,0.020384913310408592,0.02307797595858574,3.013770580291748,294.1881103515625,3.102198839187622,274.1148376464844,-0.10979963093996048,-0.8706856369972229,0.005304813385009766,0.0,0.0,12.232967376708984,0.08842825889587402
22.682552337646484,0.0766986533999443,-0.9501022100448608,-0.016675632447004318,-0.01878555491566658,3.1021533012390137,246.97091674804688,-3.0441389083862305,274.1061706542969,0.011684710159897804,-0.8813077211380005,0.007164716720581055,0.0,0.0,12.232967376708984,0.13689327239990234
22.683053970336914,0.1912613958120346,-0.9299232959747314,-0.008618992753326893,-0.03274006396532059,3.226132869720459,246.97091674804688,-2.9067697525024414,274.11932373046875,0.08683884143829346,-0.9095328450202942,-0.04850268363952637,0.0,0.0,12.232967376708984,0.1502828598022461
22.683551788330078,0.31359121203422546,-0.8996544480323792,0.0010489762062206864,-0.012273450382053852,3.3891215324401855,279.4639587402344,-2.771016836166382,274.0643615722656,0.21993930637836456,-0.8897824883460999,-0.03708791732788086,0.0,0.0,12.232967376708984,0.1230473518371582
22.684051513671875,0.4339790344238281,-0.8492064476013184,0.009105616249144077,-0.009482549503445625,3.52913236618042,279.4639587402344,-2.635324239730835,274.0080261230469,0.338837593793869,-0.8292229175567627,-0.02716803550720215,0.0,0.0,12.232967376708984,0.1187291145324707
22.684551239013672,0.5436874032020569,-0.7836241126060486,-0.0037850080989301205,-0.01692495495080948,3.667619228363037,278.90557861328125,-2.498950958251953,273.98150634765625,0.44352397322654724,-0.8190010786056519,-0.05525660514831543,0.0,0.0,12.232967376708984,0.11661529541015625
22.6850528717041,0.6456286907196045,-0.7079524397850037,0.009105616249144077,0.003541660960763693,3.8070712089538574,278.90557861328125,-2.363595962524414,273.9126281738281,0.5726930499076843,-0.7758719325065613,-0.051084041595458984,0.0,0.0,12.232967376708984,0.112518310546875
22.6855525970459,0.7427160739898682,-0.607056200504303,-0.0037850080989301205,0.0035416611935943365,3.947211742401123,279.4639587402344,-2.228044271469116,273.853759765625,0.6575196981430054,-0.6385256052017212,-0.022342443466186523,0.0,0.0,12.232967376708984,0.10792970657348633
22.686052322387695,0.8232983946800232,-0.5011156797409058,-0.007007664535194635,0.0054022627882659435,4.086944103240967,279.4639587402344,-2.09273624420166,273.78558349609375,0.7456480860710144,-0.5662515163421631,-0.0364840030670166,0.0,0.0,12.232967376708984,0.10350513458251953
22.686552047729492,0.8805792927742004,-0.38844892382621765,0.020384913310408592,0.02121737413108349,4.20996618270874,265.8900146484375,-1.9579132795333862,273.6984558105469,0.809248149394989,-0.49598032236099243,-0.07183194160461426,0.0,0.0,12.232967376708984,0.11530590057373047
22.68705177307129,0.9291228652000427,-0.26401078701019287,0.017162257805466652,-0.001109841512516141,4.342910289764404,265.8900146484375,-1.8248478174209595,273.53961181640625,0.8549274206161499,-0.3518935739994049,-0.04546809196472168,0.0,0.0,12.232967376708984,0.11542749404907227
22.687551498413086,0.953394889831543,-0.1479804813861847,0.015550929121673107,0.02586887776851654,4.4688639640808105,259.9693603515625,-1.6921011209487915,273.3704528808594,0.8956418037414551,-0.26838260889053345,-0.07907938957214355,0.0,0.0,12.232967376708984,0.12222051620483398
22.688051223754883,0.9572781920433044,-0.020179204642772675,0.030052881687879562,0.008193164132535458,4.598849773406982,259.9693603515625,-1.5596245527267456,273.1934814453125,0.8565828800201416,-0.16103069484233856,-0.10641288757324219,0.0,0.0,12.232967376708984,0.1247110366821289
22.688549041748047,0.9543654322624207,0.10594049841165543,0.017162257805466652,0.02121737413108349,4.739001750946045,268.4466247558594,-1.4278788566589355,272.9895935058594,0.8749324083328247,-0.011868944391608238,-0.06579828262329102,0.0,0.0,12.232967376708984,0.11630487442016602
22.689050674438477,0.9300935864448547,0.2219708114862442,0.023607568815350533,0.034241583198308945,4.8732218742370605,268.4466247558594,-1.2955795526504517,272.81317138671875,0.8881280422210693,0.08905936777591705,-0.08472704887390137,0.0,0.0,12.232967376708984,0.11438417434692383
22.689550399780273,0.8805792927742004,0.3413642644882202,0.018773585557937622,0.03145068138837814,5.020997524261475,279.4639587402344,-1.1637868881225586,272.6191711425781,0.802813708782196,0.14890629053115845,-0.13333487510681152,0.0,0.0,12.232967376708984,0.09840106964111328
22.69005012512207,0.8310652375221252,0.4540310204029083,0.009105616249144077,0.029590079560875893,5.160729885101318,279.4639587402344,-1.031648874282837,272.4437561035156,0.8172350525856018,0.27358517050743103,-0.1258542537689209,0.0,0.0,12.232967376708984,0.09080648422241211
22.690549850463867,0.7611622214317322,0.5616533160209656,0.03649819269776344,0.02307797595858574,5.260463237762451,246.97091674804688,-0.8989903926849365,272.2940368652344,0.7475969791412354,0.404904842376709,-0.08505630493164062,0.0,0.0,12.232967376708984,0.12373208999633789
22.691049575805664,0.6834926009178162,0.6490963697433472,0.013939601369202137,0.028659777715802193,5.383948802947998,246.97091674804688,-0.7673516273498535,272.1044921875,0.6972349286079407,0.4982207715511322,-0.09273266792297363,0.0,0.0,12.232967376708984,0.13188505172729492
22.69154930114746,0.5932015776634216,0.7314947843551636,0.018773585557937622,0.02586887776851654,5.543313980102539,276.1165771484375,-0.6339428424835205,271.9935607910156,0.5883920788764954,0.6079131960868835,-0.044698238372802734,0.0,0.0,12.232967376708984,0.10592889785766602
22.692049026489258,0.48931884765625,0.8038031458854675,0.0042716325260698795,0.039823390543460846,5.681369781494141,276.1165771484375,-0.49982762336730957,271.9145202636719,0.522776186466217,0.7237545847892761,-0.035262346267700195,0.0,0.0,12.232967376708984,0.10198831558227539
22.692550659179688,0.36601805686950684,0.8592962622642517,0.021996241062879562,0.033311281353235245,5.823053359985352,279.18450927734375,-0.36657094955444336,271.8011474609375,0.3749222159385681,0.7179840207099915,-0.02420639991760254,0.0,0.0,12.232967376708984,0.09356117248535156
22.693052291870117,0.2514553368091583,0.9030174016952515,0.023607568815350533,0.02679917775094509,5.962924957275391,279.18450927734375,-0.2316451072692871,271.7601623535156,0.3003997206687927,0.8253691792488098,-0.02697277069091797,0.0,0.0,12.232967376708984,0.08861541748046875
