time_s,v_alpha_v,v_beta_v,i_alpha_a,i_beta_a,encoder_angle_rad,encoder_speed_rad_s,pll_angle_rad,pll_speed_rad_s,emf_alpha_v,emf_beta_v,phase_error_rad,locked,active,bus_voltage_v,angle_error_rad
15.263411521911621,-0.9198617339134216,-0.4668113589286804,0.017990542575716972,-0.01276460662484169,1.9443490505218506,300.96124267578125,2.0283854007720947,280.0865783691406,-0.9344052076339722,-0.33058881759643555,-0.02431631088256836,1.0,1.0,12.303882598876953,0.08403635025024414
15.263912200927734,-0.8466243743896484,-0.5936622023582458,-0.0045680515468120575,-0.025788817554712296,2.094829797744751,300.96124267578125,2.167257070541382,280.03729248046875,-0.8754979372024536,-0.469051718711853,-0.011363029479980469,1.0,1.0,12.303882598876953,0.07242727279663086
15.264411926269531,-0.7528803944587708,-0.7019081115722656,-0.03679461404681206,-0.01276460662484169,2.198580741882324,257.4513244628906,2.3067972660064697,280.01715087890625,-0.7936278581619263,-0.5398030281066895,-0.04559898376464844,1.0,1.0,12.303882598876953,0.10821652412414551
15.264910697937012,-0.6464419960975647,-0.8050801753997803,0.021213198080658913,-0.014625207521021366,2.3270487785339355,257.4513244628906,2.4467337131500244,280.0141296386719,-0.6401292681694031,-0.6818978190422058,0.03448629379272461,1.0,1.0,12.303882598876953,0.11968493461608887
15.265411376953125,-0.527309238910675,-0.8896475434303284,-0.020681332796812057,-0.018346410244703293,2.4908947944641113,290.21258544921875,2.5863616466522217,279.9982604980469,-0.5576332211494446,-0.7576005458831787,0.014067649841308594,1.0,1.0,12.303882598876953,0.09546685218811035
15.265911102294922,-0.3993881046772003,-0.9522274136543274,0.022824525833129883,-0.015555508434772491,2.636000871658325,290.21258544921875,2.7283127307891846,280.0802917480469,-0.4460691213607788,-0.8443888425827026,0.0206756591796875,1.0,1.0,12.303882598876953,0.09231185913085938
15.266410827636719,-0.25096020102500916,-0.9995852112770081,-0.040017269551754,-0.033231221139431,2.792640447616577,300.96124267578125,2.8694164752960205,280.12530517578125,-0.27866804599761963,-0.8717820048332214,0.05635786056518555,1.0,1.0,12.303882598876953,0.07677602767944336
15.266910552978516,-0.11620322614908218,-1.0266464948654175,0.005099916364997625,-0.0016009984537959099,2.9431211948394775,300.96124267578125,3.0114939212799072,280.2096862792969,-0.20205159485340118,-0.9450414180755615,0.01288461685180664,1.0,1.0,12.303882598876953,0.06837272644042969
15.267411231994629,0.034177664667367935,-1.0334117412567139,-0.0045680515468120575,-0.018346410244703293,3.0929555892944336,300.3598937988281,-3.1314144134521484,280.2171325683594,-0.04271075502038002,-0.9425488114356995,0.03806304931640625,1.0,1.0,12.303882598876953,0.05881547927856445
15.267910957336426,0.17479301989078522,-1.0164985656738281,0.024435853585600853,-0.020207012072205544,3.243135929107666,300.3598937988281,-2.989628314971924,280.2875061035156,0.08370403200387955,-0.9655216932296753,0.028018712997436523,1.0,1.0,12.303882598876953,0.05042123794555664
15.268410682678223,0.3212679922580719,-0.9826716780662537,-0.0013453960418701172,-0.023928215727210045,3.336294651031494,247.21812438964844,-2.848381280899048,280.3338623046875,0.20774780213832855,-0.9246063828468323,0.021299123764038086,1.0,1.0,12.303882598876953,0.09850931167602539
15.26891040802002,0.44625988602638245,-0.9251657724380493,0.009933901019394398,-0.01741611212491989,3.4596564769744873,247.21812438964844,-2.708667516708374,280.314453125,0.2852473556995392,-0.9031669497489929,-0.0337526798248291,1.0,1.0,12.303882598876953,0.11486148834228516
15.269410133361816,0.5780872702598572,-0.8558206558227539,0.027658509090542793,-0.010904005728662014,3.6406090259552,300.6602478027344,-2.5673105716705322,280.3649597167969,0.46592336893081665,-0.8240372538566589,0.033875465393066406,1.0,1.0,12.303882598876953,0.07526588439941406
15.269909858703613,0.6991727948188782,-0.7678708434104919,0.00026593171060085297,-0.024858515709638596,3.7909390926361084,300.6602478027344,-2.425480604171753,280.43438720703125,0.6270885467529297,-0.7635226249694824,0.06519865989685059,1.0,1.0,12.303882598876953,0.06676578521728516
15.27040958404541,0.7919405102729797,-0.6613160371780396,0.009933900088071823,-0.01183430664241314,3.9297473430633545,289.9223937988281,-2.2851860523223877,280.4373474121094,0.6282123327255249,-0.6876879334449768,-0.022832155227661133,1.0,1.0,12.303882598876953,0.0682520866394043
15.270910263061523,0.8817781805992126,-0.5395389199256897,0.059885069727897644,-0.022067615762352943,4.074708461761475,289.9223937988281,-2.143610715866089,280.49462890625,0.8094622492790222,-0.559013843536377,0.06214332580566406,1.0,1.0,12.303882598876953,0.06486654281616211
15.27140998840332,0.9462270736694336,-0.4143795967102051,0.026047181338071823,-0.006252501159906387,4.231191635131836,300.6602478027344,-2.0017354488372803,280.5631408691406,0.8462597131729126,-0.4468925893306732,0.03872346878051758,1.0,1.0,12.303882598876953,0.05025815963745117
15.271909713745117,0.9960286617279053,-0.27399805188179016,0.0034885883796960115,-0.0006706977728754282,4.381521701812744,300.6602478027344,-1.8603020906448364,280.61151123046875,0.8972361087799072,-0.3489178717136383,0.012169122695922852,1.0,1.0,12.303882598876953,0.04136180877685547
15.27241039276123,1.025323748588562,-0.12854214012622833,0.03410382196307182,0.011423211544752121,4.497574806213379,268.7153625488281,-1.719340443611145,280.6391906738281,0.9544259905815125,-0.19429339468479156,0.041396379470825195,1.0,1.0,12.303882598876953,0.06627035140991211
15.272909164428711,1.0302058458328247,0.011839404702186584,0.022824525833129883,0.0049111065454781055,4.631663799285889,268.7153625488281,-1.578871726989746,280.6455078125,0.9391443729400635,-0.09327325969934464,0.00260162353515625,1.0,1.0,12.303882598876953,0.07264995574951172
15.273408889770508,1.0204408168792725,0.1572951078414917,0.03732647746801376,-0.01648581027984619,4.788776397705078,289.9223937988281,-1.4381771087646484,280.66119384765625,0.9778652191162109,0.033894941210746765,-0.004476308822631836,1.0,1.0,12.303882598876953,0.05623197555541992
15.273908615112305,0.9891932606697083,0.2993681728839874,0.032492496073246,0.012353513389825821,4.933737754821777,289.9223937988281,-1.2969951629638672,280.69683837890625,0.9472125768661499,0.19398097693920135,0.021813631057739258,1.0,1.0,12.303882598876953,0.05245256423950195
15.274409294128418,0.9364621639251709,0.43805840611457825,0.005099916830658913,0.017005015164613724,5.078699111938477,289.9223937988281,-1.1552542448043823,280.75531005859375,0.9034261107444763,0.3287394046783447,0.02710270881652832,1.0,1.0,12.303882598876953,0.04923200607299805
15.274909019470215,0.8739662170410156,0.5598353147506714,0.024435855448246002,0.003980806563049555,5.223659992218018,289.9223937988281,-1.0145599842071533,280.7685241699219,0.926223874092102,0.4552806317806244,-0.005851268768310547,1.0,1.0,12.303882598876953,0.044965267181396484
15.275408744812012,0.7704572081565857,0.6849948167800903,0.040549136698246,0.0002596033737063408,5.380148410797119,300.6602478027344,-0.8722929954528809,280.84765625,0.7286578416824341,0.5500497817993164,0.04186439514160156,1.0,1.0,12.303882598876953,0.030744075775146484
15.275909423828125,0.6728076934814453,0.7864753007888794,0.008322573266923428,0.015144413337111473,5.530470371246338,300.6602478027344,-0.7306711673736572,280.8978271484375,0.6871307492256165,0.6707205772399902,0.026892423629760742,1.0,1.0,12.303882598876953,0.022043704986572266
15.276409149169922,0.5566043257713318,0.8727339506149292,0.005099915899336338,0.020726218819618225,5.634993076324463,257.96673583984375,-0.5892386436462402,280.9391174316406,0.6116721630096436,0.7816693186759949,0.018932104110717773,1.0,1.0,12.303882598876953,0.05895376205444336
15.276907920837402,0.42282387614250183,0.9454617500305176,0.005099915899336338,0.020726218819618225,5.7637200355529785,257.96673583984375,-0.4463164806365967,281.0423889160156,0.4334207773208618,0.839948296546936,0.06385111808776855,1.0,1.0,12.303882598876953,0.07314920425415039
15.277408599853516,0.28025496006011963,0.9962021708488464,0.03410382196307182,0.011423211544752121,5.938818454742432,300.6602478027344,-0.303943395614624,281.1202392578125,0.3186711072921753,0.8839974999427795,0.05183815956115723,1.0,1.0,12.303882598876953,0.04042387008666992
15.277908325195312,0.13573355972766876,1.0266464948654175,0.027658507227897644,0.03375042602419853,6.088842868804932,300.6602478027344,-0.16037869453430176,281.2464599609375,0.19790564477443695,0.9528406262397766,0.049504756927490234,1.0,1.0,12.303882598876953,0.033963680267333984
15.27840805053711,-0.010741527192294598,1.0367945432662964,0.05505108833312988,-0.006252501159906387,6.239172458648682,300.6602478027344,-0.017979860305786133,281.32110595703125,0.08435650169849396,0.9688109755516052,0.024963855743408203,1.0,1.0,12.303882598876953,0.02603292465209961
15.278907775878906,-0.16698117554187775,1.0266464948654175,0.0034885872155427933,0.021656520664691925,0.10631656646728516,300.6602478027344,0.12601280212402344,281.4610595703125,-0.1191716194152832,0.9716336727142334,0.09018516540527344,1.0,1.0,12.303882598876953,0.01969623565673828
15.279409408569336,-0.3095502257347107,0.9928197264671326,0.0018772594630718231,0.022586818784475327,0.2256937026977539,271.5582275390625,0.270388126373291,281.6141357421875,-0.23784756660461426,0.9626719355583191,0.06593728065490723,1.0,1.0,12.303882598876953,0.04469442367553711
15.279908180236816,-0.4482128620147705,0.9386964440345764,-0.007790708914399147,0.015144414268434048,0.3612031936645508,271.5582275390625,0.4122447967529297,281.658203125,-0.36055949330329895,0.8931382298469543,0.0655660629272461,1.0,1.0,12.303882598876953,0.051041603088378906
15.280407905578613,-0.576134204864502,0.8592034578323364,-0.030349301174283028,0.03561102971434593,0.5135965347290039,286.3431091308594,0.5564370155334473,281.79931640625,-0.4397462010383606,0.8548851013183594,0.012602567672729492,1.0,1.0,12.303882598876953,0.04284048080444336
15.280906677246094,-0.6884316802024841,0.7729448080062866,-0.022292660549283028,0.014214113354682922,0.6564836502075195,286.3431091308594,0.6974921226501465,281.8057861328125,-0.549588680267334,0.800633430480957,-0.0020377635955810547,1.0,1.0,12.303882598876953,0.04100847244262695
15.281408309936523,-0.7977995276451111,0.6646988391876221,-0.019070005044341087,0.021656520664691925,0.8037881851196289,289.9223937988281,0.8398444652557373,281.8665771484375,-0.6681466698646545,0.6759522557258606,0.03380250930786133,1.0,1.0,12.303882598876953,0.0360562801361084
15.281907081604004,-0.8837311863899231,0.5496874451637268,0.021213198080658913,0.015144414268434048,0.9484567642211914,289.9223937988281,0.9816009998321533,281.9010925292969,-0.7544971108436584,0.5985361933708191,0.01253652572631836,1.0,1.0,12.303882598876953,0.033144235610961914
15.2824068069458,-0.9569687247276306,0.41607069969177246,-0.023903988301753998,0.003980806563049555,1.0934152603149414,289.9223937988281,1.1245315074920654,281.9842834472656,-0.8965811729431152,0.43644264340400696,0.08756446838378906,1.0,1.0,12.303882598876953,0.031116247177124023
15.282906532287598,-1.002863883972168,0.28245463967323303,-0.0029567242600023746,-0.006252502091228962,1.238377571105957,289.9223937988281,1.2670533657073975,282.0484619140625,-0.9321367144584656,0.37420377135276794,0.016031742095947266,1.0,1.0,12.303882598876953,0.02867579460144043
15.283407211303711,-1.0350886583328247,0.13869023323059082,0.001877260277979076,-0.0016009984537959099,1.3487749099731445,257.7087707519531,1.4089233875274658,282.0841064453125,-0.9630843997001648,0.22683914005756378,0.024644851684570312,1.0,1.0,12.303882598876953,0.06014847755432129
15.283906936645508,-1.0438767671585083,-0.008456778712570667,-0.009402036666870117,-0.004391900729387999,1.4776315689086914,257.7087707519531,1.550536870956421,282.1080322265625,-0.9891847372055054,0.1072634905576706,0.006266593933105469,1.0,1.0,12.303882598876953,0.07290530204772949
15.284406661987305,-1.0282530784606934,-0.1572953164577484,-0.012624692171812057,-0.013694907538592815,1.6528940200805664,300.96124267578125,1.6922214031219482,282.1346740722656,-0.9652125239372253,-0.04844355955719948,0.022821426391601562,1.0,1.0,12.303882598876953,0.039327383041381836
15.284907341003418,-0.9940754771232605,-0.2976766526699066,-0.017458677291870117,-0.01462520845234394,1.8033723831176758,300.96124267578125,1.8328969478607178,282.1181335449219,-0.9555654525756836,-0.1502009928226471,-0.012244224548339844,1.0,1.0,12.303882598876953,0.029524564743041992
15.285407066345215,-0.9511095881462097,-0.42621898651123047,-0.006179379299283028,-0.026719119399785995,1.9419984817504883,289.9223937988281,1.9742305278778076,282.12969970703125,-0.9802098274230957,-0.30551981925964355,-0.007317543029785156,1.0,1.0,12.303882598876953,0.032232046127319336
15.285905838012695,-0.8749427199363708,-0.5581439733505249,-0.03518328815698624,-0.021137313917279243,2.0866708755493164,289.9223937988281,2.1152164936065674,282.12640380859375,-0.9082910418510437,-0.41023653745651245,-0.026297569274902344,1.0,1.0,12.303882598876953,0.028545618057250977
15.286405563354492,-0.7841284275054932,-0.6748469471931458,-0.015847347676753998,-0.019276710227131844,2.2431535720825195,300.6602478027344,2.2559759616851807,282.1138000488281,-0.7873329520225525,-0.5278409123420715,-0.0005917549133300781,1.0,1.0,12.303882598876953,0.012822389602661133
15.286906242370605,-0.6864786744117737,-0.7763274312019348,-0.011013365350663662,-0.018346410244703293,2.393479347229004,300.6602478027344,2.396357774734497,282.0852355957031,-0.7531539797782898,-0.6383402347564697,-0.028619766235351562,1.0,1.0,12.303882598876953,0.002878427505493164
15.287405967712402,-0.5673456788063049,-0.8676600456237793,-0.009402036666870117,-0.01183430664241314,2.497727394104004,257.7087707519531,2.5374691486358643,282.0882568359375,-0.5964497327804565,-0.7327368855476379,0.014953136444091797,1.0,1.0,12.303882598876953,0.03974175453186035
15.2879056930542,-0.4384479522705078,-0.9353139996528625,0.017990540713071823,-0.018346410244703293,2.626580238342285,257.7087707519531,2.679821729660034,282.1432800292969,-0.4819958806037903,-0.8139736652374268,0.021237850189208984,1.0,1.0,12.303882598876953,0.05324149131774902
15.288406372070312,-0.29783210158348083,-0.9962021708488464,-0.017458677291870117,-0.01462520845234394,2.790310859680176,290.21258544921875,2.82244610786438,282.2088623046875,-0.32142937183380127,-0.9055582284927368,0.07239818572998047,1.0,1.0,12.303882598876953,0.0321352481842041
15.28890609741211,-0.1572163701057434,-1.019881010055542,0.026047183200716972,-0.0378827229142189,2.935418128967285,290.21258544921875,2.9652788639068604,282.2814636230469,-0.23338250815868378,-0.9317342638969421,0.025039196014404297,1.0,1.0,12.303882598876953,0.029860734939575195
15.289405822753906,-0.00878868903964758,-1.0401774644851685,-0.017458675429224968,-0.012764605693519115,3.0917444229125977,300.6602478027344,3.1063106060028076,282.2773132324219,-0.07162246853113174,-0.9641988277435303,0.055418968200683594,1.0,1.0,12.303882598876953,0.014566183090209961
15.289904594421387,0.13182763755321503,-1.019881010055542,0.040549132972955704,-0.0071828025393188,3.241776466369629,300.6602478027344,-3.0336263179779053,282.3659362792969,0.015273336321115494,-0.9607584476470947,0.002018451690673828,1.0,1.0,12.303882598876953,0.007782459259033203
15.2904052734375,0.28220829367637634,-0.9962021708488464,0.011545227840542793,-0.01276460662484169,3.3693628311157227,279.4639587402344,-2.89113187789917,282.4212646484375,0.17603150010108948,-0.9404911398887634,0.028787612915039062,1.0,1.0,12.303882598876953,0.022690773010253906
15.290904998779297,0.42087092995643616,-0.9420793056488037,0.014767885208129883,-0.029510019347071648,3.509091377258301,279.4639587402344,-2.7489607334136963,282.4615783691406,0.2995269298553467,-0.9100956320762634,0.019512414932250977,1.0,1.0,12.303882598876953,0.025133609771728516
15.291404724121094,0.5595337748527527,-0.8811907172203064,0.0018772603943943977,-0.01648581027984619,3.6251840591430664,257.4513244628906,-2.605635166168213,282.5497741699219,0.481503427028656,-0.8646829724311829,0.06655383110046387,1.0,1.0,12.303882598876953,0.05236625671386719
15.291905403137207,0.6708545088768005,-0.7830929160118103,-0.027126647531986237,-0.025788817554712296,3.753911018371582,257.4513244628906,-2.4628262519836426,282.6141357421875,0.4859640598297119,-0.7756097912788391,-0.02498912811279297,1.0,1.0,12.303882598876953,0.06644821166992188
15.292405128479004,0.7792458534240723,-0.690068781375885,0.014767885208129883,-0.0016009986866265535,3.929001808166504,300.6602478027344,-2.3203821182250977,282.66168212890625,0.6455292701721191,-0.7388867139816284,-0.009003639221191406,1.0,1.0,12.303882598876953,0.03380155563354492
15.2929048538208,0.859318733215332,-0.5649092793464661,-0.011013364419341087,-0.009043403901159763,4.079323768615723,300.6602478027344,-2.1793642044067383,282.64837646484375,0.6395132541656494,-0.6025152206420898,-0.05309796333312988,1.0,1.0,12.303882598876953,0.024497509002685547
15.293404579162598,0.9472036361694336,-0.4465149939060211,-0.015847349539399147,-0.015555509366095066,4.206917762756348,279.4639587402344,-2.0371861457824707,282.6844787597656,0.9043470025062561,-0.499442458152771,0.0562283992767334,1.0,1.0,12.303882598876953,0.039081573486328125
15.293904304504395,0.9921223521232605,-0.3010594844818115,0.05343975871801376,-0.003461600746959448,4.346367835998535,279.4639587402344,-1.8937751054763794,282.7712097167969,0.8999586701393127,-0.3784223198890686,0.019231557846069336,1.0,1.0,12.303882598876953,0.043042659759521484
15.294404029846191,1.0233705043792725,-0.1589864194393158,0.048605773597955704,0.008632308803498745,4.462750434875488,257.7087707519531,-1.7519053220748901,282.7917175292969,0.9468607306480408,-0.24526724219322205,0.02196216583251953,1.0,1.0,12.303882598876953,0.06852960586547852
15.294903755187988,1.0380181074142456,-0.011839404702186584,0.008322572335600853,-0.0016009986866265535,4.591607093811035,257.7087707519531,-1.6100314855575562,282.81201171875,0.9449438452720642,-0.098085418343544,0.03016066551208496,1.0,1.0,12.303882598876953,0.08154678344726562
15.295404434204102,1.0341120958328247,0.12685103714466095,0.001877260161563754,0.002120204269886017,4.766549110412598,300.6602478027344,-1.4678980112075806,282.8426513671875,1.0031101703643799,0.02016134187579155,0.01148533821105957,1.0,1.0,12.303882598876953,0.04873847961425781
15.295904159545898,0.9999346137046814,0.27399805188179016,0.040549136698246,0.0077020092867314816,4.916878700256348,300.6602478027344,-1.3264282941818237,282.8446044921875,0.9912493228912354,0.14575240015983582,-0.004152536392211914,1.0,1.0,12.303882598876953,0.03987836837768555
15.296403884887695,0.9481800198554993,0.4109969735145569,0.021213196218013763,0.022586816921830177,5.056000709533691,290.21258544921875,-1.1847366094589233,282.8559875488281,0.9370753765106201,0.28405576944351196,0.0025207996368408203,1.0,1.0,12.303882598876953,0.04244804382324219
15.296903610229492,0.8847074508666992,0.5344651937484741,0.040549136698246,0.03002922609448433,5.201104164123535,290.21258544921875,-1.0436875820159912,282.84014892578125,0.9283734560012817,0.3876264691352844,-0.03749823570251465,1.0,1.0,12.303882598876953,0.038393497467041016
15.297404289245605,0.7938935160636902,0.6579333543777466,0.008322572335600853,0.017005015164613724,5.345589637756348,289.6327819824219,-0.9025313854217529,282.82904052734375,0.7620576620101929,0.49890220165252686,0.00565028190612793,1.0,1.0,12.303882598876953,0.0350642204284668
15.297903060913086,0.7050320506095886,0.7577226161956787,-0.007790707983076572,0.020726218819618225,5.490117073059082,289.6327819824219,-0.7614543437957764,282.8148193359375,0.7822994589805603,0.6335012316703796,-0.03457212448120117,1.0,1.0,12.303882598876953,0.031613826751708984
15.2984037399292,0.579063892364502,0.8541290760040283,-0.0013453960418701172,0.022586818784475327,5.589715003967285,247.21812438964844,-0.6195864677429199,282.8343505859375,0.5764318108558655,0.7254835963249207,0.04259324073791504,1.0,1.0,12.303882598876953,0.0738840103149414
15.29890251159668,0.4540714919567108,0.9285486340522766,0.0018772603943943977,0.018865616992115974,5.713074684143066,247.21812438964844,-0.47705769538879395,282.8812561035156,0.47198793292045593,0.8069770336151123,0.04225611686706543,1.0,1.0,12.303882598876953,0.09305334091186523
15.299403190612793,0.3173619210720062,0.9826716780662537,0.005099916830658913,0.026308024302124977,5.882504463195801,289.9223937988281,-0.33477139472961426,282.9167785644531,0.3859255909919739,0.8684064149856567,0.010888338088989258,1.0,1.0,12.303882598876953,0.06590986251831055
15.29990291595459,0.17479313910007477,1.019881010055542,0.021213198080658913,0.018865616992115974,6.027466773986816,289.9223937988281,-0.19196510314941406,282.9734191894531,0.26162296533584595,0.9385032653808594,0.014444112777709961,1.0,1.0,12.303882598876953,0.06375360488891602
15.300402641296387,0.028318537399172783,1.0334117412567139,0.00026593171060085297,0.023517118766903877,6.184273719787598,300.96124267578125,-0.04941129684448242,283.01806640625,0.1324343979358673,0.9691255688667297,0.00793004035949707,1.0,1.0,12.303882598876953,0.049500465393066406
15.3009033203125,-0.12010914087295532,1.0266464948654175,0.014767886139452457,0.018865616992115974,0.051564693450927734,300.96124267578125,0.09279203414916992,283.047119140625,-0.012602013535797596,0.9633603096008301,0.014657258987426758,1.0,1.0,12.303882598876953,0.04122734069824219
15.301403045654297,-0.26658424735069275,0.9995852112770081,-0.009402036666870117,0.03468072786927223,0.19019269943237305,289.9223937988281,0.23569536209106445,283.10504150390625,-0.17925970256328583,0.9501085877418518,0.04530167579650879,1.0,1.0,12.303882598876953,0.045502662658691406
15.301901817321777,-0.4071999490261078,0.9522274136543274,-0.009402036666870117,0.016074715182185173,0.33486127853393555,289.9223937988281,0.378049373626709,283.1387634277344,-0.3174211382865906,0.9146943688392639,0.0505213737487793,1.0,1.0,12.303882598876953,0.04318809509277344
15.30240249633789,-0.5380505919456482,0.8845734000205994,-0.020681332796812057,0.022586818784475327,0.43398237228393555,246.97091674804688,0.5209681987762451,283.19525146484375,-0.43603745102882385,0.86542147397995,0.04027533531188965,1.0,1.0,12.303882598876953,0.08698582649230957
15.302902221679688,-0.6591365933418274,0.7966238260269165,-0.031960628926754,0.019795916974544525,0.5572237968444824,246.97091674804688,0.6644799709320068,283.27581787109375,-0.5791959166526794,0.7806201577186584,0.06853151321411133,1.0,1.0,12.303882598876953,0.10725617408752441
15.3034029006958,-0.7606925368309021,0.695142924785614,-0.025515317916870117,0.004911107011139393,0.723243236541748,286.3431091308594,0.8073399066925049,283.3270263671875,-0.6242868900299072,0.7289913892745972,-0.004778146743774414,1.0,1.0,12.303882598876953,0.08409667015075684
15.303901672363281,-0.8534598350524902,0.5818228125572205,-0.004568052478134632,0.018865616992115974,0.8661227226257324,286.3431091308594,0.9490716457366943,283.32989501953125,-0.7119206786155701,0.6312527656555176,-0.009325027465820312,1.0,1.0,12.303882598876953,0.08294892311096191
15.304403305053711,-0.9306030869483948,0.4549715518951416,-0.023903988301753998,0.003980806563049555,1.0132479667663574,289.9223937988281,1.0918710231781006,283.3775329589844,-0.8263474702835083,0.5186092853546143,0.012935638427734375,1.0,1.0,12.303882598876953,0.07862305641174316
15.304902076721191,-0.9862635731697083,0.3179728388786316,-0.009402036666870117,0.0030505049508064985,1.1579184532165527,289.9223937988281,1.235016107559204,283.43878173828125,-0.9074316024780273,0.39201775193214417,0.022521018981933594,1.0,1.0,12.303882598876953,0.07709765434265137
15.305401802062988,-1.022394061088562,0.18097412586212158,0.011545227840542793,-0.023928213864564896,1.2921805381774902,279.4639587402344,1.3765928745269775,283.4327392578125,-0.9245132803916931,0.2722005844116211,0.0023136138916015625,1.0,1.0,12.303882598876953,0.0844123363494873
15.305901527404785,-1.0419238805770874,0.038900844752788544,-0.004568052012473345,0.007702008355408907,1.4319167137145996,279.4639587402344,1.5179908275604248,283.4194030761719,-1.0210257768630981,0.16045227646827698,-0.008672714233398438,1.0,1.0,12.303882598876953,0.0860741138458252
15.306402206420898,-1.0214176177978516,-0.11501142382621765,-0.006179379299283028,-0.019276710227131844,1.5933566093444824,300.6602478027344,1.6591169834136963,283.3948059082031,-0.8797738552093506,0.02174663171172142,-0.01868915557861328,1.0,1.0,12.303882598876953,0.06576037406921387
15.306900978088379,-1.002863883972168,-0.2553931772708893,-0.011013364419341087,-0.01090400479733944,1.743384838104248,300.6602478027344,1.8000414371490479,283.3624267578125,-0.9589239358901978,-0.1275378167629242,-0.0026183128356933594,1.0,1.0,12.303882598876953,0.056656599044799805
15.307401657104492,-0.9550157189369202,-0.3923923373222351,-0.009402036666870117,-0.013694907538592815,1.8500304222106934,257.7087707519531,1.941924810409546,283.3709716796875,-0.8964176774024963,-0.24625235795974731,-0.008655548095703125,1.0,1.0,12.303882598876953,0.09189438819885254
15.307901382446289,-0.8876373171806335,-0.5226258039474487,-0.03518328443169594,-0.017416108399629593,1.978625774383545,257.7087707519531,2.0828516483306885,283.3391418457031,-0.8606853485107422,-0.37595486640930176,-0.005845069885253906,1.0,1.0,12.303882598876953,0.10422587394714355
15.308402061462402,-0.7997522950172424,-0.6410198211669922,-0.027126645669341087,-0.020207012072205544,2.140723705291748,289.9223937988281,2.224940538406372,283.35675048828125,-0.7731863856315613,-0.4634881913661957,-0.019800186157226562,1.0,1.0,12.303882598876953,0.08421683311462402
15.308900833129883,-0.7128439545631409,-0.7441918253898621,-0.015847347676753998,-0.019276710227131844,2.2853941917419434,289.9223937988281,2.3655474185943604,283.3115539550781,-0.7775560617446899,-0.5978296995162964,-0.045083045959472656,1.0,1.0,12.303882598876953,0.08015322685241699
15.30940055847168,-0.599570095539093,-0.8389071226119995,-0.006179379764944315,-0.01183430664241314,2.430358409881592,289.9223937988281,2.5054562091827393,283.2379150390625,-0.6688786149024963,-0.6806460022926331,-0.046364784240722656,1.0,1.0,12.303882598876953,0.07509779930114746
15.309901237487793,-0.4833667576313019,-0.9116352200508118,0.017990540713071823,-0.018346410244703293,2.5753207206726074,289.9223937988281,2.6464884281158447,283.2132263183594,-0.5489431023597717,-0.799370288848877,-0.012341976165771484,1.0,1.0,12.303882598876953,0.0711677074432373
15.31040096282959,-0.3486100435256958,-0.9725233912467957,0.008322572335600853,-0.010904005728662014,2.720576763153076,290.21258544921875,2.7865164279937744,283.1468200683594,-0.4447711110115051,-0.8401787877082825,-0.0376124382019043,1.0,1.0,12.303882598876953,0.06593966484069824
15.31089973449707,-0.20213544368743896,-1.0131157636642456,-0.019070003181695938,-0.026719115674495697,2.865394115447998,290.21258544921875,2.9277279376983643,283.1316223144531,-0.2659567594528198,-0.9018043279647827,0.02150440216064453,1.0,1.0,12.303882598876953,0.06233382225036621
15.311400413513184,-0.06347231566905975,-1.0334117412567139,0.0018772594630718231,-0.01276460662484169,2.966264247894287,246.97091674804688,3.069711446762085,283.1491394042969,-0.149887815117836,-0.97542405128479,0.013808727264404297,1.0,1.0,12.303882598876953,0.10344719886779785
15.31190013885498,0.08104968816041946,-1.0266464948654175,-0.023903988301753998,-0.023928213864564896,3.0897440910339355,246.97091674804688,-3.0718839168548584,283.14984130859375,-0.048934388905763626,-0.9747740626335144,-0.02563333511352539,1.0,1.0,12.303882598876953,0.12155771255493164
15.312399864196777,0.22752441465854645,-1.0063505172729492,0.022824523970484734,-0.017416110262274742,3.2794623374938965,311.7098083496094,-2.92999529838562,283.1630554199219,0.12716922163963318,-0.9514063000679016,0.015691041946411133,1.0,1.0,12.303882598876953,0.07372808456420898
15.312899589538574,0.36228087544441223,-0.962375283241272,-0.004568052012473345,-0.0034615995828062296,3.4353156089782715,311.7098083496094,-2.7886693477630615,283.1521911621094,0.19529670476913452,-0.9346615672111511,-0.05281639099121094,1.0,1.0,12.303882598876953,0.05920076370239258
15.313400268554688,0.5009437799453735,-0.9014869928359985,0.016379211097955704,-0.021137313917279243,3.5688624382019043,289.9223937988281,-2.646575450897217,283.1739501953125,0.37994691729545593,-0.8758004903793335,0.008693218231201172,1.0,1.0,12.303882598876953,0.06774759292602539
15.313899993896484,0.6249592900276184,-0.8219935297966003,0.05343975871801376,-0.029510019347071648,3.713822841644287,289.9223937988281,-2.503953695297241,283.21759033203125,0.5446314811706543,-0.8208594918251038,0.04270339012145996,1.0,1.0,12.303882598876953,0.06540918350219727
15.314399719238281,0.7362800240516663,-0.7238959074020386,0.032492496073246,0.003050505882129073,3.869781017303467,300.6602478027344,-2.360680103302002,283.28765869140625,0.6328162550926208,-0.7287572622299194,0.028645992279052734,1.0,1.0,12.303882598876953,0.052724361419677734
15.314898490905762,0.8339300155639648,-0.6156497597694397,0.032492496073246,-0.0006706960266456008,4.019811153411865,300.6602478027344,-2.2184603214263916,283.31195068359375,0.7568110823631287,-0.6568828225135803,0.027344465255737305,1.0,1.0,12.303882598876953,0.04491376876831055
15.315400123596191,0.9120495319366455,-0.49387282133102417,-0.004568052012473345,0.007702008355408907,4.1154608726501465,246.97091674804688,-2.0764334201812744,283.32763671875,0.8210428357124329,-0.5407738089561462,0.0176849365234375,1.0,1.0,12.303882598876953,0.09129095077514648
15.315898895263672,0.9696633219718933,-0.35349103808403015,0.04699444770812988,-0.001600997638888657,4.238698482513428,246.97091674804688,-1.9346445798873901,283.33294677734375,0.890603244304657,-0.4044409394264221,0.032109975814819336,1.0,1.0,12.303882598876953,0.10984230041503906
15.316398620605469,1.010676383972168,-0.21480081975460052,0.006711244583129883,-0.006252502091228962,4.406125545501709,289.9223937988281,-1.792358636856079,283.3591003417969,0.9401944279670715,-0.29260334372520447,0.014319181442260742,1.0,1.0,12.303882598876953,0.0847010612487793
15.316899299621582,1.0311826467514038,-0.0710364282131195,0.029269836843013763,-0.0006706981803290546,4.551085948944092,289.9223937988281,-1.6507002115249634,283.3581237792969,0.9318525791168213,-0.16655954718589783,-0.0025682449340820312,1.0,1.0,12.303882598876953,0.08139944076538086
15.317399024963379,1.029229760169983,0.0744190588593483,0.013156556524336338,-0.01183430664241314,4.696345806121826,290.21258544921875,-1.5093506574630737,283.3442077636719,0.9639009237289429,-0.03761185705661774,-0.00606536865234375,1.0,1.0,12.303882598876953,0.07748889923095703
15.317898750305176,1.0087231397628784,0.21818366646766663,0.032492496073246,0.012353513389825821,4.8414530754089355,290.21258544921875,-1.3678702116012573,283.3360595703125,0.9885141253471375,0.09949927031993866,-0.008239507675170898,1.0,1.0,12.303882598876953,0.07386207580566406
15.318399429321289,0.9696629643440247,0.36025652289390564,0.017990540713071823,0.0021202038042247295,4.985965251922607,289.6327819824219,-1.2259647846221924,283.34613037109375,0.9094258546829224,0.2431207150220871,0.010846376419067383,1.0,1.0,12.303882598876953,0.07125520706176758
15.31889820098877,0.9110730290412903,0.48879867792129517,0.019601868465542793,0.010492909699678421,5.130490779876709,289.6327819824219,-1.0845739841461182,283.3341369628906,0.934065580368042,0.36145132780075073,-0.02269458770751953,1.0,1.0,12.303882598876953,0.06812047958374023
15.319398880004883,0.8310001492500305,0.6139584183692932,0.03571515157818794,0.00863230973482132,5.243203639984131,257.96673583984375,-0.9438307285308838,283.295166015625,0.866558313369751,0.4706440269947052,-0.03517794609069824,1.0,1.0,12.303882598876953,0.09615087509155273
15.319897651672363,0.743115246295929,0.7188219428062439,-0.00779070844873786,0.00956260971724987,5.371928691864014,257.96673583984375,-0.8028450012207031,283.2671813964844,0.825878381729126,0.5987616777420044,-0.04645681381225586,1.0,1.0,12.303882598876953,0.10841178894042969
15.320399284362793,0.6278886198997498,0.8169198036193848,0.014767885208129883,0.013283812440931797,5.533891201019287,289.9223937988281,-0.6614828109741211,283.2557067871094,0.689629852771759,0.6852192878723145,-0.03288412094116211,1.0,1.0,12.303882598876953,0.08781147003173828
15.320898056030273,0.5028968453407288,0.9014869928359985,-0.0013453960418701172,0.024447420611977577,5.678561687469482,289.9223937988281,-0.5198578834533691,283.2558288574219,0.5012972354888916,0.7808300256729126,0.04368281364440918,1.0,1.0,12.303882598876953,0.08476591110229492
15.32139778137207,0.3700932264328003,0.962375283241272,0.035715147852897644,0.019795916974544525,5.823523998260498,289.9223937988281,-0.37766122817993164,283.2796630859375,0.4418928623199463,0.8468091487884521,-0.008952140808105469,1.0,1.0,12.303882598876953,0.0820002555847168
15.321897506713867,0.22557121515274048,1.009732961654663,0.0018772603943943977,0.018865616992115974,5.968484401702881,289.9223937988281,-0.23557543754577637,283.29833984375,0.25175562500953674,0.9193037748336792,0.06292867660522461,1.0,1.0,12.303882598876953,0.07912588119506836
15.32239818572998,0.08495549112558365,1.030029296875,0.005099916830658913,0.015144414268434048,6.080756664276123,257.96673583984375,-0.0922694206237793,283.3680114746094,0.1551610231399536,0.9583702683448792,0.026285409927368164,1.0,1.0,12.303882598876953,0.11015939712524414
15.322896957397461,-0.0634724348783493,1.030029296875,0.017990542575716972,0.017005017027258873,6.209481716156006,257.96673583984375,0.05023670196533203,283.40234375,0.05603419244289398,0.9621678590774536,-0.014041423797607422,1.0,1.0,12.303882598876953,0.12394046783447266
15.323397636413574,-0.21190011501312256,1.0131157636642456,0.013156555593013763,0.03840193152427673,0.07726287841796875,279.18450927734375,0.19244813919067383,283.42388916015625,-0.1239837184548378,0.9764950275421143,0.028395652770996094,1.0,1.0,12.303882598876953,0.11518526077270508
15.323897361755371,-0.35642197728157043,0.9792888760566711,0.0034885872155427933,0.021656520664691925,0.21657943725585938,279.18450927734375,0.33486390113830566,283.4533996582031,-0.297360897064209,0.9444345235824585,0.0648801326751709,1.0,1.0,12.303882598876953,0.11828446388244629
15.324397087097168,-0.49508464336395264,0.9150176644325256,0.024435853585600853,0.011423211544752121,0.38276100158691406,305.18145751953125,0.4785916805267334,283.5376281738281,-0.42854779958724976,0.8749926686286926,0.07161116600036621,1.0,1.0,12.303882598876953,0.09583067893981934
15.324896812438965,-0.6122644543647766,0.8304502964019775,-0.022292660549283028,0.014214113354682922,0.5353546142578125,305.18145751953125,0.6218166351318359,283.5987243652344,-0.5010398030281067,0.8247483968734741,0.018672943115234375,1.0,1.0,12.303882598876953,0.08646202087402344
15.325396537780762,-0.7245619297027588,0.7374263405799866,-0.015847349539399147,0.010492910631000996,0.6677303314208984,286.3431091308594,0.7639365196228027,283.612060546875,-0.579321026802063,0.7563999891281128,-0.015912532806396484,1.0,1.0,12.303882598876953,0.0962061882019043
15.325897216796875,-0.8183059692382812,0.6291806101799011,-0.0029567242600023746,-0.0025312991347163916,0.8109016418457031,286.3431091308594,0.9056994915008545,283.6101989746094,-0.6754670143127441,0.6760152578353882,-0.026321887969970703,1.0,1.0,12.303882598876953,0.09479784965515137
15.326396942138672,-0.9032611846923828,0.5023291707038879,-0.017458677291870117,0.007702008355408907,0.9137973785400391,246.97091674804688,1.0482523441314697,283.6417541503906,-0.7941634654998779,0.5502762198448181,0.011150836944580078,1.0,1.0,12.303882598876953,0.13445496559143066
15.326896667480469,-0.9696630835533142,0.3737872242927551,0.0018772599287331104,0.00398080563172698,1.037282943725586,246.97091674804688,1.191159963607788,283.6873474121094,-0.8836233615875244,0.4497535228729248,0.0033588409423828125,1.0,1.0,12.303882598876953,0.15387701988220215
15.327397346496582,-1.0126291513442993,0.2317143827676773,0.0018772603943943977,0.015144413337111473,1.2050056457519531,290.21258544921875,1.3336050510406494,283.712646484375,-0.9103107452392578,0.32132482528686523,-0.007642269134521484,1.0,1.0,12.303882598876953,0.1285994052886963
15.327896118164062,-1.039971113204956,0.08287584036588669,-0.009402036666870117,-0.004391900729387999,1.349822998046875,290.21258544921875,1.4763081073760986,283.7483215332031,-0.965205192565918,0.14394579827785492,0.04115724563598633,1.0,1.0,12.303882598876953,0.12648510932922363
15.328396797180176,-1.0360649824142456,-0.06258007884025574,-0.014236020855605602,0.00025960284983739257,1.4949188232421875,289.9223937988281,1.6178562641143799,283.7344970703125,-0.9535421133041382,0.06298898160457611,-0.018563270568847656,1.0,1.0,12.303882598876953,0.12293744087219238
15.328895568847656,-1.0165351629257202,-0.20465293526649475,-0.017458677291870117,-0.01462520845234394,1.6395893096923828,289.9223937988281,1.7587873935699463,283.6949768066406,-0.982946515083313,-0.05759650096297264,-0.03508567810058594,1.0,1.0,12.303882598876953,0.11919808387756348
15.329397201538086,-0.9745456576347351,-0.3450346887111664,-0.020681332796812057,-0.020207012072205544,1.7848434448242188,289.9223937988281,1.89998459815979,283.6676330566406,-0.9255491495132446,-0.20110194385051727,-0.02080821990966797,1.0,1.0,12.303882598876953,0.11514115333557129
15.329895973205566,-0.9218146800994873,-0.4769592583179474,-0.0029567237943410873,-0.008113102987408638,1.9295120239257812,289.9223937988281,2.0405123233795166,283.6128234863281,-0.9063246250152588,-0.34223517775535583,-0.014225006103515625,1.0,1.0,12.303882598876953,0.11100029945373535
15.330395698547363,-0.8466241359710693,-0.6004274487495422,0.027658510953187943,-0.0071828025393188,2.030536651611328,246.97091674804688,2.1820175647735596,283.60015869140625,-0.8302372694015503,-0.4484011232852936,-0.02161884307861328,1.0,1.0,12.303882598876953,0.15148091316223145
15.330896377563477,-0.7558098435401917,-0.7103646993637085,-0.020681332796812057,-0.01648581027984619,2.154020309448242,246.97091674804688,2.322838544845581,283.558837890625,-0.8541927337646484,-0.5814844369888306,-0.06013202667236328,1.0,1.0,12.303882598876953,0.16881823539733887
15.331396102905273,-0.6405829787254333,-0.8152282238006592,-0.04162859544157982,-0.0323009192943573,2.321744918823242,290.21258544921875,2.463059663772583,283.4934997558594,-0.6619440317153931,-0.6834294199943542,0.003574371337890625,1.0,1.0,12.303882598876953,0.14131474494934082
15.331894874572754,-0.5194971561431885,-0.8964127898216248,0.021213198080658913,-0.014625207521021366,2.4665603637695312,290.21258544921875,2.6053059101104736,283.51470947265625,-0.5061043500900269,-0.7728937864303589,0.05120992660522461,1.0,1.0,12.303882598876953,0.13874554634094238
15.332395553588867,-0.39352884888648987,-0.9589928984642029,0.008322572335600853,-0.010904005728662014,2.6226539611816406,300.6602478027344,2.74593186378479,283.4670715332031,-0.48273706436157227,-0.8233015537261963,-0.040378570556640625,1.0,1.0,12.303882598876953,0.12327790260314941
15.332895278930664,-0.25291314721107483,-1.0063505172729492,0.014767885208129883,-0.0071828025393188,2.7726821899414062,300.6602478027344,2.8870022296905518,283.4394836425781,-0.30079367756843567,-0.8864948153495789,0.022003650665283203,1.0,1.0,12.303882598876953,0.11432003974914551
15.333395004272461,-0.10839113593101501,-1.0334117412567139,-0.011013364419341087,-0.01462520845234394,2.912322998046875,290.21258544921875,3.029435396194458,283.4697570800781,-0.16361333429813385,-0.9630165696144104,0.03847646713256836,1.0,1.0,12.303882598876953,0.11711239814758301
15.333894729614258,0.03417741879820824,-1.0401774644851685,0.017990540713071823,-0.018346410244703293,3.0574302673339844,290.21258544921875,-3.1124868392944336,283.4498596191406,-0.05250969156622887,-0.9769017696380615,0.011684656143188477,1.0,1.0,12.303882598876953,0.11326837539672852
15.334395408630371,0.18065214157104492,-1.0232640504837036,0.0018772594630718231,-0.020207012072205544,3.1582584381103516,246.97091674804688,-2.9708364009857178,283.44677734375,0.0776466503739357,-0.9734412431716919,0.003294706344604492,1.0,1.0,12.303882598876953,0.15409040451049805
15.334895133972168,0.31736207008361816,-0.9792888760566711,0.029269838705658913,-0.015555509366095066,3.2817420959472656,246.97091674804688,-2.830040216445923,283.4075012207031,0.14775539934635162,-0.9330867528915405,-0.06033039093017578,1.0,1.0,12.303882598876953,0.1714034080505371
15.335394859313965,0.4618840515613556,-0.93193119764328,0.0002659335732460022,-0.022997913882136345,3.460206985473633,300.6602478027344,-2.688002586364746,283.42169189453125,0.35025760531425476,-0.8896557688713074,0.015972614288330078,1.0,1.0,12.303882598876953,0.13497591018676758
15.335893630981445,0.5927346348762512,-0.8575119376182556,0.024435853585600853,-0.020207012072205544,3.6102352142333984,300.6602478027344,-2.545170783996582,283.46881103515625,0.5098916292190552,-0.8526545763015747,0.03713250160217285,1.0,1.0,12.303882598876953,0.12777948379516602
15.336395263671875,0.7001493573188782,-0.7594138383865356,0.03732647746801376,0.0002596033737063408,3.7388763427734375,279.18450927734375,-2.4024529457092285,283.5101013183594,0.5636293888092041,-0.7598573565483093,-0.006500959396362305,1.0,1.0,12.303882598876953,0.14185619354248047
15.336894035339355,0.8095176219940186,-0.6579331755638123,0.011545228771865368,0.002120204269886017,3.8781890869140625,279.18450927734375,-2.2602646350860596,283.5285339355469,0.7256616353988647,-0.6646801233291626,0.04254865646362305,1.0,1.0,12.303882598876953,0.14473199844360352
15.337394714355469,0.8954491019248962,-0.5361564755439758,0.005099915899336338,-0.01462520845234394,4.040050506591797,300.6602478027344,-2.1173717975616455,283.57598876953125,0.8103370070457458,-0.5820164680480957,0.01827239990234375,1.0,1.0,12.303882598876953,0.1257634162902832
15.33789348602295,0.9618508815765381,-0.4008488655090332,0.059885069727897644,-0.0071828025393188,4.190080642700195,300.6602478027344,-1.974494457244873,283.6217956542969,0.8945925831794739,-0.46649911999702454,0.017598390579223633,1.0,1.0,12.303882598876953,0.11861038208007812
15.338394165039062,1.0136054754257202,-0.26384973526000977,0.0002659326419234276,-0.009973705746233463,4.296472549438477,257.7087707519531,-1.8327133655548096,283.6206359863281,0.962090253829956,-0.31999102234840393,0.03547358512878418,1.0,1.0,12.303882598876953,0.15399980545043945
15.33889389038086,1.0302060842514038,-0.11332010477781296,0.040549136698246,0.0077020092867314816,4.425325393676758,257.7087707519531,-1.6897828578948975,283.66766357421875,0.9264967441558838,-0.18599528074264526,0.015447378158569336,1.0,1.0,12.303882598876953,0.1680769920349121
15.339393615722656,1.0389946699142456,0.03720952942967415,0.016379212960600853,-0.0025312991347163916,4.587430953979492,290.21258544921875,-1.5475573539733887,283.6842956542969,0.967617392539978,-0.044776152819395065,0.025144100189208984,1.0,1.0,12.303882598876953,0.14819717407226562
15.339893341064453,1.0126287937164307,0.19112199544906616,0.011545228771865368,-0.01090400479733944,4.732248306274414,290.21258544921875,-1.405132532119751,283.7087707519531,0.8595341444015503,0.07840577512979507,0.01991438865661621,1.0,1.0,12.303882598876953,0.14580488204956055
15.340394020080566,0.9852872490882874,0.3264296054840088,0.030881166458129883,0.005841407459229231,4.888343811035156,300.6602478027344,-1.2618306875228882,283.7695007324219,0.9439399838447571,0.22684335708618164,0.021515607833862305,1.0,1.0,12.303882598876953,0.1330108642578125
15.340892791748047,0.9306032657623291,0.4617372155189514,0.04699444770812988,0.011423211544752121,5.038372039794922,300.6602478027344,-1.1195042133331299,283.7880554199219,0.9497804641723633,0.3631055951118469,0.008456707000732422,1.0,1.0,12.303882598876953,0.12530946731567383
15.341394424438477,0.8476008772850037,0.5919708609580994,0.032492496073246,0.019795918837189674,5.145021438598633,257.7087707519531,-0.9770200252532959,283.81292724609375,0.8222969174385071,0.4783024191856384,0.027731895446777344,1.0,1.0,12.303882598876953,0.16114377975463867
15.341893196105957,0.7685043811798096,0.695142924785614,0.011545229703187943,0.013283812440931797,5.273616790771484,257.7087707519531,-0.8350551128387451,283.81524658203125,0.8545396327972412,0.564728856086731,-0.057448387145996094,1.0,1.0,12.303882598876953,0.1745133399963379
15.342392921447754,0.6523011326789856,0.8016975522041321,0.03732647746801376,0.015144413337111473,5.446409225463867,300.6602478027344,-0.6924498081207275,283.84454345703125,0.7122845649719238,0.6813574433326721,-0.02064967155456543,1.0,1.0,12.303882598876953,0.14432668685913086
15.34289264678955,0.530238926410675,0.8913388848304749,0.0018772603943943977,0.015144413337111473,5.59674072265625,300.6602478027344,-0.549501895904541,283.8874816894531,0.5539144277572632,0.7816427946090698,0.0276944637298584,1.0,1.0,12.303882598876953,0.13694286346435547
15.343393325805664,0.38962268829345703,0.9589928984642029,0.05827374756336212,0.010492912493646145,5.736383438110352,290.21258544921875,-0.40561938285827637,283.968994140625,0.43629494309425354,0.8476428985595703,0.02498769760131836,1.0,1.0,12.303882598876953,0.14118242263793945
15.343892097473145,0.25486621260643005,1.0063505172729492,0.027658510953187943,0.011423211544752121,5.881200790405273,290.21258544921875,-0.26241326332092285,284.0201416015625,0.33749908208847046,0.9312315583229065,0.00938558578491211,1.0,1.0,12.303882598876953,0.1395716667175293
15.344392776489258,0.10839162021875381,1.0334117412567139,0.011545229703187943,0.011423211544752121,6.026298522949219,289.9223937988281,-0.11957335472106934,284.0548400878906,0.19868597388267517,0.9633787870407104,0.010874748229980469,1.0,1.0,12.303882598876953,0.1373133659362793
15.344891548156738,-0.043942343443632126,1.0367945432662964,0.014767886139452457,0.018865616992115974,6.170969009399414,289.9223937988281,0.024470090866088867,284.1395568847656,0.053449250757694244,0.9667149186134338,0.015030384063720703,1.0,1.0,12.303882598876953,0.1366868019104004
15.345392227172852,-0.18846434354782104,1.019881010055542,-0.014236019924283028,0.03002922609448433,5.5789947509765625e-05,257.96673583984375,0.1676187515258789,284.1850280761719,-0.10084863007068634,0.9902938604354858,0.028674602508544922,1.0,1.0,12.303882598876953,0.16756296157836914
15.345891952514648,-0.3388448655605316,0.9860541224479675,0.0034885872155427933,0.021656520664691925,0.12904024124145508,257.96673583984375,0.3106689453125,284.2253723144531,-0.26812589168548584,0.9534555673599243,0.058409929275512695,1.0,1.0,12.303882598876953,0.18162870407104492
15.346391677856445,-0.4833667576313019,0.9251657724380493,0.014767883345484734,0.03188982605934143,0.31760454177856445,316.1517028808594,0.4560234546661377,284.36181640625,-0.42975321412086487,0.8871513605117798,0.09020447731018066,1.0,1.0,12.303882598876953,0.13841891288757324
15.346892356872559,-0.6064055562019348,0.8473638296127319,0.019601868465542793,0.010492909699678421,0.475679874420166,316.1517028808594,0.600844144821167,284.4725646972656,-0.5072054862976074,0.846198558807373,0.03405332565307617,1.0,1.0,12.303882598876953,0.12516427040100098
15.347392082214355,-0.7187028527259827,0.7475744485855103,-0.023903990164399147,0.002120204269886017,0.6020646095275879,286.6160583496094,0.744788408279419,284.5440979003906,-0.573573887348175,0.7590056657791138,-0.00286102294921875,1.0,1.0,12.303882598876953,0.14272379875183105
15.347891807556152,-0.822211742401123,0.6427108645439148,0.001877260161563754,0.0002596029080450535,0.7453713417053223,286.6160583496094,0.8867599964141846,284.5314025878906,-0.6874456405639648,0.6757383942604065,0.0020360946655273438,1.0,1.0,12.303882598876953,0.1413886547088623
15.34839153289795,-0.9061905741691589,0.517551600933075,-0.023903988301753998,0.003980806563049555,0.8920636177062988,289.9223937988281,1.030306100845337,284.5852966308594,-0.8149310350418091,0.5651750564575195,0.029063701629638672,1.0,1.0,12.303882598876953,0.13824248313903809
15.348891258239746,-0.9706394672393799,0.3856266438961029,-0.015847347676753998,0.0011899039382115006,1.036736011505127,289.9223937988281,1.1736137866973877,284.6280212402344,-0.9023007154464722,0.4572161138057709,0.023101329803466797,1.0,1.0,12.303882598876953,0.13687777519226074
15.34939193725586,-1.0106762647628784,0.2486279308795929,-0.012624693103134632,-0.009973705746233463,1.149000644683838,257.7087707519531,1.3156726360321045,284.61737060546875,-0.9281877279281616,0.37720537185668945,-0.03619956970214844,1.0,1.0,12.303882598876953,0.1666719913482666
15.34989070892334,-1.0419241189956665,0.10655464231967926,-0.009402036666870117,0.0030505049508064985,1.2775979042053223,257.7087707519531,1.4577744007110596,284.60882568359375,-1.0212143659591675,0.23424169421195984,-0.0177001953125,1.0,1.0,12.303882598876953,0.1801764965057373
15.350391387939453,-1.0438770055770874,-0.04904914274811745,0.009933901019394398,-0.006252501625567675,1.450390338897705,300.6602478027344,1.6002156734466553,284.614501953125,-0.9779287576675415,0.0613253228366375,0.0027942657470703125,1.0,1.0,12.303882598876953,0.1498253345489502
15.35089111328125,-1.024346947669983,-0.19788725674152374,-0.004568052012473345,-0.0071828025393188,1.600719928741455,300.6602478027344,1.7428619861602783,284.6287536621094,-0.9432771801948547,-0.08975374698638916,0.01770782470703125,1.0,1.0,12.303882598876953,0.14214205741882324
15.351390838623047,-0.9882165789604187,-0.34165164828300476,-0.019070005044341087,-0.01183430664241314,1.7400670051574707,289.9223937988281,1.8858797550201416,284.6582336425781,-0.9587479829788208,-0.220697820186615,0.006038188934326172,1.0,1.0,12.303882598876953,0.1458127498626709
15.351890563964844,-0.9325563311576843,-0.4786507785320282,-0.009402036666870117,-0.004391900729387999,1.8850274085998535,289.9223937988281,2.028245210647583,284.6598205566406,-0.9329376816749573,-0.37441393733024597,0.019125938415527344,1.0,1.0,12.303882598876953,0.1432178020477295
15.352391242980957,-0.8505303263664246,-0.607193112373352,-0.012624692171812057,0.0011899039382115006,2.041281223297119,300.96124267578125,2.171154737472534,284.6839904785156,-0.857483983039856,-0.47249236702919006,-0.0018863677978515625,1.0,1.0,12.303882598876953,0.12987351417541504
15.352890014648438,-0.7567865252494812,-0.7222045660018921,-0.023903990164399147,-0.010904005728662014,2.1914620399475098,300.96124267578125,2.3140451908111572,284.7070617675781,-0.7826255559921265,-0.606235146522522,0.0107269287109375,1.0,1.0,12.303882598876953,0.12258315086364746
15.35339069366455,-0.6435126662254333,-0.8236852288246155,-0.017458677291870117,-0.010904005728662014,2.2979531288146973,257.7087707519531,2.4564592838287354,284.7095947265625,-0.6569321751594543,-0.7034873366355896,0.028924942016601562,1.0,1.0,12.303882598876953,0.15850615501403809
15.353890419006348,-0.5204737782478333,-0.9014869928359985,0.022824525833129883,-0.015555508434772491,2.426548480987549,257.7087707519531,2.600994348526001,284.8011474609375,-0.550989031791687,-0.7735595703125,0.016640663146972656,1.0,1.0,12.303882598876953,0.17444586753845215
15.354391098022461,-0.3857170343399048,-0.9725233912467957,-0.009402036666870117,-0.01183430664241314,2.599644184112549,300.6602478027344,2.7428829669952393,284.7796936035156,-0.4388848841190338,-0.8227604627609253,0.0035762786865234375,1.0,1.0,12.303882598876953,0.14323878288269043
15.354889869689941,-0.24510131776332855,-1.0164985656738281,-0.009402036666870117,-0.008113102987408638,2.7496724128723145,300.6602478027344,2.886622667312622,284.8364562988281,-0.30341994762420654,-0.9304748773574829,0.034800052642822266,1.0,1.0,12.303882598876953,0.13695025444030762
15.355389595031738,-0.09472017735242844,-1.0435597896575928,-0.004568052478134632,-0.01648581027984619,2.90031099319458,300.96124267578125,3.0297811031341553,284.8675842285156,-0.14520855247974396,-0.9640123844146729,0.05745983123779297,1.0,1.0,12.303882598876953,0.1294701099395752
15.355890274047852,0.04980110004544258,-1.0401774644851685,-0.0013453960418701172,-0.023928215727210045,3.0507922172546387,300.96124267578125,-3.111077308654785,284.8631896972656,-0.06784713268280029,-0.966468870639801,-0.005713701248168945,1.0,1.0,12.303882598876953,0.12131595611572266
15.356389999389648,0.2060411125421524,-1.0266464948654175,-0.0029567237943410873,-0.021137313917279243,3.1569809913635254,257.7087707519531,-2.9668803215026855,284.9375305175781,0.12998396158218384,-0.9719580411911011,0.053392887115478516,1.0,1.0,12.303882598876953,0.15932416915893555
15.356888771057129,0.34275126457214355,-0.9826716780662537,0.0018772603943943977,-0.0071828025393188,3.2855772972106934,257.7087707519531,-2.823045015335083,284.9947204589844,0.20968356728553772,-0.944993257522583,-0.005262613296508789,1.0,1.0,12.303882598876953,0.17456293106079102
15.357388496398926,0.4911784827709198,-0.9285486340522766,0.009933901019394398,-0.01741611212491989,3.447683811187744,290.21258544921875,-2.6790339946746826,285.05841064453125,0.4169243276119232,-0.8952780961990356,0.06853199005126953,1.0,1.0,12.303882598876953,0.15646791458129883
15.357889175415039,0.6064053177833557,-0.8405986428260803,-0.015847349539399147,-0.01741611212491989,3.592790126800537,290.21258544921875,-2.535695791244507,285.0919189453125,0.3865704834461212,-0.8422937989234924,-0.08097600936889648,1.0,1.0,12.303882598876953,0.15469980239868164
15.358389854431152,0.726514995098114,-0.7475744485855103,0.04216046258807182,-0.0025312991347163916,3.73759126663208,289.6327819824219,-2.3909504413604736,285.1844787597656,0.6355792880058289,-0.7621355652809143,0.039641618728637695,1.0,1.0,12.303882598876953,0.15464353561401367
15.358888626098633,0.8310001492500305,-0.6342543959617615,0.059885069727897644,-0.025788817554712296,3.882119655609131,289.6327819824219,-2.246724843978882,285.25335693359375,0.7534725069999695,-0.6541658043861389,0.05623912811279297,1.0,1.0,12.303882598876953,0.1543412208557129
15.359390258789062,0.9149792194366455,-0.5090950727462769,0.0002659335732460022,-0.022997913882136345,4.02752161026001,289.9223937988281,-2.102935314178467,285.30230712890625,0.8023821115493774,-0.5433404445648193,0.03209972381591797,1.0,1.0,12.303882598876953,0.15272855758666992
15.359889030456543,0.9764984250068665,-0.3754785656929016,0.05505108833312988,-0.004391897935420275,4.1721930503845215,289.9223937988281,-1.9595115184783936,285.3346862792969,0.8875446915626526,-0.44095540046691895,0.022774219512939453,1.0,1.0,12.303882598876953,0.15148115158081055
15.36038875579834,1.0214176177978516,-0.23002305626869202,0.0034885883796960115,-0.004391900729387999,4.2954583168029785,268.7153625488281,-1.816835641860962,285.3348388671875,0.8786009550094604,-0.30852970480918884,0.003414630889892578,1.0,1.0,12.303882598876953,0.17089128494262695
15.36088752746582,1.036064863204956,-0.0828760415315628,0.040549136698246,0.0077020092867314816,4.429548740386963,268.7153625488281,-1.673733115196228,285.3530578613281,0.9358247518539429,-0.17613084614276886,0.012029170989990234,1.0,1.0,12.303882598876953,0.17990350723266602
15.36138916015625,1.038994550704956,0.06427117437124252,0.009933901019394398,-0.0025312991347163916,4.585890293121338,289.9223937988281,-1.5303391218185425,285.38336181640625,0.9733890295028687,-0.0310929324477911,0.022791147232055664,1.0,1.0,12.303882598876953,0.16695594787597656
15.36188793182373,1.0096997022628784,0.21649213135242462,-0.014236020855605602,0.007702008821070194,4.73056173324585,289.9223937988281,-1.387515902519226,285.3887939453125,0.8774155974388123,0.09092439711093903,0.015128850936889648,1.0,1.0,12.303882598876953,0.16510772705078125
15.362388610839844,0.9823574423789978,0.35179996490478516,0.017990540713071823,0.0021202038042247295,4.8868088722229,300.6602478027344,-1.244354248046875,285.4084777832031,0.955009400844574,0.2476222813129425,0.022446155548095703,1.0,1.0,12.303882598876953,0.1520223617553711
15.36288833618164,0.9198616147041321,0.4803421199321747,0.021213198080658913,0.018865616992115974,5.036837100982666,300.6602478027344,-1.1013591289520264,285.420654296875,0.9477912187576294,0.35043495893478394,-0.020274639129638672,1.0,1.0,12.303882598876953,0.1449894905090332
15.363388061523438,0.8358827233314514,0.6055015921592712,0.005099916364997625,0.00025960284983739257,5.176184177398682,289.9223937988281,-0.9586827754974365,285.41912841796875,0.8603091835975647,0.4428606331348419,-0.04179835319519043,1.0,1.0,12.303882598876953,0.14831876754760742
15.363887786865234,0.7499511241912842,0.7137475609779358,0.0018772603943943977,0.015144413337111473,5.3211445808410645,289.9223937988281,-0.8159563541412354,285.4197998046875,0.8470526933670044,0.5795686841011047,-0.05993819236755371,1.0,1.0,12.303882598876953,0.14608430862426758
15.364387512207031,0.6317946910858154,0.8236852288246155,0.026047181338071823,0.006771707441657782,5.433416843414307,257.96673583984375,-0.6732714176177979,285.4188537597656,0.6720722317695618,0.7032274007797241,0.005643367767333984,1.0,1.0,12.303882598876953,0.1764969825744629
15.364887237548828,0.5028967261314392,0.9048697352409363,0.014767886139452457,0.018865616992115974,5.562140941619873,257.96673583984375,-0.529604434967041,285.45904541015625,0.5344159007072449,0.784945011138916,0.027082443237304688,1.0,1.0,12.303882598876953,0.19144010543823242
15.365387916564941,0.366187185049057,0.9657580852508545,0.006711243651807308,0.019795916974544525,5.724104404449463,289.9223937988281,-0.3846406936645508,285.5529479980469,0.41462647914886475,0.8431288599967957,0.02283477783203125,1.0,1.0,12.303882598876953,0.1744403839111328
15.365886688232422,0.22361837327480316,1.0131157636642456,0.04377179220318794,0.02816862426698208,5.868774890899658,289.9223937988281,-0.2414414882659912,285.57073974609375,0.30230623483657837,0.9306018352508545,0.022587060928344727,1.0,1.0,12.303882598876953,0.17296934127807617
15.366387367248535,0.07714316248893738,1.0367945432662964,0.0018772603943943977,0.013283812440931797,6.025030612945557,300.96124267578125,-0.09693551063537598,285.64300537109375,0.15215110778808594,0.9563837647438049,0.03448367118835449,1.0,1.0,12.303882598876953,0.16121912002563477
15.366887092590332,-0.0732373595237732,1.0334117412567139,0.009933901019394398,0.021656520664691925,6.175510883331299,300.96124267578125,0.047594547271728516,285.714599609375,0.04067850485444069,0.9558741450309753,0.005091667175292969,1.0,1.0,12.303882598876953,0.15526914596557617
15.367386817932129,-0.2158062905073166,1.0131157636642456,0.00026593171060085297,0.019795916974544525,0.04249763488769531,300.6602478027344,0.1900331974029541,285.6969909667969,-0.0907866507768631,0.967106819152832,-0.0012485980987548828,1.0,1.0,12.303882598876953,0.1475355625152588
15.367886543273926,-0.36814001202583313,0.9759061932563782,-0.004568052478134632,0.017005017027258873,0.1928262710571289,300.6602478027344,0.3351471424102783,285.7926940917969,-0.34036263823509216,0.9389676451683044,0.10828185081481934,1.0,1.0,12.303882598876953,0.14232087135314941
15.368387222290039,-0.5048499703407288,0.9048697352409363,-0.03518328815698624,0.0030505037866532803,0.3130645751953125,271.27239990234375,0.4810526371002197,285.9192810058594,-0.4140075147151947,0.8634238839149475,0.06157803535461426,1.0,1.0,12.303882598876953,0.16798806190490723
15.368886947631836,-0.6239826083183289,0.8236852288246155,-0.020681332796812057,0.02816862426698208,0.4487018585205078,271.27239990234375,0.6237461566925049,285.9079895019531,-0.46439141035079956,0.8308292031288147,-0.018877267837524414,1.0,1.0,12.303882598876953,0.17504429817199707
15.369386672973633,-0.7382330298423767,0.7340439558029175,0.006711244583129883,-0.0025312991347163916,0.578557014465332,265.8900146484375,0.7678024768829346,285.9543762207031,-0.6240196824073792,0.7622817158699036,0.013521671295166016,1.0,1.0,12.303882598876953,0.18924546241760254
15.36988639831543,-0.8407652378082275,0.6173409819602966,-0.009402036666870117,0.008632308803498745,0.7112350463867188,265.8900146484375,0.9119312763214111,286.0027160644531,-0.7601003050804138,0.650549054145813,0.04645681381225586,1.0,1.0,12.303882598876953,0.20069622993469238
15.370387077331543,-0.9188851714134216,0.4887990653514862,-0.027126645669341087,0.005841407459229231,0.891047477722168,311.3981018066406,1.0558364391326904,286.0406188964844,-0.8114514946937561,0.5254815220832825,0.03573942184448242,1.0,1.0,12.303882598876953,0.16478896141052246
15.370885848999023,-0.9764988422393799,0.35518255829811096,0.0018772599287331104,0.00398080563172698,1.0464344024658203,311.3981018066406,1.199228048324585,286.0562438964844,-0.8633852005004883,0.42940592765808105,0.005373477935791016,1.0,1.0,12.303882598876953,0.15279364585876465
15.37138557434082,-1.0184880495071411,0.21480081975460052,0.008322572335600853,0.011423211544752121,1.1362247467041016,246.97091674804688,1.3425228595733643,286.0675048828125,-0.9374788999557495,0.30597519874572754,0.008140087127685547,1.0,1.0,12.303882598876953,0.2062981128692627
15.371886253356934,-1.0350886583328247,0.06427117437124252,-0.027126645669341087,0.0002596033737063408,1.2597084045410156,246.97091674804688,1.4862983226776123,286.0984802246094,-0.9405679106712341,0.1811177283525467,-0.010456085205078125,1.0,1.0,12.303882598876953,0.22658991813659668
15.37238597869873,-1.0341122150421143,-0.0794932097196579,0.003488588146865368,-0.009973705746233463,1.4274311065673828,290.21258544921875,1.6291840076446533,286.0916442871094,-0.9508422613143921,0.04535527527332306,-0.010776042938232422,1.0,1.0,12.303882598876953,0.2017529010772705
15.372885704040527,-1.0096995830535889,-0.2300228476524353,-0.011013364419341087,-0.0034615995828062296,1.5725374221801758,290.21258544921875,1.7720887660980225,286.0857849121094,-0.9315511584281921,-0.1004512757062912,0.0014495849609375,1.0,1.0,12.303882598876953,0.19955134391784668
15.37338638305664,-0.9647805690765381,-0.3687130808830261,-0.019070003181695938,-0.021137313917279243,1.7393369674682617,311.3981018066406,1.914668321609497,286.0662536621094,-0.9123674035072327,-0.20430240035057068,-0.028387069702148438,1.0,1.0,12.303882598876953,0.17533135414123535
15.373885154724121,-0.9081437587738037,-0.5006380677223206,-0.004568052012473345,-0.0071828025393188,1.8947248458862305,311.3981018066406,2.056076765060425,285.998046875,-0.8936333656311035,-0.3474966585636139,-0.019206523895263672,1.0,1.0,12.303882598876953,0.16135191917419434
15.374385833740234,-0.8358827233314514,-0.619032084941864,0.014767885208129883,-0.01462520845234394,2.028744697570801,289.9223937988281,2.1969892978668213,285.9098815917969,-0.9020058512687683,-0.4415999948978424,-0.07597732543945312,1.0,1.0,12.303882598876953,0.1682446002960205
15.374884605407715,-0.7411625385284424,-0.7289698123931885,-0.023903988301753998,-0.016485808417201042,2.1734161376953125,289.9223937988281,2.3386995792388916,285.8576354980469,-0.7816441059112549,-0.5825504064559937,-0.03231620788574219,1.0,1.0,12.303882598876953,0.1652834415435791
15.375386238098145,-0.6220296025276184,-0.8270678520202637,-0.03518328443169594,-0.045325130224227905,2.285679817199707,257.7087707519531,2.4805195331573486,285.81103515625,-0.659126877784729,-0.6874877214431763,-0.008073806762695312,1.0,1.0,12.303882598876953,0.1948397159576416
15.375885009765625,-0.49703773856163025,-0.9116352200508118,0.016379212960600853,-0.019276710227131844,2.414276123046875,257.7087707519531,2.6254546642303467,285.89642333984375,-0.5059899687767029,-0.7990882992744446,0.04711008071899414,1.0,1.0,12.303882598876953,0.21117854118347168
15.376384735107422,-0.3642340898513794,-0.9691409468650818,-0.007790708914399147,-0.020207012072205544,2.57608699798584,289.9223937988281,2.7671139240264893,285.84222412109375,-0.4374191164970398,-0.8286702036857605,-0.016034603118896484,1.0,1.0,12.303882598876953,0.19102692604064941
15.376885414123535,-0.21971233189105988,-1.0164985656738281,-0.031960628926754,-0.021137313917279243,2.7210474014282227,289.9223937988281,2.9098265171051025,285.83349609375,-0.29257306456565857,-0.9168792366981506,0.018194198608398438,1.0,1.0,12.303882598876953,0.18877911567687988
15.377385139465332,-0.07519032061100006,-1.0334117412567139,-0.019070006906986237,-0.022997915744781494,2.866304397583008,290.21258544921875,3.052825689315796,285.8368835449219,-0.15853099524974823,-0.9449336528778076,0.017856597900390625,1.0,1.0,12.303882598876953,0.18652129173278809
15.377883911132812,0.06347231566905975,-1.0266464948654175,-0.006179379299283028,-0.019276710227131844,3.0111207962036133,290.21258544921875,-3.0877606868743896,285.82318115234375,-0.1036846935749054,-0.9461159706115723,-0.0680391788482666,1.0,1.0,12.303882598876953,0.18430376052856445
15.37838363647461,0.20994752645492554,-1.0063505172729492,0.03732647746801376,-0.022067615762352943,3.166914939880371,300.6602478027344,-2.943922519683838,285.8623352050781,0.07737145572900772,-0.9575619101524353,-0.021892070770263672,1.0,1.0,12.303882598876953,0.1723480224609375
15.378884315490723,0.3505629003047943,-0.9691409468650818,0.030881166458129883,-0.01648581027984619,3.3172454833984375,300.6602478027344,-2.8010942935943604,285.85809326171875,0.2139599323272705,-0.9532665014266968,-0.024567842483520508,1.0,1.0,12.303882598876953,0.16484594345092773
15.37938404083252,0.4911784827709198,-0.9082521796226501,0.019601868465542793,-0.019276710227131844,3.423900604248047,257.96673583984375,-2.658107280731201,285.8606262207031,0.3641943633556366,-0.8832958936691284,0.0028464794158935547,1.0,1.0,12.303882598876953,0.20117759704589844
15.379883766174316,0.6034765243530273,-0.8253763318061829,-0.007790707983076572,-0.01462520845234394,3.552884101867676,257.96673583984375,-2.515834093093872,285.8326721191406,0.3643130958080292,-0.8367365002632141,-0.12038278579711914,1.0,1.0,12.303882598876953,0.21446752548217773
15.380383491516113,0.726514995098114,-0.7340437173843384,0.03893780708312988,-0.0006706981803290546,3.71429443359375,289.6327819824219,-2.3719875812530518,285.8719482421875,0.601141631603241,-0.7367197871208191,0.010088682174682617,1.0,1.0,12.303882598876953,0.19690370559692383
15.380884170532227,0.8163530826568604,-0.619032084941864,-0.006179379764944315,-0.01183430664241314,3.8591108322143555,289.6327819824219,-2.2295076847076416,285.8528137207031,0.6300845146179199,-0.6523374319076538,-0.04900097846984863,1.0,1.0,12.303882598876953,0.19456720352172852
15.381383895874023,0.9091200828552246,-0.49894675612449646,0.0018772603943943977,-0.01648581027984619,4.015207290649414,300.6602478027344,-2.086348295211792,285.8625793457031,0.797832727432251,-0.5481282472610474,0.00887155532836914,1.0,1.0,12.303882598876953,0.18162965774536133
15.381882667541504,0.9677100777626038,-0.36363914608955383,0.059885069727897644,-0.0071828025393188,4.165236473083496,300.6602478027344,-1.9421173334121704,285.91705322265625,0.8709676861763,-0.4412095844745636,-0.002318859100341797,1.0,1.0,12.303882598876953,0.17583179473876953
15.382384300231934,1.0077463388442993,-0.22664020955562592,0.016379212960600853,-0.0006706981803290546,4.305179595947266,290.21258544921875,-1.8001543283462524,285.87530517578125,0.9071817398071289,-0.3193592131137848,-0.013937234878540039,1.0,1.0,12.303882598876953,0.17785167694091797
15.382883071899414,1.0292295217514038,-0.0811847373843193,0.009933901019394398,-0.0025312991347163916,4.449995040893555,290.21258544921875,-1.6585866212844849,285.81768798828125,0.9139113426208496,-0.18811248242855072,-0.020061016082763672,1.0,1.0,12.303882598876953,0.17460393905639648
15.383382797241211,1.0282528400421143,0.06257964670658112,0.021213198080658913,0.0039808060973882675,4.561850547790527,257.7087707519531,-1.5163378715515137,285.7899475097656,0.9776591658592224,-0.06752888113260269,-0.02831888198852539,1.0,1.0,12.303882598876953,0.20499706268310547
15.383882522583008,1.0048171281814575,0.21141797304153442,0.030881166458129883,0.013283812440931797,4.690705299377441,257.7087707519531,-1.3745558261871338,285.74322509765625,0.9282130002975464,0.08860687911510468,-0.005888938903808594,1.0,1.0,12.303882598876953,0.2179245948791504
15.384384155273438,0.9696629643440247,0.34672579169273376,0.024435853585600853,0.009562610648572445,4.863799095153809,300.6602478027344,-1.232011079788208,285.7293701171875,0.9219682812690735,0.20724990963935852,-0.022564172744750977,1.0,1.0,12.303882598876953,0.18737554550170898
15.384882926940918,0.9091200828552246,0.4786507785320282,0.029269836843013763,0.016074713319540024,5.013828277587891,300.6602478027344,-1.0895512104034424,285.71240234375,0.9033255577087402,0.34886857867240906,-0.017566442489624023,1.0,1.0,12.303882598876953,0.17980623245239258
15.385382652282715,0.8329535126686096,0.6038103103637695,0.022824525833129883,0.0049111065454781055,5.153470993041992,290.21258544921875,-0.9475879669189453,285.6748046875,0.8548435568809509,0.4652637541294098,-0.029718875885009766,1.0,1.0,12.303882598876953,0.18212652206420898
15.385882377624512,0.7392097115516663,0.7188217043876648,0.0018772603943943977,0.017005017027258873,5.298286437988281,290.21258544921875,-0.8053710460662842,285.6487731933594,0.7327520847320557,0.6092401742935181,0.023467063903808594,1.0,1.0,12.303882598876953,0.17952775955200195
15.386383056640625,0.6308181881904602,0.8118456602096558,0.048605773597955704,0.03095952421426773,5.410399436950684,257.7087707519531,-0.6639940738677979,285.58782958984375,0.7005939483642578,0.6844176650047302,-0.03808927536010742,1.0,1.0,12.303882598876953,0.20879220962524414
15.386881828308105,0.500943660736084,0.8947216868400574,0.008322573266923428,0.022586818784475327,5.53899621963501,257.7087707519531,-0.5213091373443604,285.5833740234375,0.4927251935005188,0.7471807599067688,0.0336146354675293,1.0,1.0,12.303882598876953,0.22287988662719727
15.387382507324219,0.3759516179561615,0.9522274136543274,0.026047181338071823,0.006771707441657782,5.701094627380371,289.9223937988281,-0.3783607482910156,285.5897216796875,0.4594005346298218,0.8356850743293762,-0.029242992401123047,1.0,1.0,12.303882598876953,0.20373010635375977
15.387882232666016,0.23533612489700317,0.9962021708488464,0.00026593171060085297,0.023517118766903877,5.845766544342041,289.9223937988281,-0.23528194427490234,285.60174560546875,0.30104881525039673,0.9040511250495911,0.009027242660522461,1.0,1.0,12.303882598876953,0.20213699340820312
15.388381958007812,0.09472054243087769,1.019881010055542,0.003488588612526655,0.008632308803498745,6.002019882202148,300.96124267578125,-0.09347748756408691,285.55987548828125,0.19079692661762238,0.9328586459159851,-0.013180732727050781,1.0,1.0,12.303882598876953,0.18768835067749023
15.38888168334961,-0.051754429936409,1.019881010055542,-0.011013364419341087,0.011423211544752121,6.152501106262207,300.96124267578125,0.0493011474609375,285.5595703125,0.08136782795190811,0.9540267586708069,-0.039405107498168945,1.0,1.0,12.303882598876953,0.17998552322387695
15.389382362365723,-0.1943231076002121,1.0029675960540771,-0.025515317916870117,0.03095952793955803,0.00849151611328125,289.9223937988281,0.19070076942443848,285.501708984375,-0.07553087174892426,0.9467527866363525,-0.016032934188842773,1.0,1.0,12.303882598876953,0.18220925331115723
15.38988208770752,-0.34275102615356445,0.9691409468650818,-0.007790708914399147,0.015144414268434048,0.15345335006713867,289.9223937988281,0.33307862281799316,285.4862976074219,-0.25675472617149353,0.9157504439353943,0.03554701805114746,1.0,1.0,12.303882598876953,0.1796252727508545
15.390381813049316,-0.4755549132823944,0.9082521796226501,0.006711244583129883,0.025377722457051277,0.27931642532348633,271.27239990234375,0.4775364398956299,285.55828857421875,-0.35562607645988464,0.8973017930984497,-0.0050771236419677734,1.0,1.0,12.303882598876953,0.19822001457214355
15.390880584716797,-0.6073821783065796,0.8321418166160583,0.029269836843013763,0.016074713319540024,0.41468191146850586,271.27239990234375,0.6206574440002441,285.57269287109375,-0.49612516164779663,0.8077436685562134,0.025400400161743164,1.0,1.0,12.303882598876953,0.20597553253173828
15.39138126373291,-0.7118673920631409,0.7391176819801331,-0.022292662411928177,0.0011899027740582824,0.5664882659912109,286.3431091308594,0.7639119625091553,285.59210205078125,-0.5772875547409058,0.7658447027206421,-0.022929668426513672,1.0,1.0,12.303882598876953,0.19742369651794434
15.391880989074707,-0.8095173835754395,0.6308719515800476,-0.011013364419341087,0.007702008355408907,0.7096600532531738,286.3431091308594,0.9062039852142334,285.5708923339844,-0.7045518755912781,0.6924649477005005,-0.017077922821044922,1.0,1.0,12.303882598876953,0.19654393196105957
15.39238166809082,-0.8944727778434753,0.5107863545417786,-0.012624692171812057,-0.008113102987408638,0.8677787780761719,300.6602478027344,1.0494067668914795,285.5884704589844,-0.7868277430534363,0.5625154972076416,-0.0041408538818359375,1.0,1.0,12.303882598876953,0.18162798881530762
15.392881393432617,-0.9589214324951172,0.3788613975048065,-0.027126645669341087,0.002120204269886017,1.017807960510254,300.6602478027344,1.1926038265228271,285.6054382324219,-0.8794727325439453,0.46155840158462524,-0.009990692138671875,1.0,1.0,12.303882598876953,0.17479586601257324
15.393381118774414,-1.0048171281814575,0.2384796291589737,0.022824525833129883,0.025377722457051277,1.1461687088012695,279.18450927734375,1.3338501453399658,285.5400085449219,-0.8985023498535156,0.34059938788414,-0.03038167953491211,1.0,1.0,12.303882598876953,0.1876814365386963
15.393880844116211,-1.025323748588562,0.09471523761749268,-0.03357195854187012,-0.0034615995828062296,1.2857613563537598,279.18450927734375,1.4760510921478271,285.5158386230469,-0.9326545000076294,0.20583654940128326,-0.027457714080810547,1.0,1.0,12.303882598876953,0.19028973579406738
15.394380569458008,-1.0331356525421143,-0.04735761880874634,0.005099916364997625,-0.009043403901159763,1.4146437644958496,268.7153625488281,1.6177408695220947,285.4710388183594,-0.9690459370613098,0.049170657992362976,-0.0025386810302734375,1.0,1.0,12.303882598876953,0.20309710502624512
15.394880294799805,-1.0155584812164307,-0.19281353056430817,-0.028737973421812057,-0.01183430664241314,1.5487322807312012,268.7153625488281,1.7597711086273193,285.44140625,-1.0012176036834717,-0.09435015171766281,8.821487426757812e-05,1.0,1.0,12.303882598876953,0.21103882789611816
15.395380973815918,-0.9628276228904724,-0.3382689952850342,-0.023903990164399147,-0.01462520845234394,1.7050743103027344,289.9223937988281,1.9019520282745361,285.41864013671875,-0.8615062236785889,-0.16943691670894623,-0.0420379638671875,1.0,1.0,12.303882598876953,0.19687771797180176
15.395879745483398,-0.9169321656227112,-0.4651198387145996,-0.020681334659457207,-0.012764607556164265,1.8497462272644043,289.9223937988281,2.042884111404419,285.34393310546875,-0.9111838936805725,-0.313027560710907,-0.046301841735839844,1.0,1.0,12.303882598876953,0.19313788414001465
15.396381378173828,-0.8436949253082275,-0.5852056741714478,-0.020681334659457207,-0.029510019347071648,2.0059924125671387,300.6602478027344,2.1839373111724854,285.27581787109375,-0.8832637667655945,-0.43386146426200867,-0.061765193939208984,1.0,1.0,12.303882598876953,0.17794489860534668
15.396880149841309,-0.7548334002494812,-0.6985255479812622,-0.017458677291870117,-0.023928213864564896,2.1560215950012207,300.6602478027344,2.324786901473999,285.2006530761719,-0.8118100762367249,-0.5674364566802979,-0.0491328239440918,1.0,1.0,12.303882598876953,0.16876530647277832
15.397379875183105,-0.6454656720161438,-0.8000064492225647,-0.012624692171812057,-0.013694907538592815,2.2953672409057617,289.9223937988281,2.4649689197540283,285.0990905761719,-0.6538875699043274,-0.6477351784706116,-0.01858806610107422,1.0,1.0,12.303882598876953,0.1696016788482666
15.397879600524902,-0.5351212024688721,-0.8761168122291565,0.011545228771865368,-0.022067612037062645,2.44032883644104,289.9223937988281,2.606210947036743,285.04400634765625,-0.645740270614624,-0.757334291934967,-0.07599353790283203,1.0,1.0,12.303882598876953,0.16588211059570312
15.398380279541016,-0.4032939374446869,-0.9420793056488037,-0.007790708914399147,-0.0350918248295784,2.552335739135742,257.7087707519531,2.7457826137542725,284.9201354980469,-0.5111168622970581,-0.7795007824897766,-0.09000587463378906,1.0,1.0,12.303882598876953,0.19344687461853027
15.398879051208496,-0.27439621090888977,-0.98943692445755,0.026047181338071823,-0.013694907538592815,2.6809325218200684,257.7087707519531,2.885840654373169,284.8189697265625,-0.40914690494537354,-0.8715052008628845,-0.08864974975585938,1.0,1.0,12.303882598876953,0.20490813255310059
15.399378776550293,-0.12596826255321503,-1.0232640504837036,-0.014236020855605602,-0.020207012072205544,2.8539905548095703,300.96124267578125,3.0263383388519287,284.73907470703125,-0.1806657910346985,-0.9434753656387329,0.021013259887695312,1.0,1.0,12.303882598876953,0.1723477840423584
15.39987850189209,0.016600530594587326,-1.0232640504837036,0.027658510953187943,-0.0332312248647213,3.0044713020324707,300.96124267578125,-3.115070343017578,284.71405029296875,-0.08678833395242691,-0.9386760592460632,-0.0239565372467041,1.0,1.0,12.303882598876953,0.16364383697509766
15.400379180908203,0.163075253367424,-1.0164985656738281,0.00026593171060085297,-0.013694907538592815,3.143956422805786,290.21258544921875,-2.973567247390747,284.6784362792969,0.07355478405952454,-0.9433201551437378,0.00466156005859375,1.0,1.0,12.303882598876953,0.16566181182861328
15.40087890625,0.2978319823741913,-0.9792888760566711,0.0018772603943943977,-0.01648581027984619,3.2890625,290.21258544921875,-2.8318850994110107,284.6507263183594,0.14021359384059906,-0.9520860910415649,-0.06893587112426758,1.0,1.0,12.303882598876953,0.16223764419555664
15.401378631591797,0.43258869647979736,-0.9285486340522766,-0.0013453960418701172,-0.018346410244703293,3.4008848667144775,257.7087707519531,-2.6908810138702393,284.59515380859375,0.293432354927063,-0.9294201731681824,-0.050287723541259766,1.0,1.0,12.303882598876953,0.1914196014404297
15.40187931060791,0.5566045045852661,-0.8592034578323364,-0.023903990164399147,-0.020207012072205544,3.5297396183013916,257.7087707519531,-2.5515036582946777,284.47222900390625,0.35555073618888855,-0.8721915483474731,-0.10867619514465332,1.0,1.0,12.303882598876953,0.20194196701049805
15.402379035949707,0.6767136454582214,-0.7729445695877075,0.03571515157818794,-0.0025312991347163916,3.702268600463867,300.3598937988281,-2.4091603755950928,284.4766540527344,0.561688244342804,-0.786737859249115,-0.01769876480102539,1.0,1.0,12.303882598876953,0.17175626754760742
15.402877807617188,0.7743633389472961,-0.6646986603736877,-0.011013364419341087,-0.01462520845234394,3.8521475791931152,300.3598937988281,-2.26794695854187,284.4336853027344,0.6223970055580139,-0.6994151473045349,-0.05189681053161621,1.0,1.0,12.303882598876953,0.16309118270874023
15.4033784866333,0.8690840601921082,-0.5547611117362976,0.014767885208129883,-0.018346410244703293,3.9922475814819336,290.21258544921875,-2.1259031295776367,284.426513671875,0.781113862991333,-0.5919965505599976,0.0013489723205566406,1.0,1.0,12.303882598876953,0.16503477096557617
15.403878211975098,0.9286503791809082,-0.42452746629714966,0.051828429102897644,-0.006252501159906387,4.137063026428223,290.21258544921875,-1.9844609498977661,284.3940124511719,0.8146523833274841,-0.5131624341011047,-0.053931474685668945,1.0,1.0,12.303882598876953,0.16166162490844727
15.404378890991211,0.9901695251464844,-0.29091140627861023,0.030881166458129883,0.003980806563049555,4.282162666320801,289.9223937988281,-1.8433794975280762,284.3473815917969,0.937893807888031,-0.3516061007976532,0.008686304092407227,1.0,1.0,12.303882598876953,0.15764331817626953
15.404877662658691,1.0175114870071411,-0.14883853495121002,0.021213198080658913,0.005841407459229231,4.426834583282471,289.9223937988281,-1.7026783227920532,284.2855529785156,0.9375837445259094,-0.2331835776567459,-0.01723170280456543,1.0,1.0,12.303882598876953,0.1536726951599121
15.405378341674805,1.0321587324142456,-0.008456778712570667,-0.004568052478134632,0.005841406993567944,4.550100803375244,268.7153625488281,-1.5617865324020386,284.23309326171875,0.9729436039924622,-0.09057417511940002,-0.007162809371948242,1.0,1.0,12.303882598876953,0.17129802703857422
15.405878067016602,1.0077463388442993,0.14545570313930511,0.016379212960600853,-0.0006706981803290546,4.684458255767822,268.7153625488281,-1.4207684993743896,284.1869812011719,0.8595843315124512,0.03375367447733879,-0.016161203384399414,1.0,1.0,12.303882598876953,0.17795896530151367
15.406377792358398,0.9852872490882874,0.27907198667526245,0.014767885208129883,0.0039808060973882675,4.840235233306885,289.6327819824219,-1.2789721488952637,284.17449951171875,0.9331904053688049,0.16413521766662598,-0.023133039474487305,1.0,1.0,12.303882598876953,0.16397809982299805
15.406876564025879,0.9276736378669739,0.41945356130599976,0.005099916830658913,0.015144414268434048,4.984762191772461,289.6327819824219,-1.138063669204712,284.12506103515625,0.8363091945648193,0.2878379821777344,-0.0066165924072265625,1.0,1.0,12.303882598876953,0.16035985946655273
15.407378196716309,0.8720130920410156,0.5429219603538513,0.005099916364997625,0.00025960284983739257,5.1414570808410645,300.96124267578125,-0.9968016147613525,284.0913391113281,0.8887333273887634,0.42073413729667664,-0.03734636306762695,1.0,1.0,12.303882598876953,0.1449265480041504
15.407876968383789,0.7880341410636902,0.6545507311820984,0.014767885208129883,0.007702008355408907,5.2916364669799805,300.96124267578125,-0.8547430038452148,284.0919494628906,0.8141464591026306,0.5309191346168518,-0.043718576431274414,1.0,1.0,12.303882598876953,0.13680601119995117
15.408377647399902,0.6796430945396423,0.7678704261779785,0.014767885208129883,0.007702008355408907,5.431114673614502,289.9223937988281,-0.7122890949249268,284.1092529296875,0.6811593770980835,0.6796559691429138,0.020533084869384766,1.0,1.0,12.303882598876953,0.13978147506713867
15.4088773727417,0.5663690567016602,0.8490553498268127,-0.0013453960418701172,0.015144414268434048,5.5757856369018555,289.9223937988281,-0.570960521697998,284.07861328125,0.6226202845573425,0.7241355776786804,-0.0447385311126709,1.0,1.0,12.303882598876953,0.13643932342529297
15.409377098083496,0.43844807147979736,0.921782910823822,0.014767885208129883,0.013283812440931797,5.6877923011779785,257.7087707519531,-0.42926025390625,284.0643615722656,0.5145754814147949,0.8280712366104126,-0.03224539756774902,1.0,1.0,12.303882598876953,0.16613292694091797
15.409876823425293,0.29978492856025696,0.9759061932563782,0.014767886139452457,0.018865616992115974,5.816646575927734,257.7087707519531,-0.28701019287109375,284.073486328125,0.36747050285339355,0.8727906942367554,-0.01691412925720215,1.0,1.0,12.303882598876953,0.17952871322631836
15.41037654876709,0.16307537257671356,1.0063505172729492,-0.014236019924283028,0.018865615129470825,5.978752613067627,290.21258544921875,-0.14546561241149902,284.05279541015625,0.25387611985206604,0.9359003901481628,-0.024885892868041992,1.0,1.0,12.303882598876953,0.1589674949645996
15.410877227783203,0.010741527192294598,1.0232640504837036,-0.011013364419341087,0.018865615129470825,6.123858451843262,290.21258544921875,-0.0034651756286621094,284.0517883300781,0.08746114373207092,0.9508516192436218,0.006410121917724609,1.0,1.0,12.303882598876953,0.15586185455322266
15.411376953125,-0.12792135775089264,1.0131157636642456,0.00026593171060085297,0.023517118766903877,6.279663562774658,300.6602478027344,0.13784432411193848,284.0216979980469,-0.0064499229192733765,0.9587671756744385,-0.036638498306274414,1.0,1.0,12.303882598876953,0.14136648178100586
15.41187572479248,-0.2704901397228241,0.9826716780662537,-0.027126645669341087,0.018865615129470825,0.14650744199752808,300.6602478027344,0.2800788879394531,284.0311584472656,-0.14853325486183167,0.9541775584220886,-0.031147241592407227,1.0,1.0,12.303882598876953,0.13357138633728027
15.412376403808594,-0.4150119125843048,0.9420793056488037,-0.004568052478134632,0.009562610648572445,0.26706594228744507,271.5582275390625,0.42236971855163574,284.04302978515625,-0.3456394672393799,0.9250099658966064,0.029990434646606445,1.0,1.0,12.303882598876953,0.1553037166595459
15.41287612915039,-0.5380507111549377,0.8710427284240723,0.003488588146865368,0.0011899035889655352,0.4028450846672058,271.5582275390625,0.5632221698760986,283.9938659667969,-0.4010496437549591,0.8651835322380066,-0.03468585014343262,1.0,1.0,12.303882598876953,0.16037702560424805
15.413375854492188,-0.6532777547836304,0.7864755392074585,-0.011013364419341087,0.007702008355408907,0.5542107820510864,286.0706481933594,0.7040383815765381,283.9440612792969,-0.5074244141578674,0.8032294511795044,-0.046201229095458984,1.0,1.0,12.303882598876953,0.1498277187347412
15.413875579833984,-0.7626454830169678,0.6917603015899658,-0.011013364419341087,0.007702008355408907,0.6972460150718689,286.0706481933594,0.8452413082122803,283.91168212890625,-0.6632693409919739,0.7302722334861755,-0.013347625732421875,1.0,1.0,12.303882598876953,0.1479952335357666
15.414376258850098,-0.8476006388664246,0.5716747045516968,-0.031960628926754,0.019795916974544525,0.8445186614990234,290.21258544921875,0.9866001605987549,283.8863525390625,-0.7216565012931824,0.6268096566200256,-0.03654670715332031,1.0,1.0,12.303882598876953,0.14208149909973145
15.414875984191895,-0.923767626285553,0.45328041911125183,-0.017458677291870117,0.007702008355408907,0.9896246194839478,290.21258544921875,1.1275951862335205,283.8465270996094,-0.8570506572723389,0.5205408930778503,-0.008074760437011719,1.0,1.0,12.303882598876953,0.1379706859588623
15.415375709533691,-0.9745456576347351,0.3179728388786316,0.04216046258807182,-0.028579719364643097,1.1344339847564697,289.9223937988281,1.2689735889434814,283.8235778808594,-0.8524020910263062,0.3917769491672516,-0.034577369689941406,1.0,1.0,12.303882598876953,0.13453960418701172
15.415875434875488,-1.0145821571350098,0.17420846223831177,-0.027126645669341087,0.0002596033737063408,1.2791051864624023,289.9223937988281,1.410060167312622,283.7890625,-0.9503823518753052,0.24261634051799774,0.005368709564208984,1.0,1.0,12.303882598876953,0.13095498085021973
15.416376113891602,-1.0263001918792725,0.03213558718562126,0.013156557455658913,-0.008113102987408638,1.435352087020874,300.6602478027344,1.5517380237579346,283.77996826171875,-0.9452115297317505,0.1335243433713913,-0.026837825775146484,1.0,1.0,12.303882598876953,0.11638593673706055
15.416874885559082,-1.0253232717514038,-0.11501142382621765,-0.019070005044341087,-0.004391900729387999,1.585381269454956,300.6602478027344,1.692490816116333,283.732177734375,-0.9851157069206238,-0.007251650094985962,-0.019881248474121094,1.0,1.0,12.303882598876953,0.10710954666137695
15.417375564575195,-0.9901695251464844,-0.25708428025245667,-0.011013364419341087,-0.022067615762352943,1.6920301914215088,257.7087707519531,1.8337585926055908,283.7070617675781,-0.9169350862503052,-0.13815444707870483,-0.01896953582763672,1.0,1.0,12.303882598876953,0.14172840118408203
15.417875289916992,-0.9530625343322754,-0.3890092670917511,-0.030349301174283028,-0.01090400479733944,1.8206266164779663,257.7087707519531,1.9742577075958252,283.65020751953125,-0.9571276903152466,-0.2651379704475403,-0.03887796401977539,1.0,1.0,12.303882598876953,0.15363097190856934
15.418375015258789,-0.888613760471344,-0.5209344625473022,0.0034885883796960115,-0.004391900729387999,1.9937282800674438,300.96124267578125,2.1153552532196045,283.6195983886719,-0.8943254351615906,-0.3938007950782776,-0.03542327880859375,1.0,1.0,12.303882598876953,0.1216270923614502
15.418874740600586,-0.798775851726532,-0.6427111625671387,-0.006179380230605602,-0.013694907538592815,2.1442089080810547,300.96124267578125,2.2559874057769775,283.57025146484375,-0.7761915922164917,-0.5100659132003784,-0.009371280670166016,1.0,1.0,12.303882598876953,0.11177849769592285
15.4193754196167,-0.7069849371910095,-0.7475744485855103,0.008322572335600853,-0.0034616002812981606,2.283385753631592,289.9223937988281,2.3964436054229736,283.5143737792969,-0.7213156223297119,-0.6209186315536499,-0.02053070068359375,1.0,1.0,12.303882598876953,0.11305785179138184
15.41987419128418,-0.5927347540855408,-0.8439814448356628,0.014767885208129883,-0.018346410244703293,2.4280569553375244,289.9223937988281,2.536992311477661,283.4638366699219,-0.5751146078109741,-0.7355244159698486,0.03558158874511719,1.0,1.0,12.303882598876953,0.10893535614013672
15.420374870300293,-0.47164860367774963,-0.9150176644325256,-0.028737973421812057,-0.008113102987408638,2.5403213500976562,257.7087707519531,2.677752733230591,283.4227294921875,-0.5468005537986755,-0.7843764424324036,-0.050726890563964844,1.0,1.0,12.303882598876953,0.13743138313293457
15.420873641967773,-0.33298611640930176,-0.9725233912467957,0.011545229703187943,-0.01648581027984619,2.6689181327819824,257.7087707519531,2.8192999362945557,283.4158935546875,-0.3497230112552643,-0.8672083616256714,0.03353691101074219,1.0,1.0,12.303882598876953,0.15038180351257324
15.421374320983887,-0.200182244181633,-1.0131157636642456,-0.017458677291870117,-0.010904005728662014,2.84201979637146,300.96124267578125,2.9606525897979736,283.4009704589844,-0.2873486578464508,-0.9456034302711487,-0.01972818374633789,1.0,1.0,12.303882598876953,0.11863279342651367
15.421874046325684,-0.051754552870988846,-1.030029296875,0.0018772603943943977,-0.01462520845234394,2.9925003051757812,300.96124267578125,3.1021082401275635,283.3907470703125,-0.11535463482141495,-0.9539840817451477,0.013628959655761719,1.0,1.0,12.303882598876953,0.10960793495178223
15.42237377166748,0.0966733768582344,-1.0266464948654175,0.011545228771865368,-0.020207012072205544,3.1316771507263184,289.9223937988281,-3.039161205291748,283.4002685546875,0.037018269300460815,-0.9731239080429077,0.03014206886291504,1.0,1.0,12.303882598876953,0.11234712600708008
15.422873497009277,0.23728947341442108,-0.9962021708488464,-0.012624690309166908,-0.030440321192145348,3.2766382694244385,289.9223937988281,-2.897648334503174,283.3923034667969,0.09264837205410004,-0.9368184208869934,-0.05115962028503418,1.0,1.0,12.303882598876953,0.10889863967895508
15.42337417602539,0.37985825538635254,-0.9589928984642029,-0.015847347676753998,-0.028579717501997948,3.4325950145721436,300.6602478027344,-2.7556827068328857,283.403564453125,0.27499493956565857,-0.9359045028686523,-0.005722999572753906,1.0,1.0,12.303882598876953,0.09490776062011719
15.423872947692871,0.5087561011314392,-0.8913388848304749,-0.023903988301753998,-0.023928213864564896,3.5826244354248047,300.6602478027344,-2.6143229007720947,283.3889465332031,0.354769229888916,-0.8777462840080261,-0.04894685745239258,1.0,1.0,12.303882598876953,0.08623838424682617
15.424373626708984,0.6327711939811707,-0.8084630370140076,0.03410382196307182,-0.009043403901159763,3.689272880554199,257.7087707519531,-2.4715194702148438,283.43536376953125,0.517448902130127,-0.793738603591919,0.0020914077758789062,1.0,1.0,12.303882598876953,0.12239313125610352
15.424873352050781,0.7362802624702454,-0.7103646993637085,-0.007790707983076572,-0.01462520845234394,3.8178694248199463,257.7087707519531,-2.3301029205322266,283.42266845703125,0.5710487961769104,-0.7380028367042542,-0.05875849723815918,1.0,1.0,12.303882598876953,0.13521337509155273
15.425374031066895,0.8368592858314514,-0.6038100719451904,0.03410382196307182,-0.005322201643139124,3.99096417427063,300.6602478027344,-2.1879374980926514,283.4417724609375,0.7563435435295105,-0.6537952423095703,-0.0012290477752685547,1.0,1.0,12.303882598876953,0.10428380966186523
15.425872802734375,0.9140028357505798,-0.4769594669342041,0.059885069727897644,-0.0071828025393188,4.140993595123291,300.6602478027344,-2.045621156692505,283.466796875,0.8366307616233826,-0.5250930786132812,0.008821964263916016,1.0,1.0,12.303882598876953,0.09657049179077148
15.426372528076172,0.9725925326347351,-0.34165164828300476,0.019601870328187943,-0.013694907538592815,4.280635833740234,290.21258544921875,-1.9046454429626465,283.4350891113281,0.8373484015464783,-0.38084909319877625,0.001430511474609375,1.0,1.0,12.303882598876953,0.09790420532226562
15.426873207092285,1.005793571472168,-0.20296141505241394,0.029269836843013763,-0.0006706981803290546,4.425742149353027,290.21258544921875,-1.7640340328216553,283.3885498046875,0.9246194362640381,-0.30044788122177124,-0.026632070541381836,1.0,1.0,12.303882598876953,0.09340906143188477
15.427372932434082,1.0292292833328247,-0.06088833510875702,0.017990540713071823,-0.0034615995828062296,4.581546783447266,300.6602478027344,-1.6233885288238525,283.34454345703125,0.9500884413719177,-0.15419825911521912,-0.01395559310913086,1.0,1.0,12.303882598876953,0.07825040817260742
15.427871704101562,1.0204411745071411,0.08287584036588669,0.0034885883796960115,-0.0006706977728754282,4.731575965881348,300.6602478027344,-1.4823819398880005,283.3165283203125,0.9061776995658875,-0.045226819813251495,-0.044069528579711914,1.0,1.0,12.303882598876953,0.06922769546508789
15.428373336791992,1.0038405656814575,0.22664020955562592,0.014767885208129883,0.0039808060973882675,4.838224411010742,257.7087707519531,-1.3400005102157593,283.3472595214844,0.9216099381446838,0.15232330560684204,0.027525663375854492,1.0,1.0,12.303882598876953,0.10496044158935547
15.428872108459473,0.9501330256462097,0.3737872242927551,-0.00617938069626689,0.012353511527180672,4.966821193695068,257.7087707519531,-1.1983678340911865,283.3455810546875,0.8455732464790344,0.25447404384613037,0.014364957809448242,1.0,1.0,12.303882598876953,0.1179966926574707
15.429372787475586,0.8974020481109619,0.4989469647407532,-0.0013453960418701172,-0.003461600048467517,5.139915466308594,300.6602478027344,-1.0571439266204834,283.3267822265625,0.8672683835029602,0.3845595419406891,-0.001895904541015625,1.0,1.0,12.303882598876953,0.08612585067749023
15.429871559143066,0.8202590346336365,0.6122668981552124,0.009933900088071823,0.010492909699678421,5.289945125579834,300.6602478027344,-0.9153077602386475,283.3341064453125,0.8509432077407837,0.47644251585006714,-0.05088686943054199,1.0,1.0,12.303882598876953,0.07793283462524414
15.430373191833496,0.7206559777259827,0.7306610941886902,0.07438702136278152,0.040262531489133835,5.440573215484619,300.6602478027344,-0.7732713222503662,283.3497009277344,0.7739303112030029,0.6327271461486816,-0.01784038543701172,1.0,1.0,12.303882598876953,0.06934118270874023
15.430871963500977,0.6103115081787109,0.8203023672103882,-0.0013453960418701172,0.015144414268434048,5.59060525894165,300.6602478027344,-0.6306824684143066,283.3880310058594,0.6573572754859924,0.6990668773651123,-0.029678821563720703,1.0,1.0,12.303882598876953,0.06189775466918945
15.431371688842773,0.4833667576313019,0.9014869928359985,0.04538311809301376,0.010492909699678421,5.741243839263916,300.96124267578125,-0.489041805267334,283.3857116699219,0.5513532757759094,0.7796575427055359,-0.032196998596191406,1.0,1.0,12.303882598876953,0.052899837493896484
15.431872367858887,0.34275126457214355,0.962375283241272,0.04699444770812988,0.015144414268434048,5.891726016998291,300.96124267578125,-0.3467867374420166,283.4095458984375,0.36862778663635254,0.8343783617019653,0.025307178497314453,1.0,1.0,12.303882598876953,0.044672489166259766
15.432372093200684,0.20994752645492554,1.0029675960540771,0.013156557455658913,0.010492910631000996,5.9979119300842285,257.7087707519531,-0.20438885688781738,283.4385070800781,0.2997684180736542,0.9084143042564392,-0.01999640464782715,1.0,1.0,12.303882598876953,0.08088445663452148
15.432870864868164,0.05956627056002617,1.0232640504837036,0.011545228771865368,0.017005015164613724,6.1265130043029785,257.7087707519531,-0.06123018264770508,283.49908447265625,0.12516824901103973,0.954906165599823,0.025458574295043945,1.0,1.0,12.303882598876953,0.09544229507446289
15.433370590209961,-0.08104932308197021,1.019881010055542,0.0034885890781879425,0.016074715182185173,0.005433082580566406,290.21258544921875,0.08059048652648926,283.5019836425781,0.030861105769872665,0.953586995601654,-0.018561124801635742,1.0,1.0,12.303882598876953,0.07515740394592285
15.433871269226074,-0.2275242954492569,0.9962021708488464,-0.03357195854187012,0.015144413337111473,0.15053653717041016,290.21258544921875,0.2236309051513672,283.55621337890625,-0.13692735135555267,0.9561983346939087,0.013133764266967773,1.0,1.0,12.303882598876953,0.07309436798095703
15.434370994567871,-0.3720459043979645,0.9556100368499756,-0.03518328443169594,0.023517120629549026,0.2762460708618164,271.27239990234375,0.3668498992919922,283.6170654296875,-0.2917953133583069,0.9355827569961548,0.030098676681518555,1.0,1.0,12.303882598876953,0.09060382843017578
15.434870719909668,-0.5009438991546631,0.8947216868400574,-0.002956724027171731,0.0049111065454781055,0.41188526153564453,271.27239990234375,0.5090644359588623,283.6342468261719,-0.37425854802131653,0.8806969523429871,-0.012780427932739258,1.0,1.0,12.303882598876953,0.09717917442321777
15.435371398925781,-0.6200764179229736,0.8169195652008057,-0.03679461404681206,0.002120204269886017,0.5634164810180664,286.0706481933594,0.6500847339630127,283.6007080078125,-0.495425283908844,0.8336480259895325,-0.019466876983642578,1.0,1.0,12.303882598876953,0.08666825294494629
15.435871124267578,-0.7372565865516663,0.7222045660018921,-0.02229265868663788,0.02909892424941063,0.7064523696899414,286.0706481933594,0.7911245822906494,283.5689392089844,-0.6464378833770752,0.7401597499847412,0.021355390548706055,1.0,1.0,12.303882598876953,0.08467221260070801
15.436370849609375,-0.8241646885871887,0.6122668981552124,-0.020681332796812057,-0.0016009986866265535,0.8537225723266602,290.21258544921875,0.933093786239624,283.5766906738281,-0.7151663303375244,0.6470768451690674,-0.0032835006713867188,1.0,1.0,12.303882598876953,0.07937121391296387
15.436869621276855,-0.9013084769248962,0.4854160249233246,-0.025515316054224968,0.012353511527180672,0.998539924621582,290.21258544921875,1.0749199390411377,283.578369140625,-0.8101195096969604,0.5477982759475708,-0.0042266845703125,1.0,1.0,12.303882598876953,0.07638001441955566
15.437371253967285,-0.960874617099762,0.35518214106559753,-0.027126643806695938,-0.007182801607996225,1.1546335220336914,300.6602478027344,1.216334581375122,283.56256103515625,-0.8685325980186462,0.4297622740268707,-0.010593891143798828,1.0,1.0,12.303882598876953,0.061701059341430664
15.437870025634766,-1.0038405656814575,0.21310971677303314,-0.020681332796812057,-0.0034615995828062296,1.304661750793457,300.6602478027344,1.3576853275299072,283.5445861816406,-0.8948922157287598,0.28600943088531494,-0.0017652511596679688,1.0,1.0,12.303882598876953,0.053023576736450195
15.438369750976562,-1.024346947669983,0.0761105865240097,0.006711244583129883,-0.004391900729387999,1.4440088272094727,289.9223937988281,1.4984862804412842,283.50372314453125,-0.9341474771499634,0.18568643927574158,-0.02957296371459961,1.0,1.0,12.303882598876953,0.05447745323181152
15.438870429992676,-1.024346947669983,-0.0693449079990387,-0.030349301174283028,-0.014625207521021366,1.5889673233032227,289.9223937988281,1.6391489505767822,283.4578857421875,-0.9531986713409424,0.04653594642877579,-0.022785663604736328,1.0,1.0,12.303882598876953,0.05018162727355957
15.439370155334473,-0.9999346137046814,-0.21310928463935852,-0.023903988301753998,-0.005322200711816549,1.6902437210083008,247.21812438964844,1.7793357372283936,283.39312744140625,-0.911393940448761,-0.08102967590093613,-0.02554941177368164,1.0,1.0,12.303882598876953,0.08909201622009277
15.43986988067627,-0.961851179599762,-0.34672579169273376,-0.028737973421812057,-0.008113102987408638,1.8138513565063477,247.21812438964844,1.9198901653289795,283.3450012207031,-0.9562553763389587,-0.20708243548870087,-0.04159879684448242,1.0,1.0,12.303882598876953,0.10603880882263184
15.440369606018066,-0.9091203212738037,-0.4786503314971924,-0.023903988301753998,-0.018346410244703293,1.9918794631958008,300.3598937988281,2.060148000717163,283.2856140136719,-0.9127997756004333,-0.36241891980171204,-0.01708364486694336,1.0,1.0,12.303882598876953,0.0682685375213623
15.440869331359863,-0.832953155040741,-0.597044825553894,-0.007790707983076572,-0.01462520845234394,2.1417627334594727,300.3598937988281,2.2001535892486572,283.2167053222656,-0.8413698077201843,-0.4579225182533264,-0.03672218322753906,1.0,1.0,12.303882598876953,0.05839085578918457
15.441370010375977,-0.7382328510284424,-0.7137475609779358,0.001877260161563754,0.002120204269886017,2.2818613052368164,290.21258544921875,2.340254068374634,283.1534118652344,-0.7282263040542603,-0.5787683129310608,-0.003589630126953125,1.0,1.0,12.303882598876953,0.05839276313781738
15.441868782043457,-0.637653648853302,-0.8067715167999268,0.022824525833129883,-0.021137313917279243,2.4266748428344727,290.21258544921875,2.4809281826019287,283.1155090332031,-0.6458577513694763,-0.6827031970024109,-0.002688884735107422,1.0,1.0,12.303882598876953,0.054253339767456055
15.442370414733887,-0.5155912041664124,-0.8896475434303284,-0.014236019924283028,-0.023928213864564896,2.571774482727051,289.9223937988281,2.6205413341522217,283.03369140625,-0.571636974811554,-0.751500129699707,-0.03508186340332031,1.0,1.0,12.303882598876953,0.0487668514251709
15.442869186401367,-0.3876701295375824,-0.9522274136543274,0.027658510953187943,-0.018346410244703293,2.7164430618286133,289.9223937988281,2.7617037296295166,283.0188903808594,-0.4294063150882721,-0.8664748072624207,0.014142036437988281,1.0,1.0,12.303882598876953,0.04526066780090332
15.443368911743164,-0.2431481033563614,-0.9962021708488464,-0.023903988301753998,-0.016485808417201042,2.8287134170532227,257.96673583984375,2.903008222579956,283.0107727050781,-0.27620962262153625,-0.8965516090393066,0.034169673919677734,1.0,1.0,12.303882598876953,0.0742948055267334
15.443868637084961,-0.10253250598907471,-1.019881010055542,0.016379212960600853,-0.008113102987408638,2.957695960998535,257.96673583984375,3.045229196548462,283.0408935546875,-0.15438038110733032,-0.9388000965118408,0.027799606323242188,1.0,1.0,12.303882598876953,0.08753323554992676
15.444369316101074,0.04198950529098511,-1.0266464948654175,0.0002659321762621403,-0.006252502091228962,3.1300973892211914,300.3598937988281,-3.0970458984375,283.015380859375,-0.04255214333534241,-0.956335723400116,0.0053064823150634766,1.0,1.0,12.303882598876953,0.05604219436645508
15.444868087768555,0.17869918048381805,-1.0029675960540771,-0.014236020855605602,-0.018346410244703293,3.279973030090332,300.3598937988281,-2.9548513889312744,283.0440368652344,0.012001031078398228,-0.9626145362854004,-0.08030414581298828,1.0,1.0,12.303882598876953,0.04836130142211914
15.445368766784668,0.32517391443252563,-0.9725233912467957,0.011545229703187943,-0.025788817554712296,3.4093637466430664,279.7439880371094,-2.814664602279663,282.9879150390625,0.20461691915988922,-0.9299691915512085,-0.01613330841064453,1.0,1.0,12.303882598876953,0.05915689468383789
15.445867538452148,0.45016583800315857,-0.9150176644325256,-0.0029567237943410873,-0.019276710227131844,3.5489511489868164,279.7439880371094,-2.6739697456359863,282.9542236328125,0.2778078019618988,-0.9042453765869141,-0.07558965682983398,1.0,1.0,12.303882598876953,0.06026458740234375
15.446368217468262,0.5839464068412781,-0.8456723093986511,-0.012624693103134632,-0.01741611212491989,3.6989564895629883,289.6327819824219,-2.5330357551574707,282.93115234375,0.44584622979164124,-0.8489343523979187,-0.030826330184936523,1.0,1.0,12.303882598876953,0.0511932373046875
15.446867942810059,0.6903846263885498,-0.7492657899856567,0.0034885890781879425,-0.021137313917279243,3.84377384185791,289.6327819824219,-2.3919966220855713,282.91314697265625,0.5294983386993408,-0.7624190449714661,-0.04851245880126953,1.0,1.0,12.303882598876953,0.04741525650024414
15.447368621826172,0.795846164226532,-0.6477852463722229,0.03410382196307182,-0.003461600746959448,3.9451913833618164,246.97091674804688,-2.2496109008789062,282.95233154296875,0.7003048658370972,-0.6711133718490601,0.009012222290039062,1.0,1.0,12.303882598876953,0.08838319778442383
15.447868347167969,0.8710370063781738,-0.5243168473243713,0.022824525833129883,-0.013694907538592815,4.068428993225098,246.97091674804688,-2.109251022338867,282.9051513671875,0.6872382164001465,-0.5906640291213989,-0.07757902145385742,1.0,1.0,12.303882598876953,0.10550546646118164
15.448368072509766,0.9452506899833679,-0.402539998292923,-0.007790708914399147,-0.020207012072205544,4.246838569641113,300.6602478027344,-1.9690816402435303,282.851318359375,0.8067086338996887,-0.4407581388950348,-0.0075528621673583984,1.0,1.0,12.303882598876953,0.06726503372192383
15.448866844177246,0.9862633347511292,-0.2638499438762665,0.016379212960600853,-0.0006706981803290546,4.396866798400879,300.6602478027344,-1.8279744386672974,282.83782958984375,0.8657283782958984,-0.3430269956588745,-0.025943994522094727,1.0,1.0,12.303882598876953,0.058344364166259766
15.44936752319336,1.0155584812164307,-0.12515951693058014,0.014767885208129883,-0.0071828025393188,4.536812782287598,290.21258544921875,-1.6877684593200684,282.7868957519531,0.9145681858062744,-0.21330130100250244,-0.01801276206970215,1.0,1.0,12.303882598876953,0.05860424041748047
15.449867248535156,1.019464373588562,0.016913557425141335,0.017990542575716972,0.0077020092867314816,4.681626319885254,290.21258544921875,-1.5477105379104614,282.7305908203125,0.9081258773803711,-0.08579335361719131,-0.023174047470092773,1.0,1.0,12.303882598876953,0.0538487434387207
15.450366973876953,1.007746696472168,0.1589864194393158,0.027658509090542793,0.015144413337111473,4.782498359680176,246.97091674804688,-1.4076095819473267,282.6773986816406,0.9487836360931396,0.049594614654779434,-0.01684880256652832,1.0,1.0,12.303882598876953,0.0930776596069336
15.45086669921875,0.9696629643440247,0.2993681728839874,-0.014236020855605602,0.0039808060973882675,4.905980110168457,246.97091674804688,-1.267041802406311,282.6451416015625,0.8771348595619202,0.18473301827907562,-0.0020134449005126953,1.0,1.0,12.303882598876953,0.11016368865966797
15.45136833190918,0.9257208704948425,0.42960163950920105,0.008322572335600853,0.007702008355408907,5.073700904846191,289.9223937988281,-1.1263782978057861,282.6174621582031,0.888178825378418,0.30568331480026245,-0.018862009048461914,1.0,1.0,12.303882598876953,0.08310651779174805
15.45186710357666,0.854436457157135,0.5530698299407959,0.016379212960600853,0.023517118766903877,5.218369483947754,289.9223937988281,-0.9865548610687256,282.5550231933594,0.8569625616073608,0.4259086549282074,-0.028975963592529297,1.0,1.0,12.303882598876953,0.07826089859008789
15.452366828918457,0.7675279974937439,0.6697730422019958,-0.0013453960418701172,0.007702008355408907,5.3633317947387695,289.9223937988281,-0.8454043865203857,282.5498352050781,0.7568389177322388,0.5631141066551208,0.008457422256469727,1.0,1.0,12.303882598876953,0.07444906234741211
15.452866554260254,0.6679249405860901,0.7678706645965576,0.008322571404278278,0.020726218819618225,5.5082902908325195,289.9223937988281,-0.7046949863433838,282.5259704589844,0.7167975902557373,0.6458072662353516,-0.03878331184387207,1.0,1.0,12.303882598876953,0.07020044326782227
15.453367233276367,0.5507452487945557,0.8490551710128784,0.035715147852897644,0.016074713319540024,5.642552375793457,279.4639587402344,-0.5653753280639648,282.44427490234375,0.624345600605011,0.7017162442207336,-0.06792020797729492,1.0,1.0,12.303882598876953,0.07525777816772461
15.453866004943848,0.4247770607471466,0.921782910823822,0.005099915899336338,0.018865616992115974,5.782000541687012,279.4639587402344,-0.42380285263061523,282.45916748046875,0.4625419080257416,0.8002089262008667,-0.006217241287231445,1.0,1.0,12.303882598876953,0.07738208770751953
15.454366683959961,0.2939259111881256,0.9725233912467957,0.016379212960600853,0.02909892424941063,5.8997392654418945,257.7087707519531,-0.28310608863830566,282.4367370605469,0.3925895690917969,0.8812767267227173,-0.0420527458190918,1.0,1.0,12.303882598876953,0.10034036636352539
15.454866409301758,0.15331032872200012,1.0063505172729492,0.0018772603943943977,0.018865616992115974,6.028334617614746,257.7087707519531,-0.14294695854187012,282.3923034667969,0.22872614860534668,0.9348394870758057,-0.0029306411743164062,1.0,1.0,12.303882598876953,0.11190366744995117
15.455366134643555,0.014647326432168484,1.0164985656738281,0.021213198080658913,0.009562610648572445,6.2014360427856445,300.96124267578125,-0.0022869110107421875,282.3697814941406,0.13437019288539886,0.9501674771308899,-0.04430222511291504,1.0,1.0,12.303882598876953,0.07946252822875977
15.455865859985352,-0.1337801069021225,1.0029675960540771,-0.04646258056163788,0.0077020092867314816,0.06873464584350586,300.96124267578125,0.14070677757263184,282.4458923339844,-0.053540848195552826,0.9343582987785339,0.010684967041015625,1.0,1.0,12.303882598876953,0.07197213172912598
15.456365585327148,-0.27439597249031067,0.9792888760566711,-0.025515317916870117,0.025377722457051277,0.1969141960144043,279.18450927734375,0.2799675464630127,282.3636779785156,-0.17039179801940918,0.929928719997406,-0.0046863555908203125,1.0,1.0,12.303882598876953,0.0830533504486084
15.456866264343262,-0.4013410806655884,0.9285486340522766,-0.030349301174283028,0.017005015164613724,0.3365054130554199,279.18450927734375,0.4193844795227051,282.28948974609375,-0.2622683048248291,0.8971766233444214,-0.04109907150268555,1.0,1.0,12.303882598876953,0.08287906646728516
15.457365989685059,-0.5351212024688721,0.8693511486053467,-0.014236019924283028,0.017005015164613724,0.4564204216003418,259.9693603515625,0.5609138011932373,282.3057556152344,-0.44795382022857666,0.8915666341781616,-0.0012650489807128906,1.0,1.0,12.303882598876953,0.10449337959289551
15.457864761352539,-0.655230700969696,0.7830929160118103,-0.009402036666870117,0.023517120629549026,0.5861506462097168,259.9693603515625,0.7015604972839355,282.2844543457031,-0.5379424691200256,0.7666056752204895,0.004390716552734375,1.0,1.0,12.303882598876953,0.11540985107421875
15.458366394042969,-0.7548332810401917,0.6849948167800903,-0.014236020855605602,0.009562610648572445,0.7337298393249512,276.1165771484375,0.8430941104888916,282.3007507324219,-0.6274477243423462,0.7132799029350281,-0.027684688568115234,1.0,1.0,12.303882598876953,0.10936427116394043
15.45886516571045,-0.8436947464942932,0.5716748833656311,0.016379212960600853,0.023517118766903877,0.8715167045593262,276.1165771484375,0.9836061000823975,282.2738952636719,-0.7180086374282837,0.6182245016098022,-0.029745101928710938,1.0,1.0,12.303882598876953,0.11208939552307129
15.459365844726562,-0.9159557819366455,0.44651520252227783,-0.020681332796812057,0.002120204269886017,1.012988567352295,279.18450927734375,1.1245677471160889,282.26629638671875,-0.7986458539962769,0.4928286671638489,-0.012660980224609375,1.0,1.0,12.303882598876953,0.11157917976379395
15.459864616394043,-0.9628276228904724,0.317973256111145,-0.03357195854187012,0.005841406527906656,1.1523051261901855,279.18450927734375,1.2648255825042725,282.22955322265625,-0.8593217134475708,0.4317648112773895,-0.06587362289428711,1.0,1.0,12.303882598876953,0.11252045631408691
15.460365295410156,-1.0009111166000366,0.17759107053279877,0.013156557455658913,-0.015555509366095066,1.3141779899597168,300.96124267578125,1.4044520854949951,282.1669921875,-0.8882173895835876,0.2748251259326935,-0.03987741470336914,1.0,1.0,12.303882598876953,0.09027409553527832
15.460865020751953,-1.0165351629257202,0.04228346794843674,-0.022292660549283028,-0.0025312991347163916,1.4646544456481934,300.96124267578125,1.5441772937774658,282.1098327636719,-0.9621543884277344,0.17346064746379852,-0.05799579620361328,1.0,1.0,12.303882598876953,0.07952284812927246
15.46136474609375,-1.0145821571350098,-0.09978938847780228,-0.0029567242600023746,-0.006252502091228962,1.5928339958190918,279.18450927734375,1.68343186378479,282.0340881347656,-0.9511040449142456,0.03609175607562065,-0.056832313537597656,1.0,1.0,12.303882598876953,0.09059786796569824
15.46186351776123,-0.99309903383255,-0.2384796291589737,-0.03518328443169594,-0.017416108399629593,1.7321505546569824,279.18450927734375,1.8227260112762451,281.96160888671875,-0.9774461984634399,-0.11387961357831955,-0.04217529296875,1.0,1.0,12.303882598876953,0.0905754566192627
15.46236515045166,-0.9452506899833679,-0.3754787743091583,-0.027126645669341087,-0.01648581027984619,1.8500304222106934,257.7087707519531,1.962496042251587,281.9107666015625,-0.9158453941345215,-0.24340465664863586,-0.038164615631103516,1.0,1.0,12.303882598876953,0.11246562004089355
15.46286392211914,-0.8837313652038574,-0.5023295879364014,-0.017458677291870117,-0.01462520845234394,1.978625774383545,257.7087707519531,2.101545572280884,281.8306579589844,-0.8763015270233154,-0.3679662048816681,-0.039461612701416016,1.0,1.0,12.303882598876953,0.12291979789733887
15.463364601135254,-0.8114702105522156,-0.6139581799507141,0.022824525833129883,-0.019276712089776993,2.129729747772217,279.18450927734375,2.2400219440460205,281.72821044921875,-0.8425787091255188,-0.47050318121910095,-0.06635856628417969,1.0,1.0,12.303882598876953,0.11029219627380371
15.46386432647705,-0.71089106798172,-0.7272782921791077,-0.020681332796812057,-0.022067615762352943,2.2690463066101074,279.18450927734375,2.378309488296509,281.6199951171875,-0.7339056730270386,-0.587879478931427,-0.03847360610961914,1.0,1.0,12.303882598876953,0.10926318168640137
15.464364051818848,-0.6073822975158691,-0.8186110854148865,-0.0029567237943410873,-0.019276710227131844,2.419623851776123,289.9223937988281,2.517153024673462,281.5373229980469,-0.6275950074195862,-0.6895002126693726,-0.02027130126953125,1.0,1.0,12.303882598876953,0.09752917289733887
15.464863777160645,-0.4950847625732422,-0.887956440448761,0.016379212960600853,-0.019276710227131844,2.5645785331726074,289.9223937988281,2.6563689708709717,281.4720153808594,-0.5753433704376221,-0.7537156939506531,-0.07328557968139648,1.0,1.0,12.303882598876953,0.09179043769836426
15.465363502502441,-0.36228111386299133,-0.9522274136543274,-0.0013453960418701172,-0.023928215727210045,2.676591396331787,257.7087707519531,2.7941734790802,281.3487243652344,-0.44509556889533997,-0.8145565986633301,-0.059182167053222656,1.0,1.0,12.303882598876953,0.11758208274841309
15.465863227844238,-0.22166527807712555,-0.9962021708488464,-0.030349301174283028,-0.025788817554712296,2.8051867485046387,257.7087707519531,2.9339230060577393,281.3101501464844,-0.2574255168437958,-0.8946475982666016,0.0213165283203125,1.0,1.0,12.303882598876953,0.12873625755310059
15.466363906860352,-0.08886153250932693,-1.0164985656738281,0.0018772603943943977,-0.01462520845234394,2.967545986175537,290.21258544921875,3.074347734451294,281.3003234863281,-0.18375003337860107,-0.9486502408981323,-0.030483722686767578,1.0,1.0,12.303882598876953,0.10680174827575684
15.466862678527832,0.051754552870988846,-1.009732961654663,0.0034885890781879425,-0.024858515709638596,3.112361431121826,290.21258544921875,-3.069459915161133,281.24676513671875,-0.09121645987033844,-0.9294723868370056,-0.07656979560852051,1.0,1.0,12.303882598876953,0.1013641357421875
15.467363357543945,0.19041718542575836,-0.9995852112770081,0.043771788477897644,-0.020207012072205544,3.257472515106201,290.21258544921875,-2.931096315383911,281.1519775390625,0.08651810884475708,-0.9608777761459351,-0.02713465690612793,1.0,1.0,12.303882598876953,0.09461641311645508
15.467863082885742,0.3212679922580719,-0.9589928984642029,-0.0045680515468120575,-0.01276460662484169,3.402575969696045,290.21258544921875,-2.7934677600860596,281.028076171875,0.14624109864234924,-0.9045701622962952,-0.09460282325744629,1.0,1.0,12.303882598876953,0.08714151382446289
15.468362808227539,0.45797789096832275,-0.9082521796226501,0.016379212960600853,-0.028579717501997948,3.5363898277282715,279.18450927734375,-2.654313564300537,280.9709777832031,0.3297816514968872,-0.8826079964637756,-0.036232709884643555,1.0,1.0,12.303882598876953,0.09248208999633789
15.468862533569336,0.5732050538063049,-0.8304505348205566,-0.011013363488018513,-0.01648581027984619,3.675981044769287,279.18450927734375,-2.51448917388916,280.94305419921875,0.3857249319553375,-0.820867121219635,-0.09461379051208496,1.0,1.0,12.303882598876953,0.09271526336669922
15.46936321258545,0.6913609504699707,-0.7475746870040894,0.03571515157818794,-0.0025312991347163916,3.793321132659912,257.4513244628906,-2.3751704692840576,280.89459228515625,0.5781598687171936,-0.7464338541030884,-0.013852596282958984,1.0,1.0,12.303882598876953,0.11469411849975586
15.46986198425293,0.7821754813194275,-0.6376370191574097,-0.006179380230605602,-0.015555508434772491,3.9217886924743652,257.4513244628906,-2.235697031021118,280.85357666015625,0.5891618132591248,-0.6595985293388367,-0.08361577987670898,1.0,1.0,12.303882598876953,0.12569952011108398
15.470362663269043,0.8759192824363708,-0.5226255655288696,-0.0013453960418701172,-0.025788817554712296,4.084285259246826,290.21258544921875,-2.0944652557373047,280.8875732421875,0.7948304414749146,-0.543183445930481,0.017837047576904297,1.0,1.0,12.303882598876953,0.10443496704101562
15.47086238861084,0.93646240234375,-0.3907007873058319,0.059885069727897644,-0.0071828025393188,4.229102611541748,290.21258544921875,-1.9536864757537842,280.9015808105469,0.8440883159637451,-0.4224734604358673,0.012481212615966797,1.0,1.0,12.303882598876953,0.10039663314819336
15.471363067626953,0.9784517288208008,-0.25708428025245667,0.021213198080658913,-0.010904005728662014,4.374202251434326,289.9223937988281,-1.8143608570098877,280.8544006347656,0.8505011200904846,-0.3169967830181122,-0.01970839500427246,1.0,1.0,12.303882598876953,0.09462213516235352
15.471861839294434,1.0048171281814575,-0.12346820533275604,0.017990542575716972,0.0077020092867314816,4.518870830535889,289.9223937988281,-1.6753180027008057,280.7961120605469,0.9016796350479126,-0.21323959529399872,-0.034288644790649414,1.0,1.0,12.303882598876953,0.08899641036987305
15.47236156463623,1.0155588388442993,0.016913557425141335,0.008322572335600853,-0.0016009986866265535,4.65285062789917,279.18450927734375,-1.536285400390625,280.7388916015625,0.9499850273132324,-0.06073587015271187,-0.004838705062866211,1.0,1.0,12.303882598876953,0.09404945373535156
15.472862243652344,0.9930989742279053,0.1640605628490448,-0.0013453962747007608,0.0039808060973882675,4.7924418449401855,279.18450927734375,-1.3965275287628174,280.7131652832031,0.868751585483551,0.05592228099703789,-0.0165252685546875,1.0,1.0,12.303882598876953,0.09421586990356445
15.47336196899414,0.9764988422393799,0.29429399967193604,0.017990540713071823,-0.0016009986866265535,4.9100661277771,257.7087707519531,-1.256439447402954,280.7019348144531,0.9644288420677185,0.2069435864686966,-0.009498834609985352,1.0,1.0,12.303882598876953,0.11667966842651367
15.473861694335938,0.9120497703552246,0.43298447132110596,-0.027126645669341087,-0.0034615995828062296,5.038920879364014,257.7087707519531,-1.1172854900360107,280.651611328125,0.8281819820404053,0.307320237159729,-0.0046923160552978516,1.0,1.0,12.303882598876953,0.12697935104370117
15.47436237335205,0.8583424091339111,0.5463045835494995,0.005099916364997625,0.00025960284983739257,5.190028667449951,279.4639587402344,-0.9785711765289307,280.583740234375,0.9012550711631775,0.4038439095020294,-0.07779812812805176,1.0,1.0,12.303882598876953,0.11458539962768555
15.474861145019531,0.7733871340751648,0.6596246957778931,0.005099916830658913,0.017005015164613724,5.3294806480407715,279.4639587402344,-0.8388164043426514,280.56121826171875,0.8103336691856384,0.552873969078064,-0.039933204650878906,1.0,1.0,12.303882598876953,0.11488866806030273
15.475361824035645,0.6659719944000244,0.7712532877922058,-0.015847347676753998,0.0011899039382115006,5.480201244354248,289.9223937988281,-0.698972225189209,280.5430603027344,0.6453548669815063,0.6768895387649536,0.03102254867553711,1.0,1.0,12.303882598876953,0.10401201248168945
15.475860595703125,0.5468389391899109,0.8490553498268127,0.022824525833129883,0.02909892424941063,5.624871730804443,289.9223937988281,-0.5588767528533936,280.5357971191406,0.5666635632514954,0.7138353586196899,-0.018697261810302734,1.0,1.0,12.303882598876953,0.09943723678588867
15.476361274719238,0.426729679107666,0.9184005260467529,0.04216046258807182,0.004911107011139393,5.769834041595459,289.9223937988281,-0.41951990127563477,280.49749755859375,0.49635714292526245,0.8071802258491516,-0.03850555419921875,1.0,1.0,12.303882598876953,0.09383153915405273
15.476861000061035,0.2919730842113495,0.9691409468650818,0.0018772603943943977,0.015144413337111473,5.914794445037842,289.9223937988281,-0.2783985137939453,280.5340881347656,0.3339735269546509,0.8717038035392761,0.0060176849365234375,1.0,1.0,12.303882598876953,0.08999252319335938
15.477360725402832,0.1552630513906479,0.9995852112770081,0.006711244583129883,0.016074715182185173,6.016072750091553,247.21812438964844,-0.13872838020324707,280.5089416503906,0.24054044485092163,0.9033949375152588,-0.0281522274017334,1.0,1.0,12.303882598876953,0.12838411331176758
15.477861404418945,0.00878832209855318,1.0131157636642456,0.006711244583129883,0.023517120629549026,6.1396803855896,247.21812438964844,0.0018181800842285156,280.5210266113281,0.10312209278345108,0.9266170859336853,-0.019264936447143555,1.0,1.0,12.303882598876953,0.1453232765197754
15.478361129760742,-0.12206210941076279,1.0029675960540771,-0.0013453960418701172,0.018865616992115974,0.012836456298828125,279.18450927734375,0.14052486419677734,280.4557189941406,0.00564941018819809,0.9588735103607178,-0.053194284439086914,1.0,1.0,12.303882598876953,0.12768840789794922
15.478859901428223,-0.2626780569553375,0.9725233912467957,-0.020681332796812057,0.022586818784475327,0.15215110778808594,279.18450927734375,0.27976298332214355,280.4140319824219,-0.12682032585144043,0.9254351854324341,-0.05035233497619629,1.0,1.0,12.303882598876953,0.12761187553405762
15.47935962677002,-0.4052467346191406,0.93193119764328,-0.004568052478134632,0.009562610648572445,0.2839374542236328,271.5582275390625,0.4214773178100586,280.4776306152344,-0.323403000831604,0.9073164463043213,0.014434814453125,1.0,1.0,12.303882598876953,0.13753986358642578
15.479860305786133,-0.5282859206199646,0.8608947992324829,-0.04646258056163788,0.015144413337111473,0.41971778869628906,271.5582275390625,0.5606873035430908,280.4341735839844,-0.3913898468017578,0.8326541781425476,-0.027964115142822266,1.0,1.0,12.303882598876953,0.14096951484680176
15.480360984802246,-0.6415594816207886,0.7864755392074585,-0.023903990164399147,0.00956260971724987,0.5933361053466797,306.5042419433594,0.6995203495025635,280.37615966796875,-0.5162771344184875,0.808374285697937,-0.03789782524108887,1.0,1.0,12.303882598876953,0.10618424415588379
15.480859756469727,-0.7519038319587708,0.690068781375885,0.021213198080658913,0.0039808060973882675,0.7462806701660156,306.5042419433594,0.8385183811187744,280.32647705078125,-0.6677798628807068,0.690942645072937,0.023333311080932617,1.0,1.0,12.303882598876953,0.09223771095275879
15.48136043548584,-0.8329532742500305,0.5767484307289124,-0.022292662411928177,0.0011899027740582824,0.8388862609863281,247.21812438964844,0.9789950847625732,280.3394470214844,-0.7274568676948547,0.6328264474868774,-0.030865192413330078,1.0,1.0,12.303882598876953,0.14010882377624512
15.481860160827637,-0.9081437587738037,0.45328041911125183,-0.020681332796812057,0.005841407459229231,0.962493896484375,247.21812438964844,1.118757963180542,280.322509765625,-0.790180504322052,0.4943073093891144,-0.013621807098388672,1.0,1.0,12.303882598876953,0.156264066696167
15.482359886169434,-0.9686867594718933,0.32812070846557617,0.0002659321762621403,-0.006252502091228962,1.11883544921875,279.18450927734375,1.258385419845581,280.30010986328125,-0.886726438999176,0.3733868896961212,0.007284641265869141,1.0,1.0,12.303882598876953,0.13954997062683105
15.482858657836914,-1.0067700147628784,0.18773938715457916,-0.014236020855605602,0.00025960284983739257,1.2581520080566406,279.18450927734375,1.398040533065796,280.2792053222656,-0.9440398812294006,0.2579629719257355,-0.0006031990051269531,1.0,1.0,12.303882598876953,0.13988852500915527
15.483360290527344,-1.018487811088562,0.05243176966905594,0.0018772603943943977,-0.0071828025393188,1.4090156555175781,289.9223937988281,1.5369818210601807,280.228759765625,-0.9590453505516052,0.1645175665616989,-0.04288482666015625,1.0,1.0,12.303882598876953,0.12796616554260254
15.483859062194824,-1.0116523504257202,-0.09133260697126389,-0.023903988301753998,-0.0034615995828062296,1.5536861419677734,289.9223937988281,1.6751787662506104,280.1481628417969,-0.9450404644012451,0.05238279700279236,-0.06669139862060547,1.0,1.0,12.303882598876953,0.12149262428283691
15.484359741210938,-0.9960286617279053,-0.22664020955562592,0.003488588146865368,0.006771707907319069,1.6549568176269531,246.97091674804688,1.813429594039917,280.07159423828125,-0.9557464122772217,-0.08239720016717911,-0.0635828971862793,1.0,1.0,12.303882598876953,0.15847277641296387
15.484858512878418,-0.9501332640647888,-0.3602563142776489,-0.031960628926754,-0.008113102987408638,1.7781944274902344,246.97091674804688,1.951808214187622,280.0018615722656,-0.9390980005264282,-0.21215426921844482,-0.0658106803894043,1.0,1.0,12.303882598876953,0.1736137866973877
15.485359191894531,-0.8915432095527649,-0.49556389451026917,-0.015847349539399147,-0.008113103918731213,1.9346351623535156,279.18450927734375,2.0909769535064697,279.967041015625,-0.8578668832778931,-0.37661173939704895,-0.013277053833007812,1.0,1.0,12.303882598876953,0.1563417911529541
15.485858917236328,-0.8173293471336365,-0.6105755567550659,-0.004568052478134632,-0.01648581027984619,2.074228286743164,279.18450927734375,2.2297379970550537,279.9156188964844,-0.827938437461853,-0.4963708221912384,-0.025712966918945312,1.0,1.0,12.303882598876953,0.15550971031188965
15.486358642578125,-0.7245619297027588,-0.717130184173584,0.014767885208129883,0.00025960284983739257,2.2138214111328125,279.18450927734375,2.367666482925415,279.830322265625,-0.7313486337661743,-0.5878969430923462,-0.026659011840820312,1.0,1.0,12.303882598876953,0.15384507179260254
15.486858367919922,-0.6191002130508423,-0.8118456602096558,0.017990540713071823,-0.018346410244703293,2.3531341552734375,279.18450927734375,2.505873918533325,279.7586364746094,-0.6252385973930359,-0.697677493095398,-0.0017719268798828125,1.0,1.0,12.303882598876953,0.1527397632598877
15.487359046936035,-0.5009437799453735,-0.8913388848304749,-0.023903988301753998,-0.018346410244703293,2.5152816772460938,300.96124267578125,2.6439096927642822,279.6811218261719,-0.5648000240325928,-0.7534526586532593,-0.052605628967285156,1.0,1.0,12.303882598876953,0.12862801551818848
15.487857818603516,-0.3739989995956421,-0.9488445520401001,0.024435851722955704,-0.022067612037062645,2.6654624938964844,300.96124267578125,2.7831504344940186,279.6561584472656,-0.3958274722099304,-0.8381079435348511,0.010432243347167969,1.0,1.0,12.303882598876953,0.11768794059753418
15.488357543945312,-0.23533625900745392,-0.9962021708488464,-0.019070003181695938,-0.021137313917279243,2.749967575073242,236.4695281982422,2.9223039150238037,279.6280517578125,-0.27397218346595764,-0.90601646900177,0.018887042999267578,1.0,1.0,12.303882598876953,0.17233633995056152
15.488858222961426,-0.09667361527681351,-1.0232640504837036,-0.03357195854187012,-0.01462520845234394,2.8682022094726562,236.4695281982422,3.0620129108428955,279.6236877441406,-0.1558835655450821,-0.9650449156761169,0.012653350830078125,1.0,1.0,12.303882598876953,0.19381070137023926
15.489357948303223,0.043942708522081375,-1.0063505172729492,-0.023903988301753998,-0.029510019347071648,3.0411720275878906,289.9223937988281,-3.082024335861206,279.5952453613281,-0.13073427975177765,-0.8750395774841309,-0.11519932746887207,1.0,1.0,12.303882598876953,0.1599888801574707
15.48985767364502,0.17674647271633148,-1.0029675960540771,-0.014236020855605602,-0.018346410244703293,3.1861324310302734,289.9223937988281,-2.9436795711517334,279.5341491699219,0.02538120560348034,-0.9693450927734375,-0.07892751693725586,1.0,1.0,12.303882598876953,0.15337324142456055
15.490358352661133,0.3212677538394928,-0.9691409468650818,-0.0029567237943410873,-0.021137313917279243,3.331094741821289,289.9223937988281,-2.8051445484161377,279.4823303222656,0.19606822729110718,-0.9151918292045593,-0.03241586685180664,1.0,1.0,12.303882598876953,0.14694643020629883
15.490857124328613,0.45016583800315857,-0.9116352200508118,-0.006179380230605602,-0.013694907538592815,3.4757652282714844,289.9223937988281,-2.666400194168091,279.4402160644531,0.28813695907592773,-0.8650659918785095,-0.06081676483154297,1.0,1.0,12.303882598876953,0.1410202980041504
15.491357803344727,0.5761338472366333,-0.8456727862358093,0.029269836843013763,-0.021137313917279243,3.6100215911865234,279.18450927734375,-2.527308940887451,279.4136962890625,0.48488351702690125,-0.8476394414901733,-0.0015857219696044922,1.0,1.0,12.303882598876953,0.14585494995117188
15.491856575012207,0.684525728225708,-0.752648651599884,-0.014236020855605602,-0.018346410244703293,3.7493343353271484,279.18450927734375,-2.3887646198272705,279.3648681640625,0.5149058699607849,-0.7460264563560486,-0.0558629035949707,1.0,1.0,12.303882598876953,0.14508676528930664
15.492358207702637,0.7851049900054932,-0.6528593897819519,0.03732647746801376,-0.003461600746959448,3.867216110229492,257.7087707519531,-2.2485885620117188,279.3856506347656,0.6971830129623413,-0.6717337965965271,0.004088401794433594,1.0,1.0,12.303882598876953,0.16738080978393555
15.492856979370117,0.870060384273529,-0.539539098739624,0.04699444770812988,-0.01648581027984619,3.9958114624023438,257.7087707519531,-2.109401226043701,279.3643493652344,0.7895119786262512,-0.5901549458503723,-0.010251522064208984,1.0,1.0,12.303882598876953,0.17797279357910156
15.49335765838623,0.9374389052391052,-0.4093054234981537,0.026047181338071823,-0.008113103918731213,4.157909393310547,289.9223937988281,-1.969910740852356,279.3565673828125,0.8366096615791321,-0.4162926971912384,0.03059983253479004,1.0,1.0,12.303882598876953,0.1553654670715332
15.493857383728027,0.9804044365882874,-0.27399784326553345,0.005099915899336338,-0.01090400479733944,4.302579879760742,289.9223937988281,-1.8315026760101318,279.30322265625,0.8327884674072266,-0.3332550525665283,-0.026996374130249023,1.0,1.0,12.303882598876953,0.14910268783569336
15.494357109069824,1.0165351629257202,-0.13699892163276672,-0.0029567242600023746,-0.0025312991347163916,4.4368438720703125,279.4639587402344,-1.6919589042663574,279.2987060546875,0.9494808912277222,-0.19992776215076447,0.006716728210449219,1.0,1.0,12.303882598876953,0.15438270568847656
15.494856834411621,1.0214177370071411,0.006765465252101421,0.029269838705658913,0.0011899039382115006,4.576576232910156,279.4639587402344,-1.5526797771453857,279.2830810546875,0.9324877262115479,-0.07476352155208588,-0.0050885677337646484,1.0,1.0,12.303882598876953,0.1539292335510254
15.495356559753418,1.0126287937164307,0.14376439154148102,0.026047181338071823,-0.008113103918731213,4.694028854370117,257.7087707519531,-1.4141696691513062,279.2355651855469,0.9977778792381287,0.04470513015985489,-0.018892288208007812,1.0,1.0,12.303882598876953,0.1749868392944336
15.495856285095215,0.9784517288208008,0.29091140627861023,-0.03679461404681206,-0.009043403901159763,4.822626113891602,257.7087707519531,-1.274520993232727,279.2369079589844,0.8649635910987854,0.19207648932933807,0.015345096588134766,1.0,1.0,12.303882598876953,0.18603849411010742
15.496356964111328,0.9374384880065918,0.4160709083080292,-0.007790708914399147,0.007702008355408907,4.9847259521484375,289.9223937988281,-1.134814977645874,279.24053955078125,0.9355468153953552,0.30272531509399414,-0.03011918067932129,1.0,1.0,12.303882598876953,0.16364431381225586
15.496855735778809,0.8642013669013977,0.5496874451637268,0.001877260161563754,0.0002596029080450535,5.129396438598633,289.9223937988281,-0.995469331741333,279.2291564941406,0.820090115070343,0.43947434425354004,0.009692192077636719,1.0,1.0,12.303882598876953,0.15831995010375977
15.497357368469238,0.7782692909240723,0.6579333543777466,0.009933901019394398,0.021656520664691925,5.274646759033203,289.9223937988281,-0.8557305335998535,279.2340087890625,0.8225868344306946,0.5222997665405273,-0.05654335021972656,1.0,1.0,12.303882598876953,0.15280818939208984
15.497856140136719,0.6776902675628662,0.7644879817962646,0.0018772603943943977,0.013283812440931797,5.419319152832031,289.9223937988281,-0.7163116931915283,279.2258605957031,0.6894559860229492,0.6583893299102783,0.0009074211120605469,1.0,1.0,12.303882598876953,0.14755487442016602
15.498355865478516,0.5605102777481079,0.85243821144104,0.05343975871801376,0.03002922609448433,5.564281463623047,289.9223937988281,-0.5770699977874756,279.210205078125,0.5898301601409912,0.7244980335235596,-0.013248443603515625,1.0,1.0,12.303882598876953,0.14183378219604492
15.498855590820312,0.440400630235672,0.9251657724380493,0.0018772603943943977,0.013283812440931797,5.70924186706543,289.9223937988281,-0.4357261657714844,279.2833557128906,0.4672502279281616,0.8409140110015869,0.02170395851135254,1.0,1.0,12.303882598876953,0.13821744918823242
15.499356269836426,0.29978516697883606,0.9792888760566711,0.017990540713071823,0.00956260971724987,5.810516357421875,247.21812438964844,-0.29366397857666016,279.3851623535156,0.33841121196746826,0.8975515365600586,0.0263059139251709,1.0,1.0,12.303882598876953,0.17900514602661133
15.499855041503906,0.1572161316871643,1.0164985656738281,0.0002659326419234276,0.010492909699678421,5.933877944946289,247.21812438964844,-0.15210556983947754,279.463623046875,0.18423432111740112,0.9403117299079895,0.05195951461791992,1.0,1.0,12.303882598876953,0.19720220565795898
15.500354766845703,0.012694365344941616,1.0266464948654175,0.026047181338071823,0.016074715182185173,6.101175308227539,289.9223937988281,-0.011445999145507812,279.5025634765625,0.09334641695022583,0.9594157934188843,0.007615566253662109,1.0,1.0,12.303882598876953,0.1705641746520996
15.5008544921875,-0.13768640160560608,1.019881010055542,-0.004568052478134632,0.017005017027258873,6.246133804321289,289.9223937988281,0.12906432151794434,279.5344543457031,-0.10927553474903107,0.9546474814414978,0.07837247848510742,1.0,1.0,12.303882598876953,0.16611623764038086
15.501355171203613,-0.27830225229263306,0.98943692445755,0.013156556524336338,0.016074715182185173,0.11920404434204102,300.96124267578125,0.2700505256652832,279.5857238769531,-0.19322560727596283,0.9426966309547424,0.025381803512573242,1.0,1.0,12.303882598876953,0.1508464813232422
15.50185489654541,-0.41501179337501526,0.9386964440345764,-0.03357195481657982,0.022586818784475327,0.2696843147277832,300.96124267578125,0.4107701778411865,279.6247863769531,-0.3417021632194519,0.8800925016403198,0.05296206474304199,1.0,1.0,12.303882598876953,0.14108586311340332
15.502354621887207,-0.5370741486549377,0.8727342486381531,0.0002659321762621403,0.006771707907319069,0.3975796699523926,278.90557861328125,0.5503292083740234,279.6143493652344,-0.4217298924922943,0.84537273645401,0.005601167678833008,1.0,1.0,12.303882598876953,0.15274953842163086
15.50285530090332,-0.6610895991325378,0.7864755392074585,-0.009402035735547543,0.021656518802046776,0.5370335578918457,278.90557861328125,0.6925563812255859,279.71612548828125,-0.5882440209388733,0.7849310636520386,0.04395651817321777,1.0,1.0,12.303882598876953,0.15552282333374023
15.503355026245117,-0.7606923580169678,0.6883774399757385,-0.009402036666870117,0.0011899033561348915,0.6660618782043457,268.7153625488281,0.8340229988098145,279.7836608886719,-0.6646543741226196,0.710241973400116,0.011499404907226562,1.0,1.0,12.303882598876953,0.16796112060546875
15.503853797912598,-0.8563892841339111,0.569983184337616,0.005099915899336338,0.020726218819618225,0.8001523017883301,268.7153625488281,0.9745676517486572,279.81134033203125,-0.7651927471160889,0.5804774165153503,0.04064464569091797,1.0,1.0,12.303882598876953,0.17441534996032715
15.504355430603027,-0.9227913022041321,0.44820672273635864,-0.020681332796812057,0.002120204269886017,0.9564919471740723,289.9223937988281,1.1141397953033447,279.7969055175781,-0.7844513654708862,0.5081866979598999,-0.025066852569580078,1.0,1.0,12.303882598876953,0.15764784812927246
15.504854202270508,-0.9784514904022217,0.3112075626850128,-0.022292660549283028,0.014214113354682922,1.1011624336242676,289.9223937988281,1.2541697025299072,279.80267333984375,-0.8777113556861877,0.35025590658187866,0.030288219451904297,1.0,1.0,12.303882598876953,0.15300726890563965
15.505353927612305,-1.0136054754257202,0.17589998245239258,-0.007790707983076572,-0.005322201177477837,1.2351422309875488,279.18450927734375,1.394195795059204,279.80780029296875,-0.9067866802215576,0.25431206822395325,-0.0036153793334960938,1.0,1.0,12.303882598876953,0.15905356407165527
15.505853652954102,-1.023370623588562,0.03720974177122116,-0.020681332796812057,-0.0034615995828062296,1.3747315406799316,279.18450927734375,1.5333025455474854,279.7742919921875,-0.9479573369026184,0.16115345060825348,-0.03783750534057617,1.0,1.0,12.303882598876953,0.1585710048675537
15.506354331970215,-1.025323510169983,-0.10824616998434067,-0.007790708914399147,-0.020207012072205544,1.53660249710083,300.96124267578125,1.672914743423462,279.7628479003906,-0.9778775572776794,-0.024960219860076904,0.016684532165527344,1.0,1.0,12.303882598876953,0.13631224632263184
15.506854057312012,-0.9999346137046814,-0.24693641066551208,-0.023903988301753998,0.0002596033737063408,1.6870827674865723,300.96124267578125,1.8127377033233643,279.7604064941406,-0.9792073965072632,-0.13452686369419098,-0.012250423431396484,1.0,1.0,12.303882598876953,0.125654935836792
15.507353782653809,-0.9501332640647888,-0.3873181641101837,-0.040017269551754,-0.007182801607996225,1.7930092811584473,257.4513244628906,1.952214002609253,279.7434997558594,-0.884188711643219,-0.2674241065979004,0.005517005920410156,1.0,1.0,12.303882598876953,0.15920472145080566
15.507852554321289,-0.8866608142852783,-0.5175514221191406,-0.004568052478134632,-0.01648581027984619,1.9214768409729004,257.4513244628906,2.0928375720977783,279.77508544921875,-0.85783851146698,-0.41867539286613464,0.025331974029541016,1.0,1.0,12.303882598876953,0.17136073112487793
15.508354187011719,-0.8075644373893738,-0.6342545747756958,-0.014236019924283028,-0.014625207521021366,2.0839734077453613,290.21258544921875,2.232412576675415,279.7619323730469,-0.8130689263343811,-0.5081270933151245,-0.009881019592285156,1.0,1.0,12.303882598876953,0.1484391689300537
15.5088529586792,-0.7069851756095886,-0.7408092021942139,-0.023903988301753998,-0.005322200711816549,2.228790760040283,290.21258544921875,2.3714945316314697,279.7281799316406,-0.7162253260612488,-0.6018412113189697,-0.008698463439941406,1.0,1.0,12.303882598876953,0.14270377159118652
15.509353637695312,-0.5976172685623169,-0.8355246782302856,-0.023903988301753998,-0.005322200711816549,2.3738903999328613,289.9223937988281,2.5128023624420166,279.7889099121094,-0.6037839651107788,-0.720052182674408,0.024318695068359375,1.0,1.0,12.303882598876953,0.13891196250915527
15.50985336303711,-0.47946083545684814,-0.9082521796226501,0.016379212960600853,-0.017416110262274742,2.5185627937316895,289.9223937988281,2.654557466506958,279.8669738769531,-0.5337032675743103,-0.8132885098457336,-0.0004596710205078125,1.0,1.0,12.303882598876953,0.13599467277526855
15.510353088378906,-0.34275102615356445,-0.9691409468650818,0.0018772613257169724,-0.022067615762352943,2.6635231971740723,289.9223937988281,2.793273687362671,279.81585693359375,-0.4035997986793518,-0.846930205821991,-0.003170013427734375,1.0,1.0,12.303882598876953,0.12975049018859863
15.510852813720703,-0.20408840477466583,-1.0063505172729492,-0.009402036666870117,-0.022997913882136345,2.808483600616455,289.9223937988281,2.9334146976470947,279.82586669921875,-0.244309201836586,-0.9206246137619019,0.04219484329223633,1.0,1.0,12.303882598876953,0.12493109703063965
15.511353492736816,-0.05956663563847542,-1.0232640504837036,-0.009402036666870117,-0.021137313917279243,2.9097542762756348,246.97091674804688,3.0738699436187744,279.84881591796875,-0.10306111723184586,-0.9396762251853943,0.051941871643066406,1.0,1.0,12.303882598876953,0.16411566734313965
15.511852264404297,0.08300216495990753,-1.0232640504837036,-0.020681332796812057,-0.022067615762352943,3.0327439308166504,246.97091674804688,-3.0674145221710205,279.9317626953125,-0.03082597628235817,-0.9660065174102783,-0.012861490249633789,1.0,1.0,12.303882598876953,0.18302679061889648
15.51235294342041,0.23338305950164795,-1.0029675960540771,-0.0045680515468120575,-0.018346410244703293,3.2117085456848145,300.96124267578125,-2.925828695297241,280.0000305175781,0.1838548183441162,-0.9494113326072693,0.06910204887390137,1.0,1.0,12.303882598876953,0.14564847946166992
15.51285171508789,0.3700932264328003,-0.9556100368499756,-0.009402035735547543,-0.015555508434772491,3.361889362335205,300.96124267578125,-2.7837352752685547,280.0880126953125,0.2625485956668854,-0.9004072546958923,0.019268035888671875,1.0,1.0,12.303882598876953,0.13756084442138672
15.51335334777832,0.5068028569221497,-0.8981041312217712,0.013156557455658913,-0.017416110262274742,3.501366138458252,289.9223937988281,-2.642091989517212,280.1551818847656,0.4346100091934204,-0.8686082363128662,0.058016061782836914,1.0,1.0,12.303882598876953,0.13972711563110352
15.5138521194458,0.6220292448997498,-0.8135371804237366,-0.03679461404681206,-0.01276460662484169,3.6460375785827637,289.9223937988281,-2.5014567375183105,280.17840576171875,0.44490158557891846,-0.8023180365562439,-0.04064631462097168,1.0,1.0,12.303882598876953,0.13569116592407227
15.514351844787598,0.7323738932609558,-0.7238959074020386,0.008322572335600853,-0.010904005728662014,3.790998935699463,289.9223937988281,-2.3595364093780518,280.25531005859375,0.6433584094047546,-0.7466566562652588,0.02263641357421875,1.0,1.0,12.303882598876953,0.13264989852905273
15.514851570129395,0.821235179901123,-0.6038103103637695,0.005099916830658913,-0.0071828025393188,3.914933681488037,276.1165771484375,-2.2186522483825684,280.2869873046875,0.6539976596832275,-0.6367685794830322,-0.03093576431274414,1.0,1.0,12.303882598876953,0.14959955215454102
15.515352249145508,0.9120495319366455,-0.4871073365211487,0.006711243651807308,-0.015555508434772491,4.0529913902282715,276.1165771484375,-2.077486276626587,280.3299865722656,0.8134784698486328,-0.5069164633750916,0.04300713539123535,1.0,1.0,12.303882598876953,0.15270757675170898
15.515851974487305,0.9589219093322754,-0.35179972648620605,0.04699444770812988,-0.0071828025393188,4.211386203765869,289.9223937988281,-1.936621904373169,280.3592529296875,0.8257167339324951,-0.4408819377422333,-0.031320810317993164,1.0,1.0,12.303882598876953,0.1351771354675293
15.516351699829102,1.002864122390747,-0.21480081975460052,0.009933900088071823,0.006771707441657782,4.356347560882568,289.9223937988281,-1.7961525917053223,280.3714904785156,0.8948031067848206,-0.28687459230422974,0.008560895919799805,1.0,1.0,12.303882598876953,0.13068532943725586
15.516851425170898,1.021417260169983,-0.07441926747560501,0.016379212960600853,0.008632308803498745,4.437793254852295,246.97091674804688,-1.6560893058776855,280.3663635253906,0.9301437139511108,-0.16736827790737152,0.0006778240203857422,1.0,1.0,12.303882598876953,0.18930292129516602
15.517351150512695,1.0253233909606934,0.0744190588593483,0.019601870328187943,0.003050505416467786,4.561278820037842,246.97091674804688,-1.5151203870773315,280.3995056152344,0.9219382405281067,-0.005921437870711088,0.03145909309387207,1.0,1.0,12.303882598876953,0.2067861557006836
15.517850875854492,0.9979814887046814,0.21649213135242462,-0.040017269551754,-0.014625207521021366,4.747990131378174,289.9223937988281,-1.3748441934585571,280.4026794433594,0.8719539046287537,0.08308145403862,-0.007561445236206055,1.0,1.0,12.303882598876953,0.16035127639770508
15.518350601196289,0.9638039469718933,0.35010844469070435,0.05827374756336212,0.010492912493646145,4.892950534820557,289.9223937988281,-1.234606146812439,280.4041442871094,0.9325594305992126,0.21945324540138245,-0.01169276237487793,1.0,1.0,12.303882598876953,0.15562868118286133
15.518851280212402,0.8934964537620544,0.4854160249233246,0.008322572335600853,0.017005015164613724,5.038339138031006,290.21258544921875,-1.0944616794586182,280.4017028808594,0.8013228178024292,0.34005609154701233,0.018505096435546875,1.0,1.0,12.303882598876953,0.15038442611694336
