time_s,v_alpha_v,v_beta_v,i_alpha_a,i_beta_a,encoder_angle_rad,encoder_speed_rad_s,pll_angle_rad,pll_speed_rad_s,emf_alpha_v,emf_beta_v,phase_error_rad,locked,active,bus_voltage_v,angle_error_rad
16.335256576538086,-0.09862633794546127,-1.0266464948654175,-0.013319224119186401,-0.02057461254298687,nan,nan,3.0236308574676514,283.8267517089844,-0.14707255363464355,-0.9296914339065552,0.055867671966552734,1.0,1.0,12.303882598876953,nan
16.335756301879883,0.04980134591460228,-1.0334117412567139,-0.02459852024912834,-0.014062508009374142,nan,nan,-3.1158928871154785,283.90020751953125,-0.013007458299398422,-0.9584558010101318,0.055553436279296875,1.0,1.0,12.303882598876953,nan
16.33625602722168,0.1943233609199524,-1.009732961654663,0.03985460475087166,-0.01778371073305607,nan,nan,-2.9721105098724365,283.9770812988281,0.11358319222927094,-0.9403056502342224,0.04553675651550293,1.0,1.0,12.303882598876953,nan
16.336755752563477,0.33493897318840027,-0.9725233912467957,0.007628041319549084,-0.01778371073305607,nan,nan,-2.8288934230804443,284.02899169921875,0.235884889960289,-0.9335442185401917,0.029555082321166992,1.0,1.0,12.303882598876953,nan
16.337255477905273,0.4716491401195526,-0.9150176644325256,-0.002039927989244461,-0.025226116180419922,nan,nan,-2.6861817836761475,284.0583801269531,0.3608751595020294,-0.9010796546936035,0.0202481746673584,1.0,1.0,12.303882598876953,nan
16.33775520324707,0.5898053050041199,-0.8355244398117065,0.007628042250871658,-0.015923108905553818,nan,nan,-2.5439224243164062,284.06781005859375,0.42630234360694885,-0.8394283652305603,-0.033255577087402344,1.0,1.0,12.303882598876953,nan
16.3382568359375,0.7099144458770752,-0.7492657899856567,0.009239370003342628,-0.016853410750627518,nan,nan,-2.4015800952911377,284.0809326171875,0.5968018770217896,-0.7781190276145935,0.008956432342529297,1.0,1.0,12.303882598876953,nan
16.338756561279297,0.8085408210754395,-0.6393285393714905,0.02374132350087166,-0.006620102562010288,nan,nan,-2.258828639984131,284.1107177734375,0.7017136216163635,-0.6621063351631165,0.026439189910888672,1.0,1.0,12.303882598876953,nan
16.33925437927246,0.8847076892852783,-0.5141692161560059,0.012462025508284569,-0.00568980211392045,nan,nan,-2.1165850162506104,284.1186218261719,0.7207789421081543,-0.5622919797897339,-0.02213883399963379,1.0,1.0,12.303882598876953,nan
16.339754104614258,0.9540391564369202,-0.387317955493927,0.0269639790058136,0.006404107436537743,nan,nan,-1.9742282629013062,284.1312561035156,0.8728561997413635,-0.45366090536117554,0.018862247467041016,1.0,1.0,12.303882598876953,nan
16.340255737304688,0.9921228885650635,-0.24693641066551208,0.03985460102558136,0.0008223014301620424,nan,nan,-1.8329766988754272,284.0970153808594,0.8670647740364075,-0.350161075592041,-0.027093887329101562,1.0,1.0,12.303882598876953,nan
16.340755462646484,1.0253233909606934,-0.10824616998434067,0.0269639790058136,-0.025226116180419922,nan,nan,-1.691542148590088,284.07122802734375,0.9645323753356934,-0.22294363379478455,-0.011807680130004883,1.0,1.0,12.303882598876953,nan
16.34125518798828,1.0282527208328247,0.03551821410655975,0.02535264939069748,0.007334407418966293,nan,nan,-1.5498046875,284.0585632324219,0.9707569479942322,-0.0925852507352829,-0.02152419090270996,1.0,1.0,12.303882598876953,nan
16.341754913330078,1.0077463388442993,0.17928260564804077,0.0269639790058136,0.015707114711403847,nan,nan,-1.4085992574691772,284.0238952636719,0.9358431100845337,0.038034409284591675,-0.027058124542236328,1.0,1.0,12.303882598876953,nan
16.342254638671875,0.9774749279022217,0.3128988742828369,0.0011827293783426285,0.013846512883901596,nan,nan,-1.2682292461395264,283.954833984375,0.9537435173988342,0.15654000639915466,-0.045465946197509766,1.0,1.0,12.303882598876953,nan
16.342754364013672,0.9208381772041321,0.45158934593200684,0.007628041319549084,0.017567714676260948,nan,nan,-1.1278865337371826,283.8861389160156,0.8686878681182861,0.29699769616127014,-0.018968820571899414,1.0,1.0,12.303882598876953,nan
16.34325408935547,0.8534600138664246,0.5682920813560486,0.0027940571308135986,0.018498016521334648,nan,nan,-0.9867503643035889,283.85223388671875,0.887658417224884,0.430957168340683,-0.03764843940734863,1.0,1.0,12.303882598876953,nan
16.343753814697266,0.7655749917030334,0.686686098575592,0.0011827293783426285,0.017567716538906097,nan,nan,-0.8460254669189453,283.80181884765625,0.7777615189552307,0.5493069887161255,-0.015357017517089844,1.0,1.0,12.303882598876953,nan
16.344253540039062,0.6640192866325378,0.7881668210029602,0.02051866613328457,0.019428318366408348,nan,nan,-0.7056703567504883,283.73681640625,0.7186034917831421,0.6539999842643738,-0.03235793113708496,1.0,1.0,12.303882598876953,nan
16.34475326538086,0.5468390583992004,0.8693513870239258,0.02051866613328457,0.019428318366408348,nan,nan,-0.5644712448120117,283.7087097167969,0.6062749028205872,0.7482722401618958,-0.02204275131225586,1.0,1.0,12.303882598876953,nan
16.34525489807129,0.4111059904098511,0.9420793056488037,0.0350206196308136,0.02221922017633915,nan,nan,-0.42377448081970215,283.6598815917969,0.45911258459091187,0.806337296962738,0.0006880760192871094,1.0,1.0,12.303882598876953,nan
16.345754623413086,0.2743963301181793,0.98943692445755,0.0060167135670781136,0.014776813797652721,nan,nan,-0.2809288501739502,283.7023620605469,0.3120298683643341,0.8908750414848328,0.03871798515319824,1.0,1.0,12.303882598876953,nan
16.346254348754883,0.13768602907657623,1.0164985656738281,0.014073355123400688,0.0268707238137722,nan,nan,-0.13975262641906738,283.6737976074219,0.2507411241531372,0.9298380017280579,-0.02924942970275879,1.0,1.0,12.303882598876953,nan
16.34675407409668,-0.004882278852164745,1.0266464948654175,0.014073353260755539,0.0231495201587677,nan,nan,0.0012743473052978516,283.6395568847656,0.12273571640253067,0.9531484842300415,-0.034979820251464844,1.0,1.0,12.303882598876953,nan
16.347253799438477,-0.14549824595451355,1.0131157636642456,-0.011707895435392857,0.019428318366408348,nan,nan,0.14170145988464355,283.5809020996094,-0.005794940050691366,0.9360215067863464,-0.04119753837585449,1.0,1.0,12.303882598876953,nan
16.347753524780273,-0.2841610014438629,0.9792888760566711,-0.0004285983741283417,0.02035861648619175,nan,nan,0.28244948387145996,283.5372009277344,-0.11766915768384933,0.9258321523666382,-0.06181955337524414,1.0,1.0,12.303882598876953,nan
16.34825325012207,-0.4189177453517914,0.93193119764328,-0.014930551871657372,0.0194283165037632,nan,nan,0.4222879409790039,283.4560852050781,-0.2688870429992676,0.8997571468353271,-0.03760576248168945,1.0,1.0,12.303882598876953,nan
16.348752975463867,-0.5458627343177795,0.8642776608467102,-0.011707894504070282,0.013846512883901596,nan,nan,0.5628833770751953,283.40850830078125,-0.39001572132110596,0.8436368703842163,-0.03556680679321289,1.0,1.0,12.303882598876953,nan
16.349252700805664,-0.6669485569000244,0.7763274312019348,0.01568468287587166,0.02221922017633915,nan,nan,0.7050044536590576,283.4261169433594,-0.5393751859664917,0.7625951766967773,0.005051612854003906,1.0,1.0,12.303882598876953,nan
16.34975242614746,-0.766551673412323,0.6714641451835632,-0.0004286002367734909,0.031522225588560104,nan,nan,0.8472163677215576,283.44696044921875,-0.6216709017753601,0.6964671611785889,-0.024161815643310547,1.0,1.0,12.303882598876953,nan
16.350252151489258,-0.8534595966339111,0.5615265965461731,-0.02298719249665737,-0.003829200053587556,nan,nan,0.989553689956665,283.47271728515625,-0.7384925484657288,0.6022221446037292,-0.008449554443359375,1.0,1.0,12.303882598876953,nan
16.350753784179688,-0.9247443079948425,0.43129315972328186,-0.0036512548103928566,0.018498016521334648,nan,nan,1.1304848194122314,283.4388732910156,-0.7663217186927795,0.480508416891098,-0.02541637420654297,1.0,1.0,12.303882598876953,nan
16.351253509521484,-0.9843106269836426,0.3010592758655548,0.009239369072020054,0.005473806522786617,nan,nan,1.2718007564544678,283.421875,-0.9082491397857666,0.3553999066352844,0.02052783966064453,1.0,1.0,12.303882598876953,nan
16.35175323486328,-1.0087230205535889,0.1572953164577484,0.012462025508284569,-0.00010799744632095098,nan,nan,1.413825273513794,283.43499755859375,-0.8813218474388123,0.23347383737564087,-0.007588863372802734,1.0,1.0,12.303882598876953,nan
16.352251052856445,-1.0272765159606934,0.01691313274204731,-0.026209848001599312,-0.001968598924577236,nan,nan,1.5554802417755127,283.4324035644531,-0.9985809326171875,0.10026086866855621,0.009724140167236328,1.0,1.0,12.303882598876953,nan
16.352752685546875,-1.0116525888442993,-0.13192497193813324,-0.005262583494186401,-0.0028988998383283615,nan,nan,1.6971619129180908,283.430908203125,-0.9101174473762512,-0.03189202770590782,0.0031099319458007812,1.0,1.0,12.303882598876953,nan
16.353252410888672,-0.9774751663208008,-0.27230674028396606,-0.006873910315334797,-0.02057461254298687,nan,nan,1.8384945392608643,283.41485595703125,-0.8820172548294067,-0.15086419880390167,-0.003879070281982422,1.0,1.0,12.303882598876953,nan
16.35375213623047,-0.9315795302391052,-0.4059228301048279,-0.01654187962412834,-0.00941100437194109,nan,nan,1.9795944690704346,283.3895263671875,-0.8650850653648376,-0.27193212509155273,-0.009856224060058594,1.0,1.0,12.303882598876953,nan
16.354251861572266,-0.8681073188781738,-0.5293912291526794,0.01568468287587166,-0.013132207095623016,nan,nan,2.12048077583313,283.3554382324219,-0.8399541974067688,-0.3800026476383209,-0.030547142028808594,1.0,1.0,12.303882598876953,nan
16.354751586914062,-0.781199038028717,-0.6460939645767212,0.0011827293783426285,-0.02150491438806057,nan,nan,2.2620441913604736,283.3509521484375,-0.7381165027618408,-0.5224394202232361,0.019183635711669922,1.0,1.0,12.303882598876953,nan
16.35525131225586,-0.6835489869117737,-0.7475746870040894,0.009239370003342628,-0.007550403010100126,nan,nan,2.4026758670806885,283.30694580078125,-0.6994275450706482,-0.5954126715660095,-0.03238105773925781,1.0,1.0,12.303882598876953,nan
16.355751037597656,-0.5732046365737915,-0.837215781211853,-0.010096567682921886,-0.014992807991802692,nan,nan,2.5440027713775635,283.2933349609375,-0.6247237324714661,-0.7189152836799622,-0.023530006408691406,1.0,1.0,12.303882598876953,nan
16.356250762939453,-0.4462597668170929,-0.9116352200508118,-0.01654187962412834,-0.02057461254298687,nan,nan,2.6850383281707764,283.2679138183594,-0.4844910800457001,-0.7752727270126343,-0.007645606994628906,1.0,1.0,12.303882598876953,nan
16.35675048828125,-0.3056441843509674,-0.9725233912467957,-0.02298719249665737,-0.014992808923125267,nan,nan,2.8283402919769287,283.3381042480469,-0.3045330047607422,-0.8741692900657654,0.07274055480957031,1.0,1.0,12.303882598876953,nan
16.357250213623047,-0.17479349672794342,-0.9995852112770081,0.0011827284470200539,-0.01034130435436964,nan,nan,2.971052408218384,283.3818664550781,-0.2669622302055359,-0.9159723520278931,-0.018715858459472656,1.0,1.0,12.303882598876953,nan
16.357751846313477,-0.028318537399172783,-1.0164985656738281,-0.011707895435392857,-0.01778371073305607,nan,nan,3.1122519969940186,283.3609619140625,-0.15895693004131317,-0.9363448619842529,-0.04459428787231445,1.0,1.0,12.303882598876953,nan
16.358251571655273,0.11229754239320755,-1.009732961654663,0.02212999388575554,-0.014992807991802692,nan,nan,-3.0302131175994873,283.3206481933594,0.0048161777667701244,-0.9556863307952881,-0.011991739273071289,1.0,1.0,12.303882598876953,nan
16.35875129699707,0.2490072250366211,-0.9826716780662537,0.01568468287587166,-0.013132207095623016,nan,nan,-2.8899712562561035,283.2611083984375,0.11700280755758286,-0.929512619972229,-0.032160282135009766,1.0,1.0,12.303882598876953,nan
16.359251022338867,0.3837641775608063,-0.9386964440345764,0.02857530675828457,-0.013132208026945591,nan,nan,-2.7486586570739746,283.2476806640625,0.2594822645187378,-0.9470239877700806,-0.03125643730163574,1.0,1.0,12.303882598876953,nan
16.359750747680664,0.5175440907478333,-0.8727339506149292,-0.008485238999128342,-0.01778371073305607,nan,nan,-2.6075222492218018,283.2272644042969,0.37872523069381714,-0.8489231467247009,-0.020161151885986328,1.0,1.0,12.303882598876953,nan
16.36025047302246,0.6415596008300781,-0.8000062108039856,-0.003651255276054144,-0.001968598924577236,nan,nan,-2.465576410293579,283.24151611328125,0.5750105381011963,-0.7896443605422974,0.047951698303222656,1.0,1.0,12.303882598876953,nan
16.360750198364258,0.7382327914237976,-0.6934515833854675,0.012462025508284569,-0.001968598924577236,nan,nan,-2.3236751556396484,283.2530517578125,0.5920724868774414,-0.7247901558876038,-0.03874969482421875,1.0,1.0,12.303882598876953,nan
16.361249923706055,0.832953155040741,-0.5835141539573669,0.03824327513575554,-0.001968598924577236,nan,nan,-2.1824047565460205,283.2383117675781,0.7314646244049072,-0.6094170212745667,0.011399269104003906,1.0,1.0,12.303882598876953,nan
16.36174964904785,0.9081438183784485,-0.4600459039211273,0.0430772602558136,-0.004759501665830612,nan,nan,-2.0405519008636475,283.2481994628906,0.8238025307655334,-0.5208624601364136,0.000324249267578125,1.0,1.0,12.303882598876953,nan
16.36224937438965,0.9628276824951172,-0.3315037786960602,0.03985460102558136,0.0008223014301620424,nan,nan,-1.8991349935531616,283.2395324707031,0.8855094313621521,-0.43304234743118286,-0.032259225845336914,1.0,1.0,12.303882598876953,nan
16.362749099731445,0.9999344348907471,-0.19281332194805145,-0.006873911712318659,0.005473806988447905,nan,nan,-1.7587954998016357,283.1856689453125,0.8992880582809448,-0.30382758378982544,-0.04364275932312012,1.0,1.0,12.303882598876953,nan
16.363250732421875,1.0204408168792725,-0.04904893413186073,0.007628041319549084,0.000822303059976548,nan,nan,-1.6182690858840942,283.14105224609375,0.97414231300354,-0.13597576320171356,0.00313568115234375,1.0,1.0,12.303882598876953,nan
16.363750457763672,1.0175116062164307,0.08794999122619629,0.02535265125334263,0.014776813797652721,nan,nan,-1.4780651330947876,283.08349609375,0.9787540435791016,-0.0538284108042717,-0.05357718467712402,1.0,1.0,12.303882598876953,nan
16.36425018310547,0.9970052242279053,0.224948912858963,0.010850697755813599,0.010125311091542244,nan,nan,-1.3386287689208984,282.9950256347656,0.9845420718193054,0.08375325053930283,-0.05323624610900879,1.0,1.0,12.303882598876953,nan
16.364749908447266,0.9491567611694336,0.36871328949928284,0.01729601062834263,0.004543506074696779,nan,nan,-1.199264645576477,282.90545654296875,0.8659319281578064,0.22621600329875946,-0.02183365821838379,1.0,1.0,12.303882598876953,nan
16.365249633789062,0.8974024653434753,0.4921815097332001,0.02051866613328457,0.015707112848758698,nan,nan,-1.058955430984497,282.85723876953125,0.9046410322189331,0.35485872626304626,-0.0439603328704834,1.0,1.0,12.303882598876953,nan
16.36574935913086,0.8202590346336365,0.6122668981552124,0.009239370003342628,0.009195009246468544,nan,nan,-0.9186296463012695,282.8109436035156,0.8324840068817139,0.4853249788284302,-0.03025054931640625,1.0,1.0,12.303882598876953,nan
16.366249084472656,0.7226088047027588,0.7205130457878113,0.014073353260755539,0.015707112848758698,nan,nan,-0.7787635326385498,282.74627685546875,0.765725314617157,0.601698637008667,-0.031943559646606445,1.0,1.0,12.303882598876953,nan
16.366748809814453,0.6171471476554871,0.8152285218238831,-0.0020399270579218864,0.015707112848758698,nan,nan,-0.6393208503723145,282.6651306152344,0.6731822490692139,0.7059908509254456,-0.028230905532836914,1.0,1.0,12.303882598876953,nan
16.36724853515625,0.4931319057941437,0.8913388848304749,0.014073355123400688,0.03803433105349541,nan,nan,-0.49890875816345215,282.6266174316406,0.5272294878959656,0.7589501738548279,-0.014131307601928711,1.0,1.0,12.303882598876953,nan
16.367748260498047,0.36813977360725403,0.9522274136543274,0.02051866613328457,0.019428318366408348,nan,nan,-0.35807323455810547,282.606689453125,0.42464423179626465,0.8454568386077881,-0.013280153274536133,1.0,1.0,12.303882598876953,nan
16.368249893188477,0.2275242954492569,0.9962021708488464,0.0350206196308136,0.02035861648619175,nan,nan,-0.218231201171875,282.54498291015625,0.3179642856121063,0.8836931586265564,-0.0331571102142334,1.0,1.0,12.303882598876953,nan
16.36874771118164,0.08495549112558365,1.019881010055542,0.03018663451075554,0.032452527433633804,nan,nan,-0.0768733024597168,282.54827880859375,0.19023269414901733,0.9337624907493591,-0.030087709426879883,1.0,1.0,12.303882598876953,nan
16.369247436523438,-0.057613555341959,1.019881010055542,0.02696397714316845,0.008264708332717419,nan,nan,0.06333231925964355,282.5030822753906,0.06567809730768204,0.9367982745170593,-0.039365291595458984,1.0,1.0,12.303882598876953,nan
16.369747161865234,-0.19627618789672852,0.9995852112770081,0.007628042250871658,0.0231495201587677,nan,nan,0.20363664627075195,282.4632873535156,-0.08018823713064194,0.9422010779380798,-0.024724245071411133,1.0,1.0,12.303882598876953,nan
16.370248794555664,-0.3310331404209137,0.9657580852508545,-0.02620984986424446,0.033382829278707504,nan,nan,0.3433034420013428,282.3974304199219,-0.20177941024303436,0.9635499715805054,-0.04296231269836426,1.0,1.0,12.303882598876953,nan
16.37074851989746,-0.4618840515613556,0.9048697352409363,-0.010096568614244461,0.016637414693832397,nan,nan,0.48343873023986816,282.3528747558594,-0.3157970607280731,0.8676580786705017,-0.04047060012817383,1.0,1.0,12.303882598876953,nan
16.371248245239258,-0.5888286828994751,0.8372160196304321,-0.010096568614244461,0.029661623761057854,nan,nan,0.6223781108856201,282.25872802734375,-0.47033071517944336,0.8369858264923096,-0.016442298889160156,1.0,1.0,12.303882598876953,nan
16.371747970581055,-0.7001495361328125,0.7458831667900085,-0.011707894504070282,0.03803433105349541,nan,nan,0.7630331516265869,282.2388000488281,-0.6000198721885681,0.7605670094490051,-0.0010564327239990234,1.0,1.0,12.303882598876953,nan
16.37224769592285,-0.7938935160636902,0.637637197971344,-0.031043831259012222,0.01198591198772192,nan,nan,0.9033372402191162,282.20428466796875,-0.6692811846733093,0.6353275179862976,0.002116680145263672,1.0,1.0,12.303882598876953,nan
16.37274742126465,-0.8759191036224365,0.5226255655288696,-0.0036512548103928566,0.018498016521334648,nan,nan,1.043973684310913,282.1848449707031,-0.7607425451278687,0.5626797676086426,-0.016065597534179688,1.0,1.0,12.303882598876953,nan
16.373247146606445,-0.9374386668205261,0.3957745134830475,-0.02782117761671543,0.008264708332717419,nan,nan,1.184568166732788,282.1637878417969,-0.8387255072593689,0.46239015460014343,-0.023699283599853516,1.0,1.0,12.303882598876953,nan
16.373746871948242,-0.9852872490882874,0.2587758004665375,-0.0068739112466573715,0.0240798182785511,nan,nan,1.3246333599090576,282.1211853027344,-0.8826196789741516,0.3233402669429779,-0.011042118072509766,1.0,1.0,12.303882598876953,nan
16.37424659729004,-1.0087230205535889,0.11670295149087906,-0.04071180149912834,0.0008223035838454962,nan,nan,1.4647085666656494,282.0796813964844,-0.9011871814727783,0.19134436547756195,-0.009182929992675781,1.0,1.0,12.303882598876953,nan
16.374746322631836,-1.0136054754257202,-0.02706143632531166,-0.008485239930450916,0.010125311091542244,nan,nan,1.6055347919464111,282.07073974609375,-0.9022345542907715,0.05827474594116211,-0.005278110504150391,1.0,1.0,12.303882598876953,nan
16.375246047973633,-1.0009108781814575,-0.1640605628490448,-0.04393445700407028,-0.0010382974287495017,nan,nan,1.7459747791290283,282.0456237792969,-0.9612647891044617,-0.053135946393013,-0.026092529296875,1.0,1.0,12.303882598876953,nan
16.375747680664062,-0.9647805690765381,-0.307824969291687,-0.0213758647441864,0.0008223025361075997,nan,nan,1.8866369724273682,282.0306396484375,-0.873464822769165,-0.2055787593126297,0.009320735931396484,1.0,1.0,12.303882598876953,nan
16.37624740600586,-0.9169321656227112,-0.43129274249076843,-0.03104383312165737,-0.012201906181871891,nan,nan,2.0274994373321533,282.024169921875,-0.9299042224884033,-0.3135335147380829,-0.03769636154174805,1.0,1.0,12.303882598876953,nan
16.376747131347656,-0.8436946868896484,-0.5581437945365906,0.006016712635755539,-0.014992807991802692,nan,nan,2.168128252029419,282.00830078125,-0.8083115220069885,-0.4411969482898712,-0.003753185272216797,1.0,1.0,12.303882598876953,nan
16.377246856689453,-0.7548335194587708,-0.6782295107841492,-0.0536024272441864,-0.01034130621701479,nan,nan,2.3093292713165283,282.0166320800781,-0.7757691144943237,-0.5812444090843201,-0.0015544891357421875,1.0,1.0,12.303882598876953,nan
16.37774658203125,-0.652301013469696,-0.7746363282203674,0.02051866613328457,-0.02336551435291767,nan,nan,2.4513003826141357,282.05718994140625,-0.6476578116416931,-0.6860281825065613,0.027750492095947266,1.0,1.0,12.303882598876953,nan
16.378246307373047,-0.5341446995735168,-0.8575119376182556,-0.04393445700407028,-0.012201906181871891,nan,nan,2.5921671390533447,282.0505065917969,-0.5815057754516602,-0.7286727428436279,-0.030266761779785156,1.0,1.0,12.303882598876953,nan
16.378746032714844,-0.4013408422470093,-0.93193119764328,-0.01654187962412834,-0.00941100437194109,nan,nan,2.735185384750366,282.1343078613281,-0.4065427780151367,-0.8362286686897278,0.048095703125,1.0,1.0,12.303882598876953,nan
16.37924575805664,-0.262677937746048,-0.9792888760566711,-0.02782117947936058,-0.027086719870567322,nan,nan,2.877148389816284,282.1719665527344,-0.2949095368385315,-0.8873021006584167,0.03773832321166992,1.0,1.0,12.303882598876953,nan
16.379745483398438,-0.12206210941076279,-1.009732961654663,0.010850696824491024,-0.004759501200169325,nan,nan,3.020238161087036,282.25592041015625,-0.1671079844236374,-0.924074649810791,0.03664684295654297,1.0,1.0,12.303882598876953,nan
16.380245208740234,0.010741648264229298,-1.009732961654663,0.0011827293783426285,-0.02150491438806057,nan,nan,-3.1225838661193848,282.2236022949219,-0.150482639670372,-0.9574435949325562,-0.08121132850646973,1.0,1.0,12.303882598876953,nan
16.380746841430664,0.16698141396045685,-1.0063505172729492,0.014073354192078114,-0.014062508940696716,nan,nan,-2.9805655479431152,282.26226806640625,0.14214880764484406,-0.9513782858848572,0.08167695999145508,1.0,1.0,12.303882598876953,nan
16.381244659423828,0.2919733226299286,-0.962375283241272,0.03985460475087166,-0.01034130435436964,nan,nan,-2.8397879600524902,282.2471923828125,0.13776610791683197,-0.9324144124984741,-0.06132912635803223,1.0,1.0,12.303882598876953,nan
16.381744384765625,0.4364948570728302,-0.921782910823822,0.01568468287587166,-0.02057461254298687,nan,nan,-2.6996068954467773,282.2078552246094,0.3670807480812073,-0.898009181022644,0.04025578498840332,1.0,1.0,12.303882598876953,nan
16.382244110107422,0.5556274056434631,-0.8541293144226074,0.02051866613328457,0.0008223035838454962,nan,nan,-2.559715986251831,282.1568298339844,0.46158328652381897,-0.862354040145874,0.0036051273345947266,1.0,1.0,12.303882598876953,nan
16.38274574279785,0.6669487953186035,-0.7627967000007629,-0.008485239930450916,-0.014062508940696716,nan,nan,-2.420034646987915,282.0981140136719,0.5235570669174194,-0.7739361524581909,-0.03293442726135254,1.0,1.0,12.303882598876953,nan
16.38324546813965,0.7724103927612305,-0.6613162159919739,0.02374132350087166,-0.032668523490428925,nan,nan,-2.2788729667663574,282.10308837890625,0.6838618516921997,-0.6581175327301025,0.036003828048706055,1.0,1.0,12.303882598876953,nan
16.383745193481445,0.854436457157135,-0.5530698299407959,0.0189073383808136,-0.00568980211392045,nan,nan,-2.1380815505981445,282.0918884277344,0.755164623260498,-0.6088545322418213,-0.017340660095214844,1.0,1.0,12.303882598876953,nan
16.384244918823242,0.9218144416809082,-0.42283639311790466,-0.00042859907262027264,-0.003829200519248843,nan,nan,-1.9974400997161865,282.0749816894531,0.8114972114562988,-0.4727921187877655,-0.006941556930541992,1.0,1.0,12.303882598876953,nan
16.38474464416504,0.9716159701347351,-0.28922009468078613,0.0591905415058136,0.0008223035838454962,nan,nan,-1.85676908493042,282.05938720703125,0.8640965223312378,-0.38165614008903503,-0.03611493110656738,1.0,1.0,12.303882598876953,nan
16.385244369506836,1.0028637647628784,-0.1539124846458435,0.02857530675828457,-0.00568980211392045,nan,nan,-1.7175788879394531,281.9822082519531,0.9325436949729919,-0.26287388801574707,-0.03416705131530762,1.0,1.0,12.303882598876953,nan
16.385744094848633,1.0145822763442993,-0.00507393991574645,0.004405385348945856,0.0008223031763918698,nan,nan,-1.5774707794189453,281.9451904296875,0.9012417793273926,-0.07678356021642685,0.015688419342041016,1.0,1.0,12.303882598876953,nan
16.38624382019043,1.0096993446350098,0.12854234874248505,0.05274522677063942,0.008264707401394844,nan,nan,-1.4373893737792969,281.9076232910156,0.9977070689201355,0.00964381918311119,-0.029938459396362305,1.0,1.0,12.303882598876953,nan
16.386743545532227,0.9774752259254456,0.27230653166770935,0.014073353260755539,0.002682904014363885,nan,nan,-1.2976945638656616,281.8547668457031,0.8825424909591675,0.14590664207935333,-0.015412569046020508,1.0,1.0,12.303882598876953,nan
16.387243270874023,0.9315798282623291,0.3991575539112091,0.02857530675828457,0.01291621197015047,nan,nan,-1.1577702760696411,281.8124694824219,0.9049957990646362,0.2602822482585907,-0.0392460823059082,1.0,1.0,12.303882598876953,nan
16.387744903564453,0.8661543726921082,0.5260081887245178,0.0430772602558136,0.0268707238137722,nan,nan,-1.0180199146270752,281.763916015625,0.8568727970123291,0.4044130742549896,-0.018003225326538086,1.0,1.0,12.303882598876953,nan
16.38824462890625,0.7880343794822693,0.6410198211669922,-0.0020399270579218864,0.01198591198772192,nan,nan,-0.8779876232147217,281.7281799316406,0.8079463243484497,0.5138717889785767,-0.032590389251708984,1.0,1.0,12.303882598876953,nan
16.388744354248047,0.6923374533653259,0.7458831667900085,0.007628041319549084,0.013846512883901596,nan,nan,-0.7386565208435059,281.663818359375,0.7087891101837158,0.618266761302948,-0.021090269088745117,1.0,1.0,12.303882598876953,nan
16.389244079589844,0.5771108269691467,0.837215781211853,0.0189073383808136,0.0240798182785511,nan,nan,-0.5991315841674805,281.6088562011719,0.599425733089447,0.7213695049285889,-0.0003745555877685547,1.0,1.0,12.303882598876953,nan
16.38974380493164,0.463836669921875,0.9082521796226501,-0.0020399270579218864,0.015707112848758698,nan,nan,-0.45836806297302246,281.6068115234375,0.5607127547264099,0.8290858268737793,-0.04262590408325195,1.0,1.0,12.303882598876953,nan
16.390243530273438,0.329080194234848,0.9589928984642029,-0.011707896366715431,0.015707114711403847,nan,nan,-0.3192777633666992,281.53497314453125,0.3888256549835205,0.8416267037391663,-0.01978325843811035,1.0,1.0,12.303882598876953,nan
16.390743255615234,0.18846410512924194,0.9995852112770081,0.014073353260755539,0.0231495201587677,nan,nan,-0.1786515712738037,281.5289001464844,0.2830180525779724,0.9091063737869263,-0.02947402000427246,1.0,1.0,12.303882598876953,nan
16.39124298095703,0.04198938235640526,1.019881010055542,0.03340929001569748,0.0194283165037632,nan,nan,-0.03826403617858887,281.5130615234375,0.09404750913381577,0.9319055080413818,0.031614065170288086,1.0,1.0,12.303882598876953,nan
16.391742706298828,-0.09276732802391052,1.0063505172729492,0.007628040388226509,0.0194283165037632,nan,nan,0.10206842422485352,281.49481201171875,0.060266636312007904,0.9360857009887695,-0.0728754997253418,1.0,1.0,12.303882598876953,nan
16.392242431640625,-0.24119526147842407,0.9962021708488464,0.007628041785210371,0.008264708332717419,nan,nan,0.24446511268615723,281.5640869140625,-0.1804676502943039,0.9727765917778015,0.03291893005371094,1.0,1.0,12.303882598876953,nan
16.392742156982422,-0.37009310722351074,0.9420793056488037,-0.008485238999128342,0.015707112848758698,nan,nan,0.3842487335205078,281.5218505859375,-0.19496050477027893,0.8947240114212036,-0.07622122764587402,1.0,1.0,12.303882598876953,nan
16.39324378967285,-0.49703773856163025,0.8845734000205994,-0.005262582562863827,0.015707112848758698,nan,nan,0.5235769748687744,281.461669921875,-0.33852481842041016,0.8803733587265015,-0.06296658515930176,1.0,1.0,12.303882598876953,nan
16.39374351501465,-0.6161707639694214,0.8033890724182129,0.012462025508284569,0.01105561014264822,nan,nan,0.6630256175994873,281.4078063964844,-0.458488404750824,0.7904078364372253,-0.04381442070007324,1.0,1.0,12.303882598876953,nan
16.394241333007812,-0.7157734036445618,0.7120564579963684,-0.0294325053691864,0.014776813797652721,nan,nan,0.8027689456939697,281.3670654296875,-0.5487819910049438,0.7594696879386902,-0.08364653587341309,1.0,1.0,12.303882598876953,nan
16.39474105834961,-0.8124468922615051,0.6055015921592712,0.004405385348945856,-0.0010382982436567545,nan,nan,0.942216157913208,281.31524658203125,-0.6662330627441406,0.6358407139778137,-0.0399165153503418,1.0,1.0,12.303882598876953,nan
16.39524269104004,-0.8876370787620544,0.4820334017276764,-0.03426649048924446,0.01198591198772192,nan,nan,1.0825116634368896,281.2999267578125,-0.745856523513794,0.525178074836731,-0.031612396240234375,1.0,1.0,12.303882598876953,nan
16.395742416381836,-0.943297803401947,0.35179996490478516,0.0011827284470200539,0.015707112848758698,nan,nan,1.2220613956451416,281.2533264160156,-0.7670676708221436,0.43244045972824097,-0.0711970329284668,1.0,1.0,12.303882598876953,nan
16.396242141723633,-0.99212247133255,0.22664020955562592,0.02051866613328457,0.004543506074696779,nan,nan,1.361382246017456,281.19842529296875,-0.9215479493141174,0.3082692325115204,-0.01978778839111328,1.0,1.0,12.303882598876953,nan
16.39674186706543,-1.0067702531814575,0.0794932097196579,-0.03426648676395416,0.0008223035838454962,nan,nan,1.501523733139038,281.1790771484375,-0.8971700668334961,0.1739269345998764,-0.02864837646484375,1.0,1.0,12.303882598876953,nan
16.397241592407227,-1.0009108781814575,-0.06257964670658112,-0.03426649048924446,-0.010341305285692215,nan,nan,1.640929937362671,281.1292419433594,-0.8722149729728699,0.04654550179839134,-0.029903888702392578,1.0,1.0,12.303882598876953,nan
16.397741317749023,-0.9813811182975769,-0.19788725674152374,-0.02298719249665737,-0.013132207095623016,nan,nan,1.780055284500122,281.06866455078125,-0.8883728384971619,-0.06750217080116272,-0.039938926696777344,1.0,1.0,12.303882598876953,nan
16.39824104309082,-0.9520862102508545,-0.329812228679657,-0.03426648676395416,-0.0028988984413444996,nan,nan,1.9188692569732666,280.9963073730469,-0.940621554851532,-0.19777792692184448,-0.047402381896972656,1.0,1.0,12.303882598876953,nan
16.398740768432617,-0.897402286529541,-0.4583545923233032,0.004405383951961994,-0.015923108905553818,nan,nan,2.0583980083465576,280.9557800292969,-0.8474023938179016,-0.3548235595226288,0.0025587081909179688,1.0,1.0,12.303882598876953,nan
16.399240493774414,-0.8222119212150574,-0.5818226337432861,-0.019764535129070282,-0.011271605268120766,nan,nan,2.197572946548462,280.9010009765625,-0.794382631778717,-0.4714393615722656,0.0024280548095703125,1.0,1.0,12.303882598876953,nan
16.39974021911621,-0.7294444441795349,-0.6883776783943176,0.007628041319549084,-0.01778371073305607,nan,nan,2.3381283283233643,280.9053649902344,-0.7099661231040955,-0.5523125529289246,-0.012644767761230469,1.0,1.0,12.303882598876953,nan
16.40024185180664,-0.6327710747718811,-0.7814013957977295,-0.0213758647441864,-0.01778371073305607,nan,nan,2.47784161567688,280.8743591308594,-0.6922687888145447,-0.6640423536300659,-0.049076080322265625,1.0,1.0,12.303882598876953,nan
16.400741577148438,-0.5126616358757019,-0.8608945608139038,0.014073353260755539,-0.030807919800281525,nan,nan,2.6176979541778564,280.8499450683594,-0.5453124642372131,-0.7291759848594666,-0.024755001068115234,1.0,1.0,12.303882598876953,nan
16.401241302490234,-0.37985777854919434,-0.93193119764328,-0.018153207376599312,-0.01034130435436964,nan,nan,2.7582876682281494,280.857177734375,-0.3759041130542755,-0.8222079277038574,0.048268795013427734,1.0,1.0,12.303882598876953,nan
16.40174102783203,-0.24705402553081512,-0.9725233912467957,-0.010096566751599312,-0.033598821610212326,nan,nan,2.8998863697052,280.9061584472656,-0.30254310369491577,-0.8923630714416504,0.00846242904663086,1.0,1.0,12.303882598876953,nan
16.402240753173828,-0.11034434288740158,-0.9962021708488464,-0.0213758647441864,-0.025226116180419922,nan,nan,3.0404765605926514,280.9117736816406,-0.2214408665895462,-0.9056442975997925,-0.04528331756591797,1.0,1.0,12.303882598876953,nan
16.402740478515625,0.026365332305431366,-1.0029675960540771,-0.006873912177979946,-0.014992807991802692,nan,nan,-3.1030771732330322,280.8770446777344,-0.0967336967587471,-0.9458900690078735,-0.04704022407531738,1.0,1.0,12.303882598876953,nan
16.403240203857422,0.17284029722213745,-0.9928197264671326,-0.0374891459941864,-0.030807921662926674,nan,nan,-2.9636118412017822,280.8360900878906,0.06901462376117706,-0.9516113996505737,-0.012062788009643555,1.0,1.0,12.303882598876953,nan
16.40373992919922,0.29978516697883606,-0.9488445520401001,0.0430772602558136,-0.02336551435291767,nan,nan,-2.823056697845459,280.841552734375,0.14917603135108948,-0.8927829265594482,-0.05965065956115723,1.0,1.0,12.303882598876953,nan
16.404239654541016,0.4306359589099884,-0.9048697352409363,0.012462025508284569,-0.033598821610212326,nan,nan,-2.684182643890381,280.7768859863281,0.29949837923049927,-0.9130995869636536,-0.047110795974731445,1.0,1.0,12.303882598876953,nan
16.404739379882812,0.5487921833992004,-0.8321418166160583,0.020518667995929718,-0.01778371073305607,nan,nan,-2.545387029647827,280.7098693847656,0.3791150748729706,-0.8271325826644897,-0.07320761680603027,1.0,1.0,12.303882598876953,nan
16.40523910522461,0.6659722328186035,-0.7509571313858032,0.05435655638575554,-0.014992809854447842,nan,nan,-2.4061203002929688,280.6643981933594,0.5686533451080322,-0.7404419779777527,0.013013124465942383,1.0,1.0,12.303882598876953,nan
16.40574073791504,0.7616687417030334,-0.6528592109680176,-0.0020399270579218864,-0.014062508940696716,nan,nan,-2.266702175140381,280.6258850097656,0.6296674609184265,-0.7070062160491943,-0.05401134490966797,1.0,1.0,12.303882598876953,nan
16.406240463256836,0.8534595966339111,-0.547995924949646,-0.005262583028525114,-0.008480703458189964,nan,nan,-2.127150535583496,280.5940246582031,0.7935699224472046,-0.5887308716773987,0.0116119384765625,1.0,1.0,12.303882598876953,nan
16.40673828125,0.9130262732505798,-0.41776242852211,-0.01654187962412834,-0.01127160619944334,nan,nan,-1.9876400232315063,280.5608215332031,0.790941059589386,-0.48969849944114685,-0.04423117637634277,1.0,1.0,12.303882598876953,nan
16.407238006591797,0.9657570719718933,-0.28583744168281555,0.01729601062834263,-0.012201906181871891,nan,nan,-1.8481312990188599,280.5284729003906,0.9026477336883545,-0.3576981723308563,-0.0065157413482666016,1.0,1.0,12.303882598876953,nan
16.407739639282227,0.9960284233093262,-0.1522211730480194,0.028575308620929718,0.0259404219686985,nan,nan,-1.7088688611984253,280.4862365722656,0.9301183819770813,-0.2403746098279953,-0.02146315574645996,1.0,1.0,12.303882598876953,nan
16.408239364624023,1.0067702531814575,-0.018604658544063568,0.01729600876569748,0.013846512883901596,nan,nan,-1.5703179836273193,280.4151916503906,0.980623185634613,-0.13568603992462158,-0.04472827911376953,1.0,1.0,12.303882598876953,nan
16.40873908996582,0.998958170413971,0.12685082852840424,0.04791124165058136,0.0017526029841974378,nan,nan,-1.4316298961639404,280.3513488769531,0.9535078406333923,0.03387977182865143,-0.010282754898071289,1.0,1.0,12.303882598876953,nan
16.409238815307617,0.9677102565765381,0.2553931772708893,0.007628042250871658,0.0231495201587677,nan,nan,-1.2934454679489136,280.26751708984375,0.9148247241973877,0.11093317717313766,-0.06356215476989746,1.0,1.0,12.303882598876953,nan
16.409738540649414,0.9237675666809082,0.3923921287059784,0.014073353260755539,0.013846512883901596,nan,nan,-1.155948519706726,280.1568298339844,0.8991037011146545,0.26526519656181335,-0.034754276275634766,1.0,1.0,12.303882598876953,nan
16.41023826599121,0.8632246851921082,0.5107863545417786,0.010850696824491024,-0.004759501200169325,nan,nan,-1.0179388523101807,280.0697326660156,0.8637561798095703,0.37279361486434937,-0.05231595039367676,1.0,1.0,12.303882598876953,nan
16.410737991333008,0.7880346179008484,0.6207236051559448,-0.0020399270579218864,0.015707112848758698,nan,nan,-0.8804516792297363,279.9626159667969,0.809369683265686,0.4797477722167969,-0.06225848197937012,1.0,1.0,12.303882598876953,nan
16.411237716674805,0.6972199082374573,0.7238959074020386,-0.03910047560930252,0.0036132039967924356,nan,nan,-0.7427566051483154,279.86669921875,0.7055683135986328,0.5980244278907776,-0.03183746337890625,1.0,1.0,12.303882598876953,nan
16.4117374420166,0.591758131980896,0.8118458986282349,0.007628040388226509,0.0194283165037632,nan,nan,-0.6058902740478516,279.7379150390625,0.6373287439346313,0.6811878085136414,-0.05327320098876953,1.0,1.0,12.303882598876953,nan
16.4122371673584,0.4696958065032959,0.8845734000205994,0.02212999388575554,0.005473806522786617,nan,nan,-0.4688093662261963,279.6207580566406,0.5118091702461243,0.7465740442276001,-0.039145469665527344,1.0,1.0,12.303882598876953,nan
16.412738800048828,0.3466571867465973,0.9386964440345764,-0.008485239930450916,0.019428318366408348,nan,nan,-0.32931947708129883,279.6071472167969,0.40063661336898804,0.8216800689697266,-0.031313419342041016,1.0,1.0,12.303882598876953,nan
16.413238525390625,0.21385319530963898,0.9759061932563782,-0.002039926126599312,0.0194283165037632,nan,nan,-0.1924583911895752,279.4834899902344,0.3105934262275696,0.8655261397361755,-0.059204816818237305,1.0,1.0,12.303882598876953,nan
16.413738250732422,0.07714316248893738,0.9995852112770081,0.0027940571308135986,0.022219218313694,nan,nan,-0.054692745208740234,279.40057373046875,0.162339448928833,0.9173543453216553,-0.027480125427246094,1.0,1.0,12.303882598876953,nan
16.41423797607422,-0.06347231566905975,1.0029675960540771,0.02696397714316845,0.0231495201587677,nan,nan,0.08292198181152344,279.3128967285156,0.01023459155112505,0.9223620295524597,-0.0009572505950927734,1.0,1.0,12.303882598876953,nan
16.414737701416016,-0.19627606868743896,0.9792888760566711,-0.0068739112466573715,0.0240798182785511,nan,nan,0.22132444381713867,279.259765625,-0.04818107560276985,0.9014460444450378,-0.0751943588256836,1.0,1.0,12.303882598876953,nan
16.415237426757812,-0.33298611640930176,0.9488445520401001,0.009239370003342628,0.009195009246468544,nan,nan,0.35924768447875977,279.1880798339844,-0.23840317130088806,0.9013292193412781,-0.0076770782470703125,1.0,1.0,12.303882598876953,nan
16.41573715209961,-0.45407187938690186,0.887956440448761,-0.01976453699171543,0.031522225588560104,nan,nan,0.4973618984222412,279.1259460449219,-0.32425740361213684,0.8756304383277893,-0.04991340637207031,1.0,1.0,12.303882598876953,nan
16.416236877441406,-0.5741812586784363,0.8152285218238831,-0.03426649048924446,0.015707112848758698,nan,nan,0.6349098682403564,279.0412902832031,-0.4471876919269562,0.7747595310211182,-0.018530845642089844,1.0,1.0,12.303882598876953,nan
16.416736602783203,-0.6767135262489319,0.732352614402771,-0.03265516087412834,0.009195009246468544,nan,nan,0.7724380493164062,278.95770263671875,-0.5368669629096985,0.7305340766906738,-0.04591941833496094,1.0,1.0,12.303882598876953,nan
16.417236328125,-0.7694809436798096,0.6325632333755493,-0.026209848001599312,0.014776812866330147,nan,nan,0.9095470905303955,278.85821533203125,-0.6358821392059326,0.6503806710243225,-0.04268598556518555,1.0,1.0,12.303882598876953,nan
16.417736053466797,-0.8505301475524902,0.5192429423332214,-0.02298719249665737,0.011055611073970795,nan,nan,1.0476276874542236,278.80157470703125,-0.7185098528862,0.5525698065757751,-0.03968477249145508,1.0,1.0,12.303882598876953,nan
16.418237686157227,-0.9179087281227112,0.3957749307155609,-0.027821175754070282,0.004543505609035492,nan,nan,1.1860525608062744,278.7607421875,-0.8237115740776062,0.40740031003952026,0.018390178680419922,1.0,1.0,12.303882598876953,nan
16.418737411499023,-0.9579451084136963,0.26554107666015625,-0.026209848001599312,0.01291621197015047,nan,nan,1.3241655826568604,278.7073669433594,-0.8268782496452332,0.3245350122451782,-0.03466033935546875,1.0,1.0,12.303882598876953,nan
16.419235229492188,-0.9774751663208008,0.13699871301651,-0.031043831259012222,-0.00475950026884675,nan,nan,1.460730791091919,278.5899963378906,-0.8370128273963928,0.25061914324760437,-0.08840560913085938,1.0,1.0,12.303882598876953,nan
16.419736862182617,-0.9911458492279053,0.0050741517916321754,-0.04393445700407028,-0.012201906181871891,nan,nan,1.5975329875946045,278.4853820800781,-0.9184137582778931,0.10960790514945984,-0.05295228958129883,1.0,1.0,12.303882598876953,nan
16.420236587524414,-0.9794281125068665,-0.13361607491970062,-0.02298719249665737,-0.01127160619944334,nan,nan,1.734544038772583,278.39154052734375,-0.8881959319114685,-0.014361881650984287,-0.05505228042602539,1.0,1.0,12.303882598876953,nan
16.42073631286621,-0.9501332640647888,-0.26554107666015625,-0.03104383312165737,-0.012201906181871891,nan,nan,1.8714325428009033,278.2946472167969,-0.8786408305168152,-0.15047341585159302,-0.03845977783203125,1.0,1.0,12.303882598876953,nan
16.421236038208008,-0.9081437587738037,-0.3923923373222351,-0.0213758647441864,-0.010341305285692215,nan,nan,2.0082895755767822,278.1983337402344,-0.8720275163650513,-0.27583831548690796,-0.03860139846801758,1.0,1.0,12.303882598876953,nan
16.421735763549805,-0.8436946868896484,-0.5107861161231995,-0.014930551871657372,-0.014062508940696716,nan,nan,2.145533800125122,278.1204528808594,-0.7898134589195251,-0.3769387900829315,-0.0369415283203125,1.0,1.0,12.303882598876953,nan
16.4222354888916,-0.7724103927612305,-0.6207236051559448,-0.04715711250901222,-0.014062508009374142,nan,nan,2.2824366092681885,278.02978515625,-0.8071576952934265,-0.5464736223220825,-0.023957252502441406,1.0,1.0,12.303882598876953,nan
16.4227352142334,-0.6747604012489319,-0.7222041487693787,-0.013319225050508976,-0.01871401257812977,nan,nan,2.4198553562164307,277.96258544921875,-0.6822842955589294,-0.6011699438095093,-0.034305572509765625,1.0,1.0,12.303882598876953,nan
16.423234939575195,-0.5712518095970154,-0.8000062108039856,-0.02459852024912834,-0.01778371073305607,nan,nan,2.5567362308502197,277.87432861328125,-0.6332773566246033,-0.6731730699539185,-0.07775354385375977,1.0,1.0,12.303882598876953,nan
16.423734664916992,-0.4540717303752899,-0.8744252920150757,-0.005262583494186401,-0.004759501200169325,nan,nan,2.6947262287139893,277.8345031738281,-0.5025281310081482,-0.7514696717262268,-0.05019855499267578,1.0,1.0,12.303882598876953,nan
16.42423439025879,-0.3251740336418152,-0.9353139996528625,-0.010096567682921886,-0.01685340888798237,nan,nan,2.832559823989868,277.7891845703125,-0.34279733896255493,-0.8520422577857971,0.019161224365234375,1.0,1.0,12.303882598876953,nan
16.424734115600586,-0.19237016141414642,-0.9725233912467957,-0.0294325053691864,-0.013132207095623016,nan,nan,2.970492124557495,277.7486572265625,-0.23513929545879364,-0.8707753419876099,-0.00010013580322265625,1.0,1.0,12.303882598876953,nan
16.425235748291016,-0.05956639349460602,-0.9860541224479675,-0.002039927989244461,-0.01964431069791317,nan,nan,3.1088669300079346,277.7273864746094,-0.14064152538776398,-0.9161546230316162,-0.027174949645996094,1.0,1.0,12.303882598876953,nan
16.425735473632812,0.07519056648015976,-0.9860541224479675,-0.011707896366715431,-0.028947317972779274,nan,nan,-3.0358738899230957,277.7098693847656,-0.02441016025841236,-0.9532705545425415,-0.03895235061645508,1.0,1.0,12.303882598876953,nan
16.42623519897461,0.20799408853054047,-0.9691409468650818,-0.005262583959847689,-0.010341305285692215,nan,nan,-2.8992464542388916,277.6160583496094,0.09899359941482544,-0.9459164142608643,-0.04576420783996582,1.0,1.0,12.303882598876953,nan
16.426734924316406,0.3447040021419525,-0.9353139996528625,0.009239369072020054,-0.01871401257812977,nan,nan,-2.7614784240722656,277.5724182128906,0.28798994421958923,-0.9164481163024902,0.01691603660583496,1.0,1.0,12.303882598876953,nan
16.427234649658203,0.4599308669567108,-0.8778080940246582,0.010850696824491024,-0.004759501200169325,nan,nan,-2.6241819858551025,277.50970458984375,0.35274234414100647,-0.8920782208442688,-0.048601388931274414,1.0,1.0,12.303882598876953,nan
16.427734375,0.5771107077598572,-0.8033890724182129,0.004405385348945856,-0.010341305285692215,nan,nan,-2.4869604110717773,277.4451904296875,0.4565248191356659,-0.8336432576179504,-0.061428070068359375,1.0,1.0,12.303882598876953,nan
16.428234100341797,0.6874549984931946,-0.7205130457878113,-0.00042859907262027264,-0.003829200519248843,nan,nan,-2.349583387374878,277.38885498046875,0.59079909324646,-0.7242539525032043,-0.015388011932373047,1.0,1.0,12.303882598876953,nan
16.428733825683594,0.7724103927612305,-0.6139584183692932,0.01568468287587166,0.005473806988447905,nan,nan,-2.2118752002716064,277.34722900390625,0.6319922804832458,-0.6456761360168457,-0.0628821849822998,1.0,1.0,12.303882598876953,nan
16.42923355102539,0.8505303263664246,-0.5057120323181152,0.03985460102558136,0.0008223014301620424,nan,nan,-2.074902296066284,277.2759704589844,0.7648537755012512,-0.5656186938285828,-0.040431976318359375,1.0,1.0,12.303882598876953,nan
16.429733276367188,0.9149794578552246,-0.3805526793003082,0.001182729029096663,0.0026829044800251722,nan,nan,-1.9370124340057373,277.2445983886719,0.7961671352386475,-0.44788652658462524,-0.054064035415649414,1.0,1.0,12.303882598876953,nan
16.430234909057617,0.9598984122276306,-0.2553931772708893,0.014073353260755539,0.002682904014363885,nan,nan,-1.8005889654159546,277.15234375,0.8778229355812073,-0.3354068100452423,-0.043013811111450195,1.0,1.0,12.303882598876953,nan
16.430734634399414,0.9891930222511292,-0.12346820533275604,0.014073353260755539,0.01198591198772192,nan,nan,-1.664101481437683,277.0645446777344,0.9200919270515442,-0.20120780169963837,-0.029796838760375977,1.0,1.0,12.303882598876953,nan
16.43123435974121,0.993098795413971,0.015222243033349514,0.004405385348945856,0.006404107436537743,nan,nan,-1.5276893377304077,276.9754333496094,0.909031867980957,-0.08663377910852432,-0.04602956771850586,1.0,1.0,12.303882598876953,nan
16.431732177734375,0.9862638115882874,0.1488383263349533,-0.00203992729075253,0.004543506074696779,nan,nan,-1.3911340236663818,276.894287109375,0.92188560962677,0.05736108869314194,-0.02536797523498535,1.0,1.0,12.303882598876953,nan
16.432233810424805,0.9530625343322754,0.27399784326553345,0.014073353260755539,0.008264708332717419,nan,nan,-1.255154013633728,276.7904357910156,0.9250184893608093,0.12754958868026733,-0.08675599098205566,1.0,1.0,12.303882598876953,nan
16.4327335357666,0.9130265116691589,0.4042315185070038,-0.01815320923924446,-0.0010382984764873981,nan,nan,-1.1192257404327393,276.6868591308594,0.8756133317947388,0.2976836562156677,-0.03180050849914551,1.0,1.0,12.303882598876953,nan
16.4332332611084,0.8446714282035828,0.5226258039474487,0.0011827293783426285,0.01198591198772192,nan,nan,-0.98329758644104,276.5852966308594,0.8091960549354553,0.37481120228767395,-0.06183290481567383,1.0,1.0,12.303882598876953,nan
16.433732986450195,0.764598548412323,0.627488911151886,0.02857530489563942,0.027801021933555603,nan,nan,-0.8480181694030762,276.4586181640625,0.7815996408462524,0.4800652861595154,-0.08019781112670898,1.0,1.0,12.303882598876953,nan
16.434232711791992,0.6845254898071289,0.7255871891975403,0.007628041319549084,0.017567714676260948,nan,nan,-0.7118127346038818,276.3736572265625,0.774886429309845,0.6519269943237305,-0.0677480697631836,1.0,1.0,12.303882598876953,nan
16.43473243713379,0.5771109461784363,0.810154139995575,-0.010096566751599312,0.01291621197015047,nan,nan,-0.5768294334411621,276.2390441894531,0.6355646848678589,0.6855081915855408,-0.079071044921875,1.0,1.0,12.303882598876953,nan
16.435232162475586,0.4560246765613556,0.8811909556388855,0.03663194924592972,0.015707116574048996,nan,nan,-0.4427614212036133,276.06878662109375,0.5374594330787659,0.7525755763053894,-0.08577919006347656,1.0,1.0,12.303882598876953,nan
16.435733795166016,0.33689215779304504,0.93193119764328,-0.01654187962412834,0.016637414693832397,nan,nan,-0.30571699142456055,276.0270690917969,0.409728467464447,0.8383408188819885,-0.05714845657348633,1.0,1.0,12.303882598876953,nan
16.43623161315918,0.2060408741235733,0.9691409468650818,-0.02459852024912834,0.02128891833126545,nan,nan,-0.17141485214233398,275.8711242675781,0.2837464213371277,0.8451387882232666,-0.06083559989929199,1.0,1.0,12.303882598876953,nan
16.436731338500977,0.0732371136546135,0.9928197264671326,-0.014930551871657372,0.015707114711403847,nan,nan,-0.03659796714782715,275.7402038574219,0.15766598284244537,0.9093818068504333,-0.04337906837463379,1.0,1.0,12.303882598876953,nan
16.437231063842773,-0.061519477516412735,0.98943692445755,0.02857530489563942,0.022219218313694,nan,nan,0.09850788116455078,275.6240234375,0.03235020861029625,0.9011721014976501,-0.04273271560668945,1.0,1.0,12.303882598876953,nan
16.437732696533203,-0.18846434354782104,0.9725233912467957,-0.027821175754070282,0.013846512883901596,nan,nan,0.23394298553466797,275.52386474609375,-0.06659455597400665,0.9275872111320496,-0.07076573371887207,1.0,1.0,12.303882598876953,nan
16.438232421875,-0.3212679922580719,0.9454617500305176,-0.0294325053691864,0.014776813797652721,nan,nan,0.3686535358428955,275.3959045410156,-0.24516716599464417,0.9367406964302063,-0.02099919319152832,1.0,1.0,12.303882598876953,nan
16.438732147216797,-0.44235384464263916,0.8845734000205994,-0.006873910315334797,0.016637414693832397,nan,nan,0.5033822059631348,275.2712707519531,-0.30659207701683044,0.8555172681808472,-0.06783485412597656,1.0,1.0,12.303882598876953,nan
16.439231872558594,-0.562463104724884,0.8219935297966003,-0.02620984986424446,0.018498016521334648,nan,nan,0.638038158416748,275.1460266113281,-0.4602118730545044,0.7874207496643066,-0.017523527145385742,1.0,1.0,12.303882598876953,nan
16.43973159790039,-0.663042426109314,0.7425003051757812,-0.005262583494186401,0.008264708332717419,nan,nan,0.7727293968200684,275.0249328613281,-0.5411019325256348,0.7705521583557129,-0.06916332244873047,1.0,1.0,12.303882598876953,nan
16.440231323242188,-0.7538568377494812,0.6393285393714905,-0.026209848001599312,0.01291621197015047,nan,nan,0.9082901477813721,274.94281005859375,-0.6254004836082458,0.6414355039596558,-0.04412412643432617,1.0,1.0,12.303882598876953,nan
16.440731048583984,-0.8349063396453857,0.5327736735343933,-0.03426649048924446,0.01198591198772192,nan,nan,1.044684648513794,274.8976745605469,-0.740543007850647,0.5607657432556152,-0.03053760528564453,1.0,1.0,12.303882598876953,nan
16.44123077392578,-0.8993549942970276,0.4143795967102051,-0.026209848001599312,0.011055611073970795,nan,nan,1.1802384853363037,274.81805419921875,-0.794646143913269,0.4609493315219879,-0.04369211196899414,1.0,1.0,12.303882598876953,nan
16.441730499267578,-0.9501332640647888,0.28583723306655884,-0.013319224119186401,0.003613205160945654,nan,nan,1.316075086593628,274.7519836425781,-0.8265318274497986,0.3243160843849182,-0.02777099609375,1.0,1.0,12.303882598876953,nan
16.442230224609375,-0.9735689759254456,0.15729489922523499,-0.027821175754070282,0.0008223035838454962,nan,nan,1.4512183666229248,274.6580505371094,-0.8641499280929565,0.24174848198890686,-0.06194591522216797,1.0,1.0,12.303882598876953,nan
16.442731857299805,-0.9852872490882874,0.021987708285450935,-0.013319224119186401,0.003613205160945654,nan,nan,1.5867764949798584,274.583740234375,-0.8736715316772461,0.10620350390672684,-0.045647621154785156,1.0,1.0,12.303882598876953,nan
16.4432315826416,-0.9852870106697083,-0.1031724363565445,-0.0213758647441864,0.0008223025361075997,nan,nan,1.7223875522613525,274.5130615234375,-0.9545964002609253,-0.004994300194084644,-0.055123329162597656,1.0,1.0,12.303882598876953,nan
16.4437313079834,-0.960874617099762,-0.24693641066551208,-0.03426648676395416,-0.0028988984413444996,nan,nan,1.858755350112915,274.4758605957031,-0.8818207383155823,-0.180330291390419,0.005233287811279297,1.0,1.0,12.303882598876953,nan
16.444229125976562,-0.9052141308784485,-0.3771698772907257,-0.05037976801395416,-0.012201905250549316,nan,nan,1.9954197406768799,274.45172119140625,-0.8193569183349609,-0.27805715799331665,-0.006037712097167969,1.0,1.0,12.303882598876953,nan
16.444730758666992,-0.849553644657135,-0.5006380677223206,-0.0697157084941864,0.006404106505215168,nan,nan,2.131471872329712,274.4024353027344,-0.7855349779129028,-0.39845913648605347,0.00018167495727539062,1.0,1.0,12.303882598876953,nan
16.44523048400879,-0.7743633389472961,-0.610575795173645,-0.04876844212412834,-0.009411005303263664,nan,nan,2.2690017223358154,274.41595458984375,-0.7628856301307678,-0.5117904543876648,-0.015937328338623047,1.0,1.0,12.303882598876953,nan
16.445730209350586,-0.6796428561210632,-0.7137475609779358,-0.0536024272441864,-0.006620102562010288,nan,nan,2.4052183628082275,274.374267578125,-0.636027455329895,-0.6001418828964233,0.013431549072265625,1.0,1.0,12.303882598876953,nan
16.446229934692383,-0.5800400376319885,-0.7915494441986084,-0.010096567682921886,-0.01685340888798237,nan,nan,2.5427677631378174,274.38934326171875,-0.5836946964263916,-0.6645081639289856,-0.030622482299804688,1.0,1.0,12.303882598876953,nan
16.44672966003418,-0.4677427113056183,-0.8676600456237793,-0.013319225050508976,-0.01871401257812977,nan,nan,2.6798341274261475,274.3838195800781,-0.5051994919776917,-0.7864868640899658,-0.01787090301513672,1.0,1.0,12.303882598876953,nan
16.447229385375977,-0.33884498476982117,-0.9251657724380493,0.014073354192078114,-0.014062508940696716,nan,nan,2.81679368019104,274.37420654296875,-0.3433670997619629,-0.8368882536888123,0.026986122131347656,1.0,1.0,12.303882598876953,nan
16.447729110717773,-0.20994703471660614,-0.962375283241272,-0.008485240861773491,-0.02336551435291767,nan,nan,2.9533331394195557,274.3468017578125,-0.2765737771987915,-0.8649762868881226,-0.02992868423461914,1.0,1.0,12.303882598876953,nan
16.448230743408203,-0.08104920387268066,-0.9826716780662537,-0.02298719249665737,-0.02057461254298687,nan,nan,3.0895464420318604,274.3063049316406,-0.1661144345998764,-0.9309608340263367,-0.033270835876464844,1.0,1.0,12.303882598876953,nan
16.448728561401367,0.06737872213125229,-0.9826716780662537,-0.008485239930450916,-0.014062508940696716,nan,nan,-3.0561463832855225,274.3205871582031,0.029533209279179573,-0.8586107492446899,0.04050850868225098,1.0,1.0,12.303882598876953,nan
16.449228286743164,0.1943233609199524,-0.9725233912467957,0.004405384883284569,-0.012201906181871891,nan,nan,-2.918628692626953,274.33551025390625,0.12539087235927582,-0.94757479429245,7.152557373046875e-06,1.0,1.0,12.303882598876953,nan
16.44972801208496,0.3271271288394928,-0.9353139996528625,-0.014930551871657372,-0.014062508940696716,nan,nan,-2.782527446746826,274.29071044921875,0.25952446460723877,-0.8927587270736694,0.015293598175048828,1.0,1.0,12.303882598876953,nan
16.45022964477539,0.4443069398403168,-0.8811909556388855,0.0430772602558136,-0.02336551435291767,nan,nan,-2.645712375640869,274.2767333984375,0.34512123465538025,-0.8954647183418274,-0.036780595779418945,1.0,1.0,12.303882598876953,nan
16.450729370117188,0.5585572123527527,-0.8152282238006592,-0.008485239930450916,0.000822303059976548,nan,nan,-2.510038375854492,274.2151184082031,0.4345349073410034,-0.8395124077796936,-0.06281852722167969,1.0,1.0,12.303882598876953,nan
16.451229095458984,0.673784077167511,-0.7306610941886902,-0.02459852211177349,-0.02150491438806057,nan,nan,-2.3738911151885986,274.17474365234375,0.5739107728004456,-0.7375062704086304,-0.015118837356567383,1.0,1.0,12.303882598876953,nan
16.45172882080078,0.7567867636680603,-0.627488911151886,0.03985460102558136,-0.0010382995242252946,nan,nan,-2.23701810836792,274.16534423828125,0.6148460507392883,-0.6510957479476929,-0.05668950080871582,1.0,1.0,12.303882598876953,nan
16.452228546142578,0.8427184224128723,-0.5260083675384521,-0.0213758647441864,0.0008223025361075997,nan,nan,-2.101830244064331,274.0857238769531,0.7208746075630188,-0.5808327198028564,-0.05610370635986328,1.0,1.0,12.303882598876953,nan
16.452728271484375,0.9081435799598694,-0.4059228301048279,-0.0004285993054509163,-0.01127160619944334,nan,nan,-1.9662879705429077,274.0226745605469,0.8142545819282532,-0.4597782492637634,-0.027349472045898438,1.0,1.0,12.303882598876953,nan
16.453227996826172,0.9579453468322754,-0.27907198667526245,0.02051866613328457,-0.010341305285692215,nan,nan,-1.8301775455474854,273.9848327636719,0.8938316702842712,-0.3344755470752716,-0.007432222366333008,1.0,1.0,12.303882598876953,nan
16.45372772216797,0.9833341240882874,-0.14714699983596802,0.01568468101322651,-0.001968598924577236,nan,nan,-1.6942665576934814,273.9393615722656,0.9123087525367737,-0.22754240036010742,-0.029805898666381836,1.0,1.0,12.303882598876953,nan
16.454227447509766,1.0009108781814575,-0.015222031623125076,0.007628041319549084,-0.0010382984764873981,nan,nan,-1.5583980083465576,273.8930969238281,0.9797182679176331,-0.10348542034626007,-0.026486635208129883,1.0,1.0,12.303882598876953,nan
16.454727172851562,0.9911462664604187,0.12008558213710785,0.004405385348945856,0.004543506074696779,nan,nan,-1.42329740524292,273.81536865234375,0.9415770769119263,0.0026372300926595926,-0.05368852615356445,1.0,1.0,12.303882598876953,nan
16.455228805541992,0.965756893157959,0.2520105540752411,0.04629991576075554,0.0008223035838454962,nan,nan,-1.2876198291778564,273.7635803222656,0.9477638602256775,0.12626822292804718,-0.059762001037597656,1.0,1.0,12.303882598876953,nan
16.45572853088379,0.9149789810180664,0.3873181641101837,0.04146593064069748,-0.00010799798474181443,nan,nan,-1.1517066955566406,273.72296142578125,0.8574457168579102,0.27409571409225464,-0.018564462661743164,1.0,1.0,12.303882598876953,nan
16.456228256225586,0.8612720966339111,0.507403552532196,0.03824327513575554,0.0036132060922682285,nan,nan,-1.0157465934753418,273.6849365234375,0.8587992787361145,0.3979945480823517,-0.030017375946044922,1.0,1.0,12.303882598876953,nan
16.456727981567383,0.7860814929008484,0.6173407435417175,0.05596788600087166,0.010125311091542244,nan,nan,-0.880211353302002,273.62982177734375,0.8085646629333496,0.5018498301506042,-0.04411935806274414,1.0,1.0,12.303882598876953,nan
16.45722770690918,0.6903843879699707,0.7154393196105957,0.01568468287587166,0.02221922017633915,nan,nan,-0.7441730499267578,273.5970153808594,0.7101860642433167,0.5957980155944824,-0.03758573532104492,1.0,1.0,12.303882598876953,nan
16.457727432250977,0.5946875810623169,0.8000062108039856,-0.008485238999128342,0.015707112848758698,nan,nan,-0.6086826324462891,273.5419921875,0.656887412071228,0.6866629123687744,-0.06368064880371094,1.0,1.0,12.303882598876953,nan
16.458227157592773,0.4677424430847168,0.8811909556388855,0.03018663451075554,0.030591925606131554,nan,nan,-0.47396421432495117,273.4560241699219,0.47298815846443176,0.7829878330230713,0.021754741668701172,1.0,1.0,12.303882598876953,nan
16.45872688293457,0.3525163233280182,0.93193119764328,-0.014930551871657372,0.015707114711403847,nan,nan,-0.3366425037384033,273.4806823730469,0.42552825808525085,0.8469944000244141,-0.03795790672302246,1.0,1.0,12.303882598876953,nan
16.459226608276367,0.21971184015274048,0.9759061932563782,0.0350206196308136,0.02035861648619175,nan,nan,-0.20278668403625488,273.3594970703125,0.2916940450668335,0.8735015392303467,-0.028543710708618164,1.0,1.0,12.303882598876953,nan
16.459726333618164,0.09667313098907471,0.9928197264671326,-0.014930551871657372,0.015707114711403847,nan,nan,-0.06721019744873047,273.3127136230469,0.2134532928466797,0.930392861366272,-0.06752562522888184,1.0,1.0,12.303882598876953,nan
16.46022605895996,-0.04980146884918213,0.9995852112770081,0.02212999388575554,0.0259404219686985,nan,nan,0.06688284873962402,273.2052307128906,0.006666774861514568,0.9160828590393066,0.016941547393798828,1.0,1.0,12.303882598876953,nan
16.46072769165039,-0.17674635350704193,0.9826716780662537,0.0027940571308135986,0.01291621197015047,nan,nan,0.20334982872009277,273.1994323730469,-0.07878200709819794,0.9416438937187195,-0.028972148895263672,1.0,1.0,12.303882598876953,nan
16.461225509643555,-0.3095502257347107,0.9522274136543274,-0.008485239930450916,0.02128891833126545,nan,nan,0.3385355472564697,273.1398620605469,-0.1905423104763031,0.913754940032959,-0.04212188720703125,1.0,1.0,12.303882598876953,nan
16.46172523498535,-0.43258869647979736,0.8981041312217712,-0.010096567682921886,0.022219218313694,nan,nan,0.47387266159057617,273.0879821777344,-0.29348477721214294,0.8622843027114868,-0.05505228042602539,1.0,1.0,12.303882598876953,nan
16.46222686767578,-0.5478156805038452,0.8338331580162048,-0.0294325053691864,0.0017526029841974378,nan,nan,0.6091110706329346,273.0330810546875,-0.44632288813591003,0.8388835191726685,-0.029307126998901367,1.0,1.0,12.303882598876953,nan
16.462726593017578,-0.6620659232139587,0.7509573101997375,-0.0213758647441864,0.019428318366408348,nan,nan,0.7443385124206543,272.9791259765625,-0.5639192461967468,0.7452130913734436,-0.005616903305053711,1.0,1.0,12.303882598876953,nan
16.463226318359375,-0.7528803944587708,0.6545505523681641,-0.01976453699171543,0.031522225588560104,nan,nan,0.8800966739654541,272.9482727050781,-0.62993323802948,0.6786918044090271,-0.041167259216308594,1.0,1.0,12.303882598876953,nan
16.463726043701172,-0.835882842540741,0.5378480553627014,-0.03104383312165737,0.0250101201236248,nan,nan,1.0177013874053955,272.9960021972656,-0.7348682284355164,0.5605387091636658,-0.007602691650390625,1.0,1.0,12.303882598876953,nan
16.46422576904297,-0.9032611846923828,0.4211452901363373,-0.03426649048924446,0.004543505609035492,nan,nan,1.153489351272583,272.9659729003906,-0.7783903479576111,0.4508782625198364,-0.0168304443359375,1.0,1.0,12.303882598876953,nan
16.464725494384766,-0.9559921622276306,0.29598551988601685,0.010850697755813599,0.013846512883901596,nan,nan,1.288816213607788,272.91729736328125,-0.8212147951126099,0.35069990158081055,-0.030819416046142578,1.0,1.0,12.303882598876953,nan
16.465225219726562,-0.9940754771232605,0.16913428902626038,-0.021375862881541252,0.008264708332717419,nan,nan,1.4246189594268799,272.8896789550781,-0.9319421052932739,0.22875027358531952,-0.00360870361328125,1.0,1.0,12.303882598876953,nan
16.46572494506836,-0.997981607913971,0.02706143632531166,-0.021375862881541252,0.008264708332717419,nan,nan,1.5603926181793213,272.86151123046875,-0.886598527431488,0.0913439467549324,-0.00135040283203125,1.0,1.0,12.303882598876953,nan
16.466224670410156,-0.9901697635650635,-0.10824616998434067,-0.04232312738895416,0.0017526051960885525,nan,nan,1.6962463855743408,272.837158203125,-0.9026980996131897,-0.012950374744832516,-0.020280838012695312,1.0,1.0,12.303882598876953,nan
16.466724395751953,-0.9677103161811829,-0.2418622523546219,-0.04071180149912834,0.0008223035838454962,nan,nan,1.8319027423858643,272.80517578125,-0.8854316473007202,-0.15254093706607819,0.0003972053527832031,1.0,1.0,12.303882598876953,nan
16.46722412109375,-0.9257206320762634,-0.3687130808830261,-0.0294325053691864,-0.0038292009849101305,nan,nan,1.9685966968536377,272.81732177734375,-0.8837789297103882,-0.27621132135391235,-0.003998756408691406,1.0,1.0,12.303882598876953,nan
16.46772575378418,-0.8720133304595947,-0.4887990653514862,-0.03426649048924446,-0.006620103493332863,nan,nan,2.105224847793579,272.82647705078125,-0.8853844404220581,-0.39082571864128113,-0.02794504165649414,1.0,1.0,12.303882598876953,nan
16.468225479125977,-0.7841282486915588,-0.6139581799507141,-0.05037976801395416,-0.008480703458189964,nan,nan,2.2421514987945557,272.8480224609375,-0.7588927745819092,-0.5185116529464722,0.01903057098388672,1.0,1.0,12.303882598876953,nan
16.468725204467773,-0.6923375725746155,-0.7120562195777893,-0.03426649048924446,-0.010341305285692215,nan,nan,2.3802788257598877,272.9195861816406,-0.6497072577476501,-0.6067443490028381,0.03280830383300781,1.0,1.0,12.303882598876953,nan
16.46922492980957,-0.5927348732948303,-0.7966235876083374,-0.03426648676395416,-0.014062506146728992,nan,nan,2.5172812938690186,272.94207763671875,-0.6358630061149597,-0.6692620515823364,-0.044745445251464844,1.0,1.0,12.303882598876953,nan
16.469724655151367,-0.4696958065032959,-0.8778080940246582,-0.03426648676395416,-0.014062506146728992,nan,nan,2.6551859378814697,273.0024108886719,-0.47606638073921204,-0.7827063798904419,0.03105020523071289,1.0,1.0,12.303882598876953,nan
16.470224380493164,-0.3447040021419525,-0.93193119764328,0.009239370003342628,-0.016853410750627518,nan,nan,2.7932417392730713,273.0677795410156,-0.3355019986629486,-0.838231086730957,0.05886077880859375,1.0,1.0,12.303882598876953,nan
16.47072410583496,-0.21385343372821808,-0.9691409468650818,0.020518667995929718,-0.01778371073305607,nan,nan,2.931457757949829,273.1384582519531,-0.2541847825050354,-0.8887954354286194,0.022686004638671875,1.0,1.0,12.303882598876953,nan
16.471223831176758,-0.0790964886546135,-0.9928197264671326,-0.02298719249665737,-0.007550403010100126,nan,nan,3.06764817237854,273.1225280761719,-0.1654098629951477,-0.9176763892173767,-0.01344156265258789,1.0,1.0,12.303882598876953,nan
16.471723556518555,0.06542552262544632,-0.9962021708488464,-0.008485239930450916,-0.014062508940696716,nan,nan,-3.077226161956787,273.1962890625,0.03614921495318413,-0.9069028496742249,0.06677961349487305,1.0,1.0,12.303882598876953,nan
16.47222328186035,0.20213520526885986,-0.9792888760566711,0.014073353260755539,-0.01778371073305607,nan,nan,-2.9387617111206055,273.27471923828125,0.15140300989151,-0.9477713108062744,0.046826839447021484,1.0,1.0,12.303882598876953,nan
16.47272300720215,0.3407980501651764,-0.9488445520401001,-0.008485238999128342,-0.01778371073305607,nan,nan,-2.8009748458862305,273.3232421875,0.3292580246925354,-0.9147060513496399,0.09637618064880371,1.0,1.0,12.303882598876953,nan
16.473224639892578,0.46383678913116455,-0.8913388848304749,0.0269639790058136,-0.015923108905553818,nan,nan,-2.6620447635650635,273.4184875488281,0.4114576578140259,-0.8883941173553467,0.045477867126464844,1.0,1.0,12.303882598876953,nan
16.473722457885742,0.573204755783081,-0.810154378414154,-0.0004285983741283417,-0.04662303254008293,nan,nan,-2.525700569152832,273.40301513671875,0.4205167889595032,-0.811551034450531,-0.04691815376281738,1.0,1.0,12.303882598876953,nan
16.47422218322754,0.6884319186210632,-0.725587010383606,0.028575308620929718,-0.029877619817852974,nan,nan,-2.388066530227661,273.4422607421875,0.606726884841919,-0.7118404507637024,0.04361462593078613,1.0,1.0,12.303882598876953,nan
16.47472381591797,0.7841286659240723,-0.627488911151886,-0.014930552802979946,-0.01778371073305607,nan,nan,-2.249682664871216,273.5120544433594,0.6980488896369934,-0.6440154910087585,0.024965286254882812,1.0,1.0,12.303882598876953,nan
16.475223541259766,0.8642014861106873,-0.5158603191375732,0.02857530675828457,-0.013132208026945591,nan,nan,-2.1126437187194824,273.5238342285156,0.7810095548629761,-0.5451605916023254,0.02368760108947754,1.0,1.0,12.303882598876953,nan
16.475723266601562,0.9208383560180664,-0.3907007873058319,0.009239370003342628,-0.007550403010100126,nan,nan,-1.9755501747131348,273.53765869140625,0.7974804043769836,-0.4612855613231659,-0.02863144874572754,1.0,1.0,12.303882598876953,nan
16.47622299194336,0.9735692143440247,-0.26554107666015625,0.04791124165058136,-0.0038292021490633488,nan,nan,-1.8388224840164185,273.5360107421875,0.9336176514625549,-0.33791384100914,0.011945009231567383,1.0,1.0,12.303882598876953,nan
16.476722717285156,0.9989581108093262,-0.13361629843711853,0.007628041319549084,0.0026829044800251722,nan,nan,-1.7024191617965698,273.5207214355469,0.954574465751648,-0.22220683097839355,-0.005974292755126953,1.0,1.0,12.303882598876953,nan
16.477222442626953,1.0096997022628784,0.006765253376215696,0.0027940571308135986,0.005473806522786617,nan,nan,-1.5663141012191772,273.49322509765625,0.9483356475830078,-0.06501509994268417,0.018271207809448242,1.0,1.0,12.303882598876953,nan
16.47772216796875,0.9950520396232605,0.14038175344467163,0.01568468101322651,0.007334407418966293,nan,nan,-1.4303722381591797,273.4593811035156,0.9423019886016846,0.015529935248196125,-0.03296685218811035,1.0,1.0,12.303882598876953,nan
16.478221893310547,0.9696633219718933,0.27230653166770935,0.030186636373400688,0.017567716538906097,nan,nan,-1.2949119806289673,273.40606689453125,0.9343839287757874,0.14772216975688934,-0.028105974197387695,1.0,1.0,12.303882598876953,nan
16.478721618652344,0.9247443079948425,0.4042315185070038,0.014073353260755539,0.002682904014363885,nan,nan,-1.1588468551635742,273.3793640136719,0.9001827836036682,0.2997640073299408,0.0005955696105957031,1.0,1.0,12.303882598876953,nan
16.47922134399414,0.8544365763664246,0.5192429423332214,0.04629991203546524,0.011985909193754196,nan,nan,-1.0234270095825195,273.3258056640625,0.8478725552558899,0.3678518831729889,-0.0471501350402832,1.0,1.0,12.303882598876953,nan
16.479721069335938,0.781199038028717,0.632563054561615,0.04629991576075554,0.019428318366408348,nan,nan,-0.8877637386322021,273.2838439941406,0.8079515099525452,0.5074806809425354,-0.031275272369384766,1.0,1.0,12.303882598876953,nan
16.480222702026367,0.6933140754699707,0.7306610941886902,-0.01654187962412834,0.016637414693832397,nan,nan,-0.751657247543335,273.26123046875,0.7334816455841064,0.6124928593635559,-0.03247547149658203,1.0,1.0,12.303882598876953,nan
16.480722427368164,0.5868754982948303,0.8135371804237366,-0.0213758647441864,0.019428318366408348,nan,nan,-0.616142988204956,273.21441650390625,0.6442075371742249,0.6959218978881836,-0.03981781005859375,1.0,1.0,12.303882598876953,nan
16.48122215270996,0.46578988432884216,0.8947216868400574,0.010850698687136173,0.019428318366408348,nan,nan,-0.48030591011047363,273.18206787109375,0.5175396800041199,0.7837731838226318,-0.01231694221496582,1.0,1.0,12.303882598876953,nan
16.481721878051758,0.34079793095588684,0.9488445520401001,-0.014930551871657372,0.015707114711403847,nan,nan,-0.3428661823272705,273.2178649902344,0.3917813003063202,0.8675627112388611,0.009768247604370117,1.0,1.0,12.303882598876953,nan
16.482221603393555,0.19822914898395538,0.9826716780662537,0.03985460475087166,0.0231495201587677,nan,nan,-0.20462894439697266,273.2863464355469,0.26253020763397217,0.8591428399085999,-0.0008778572082519531,1.0,1.0,12.303882598876953,nan
16.48272132873535,0.07128452509641647,0.9995852112770081,-0.011707896366715431,0.017567716538906097,nan,nan,-0.06821084022521973,273.2766418457031,0.1936279535293579,0.9206507802009583,-0.04823136329650879,1.0,1.0,12.303882598876953,nan
16.48322105407715,-0.06737823784351349,1.0029675960540771,-0.014930551871657372,0.015707114711403847,nan,nan,0.06779098510742188,273.25018310546875,0.018227672204375267,0.9198159575462341,0.0034551620483398438,1.0,1.0,12.303882598876953,nan
16.483720779418945,-0.20604123175144196,0.9826716780662537,-0.010096566751599312,0.03896463289856911,nan,nan,0.20499539375305176,273.2745056152344,-0.09448940306901932,0.9178444743156433,-0.011403322219848633,1.0,1.0,12.303882598876953,nan
16.484220504760742,-0.34079793095588684,0.9488445520401001,0.02051866613328457,0.015707112848758698,nan,nan,0.34180593490600586,273.2817687988281,-0.22186364233493805,0.8987343907356262,-0.008762836456298828,1.0,1.0,12.303882598876953,nan
16.48472023010254,-0.4618838131427765,0.8913388848304749,-0.02298719249665737,-0.003829200053587556,nan,nan,0.47885823249816895,273.29864501953125,-0.3007745146751404,0.849774956703186,-0.04781031608581543,1.0,1.0,12.303882598876953,nan
16.48522186279297,-0.5780872702598572,0.8219939470291138,-0.0213758647441864,0.019428318366408348,nan,nan,0.6139707565307617,273.2340393066406,-0.4342523515224457,0.8168578743934631,-0.03445720672607422,1.0,1.0,12.303882598876953,nan
16.485721588134766,-0.6884315013885498,0.7323521971702576,-0.003651255276054144,0.009195009246468544,nan,nan,0.7508313655853271,273.2445373535156,-0.5716004967689514,0.7058664560317993,0.020979642868041992,1.0,1.0,12.303882598876953,nan
16.48621940612793,-0.7821753025054932,0.6376370191574097,-0.026209848001599312,0.014776812866330147,nan,nan,0.887890100479126,273.26275634765625,-0.6981799006462097,0.6830518245697021,-0.0004916191101074219,1.0,1.0,12.303882598876953,nan
16.486719131469727,-0.8524830937385559,0.5158603191375732,-0.0213758647441864,0.015707112848758698,nan,nan,1.0243589878082275,273.255859375,-0.6792702078819275,0.5541075468063354,-0.04697608947753906,1.0,1.0,12.303882598876953,nan
16.487220764160156,-0.9257206320762634,0.4025402069091797,-0.04393445700407028,0.017567716538906097,nan,nan,1.1612226963043213,273.2660217285156,-0.8559963703155518,0.45846813917160034,0.008944988250732422,1.0,1.0,12.303882598876953,nan
16.487720489501953,-0.9667337536811829,0.2638499438762665,-0.05037977173924446,0.013846512883901596,nan,nan,1.2975494861602783,273.25299072265625,-0.8218561410903931,0.329058974981308,-0.01661396026611328,1.0,1.0,12.303882598876953,nan
16.48822021484375,-0.99309903383255,0.13699913024902344,-0.027821175754070282,0.004543505609035492,nan,nan,1.4333064556121826,273.2163391113281,-0.8586517572402954,0.2227267026901245,-0.025379657745361328,1.0,1.0,12.303882598876953,nan
16.488719940185547,-1.001887559890747,0.0,-0.03426648676395416,0.0008223035838454962,nan,nan,1.5699527263641357,273.21795654296875,-0.9136020541191101,0.10310298204421997,-0.020585060119628906,1.0,1.0,12.303882598876953,nan
16.489219665527344,-0.9872400164604187,-0.14038175344467163,-0.03426649048924446,-0.006620103493332863,nan,nan,1.706176519393921,273.20172119140625,-0.873220682144165,-0.021271102130413055,-0.020080089569091797,1.0,1.0,12.303882598876953,nan
16.48971939086914,-0.9569687247276306,-0.27399784326553345,-0.04715711623430252,-0.01034130621701479,nan,nan,1.843069314956665,273.214111328125,-0.8607978224754333,-0.15677410364151,-0.0010919570922851562,1.0,1.0,12.303882598876953,nan
16.490219116210938,-0.9120495915412903,-0.3991575539112091,-0.04393445700407028,-0.01964431069791317,nan,nan,1.979778528213501,273.2183532714844,-0.854313313961029,-0.27002376317977905,-0.011861324310302734,1.0,1.0,12.303882598876953,nan
16.490718841552734,-0.8476006984710693,-0.5243168473243713,-0.029432503506541252,-0.02243521437048912,nan,nan,2.1165459156036377,273.22515869140625,-0.7677946090698242,-0.40774276852607727,0.03361177444458008,1.0,1.0,12.303882598876953,nan
16.49121856689453,-0.7782692909240723,-0.624106228351593,-0.01976453699171543,-0.029877619817852974,nan,nan,2.2523820400238037,273.1922912597656,-0.8554901480674744,-0.4969145655632019,-0.0646066665649414,1.0,1.0,12.303882598876953,nan
16.491718292236328,-0.6776899695396423,-0.7306613922119141,-0.02620984986424446,-0.026156418025493622,nan,nan,2.38850474357605,273.1726989746094,-0.6509280204772949,-0.6087102890014648,0.025312423706054688,1.0,1.0,12.303882598876953,nan
16.492218017578125,-0.5839462876319885,-0.8118458986282349,-0.0213758647441864,-0.01778371073305607,nan,nan,2.5246641635894775,273.1545715332031,-0.6607750654220581,-0.6964192390441895,-0.051413536071777344,1.0,1.0,12.303882598876953,nan
16.492719650268555,-0.45993098616600037,-0.887956440448761,-0.02782117761671543,-0.014062508940696716,nan,nan,2.662313222885132,273.19964599609375,-0.5065670013427734,-0.7901281714439392,0.000202178955078125,1.0,1.0,12.303882598876953,nan
16.49321937561035,-0.33298611640930176,-0.9420793056488037,-0.014930551871657372,-0.02150491438806057,nan,nan,2.8004696369171143,273.2651672363281,-0.3824754059314728,-0.8499667048454285,0.009368896484375,1.0,1.0,12.303882598876953,nan
16.49371910095215,-0.19822902977466583,-0.9792888760566711,0.0011827293783426285,-0.02150491438806057,nan,nan,2.9372260570526123,273.2704772949219,-0.26129963994026184,-0.8787798285484314,0.006427764892578125,1.0,1.0,12.303882598876953,nan
16.494218826293945,-0.061519596725702286,-0.9962021708488464,-0.010096566751599312,-0.028017017990350723,nan,nan,3.074579954147339,273.3006591796875,-0.1416167914867401,-0.9072310328483582,0.0032405853271484375,1.0,1.0,12.303882598876953,nan
16.494718551635742,0.08300241082906723,-1.0029675960540771,-0.014930551871657372,-0.008480703458189964,nan,nan,-3.0690014362335205,273.42486572265625,0.053069259971380234,-0.9362927675247192,0.07544803619384766,1.0,1.0,12.303882598876953,nan
16.49521827697754,0.2177591323852539,-0.9759061932563782,0.009239369072020054,-0.02243521437048912,nan,nan,-2.9315874576568604,273.4543151855469,0.13615888357162476,-0.9163687229156494,0.028734922409057617,1.0,1.0,12.303882598876953,nan
16.495718002319336,0.3466571867465973,-0.9386964440345764,-0.014930550940334797,-0.025226116180419922,nan,nan,-2.7936370372772217,273.5057067871094,0.23092709481716156,-0.9243704676628113,-0.01206517219543457,1.0,1.0,12.303882598876953,nan
16.496217727661133,0.47750774025917053,-0.8778080940246582,0.0011827293783426285,-0.025226116180419922,nan,nan,-2.65598726272583,273.5433044433594,0.34864792227745056,-0.846270740032196,-0.0036847591400146484,1.0,1.0,12.303882598876953,nan
16.49671745300293,0.5907816290855408,-0.8067715167999268,0.03018663451075554,-0.02150491252541542,nan,nan,-2.51951265335083,273.5307312011719,0.4560113847255707,-0.7743672728538513,0.0012695789337158203,1.0,1.0,12.303882598876953,nan
16.497217178344727,0.7001495957374573,-0.7255871891975403,-0.0036512548103928566,-0.01871401257812977,nan,nan,-2.381892204284668,273.5666198730469,0.6005330681800842,-0.7292579412460327,0.02043437957763672,1.0,1.0,12.303882598876953,nan
16.497718811035156,0.7841281890869141,-0.6139584183692932,0.02374132350087166,-0.008480703458189964,nan,nan,-2.244523048400879,273.5910339355469,0.6368983387947083,-0.6410390138626099,-0.023851871490478516,1.0,1.0,12.303882598876953,nan
16.498218536376953,0.8710370063781738,-0.5040209293365479,0.007628041319549084,-0.008480704389512539,nan,nan,-2.1072323322296143,273.6119689941406,0.7929670810699463,-0.53147292137146,0.03729081153869629,1.0,1.0,12.303882598876953,nan
16.49871826171875,0.9335327744483948,-0.3822439908981323,0.004405385348945856,-0.0028988998383283615,nan,nan,-1.9694486856460571,273.6529541015625,0.8429420590400696,-0.4354231357574463,0.013086080551147461,1.0,1.0,12.303882598876953,nan
16.499217987060547,0.9774751663208008,-0.2520103454589844,0.0189073383808136,0.016637414693832397,nan,nan,-1.8321247100830078,273.6739501953125,0.9325569272041321,-0.31320610642433167,0.02861475944519043,1.0,1.0,12.303882598876953,nan
16.499717712402344,0.9970049858093262,-0.10993748158216476,0.014073354192078114,0.004543506074696779,nan,nan,-1.6953331232070923,273.6721496582031,0.8674455285072327,-0.17478230595588684,0.016965627670288086,1.0,1.0,12.303882598876953,nan
16.50021743774414,1.0126292705535889,0.021987497806549072,0.014073353260755539,0.008264708332717419,nan,nan,-1.5587280988693237,273.6624755859375,0.9714153409004211,-0.0425567552447319,0.03548240661621094,1.0,1.0,12.303882598876953,nan
16.500717163085938,0.9882169365882874,0.1589864194393158,0.0350206196308136,0.005473806988447905,nan,nan,-1.4225502014160156,273.63494873046875,0.8973219990730286,0.02686915174126625,-0.027251482009887695,1.0,1.0,12.303882598876953,nan
16.501216888427734,0.9667335152626038,0.28414615988731384,-0.021375862881541252,0.008264708332717419,nan,nan,-1.286530613899231,273.6012878417969,0.9367775917053223,0.15918093919754028,-0.024890661239624023,1.0,1.0,12.303882598876953,nan
16.50171661376953,0.9130263328552246,0.41776242852211,0.03663194552063942,0.0194283165037632,nan,nan,-1.1507179737091064,273.5597229003906,0.877075731754303,0.2920382022857666,-0.007539033889770508,1.0,1.0,12.303882598876953,nan
16.502216339111328,0.849553644657135,0.5344651937484741,0.004405385814607143,0.015707112848758698,nan,nan,-1.0141308307647705,273.5517578125,0.8095799088478088,0.4008290469646454,-0.0058176517486572266,1.0,1.0,12.303882598876953,nan
16.502716064453125,0.7724106311798096,0.6477850675582886,0.04952257126569748,0.010125311091542244,nan,nan,-0.8788096904754639,273.4906311035156,0.7945516109466553,0.5108559727668762,-0.02958202362060547,1.0,1.0,12.303882598876953,nan
16.503215789794922,0.673784077167511,0.7441918253898621,0.0011827293783426285,0.02128891833126545,nan,nan,-0.7420089244842529,273.4930114746094,0.6818832755088806,0.6187694072723389,-0.0007522106170654297,1.0,1.0,12.303882598876953,nan
16.50371551513672,0.576134443283081,0.8253763318061829,-0.02459852024912834,0.02128891833126545,nan,nan,-0.6061468124389648,273.4558410644531,0.6389283537864685,0.7031300067901611,-0.04050469398498535,1.0,1.0,12.303882598876953,nan
16.504215240478516,0.4521189033985138,0.9014869928359985,-0.013319224119186401,0.018498016521334648,nan,nan,-0.4715108871459961,273.36810302734375,0.47014787793159485,0.7787196636199951,0.019509315490722656,1.0,1.0,12.303882598876953,nan
16.504716873168945,0.3212679922580719,0.9556100368499756,0.0011827293783426285,0.0250101201236248,nan,nan,-0.333538293838501,273.4223327636719,0.33065882325172424,0.8425701260566711,0.05088162422180176,1.0,1.0,12.303882598876953,nan
16.505216598510742,0.19237001240253448,0.98943692445755,0.03985460102558136,0.030591923743486404,nan,nan,-0.19842195510864258,273.35516357421875,0.2839528024196625,0.8915674686431885,-0.018906116485595703,1.0,1.0,12.303882598876953,nan
16.50571632385254,0.06737860292196274,0.9995852112770081,-0.010096567682921886,0.02035861648619175,nan,nan,-0.06229901313781738,273.3313293457031,0.2296101152896881,0.9143053889274597,-0.09305977821350098,1.0,1.0,12.303882598876953,nan
16.506216049194336,-0.07909636944532394,1.0063505172729492,0.03985460102558136,0.015707112848758698,nan,nan,0.07236337661743164,273.2472839355469,0.005118050146847963,0.9090869426727295,0.013106584548950195,1.0,1.0,12.303882598876953,nan
16.506715774536133,-0.20213520526885986,0.9792888760566711,0.010850699618458748,0.036173731088638306,nan,nan,0.2087545394897461,273.2369689941406,-0.011877049691975117,0.9275326132774353,-0.10534930229187012,1.0,1.0,12.303882598876953,nan
16.50721549987793,-0.3447042405605316,0.9522274136543274,0.02051866613328457,0.015707112848758698,nan,nan,0.34491944313049316,273.2177734375,-0.22824671864509583,0.9129114747047424,-0.008923530578613281,1.0,1.0,12.303882598876953,nan
16.507715225219727,-0.46578988432884216,0.887956440448761,-0.011707895435392857,0.0231495201587677,nan,nan,0.4819190502166748,273.23394775390625,-0.3174039423465729,0.8527293801307678,-0.03469133377075195,1.0,1.0,12.303882598876953,nan
16.508214950561523,-0.5771105885505676,0.8169195652008057,-0.0536024272441864,0.01198591198772192,nan,nan,0.6173453330993652,273.1838684082031,-0.42825525999069214,0.8068866729736328,-0.03853869438171387,1.0,1.0,12.303882598876953,nan
16.50871467590332,-0.6864786744117737,0.7289698123931885,-0.0213758647441864,0.019428318366408348,nan,nan,0.7528603076934814,273.1387023925781,-0.5207198858261108,0.7113991379737854,-0.030118465423583984,1.0,1.0,12.303882598876953,nan
16.509214401245117,-0.7792460322380066,0.6359459161758423,-0.03104383498430252,0.02128891833126545,nan,nan,0.8890821933746338,273.1241149902344,-0.6754222512245178,0.664671778678894,-0.004677772521972656,1.0,1.0,12.303882598876953,nan
16.509714126586914,-0.8544362187385559,0.512477457523346,-0.04393445700407028,0.017567716538906097,nan,nan,1.0269839763641357,273.1805419921875,-0.7415418028831482,0.5351523756980896,0.0097503662109375,1.0,1.0,12.303882598876953,nan
16.510215759277344,-0.9218146800994873,0.3957745134830475,0.01729600876569748,0.013846512883901596,nan,nan,1.1627748012542725,273.1470947265625,-0.7861359715461731,0.42924171686172485,-0.0007486343383789062,1.0,1.0,12.303882598876953,nan
16.51071548461914,-0.9667337536811829,0.2638499438762665,-0.03265516087412834,0.016637414693832397,nan,nan,1.2999002933502197,273.1700744628906,-0.8430826663970947,0.3205459713935852,-0.0014185905456542969,1.0,1.0,12.303882598876953,nan
16.511215209960938,-0.99309903383255,0.13023345172405243,-0.02782117761671543,0.008264708332717419,nan,nan,1.4360592365264893,273.1520690917969,-0.8562111258506775,0.20247262716293335,-0.006486415863037109,1.0,1.0,12.303882598876953,nan
16.5117130279541,-1.0009111166000366,-0.008456778712570667,-0.027821175754070282,0.004543505609035492,nan,nan,1.5735299587249756,273.18963623046875,-0.8840380907058716,0.068067766726017,0.011495113372802734,1.0,1.0,12.303882598876953,nan
16.51221466064453,-0.9901695251464844,-0.14207328855991364,-0.06004773825407028,-0.0028988984413444996,nan,nan,1.710465669631958,273.2039794921875,-0.9405821561813354,-0.04242870956659317,-0.0035753250122070312,1.0,1.0,12.303882598876953,nan
16.512714385986328,-0.9589214324951172,-0.28414615988731384,-0.03426648676395416,-0.0028988984413444996,nan,nan,1.8484432697296143,273.2618713378906,-0.8611562848091125,-0.2073955535888672,0.04994535446166992,1.0,1.0,12.303882598876953,nan
16.513214111328125,-0.9091203212738037,-0.4109969735145569,-0.03426649048924446,-0.010341305285692215,nan,nan,1.9860074520111084,273.3009948730469,-0.8615697622299194,-0.3027820587158203,0.013858318328857422,1.0,1.0,12.303882598876953,nan
16.513713836669922,-0.8466244339942932,-0.5327738523483276,0.009239369072020054,-0.001968598924577236,nan,nan,2.1232826709747314,273.32733154296875,-0.7456914782524109,-0.43105778098106384,0.06298255920410156,1.0,1.0,12.303882598876953,nan
16.51421356201172,-0.7675278782844543,-0.6427108645439148,-0.04393445700407028,-0.015923108905553818,nan,nan,2.260653257369995,273.3570251464844,-0.7765489816665649,-0.5387131571769714,0.0077610015869140625,1.0,1.0,12.303882598876953,nan
16.514713287353516,-0.6698780059814453,-0.7441920638084412,-0.011707896366715431,-0.006620102562010288,nan,nan,2.396794557571411,273.33453369140625,-0.6259139776229858,-0.6176924705505371,0.04404735565185547,1.0,1.0,12.303882598876953,nan
16.515213012695312,-0.5692987442016602,-0.8236852288246155,-0.026209848001599312,-0.007550402544438839,nan,nan,2.534528970718384,273.3792724609375,-0.6126893758773804,-0.7131260633468628,-0.011684417724609375,1.0,1.0,12.303882598876953,nan
16.51571273803711,-0.44235384464263916,-0.8947216868400574,-0.019764535129070282,-0.02243521250784397,nan,nan,2.672983407974243,273.45343017578125,-0.46867334842681885,-0.7794640064239502,0.018442630767822266,1.0,1.0,12.303882598876953,nan
16.516212463378906,-0.315408855676651,-0.9454617500305176,-0.008485240861773491,-0.02336551435291767,nan,nan,2.8109681606292725,273.50616455078125,-0.3569633960723877,-0.8325014114379883,0.016754150390625,1.0,1.0,12.303882598876953,nan
16.516712188720703,-0.17869918048381805,-0.9860541224479675,0.0011827293783426285,-0.02150491438806057,nan,nan,2.9491169452667236,273.56488037109375,-0.1960156261920929,-0.9168058633804321,0.07330131530761719,1.0,1.0,12.303882598876953,nan
16.517213821411133,-0.04589566960930824,-0.9995852112770081,-0.02298719249665737,-0.02057461254298687,nan,nan,3.0869085788726807,273.607177734375,-0.14380279183387756,-0.9246840476989746,-0.008466720581054688,1.0,1.0,12.303882598876953,nan
16.51771354675293,0.0908142551779747,-0.9962021708488464,-0.008485239930450916,-0.014062508940696716,nan,nan,-3.057370662689209,273.69561767578125,-0.0033924661111086607,-0.9331215023994446,0.003350496292114258,1.0,1.0,12.303882598876953,nan
16.518213272094727,0.22947712242603302,-0.9725233912467957,-0.01331922598183155,-0.035459425300359726,nan,nan,-2.9193544387817383,273.7447509765625,0.11922180652618408,-0.9584753513336182,-0.007306814193725586,1.0,1.0,12.303882598876953,nan
16.518712997436523,0.36032816767692566,-0.9353139996528625,-0.005262583494186401,-0.015923108905553818,nan,nan,-2.7821438312530518,273.7587890625,0.23653489351272583,-0.923465371131897,-0.017559289932250977,1.0,1.0,12.303882598876953,nan
16.51921272277832,0.48336687684059143,-0.8744252920150757,0.0511339008808136,-0.00010799798474181443,nan,nan,-2.645097017288208,273.7657775878906,0.35961270332336426,-0.8538680672645569,-0.006694793701171875,1.0,1.0,12.303882598876953,nan
16.519712448120117,0.598593533039093,-0.8000064492225647,-0.008485239930450916,-0.02150491438806057,nan,nan,-2.508635997772217,273.74810791015625,0.45093393325805664,-0.799422562122345,-0.028278350830078125,1.0,1.0,12.303882598876953,nan
16.520212173461914,0.7138206362724304,-0.7086734175682068,0.02051866613328457,-0.02336551435291767,nan,nan,-2.3703184127807617,273.80889892578125,0.6168811917304993,-0.6889700293540955,0.05041813850402832,1.0,1.0,12.303882598876953,nan
16.52071189880371,0.7968230247497559,-0.6055015921592712,-0.00042859907262027264,-0.003829200519248843,nan,nan,-2.2321813106536865,273.8604431152344,0.6622843742370605,-0.6404029726982117,-0.01603531837463379,1.0,1.0,12.303882598876953,nan
16.521211624145508,0.8798254132270813,-0.4887988567352295,0.0011827293783426285,-0.015923108905553818,nan,nan,-2.094369649887085,273.8974914550781,0.7655180096626282,-0.5066795349121094,0.030281543731689453,1.0,1.0,12.303882598876953,nan
16.521711349487305,0.9403681755065918,-0.36363914608955383,0.0027940571308135986,-0.003829200519248843,nan,nan,-1.9556095600128174,273.9735412597656,0.8539187908172607,-0.4086472690105438,0.02987980842590332,1.0,1.0,12.303882598876953,nan
16.5222110748291,0.9813809394836426,-0.2317143827676773,0.03985460102558136,0.0008223014301620424,nan,nan,-1.8178648948669434,274.00531005859375,0.9089052081108093,-0.30189865827560425,0.017749309539794922,1.0,1.0,12.303882598876953,nan
16.52271270751953,1.0038405656814575,-0.09809808433055878,0.010850697755813599,0.008264708332717419,nan,nan,-1.6804726123809814,274.0216979980469,0.947088360786438,-0.18576398491859436,0.007326364517211914,1.0,1.0,12.303882598876953,nan
16.523212432861328,1.0106760263442993,0.03890105336904526,0.012462026439607143,0.005473806988447905,nan,nan,-1.5437555313110352,274.0093688964844,0.9704378843307495,-0.057278044521808624,0.005325794219970703,1.0,1.0,12.303882598876953,nan
16.523712158203125,0.9833338260650635,0.18773938715457916,0.04146593064069748,0.014776812866330147,nan,nan,-1.4067718982696533,274.008544921875,0.8623369932174683,0.07992501556873322,0.01977705955505371,1.0,1.0,12.303882598876953,nan
16.524211883544922,0.9579454064369202,0.3061334490776062,0.02535265125334263,0.01291621197015047,nan,nan,-1.2700787782669067,273.99542236328125,0.9125535488128662,0.1563757210969925,-0.039878129959106445,1.0,1.0,12.303882598876953,nan
16.52471160888672,0.9042378067970276,0.43974971771240234,0.03663194924592972,0.0045435065403580666,nan,nan,-1.1339881420135498,273.9573059082031,0.8858026266098022,0.30371174216270447,-0.015285253524780273,1.0,1.0,12.303882598876953,nan
16.525211334228516,0.8358827233314514,0.5581439733505249,-0.005262583494186401,0.013846512883901596,nan,nan,-0.9975559711456299,273.934326171875,0.7712205648422241,0.414536714553833,0.011281967163085938,1.0,1.0,12.303882598876953,nan
16.525711059570312,0.7587392926216125,0.6646988391876221,0.04629991203546524,0.011985909193754196,nan,nan,-0.8611743450164795,273.9097900390625,0.7667222023010254,0.5363054275512695,-0.008014202117919922,1.0,1.0,12.303882598876953,nan
16.52621078491211,0.6601130962371826,0.7611053586006165,0.007628042250871658,0.02128891833126545,nan,nan,-0.7240355014801025,273.9173889160156,0.6873945593833923,0.6333471536636353,-0.01103973388671875,1.0,1.0,12.303882598876953,nan
16.526710510253906,0.5507451295852661,0.8422897458076477,-0.011707896366715431,0.017567716538906097,nan,nan,-0.5860271453857422,273.9615783691406,0.5883300304412842,0.7254930734634399,-0.004082202911376953,1.0,1.0,12.303882598876953,nan
16.527210235595703,0.42672979831695557,0.9150176644325256,0.012462025508284569,0.029661623761057854,nan,nan,-0.44974350929260254,273.93243408203125,0.4584612548351288,0.8171813488006592,0.029871225357055664,1.0,1.0,12.303882598876953,nan
16.527711868286133,0.2939259111881256,0.9657580852508545,-0.008485238999128342,0.015707112848758698,nan,nan,-0.3117077350616455,273.97723388671875,0.34101223945617676,0.8489601612091064,0.021128416061401367,1.0,1.0,12.303882598876953,nan
16.528209686279297,0.15916945040225983,0.9995852112770081,0.04629991576075554,0.026870721951127052,nan,nan,-0.17518281936645508,273.9578857421875,0.20761099457740784,0.8880232572555542,0.03695416450500488,1.0,1.0,12.303882598876953,nan
16.528709411621094,0.026365332305431366,1.009732961654663,-0.01654187962412834,0.016637414693832397,nan,nan,-0.03668975830078125,274.02105712890625,0.13968299329280853,0.923375129699707,-0.02223682403564453,1.0,1.0,12.303882598876953,nan
16.52920913696289,-0.11620322614908218,1.0029675960540771,0.03985460475087166,0.0231495201587677,nan,nan,0.09950613975524902,273.9869384765625,-0.010192282497882843,0.9111999869346619,0.002982616424560547,1.0,1.0,12.303882598876953,nan
16.52971076965332,-0.24510131776332855,0.9759061932563782,0.01568468287587166,0.0259404219686985,nan,nan,0.23645949363708496,273.9848327636719,-0.07570447772741318,0.9271574020385742,-0.06396484375,1.0,1.0,12.303882598876953,nan
16.530210494995117,-0.3739989995956421,0.9353139996528625,-0.0068739112466573715,0.0240798182785511,nan,nan,0.37273359298706055,273.95458984375,-0.22838273644447327,0.8990002274513245,-0.03281235694885254,1.0,1.0,12.303882598876953,nan
16.530710220336914,-0.4989908039569855,0.8744252920150757,0.009239370003342628,0.037104032933712006,nan,nan,0.5089905261993408,273.924072265625,-0.3147117495536804,0.8449282050132751,-0.061424970626831055,1.0,1.0,12.303882598876953,nan
16.53120994567871,-0.6132411956787109,0.7949323058128357,-0.02298719249665737,0.016637414693832397,nan,nan,0.6460156440734863,273.92669677734375,-0.4686405062675476,0.7633528113365173,-0.004167079925537109,1.0,1.0,12.303882598876953,nan
16.531709671020508,-0.7196795344352722,0.7120562195777893,-0.011707895435392857,0.019428318366408348,nan,nan,0.7829084396362305,273.923828125,-0.6124873757362366,0.7209469079971313,0.012653112411499023,1.0,1.0,12.303882598876953,nan
16.532209396362305,-0.8075644373893738,0.6071927547454834,-0.02782117761671543,0.017567716538906097,nan,nan,0.9200804233551025,273.9324951171875,-0.7046258449554443,0.6436772346496582,0.0017714500427246094,1.0,1.0,12.303882598876953,nan
16.5327091217041,-0.8778724670410156,0.4786507785320282,-0.04393445700407028,0.017567716538906097,nan,nan,1.0583631992340088,273.9880065917969,-0.742397129535675,0.5101470947265625,0.0016741752624511719,1.0,1.0,12.303882598876953,nan
16.5332088470459,-0.9432974457740784,0.35856521129608154,-0.03426649048924446,0.004543505609035492,nan,nan,1.1957299709320068,274.0036926269531,-0.8331151604652405,0.377537339925766,0.04105329513549805,1.0,1.0,12.303882598876953,nan
16.533708572387695,-0.9794281125068665,0.22156648337841034,-0.04071180149912834,0.01198591198772192,nan,nan,1.3338119983673096,274.04913330078125,-0.8711181282997131,0.27871447801589966,0.01871633529663086,1.0,1.0,12.303882598876953,nan
16.534208297729492,-0.9989579319953918,0.08625845611095428,-0.03426649048924446,0.004543505609035492,nan,nan,1.4710133075714111,274.0564880371094,-0.8712890148162842,0.16078384220600128,0.008650779724121094,1.0,1.0,12.303882598876953,nan
16.53470802307129,-1.002864122390747,-0.05243176966905594,-0.027821175754070282,0.004543505609035492,nan,nan,1.609123945236206,274.10205078125,-0.8992984294891357,0.03709297999739647,0.011827945709228516,1.0,1.0,12.303882598876953,nan
16.53520965576172,-0.9940757155418396,-0.18943047523498535,-0.05682508274912834,0.010125311091542244,nan,nan,1.7474024295806885,274.1537170410156,-0.9880629777908325,-0.12866026163101196,0.04441213607788086,1.0,1.0,12.303882598876953,nan
16.535709381103516,-0.9530625343322754,-0.3281211256980896,-0.04071180149912834,0.0008223035838454962,nan,nan,1.886338472366333,274.23162841796875,-0.8937692046165466,-0.22680535912513733,0.024450302124023438,1.0,1.0,12.303882598876953,nan
16.536209106445312,-0.896425724029541,-0.46004611253738403,-0.0374891459941864,0.0026829044800251722,nan,nan,2.0256073474884033,274.3221130371094,-0.8584098219871521,-0.3642024099826813,0.03800773620605469,1.0,1.0,12.303882598876953,nan
16.53670883178711,-0.8222119212150574,-0.5818226337432861,-0.05037976801395416,-0.012201905250549316,nan,nan,2.1647136211395264,274.40399169921875,-0.7628160715103149,-0.4803048372268677,0.059696197509765625,1.0,1.0,12.303882598876953,nan
16.537208557128906,-0.7304210066795349,-0.6934514045715332,-0.04715711623430252,-0.01034130621701479,nan,nan,2.304298162460327,274.5039978027344,-0.7107107043266296,-0.5910910367965698,0.051946163177490234,1.0,1.0,12.303882598876953,nan
16.537708282470703,-0.6347241401672363,-0.7847842574119568,-0.003651255276054144,-0.007550403010100126,nan,nan,2.4437849521636963,274.5979919433594,-0.6443191766738892,-0.6925017237663269,0.04009866714477539,1.0,1.0,12.303882598876953,nan
16.5382080078125,-0.5155912041664124,-0.8625860810279846,-0.031043831259012222,-0.00475950026884675,nan,nan,2.5827267169952393,274.6670227050781,-0.5434604287147522,-0.7305311560630798,0.010827064514160156,1.0,1.0,12.303882598876953,nan
16.538707733154297,-0.38962307572364807,-0.9285486340522766,-0.0213758647441864,-0.01778371073305607,nan,nan,2.7226669788360596,274.7763671875,-0.443832129240036,-0.8335184454917908,0.021275997161865234,1.0,1.0,12.303882598876953,nan
16.539207458496094,-0.25291314721107483,-0.9792888760566711,-0.011707896366715431,-0.002898900071159005,nan,nan,2.8623363971710205,274.87225341796875,-0.27923357486724854,-0.896569550037384,0.06920719146728516,1.0,1.0,12.303882598876953,nan
16.53970718383789,-0.11815618723630905,-1.0029675960540771,0.01568468287587166,-0.014992807991802692,nan,nan,3.001983404159546,274.9648132324219,-0.1995406150817871,-0.9247124195098877,0.018776893615722656,1.0,1.0,12.303882598876953,nan
16.54020881652832,0.02245916612446308,-1.0131157636642456,-0.03104383312165737,-0.02336551621556282,nan,nan,3.1402671337127686,274.9985046386719,-0.0673724114894867,-0.9685646295547485,0.023604869842529297,1.0,1.0,12.303882598876953,nan
16.540708541870117,0.16112203896045685,-0.9995852112770081,-0.008485239930450916,-0.014062508940696716,nan,nan,-3.0029680728912354,275.10162353515625,0.06341074407100677,-0.9755394458770752,0.018022537231445312,1.0,1.0,12.303882598876953,nan
16.54120635986328,0.2958792448043823,-0.962375283241272,-0.010096568614244461,-0.024295814335346222,nan,nan,-2.865083694458008,275.11566162109375,0.14778245985507965,-0.9230493307113647,-0.02619624137878418,1.0,1.0,12.303882598876953,nan
16.541706085205078,0.42868301272392273,-0.9150176644325256,0.0011827293783426285,-0.02336551435291767,nan,nan,-2.7261571884155273,275.173095703125,0.2949298024177551,-0.8989850282669067,-0.006772041320800781,1.0,1.0,12.303882598876953,nan
16.542207717895508,0.557580828666687,-0.8439812660217285,0.010850698687136173,-0.02336551621556282,nan,nan,-2.5874810218811035,275.21881103515625,0.4375677704811096,-0.8279414176940918,0.02387690544128418,1.0,1.0,12.303882598876953,nan
16.542707443237305,0.6571835279464722,-0.7594141364097595,0.0189073383808136,-0.024295814335346222,nan,nan,-2.4492671489715576,275.2438659667969,0.4821941554546356,-0.78038090467453,-0.047339439392089844,1.0,1.0,12.303882598876953,nan
16.5432071685791,0.7675278782844543,-0.6697730422019958,0.012462025508284569,-0.00568980211392045,nan,nan,-2.310556411743164,275.2896423339844,0.675727903842926,-0.7050737738609314,0.024941682815551758,1.0,1.0,12.303882598876953,nan
16.5437068939209,0.8515066504478455,-0.5513784885406494,-0.02459852211177349,-0.01220190804451704,nan,nan,-2.1719119548797607,275.3315124511719,0.7254244685173035,-0.5883514285087585,0.011463403701782227,1.0,1.0,12.303882598876953,nan
16.544206619262695,0.922791063785553,-0.42791032791137695,-0.005262583028525114,-0.008480703458189964,nan,nan,-2.0325939655303955,275.4006652832031,0.8011544942855835,-0.47030001878738403,0.02282857894897461,1.0,1.0,12.303882598876953,nan
16.544706344604492,0.9725927710533142,-0.3010594844818115,0.007628041319549084,-0.004759501200169325,nan,nan,-1.8942973613739014,275.4256286621094,0.8815107345581055,-0.39039257168769836,-0.001642465591430664,1.0,1.0,12.303882598876953,nan
16.54520606994629,1.0145819187164307,-0.1674432009458542,0.0027940571308135986,-0.001968598924577236,nan,nan,-1.7553977966308594,275.47552490234375,0.9823090434074402,-0.23920270800590515,0.03768420219421387,1.0,1.0,12.303882598876953,nan
16.545705795288086,1.023370385169983,-0.02367880940437317,0.02051866613328457,0.0008223035838454962,nan,nan,-1.61692214012146,275.50640869140625,0.9722781777381897,-0.11833325773477554,0.016881942749023438,1.0,1.0,12.303882598876953,nan
16.546205520629883,1.0145822763442993,0.11332010477781296,-0.00042859907262027264,0.003613205160945654,nan,nan,-1.478764533996582,275.5233459472656,0.9397695064544678,-0.006481687072664499,-0.0071561336517333984,1.0,1.0,12.303882598876953,nan
16.54670524597168,0.9823576807975769,0.2570844888687134,0.02857530489563942,0.022219218313694,nan,nan,-1.3410062789916992,275.5232238769531,0.9267701506614685,0.13159529864788055,0.003075838088989258,1.0,1.0,12.303882598876953,nan
16.54720687866211,0.941344678401947,0.3957747220993042,0.05757921189069748,0.0017526029841974378,nan,nan,-1.2026221752166748,275.5494384765625,0.8880641460418701,0.2902933657169342,0.03973793983459473,1.0,1.0,12.303882598876953,nan
16.547706604003906,0.8720133304595947,0.5226258039474487,0.01568468101322651,0.014776812866330147,nan,nan,-1.0638020038604736,275.59326171875,0.7877520322799683,0.3955073654651642,0.05034518241882324,1.0,1.0,12.303882598876953,nan
16.548206329345703,0.8036584258079529,0.6342543959617615,-0.005262583494186401,0.013846512883901596,nan,nan,-0.9252679347991943,275.6242370605469,0.8093042373657227,0.531361997127533,0.02740001678466797,1.0,1.0,12.303882598876953,nan
16.5487060546875,0.7089381814002991,0.7374263405799866,0.03985460102558136,0.015707112848758698,nan,nan,-0.7871463298797607,275.63726806640625,0.7322955131530762,0.6096800565719604,0.002482891082763672,1.0,1.0,12.303882598876953,nan
16.549205780029297,0.5888285636901855,0.8304505348205566,0.010850697755813599,0.030591925606131554,nan,nan,-0.6479647159576416,275.694580078125,0.5823252201080322,0.692783534526825,0.041008710861206055,1.0,1.0,12.303882598876953,nan
16.549705505371094,0.47946083545684814,0.9014869928359985,-0.04071180149912834,0.0008223035838454962,nan,nan,-0.5077502727508545,275.7940368652344,0.5242084860801697,0.7819326519966125,0.009097576141357422,1.0,1.0,12.303882598876953,nan
16.55020523071289,0.342751145362854,0.9589928984642029,0.03985460475087166,0.0231495201587677,nan,nan,-0.3706820011138916,275.75921630859375,0.4317874014377594,0.8138730525970459,-0.025318145751953125,1.0,1.0,12.303882598876953,nan
16.550704956054688,0.21385331451892853,0.9995852112770081,0.004405384883284569,0.01198591198772192,nan,nan,-0.23264217376708984,275.7655944824219,0.3338964581489563,0.8907797932624817,-0.034244537353515625,1.0,1.0,12.303882598876953,nan
16.551204681396484,0.07714316248893738,1.019881010055542,0.04791124165058136,0.009195009246468544,nan,nan,-0.09473395347595215,275.76654052734375,0.20751266181468964,0.9461203813552856,-0.029416561126708984,1.0,1.0,12.303882598876953,nan
16.55170440673828,-0.0634724348783493,1.019881010055542,-0.013319224119186401,0.014776813797652721,nan,nan,0.04340410232543945,275.777099609375,0.05411015823483467,0.9587728381156921,-0.007927179336547852,1.0,1.0,12.303882598876953,nan
16.552204132080078,-0.21385331451892853,1.0063505172729492,-0.0294325053691864,0.029661623761057854,nan,nan,0.18305063247680664,275.8511657714844,-0.16751067340373993,0.9492842555046082,0.08387422561645508,1.0,1.0,12.303882598876953,nan
16.552705764770508,-0.3466569483280182,0.962375283241272,0.007628041785210371,0.008264708332717419,nan,nan,0.3221125602722168,275.8990478515625,-0.22784271836280823,0.9144033193588257,0.014072179794311523,1.0,1.0,12.303882598876953,nan
16.553205490112305,-0.47555503249168396,0.9048697352409363,-0.03587781637907028,0.0259404219686985,nan,nan,0.4610598087310791,275.9410095214844,-0.3543093204498291,0.8662818074226379,0.01920318603515625,1.0,1.0,12.303882598876953,nan
16.55370330810547,-0.5966406464576721,0.8304505348205566,-0.0004285993054509163,0.01105561014264822,nan,nan,0.6003992557525635,275.99853515625,-0.4630824029445648,0.8066976070404053,0.012732744216918945,1.0,1.0,12.303882598876953,nan
16.554203033447266,-0.7196795344352722,0.7391180992126465,-0.011707896366715431,0.017567716538906097,nan,nan,0.7394464015960693,276.0427551269531,-0.6438180208206177,0.6885001063346863,0.10484147071838379,1.0,1.0,12.303882598876953,nan
16.554704666137695,-0.8056113719940186,0.6308717131614685,-0.03104383312165737,0.01384651381522417,nan,nan,0.8796103000640869,276.1326904296875,-0.670807421207428,0.6321317553520203,0.027583599090576172,1.0,1.0,12.303882598876953,nan
16.555204391479492,-0.8925197720527649,0.5141689777374268,-0.02298719249665737,0.016637414693832397,nan,nan,1.018498182296753,276.1673278808594,-0.8162229061126709,0.5218802690505981,0.07575559616088867,1.0,1.0,12.303882598876953,nan
16.55570411682129,-0.9413447976112366,0.3822439908981323,-0.0294325053691864,0.009195009246468544,nan,nan,1.1579172611236572,276.2233581542969,-0.7836858630180359,0.43309226632118225,5.054473876953125e-05,1.0,1.0,12.303882598876953,nan
16.556203842163086,-0.9891932010650635,0.24524489045143127,-0.026209848001599312,0.01291621197015047,nan,nan,1.2967584133148193,276.2538757324219,-0.8032258152961731,0.2995235323905945,0.00919342041015625,1.0,1.0,12.303882598876953,nan
16.556703567504883,-1.0155587196350098,0.11162880063056946,-0.022987190634012222,0.007334408350288868,nan,nan,1.4362413883209229,276.3108215332031,-0.9229651689529419,0.19779877364635468,0.015570640563964844,1.0,1.0,12.303882598876953,nan
16.55720329284668,-1.0155584812164307,-0.037209317088127136,-0.04393445700407028,0.01198591198772192,nan,nan,1.5754377841949463,276.3544921875,-0.8951972126960754,0.05873942747712135,0.02200794219970703,1.0,1.0,12.303882598876953,nan
16.557703018188477,-1.0009111166000366,-0.17759107053279877,-0.03104383312165737,-0.0010382984764873981,nan,nan,1.714763879776001,276.40289306640625,-0.9382390975952148,-0.07998313754796982,0.0333099365234375,1.0,1.0,12.303882598876953,nan
16.558202743530273,-0.9716160297393799,-0.309516042470932,-0.011707896366715431,-0.006620102562010288,nan,nan,1.854278802871704,276.4580383300781,-0.9209377765655518,-0.1994214951992035,0.02197265625,1.0,1.0,12.303882598876953,nan
16.55870246887207,-0.9169321656227112,-0.44482406973838806,-0.03426648676395416,-0.0028988984413444996,nan,nan,1.9938833713531494,276.5158386230469,-0.8504477739334106,-0.321532279253006,0.03063678741455078,1.0,1.0,12.303882598876953,nan
16.559202194213867,-0.8427183628082275,-0.5666005611419678,-0.04393445700407028,-0.02150491252541542,nan,nan,2.134251832962036,276.6045227050781,-0.8175913095474243,-0.45727723836898804,0.038823604583740234,1.0,1.0,12.303882598876953,nan
16.559703826904297,-0.7548335194587708,-0.6782295107841492,-0.04715711250901222,-0.014062508009374142,nan,nan,2.273949384689331,276.6629333496094,-0.7755258679389954,-0.5396676659584045,-0.003032684326171875,1.0,1.0,12.303882598876953,nan
16.560203552246094,-0.6493715643882751,-0.7797102928161621,-0.01654188148677349,-0.016853410750627518,nan,nan,2.413919687271118,276.7318115234375,-0.6378993988037109,-0.6587765216827393,0.05079174041748047,1.0,1.0,12.303882598876953,nan
16.56070327758789,-0.5331682562828064,-0.8592032790184021,-0.01815320923924446,-0.02150491438806057,nan,nan,2.554816484451294,276.8379821777344,-0.5562028884887695,-0.7225923538208008,0.023102760314941406,1.0,1.0,12.303882598876953,nan
16.561203002929688,-0.4071997106075287,-0.9386964440345764,0.010850696824491024,-0.012201905250549316,nan,nan,2.695582628250122,276.9368591308594,-0.38188835978507996,-0.8540632128715515,0.1183023452758789,1.0,1.0,12.303882598876953,nan
16.561702728271484,-0.27439597249031067,-0.9792888760566711,-0.02298719249665737,-0.01871401257812977,nan,nan,2.8354203701019287,276.99468994140625,-0.2935088276863098,-0.8923091888427734,0.08101987838745117,1.0,1.0,12.303882598876953,nan
16.56220245361328,-0.1279212385416031,-1.009732961654663,-0.02782117761671543,-0.02150491438806057,nan,nan,2.977043390274048,277.1260986328125,-0.17810365557670593,-0.901129424571991,0.06201505661010742,1.0,1.0,12.303882598876953,nan
16.562702178955078,0.018553489819169044,-1.019881010055542,-0.0004285983741283417,-0.033598821610212326,nan,nan,3.1194050312042236,277.2857360839844,-0.013619642704725266,-0.9427907466888428,0.10055255889892578,1.0,1.0,12.303882598876953,nan
16.563201904296875,0.1572163701057434,-1.009732961654663,-0.01654187962412834,-0.014992807991802692,nan,nan,-3.0229268074035645,277.3786926269531,0.09406320005655289,-0.9501057863235474,0.07274007797241211,1.0,1.0,12.303882598876953,nan
16.563701629638672,0.2958792448043823,-0.9725233912467957,-0.027821175754070282,-0.025226116180419922,nan,nan,-2.881253957748413,277.5038757324219,0.17693407833576202,-0.9471909999847412,0.016864299774169922,1.0,1.0,12.303882598876953,nan
16.56420135498047,0.43454214930534363,-0.921782910823822,-0.005262582562863827,-0.01964431069791317,nan,nan,-2.740025281906128,277.60784912109375,0.3253174126148224,-0.8699238300323486,0.048993587493896484,1.0,1.0,12.303882598876953,nan
16.564701080322266,0.5497685074806213,-0.8439812660217285,-0.0020399270579218864,-0.01034130435436964,nan,nan,-2.5994155406951904,277.6833801269531,0.33750849962234497,-0.8260353803634644,-0.0620267391204834,1.0,1.0,12.303882598876953,nan
16.565202713012695,0.6757373213768005,-0.7678706645965576,0.010850697755813599,-0.01778371073305607,nan,nan,-2.460545539855957,277.6847839355469,0.5917137861251831,-0.7581374645233154,0.07451367378234863,1.0,1.0,12.303882598876953,nan
16.565702438354492,0.7655751705169678,-0.659624457359314,0.030186636373400688,-0.028947317972779274,nan,nan,-2.3192808628082275,277.7863464355469,0.6199409365653992,-0.6879562139511108,0.003701448440551758,1.0,1.0,12.303882598876953,nan
16.566200256347656,0.8515066504478455,-0.5513784885406494,0.04629991576075554,0.0008223035838454962,nan,nan,-2.1794180870056152,277.82696533203125,0.6948086023330688,-0.5967941284179688,-0.008501529693603516,1.0,1.0,12.303882598876953,nan
16.566701889038086,0.9218146204948425,-0.42960163950920105,0.01568468101322651,-0.001968598924577236,nan,nan,-2.039809226989746,277.8563232421875,0.8044681549072266,-0.4975312054157257,0.007742404937744141,1.0,1.0,12.303882598876953,nan
16.567201614379883,0.971616268157959,-0.3027507960796356,-0.0213758647441864,0.0008223025361075997,nan,nan,-1.9003278017044067,277.87933349609375,0.8599728345870972,-0.4254942834377289,-0.03749823570251465,1.0,1.0,12.303882598876953,nan
16.56770133972168,1.0067702531814575,-0.1539122611284256,0.010850697755813599,0.000822303059976548,nan,nan,-1.7608222961425781,277.9031066894531,0.886958122253418,-0.23581309616565704,0.02286076545715332,1.0,1.0,12.303882598876953,nan
16.568201065063477,1.0155588388442993,-0.016913557425141335,0.02051866613328457,0.015707112848758698,nan,nan,-1.621403694152832,277.9226379394531,0.915739119052887,-0.1355394423007965,-0.0037508010864257812,1.0,1.0,12.303882598876953,nan
16.568700790405273,1.0136052370071411,0.12177688628435135,0.0011827293783426285,0.013846512883901596,nan,nan,-1.482448935508728,277.9224548339844,0.9546886086463928,0.004289445001631975,0.008783817291259766,1.0,1.0,12.303882598876953,nan
16.56920051574707,0.9891929626464844,0.2587758004665375,-0.008485238999128342,0.01198591198772192,nan,nan,-1.3432025909423828,277.9345703125,0.9259057641029358,0.14054180681705475,0.015716075897216797,1.0,1.0,12.303882598876953,nan
16.569700241088867,0.9345094561576843,0.3940834105014801,0.0189073383808136,0.0240798182785511,nan,nan,-1.204563021659851,277.9207763671875,0.8721351623535156,0.24944408237934113,0.0049664974212646484,1.0,1.0,12.303882598876953,nan
16.570201873779297,0.8681073188781738,0.5226255655288696,0.04952257126569748,0.010125311091542244,nan,nan,-1.0656936168670654,277.91693115234375,0.8072583675384521,0.35871565341949463,0.005676984786987305,1.0,1.0,12.303882598876953,nan
16.57069969177246,0.7997520565986633,0.6342545747756958,0.04146593064069748,0.016637414693832397,nan,nan,-0.9267385005950928,277.916748046875,0.8216370940208435,0.49804753065109253,-0.006545305252075195,1.0,1.0,12.303882598876953,nan
16.571199417114258,0.7011260390281677,0.7374265789985657,0.0060167135670781136,0.014776813797652721,nan,nan,-0.7878298759460449,277.9143371582031,0.7337974905967712,0.5885434150695801,-0.014437437057495117,1.0,1.0,12.303882598876953,nan
16.571699142456055,0.5966407656669617,0.8236850500106812,-0.01815320923924446,0.02128891833126545,nan,nan,-0.6485095024108887,277.92962646484375,0.6471017003059387,0.6951984763145447,-0.008503913879394531,1.0,1.0,12.303882598876953,nan
16.572200775146484,0.47555479407310486,0.9048697352409363,0.02051866613328457,0.01198591198772192,nan,nan,-0.5107405185699463,277.8795166015625,0.5231934189796448,0.792154848575592,0.019710779190063477,1.0,1.0,12.303882598876953,nan
16.57270050048828,0.3505631387233734,0.9556100368499756,-0.02459852024912834,0.02128891833126545,nan,nan,-0.3720991611480713,277.86663818359375,0.4531344175338745,0.8418877124786377,-0.02920675277709961,1.0,1.0,12.303882598876953,nan
16.573200225830078,0.21190011501312256,0.9995852112770081,0.03340929001569748,0.0194283165037632,nan,nan,-0.2346951961517334,277.8025207519531,0.2945258617401123,0.886082649230957,0.00638127326965332,1.0,1.0,12.303882598876953,nan
16.573699951171875,0.08104956895112991,1.0131157636642456,-0.008485239930450916,0.019428318366408348,nan,nan,-0.0953376293182373,277.8213195800781,0.21416541934013367,0.9380586743354797,-0.03670811653137207,1.0,1.0,12.303882598876953,nan
16.574199676513672,-0.07128452509641647,1.019881010055542,-0.008485238999128342,0.015707112848758698,nan,nan,0.04460406303405762,277.8650207519531,-0.02891097590327263,0.9253172874450684,0.07954525947570801,1.0,1.0,12.303882598876953,nan
16.57469940185547,-0.20799408853054047,1.0029675960540771,0.007628042250871658,0.0231495201587677,nan,nan,0.182891845703125,277.8376770019531,-0.09701067954301834,0.9410443305969238,0.012459039688110352,1.0,1.0,12.303882598876953,nan
16.575199127197266,-0.34079793095588684,0.9589928984642029,-0.01815320923924446,0.02128891833126545,nan,nan,0.32242822647094727,277.8634338378906,-0.21706344187259674,0.9357975125312805,-0.0019295215606689453,1.0,1.0,12.303882598876953,nan
16.575698852539062,-0.4696958065032959,0.9014869928359985,-0.0068739112466573715,0.0259404219686985,nan,nan,0.46079015731811523,277.8395080566406,-0.3110867738723755,0.8683721423149109,-0.024320363998413086,1.0,1.0,12.303882598876953,nan
16.57619857788086,-0.5868754982948303,0.8270676732063293,-0.018153207376599312,0.0194283165037632,nan,nan,0.6004884243011475,277.8720703125,-0.4239867627620697,0.8250144720077515,-0.033326148986816406,1.0,1.0,12.303882598876953,nan
16.576698303222656,-0.7011260390281677,0.7374265789985657,-0.01654187962412834,0.02221922017633915,nan,nan,0.7395970821380615,277.8794250488281,-0.5519295930862427,0.7334904074668884,-0.0019378662109375,1.0,1.0,12.303882598876953,nan
16.577198028564453,-0.7938933372497559,0.6308717131614685,-0.02298719249665737,0.0240798182785511,nan,nan,0.8795754909515381,277.9230041503906,-0.6489346027374268,0.6608026623725891,-0.010681629180908203,1.0,1.0,12.303882598876953,nan
16.577699661254883,-0.8739662170410156,0.512477695941925,-0.03587781637907028,0.0259404219686985,nan,nan,1.019303560256958,277.9552001953125,-0.7475312352180481,0.5575233101844788,0.0032982826232910156,1.0,1.0,12.303882598876953,nan
16.57819938659668,-0.943297803401947,0.3923918902873993,-0.013319223187863827,0.01105561014264822,nan,nan,1.1585261821746826,277.9654235839844,-0.8522568345069885,0.44376125931739807,0.024928569793701172,1.0,1.0,12.303882598876953,nan
16.578697204589844,-0.9843106269836426,0.25370165705680847,-0.02298719249665737,0.003613205160945654,nan,nan,1.2985498905181885,278.0090026855469,-0.8695377707481384,0.3192026615142822,0.013109683990478516,1.0,1.0,12.303882598876953,nan
16.579198837280273,-1.002863883972168,0.11332032084465027,-0.02298719249665737,0.00547380605712533,nan,nan,1.437495470046997,278.00653076171875,-0.8601174354553223,0.20858745276927948,-0.012037277221679688,1.0,1.0,12.303882598876953,nan
16.57969856262207,-1.0106762647628784,-0.025370333343744278,-0.027821175754070282,-0.002898899372667074,nan,nan,1.5765049457550049,278.0066833496094,-0.8941221833229065,0.08248259127140045,-0.005089759826660156,1.0,1.0,12.303882598876953,nan
16.580198287963867,-0.99309903383255,-0.1640605628490448,-0.03104383312165737,-0.014062508940696716,nan,nan,1.7155940532684326,278.01019287109375,-0.8810337781906128,-0.02029566280543804,-0.02925729751586914,1.0,1.0,12.303882598876953,nan
16.580698013305664,-0.9569687247276306,-0.307824969291687,-0.03587781637907028,-0.003829200053587556,nan,nan,1.8546240329742432,278.0113525390625,-0.8689773082733154,-0.18272040784358978,0.01612234115600586,1.0,1.0,12.303882598876953,nan
16.58119773864746,-0.9149792194366455,-0.4279105067253113,-0.02782117761671543,-0.010341305285692215,nan,nan,1.9935767650604248,278.00897216796875,-0.9105489253997803,-0.2676588296890259,-0.04443550109863281,1.0,1.0,12.303882598876953,nan
16.581697463989258,-0.8456476330757141,-0.5547611117362976,-0.04071180149912834,-0.010341305285692215,nan,nan,2.1326334476470947,278.0110778808594,-0.8092504143714905,-0.40974676609039307,-0.0005102157592773438,1.0,1.0,12.303882598876953,nan
16.582197189331055,-0.7597159743309021,-0.6630073189735413,-0.014930551871657372,-0.012201906181871891,nan,nan,2.2727015018463135,278.0556640625,-0.7582852840423584,-0.5246767997741699,-0.00399017333984375,1.0,1.0,12.303882598876953,nan
16.582698822021484,-0.6591364741325378,-0.7627968788146973,-0.0294325053691864,-0.014992808923125267,nan,nan,2.413039445877075,278.1108093261719,-0.6870175004005432,-0.6452796459197998,0.004520416259765625,1.0,1.0,12.303882598876953,nan
16.58319664001465,-0.5380507111549377,-0.8507464528083801,-0.02298719249665737,-0.031738217920064926,nan,nan,2.553194284439087,278.15716552734375,-0.509615957736969,-0.7054564952850342,0.05571460723876953,1.0,1.0,12.303882598876953,nan
16.583696365356445,-0.4169647693634033,-0.9150176644325256,-0.01815320923924446,-0.02150491438806057,nan,nan,2.6942832469940186,278.24151611328125,-0.4703054130077362,-0.798474907875061,0.007754325866699219,1.0,1.0,12.303882598876953,nan
16.584196090698242,-0.28806716203689575,-0.9691409468650818,0.009239370003342628,0.0017526040319353342,nan,nan,2.834407091140747,278.2836608886719,-0.33112820982933044,-0.8675878643989563,0.035454750061035156,1.0,1.0,12.303882598876953,nan
16.584697723388672,-0.14354516565799713,-1.0029675960540771,-0.018153207376599312,-0.02336551435291767,nan,nan,2.9742777347564697,278.3144226074219,-0.17243941128253937,-0.9080044031143188,0.07267570495605469,1.0,1.0,12.303882598876953,nan
16.58519744873047,-0.012694365344941616,-1.0029675960540771,0.0027940571308135986,-0.028017019852995872,nan,nan,3.115675210952759,278.4083251953125,-0.1575157195329666,-0.9447768926620483,-0.04671812057495117,1.0,1.0,12.303882598876953,nan
16.585697174072266,0.13182763755321503,-0.9962021708488464,0.0011827293783426285,-0.01964431069791317,nan,nan,-3.02817702293396,278.413818359375,-0.014329377561807632,-0.9205016493797302,-0.036368608474731445,1.0,1.0,12.303882598876953,nan
16.586196899414062,0.27439644932746887,-0.9725233912467957,0.03340929001569748,-0.02150491438806057,nan,nan,-2.8879363536834717,278.45733642578125,0.19075962901115417,-0.9264582395553589,0.04236459732055664,1.0,1.0,12.303882598876953,nan
16.58669662475586,0.4052470028400421,-0.9251657724380493,-0.002039926126599312,-0.02150491438806057,nan,nan,-2.748211145401001,278.4782409667969,0.29223188757896423,-0.8990785479545593,0.013725757598876953,1.0,1.0,12.303882598876953,nan
16.587196350097656,0.5273095965385437,-0.8625860810279846,0.04146593064069748,-0.014992807991802692,nan,nan,-2.6082026958465576,278.51025390625,0.4054878354072571,-0.8722557425498962,-0.005462646484375,1.0,1.0,12.303882598876953,nan
16.587696075439453,0.6435123085975647,-0.7763274312019348,0.012462027370929718,-0.029877619817852974,nan,nan,-2.4693427085876465,278.49359130859375,0.478784441947937,-0.7853068113327026,-0.032087087631225586,1.0,1.0,12.303882598876953,nan
16.58819580078125,0.749951183795929,-0.6866859197616577,0.012462025508284569,-0.001968598924577236,nan,nan,-2.3293466567993164,278.5250244140625,0.6409551501274109,-0.7185865640640259,0.00895237922668457,1.0,1.0,12.303882598876953,nan
16.588695526123047,0.8378357291221619,-0.5682918429374695,0.014073353260755539,-0.006620102562010288,nan,nan,-2.190084218978882,278.5249938964844,0.7167938351631165,-0.5800308585166931,0.03189682960510254,1.0,1.0,12.303882598876953,nan
16.589195251464844,0.9140027165412903,-0.4566630721092224,0.002794056199491024,-0.01685340888798237,nan,nan,-2.0501387119293213,278.5537109375,0.8546096086502075,-0.5169880986213684,0.028227567672729492,1.0,1.0,12.303882598876953,nan
16.589696884155273,0.9628278613090515,-0.3179728388786316,0.0011827291455119848,-0.004759501200169325,nan,nan,-1.9100911617279053,278.5859680175781,0.8647075891494751,-0.3800576329231262,0.018086910247802734,1.0,1.0,12.303882598876953,nan
16.59019660949707,0.9930992126464844,-0.18435654044151306,0.02051866613328457,0.0008223035838454962,nan,nan,-1.7709910869598389,278.57781982421875,0.8941807150840759,-0.2985580265522003,-0.029360055923461914,1.0,1.0,12.303882598876953,nan
16.590696334838867,1.0155587196350098,-0.05074024572968483,0.014073353260755539,0.002682904014363885,nan,nan,-1.6322214603424072,278.5559387207031,0.9219558238983154,-0.15710704028606415,-0.014608621597290039,1.0,1.0,12.303882598876953,nan
