time_s,v_alpha_v,v_beta_v,i_alpha_a,i_beta_a,encoder_angle_rad,encoder_speed_rad_s,pll_angle_rad,pll_speed_rad_s,emf_alpha_v,emf_beta_v,phase_error_rad,locked,active,bus_voltage_v,angle_error_rad
10.317294120788574,3.0017566680908203,0.0,0.7891222238540649,0.025940438732504845,nan,nan,-2.0088698863983154,-0.0830807164311409,0.2366335690021515,-0.07530629634857178,0.13048577308654785,0.0,0.0,12.303882598876953,nan
10.317793846130371,3.0017566680908203,0.0,0.7649522423744202,0.019428307190537453,nan,nan,-2.0122814178466797,-0.22557280957698822,0.16530801355838776,-0.09612132608890533,-0.08562994003295898,0.0,0.0,12.303882598876953,nan
10.318293571472168,3.0017566680908203,0.0,0.7842881679534912,0.03059190884232521,nan,nan,-2.0128889083862305,-0.24698099493980408,0.23027926683425903,-0.11461301892995834,-0.019889354705810547,0.0,0.0,12.303882598876953,nan
10.318793296813965,3.0017566680908203,0.0,0.7858995199203491,0.027801034972071648,nan,nan,-2.0178732872009277,-0.4517027735710144,0.18020310997962952,-0.09771173447370529,-0.05014228820800781,0.0,0.0,12.303882598876953,nan
10.319293022155762,3.0017566680908203,0.0,0.7971788048744202,0.023149531334638596,nan,nan,-2.018803834915161,-0.4811980724334717,0.21416963636875153,-0.09983070194721222,0.011710405349731445,0.0,0.0,12.303882598876953,nan
10.319792747497559,3.0017566680908203,0.0,0.7585069537162781,0.015707118436694145,nan,nan,-2.0148425102233887,-0.30498141050338745,0.19357876479625702,-0.08063095808029175,0.04947829246520996,0.0,0.0,12.303882598876953,nan
10.320293426513672,3.0017566680908203,0.0,0.8261827230453491,0.023149531334638596,nan,nan,-2.0122263431549072,-0.18889880180358887,0.16130997240543365,-0.08277422934770584,-0.032872915267944336,0.0,0.0,12.303882598876953,nan
10.320793151855469,3.0017566680908203,0.0,0.7681748867034912,0.021288901567459106,nan,nan,-2.0168263912200928,-0.37808677554130554,0.1798689365386963,-0.05120701715350151,0.16925883293151855,0.0,0.0,12.303882598876953,nan
10.321292877197266,3.0017566680908203,0.0,0.7665635943412781,0.020358622074127197,nan,nan,-2.013179063796997,-0.21733467280864716,0.18887677788734436,-0.08119504153728485,0.036463022232055664,0.0,0.0,12.303882598876953,nan
10.321792602539062,3.0017566680908203,0.0,0.7826768755912781,0.031522221863269806,nan,nan,-2.0160272121429443,-0.3325393795967102,0.18459241092205048,-0.07180674374103546,0.07444238662719727,0.0,0.0,12.303882598876953,nan
10.322293281555176,3.0017566680908203,0.0,0.7746201753616333,0.021288901567459106,nan,nan,-2.0174784660339355,-0.3864682614803314,0.18764649331569672,-0.07121667265892029,0.08417296409606934,0.0,0.0,12.303882598876953,nan
10.322792053222656,3.0017566680908203,0.0,0.7730089426040649,0.025940438732504845,nan,nan,-2.01926851272583,-0.4538971185684204,0.2149813324213028,-0.08173635601997375,0.08535456657409668,0.0,0.0,12.303882598876953,nan
10.323291778564453,3.0017566680908203,0.0,0.771397590637207,0.02687075361609459,nan,nan,-2.023282766342163,-0.6131373047828674,0.2335563749074936,-0.0912313386797905,0.08022522926330566,0.0,0.0,12.303882598876953,nan
10.32379150390625,3.0017566680908203,0.0,0.7681748867034912,0.021288901567459106,nan,nan,-2.0236923694610596,-0.617810845375061,0.128517746925354,-0.047664981335401535,0.09794402122497559,0.0,0.0,12.303882598876953,nan
10.324292182922363,3.0017566680908203,0.0,0.771397590637207,0.01942834071815014,nan,nan,-2.0258920192718506,-0.6969539523124695,0.21445155143737793,-0.06732876598834991,0.15128350257873535,0.0,0.0,12.303882598876953,nan
10.32479190826416,3.0017566680908203,0.0,0.771397590637207,0.023149531334638596,nan,nan,-2.0279970169067383,-0.7713603377342224,0.2302849292755127,-0.09528369456529617,0.06489944458007812,0.0,0.0,12.303882598876953,nan
10.325291633605957,3.0017566680908203,0.0,0.819737434387207,0.000822327216155827,nan,nan,-2.0273568630218506,-0.7288498282432556,0.15189136564731598,-0.07296745479106903,0.008514404296875,0.0,0.0,12.303882598876953,nan
10.32579231262207,3.0017566680908203,0.0,0.7746202349662781,0.02501012571156025,nan,nan,-2.030963182449341,-0.8658341765403748,0.11279714852571487,-0.070070780813694,-0.09639453887939453,0.0,0.0,12.303882598876953,nan
10.326292037963867,3.0017566680908203,0.0,0.8165147304534912,0.015707118436694145,nan,nan,-2.0316431522369385,-0.8767572045326233,0.19173233211040497,-0.07747688889503479,0.07684993743896484,0.0,0.0,12.303882598876953,nan
10.326791763305664,3.0017566680908203,0.0,0.7810655236244202,0.0175677128136158,nan,nan,-2.035463571548462,-1.019076943397522,0.11050873249769211,-0.07714727520942688,-0.1457383632659912,0.0,0.0,12.303882598876953,nan
10.327290534973145,3.0017566680908203,0.0,0.7665635943412781,0.02221921645104885,nan,nan,-2.0361826419830322,-1.028527855873108,0.16942565143108368,-0.09234650433063507,-0.034139156341552734,0.0,0.0,12.303882598876953,nan
10.327791213989258,3.0017566680908203,0.0,0.771397590637207,0.023149531334638596,nan,nan,-2.033893585205078,-0.9113392233848572,0.14290736615657806,-0.09004054963588715,-0.09985542297363281,0.0,0.0,12.303882598876953,nan
10.328290939331055,3.0017566680908203,0.0,0.771397590637207,0.023149531334638596,nan,nan,-2.037600517272949,-1.0492998361587524,0.16810141503810883,-0.10392403602600098,-0.08762264251708984,0.0,0.0,12.303882598876953,nan
10.328790664672852,3.0017566680908203,0.0,0.7858995199203491,0.02221921645104885,nan,nan,-2.042285442352295,-1.2246688604354858,0.198795348405838,-0.09109797328710556,0.04156136512756348,0.0,0.0,12.303882598876953,nan
10.329291343688965,3.0017566680908203,0.0,0.7649522423744202,0.019428307190537453,nan,nan,-2.043945074081421,-1.269498348236084,0.15911051630973816,-0.09297563135623932,-0.05633997917175293,0.0,0.0,12.303882598876953,nan
10.329791069030762,3.0017566680908203,0.0,0.795567512512207,0.020358622074127197,nan,nan,-2.048239231109619,-1.4234639406204224,0.20838114619255066,-0.07584409415721893,0.12844181060791016,0.0,0.0,12.303882598876953,nan
10.330290794372559,3.0017566680908203,0.0,0.771397590637207,0.023149531334638596,nan,nan,-2.0446598529815674,-1.2433598041534424,0.20301227271556854,-0.08309613168239594,0.08529448509216309,0.0,0.0,12.303882598876953,nan
10.330790519714355,3.0017566680908203,0.0,0.7778428792953491,0.019428307190537453,nan,nan,-2.0481839179992676,-1.3665223121643066,0.10471843928098679,-0.08381806313991547,-0.19889283180236816,0.0,0.0,12.303882598876953,nan
10.331290245056152,3.0017566680908203,0.0,0.8004014492034912,0.02501012571156025,nan,nan,-2.046919345855713,-1.2846680879592896,0.17434930801391602,-0.07183193415403366,0.08524298667907715,0.0,0.0,12.303882598876953,nan
10.33178997039795,3.0017566680908203,0.0,0.795567512512207,0.02407984435558319,nan,nan,-2.0433483123779297,-1.1077214479446411,0.17858755588531494,-0.07421950995922089,0.07863688468933105,0.0,0.0,12.303882598876953,nan
10.332289695739746,3.0017566680908203,0.0,0.8084580898284912,0.016637397930026054,nan,nan,-2.0453386306762695,-1.1694586277008057,0.12226098775863647,-0.10594772547483444,-0.2408907413482666,0.0,0.0,12.303882598876953,nan
10.33279037475586,3.0017566680908203,0.0,0.7746201753616333,0.019428307190537453,nan,nan,-2.0490005016326904,-1.2987847328186035,0.16860464215278625,-0.09262888133525848,-0.024703264236450195,0.0,0.0,12.303882598876953,nan
10.333290100097656,3.0017566680908203,0.0,0.8084580898284912,0.02221921645104885,nan,nan,-2.0497312545776367,-1.3029803037643433,0.10759575664997101,-0.06631163507699966,-0.07413053512573242,0.0,0.0,12.303882598876953,nan
10.333789825439453,3.0017566680908203,0.0,0.7778428792953491,0.023149531334638596,nan,nan,-2.0511703491210938,-1.3367536067962646,0.12481077760457993,-0.12112806737422943,-0.2917170524597168,0.0,0.0,12.303882598876953,nan
10.33428955078125,3.0017566680908203,0.0,0.7649522423744202,0.019428307190537453,nan,nan,-2.0543441772460938,-1.442226529121399,0.2629317045211792,-0.09837982803583145,0.12555384635925293,0.0,0.0,12.303882598876953,nan
10.334790229797363,3.0017566680908203,0.0,0.787510871887207,0.023149531334638596,nan,nan,-2.056488275527954,-1.503102421760559,0.21201719343662262,-0.08778305351734161,0.09303116798400879,0.0,0.0,12.303882598876953,nan
10.33528995513916,3.0017566680908203,0.0,0.7971788048744202,0.026870720088481903,nan,nan,-2.0566039085388184,-1.4759950637817383,0.2108369916677475,-0.08110670000314713,0.11857342720031738,0.0,0.0,12.303882598876953,nan
10.33578872680664,3.0017566680908203,0.0,0.8342393636703491,0.024079810827970505,nan,nan,-2.059800624847412,-1.5798910856246948,0.18672840297222137,-0.11166471242904663,-0.05068635940551758,0.0,0.0,12.303882598876953,nan
10.336289405822754,3.0017566680908203,0.0,0.811680793762207,0.027801034972071648,nan,nan,-2.0617218017578125,-1.6276323795318604,0.1124337762594223,-0.09303966164588928,-0.2017505168914795,0.0,0.0,12.303882598876953,nan
10.33678913116455,3.0017566680908203,0.0,0.787510871887207,0.03617376089096069,nan,nan,-2.0712063312530518,-1.992881417274475,0.13515505194664001,-0.08152062445878983,-0.043177127838134766,0.0,0.0,12.303882598876953,nan
10.337288856506348,3.0017566680908203,0.0,0.827794075012207,0.03152225911617279,nan,nan,-2.072864532470703,-2.0215752124786377,0.16487279534339905,-0.09366264194250107,-0.015295743942260742,0.0,0.0,12.303882598876953,nan
10.337788581848145,3.0017566680908203,0.0,0.8068467378616333,0.02314949594438076,nan,nan,-2.077584743499756,-2.176508903503418,0.18706518411636353,-0.07765761762857437,0.11304903030395508,0.0,0.0,12.303882598876953,nan
10.338289260864258,3.0017566680908203,0.0,0.7939561605453491,0.02501012571156025,nan,nan,-2.075021982192993,-2.023102045059204,0.2657735049724579,-0.07856670767068863,0.21702980995178223,0.0,0.0,12.303882598876953,nan
10.338788986206055,3.0017566680908203,0.0,0.787510871887207,0.01942834071815014,nan,nan,-2.0772533416748047,-2.075216770172119,0.1823408156633377,-0.09751730412244797,0.014722108840942383,0.0,0.0,12.303882598876953,nan
10.339288711547852,3.0017566680908203,0.0,0.7826768159866333,0.016637397930026054,nan,nan,-2.0793166160583496,-2.1191279888153076,0.10715504735708237,-0.08113328367471695,-0.14084148406982422,0.0,0.0,12.303882598876953,nan
10.339788436889648,3.0017566680908203,0.0,0.7681748867034912,0.021288901567459106,nan,nan,-2.0817723274230957,-2.177905559539795,0.1799575388431549,-0.08720913529396057,0.05923819541931152,0.0,0.0,12.303882598876953,nan
10.340288162231445,3.0017566680908203,0.0,0.7778428792953491,0.034313131123781204,nan,nan,-2.0817129611968994,-2.1305038928985596,0.21742932498455048,-0.0856219157576561,0.13563084602355957,0.0,0.0,12.303882598876953,nan
10.340787887573242,3.0017566680908203,0.0,0.7730088829994202,0.0296616293489933,nan,nan,-2.0846939086914062,-2.2116730213165283,0.16162951290607452,-0.0967537984251976,-0.02635025978088379,0.0,0.0,12.303882598876953,nan
10.341287612915039,3.0017566680908203,0.0,0.811680793762207,0.027801034972071648,nan,nan,-2.07977032661438,-1.957847237586975,0.24180909991264343,-0.07785078883171082,0.1976761817932129,0.0,0.0,12.303882598876953,nan
10.341788291931152,3.0017566680908203,0.0,0.7987900972366333,0.018497992306947708,nan,nan,-2.0820915699005127,-2.0144107341766357,0.15144586563110352,-0.05593254044651985,0.15749764442443848,0.0,0.0,12.303882598876953,nan
10.34228801727295,3.0017566680908203,0.0,0.7778428792953491,0.023149531334638596,nan,nan,-2.083162784576416,-2.018305778503418,0.1567150205373764,-0.11239419132471085,-0.11093926429748535,0.0,0.0,12.303882598876953,nan
10.342787742614746,3.0017566680908203,0.0,0.7939561605453491,0.019428307190537453,nan,nan,-2.088228225708008,-2.1894030570983887,0.1685982197523117,-0.09906063973903656,-0.014576911926269531,0.0,0.0,12.303882598876953,nan
10.34328842163086,3.0017566680908203,0.0,0.7778428792953491,0.015707118436694145,nan,nan,-2.086246967315674,-2.060084104537964,0.17721779644489288,-0.0715130940079689,0.13176751136779785,0.0,0.0,12.303882598876953,nan
10.343788146972656,3.0017566680908203,0.0,0.7842881679534912,0.02501012571156025,nan,nan,-2.0858309268951416,-1.9997107982635498,0.2113560140132904,-0.08464396744966507,0.13400816917419434,0.0,0.0,12.303882598876953,nan
10.344286918640137,3.0017566680908203,0.0,0.7971788048744202,0.019428307190537453,nan,nan,-2.084886074066162,-1.91922128200531,0.09771709889173508,-0.10608620196580887,-0.3143043518066406,0.0,0.0,12.303882598876953,nan
10.344786643981934,3.0017566680908203,0.0,0.7842881679534912,0.021288901567459106,nan,nan,-2.0886218547821045,-2.035477876663208,0.12740109860897064,-0.09827221184968948,-0.1404728889465332,0.0,0.0,12.303882598876953,nan
10.345287322998047,3.0017566680908203,0.0,0.7842881679534912,0.026870720088481903,nan,nan,-2.0889835357666016,-2.0086100101470947,0.1468307077884674,-0.09884931892156601,-0.07532286643981934,0.0,0.0,12.303882598876953,nan
10.345787048339844,3.0017566680908203,0.0,0.819737434387207,0.02687075361609459,nan,nan,-2.0914995670318604,-2.072564125061035,0.18387188017368317,-0.08944691717624664,0.0675351619720459,0.0,0.0,12.303882598876953,nan
10.34628677368164,3.0017566680908203,0.0,0.8004014492034912,0.02501012571156025,nan,nan,-2.0920088291168213,-2.0503990650177,0.15151460468769073,-0.0871715247631073,-0.0015628337860107422,0.0,0.0,12.303882598876953,nan
10.346786499023438,3.0017566680908203,0.0,0.7810655832290649,0.021288935095071793,nan,nan,-2.0951478481292725,-2.1397552490234375,0.11938908696174622,-0.08465318381786346,-0.09352874755859375,0.0,0.0,12.303882598876953,nan
10.34728717803955,3.0017566680908203,0.0,0.7858995199203491,0.018498027697205544,nan,nan,-2.0931711196899414,-2.012051582336426,0.23122118413448334,-0.08920073509216309,0.1541600227355957,0.0,0.0,12.303882598876953,nan
10.347786903381348,3.0017566680908203,0.0,0.7810655832290649,0.021288935095071793,nan,nan,-2.0961825847625732,-2.0975394248962402,0.136343315243721,-0.09557794779539108,-0.08708047866821289,0.0,0.0,12.303882598876953,nan
10.348285675048828,3.0017566680908203,0.0,0.787510871887207,0.0324525386095047,nan,nan,-2.0943973064422607,-1.9790292978286743,0.1264876276254654,-0.07935237884521484,-0.03750491142272949,0.0,0.0,12.303882598876953,nan
10.348786354064941,3.0017566680908203,0.0,0.7891221642494202,0.011055614799261093,nan,nan,-2.0904541015625,-1.7721086740493774,0.1873052418231964,-0.08403271436691284,0.09775328636169434,0.0,0.0,12.303882598876953,nan
10.349286079406738,3.0017566680908203,0.0,0.7971788048744202,0.026870720088481903,nan,nan,-2.088212013244629,-1.6415451765060425,0.14233797788619995,-0.09829466044902802,-0.08786964416503906,0.0,0.0,12.303882598876953,nan
10.349785804748535,3.0017566680908203,0.0,0.7810655236244202,0.008264705538749695,nan,nan,-2.0903642177581787,-1.69792640209198,0.11778593808412552,-0.08191288262605667,-0.08902835845947266,0.0,0.0,12.303882598876953,nan
10.350285530090332,3.0017566680908203,0.0,0.7907335162162781,0.008264705538749695,nan,nan,-2.085014820098877,-1.4375815391540527,0.18649506568908691,-0.08443404734134674,0.08897995948791504,0.0,0.0,12.303882598876953,nan
10.350786209106445,3.0017566680908203,0.0,0.7810655832290649,0.021288935095071793,nan,nan,-2.0825283527374268,-1.3037246465682983,0.11951137334108353,-0.08285904675722122,-0.09532666206359863,0.0,0.0,12.303882598876953,nan
10.351285934448242,3.0017566680908203,0.0,0.8390733003616333,0.03059190884232521,nan,nan,-2.0785839557647705,-1.1110361814498901,0.18590058386325836,-0.08286898583173752,0.08845639228820801,0.0,0.0,12.303882598876953,nan
10.351785659790039,3.0017566680908203,0.0,0.7810655236244202,0.013846523128449917,nan,nan,-2.0817177295684814,-1.2198388576507568,0.10591983050107956,-0.08134497702121735,-0.1450049877166748,0.0,0.0,12.303882598876953,nan
10.352285385131836,3.0017566680908203,0.0,0.8181260824203491,0.011055614799261093,nan,nan,-2.082226276397705,-1.2158101797103882,0.19168025255203247,-0.0864139050245285,0.08785367012023926,0.0,0.0,12.303882598876953,nan
10.352785110473633,3.0017566680908203,0.0,0.7810655236244202,0.02501012571156025,nan,nan,-2.083768844604492,-1.2561529874801636,0.10804376751184464,-0.0940232202410698,-0.20442485809326172,0.0,0.0,12.303882598876953,nan
10.35328483581543,3.0017566680908203,0.0,0.7907334566116333,0.02314949594438076,nan,nan,-2.083818197250366,-1.2312288284301758,0.19622060656547546,-0.06764853000640869,0.18137335777282715,0.0,0.0,12.303882598876953,nan
10.353784561157227,3.0017566680908203,0.0,0.7939561605453491,0.02501012571156025,nan,nan,-2.082824945449829,-1.1644402742385864,0.12750522792339325,-0.07850083708763123,-0.04038858413696289,0.0,0.0,12.303882598876953,nan
10.35428524017334,3.0017566680908203,0.0,0.771397590637207,0.023149531334638596,nan,nan,-2.0788028240203857,-0.9708729386329651,0.2020513117313385,-0.09397000819444656,0.0726633071899414,0.0,0.0,12.303882598876953,nan
10.354784965515137,3.0017566680908203,0.0,0.795567512512207,0.012916243635118008,nan,nan,-2.0798113346099854,-0.9937858581542969,0.13153059780597687,-0.04677649959921837,0.16770172119140625,0.0,0.0,12.303882598876953,nan
10.355284690856934,3.0017566680908203,0.0,0.8084580898284912,0.018497992306947708,nan,nan,-2.079871892929077,-0.9756386280059814,0.16485215723514557,-0.08400560170412064,0.037624359130859375,0.0,0.0,12.303882598876953,nan
10.355785369873047,3.0017566680908203,0.0,0.7907334566116333,0.02314949594438076,nan,nan,-2.081648588180542,-1.0300759077072144,0.1455335170030594,-0.09251687675714493,-0.05598783493041992,0.0,0.0,12.303882598876953,nan
10.356285095214844,3.0017566680908203,0.0,0.7971788048744202,0.019428307190537453,nan,nan,-2.080597400665283,-0.9648188948631287,0.19355779886245728,-0.09647098183631897,0.047303199768066406,0.0,0.0,12.303882598876953,nan
10.356783866882324,3.0017566680908203,0.0,0.7907335162162781,0.015707118436694145,nan,nan,-2.0867958068847656,-1.2060357332229614,0.21599461138248444,-0.09673354029655457,0.09492850303649902,0.0,0.0,12.303882598876953,nan
10.357283592224121,3.0017566680908203,0.0,0.7939561605453491,0.02501012571156025,nan,nan,-2.0864527225494385,-1.1678177118301392,0.10064137727022171,-0.09490741789340973,-0.24182844161987305,0.0,0.0,12.303882598876953,nan
10.357784271240234,3.0017566680908203,0.0,0.7939561605453491,0.02501012571156025,nan,nan,-2.090754508972168,-1.324318289756775,0.11099514365196228,-0.08493898808956146,-0.13423442840576172,0.0,0.0,12.303882598876953,nan
10.358283996582031,3.0017566680908203,0.0,0.8132921457290649,0.030591942369937897,nan,nan,-2.0918593406677246,-1.3437728881835938,0.16561205685138702,-0.10006976127624512,-0.023014068603515625,0.0,0.0,12.303882598876953,nan
10.358783721923828,3.0017566680908203,0.0,0.7907335162162781,0.026870720088481903,nan,nan,-2.097133159637451,-1.5367343425750732,0.12786133587360382,-0.09945636242628098,-0.13582873344421387,0.0,0.0,12.303882598876953,nan
10.359284400939941,3.0017566680908203,0.0,0.8342393636703491,0.025940438732504845,nan,nan,-2.0949153900146484,-1.4109938144683838,0.18447521328926086,-0.09177684783935547,0.06226181983947754,0.0,0.0,12.303882598876953,nan
10.359784126281738,3.0017566680908203,0.0,0.795567512512207,0.022219249978661537,nan,nan,-2.0988831520080566,-1.5480847358703613,0.11076462268829346,-0.07752776890993118,-0.08345890045166016,0.0,0.0,12.303882598876953,nan
10.360283851623535,3.0017566680908203,0.0,0.7987900972366333,0.027800999581813812,nan,nan,-2.097172498703003,-1.444200038909912,0.1622348576784134,-0.07624007761478424,0.08694958686828613,0.0,0.0,12.303882598876953,nan
10.360782623291016,3.0017566680908203,0.0,0.8213487267494202,0.009195019491016865,nan,nan,-2.0984811782836914,-1.469061255455017,0.12535569071769714,-0.08556707203388214,-0.07205486297607422,0.0,0.0,12.303882598876953,nan
10.361283302307129,3.0017566680908203,0.0,0.8245713710784912,0.02594040520489216,nan,nan,-2.0959248542785645,-1.3309861421585083,0.16354772448539734,-0.10243513435125351,-0.035017967224121094,0.0,0.0,12.303882598876953,nan
10.361783027648926,3.0017566680908203,0.0,0.795567512512207,0.0296616293489933,nan,nan,-2.0956339836120605,-1.2909386157989502,0.11090771853923798,-0.08397280424833298,-0.12416791915893555,0.0,0.0,12.303882598876953,nan
10.362282752990723,3.0017566680908203,0.0,0.7939561605453491,0.021288935095071793,nan,nan,-2.0956003665924072,-1.262069582939148,0.17497196793556213,-0.07538305222988129,0.11807942390441895,0.0,0.0,12.303882598876953,nan
10.362783432006836,3.0017566680908203,0.0,0.7746201753616333,0.021288901567459106,nan,nan,-2.0966389179229736,-1.2795499563217163,0.2035589963197708,-0.06489844620227814,0.2176954746246338,0.0,0.0,12.303882598876953,nan
10.363283157348633,3.0017566680908203,0.0,0.8310167193412781,0.0296616293489933,nan,nan,-2.0944113731384277,-1.1596671342849731,0.15356406569480896,-0.05381758511066437,0.18692851066589355,0.0,0.0,12.303882598876953,nan
10.36378288269043,3.0017566680908203,0.0,0.8132921457290649,0.030591942369937897,nan,nan,-2.099271535873413,-1.3396557569503784,0.1256224364042282,-0.07660800963640213,-0.019667863845825195,0.0,0.0,12.303882598876953,nan
10.364282608032227,3.0017566680908203,0.0,0.7971788048744202,0.023149531334638596,nan,nan,-2.097243309020996,-1.2267754077911377,0.11255000531673431,-0.08667316287755966,-0.13074135780334473,0.0,0.0,12.303882598876953,nan
10.36478328704834,3.0017566680908203,0.0,0.7810655832290649,0.021288935095071793,nan,nan,-2.100645065307617,-1.3446505069732666,0.13190892338752747,-0.07109113037586212,0.035234928131103516,0.0,0.0,12.303882598876953,nan
10.36528205871582,3.0017566680908203,0.0,0.7907335162162781,0.015707118436694145,nan,nan,-2.0997910499572754,-1.2806756496429443,0.1567423790693283,-0.07331150025129318,0.09145855903625488,0.0,0.0,12.303882598876953,nan
10.365781784057617,3.0017566680908203,0.0,0.8084580898284912,0.02221921645104885,nan,nan,-2.1008458137512207,-1.298402190208435,0.14163663983345032,-0.09003737568855286,-0.0367887020111084,0.0,0.0,12.303882598876953,nan
10.366281509399414,3.0017566680908203,0.0,0.7681748867034912,0.021288901567459106,nan,nan,-2.096567153930664,-1.0908300876617432,0.2616148293018341,-0.05123623460531235,0.3334035873413086,0.0,0.0,12.303882598876953,nan
10.366782188415527,3.0017566680908203,0.0,0.7939561605453491,0.030591942369937897,nan,nan,-2.096845865249634,-1.081132411956787,0.10213401913642883,-0.07870538532733917,-0.13142132759094238,0.0,0.0,12.303882598876953,nan
10.367281913757324,3.0017566680908203,0.0,0.8100694417953491,0.0175677128136158,nan,nan,-2.0961971282958984,-1.0307090282440186,0.13180723786354065,-0.0512930303812027,0.15458416938781738,0.0,0.0,12.303882598876953,nan
10.367781639099121,3.0017566680908203,0.0,0.7842881679534912,0.02314949594438076,nan,nan,-2.0971028804779053,-1.0487291812896729,0.10782400518655777,-0.12045284360647202,-0.31602931022644043,0.0,0.0,12.303882598876953,nan
10.368282318115234,3.0017566680908203,0.0,0.8084580898284912,0.016637397930026054,nan,nan,-2.0976366996765137,-1.0483630895614624,0.15906743705272675,-0.08341178297996521,0.04371285438537598,0.0,0.0,12.303882598876953,nan
10.368782043457031,3.0017566680908203,0.0,0.795567512512207,0.0296616293489933,nan,nan,-2.100235939025879,-1.1362338066101074,0.11983878165483475,-0.08942825347185135,-0.11249876022338867,0.0,0.0,12.303882598876953,nan
10.369280815124512,3.0017566680908203,0.0,0.8004014492034912,0.021288901567459106,nan,nan,-2.0990328788757324,-1.0613441467285156,0.17740043997764587,-0.09079447388648987,0.05506610870361328,0.0,0.0,12.303882598876953,nan
10.369780540466309,3.0017566680908203,0.0,0.7842881679534912,0.02314949594438076,nan,nan,-2.1021246910095215,-1.1696021556854248,0.11593823879957199,-0.08965138345956802,-0.1278235912322998,0.0,0.0,12.303882598876953,nan
10.370281219482422,3.0017566680908203,0.0,0.771397590637207,0.01942834071815014,nan,nan,-2.097964286804199,-0.9701279401779175,0.19125241041183472,-0.08596303313970566,0.10486674308776855,0.0,0.0,12.303882598876953,nan
10.370780944824219,3.0017566680908203,0.0,0.7939561605453491,0.030591942369937897,nan,nan,-2.0999345779418945,-1.0332831144332886,0.11244990676641464,-0.1036367118358612,-0.21674799919128418,0.0,0.0,12.303882598876953,nan
10.371280670166016,3.0017566680908203,0.0,0.795567512512207,0.0371040403842926,nan,nan,-2.095667600631714,-0.8305826783180237,0.23564797639846802,-0.05591258034110069,0.29285550117492676,0.0,0.0,12.303882598876953,nan
10.371781349182129,3.0017566680908203,0.0,0.7971788048744202,0.026870720088481903,nan,nan,-2.0909063816070557,-0.6128128170967102,0.19059905409812927,-0.07102085649967194,0.1639096736907959,0.0,0.0,12.303882598876953,nan
10.372281074523926,3.0017566680908203,0.0,0.7778428792953491,0.008264705538749695,nan,nan,-2.089784622192383,-0.5535983443260193,0.17406046390533447,-0.09629406780004501,0.013546943664550781,0.0,0.0,12.303882598876953,nan
10.372780799865723,3.0017566680908203,0.0,0.7907334566116333,0.019428307190537453,nan,nan,-2.0833992958068848,-0.2741541862487793,0.13786889612674713,-0.06655938923358917,0.0630037784576416,0.0,0.0,12.303882598876953,nan
10.373279571533203,3.0017566680908203,0.0,0.8261827230453491,0.023149531334638596,nan,nan,-2.079219341278076,-0.09297094494104385,0.13904207944869995,-0.08695849031209946,-0.050714969635009766,0.0,0.0,12.303882598876953,nan
10.373780250549316,3.0017566680908203,0.0,0.7987900972366333,0.027800999581813812,nan,nan,-2.0827417373657227,-0.23850634694099426,0.12994767725467682,-0.09793459624052048,-0.13452768325805664,0.0,0.0,12.303882598876953,nan
10.374279975891113,3.0017566680908203,0.0,0.8004014492034912,0.02501012571156025,nan,nan,-2.080885410308838,-0.1547863930463791,0.23112773895263672,-0.07196199893951416,0.20907354354858398,0.0,0.0,12.303882598876953,nan
10.37477970123291,3.0017566680908203,0.0,0.7858995199203491,0.011055614799261093,nan,nan,-2.077031135559082,0.00970593374222517,0.11683056503534317,-0.07948645204305649,-0.09156537055969238,0.0,0.0,12.303882598876953,nan
10.375280380249023,3.0017566680908203,0.0,0.7987900972366333,0.018497992306947708,nan,nan,-2.073413133621216,0.1616205871105194,0.20273852348327637,-0.08025998622179031,0.1262497901916504,0.0,0.0,12.303882598876953,nan
10.37578010559082,3.0017566680908203,0.0,0.8132921457290649,0.030591942369937897,nan,nan,-2.0700149536132812,0.3005637526512146,0.1740681678056717,-0.1042950376868248,-0.04065442085266113,0.0,0.0,12.303882598876953,nan
10.376279830932617,3.0017566680908203,0.0,0.8165147304534912,0.02501012571156025,nan,nan,-2.0664114952087402,0.4466707408428192,0.1617444008588791,-0.06629140675067902,0.10724139213562012,0.0,0.0,12.303882598876953,nan
10.376779556274414,3.0017566680908203,0.0,0.7923448085784912,0.031522221863269806,nan,nan,-2.0647664070129395,0.5064906477928162,0.12607239186763763,-0.06084299087524414,0.044692039489746094,0.0,0.0,12.303882598876953,nan
10.377280235290527,3.0017566680908203,0.0,0.8326280117034912,0.019428307190537453,nan,nan,-2.0577776432037354,0.7899594306945801,0.2326701581478119,-0.07832971960306168,0.16318964958190918,0.0,0.0,12.303882598876953,nan
10.377779006958008,3.0017566680908203,0.0,0.8229600787162781,-0.0028988963458687067,nan,nan,-2.0579724311828613,0.7651118636131287,0.19764754176139832,-0.09059570729732513,0.05788064002990723,0.0,0.0,12.303882598876953,nan
10.378278732299805,3.0017566680908203,0.0,0.8294053673744202,0.023149531334638596,nan,nan,-2.051959276199341,1.0019322633743286,0.23467037081718445,-0.06172759085893631,0.22522592544555664,0.0,0.0,12.303882598876953,nan
10.378779411315918,3.0017566680908203,0.0,0.803624153137207,0.02501012571156025,nan,nan,-2.044605255126953,1.2906100749969482,0.2103428989648819,-0.05092566832900047,0.23769640922546387,0.0,0.0,12.303882598876953,nan
10.379279136657715,3.0017566680908203,0.0,0.8068467378616333,0.03059190884232521,nan,nan,-2.0428543090820312,1.3370797634124756,0.1977655589580536,-0.10225149244070053,-0.004697561264038086,0.0,0.0,12.303882598876953,nan
10.379778861999512,3.0017566680908203,0.0,0.7923448085784912,0.031522221863269806,nan,nan,-2.0461907386779785,1.1690828800201416,0.17465591430664062,-0.09305067360401154,-0.013788700103759766,0.0,0.0,12.303882598876953,nan
10.380278587341309,3.0017566680908203,0.0,0.8068467378616333,0.03059190884232521,nan,nan,-2.04060697555542,1.3794540166854858,0.19628028571605682,-0.057053834199905396,0.18817734718322754,0.0,0.0,12.303882598876953,nan
10.380779266357422,3.0017566680908203,0.0,0.8068467378616333,0.02314949594438076,nan,nan,-2.035818099975586,1.552157998085022,0.2154293954372406,-0.07154820114374161,0.14549040794372559,0.0,0.0,12.303882598876953,nan
10.381278991699219,3.0017566680908203,0.0,0.7907334566116333,0.039894916117191315,nan,nan,-2.035783052444458,1.520751714706421,0.14936275780200958,-0.06349378824234009,0.06380677223205566,0.0,0.0,12.303882598876953,nan
10.3817777633667,3.0017566680908203,0.0,0.803624153137207,0.02501012571156025,nan,nan,-2.0359973907470703,1.480781078338623,0.1742321103811264,-0.07629871368408203,0.05315899848937988,0.0,0.0,12.303882598876953,nan
10.382278442382812,3.0017566680908203,0.0,0.8020128011703491,0.020358622074127197,nan,nan,-2.0380237102508545,1.3638101816177368,0.15750034153461456,-0.1024012342095375,-0.10926628112792969,0.0,0.0,12.303882598876953,nan
10.38277816772461,3.0017566680908203,0.0,0.771397590637207,0.01942834071815014,nan,nan,-2.038651943206787,1.3090616464614868,0.16867667436599731,-0.08785096555948257,-0.011925935745239258,0.0,0.0,12.303882598876953,nan
10.383277893066406,3.0017566680908203,0.0,0.8020128011703491,0.0296616293489933,nan,nan,-2.0368525981903076,1.3570858240127563,0.16830427944660187,-0.08522158116102219,-0.002218484878540039,0.0,0.0,12.303882598876953,nan
10.383777618408203,3.0017566680908203,0.0,0.8004014492034912,0.02501012571156025,nan,nan,-2.0362164974212646,1.3552467823028564,0.14205799996852875,-0.08458078652620316,-0.07145452499389648,0.0,0.0,12.303882598876953,nan
10.384278297424316,3.0017566680908203,0.0,0.787510871887207,0.023149531334638596,nan,nan,-2.0337905883789062,1.4287116527557373,0.18357038497924805,-0.07539046555757523,0.07409286499023438,0.0,0.0,12.303882598876953,nan
10.384778022766113,3.0017566680908203,0.0,0.8165147304534912,0.03059190884232521,nan,nan,-2.0329017639160156,1.436183214187622,0.19810381531715393,-0.07308413088321686,0.10961461067199707,0.0,0.0,12.303882598876953,nan
10.38527774810791,3.0017566680908203,0.0,0.7939561605453491,0.026870720088481903,nan,nan,-2.02876353263855,1.5797450542449951,0.20730136334896088,-0.07122685015201569,0.12807583808898926,0.0,0.0,12.303882598876953,nan
10.385778427124023,3.0017566680908203,0.0,0.7923448085784912,0.0296616293489933,nan,nan,-2.0246195793151855,1.721089243888855,0.21597683429718018,-0.07675827294588089,0.11339354515075684,0.0,0.0,12.303882598876953,nan
10.386277198791504,3.0017566680908203,0.0,0.7971788048744202,0.023149531334638596,nan,nan,-2.0239381790161133,1.7130722999572754,0.1342298835515976,-0.09350437670946121,-0.15537667274475098,0.0,0.0,12.303882598876953,nan
10.3867769241333,3.0017566680908203,0.0,0.7810655236244202,0.013846523128449917,nan,nan,-2.0228757858276367,1.7214583158493042,0.1747751086950302,-0.0927530899643898,-0.035399436950683594,0.0,0.0,12.303882598876953,nan
10.387276649475098,3.0017566680908203,0.0,0.7939561605453491,0.02501012571156025,nan,nan,-2.0179083347320557,1.8939107656478882,0.23760943114757538,-0.07883351296186447,0.1279284954071045,0.0,0.0,12.303882598876953,nan
10.387777328491211,3.0017566680908203,0.0,0.7891222238540649,0.025940438732504845,nan,nan,-2.0175769329071045,1.8676228523254395,0.16884338855743408,-0.0975240096449852,-0.07670402526855469,0.0,0.0,12.303882598876953,nan
10.388277053833008,3.0017566680908203,0.0,0.8165147304534912,0.03059190884232521,nan,nan,-2.0137784481048584,1.987907886505127,0.18489018082618713,-0.08651319891214371,0.006016731262207031,0.0,0.0,12.303882598876953,nan
10.388776779174805,3.0017566680908203,0.0,0.7858995199203491,0.018498027697205544,nan,nan,-2.0139198303222656,1.9412566423416138,0.20756173133850098,-0.07660865038633347,0.09057164192199707,0.0,0.0,12.303882598876953,nan
10.389276504516602,3.0017566680908203,0.0,0.7971788048744202,0.028731314465403557,nan,nan,-2.01200008392334,1.980960726737976,0.20499272644519806,-0.09280858188867569,0.016803503036499023,0.0,0.0,12.303882598876953,nan
10.389777183532715,3.0017566680908203,0.0,0.7810655832290649,0.021288935095071793,nan,nan,-2.011537790298462,1.9587501287460327,0.16900286078453064,-0.09048658609390259,-0.050392866134643555,0.0,0.0,12.303882598876953,nan
10.390275955200195,3.0017566680908203,0.0,0.8132921457290649,0.030591942369937897,nan,nan,-2.007411479949951,2.0911688804626465,0.16698689758777618,-0.04792621359229088,0.15848183631896973,0.0,0.0,12.303882598876953,nan
10.390775680541992,3.0017566680908203,0.0,0.7858995199203491,0.011055614799261093,nan,nan,-2.0072526931762695,2.0538558959960938,0.15777051448822021,-0.09134899079799652,-0.08806180953979492,0.0,0.0,12.303882598876953,nan
10.391276359558105,3.0017566680908203,0.0,0.8100694417953491,0.015707118436694145,nan,nan,-2.002394914627075,2.2149040699005127,0.293924480676651,-0.07498692721128464,0.18330907821655273,0.0,0.0,12.303882598876953,nan
10.391776084899902,3.0017566680908203,0.0,0.7842881679534912,0.03059190884232521,nan,nan,-2.001849412918091,2.1901440620422363,0.13922785222530365,-0.09657034277915955,-0.17537736892700195,0.0,0.0,12.303882598876953,nan
10.3922758102417,3.0017566680908203,0.0,0.7520616054534912,0.015707118436694145,nan,nan,-2.0014209747314453,2.1619625091552734,0.22931304574012756,-0.11027133464813232,-0.016957998275756836,0.0,0.0,12.303882598876953,nan
10.392775535583496,3.0017566680908203,0.0,0.7810655832290649,0.021288935095071793,nan,nan,-1.996124267578125,2.338623523712158,0.17976005375385284,-0.0941946730017662,-0.05679440498352051,0.0,0.0,12.303882598876953,nan
10.39327621459961,3.0017566680908203,0.0,0.8326280117034912,0.019428307190537453,nan,nan,-1.992231845855713,2.4528989791870117,0.20360063016414642,-0.08192132413387299,0.03987836837768555,0.0,0.0,12.303882598876953,nan
10.393775939941406,3.0017566680908203,0.0,0.8004014492034912,0.04547673463821411,nan,nan,-1.993472695350647,2.3491787910461426,0.16649779677391052,-0.0914076566696167,-0.07894778251647949,0.0,0.0,12.303882598876953,nan
10.394274711608887,3.0017566680908203,0.0,0.7842881679534912,0.02501012571156025,nan,nan,-1.9978255033493042,2.118175506591797,0.21697428822517395,-0.07787265628576279,0.08350062370300293,0.0,0.0,12.303882598876953,nan
10.394775390625,3.0017566680908203,0.0,0.803624153137207,0.021288935095071793,nan,nan,-1.9941890239715576,2.2267813682556152,0.1964275985956192,-0.08012408763170242,0.03698611259460449,0.0,0.0,12.303882598876953,nan
10.395275115966797,3.0017566680908203,0.0,0.8261827230453491,0.023149531334638596,nan,nan,-1.9918787479400635,2.2774884700775146,0.1577000617980957,-0.04079433158040047,0.16941618919372559,0.0,0.0,12.303882598876953,nan
10.395774841308594,3.0017566680908203,0.0,0.7891222238540649,0.025940438732504845,nan,nan,-1.9909515380859375,2.268726110458374,0.20368458330631256,-0.07599332928657532,0.06408166885375977,0.0,0.0,12.303882598876953,nan
10.39627456665039,3.0017566680908203,0.0,0.8132921457290649,0.030591942369937897,nan,nan,-1.9877110719680786,2.357215642929077,0.19177187979221344,-0.08018741011619568,0.021745920181274414,0.0,0.0,12.303882598876953,nan
10.396775245666504,3.0017566680908203,0.0,0.7762315273284912,0.020358622074127197,nan,nan,-1.9895747900009155,2.2293808460235596,0.1389952450990677,-0.0799577385187149,-0.1029348373413086,0.0,0.0,12.303882598876953,nan
10.3972749710083,3.0017566680908203,0.0,0.7681748867034912,0.0175677128136158,nan,nan,-1.9856584072113037,2.347181558609009,0.2277880609035492,-0.08229677379131317,0.06923985481262207,0.0,0.0,12.303882598876953,nan
10.397774696350098,3.0017566680908203,0.0,0.7939561605453491,0.02501012571156025,nan,nan,-1.9864763021469116,2.2629003524780273,0.1396999955177307,-0.09029463678598404,-0.15802931785583496,0.0,0.0,12.303882598876953,nan
10.398275375366211,3.0017566680908203,0.0,0.787510871887207,0.023149531334638596,nan,nan,-1.9845746755599976,2.2955291271209717,0.21405231952667236,-0.0739462599158287,0.08226418495178223,0.0,0.0,12.303882598876953,nan
10.398774147033691,3.0017566680908203,0.0,0.8261827230453491,0.011985928751528263,nan,nan,-1.9843844175338745,2.254664182662964,0.15263865888118744,-0.08762537688016891,-0.10724449157714844,0.0,0.0,12.303882598876953,nan
10.399273872375488,3.0017566680908203,0.0,0.8294054269790649,0.030591942369937897,nan,nan,-1.9841818809509277,2.215412139892578,0.17988115549087524,-0.10964091122150421,-0.13382506370544434,0.0,0.0,12.303882598876953,nan
10.399773597717285,3.0017566680908203,0.0,0.8068467974662781,0.015707118436694145,nan,nan,-1.986148715019226,2.0874433517456055,0.12237357348203659,-0.0432451069355011,0.07668089866638184,0.0,0.0,12.303882598876953,nan
10.400274276733398,3.0017566680908203,0.0,0.787510871887207,0.028731347993016243,nan,nan,-1.9877419471740723,1.9757789373397827,0.15609440207481384,-0.09408322721719742,-0.12534642219543457,0.0,0.0,12.303882598876953,nan
10.400774002075195,3.0017566680908203,0.0,0.8004014492034912,0.02314949594438076,nan,nan,-1.987749457359314,1.9345332384109497,0.22596986591815948,-0.08549405634403229,0.056134939193725586,0.0,0.0,12.303882598876953,nan
10.401273727416992,3.0017566680908203,0.0,0.8390733003616333,0.02314949594438076,nan,nan,-1.9855529069900513,1.9864672422409058,0.18801303207874298,-0.07540580630302429,0.03413558006286621,0.0,0.0,12.303882598876953,nan
10.401774406433105,3.0017566680908203,0.0,0.8213487267494202,0.009195019491016865,nan,nan,-1.9890199899673462,1.7992464303970337,0.1628454476594925,-0.09162541478872299,-0.09407544136047363,0.0,0.0,12.303882598876953,nan
10.402274131774902,3.0017566680908203,0.0,0.8261827230453491,0.023149531334638596,nan,nan,-1.9863835573196411,1.8722716569900513,0.2042912244796753,-0.08315975964069366,0.029753923416137695,0.0,0.0,12.303882598876953,nan
10.402772903442383,3.0017566680908203,0.0,0.7971788048744202,0.023149531334638596,nan,nan,-1.986423373222351,1.8314557075500488,0.15331122279167175,-0.060192570090293884,0.042289018630981445,0.0,0.0,12.303882598876953,nan
10.40327262878418,3.0017566680908203,0.0,0.7842881679534912,0.021288901567459106,nan,nan,-1.9852303266525269,1.8430774211883545,0.20211562514305115,-0.0780194029211998,0.046852827072143555,0.0,0.0,12.303882598876953,nan
10.403773307800293,3.0017566680908203,0.0,0.8100694417953491,0.028731314465403557,nan,nan,-1.9822428226470947,1.9298264980316162,0.18557944893836975,-0.06810791790485382,0.06060338020324707,0.0,0.0,12.303882598876953,nan
10.40427303314209,3.0017566680908203,0.0,0.8004014492034912,0.02501012571156025,nan,nan,-1.98201322555542,1.8992382287979126,0.19383633136749268,-0.08510970324277878,-0.001893758773803711,0.0,0.0,12.303882598876953,nan
10.404772758483887,3.0017566680908203,0.0,0.787510871887207,0.028731347993016243,nan,nan,-1.9829111099243164,1.8216904401779175,0.20219378173351288,-0.08780661225318909,0.0030388832092285156,0.0,0.0,12.303882598876953,nan
10.4052734375,3.0017566680908203,0.0,0.7842881679534912,0.03059190884232521,nan,nan,-1.9810134172439575,1.863243579864502,0.19021445512771606,-0.08938276767730713,-0.028564453125,0.0,0.0,12.303882598876953,nan
10.405773162841797,3.0017566680908203,0.0,0.7842881679534912,0.02314949594438076,nan,nan,-1.9814707040786743,1.8047702312469482,0.16958028078079224,-0.09602652490139008,-0.10440182685852051,0.0,0.0,12.303882598876953,nan
10.406272888183594,3.0017566680908203,0.0,0.7778428792953491,0.030591942369937897,nan,nan,-1.9792866706848145,1.8585176467895508,0.1753929704427719,-0.0701502338051796,0.028757810592651367,0.0,0.0,12.303882598876953,nan
10.40677261352539,3.0017566680908203,0.0,0.7923448085784912,0.024079810827970505,nan,nan,-1.980772852897644,1.7565312385559082,0.16407352685928345,-0.08937530964612961,-0.08859443664550781,0.0,0.0,12.303882598876953,nan
10.407272338867188,3.0017566680908203,0.0,0.7923448085784912,0.009194985032081604,nan,nan,-1.9784711599349976,1.8162777423858643,0.19773758947849274,-0.07463127374649048,0.047583580017089844,0.0,0.0,12.303882598876953,nan
10.407772064208984,3.0017566680908203,0.0,0.8068467378616333,0.03059190884232521,nan,nan,-1.97685968875885,1.8454633951187134,0.21057261526584625,-0.08472473174333572,0.0242459774017334,0.0,0.0,12.303882598876953,nan
10.408271789550781,3.0017566680908203,0.0,0.803624153137207,0.023149531334638596,nan,nan,-1.9774150848388672,1.7834469079971313,0.17517243325710297,-0.08387051522731781,-0.03948664665222168,0.0,0.0,12.303882598876953,nan
10.408771514892578,3.0017566680908203,0.0,0.7907335162162781,0.026870720088481903,nan,nan,-1.9800132513046265,1.6368411779403687,0.17746353149414062,-0.09204067289829254,-0.06897830963134766,0.0,0.0,12.303882598876953,nan
10.409272193908691,3.0017566680908203,0.0,0.7826768755912781,0.031522221863269806,nan,nan,-1.977977991104126,1.6880335807800293,0.1910392791032791,-0.07241158932447433,0.04562711715698242,0.0,0.0,12.303882598876953,nan
10.409771919250488,3.0017566680908203,0.0,0.7826768755912781,0.0296616293489933,nan,nan,-1.9755252599716187,1.7556006908416748,0.17400529980659485,-0.06311856955289841,0.05757641792297363,0.0,0.0,12.303882598876953,nan
10.410271644592285,3.0017566680908203,0.0,0.7842881679534912,0.02501012571156025,nan,nan,-1.9743731021881104,1.7671823501586914,0.14544475078582764,-0.059514325112104416,0.015829801559448242,0.0,0.0,12.303882598876953,nan
10.410772323608398,3.0017566680908203,0.0,0.7923448085784912,0.0147768035531044,nan,nan,-1.9754085540771484,1.6862119436264038,0.16412504017353058,-0.09747277200222015,-0.13129210472106934,0.0,0.0,12.303882598876953,nan
10.411271095275879,3.0017566680908203,0.0,0.8132920861244202,0.03803431987762451,nan,nan,-1.9727911949157715,1.7605657577514648,0.18385452032089233,-0.04605763033032417,0.15778183937072754,0.0,0.0,12.303882598876953,nan
10.411770820617676,3.0017566680908203,0.0,0.7810655236244202,0.0175677128136158,nan,nan,-1.9737108945846558,1.6850801706314087,0.18060345947742462,-0.07330767065286636,0.01796579360961914,0.0,0.0,12.303882598876953,nan
10.412270545959473,3.0017566680908203,0.0,0.779454231262207,0.03152225911617279,nan,nan,-1.9717152118682861,1.7333709001541138,0.18628543615341187,-0.08022549003362656,-0.005178928375244141,0.0,0.0,12.303882598876953,nan
10.412771224975586,3.0017566680908203,0.0,0.8084580898284912,0.02594040520489216,nan,nan,-1.9706758260726929,1.7410770654678345,0.18652023375034332,-0.0621170811355114,0.07931303977966309,0.0,0.0,12.303882598876953,nan
10.413270950317383,3.0017566680908203,0.0,0.8020128011703491,0.03338281810283661,nan,nan,-1.9719890356063843,1.6493290662765503,0.16867735981941223,-0.10001647472381592,-0.1340339183807373,0.0,0.0,12.303882598876953,nan
10.41377067565918,3.0017566680908203,0.0,0.7810655236244202,0.02501012571156025,nan,nan,-1.974297285079956,1.5178184509277344,0.15990498661994934,-0.09019394963979721,-0.11001706123352051,0.0,0.0,12.303882598876953,nan
10.414271354675293,3.0017566680908203,0.0,0.8213487267494202,0.0296616293489933,nan,nan,-1.9732004404067993,1.5321815013885498,0.1979859173297882,-0.053369518369436264,0.1401975154876709,0.0,0.0,12.303882598876953,nan
10.41477108001709,3.0017566680908203,0.0,0.7826768755912781,0.0017526072915643454,nan,nan,-1.974172592163086,1.4591195583343506,0.18481603264808655,-0.09898116439580917,-0.08820033073425293,0.0,0.0,12.303882598876953,nan
10.41526985168457,3.0017566680908203,0.0,0.8100694417953491,0.021288935095071793,nan,nan,-1.9730850458145142,1.4735733270645142,0.24329142272472382,-0.08175847679376602,0.07891511917114258,0.0,0.0,12.303882598876953,nan
10.415769577026367,3.0017566680908203,0.0,0.7939561605453491,0.019428307190537453,nan,nan,-1.9712738990783691,1.5184351205825806,0.2023465782403946,-0.09337276965379715,-0.03148245811462402,0.0,0.0,12.303882598876953,nan
10.41627025604248,3.0017566680908203,0.0,0.8487412929534912,0.03617372736334801,nan,nan,-1.971114993095398,1.494072437286377,0.23312827944755554,-0.06769607216119766,0.11870408058166504,0.0,0.0,12.303882598876953,nan
10.416769981384277,3.0017566680908203,0.0,0.7810655236244202,0.02501012571156025,nan,nan,-1.97471022605896,1.312036395072937,0.16588307917118073,-0.09515997767448425,-0.11696219444274902,0.0,0.0,12.303882598876953,nan
10.417269706726074,3.0017566680908203,0.0,0.8004014492034912,0.02501012571156025,nan,nan,-1.9731744527816772,1.3489137887954712,0.1860424429178238,-0.09027136117219925,-0.049131155014038086,0.0,0.0,12.303882598876953,nan
10.417770385742188,3.0017566680908203,0.0,0.7923448085784912,0.024079810827970505,nan,nan,-1.9739370346069336,1.2883810997009277,0.17697691917419434,-0.08372227847576141,-0.038461923599243164,0.0,0.0,12.303882598876953,nan
10.418270111083984,3.0017566680908203,0.0,0.811680793762207,0.0426858589053154,nan,nan,-1.97458016872406,1.233790397644043,0.19398550689220428,-0.10011684149503708,-0.07255673408508301,0.0,0.0,12.303882598876953,nan
10.418769836425781,3.0017566680908203,0.0,0.7923448085784912,0.0147768035531044,nan,nan,-1.9779024124145508,1.0687958002090454,0.17438586056232452,-0.08905407786369324,-0.06495833396911621,0.0,0.0,12.303882598876953,nan
10.419269561767578,3.0017566680908203,0.0,0.8084580898284912,0.02221921645104885,nan,nan,-1.9782708883285522,1.0307600498199463,0.16982483863830566,-0.08294650912284851,-0.04672122001647949,0.0,0.0,12.303882598876953,nan
10.419769287109375,3.0017566680908203,0.0,0.7778428792953491,0.023149531334638596,nan,nan,-1.9826864004135132,0.8231250643730164,0.12595528364181519,-0.09486088901758194,-0.23431777954101562,0.0,0.0,12.303882598876953,nan
10.420269012451172,3.0017566680908203,0.0,0.8261827230453491,0.023149531334638596,nan,nan,-1.9794669151306152,0.9414299130439758,0.18772493302822113,-0.07252565026283264,0.04047846794128418,0.0,0.0,12.303882598876953,nan
10.420768737792969,3.0017566680908203,0.0,0.787510871887207,0.021288935095071793,nan,nan,-1.9829498529434204,0.7754114866256714,0.16361229121685028,-0.09203717112541199,-0.10042166709899902,0.0,0.0,12.303882598876953,nan
10.421269416809082,3.0017566680908203,0.0,0.7987900972366333,0.018497992306947708,nan,nan,-1.9811590909957886,0.8342831134796143,0.21392077207565308,-0.08604749292135239,0.02832341194152832,0.0,0.0,12.303882598876953,nan
10.421769142150879,3.0017566680908203,0.0,0.7891222238540649,0.025940438732504845,nan,nan,-1.981374979019165,0.8071295022964478,0.15514282882213593,-0.0871550589799881,-0.10141348838806152,0.0,0.0,12.303882598876953,nan
10.422268867492676,3.0017566680908203,0.0,0.8326280117034912,0.026870720088481903,nan,nan,-1.9779422283172607,0.9345540404319763,0.22557953000068665,-0.09368026256561279,0.013900518417358398,0.0,0.0,12.303882598876953,nan
10.422768592834473,3.0017566680908203,0.0,0.7746202349662781,0.0175677128136158,nan,nan,-1.9802141189575195,0.8192379474639893,0.135832279920578,-0.09447264671325684,-0.19884657859802246,0.0,0.0,12.303882598876953,nan
10.423269271850586,3.0017566680908203,0.0,0.787510871887207,0.01942834071815014,nan,nan,-1.9772779941558838,0.9258325695991516,0.2044668346643448,-0.04070201888680458,0.21117806434631348,0.0,0.0,12.303882598876953,nan
10.423768043518066,3.0017566680908203,0.0,0.7971788048744202,0.023149531334638596,nan,nan,-1.9759384393692017,0.9617364406585693,0.12392876297235489,-0.06484267860651016,-0.07691383361816406,0.0,0.0,12.303882598876953,nan
10.424267768859863,3.0017566680908203,0.0,0.8068467378616333,0.02314949594438076,nan,nan,-1.974133014678955,1.0173181295394897,0.23040492832660675,-0.09948277473449707,-0.003934621810913086,0.0,0.0,12.303882598876953,nan
10.424768447875977,3.0017566680908203,0.0,0.7987900972366333,0.03524341061711311,nan,nan,-1.9726526737213135,1.0581802129745483,0.16468502581119537,-0.06742436438798904,0.013670682907104492,0.0,0.0,12.303882598876953,nan
10.425268173217773,3.0017566680908203,0.0,0.8004014492034912,0.015707118436694145,nan,nan,-1.9732553958892822,1.0107064247131348,0.19881457090377808,-0.07777376472949982,0.03003525733947754,0.0,0.0,12.303882598876953,nan
10.42576789855957,3.0017566680908203,0.0,0.7939561605453491,0.02501012571156025,nan,nan,-1.9776461124420166,0.8041483759880066,0.14650090038776398,-0.09509138017892838,-0.16932129859924316,0.0,0.0,12.303882598876953,nan
10.426267623901367,3.0017566680908203,0.0,0.8229600191116333,0.032452501356601715,nan,nan,-1.9793869256973267,0.7140960693359375,0.15824081003665924,-0.08066405355930328,-0.06285548210144043,0.0,0.0,12.303882598876953,nan
10.42676830291748,3.0017566680908203,0.0,0.787510871887207,0.0324525386095047,nan,nan,-1.97970712184906,0.686079740524292,0.1283828169107437,-0.07904629409313202,-0.14334940910339355,0.0,0.0,12.303882598876953,nan
10.427268028259277,3.0017566680908203,0.0,0.8455186486244202,0.023149531334638596,nan,nan,-1.9853073358535767,0.4352661967277527,0.13058508932590485,-0.09681534767150879,-0.22425413131713867,0.0,0.0,12.303882598876953,nan
10.427767753601074,3.0017566680908203,0.0,0.7939561605453491,0.019428307190537453,nan,nan,-1.9895151853561401,0.25074222683906555,0.21243888139724731,-0.08390862494707108,0.042812347412109375,0.0,0.0,12.303882598876953,nan
10.428266525268555,3.0017566680908203,0.0,0.803624153137207,0.0324525386095047,nan,nan,-1.9885646104812622,0.28534406423568726,0.22230657935142517,-0.08248051255941391,0.06284832954406738,0.0,0.0,12.303882598876953,nan
10.428767204284668,3.0017566680908203,0.0,0.7730088829994202,0.018498027697205544,nan,nan,-1.9890964031219482,0.25697359442710876,0.17511095106601715,-0.09822524338960648,-0.0932013988494873,0.0,0.0,12.303882598876953,nan
10.429266929626465,3.0017566680908203,0.0,0.8390733003616333,0.004543481860309839,nan,nan,-1.990918755531311,0.17447131872177124,0.15333598852157593,-0.08443396538496017,-0.08350825309753418,0.0,0.0,12.303882598876953,nan
10.429766654968262,3.0017566680908203,0.0,0.7842881679534912,0.019428307190537453,nan,nan,-1.9923678636550903,0.10976047068834305,0.16101720929145813,-0.09587123245000839,-0.11591410636901855,0.0,0.0,12.303882598876953,nan
10.430267333984375,3.0017566680908203,0.0,0.8004014492034912,0.034313131123781204,nan,nan,-1.992031455039978,0.12160668522119522,0.18691183626651764,-0.10911882668733597,-0.10759568214416504,0.0,0.0,12.303882598876953,nan
10.430767059326172,3.0017566680908203,0.0,0.7842881679534912,0.02314949594438076,nan,nan,-1.9958537817001343,-0.04123695567250252,0.1340368390083313,-0.0773199051618576,-0.09859657287597656,0.0,0.0,12.303882598876953,nan
10.431266784667969,3.0017566680908203,0.0,0.7971788048744202,0.023149531334638596,nan,nan,-1.9983216524124146,-0.1437150239944458,0.22100725769996643,-0.08958464115858078,0.04254794120788574,0.0,0.0,12.303882598876953,nan
10.431766510009766,3.0017566680908203,0.0,0.7971788048744202,0.019428307190537453,nan,nan,-2.0048534870147705,-0.4162788689136505,0.10237047076225281,-0.07690393179655075,-0.21125411987304688,0.0,0.0,12.303882598876953,nan
10.432266235351562,3.0017566680908203,0.0,0.7585068941116333,0.019428307190537453,nan,nan,-2.0043396949768066,-0.38598111271858215,0.2125568985939026,-0.058478426188230515,0.16563057899475098,0.0,0.0,12.303882598876953,nan
10.43276596069336,3.0017566680908203,0.0,0.7649522423744202,0.019428307190537453,nan,nan,-2.007309913635254,-0.5037234425544739,0.16550327837467194,-0.0487213060259819,0.1506805419921875,0.0,0.0,12.303882598876953,nan
10.433265686035156,3.0017566680908203,0.0,0.7971788048744202,0.023149531334638596,nan,nan,-2.00728702545166,-0.4934292733669281,0.12108610570430756,-0.084315225481987,-0.17265081405639648,0.0,0.0,12.303882598876953,nan
10.43376636505127,3.0017566680908203,0.0,0.7778428792953491,0.026870720088481903,nan,nan,-2.014155387878418,-0.7723264098167419,0.10290691256523132,-0.08789713680744171,-0.26490020751953125,0.0,0.0,12.303882598876953,nan
10.434266090393066,3.0017566680908203,0.0,0.7891221642494202,0.020358622074127197,nan,nan,-2.0165300369262695,-0.855027437210083,0.19177448749542236,-0.0450449101626873,0.21564793586730957,0.0,0.0,12.303882598876953,nan
10.434765815734863,3.0017566680908203,0.0,0.7907335162162781,0.026870720088481903,nan,nan,-2.0208277702331543,-1.0193308591842651,0.11537308990955353,-0.10039449483156204,-0.2675166130065918,0.0,0.0,12.303882598876953,nan
10.43526554107666,3.0017566680908203,0.0,0.811680793762207,0.0445464551448822,nan,nan,-2.0218160152435303,-1.0398527383804321,0.08646413683891296,-0.06837593764066696,-0.21935105323791504,0.0,0.0,12.303882598876953,nan
10.435766220092773,3.0017566680908203,0.0,0.819737434387207,0.011985928751528263,nan,nan,-2.023242950439453,-1.07738196849823,0.16103751957416534,-0.08516816049814224,-0.03453421592712402,0.0,0.0,12.303882598876953,nan
10.436264991760254,3.0017566680908203,0.0,0.771397590637207,0.023149531334638596,nan,nan,-2.0207526683807373,-0.9499949812889099,0.2341938614845276,-0.07825319468975067,0.12769865989685059,0.0,0.0,12.303882598876953,nan
10.43676471710205,3.0017566680908203,0.0,0.7842881679534912,0.02314949594438076,nan,nan,-2.0234012603759766,-1.0424294471740723,0.11525453627109528,-0.09273165464401245,-0.22621703147888184,0.0,0.0,12.303882598876953,nan
10.437265396118164,3.0017566680908203,0.0,0.8326280117034912,0.026870720088481903,nan,nan,-2.023275375366211,-1.0151455402374268,0.16297221183776855,-0.07995612919330597,-0.003984928131103516,0.0,0.0,12.303882598876953,nan
10.437765121459961,3.0017566680908203,0.0,0.8068467378616333,0.02314949594438076,nan,nan,-2.0236902236938477,-1.0114964246749878,0.11560624092817307,-0.08022896945476532,-0.1547679901123047,0.0,0.0,12.303882598876953,nan
10.438264846801758,3.0017566680908203,0.0,0.7939561605453491,0.028731314465403557,nan,nan,-2.0211713314056396,-0.8837891817092896,0.21158240735530853,-0.080101378262043,0.08854317665100098,0.0,0.0,12.303882598876953,nan
10.438764572143555,3.0017566680908203,0.0,0.7907335162162781,0.026870720088481903,nan,nan,-2.025787115097046,-1.0594252347946167,0.13435326516628265,-0.07656965404748917,-0.06363105773925781,0.0,0.0,12.303882598876953,nan
10.439265251159668,3.0017566680908203,0.0,0.787510871887207,0.028731347993016243,nan,nan,-2.0274386405944824,-1.106178641319275,0.18004827201366425,-0.07154609262943268,0.07836270332336426,0.0,0.0,12.303882598876953,nan
10.439764976501465,3.0017566680908203,0.0,0.7810655236244202,0.02501012571156025,nan,nan,-2.028595447540283,-1.1319187879562378,0.13473960757255554,-0.08565564453601837,-0.10930109024047852,0.0,0.0,12.303882598876953,nan
10.440264701843262,3.0017566680908203,0.0,0.8245713710784912,0.02594040520489216,nan,nan,-2.0281686782836914,-1.0903769731521606,0.17261625826358795,-0.08998510241508484,-0.023633480072021484,0.0,0.0,12.303882598876953,nan
10.440764427185059,3.0017566680908203,0.0,0.7746201753616333,0.021288901567459106,nan,nan,-2.0345041751861572,-1.3340723514556885,0.10912767797708511,-0.08987196534872055,-0.22662067413330078,0.0,0.0,12.303882598876953,nan
10.441264152526855,3.0017566680908203,0.0,0.8100694417953491,0.0045435163192451,nan,nan,-2.035007953643799,-1.3272455930709839,0.17907439172267914,-0.07146679610013962,0.08440065383911133,0.0,0.0,12.303882598876953,nan
10.441763877868652,3.0017566680908203,0.0,0.8181260824203491,0.024079810827970505,nan,nan,-2.034714698791504,-1.2872103452682495,0.21183238923549652,-0.07504472136497498,0.12353706359863281,0.0,0.0,12.303882598876953,nan
10.44226360321045,3.0017566680908203,0.0,0.7842881679534912,0.03059190884232521,nan,nan,-2.0342600345611572,-1.2414839267730713,0.12213516235351562,-0.08435622602701187,-0.14198708534240723,0.0,0.0,12.303882598876953,nan
10.442764282226562,3.0017566680908203,0.0,0.803624153137207,0.023149531334638596,nan,nan,-2.037473440170288,-1.3495420217514038,0.16141262650489807,-0.0804927721619606,0.0036537647247314453,0.0,0.0,12.303882598876953,nan
10.44326400756836,3.0017566680908203,0.0,0.7939561605453491,0.02501012571156025,nan,nan,-2.0340018272399902,-1.1748147010803223,0.2136256992816925,-0.0724237933754921,0.13652348518371582,0.0,0.0,12.303882598876953,nan
10.443763732910156,3.0017566680908203,0.0,0.7778428792953491,0.026870720088481903,nan,nan,-2.0357666015625,-1.2247053384780884,0.18029028177261353,-0.05670637637376785,0.16050171852111816,0.0,0.0,12.303882598876953,nan
10.44426441192627,3.0017566680908203,0.0,0.7649522423744202,0.015707118436694145,nan,nan,-2.034879207611084,-1.1621036529541016,0.2614642381668091,-0.09110991656780243,0.12893223762512207,0.0,0.0,12.303882598876953,nan
10.44476318359375,3.0017566680908203,0.0,0.7987900972366333,0.027800999581813812,nan,nan,-2.037114143371582,-1.2329297065734863,0.14566642045974731,-0.10141614079475403,-0.14287662506103516,0.0,0.0,12.303882598876953,nan
10.445262908935547,3.0017566680908203,0.0,0.7923448085784912,0.02594040520489216,nan,nan,-2.0398716926574707,-1.3226723670959473,0.18321919441223145,-0.08380540460348129,0.03980588912963867,0.0,0.0,12.303882598876953,nan
10.445762634277344,3.0017566680908203,0.0,0.7858995199203491,0.025940438732504845,nan,nan,-2.043119430541992,-1.4318885803222656,0.18286821246147156,-0.0793602466583252,0.06265997886657715,0.0,0.0,12.303882598876953,nan
10.446263313293457,3.0017566680908203,0.0,0.7762315273284912,0.012916209176182747,nan,nan,-2.0396273136138916,-1.2544134855270386,0.26681065559387207,-0.04239694029092789,0.3121330738067627,0.0,0.0,12.303882598876953,nan
10.446763038635254,3.0017566680908203,0.0,0.7858995199203491,0.027801034972071648,nan,nan,-2.040480613708496,-1.264920949935913,0.15521804988384247,-0.08598586171865463,-0.036775827407836914,0.0,0.0,12.303882598876953,nan
10.44726276397705,3.0017566680908203,0.0,0.7939561605453491,0.02501012571156025,nan,nan,-2.041919708251953,-1.300028920173645,0.10793846845626831,-0.10659274458885193,-0.30973100662231445,0.0,0.0,12.303882598876953,nan
10.447763442993164,3.0017566680908203,0.0,0.7810655832290649,0.021288935095071793,nan,nan,-2.049107551574707,-1.5755523443222046,0.08425306528806686,-0.10924030840396881,-0.43787050247192383,0.0,0.0,12.303882598876953,nan
10.448263168334961,3.0017566680908203,0.0,0.7778428792953491,0.015707118436694145,nan,nan,-2.0514490604400635,-1.639746069908142,0.20519238710403442,-0.0695943683385849,0.15375828742980957,0.0,0.0,12.303882598876953,nan
10.448762893676758,3.0017566680908203,0.0,0.7810655236244202,0.02501012571156025,nan,nan,-2.052006483078003,-1.6299644708633423,0.10975582897663116,-0.08842046558856964,-0.19831538200378418,0.0,0.0,12.303882598876953,nan
10.449261665344238,3.0017566680908203,0.0,0.763340950012207,0.020358622074127197,nan,nan,-2.0509819984436035,-1.5528277158737183,0.1773734837770462,-0.08121675252914429,0.05048704147338867,0.0,0.0,12.303882598876953,nan
10.449762344360352,3.0017566680908203,0.0,0.7923448085784912,0.024079810827970505,nan,nan,-2.0522897243499756,-1.576191782951355,0.11503433436155319,-0.08418845385313034,-0.15145254135131836,0.0,0.0,12.303882598876953,nan
10.450262069702148,3.0017566680908203,0.0,0.7891222238540649,0.025940438732504845,nan,nan,-2.0504751205444336,-1.4663841724395752,0.20925398170948029,-0.0841841772198677,0.09710335731506348,0.0,0.0,12.303882598876953,nan
10.450761795043945,3.0017566680908203,0.0,0.787510871887207,0.01012533437460661,nan,nan,-2.052649974822998,-1.5275709629058838,0.12254522740840912,-0.09294559061527252,-0.16825246810913086,0.0,0.0,12.303882598876953,nan
10.451261520385742,3.0017566680908203,0.0,0.787510871887207,0.0324525386095047,nan,nan,-2.0520565509796143,-1.4713237285614014,0.14964838325977325,-0.10115828365087509,-0.11412549018859863,0.0,0.0,12.303882598876953,nan
10.451762199401855,3.0017566680908203,0.0,0.7923448085784912,0.024079810827970505,nan,nan,-2.056438684463501,-1.6251797676086426,0.1274205893278122,-0.10106927156448364,-0.18625545501708984,0.0,0.0,12.303882598876953,nan
10.452261924743652,3.0017566680908203,0.0,0.8390733003616333,0.02314949594438076,nan,nan,-2.0549967288970947,-1.5297611951828003,0.1803964227437973,-0.06855250149965286,0.12104082107543945,0.0,0.0,12.303882598876953,nan
10.45276165008545,3.0017566680908203,0.0,0.7810655236244202,0.02501012571156025,nan,nan,-2.060898780822754,-1.7460016012191772,0.124897301197052,-0.08971402794122696,-0.13394403457641602,0.0,0.0,12.303882598876953,nan
10.453261375427246,3.0017566680908203,0.0,0.7488390207290649,0.039894949644804,nan,nan,-2.058483839035034,-1.6075035333633423,0.19079484045505524,-0.06761433929204941,0.14719367027282715,0.0,0.0,12.303882598876953,nan
10.453761100769043,3.0017566680908203,0.0,0.7762315273284912,0.02594040520489216,nan,nan,-2.060544490814209,-1.661430835723877,0.10480339825153351,-0.08974866569042206,-0.2198960781097412,0.0,0.0,12.303882598876953,nan
10.45426082611084,3.0017566680908203,0.0,0.8004014492034912,0.021288901567459106,nan,nan,-2.062427043914795,-1.7054153680801392,0.17272372543811798,-0.07892314344644547,0.06272029876708984,0.0,0.0,12.303882598876953,nan
10.454760551452637,3.0017566680908203,0.0,0.7842881679534912,0.019428307190537453,nan,nan,-2.0659472942352295,-1.8182287216186523,0.12900251150131226,-0.09474264830350876,-0.1394968032836914,0.0,0.0,12.303882598876953,nan
10.45526123046875,3.0017566680908203,0.0,0.7649522423744202,0.010125299915671349,nan,nan,-2.067789316177368,-1.857193112373352,0.1900109350681305,-0.08553928881883621,0.07367777824401855,0.0,0.0,12.303882598876953,nan
10.455760955810547,3.0017566680908203,0.0,0.7810655236244202,0.02501012571156025,nan,nan,-2.0673396587371826,-1.8004399538040161,0.11240100860595703,-0.07966301590204239,-0.12113094329833984,0.0,0.0,12.303882598876953,nan
10.456260681152344,3.0017566680908203,0.0,0.7907335162162781,0.026870720088481903,nan,nan,-2.063622236251831,-1.6060125827789307,0.23574651777744293,-0.0641927719116211,0.22739124298095703,0.0,0.0,12.303882598876953,nan
10.456761360168457,3.0017566680908203,0.0,0.7939561605453491,0.02501012571156025,nan,nan,-2.0631165504455566,-1.5511661767959595,0.20728912949562073,-0.07051075994968414,0.1646130084991455,0.0,0.0,12.303882598876953,nan
10.457260131835938,3.0017566680908203,0.0,0.7681748867034912,0.021288901567459106,nan,nan,-2.062422037124634,-1.490461826324463,0.1698032170534134,-0.09638573974370956,-0.025255918502807617,0.0,0.0,12.303882598876953,nan
10.457759857177734,3.0017566680908203,0.0,0.7891222238540649,0.025940438732504845,nan,nan,-2.0598809719085693,-1.3533647060394287,0.13393200933933258,-0.08802413940429688,-0.09319734573364258,0.0,0.0,12.303882598876953,nan
10.458259582519531,3.0017566680908203,0.0,0.8213487267494202,0.038964636623859406,nan,nan,-2.0615787506103516,-1.3959870338439941,0.20146340131759644,-0.07555671036243439,0.1320641040802002,0.0,0.0,12.303882598876953,nan
10.458760261535645,3.0017566680908203,0.0,0.7762315273284912,0.018497992306947708,nan,nan,-2.063655138015747,-1.4536453485488892,0.13922597467899323,-0.08195746690034866,-0.039835453033447266,0.0,0.0,12.303882598876953,nan
10.459259986877441,3.0017566680908203,0.0,0.7939561605453491,0.02501012571156025,nan,nan,-2.0620219707489014,-1.355177402496338,0.15141016244888306,-0.09772735834121704,-0.08274054527282715,0.0,0.0,12.303882598876953,nan
10.459759712219238,3.0017566680908203,0.0,0.7810655236244202,0.02501012571156025,nan,nan,-2.065749168395996,-1.4839972257614136,0.09945139288902283,-0.08353675901889801,-0.20504522323608398,0.0,0.0,12.303882598876953,nan
10.460260391235352,3.0017566680908203,0.0,0.787510871887207,0.028731347993016243,nan,nan,-2.0641210079193115,-1.3842296600341797,0.1456630676984787,-0.09825067222118378,-0.10096979141235352,0.0,0.0,12.303882598876953,nan
10.460760116577148,3.0017566680908203,0.0,0.8261827230453491,0.011985928751528263,nan,nan,-2.0663046836853027,-1.4473356008529663,0.12852531671524048,-0.09342268854379654,-0.13407540321350098,0.0,0.0,12.303882598876953,nan
10.461259841918945,3.0017566680908203,0.0,0.8261827230453491,0.023149531334638596,nan,nan,-2.064490556716919,-1.3394981622695923,0.17758889496326447,-0.08545219153165817,0.04495739936828613,0.0,0.0,12.303882598876953,nan
10.461758613586426,3.0017566680908203,0.0,0.7907335162162781,0.034313131123781204,nan,nan,-2.0676727294921875,-1.445916771888733,0.10685312747955322,-0.09152966737747192,-0.21280503273010254,0.0,0.0,12.303882598876953,nan
10.462259292602539,3.0017566680908203,0.0,0.7681748867034912,0.021288901567459106,nan,nan,-2.070472240447998,-1.5324536561965942,0.1724785417318344,-0.10274962335824966,-0.03826451301574707,0.0,0.0,12.303882598876953,nan
10.462759017944336,3.0017566680908203,0.0,0.7987901568412781,0.020358622074127197,nan,nan,-2.066818952560425,-1.3470877408981323,0.15273787081241608,-0.08069566637277603,0.009561300277709961,0.0,0.0,12.303882598876953,nan
10.463258743286133,3.0017566680908203,0.0,0.7649523019790649,0.021288935095071793,nan,nan,-2.0665321350097656,-1.306046962738037,0.28345778584480286,-0.08521093428134918,0.20413589477539062,0.0,0.0,12.303882598876953,nan
10.463759422302246,3.0017566680908203,0.0,0.803624153137207,0.01942834071815014,nan,nan,-2.0667285919189453,-1.2876980304718018,0.13312001526355743,-0.08294184505939484,-0.06195974349975586,0.0,0.0,12.303882598876953,nan
10.464259147644043,3.0017566680908203,0.0,0.7987901568412781,0.050128236413002014,nan,nan,-2.06368088722229,-1.1323647499084473,0.20003773272037506,-0.05178230255842209,0.24020957946777344,0.0,0.0,12.303882598876953,nan
10.46475887298584,3.0017566680908203,0.0,0.7778428792953491,0.015707118436694145,nan,nan,-2.061160087585449,-1.0031278133392334,0.14413468539714813,-0.08323557674884796,-0.03381156921386719,0.0,0.0,12.303882598876953,nan
10.465258598327637,3.0017566680908203,0.0,0.8342393636703491,0.025940438732504845,nan,nan,-2.0561347007751465,-0.771215558052063,0.20678502321243286,-0.08921550214290619,0.0780947208404541,0.0,0.0,12.303882598876953,nan
10.465758323669434,3.0017566680908203,0.0,0.819737434387207,0.02687075361609459,nan,nan,-2.0609536170959473,-0.9568159580230713,0.2123808115720749,-0.11184510588645935,0.005139350891113281,0.0,0.0,12.303882598876953,nan
10.46625804901123,3.0017566680908203,0.0,0.8004014492034912,0.015707118436694145,nan,nan,-2.0576207637786865,-0.7961270213127136,0.1976443976163864,-0.05159736052155495,0.23216795921325684,0.0,0.0,12.303882598876953,nan
10.466757774353027,3.0017566680908203,0.0,0.7891221642494202,0.02221921645104885,nan,nan,-2.0605266094207764,-0.9031131267547607,0.13682086765766144,-0.09403365105390549,-0.11317896842956543,0.0,0.0,12.303882598876953,nan
10.467257499694824,3.0017566680908203,0.0,0.8261827230453491,0.023149531334638596,nan,nan,-2.059821128845215,-0.8546378016471863,0.15318137407302856,-0.10667266696691513,-0.1200554370880127,0.0,0.0,12.303882598876953,nan
10.467758178710938,3.0017566680908203,0.0,0.7939561605453491,0.02501012571156025,nan,nan,-2.0657894611358643,-1.0872199535369873,0.1379777491092682,-0.09826411306858063,-0.1247406005859375,0.0,0.0,12.303882598876953,nan
10.468257904052734,3.0017566680908203,0.0,0.7907334566116333,0.021288901567459106,nan,nan,-2.063833236694336,-0.9819875359535217,0.14033159613609314,-0.06707759201526642,0.04701852798461914,0.0,0.0,12.303882598876953,nan
10.468757629394531,3.0017566680908203,0.0,0.7923448085784912,0.0073343911208212376,nan,nan,-2.058541774749756,-0.7387299537658691,0.23877866566181183,-0.07113825529813766,0.1987779140472412,0.0,0.0,12.303882598876953,nan
10.469258308410645,3.0017566680908203,0.0,0.787510871887207,0.023149531334638596,nan,nan,-2.0530548095703125,-0.49292677640914917,0.24914754927158356,-0.06761106848716736,0.2180182933807373,0.0,0.0,12.303882598876953,nan
10.469758033752441,3.0017566680908203,0.0,0.7842881679534912,0.02314949594438076,nan,nan,-2.05484938621521,-0.5591365694999695,0.12449867278337479,-0.0902336835861206,-0.14389705657958984,0.0,0.0,12.303882598876953,nan
10.470256805419922,3.0017566680908203,0.0,0.7858995199203491,0.02221921645104885,nan,nan,-2.052908182144165,-0.4659743309020996,0.16688556969165802,-0.07976730912923813,0.036234378814697266,0.0,0.0,12.303882598876953,nan
10.470756530761719,3.0017566680908203,0.0,0.7746202349662781,0.02501012571156025,nan,nan,-2.0512959957122803,-0.3890533447265625,0.12918394804000854,-0.08661395311355591,-0.11072421073913574,0.0,0.0,12.303882598876953,nan
10.471257209777832,3.0017566680908203,0.0,0.8261827230453491,0.023149531334638596,nan,nan,-2.0515635013580322,-0.3924071490764618,0.1438155323266983,-0.05445600301027298,0.11916661262512207,0.0,0.0,12.303882598876953,nan
10.471756935119629,3.0017566680908203,0.0,0.795567512512207,0.022219249978661537,nan,nan,-2.0552892684936523,-0.5404272079467773,0.14508718252182007,-0.09245772659778595,-0.08340048789978027,0.0,0.0,12.303882598876953,nan
10.472256660461426,3.0017566680908203,0.0,0.7939561605453491,0.0324525386095047,nan,nan,-2.051832437515259,-0.38422662019729614,0.17154112458229065,-0.08443789184093475,0.023593425750732422,0.0,0.0,12.303882598876953,nan
10.472757339477539,3.0017566680908203,0.0,0.819737434387207,0.02687075361609459,nan,nan,-2.0477259159088135,-0.2038242369890213,0.19768407940864563,-0.08682158589363098,0.06329512596130371,0.0,0.0,12.303882598876953,nan
10.473257064819336,3.0017566680908203,0.0,0.7923448085784912,0.02221921645104885,nan,nan,-2.049387216567993,-0.2692752480506897,0.1886657178401947,-0.10347283631563187,-0.02324509620666504,0.0,0.0,12.303882598876953,nan
10.473756790161133,3.0017566680908203,0.0,0.8165147304534912,0.02501012571156025,nan,nan,-2.044861078262329,-0.07369601726531982,0.20427091419696808,-0.08369624614715576,0.08553051948547363,0.0,0.0,12.303882598876953,nan
10.474255561828613,3.0017566680908203,0.0,0.7826768755912781,0.0296616293489933,nan,nan,-2.041325807571411,0.07642995566129684,0.23376096785068512,-0.09314976632595062,0.09174084663391113,0.0,0.0,12.303882598876953,nan
10.474756240844727,3.0017566680908203,0.0,0.8068467974662781,0.008264705538749695,nan,nan,-2.0455482006073,-0.10338463634252548,0.1570921540260315,-0.09258566051721573,-0.05809354782104492,0.0,0.0,12.303882598876953,nan
10.475255966186523,3.0017566680908203,0.0,0.8213487863540649,0.025940438732504845,nan,nan,-2.043614625930786,-0.020599698647856712,0.16416782140731812,-0.1055128201842308,-0.09883761405944824,0.0,0.0,12.303882598876953,nan
10.47575569152832,3.0017566680908203,0.0,0.7778428792953491,0.023149531334638596,nan,nan,-2.047532796859741,-0.18458424508571625,0.1293293535709381,-0.08972734957933426,-0.1304161548614502,0.0,0.0,12.303882598876953,nan
10.476256370544434,3.0017566680908203,0.0,0.8261827230453491,0.023149531334638596,nan,nan,-2.047247886657715,-0.1697961390018463,0.18577107787132263,-0.10855819284915924,-0.05266928672790527,0.0,0.0,12.303882598876953,nan
10.47675609588623,3.0017566680908203,0.0,0.8213487267494202,0.009195019491016865,nan,nan,-2.0497353076934814,-0.270380437374115,0.13090714812278748,-0.08032550662755966,-0.07181596755981445,0.0,0.0,12.303882598876953,nan
10.477255821228027,3.0017566680908203,0.0,0.8326280117034912,0.034313131123781204,nan,nan,-2.052487850189209,-0.38026943802833557,0.18087394535541534,-0.10503465682268143,-0.04473447799682617,0.0,0.0,12.303882598876953,nan
10.477755546569824,3.0017566680908203,0.0,0.7810655236244202,0.02501012571156025,nan,nan,-2.056259870529175,-0.5306310057640076,0.10712572187185287,-0.07682489603757858,-0.13742971420288086,0.0,0.0,12.303882598876953,nan
10.478255271911621,3.0017566680908203,0.0,0.8132921457290649,0.030591942369937897,nan,nan,-2.054141044616699,-0.43085938692092896,0.11419519037008286,-0.051308922469615936,0.061177968978881836,0.0,0.0,12.303882598876953,nan
10.478754997253418,3.0017566680908203,0.0,0.7842881679534912,0.02314949594438076,nan,nan,-2.0616047382354736,-0.7351446747779846,0.11226707696914673,-0.09017892926931381,-0.18694043159484863,0.0,0.0,12.303882598876953,nan
10.479254722595215,3.0017566680908203,0.0,0.7810655832290649,0.021288935095071793,nan,nan,-2.060783863067627,-0.6855407357215881,0.18319016695022583,-0.10041530430316925,-0.011710166931152344,0.0,0.0,12.303882598876953,nan
10.479755401611328,3.0017566680908203,0.0,0.8020128011703491,0.03338281810283661,nan,nan,-2.06310772895813,-0.7694326043128967,0.20591454207897186,-0.10251937061548233,0.03023672103881836,0.0,0.0,12.303882598876953,nan
10.480255126953125,3.0017566680908203,0.0,0.7842881679534912,0.02314949594438076,nan,nan,-2.0630362033843994,-0.7513800263404846,0.09702105820178986,-0.09465979039669037,-0.282271146774292,0.0,0.0,12.303882598876953,nan
10.480754852294922,3.0017566680908203,0.0,0.7891222238540649,0.025940438732504845,nan,nan,-2.0662436485290527,-0.8710289001464844,0.10589723289012909,-0.08509046584367752,-0.18248939514160156,0.0,0.0,12.303882598876953,nan
10.481254577636719,3.0017566680908203,0.0,0.8229600191116333,0.032452501356601715,nan,nan,-2.0618133544921875,-0.666029691696167,0.22277235984802246,-0.08821837604045868,0.11421728134155273,0.0,0.0,12.303882598876953,nan
10.481755256652832,3.0017566680908203,0.0,0.7842881679534912,0.02501012571156025,nan,nan,-2.0655412673950195,-0.8081769943237305,0.17122693359851837,-0.08296886831521988,0.0434417724609375,0.0,0.0,12.303882598876953,nan
10.482254981994629,3.0017566680908203,0.0,0.7923448085784912,0.02221921645104885,nan,nan,-2.060421943664551,-0.5760582089424133,0.2167527973651886,-0.07559944689273834,0.15449047088623047,0.0,0.0,12.303882598876953,nan
10.48275375366211,3.0017566680908203,0.0,0.7746201753616333,0.021288901567459106,nan,nan,-2.0568275451660156,-0.41331946849823,0.13060486316680908,-0.08959471434354782,-0.11585831642150879,0.0,0.0,12.303882598876953,nan
10.483254432678223,3.0017566680908203,0.0,0.8068467378616333,0.02314949594438076,nan,nan,-2.060856819152832,-0.5744003057479858,0.13129594922065735,-0.08426937460899353,-0.08107900619506836,0.0,0.0,12.303882598876953,nan
10.48375415802002,3.0017566680908203,0.0,0.7858995199203491,0.011055614799261093,nan,nan,-2.064781904220581,-0.7275732159614563,0.1176072433590889,-0.0829436257481575,-0.12101006507873535,0.0,0.0,12.303882598876953,nan
10.484253883361816,3.0017566680908203,0.0,0.787510871887207,0.023149531334638596,nan,nan,-2.058722496032715,-0.4572131037712097,0.22968314588069916,-0.0761924535036087,0.16817164421081543,0.0,0.0,12.303882598876953,nan
10.484753608703613,3.0017566680908203,0.0,0.795567512512207,0.0296616293489933,nan,nan,-2.0593326091766357,-0.47432762384414673,0.14286838471889496,-0.09013393521308899,-0.07475638389587402,0.0,0.0,12.303882598876953,nan
10.485254287719727,3.0017566680908203,0.0,0.8342393636703491,0.031522221863269806,nan,nan,-2.05673885345459,-0.35473018884658813,0.16659455001354218,-0.03966580331325531,0.25313758850097656,0.0,0.0,12.303882598876953,nan
10.485754013061523,3.0017566680908203,0.0,0.7858995199203491,0.020358622074127197,nan,nan,-2.06097412109375,-0.5254349112510681,0.12039902061223984,-0.08654951304197311,-0.13382601737976074,0.0,0.0,12.303882598876953,nan
10.48625373840332,3.0017566680908203,0.0,0.8004014492034912,0.02314949594438076,nan,nan,-2.057523488998413,-0.36861300468444824,0.21933391690254211,-0.07709045708179474,0.14924001693725586,0.0,0.0,12.303882598876953,nan
10.4867525100708,3.0017566680908203,0.0,0.7810655832290649,0.021288935095071793,nan,nan,-2.062687635421753,-0.5787310600280762,0.10248608887195587,-0.08186961710453033,-0.18309831619262695,0.0,0.0,12.303882598876953,nan
10.487253189086914,3.0017566680908203,0.0,0.8261827230453491,0.023149531334638596,nan,nan,-2.0605387687683105,-0.4763186275959015,0.12477323412895203,-0.06687069684267044,-0.002409219741821289,0.0,0.0,12.303882598876953,nan
10.487752914428711,3.0017566680908203,0.0,0.7842881679534912,0.02314949594438076,nan,nan,-2.06457257270813,-0.6356630325317383,0.11080589145421982,-0.09652191400527954,-0.2239837646484375,0.0,0.0,12.303882598876953,nan
10.488252639770508,3.0017566680908203,0.0,0.8326280117034912,0.019428307190537453,nan,nan,-2.065566062927246,-0.6633988618850708,0.15051691234111786,-0.04935002699494362,0.17846941947937012,0.0,0.0,12.303882598876953,nan
10.488753318786621,3.0017566680908203,0.0,0.7810655832290649,0.021288935095071793,nan,nan,-2.0709776878356934,-0.8771013021469116,0.12077689915895462,-0.09944719821214676,-0.18974971771240234,0.0,0.0,12.303882598876953,nan
10.489253044128418,3.0017566680908203,0.0,0.8084580898284912,0.037104006856679916,nan,nan,-2.0633959770202637,-0.539486289024353,0.1879330575466156,-0.05009912699460983,0.23287272453308105,0.0,0.0,12.303882598876953,nan
10.489752769470215,3.0017566680908203,0.0,0.7842881679534912,0.019428307190537453,nan,nan,-2.067708730697632,-0.7099958658218384,0.11060482263565063,-0.09200499206781387,-0.19800615310668945,0.0,0.0,12.303882598876953,nan
10.490253448486328,3.0017566680908203,0.0,0.8020128011703491,0.02221921645104885,nan,nan,-2.0642757415771484,-0.5507685542106628,0.20778396725654602,-0.08617712557315826,0.10056495666503906,0.0,0.0,12.303882598876953,nan
10.490753173828125,3.0017566680908203,0.0,0.7923448085784912,0.031522221863269806,nan,nan,-2.061105489730835,-0.40588170289993286,0.200913667678833,-0.09550467133522034,0.04663372039794922,0.0,0.0,12.303882598876953,nan
10.491251945495605,3.0017566680908203,0.0,0.8326280117034912,0.026870720088481903,nan,nan,-2.056818723678589,-0.21651622653007507,0.22342780232429504,-0.06819604337215424,0.19050240516662598,0.0,0.0,12.303882598876953,nan
10.491751670837402,3.0017566680908203,0.0,0.8004014492034912,0.028731314465403557,nan,nan,-2.0603079795837402,-0.35880517959594727,0.12215297669172287,-0.07171057909727097,-0.04162931442260742,0.0,0.0,12.303882598876953,nan
10.492252349853516,3.0017566680908203,0.0,0.795567512512207,0.03152225911617279,nan,nan,-2.061176061630249,-0.3875662088394165,0.14017769694328308,-0.08186689764261246,-0.038498878479003906,0.0,0.0,12.303882598876953,nan
10.492752075195312,3.0017566680908203,0.0,0.7842881679534912,0.02314949594438076,nan,nan,-2.0634164810180664,-0.47428178787231445,0.11671929061412811,-0.09456482529640198,-0.1892530918121338,0.0,0.0,12.303882598876953,nan
10.49325180053711,3.0017566680908203,0.0,0.771397590637207,0.01942834071815014,nan,nan,-2.06070613861084,-0.35122406482696533,0.12442976981401443,-0.08401910960674286,-0.10455465316772461,0.0,0.0,12.303882598876953,nan
10.493751525878906,3.0017566680908203,0.0,0.8068467378616333,0.03059190884232521,nan,nan,-2.0628292560577393,-0.4341142177581787,0.1627146154642105,-0.06733422726392746,0.099945068359375,0.0,0.0,12.303882598876953,nan
10.49425220489502,3.0017566680908203,0.0,0.803624153137207,0.038034357130527496,nan,nan,-2.0588810443878174,-0.2587754726409912,0.18938955664634705,-0.0788840726017952,0.09372639656066895,0.0,0.0,12.303882598876953,nan
10.494751930236816,3.0017566680908203,0.0,0.8020128011703491,0.020358622074127197,nan,nan,-2.062059164047241,-0.3870120048522949,0.12783066928386688,-0.08791378140449524,-0.11178135871887207,0.0,0.0,12.303882598876953,nan
10.495250701904297,3.0017566680908203,0.0,0.7939561605453491,0.02501012571156025,nan,nan,-2.060906171798706,-0.33075305819511414,0.132208913564682,-0.08298122137784958,-0.07080078125,0.0,0.0,12.303882598876953,nan
10.49575138092041,3.0017566680908203,0.0,0.819737434387207,0.02687075361609459,nan,nan,-2.0640900135040283,-0.45724934339523315,0.21252724528312683,-0.08335646986961365,0.11986517906188965,0.0,0.0,12.303882598876953,nan
10.496251106262207,3.0017566680908203,0.0,0.8084580898284912,0.02221921645104885,nan,nan,-2.0599939823150635,-0.27539363503456116,0.1831682175397873,-0.07551997154951096,0.09845423698425293,0.0,0.0,12.303882598876953,nan
10.496750831604004,3.0017566680908203,0.0,0.7923448085784912,0.031522221863269806,nan,nan,-2.057636022567749,-0.17030459642410278,0.20269902050495148,-0.07919377088546753,0.11480259895324707,0.0,0.0,12.303882598876953,nan
10.4972505569458,3.0017566680908203,0.0,0.8149034380912781,0.020358622074127197,nan,nan,-2.0526680946350098,0.042347099632024765,0.18177476525306702,-0.06242494285106659,0.15172028541564941,0.0,0.0,12.303882598876953,nan
10.497751235961914,3.0017566680908203,0.0,0.787510871887207,0.021288935095071793,nan,nan,-2.0486109256744385,0.21191003918647766,0.18904483318328857,-0.0929572582244873,0.020970582962036133,0.0,0.0,12.303882598876953,nan
10.498250961303711,3.0017566680908203,0.0,0.819737434387207,0.02687075361609459,nan,nan,-2.0447466373443604,0.3694874346256256,0.1705351322889328,-0.11608744412660599,-0.12411761283874512,0.0,0.0,12.303882598876953,nan
10.498750686645508,3.0017566680908203,0.0,0.7826768755912781,0.020358622074127197,nan,nan,-2.0418496131896973,0.4842592775821686,0.18703818321228027,-0.06541159003973007,0.13535284996032715,0.0,0.0,12.303882598876953,nan
10.499251365661621,3.0017566680908203,0.0,0.7907334566116333,0.02314949594438076,nan,nan,-2.0380144119262695,0.6353886723518372,0.2547931671142578,-0.08022744208574295,0.16306686401367188,0.0,0.0,12.303882598876953,nan
10.499750137329102,3.0017566680908203,0.0,0.7907334566116333,0.03059190884232521,nan,nan,-2.0325639247894287,0.8516967296600342,0.23365309834480286,-0.05378056690096855,0.23680949211120605,0.0,0.0,12.303882598876953,nan
10.500249862670898,3.0017566680908203,0.0,0.8052355051040649,0.01663743332028389,nan,nan,-2.0306766033172607,0.9120343327522278,0.14068037271499634,-0.10585951060056686,-0.18568015098571777,0.0,0.0,12.303882598876953,nan
10.500749588012695,3.0017566680908203,0.0,0.7810655236244202,0.0175677128136158,nan,nan,-2.0265936851501465,1.0649621486663818,0.14410148561000824,-0.04859895631670952,0.13142609596252441,0.0,0.0,12.303882598876953,nan
10.501250267028809,3.0017566680908203,0.0,0.7778428792953491,0.023149531334638596,nan,nan,-2.0227134227752686,1.2052037715911865,0.19323641061782837,-0.08250591903924942,0.04898667335510254,0.0,0.0,12.303882598876953,nan
10.501749992370605,3.0017566680908203,0.0,0.771397590637207,0.01942834071815014,nan,nan,-2.0210323333740234,1.2500356435775757,0.15929526090621948,-0.09052715450525284,-0.06640815734863281,0.0,0.0,12.303882598876953,nan
10.502249717712402,3.0017566680908203,0.0,0.7842881679534912,0.02314949594438076,nan,nan,-2.0177056789398193,1.3633579015731812,0.15519535541534424,-0.0749291479587555,-0.002443552017211914,0.0,0.0,12.303882598876953,nan
10.502750396728516,3.0017566680908203,0.0,0.8068467974662781,0.008264705538749695,nan,nan,-2.0135889053344727,1.5072792768478394,0.21109284460544586,-0.08744847774505615,0.050763845443725586,0.0,0.0,12.303882598876953,nan
10.503250122070312,3.0017566680908203,0.0,0.7826768755912781,0.02221921645104885,nan,nan,-2.010708808898926,1.5960415601730347,0.1628033071756363,-0.06906020641326904,0.03942131996154785,0.0,0.0,12.303882598876953,nan
10.503748893737793,3.0017566680908203,0.0,0.7891222238540649,0.01663743332028389,nan,nan,-2.00227689743042,1.9170732498168945,0.2052059918642044,-0.06525195389986038,0.12476944923400879,0.0,0.0,12.303882598876953,nan
10.50424861907959,3.0017566680908203,0.0,0.8100694417953491,0.028731314465403557,nan,nan,-2.0003821849823,1.9561572074890137,0.17875295877456665,-0.07943686842918396,0.012105703353881836,0.0,0.0,12.303882598876953,nan
10.504749298095703,3.0017566680908203,0.0,0.7842881679534912,0.02314949594438076,nan,nan,-2.0011913776397705,1.8808141946792603,0.1750970333814621,-0.10490640997886658,-0.10921669006347656,0.0,0.0,12.303882598876953,nan
10.5052490234375,3.0017566680908203,0.0,0.7778428792953491,0.015707118436694145,nan,nan,-2.0000929832458496,1.886960506439209,0.17771337926387787,-0.08533018827438354,-0.017795562744140625,0.0,0.0,12.303882598876953,nan
10.505748748779297,3.0017566680908203,0.0,0.7987900972366333,0.02594040520489216,nan,nan,-1.9951742887496948,2.053520441055298,0.18013392388820648,-0.10229922086000443,-0.09180831909179688,0.0,0.0,12.303882598876953,nan
10.50624942779541,3.0017566680908203,0.0,0.8132921457290649,0.030591942369937897,nan,nan,-1.9978419542312622,1.8992457389831543,0.1998591423034668,-0.07137836515903473,0.08500981330871582,0.0,0.0,12.303882598876953,nan
10.506749153137207,3.0017566680908203,0.0,0.7762315273284912,0.0073343911208212376,nan,nan,-1.9989639520645142,1.8122460842132568,0.14049659669399261,-0.07382570207118988,-0.05526900291442871,0.0,0.0,12.303882598876953,nan
10.507248878479004,3.0017566680908203,0.0,0.7681748867034912,0.021288901567459106,nan,nan,-1.994685173034668,1.9536688327789307,0.2155839204788208,-0.08538544923067093,0.04762911796569824,0.0,0.0,12.303882598876953,nan
10.507747650146484,3.0017566680908203,0.0,0.7939561605453491,0.02501012571156025,nan,nan,-1.9932215213775635,1.9738149642944336,0.20266835391521454,-0.08549757301807404,0.023975610733032227,0.0,0.0,12.303882598876953,nan
10.508248329162598,3.0017566680908203,0.0,0.7842881679534912,0.019428307190537453,nan,nan,-1.9942001104354858,1.8907346725463867,0.15275581181049347,-0.11849764734506607,-0.2367236614227295,0.0,0.0,12.303882598876953,nan
10.508748054504395,3.0017566680908203,0.0,0.7810655236244202,0.0175677128136158,nan,nan,-1.9929568767547607,1.9032295942306519,0.19740529358386993,-0.09472215175628662,-0.02469468116760254,0.0,0.0,12.303882598876953,nan
10.509247779846191,3.0017566680908203,0.0,0.8165147304534912,0.02501012571156025,nan,nan,-1.9909006357192993,1.949552297592163,0.21365727484226227,-0.0819927304983139,0.054555654525756836,0.0,0.0,12.303882598876953,nan
10.509747505187988,3.0017566680908203,0.0,0.8213487267494202,0.011055614799261093,nan,nan,-1.9893543720245361,1.9737380743026733,0.1707063466310501,-0.09114792943000793,-0.0715172290802002,0.0,0.0,12.303882598876953,nan
10.510248184204102,3.0017566680908203,0.0,0.7987900972366333,0.027800999581813812,nan,nan,-1.9900108575820923,1.904642105102539,0.20714212954044342,-0.07950539141893387,0.05359244346618652,0.0,0.0,12.303882598876953,nan
10.510747909545898,3.0017566680908203,0.0,0.7826768159866333,0.024079810827970505,nan,nan,-1.9928748607635498,1.7434139251708984,0.135334312915802,-0.09820614755153656,-0.20594000816345215,0.0,0.0,12.303882598876953,nan
10.511247634887695,3.0017566680908203,0.0,0.7746202349662781,0.04361613839864731,nan,nan,-1.9895309209823608,1.8480392694473267,0.2190302163362503,-0.07677239179611206,0.08256649971008301,0.0,0.0,12.303882598876953,nan
10.511748313903809,3.0017566680908203,0.0,0.7923448085784912,0.031522221863269806,nan,nan,-1.9908156394958496,1.7547799348831177,0.19810937345027924,-0.08957306295633316,-0.004044294357299805,0.0,0.0,12.303882598876953,nan
10.512247085571289,3.0017566680908203,0.0,0.8068467378616333,0.02314949594438076,nan,nan,-1.987194538116455,1.870173454284668,0.20314036309719086,-0.10571373999118805,-0.06307435035705566,0.0,0.0,12.303882598876953,nan
10.512746810913086,3.0017566680908203,0.0,0.7971788644790649,0.011985928751528263,nan,nan,-1.9874716997146606,1.8192867040634155,0.1687251627445221,-0.08818860352039337,-0.06461167335510254,0.0,0.0,12.303882598876953,nan
10.513246536254883,3.0017566680908203,0.0,0.7778428792953491,0.019428307190537453,nan,nan,-1.988990068435669,1.7167893648147583,0.14101958274841309,-0.08018391579389572,-0.09865880012512207,0.0,0.0,12.303882598876953,nan
10.513747215270996,3.0017566680908203,0.0,0.8004014492034912,0.02314949594438076,nan,nan,-1.9867181777954102,1.7766978740692139,0.23539167642593384,-0.08171942085027695,0.08271431922912598,0.0,0.0,12.303882598876953,nan
10.514246940612793,3.0017566680908203,0.0,0.7826768159866333,0.016637397930026054,nan,nan,-1.984717845916748,1.8233418464660645,0.19749057292938232,-0.08734707534313202,-0.001898050308227539,0.0,0.0,12.303882598876953,nan
10.51474666595459,3.0017566680908203,0.0,0.7842881679534912,0.019428307190537453,nan,nan,-1.9834593534469604,1.8374372720718384,0.18169790506362915,-0.09820827096700668,-0.08259248733520508,0.0,0.0,12.303882598876953,nan
10.515247344970703,3.0017566680908203,0.0,0.7923448085784912,0.031522221863269806,nan,nan,-1.9789470434188843,1.9885423183441162,0.2700453996658325,-0.07181701809167862,0.14951109886169434,0.0,0.0,12.303882598876953,nan
10.5157470703125,3.0017566680908203,0.0,0.7810655832290649,0.021288935095071793,nan,nan,-1.9787447452545166,1.954921841621399,0.180959552526474,-0.10315844416618347,-0.10997629165649414,0.0,0.0,12.303882598876953,nan
10.51624584197998,3.0017566680908203,0.0,0.7842881679534912,0.02314949594438076,nan,nan,-1.977068305015564,1.9843164682388306,0.22583964467048645,-0.08697640895843506,0.039481163024902344,0.0,0.0,12.303882598876953,nan
10.516745567321777,3.0017566680908203,0.0,0.787510871887207,0.011985928751528263,nan,nan,-1.9768444299697876,1.9514882564544678,0.17020268738269806,-0.10676062852144241,-0.15416622161865234,0.0,0.0,12.303882598876953,nan
10.51724624633789,3.0017566680908203,0.0,0.7810655236244202,0.02501012571156025,nan,nan,-1.9755223989486694,1.9656494855880737,0.16975298523902893,-0.06894712895154953,0.019656896591186523,0.0,0.0,12.303882598876953,nan
10.517745971679688,3.0017566680908203,0.0,0.771397590637207,0.023149531334638596,nan,nan,-1.973382592201233,2.01393461227417,0.201507568359375,-0.10419966280460358,-0.07428717613220215,0.0,0.0,12.303882598876953,nan
10.518245697021484,3.0017566680908203,0.0,0.8068467378616333,0.02314949594438076,nan,nan,-1.9726271629333496,2.0036489963531494,0.17298179864883423,-0.07353190332651138,0.0005586147308349609,0.0,0.0,12.303882598876953,nan
10.518746376037598,3.0017566680908203,0.0,0.803624153137207,0.023149531334638596,nan,nan,-1.9761793613433838,1.812465786933899,0.19126193225383759,-0.08923380821943283,-0.03067469596862793,0.0,0.0,12.303882598876953,nan
10.519246101379395,3.0017566680908203,0.0,0.7842881679534912,0.02314949594438076,nan,nan,-1.9743150472640991,1.8526471853256226,0.17106439173221588,-0.07114304602146149,0.010053873062133789,0.0,0.0,12.303882598876953,nan
10.519745826721191,3.0017566680908203,0.0,0.7907334566116333,0.019428307190537453,nan,nan,-1.9752763509750366,1.7718262672424316,0.10858862847089767,-0.12210412323474884,-0.440690279006958,0.0,0.0,12.303882598876953,nan
10.520240783691406,-0.029294895008206367,-0.006765676662325859,0.17520615458488464,0.006404102314263582,nan,nan,-2.0101373195648193,0.2620246112346649,-0.13521923124790192,-0.06693766266107559,-2.2519190311431885,0.0,0.0,12.303882598876953,nan
10.520740509033203,0.04980122670531273,-0.00507393991574645,0.07208116352558136,0.0008223014301620424,nan,nan,1.8064424991607666,0.12102951109409332,-0.08038771152496338,-0.03600602596998215,0.18628358840942383,0.0,0.0,12.303882598876953,nan
10.521241188049316,0.0908142551779747,-0.0016915251035243273,0.004405385348945856,-0.0028988998383283615,nan,nan,1.8062689304351807,0.0,-0.005210640840232372,0.008628427982330322,0.0,0.0,0.0,12.303882598876953,nan
10.521740913391113,0.12499166280031204,-0.003382626688107848,0.02535264939069748,0.003613205160945654,nan,nan,1.8062689304351807,0.0,0.00854696799069643,-0.004829122219234705,0.0,0.0,0.0,12.303882598876953,nan
10.52224063873291,0.1611224114894867,-0.001691313344053924,0.0269639790058136,0.0026829044800251722,nan,nan,1.8062689304351807,0.0,0.05981312319636345,0.011457930319011211,0.0,0.0,0.0,12.303882598876953,nan
10.522741317749023,0.18065202236175537,-0.001691313344053924,0.04629991576075554,0.0008223035838454962,nan,nan,-1.6085195541381836,0.0,-0.019092245027422905,-0.002199064940214157,0.0,0.0,0.0,12.303882598876953,nan
10.52324104309082,0.2158062905073166,-0.001691313344053924,0.03018663451075554,0.0008223025361075997,nan,nan,-1.6085195541381836,0.0,0.025197939947247505,-0.005192010197788477,0.0,0.0,0.0,12.303882598876953,nan
10.5237398147583,0.24705402553081512,-0.0016915251035243273,0.03985460475087166,-0.008480703458189964,nan,nan,-1.7721226215362549,0.0,0.05492723360657692,-0.02139081433415413,0.0,0.0,0.0,12.303882598876953,nan
10.524239540100098,0.27341946959495544,-0.0033828383311629295,0.05274522677063942,0.0026829044800251722,nan,nan,-1.9300291538238525,0.0,0.07226728647947311,-0.020346973091363907,0.0,0.0,0.0,12.303882598876953,nan
10.524740219116211,0.2939261794090271,-0.008456778712570667,0.10430772602558136,0.004543503280729055,nan,nan,-1.596328854560852,0.0,0.02037331648170948,-0.05631961673498154,0.0,0.0,0.0,12.303882598876953,nan
10.525239944458008,0.3232210576534271,-0.0050741517916321754,0.06241319701075554,0.0008223035838454962,nan,nan,-1.596328854560852,0.0,0.04145672917366028,-0.027205592021346092,0.0,0.0,0.0,12.303882598876953,nan
10.525739669799805,0.34177467226982117,-0.006765253376215696,0.09786241501569748,0.008264709264039993,nan,nan,-1.596328854560852,0.0,0.041186295449733734,-0.041135940700769424,0.0,0.0,0.0,12.303882598876953,nan
10.526240348815918,0.36423373222351074,-0.001691313344053924,0.06885850429534912,0.0008223014301620424,nan,nan,-1.596328854560852,0.0,0.021305838599801064,0.0021689787972718477,0.0,0.0,0.0,12.303882598876953,nan
10.526740074157715,0.3866936266422272,-0.003382626688107848,0.09786241501569748,0.0008223014301620424,nan,nan,-1.3652986288070679,0.0,0.033135414123535156,-0.013148700818419456,0.0,0.0,0.0,12.303882598876953,nan
10.527239799499512,0.4071999490261078,-0.001691313344053924,0.08819444477558136,0.0008223014301620424,nan,nan,-1.7786692380905151,0.0,0.03198493644595146,-0.011510353535413742,0.0,0.0,0.0,12.303882598876953,nan
10.527739524841309,0.42965924739837646,-0.0033828383311629295,0.1155870258808136,-0.00941100250929594,nan,nan,-1.5371217727661133,0.0,0.0626688301563263,-0.018109049648046494,0.0,0.0,0.0,12.303882598876953,nan
10.528239250183105,0.45016559958457947,-0.001691313344053924,0.10914170742034912,-0.00010800013842526823,nan,nan,-1.481789231300354,0.0,0.05268535017967224,0.0049662236124277115,0.0,0.0,0.0,12.303882598876953,nan
10.528738975524902,0.4726254940032959,-0.003382626688107848,0.11236436665058136,-0.00010800013842526823,nan,nan,-1.4412907361984253,0.0,0.03909798339009285,-0.012122268788516521,0.0,0.0,0.0,12.303882598876953,nan
10.5292387008667,0.48727282881736755,-0.00507393991574645,0.11397569626569748,0.0026829044800251722,nan,nan,-1.8368743658065796,0.0,0.053143084049224854,-0.043045151978731155,0.0,0.0,0.0,12.303882598876953,nan
10.529739379882812,0.5087561011314392,-0.001691313344053924,0.11880968511104584,0.007334412541240454,nan,nan,-1.6061612367630005,0.0,0.1048840880393982,-0.003710769582539797,0.0,0.0,0.0,12.303882598876953,nan
10.53023910522461,0.5136381387710571,0.0,0.12686631083488464,0.0008223014301620424,nan,nan,-1.60662841796875,0.0,-0.020396962761878967,0.008582963608205318,0.0,0.0,0.0,12.303882598876953,nan
10.530738830566406,0.536098062992096,-0.001691313344053924,0.1558702290058136,0.0026829044800251722,nan,nan,-1.7040554285049438,0.0,0.03626718372106552,-0.02997441776096821,0.0,0.0,0.0,12.303882598876953,nan
10.531238555908203,0.5556280016899109,0.0016915251035243273,0.1236436665058136,0.006404106505215168,nan,nan,-1.6379635334014893,0.0,0.06567972153425217,0.01893700659275055,0.0,0.0,0.0,12.303882598876953,nan
10.531739234924316,0.5673455595970154,-0.001691313344053924,0.12686631083488464,-0.0010383017361164093,nan,nan,-1.5570188760757446,0.0,0.058706678450107574,-0.016643589362502098,0.0,0.0,0.0,12.303882598876953,nan
10.532238006591797,0.5780871510505676,-0.003382626688107848,0.13331162929534912,0.0026829044800251722,nan,nan,-1.6943674087524414,0.0,0.02314874716103077,-0.037204958498477936,0.0,0.0,0.0,12.303882598876953,nan
10.532737731933594,0.5917583703994751,0.0,0.13653428852558136,0.008264709264039993,nan,nan,-1.6943674087524414,0.0,-0.005619990639388561,0.005492856726050377,0.0,0.0,0.0,12.303882598876953,nan
10.533238410949707,0.6015233397483826,0.003382626688107848,0.15103624761104584,0.007334408350288868,nan,nan,-1.8497015237808228,0.0,0.005263956263661385,0.003925258293747902,0.0,0.0,0.0,12.303882598876953,nan
10.533738136291504,0.6191003322601318,0.0,0.15103623270988464,0.0017525986768305302,nan,nan,-1.8497015237808228,0.0,0.03146040067076683,-0.023255320265889168,0.0,0.0,0.0,12.303882598876953,nan
10.5342378616333,0.6269119381904602,0.0,0.19454210996627808,0.0045435079373419285,nan,nan,-1.7010246515274048,0.0,0.022310633212327957,-0.03006654791533947,0.0,0.0,0.0,12.303882598876953,nan
10.534737586975098,0.6493714451789856,0.001691313344053924,0.18165147304534912,-0.010341309010982513,nan,nan,-1.9812073707580566,0.0,0.06571248173713684,-0.016732661053538322,0.0,0.0,0.0,12.303882598876953,nan
10.535238265991211,0.6601129770278931,-0.0033828383311629295,0.14620225131511688,0.01198591198772192,nan,nan,-2.1016550064086914,0.0,0.0712885633111,-0.0418514646589756,0.0,0.0,0.0,12.303882598876953,nan
10.535737991333008,0.6620660424232483,0.0,0.14297960698604584,0.0026829044800251722,nan,nan,-1.7879785299301147,0.0,-0.015033838339149952,-0.029979094862937927,0.0,0.0,0.0,12.303882598876953,nan
10.536236763000488,0.6728076338768005,0.001691313344053924,0.16553819179534912,0.006404102314263582,nan,nan,-1.7854740619659424,0.0,0.00985485315322876,-0.019172847270965576,0.0,0.0,0.0,12.303882598876953,nan
10.536737442016602,0.6864784359931946,0.0050741517916321754,0.20904405415058136,0.0036132019013166428,nan,nan,-1.8651281595230103,0.0,0.03508944809436798,0.0001709885837044567,0.0,0.0,0.0,12.303882598876953,nan
10.537237167358398,0.7001495361328125,0.001691313344053924,0.1719835102558136,0.0045435079373419285,nan,nan,-1.9550141096115112,0.0,0.07472311705350876,-0.03021143563091755,0.0,0.0,0.0,12.303882598876953,nan
10.537736892700195,0.7001495361328125,0.001691313344053924,0.20098741352558136,0.0008223014301620424,nan,nan,-1.616028070449829,0.0,-0.010825944133102894,-0.0386967696249485,0.0,0.0,0.0,12.303882598876953,nan
10.538236618041992,0.7187032699584961,0.003382626688107848,0.17842882871627808,0.006404110696166754,nan,nan,-2.12430739402771,0.042956024408340454,0.07434308528900146,-0.037951670587062836,0.08186054229736328,0.0,0.0,12.303882598876953,nan
10.538737297058105,0.7265148162841797,0.003382626688107848,0.19131945073604584,0.01198591198772192,nan,nan,-1.7700810432434082,0.0,0.08519844710826874,-0.017207147553563118,0.0,0.0,0.0,12.303882598876953,nan
10.539237022399902,0.7333503365516663,0.00507393991574645,0.17842882871627808,0.0008223100448958576,nan,nan,-1.7700810432434082,0.0,0.05394776165485382,-0.007468370720744133,0.0,0.0,0.0,12.303882598876953,nan
10.5397367477417,0.7372567653656006,0.0050741517916321754,0.22999131679534912,0.0008223014301620424,nan,nan,-1.8290706872940063,0.0,0.03006027266383171,-0.025373948737978935,0.0,0.0,0.0,12.303882598876953,nan
10.540237426757812,0.7450683116912842,0.0050741517916321754,0.20904405415058136,0.018498018383979797,nan,nan,-1.7178280353546143,0.0,0.04160555824637413,-0.024805981665849686,0.0,0.0,0.0,12.303882598876953,nan
10.540736198425293,0.7597156167030334,0.006765253376215696,0.1961534321308136,0.005473805125802755,nan,nan,-1.8054448366165161,-0.022353829815983772,0.07909754663705826,-0.029619989916682243,-0.12418794631958008,0.0,0.0,12.303882598876953,nan
10.54123592376709,0.7636220455169678,0.006765465252101421,0.21710069477558136,0.013846514746546745,nan,nan,-1.5019906759262085,0.0,0.06451892107725143,-0.019152455031871796,0.0,0.0,0.0,12.303882598876953,nan
10.541735649108887,0.7704575657844543,0.008456778712570667,0.20259875059127808,-0.00010799583833431825,nan,nan,-1.5019906759262085,0.0,0.035135418176651,-0.03517148643732071,0.0,0.0,0.0,12.303882598876953,nan
10.542236328125,0.7763164639472961,0.011839404702186584,0.18165147304534912,-0.0010383017361164093,nan,nan,-1.695899486541748,0.0,0.028872039169073105,0.00851672887802124,0.0,0.0,0.0,12.303882598876953,nan
10.542736053466797,0.7880346775054932,0.011839404702186584,0.20259875059127808,0.011055614799261093,nan,nan,-1.5996711254119873,-0.03250553831458092,0.08146835118532181,-0.009067902341485023,-0.08232998847961426,0.0,0.0,12.303882598876953,nan
10.543235778808594,0.7919402718544006,0.011839404702186584,0.21710069477558136,0.01012530829757452,nan,nan,-1.6686372756958008,0.0,0.06989633291959763,-0.018664656206965446,0.0,0.0,0.0,12.303882598876953,nan
10.54373550415039,0.7870578765869141,0.013530930504202843,0.21548937261104584,0.007334408350288868,nan,nan,-1.9191431999206543,0.0,-0.03442828729748726,0.0003973337297793478,0.0,0.0,0.0,12.303882598876953,nan
10.544236183166504,0.8026817440986633,0.01353071816265583,0.19776475429534912,0.01198591198772192,nan,nan,-1.959213137626648,0.0,0.055912457406520844,-0.012535369023680687,0.0,0.0,0.0,12.303882598876953,nan
10.544734954833984,0.8046347498893738,0.010148092173039913,0.22676865756511688,0.0157071091234684,nan,nan,-1.799979567527771,0.0,0.04246700927615166,-0.04884055629372597,0.0,0.0,0.0,12.303882598876953,nan
10.545234680175781,0.8134233951568604,0.015222243033349514,0.2042100727558136,0.008264713920652866,nan,nan,-1.799979567527771,0.0,0.05605112016201019,-0.015895290300250053,0.0,0.0,0.0,12.303882598876953,nan
10.545735359191895,0.8134233951568604,0.015222243033349514,0.21710069477558136,0.006404110696166754,nan,nan,-1.5569175481796265,0.0,0.021139372140169144,-0.02571515366435051,0.0,0.0,0.0,12.303882598876953,nan
10.546235084533691,0.8231886029243469,0.018604658544063568,0.20582139492034912,0.0036132019013166428,nan,nan,-1.8886330127716064,0.0,0.07237686961889267,-0.0019234383944422007,0.0,0.0,0.0,12.303882598876953,nan
10.546734809875488,0.8270943760871887,0.018604658544063568,0.2042100727558136,0.0026829044800251722,nan,nan,-1.5565067529678345,0.0,0.05604374781250954,-0.015279898419976234,0.0,0.0,0.0,12.303882598876953,nan
10.547234535217285,0.8339297771453857,0.020296184346079826,0.22999131679534912,0.013846514746546745,nan,nan,-1.8710157871246338,0.047377508133649826,0.07975520938634872,-0.012160570360720158,0.149552583694458,0.0,0.0,12.303882598876953,nan
10.547735214233398,0.8329533934593201,0.021987497806549072,0.2042100727558136,0.01198591198772192,nan,nan,-1.4960280656814575,0.0,0.02723541483283043,-0.007620232179760933,0.0,0.0,0.0,12.303882598876953,nan
10.548234939575195,0.8436946868896484,0.02367880940437317,0.20743271708488464,0.006404102314263582,nan,nan,-1.6446058750152588,0.0,0.08067618310451508,-0.0059655108489096165,0.0,0.0,0.0,12.303882598876953,nan
10.548734664916992,0.8466243743896484,0.025370122864842415,0.23965927958488464,-0.002898904960602522,nan,nan,-1.5150718688964844,0.0,0.07910372316837311,0.004871300421655178,0.0,0.0,0.0,12.303882598876953,nan
10.549234390258789,0.8544365763664246,0.025370333343744278,0.19131945073604584,0.030591925606131554,nan,nan,-2.1091392040252686,0.2053573876619339,0.10770539939403534,-0.01644047535955906,0.3885626792907715,0.0,0.0,12.303882598876953,nan
10.549734115600586,0.8544365763664246,0.025370333343744278,0.22354599833488464,0.0194283165037632,nan,nan,-2.016146183013916,0.0,0.07435768097639084,-0.02584286592900753,0.0,0.0,0.0,12.303882598876953,nan
10.550233840942383,0.8544365763664246,0.025370333343744278,0.21065537631511688,0.01198591198772192,nan,nan,-1.7987898588180542,0.0,0.019549917429685593,-0.03857770934700966,0.0,0.0,0.0,12.303882598876953,nan
10.55073356628418,0.852483332157135,0.02875296212732792,0.23321397602558136,0.013846514746546745,nan,nan,-1.7987898588180542,0.0,0.007955293171107769,-0.007213483564555645,0.0,0.0,0.0,12.303882598876953,nan
10.551234245300293,0.8563892245292664,0.02875296212732792,0.23482531309127808,0.009195011109113693,nan,nan,-1.6628341674804688,0.0,0.012992547824978828,-0.034246936440467834,0.0,0.0,0.0,12.303882598876953,nan
10.55173397064209,0.8632246851921082,0.030444275587797165,0.21065539121627808,0.013846514746546745,nan,nan,-1.835823655128479,0.0,0.048508405685424805,-0.009571402333676815,0.0,0.0,0.0,12.303882598876953,nan
10.552233695983887,0.870060384273529,0.03213558718562126,0.2203233540058136,0.013846514746546745,nan,nan,-1.8596231937408447,0.0,0.08365199714899063,-0.024855997413396835,0.0,0.0,0.0,12.303882598876953,nan
10.552734375,0.8729895949363708,0.03382690250873566,0.24932724237442017,0.025010116398334503,nan,nan,-1.700851321220398,0.0,0.09342124313116074,-0.012218868359923363,0.0,0.0,0.0,12.303882598876953,nan
10.55323314666748,0.8739662170410156,0.03213537856936455,0.22999131679534912,0.013846514746546745,nan,nan,-2.0963821411132812,-0.025035135447978973,0.06955769658088684,-0.04585403949022293,-0.0574946403503418,0.0,0.0,12.303882598876953,nan
10.553732872009277,0.8759194016456604,0.035518426448106766,0.2364366352558136,0.01012530829757452,nan,nan,-1.7416491508483887,0.0,0.082786925137043,-0.014283633790910244,0.0,0.0,0.0,12.303882598876953,nan
10.554232597351074,0.8778722286224365,0.03890105336904526,0.23965927958488464,0.0008223014301620424,nan,nan,-1.9732060432434082,0.0,0.04794976860284805,-0.020890846848487854,0.0,0.0,0.0,12.303882598876953,nan
10.554733276367188,0.8847074508666992,0.04059236869215965,0.22354601323604584,0.02314952202141285,nan,nan,-1.4760520458221436,0.0,0.08440295606851578,0.008020707406103611,0.0,0.0,0.0,12.303882598876953,nan
10.555233001708984,0.888613760471344,0.04059215635061264,0.22999131679534912,0.013846514746546745,nan,nan,-1.6694315671920776,-0.037214554846286774,0.08675356209278107,-0.027264904230833054,-0.20674753189086914,0.0,0.0,12.303882598876953,nan
10.555732727050781,0.888613760471344,0.04059215635061264,0.2364366352558136,0.02128891833126545,nan,nan,-1.6701173782348633,0.0,0.06878665089607239,-0.023781349882483482,0.0,0.0,0.0,12.303882598876953,nan
10.556233406066895,0.8856841921806335,0.04566630348563194,0.21065537631511688,0.01198591198772192,nan,nan,-1.8558858633041382,0.0,0.032216258347034454,3.765684596146457e-05,0.0,0.0,0.0,12.303882598876953,nan
10.556733131408691,0.8983790278434753,0.043974995613098145,0.22354599833488464,0.008264705538749695,nan,nan,-1.561092495918274,-0.3441099226474762,0.13351787626743317,-0.03388337045907974,-0.2594311237335205,0.0,0.0,12.303882598876953,nan
10.557231903076172,0.8905668258666992,0.043974995613098145,0.24288193881511688,0.0157071091234684,nan,nan,-1.8146792650222778,0.0,0.028792940080165863,-0.05199012532830238,0.0,0.0,0.0,12.303882598876953,nan
10.557731628417969,0.8993549942970276,0.04904914274811745,0.25738388299942017,0.0166374072432518,nan,nan,-1.7981914281845093,0.0,0.08310756087303162,-0.019230874255299568,0.0,0.0,0.0,12.303882598876953,nan
10.558232307434082,0.8974020481109619,0.05243176966905594,0.22193467617034912,0.0259404219686985,nan,nan,-2.12870192527771,0.0,0.06892506778240204,0.007089747115969658,0.0,0.0,0.0,12.303882598876953,nan
10.558732032775879,0.9003317356109619,0.054123084992170334,0.2541612386703491,0.018498018383979797,nan,nan,-1.715696930885315,0.0,0.06613972038030624,-0.010116745717823505,0.0,0.0,0.0,12.303882598876953,nan
10.559231758117676,0.9003317356109619,0.054123084992170334,0.2283799946308136,0.022219223901629448,nan,nan,-1.715696930885315,0.0,0.05219016224145889,-0.021609818562865257,0.0,0.0,0.0,12.303882598876953,nan
10.559732437133789,0.8993551731109619,0.05581440031528473,0.2767198085784912,0.0147768035531044,nan,nan,-1.7516207695007324,0.0,0.05785629525780678,-0.03644692897796631,0.0,0.0,0.0,12.303882598876953,nan
10.560232162475586,0.8964257836341858,0.06088833510875702,0.23965927958488464,0.0194283165037632,nan,nan,-1.8161301612854004,0.0,-0.0001740147126838565,-0.015086546540260315,0.0,0.0,0.0,12.303882598876953,nan
10.560731887817383,0.904237687587738,0.06088833510875702,0.24932724237442017,0.021288910880684853,nan,nan,-1.873748779296875,0.03499295562505722,0.0781603679060936,-0.022792000323534012,0.01930689811706543,0.0,0.0,12.303882598876953,nan
10.56123161315918,0.9032613635063171,0.06257964670658112,0.2783311605453491,0.0194283165037632,nan,nan,-1.873748779296875,0.0,0.04773211479187012,-0.017934389412403107,0.0,0.0,0.0,12.303882598876953,nan
10.561731338500977,0.9032613635063171,0.06257964670658112,0.2525499165058136,0.0268707275390625,nan,nan,-1.873748779296875,0.0,0.0441243015229702,-0.03250352293252945,0.0,0.0,0.0,12.303882598876953,nan
10.562231063842773,0.9091203212738037,0.06596248596906662,0.22676865756511688,0.025010116398334503,nan,nan,-1.873748779296875,0.0,0.06353891640901566,-0.015169110149145126,0.0,0.0,0.0,12.303882598876953,nan
10.56273078918457,0.9071671366691589,0.06934532523155212,0.22193467617034912,0.02035861276090145,nan,nan,-1.7840185165405273,0.0,0.042335886508226395,-0.017811167985200882,0.0,0.0,0.0,12.303882598876953,nan
10.563230514526367,0.909120500087738,0.07272795587778091,0.24127060174942017,0.029661620035767555,nan,nan,-1.7840185165405273,0.0,0.05658908933401108,0.009696085005998611,0.0,0.0,0.0,12.303882598876953,nan
10.56373119354248,0.9081438183784485,0.07441926747560501,0.2541612386703491,0.0259404219686985,nan,nan,-1.750335693359375,0.0,0.04845532029867172,-0.005526493303477764,0.0,0.0,0.0,12.303882598876953,nan
10.564230918884277,0.9120495915412903,0.07441926747560501,0.21710067987442017,0.030591918155550957,nan,nan,-1.8195451498031616,0.0,0.05172615498304367,-0.013818108476698399,0.0,0.0,0.0,12.303882598876953,nan
10.564730644226074,0.9110730290412903,0.0761105865240097,0.23965927958488464,0.026870720088481903,nan,nan,-1.8862591981887817,0.0,0.043195609003305435,-0.042475778609514236,0.0,0.0,0.0,12.303882598876953,nan
10.565231323242188,0.9188854098320007,0.0761105865240097,0.22999131679534912,0.02314952202141285,nan,nan,-1.9510210752487183,0.0,0.1116090938448906,-0.044607192277908325,0.0,0.0,0.0,12.303882598876953,nan
10.565730094909668,0.9130260944366455,0.0794932097196579,0.2589952349662781,0.0305919349193573,nan,nan,-1.9496829509735107,0.0,0.0547269843518734,-0.02452656626701355,0.0,0.0,0.0,12.303882598876953,nan
10.566229820251465,0.9110734462738037,0.08287584036588669,0.2670518755912781,0.0278010256588459,nan,nan,-1.799964427947998,0.0,0.045144956558942795,-0.016457367688417435,0.0,0.0,0.0,12.303882598876953,nan
10.566729545593262,0.9149794578552246,0.08287584036588669,0.25577256083488464,0.049197930842638016,nan,nan,-1.8957228660583496,0.0,0.07122912257909775,-0.016472287476062775,0.0,0.0,0.0,12.303882598876953,nan
10.567230224609375,0.9208383560180664,0.08625845611095428,0.24127060174942017,0.029661620035767555,nan,nan,-1.7847471237182617,0.0,0.10576452314853668,-0.02298012562096119,0.0,0.0,0.0,12.303882598876953,nan
10.567729949951172,0.9188851714134216,0.08964130282402039,0.24288193881511688,0.03431312367320061,nan,nan,-1.7842382192611694,0.0,0.07338683307170868,-0.009541171602904797,0.0,0.0,0.0,12.303882598876953,nan
10.568229675292969,0.9120495319366455,0.09471523761749268,0.2751085162162781,0.021288927644491196,nan,nan,-1.9146041870117188,0.0,0.009842662140727043,0.008334575220942497,0.0,0.0,0.0,12.303882598876953,nan
10.568730354309082,0.9120495319366455,0.09471523761749268,0.28155380487442017,0.025010116398334503,nan,nan,-1.7196378707885742,0.0,0.040444515645504,-0.0001855548471212387,0.0,0.0,0.0,12.303882598876953,nan
10.569230079650879,0.9237678050994873,0.09471545368432999,0.2606065571308136,0.04640704020857811,nan,nan,-1.7352778911590576,-0.06688124686479568,0.1208469346165657,-0.026166653260588646,-0.0489809513092041,0.0,0.0,12.303882598876953,nan
10.56972885131836,0.9257206320762634,0.09809808433055878,0.22999131679534912,0.026870720088481903,nan,nan,-1.7174831628799438,-0.10917380452156067,0.12477080523967743,-0.02509504184126854,-0.0520482063293457,0.0,0.0,12.303882598876953,nan
10.570228576660156,0.9237673878669739,0.10148070752620697,0.22999131679534912,0.032452527433633804,nan,nan,-1.8234226703643799,0.0,0.0677681639790535,-0.016159754246473312,0.0,0.0,0.0,12.303882598876953,nan
10.57072925567627,0.9140025973320007,0.10486353933811188,0.2589952349662781,0.0305919349193573,nan,nan,-1.7570630311965942,0.0,0.0019677095115184784,-0.004794508684426546,0.0,0.0,0.0,12.303882598876953,nan
10.571228981018066,0.9159557819366455,0.10148070752620697,0.2783311605453491,0.04547673463821411,nan,nan,-1.7763235569000244,0.0,0.045502305030822754,-0.03902066871523857,0.0,0.0,0.0,12.303882598876953,nan
10.571728706359863,0.9169322848320007,0.10655485838651657,0.24771593511104584,0.037104032933712006,nan,nan,-1.7763235569000244,0.0,0.028871946036815643,-0.020642468705773354,0.0,0.0,0.0,12.303882598876953,nan
10.572229385375977,0.9218148589134216,0.11162880063056946,0.23804795742034912,0.029661620035767555,nan,nan,-1.4346327781677246,-0.18597659468650818,0.09137539565563202,-0.0024609428364783525,-0.16383671760559082,0.0,0.0,12.303882598876953,nan
10.572729110717773,0.9208381772041321,0.11332010477781296,0.26382923126220703,0.04640704765915871,nan,nan,-1.436472773551941,0.0,0.0643429085612297,0.002246574265882373,0.0,0.0,0.0,12.303882598876953,nan
