time_s,v_alpha_v,v_beta_v,i_alpha_a,i_beta_a,encoder_angle_rad,encoder_speed_rad_s,pll_angle_rad,pll_speed_rad_s,emf_alpha_v,emf_beta_v,phase_error_rad,locked,active,bus_voltage_v,angle_error_rad
7.927458763122559,0.6493719220161438,-0.8405984044075012,0.059885069727897644,-0.2602245807647705,4.7674994468688965,139.59225463867188,-1.5471538305282593,144.1273956298828,0.5149813294410706,0.06628051400184631,0.15303564071655273,1.0,0.0,12.303882598876953,-0.03146791458129883
7.927958965301514,0.7196795344352722,-0.8000064492225647,0.024435847997665405,-0.2416185736656189,4.8372931480407715,139.59225463867188,-1.4707688093185425,144.30897521972656,0.5708543658256531,0.06547729671001434,0.06253290176391602,1.0,0.0,12.303882598876953,-0.02487659454345703
7.928458213806152,0.7714338302612305,-0.7374263405799866,0.04538312554359436,-0.2499912828207016,4.907115459442139,139.7319793701172,-1.395870566368103,144.42434692382812,0.5540632605552673,0.12008889764547348,0.08701491355895996,1.0,0.0,12.303882598876953,-0.019800662994384766
7.928957939147949,0.8251410126686096,-0.6849948167800903,0.06794171035289764,-0.236967071890831,4.976979732513428,139.7319793701172,-1.3213837146759033,144.51974487304688,0.5330954194068909,0.12311919778585434,0.025835037231445312,1.0,0.0,12.303882598876953,-0.015178203582763672
7.929458141326904,0.8749427199363708,-0.6190325021743774,0.06955303251743317,-0.2378973811864853,5.059300899505615,150.3301239013672,-1.2479734420776367,144.5681610107422,0.5564433932304382,0.18607838451862335,0.0482790470123291,1.0,0.0,12.303882598876953,-0.02408885955810547
7.929957866668701,0.9218149185180664,-0.5581437945365906,0.09855695068836212,-0.2248731553554535,5.13446569442749,150.3301239013672,-1.1751610040664673,144.59031677246094,0.544447660446167,0.19141875207424164,-0.009398698806762695,1.0,0.0,12.303882598876953,-0.026441097259521484
7.930458068847656,0.9540391564369202,-0.4887988567352295,0.14689679443836212,-0.21929137408733368,5.197015285491943,139.59225463867188,-1.1025216579437256,144.60488891601562,0.5004604458808899,0.2150155007839203,-0.014348506927490234,1.0,0.0,12.303882598876953,-0.01635122299194336
7.930957794189453,0.9833338856697083,-0.41776221990585327,0.13884015381336212,-0.19975504279136658,5.266808986663818,139.59225463867188,-1.0303370952606201,144.59967041015625,0.46326181292533875,0.23744960129261017,-0.018697738647460938,1.0,0.0,12.303882598876953,-0.01396036148071289
7.931457996368408,1.0175117254257202,-0.34503448009490967,0.14689677953720093,-0.19696414470672607,5.349221706390381,150.3301239013672,-0.9577269554138184,144.6127166748047,0.4515130817890167,0.2842170298099518,-0.0030715465545654297,1.0,0.0,12.303882598876953,-0.023763179779052734
7.931958198547363,1.036064863204956,-0.27230653166770935,0.20812726020812988,-0.16719451546669006,5.424386501312256,150.3301239013672,-0.8850836753845215,144.62673950195312,0.4546341896057129,0.3009576201438904,-0.05298161506652832,1.0,0.0,12.303882598876953,-0.02628469467163086
7.93245792388916,1.05071222782135,-0.19957877695560455,0.18234600126743317,-0.16347332298755646,5.4743170738220215,128.85438537597656,-0.8130843639373779,144.61322021484375,0.39155152440071106,0.2801940441131592,-0.08876562118530273,1.0,0.0,12.303882598876953,-0.004215717315673828
7.932957172393799,1.0634068250656128,-0.11670295149087906,0.22262920439243317,-0.15324001014232635,5.538613796234131,128.85438537597656,-0.7438259124755859,144.4849395751953,0.3882071077823639,0.35195794701576233,-0.04252934455871582,1.0,0.0,12.303882598876953,0.0007457733154296875
7.933456897735596,1.0721956491470337,-0.04059215635061264,0.18234601616859436,-0.14300669729709625,5.615811824798584,139.7319793701172,-0.6711404323577881,144.5035400390625,0.318888783454895,0.3858366310596466,0.028739213943481445,1.0,0.0,12.303882598876953,-0.0037665367126464844
7.933957099914551,1.0721954107284546,0.03382690250873566,0.20812726020812988,-0.10951588302850723,5.685678005218506,139.7319793701172,-0.5999143123626709,144.46034240722656,0.30820977687835693,0.37744852900505066,-0.0368499755859375,1.0,0.0,12.303882598876953,-0.002406597137451172
7.934456825256348,1.0673131942749023,0.11670295149087906,0.25324445962905884,-0.09649166464805603,5.767999172210693,150.3301239013672,-0.5288169384002686,144.41259765625,0.28566569089889526,0.4248008728027344,-0.015123605728149414,1.0,0.0,12.303882598876953,-0.013630390167236328
7.934957027435303,1.060477375984192,0.18943069875240326,0.22101788222789764,-0.07974625378847122,5.843163967132568,150.3301239013672,-0.4585740566253662,144.32977294921875,0.2774586081504822,0.4360430836677551,-0.06026458740234375,1.0,0.0,12.303882598876953,-0.018552303314208984
7.9354567527771,1.0380181074142456,0.26215842366218567,0.2596897482872009,-0.06300084292888641,5.905711650848389,139.59225463867188,-0.3867039680480957,144.31741333007812,0.20934085547924042,0.4059821367263794,-0.04145073890686035,1.0,0.0,12.303882598876953,-0.00923013687133789
7.935956954956055,1.022394061088562,0.33657771348953247,0.23551982641220093,-0.045325130224227905,5.9755072593688965,139.59225463867188,-0.31559085845947266,144.2735595703125,0.2115275263786316,0.4392554461956024,-0.08546733856201172,1.0,0.0,12.303882598876953,-0.007912635803222656
7.93645715713501,0.9921227097511292,0.4093054234981537,0.23713114857673645,-0.029510023072361946,6.032838344573975,128.98336791992188,-0.2449331283569336,144.21160888671875,0.14662940800189972,0.45123568177223206,-0.02127838134765625,1.0,0.0,12.303882598876953,0.005414009094238281
7.93695592880249,0.9657573103904724,0.4820334017276764,0.24518781900405884,-0.008113100193440914,6.097201824188232,128.98336791992188,-0.17500996589660645,144.11985778808594,0.14311131834983826,0.46626102924346924,-0.07507562637329102,1.0,0.0,12.303882598876953,0.010973453521728516
7.937456130981445,0.9286503195762634,0.5463044047355652,0.2500217854976654,0.009562608785927296,6.174159526824951,139.59225463867188,-0.10747575759887695,143.9293670654297,0.14291343092918396,0.4631165564060211,-0.14447689056396484,1.0,0.0,12.303882598876953,0.0015501976013183594
7.937955856323242,0.885684072971344,0.6139584183692932,0.24841046333312988,0.03654133155941963,6.243955135345459,139.59225463867188,-0.037662506103515625,143.83926391601562,0.0694771558046341,0.48586100339889526,-0.05666851997375488,1.0,0.0,12.303882598876953,0.001567840576171875
7.938456058502197,0.8368595242500305,0.6782290935516357,0.22746318578720093,0.04863522946834564,0.04318428039550781,150.3301239013672,0.03560280799865723,143.89576721191406,-0.02041562832891941,0.49837231636047363,0.053522586822509766,1.0,0.0,12.303882598876953,-0.007581472396850586
7.938955783843994,0.7841284871101379,0.7357352375984192,0.23551982641220093,0.05886854603886604,0.11834907531738281,150.3301239013672,0.10948991775512695,143.97743225097656,-0.057429760694503784,0.4886736273765564,0.055715084075927734,1.0,0.0,12.303882598876953,-0.00885915756225586
7.939455986022949,0.7304208874702454,0.7881668210029602,0.2677463889122009,0.08119575679302216,0.15579986572265625,118.2347640991211,0.17896676063537598,143.8717041015625,-0.018965797498822212,0.4793297052383423,-0.09185266494750977,1.0,0.0,12.303882598876953,0.023166894912719727
7.939956188201904,0.6679252982139587,0.842289924621582,0.24035382270812988,0.09701088070869446,0.21491622924804688,118.2347640991211,0.25287413597106934,143.95404052734375,-0.11659969389438629,0.46535980701446533,0.04077959060668945,1.0,0.0,12.303882598876953,0.03795790672302246
7.940455913543701,0.6132409572601318,0.882882297039032,0.21134991943836212,0.12119869142770767,0.3117790222167969,150.3301239013672,0.32565784454345703,143.9875946044922,-0.09745368361473083,0.4513820707798004,-0.06530380249023438,1.0,0.0,12.303882598876953,0.013878822326660156
7.940956115722656,0.5360979437828064,0.9353139996528625,0.24679912626743317,0.13050170242786407,0.3869438171386719,150.3301239013672,0.4001467227935791,144.09271240234375,-0.22582799196243286,0.4918266236782074,0.07865452766418457,1.0,0.0,12.303882598876953,0.013202905654907227
7.941454887390137,0.47164902091026306,0.9657580852508545,0.21296124160289764,0.14073500037193298,0.4619579315185547,150.3301239013672,0.47492241859436035,144.2073211669922,-0.24099017679691315,0.4811040163040161,0.037674665451049805,1.0,0.0,12.303882598876953,0.012964487075805664
7.941955089569092,0.39548182487487793,0.9962021708488464,0.19845928251743317,0.1639925092458725,0.5371246337890625,150.3301239013672,0.5506854057312012,144.36117553710938,-0.27106261253356934,0.4225302040576935,0.06810688972473145,1.0,0.0,12.303882598876953,0.013560771942138672
7.942454814910889,0.31736207008361816,1.0266464948654175,0.19845928251743317,0.1770167201757431,0.6122894287109375,150.3301239013672,0.6255483627319336,144.47349548339844,-0.29922667145729065,0.41189664602279663,0.051082611083984375,1.0,0.0,12.303882598876953,0.013258934020996094
7.942955017089844,0.24119526147842407,1.0435597896575928,0.16623273491859436,0.1863197535276413,0.6874542236328125,150.3301239013672,0.7026195526123047,144.67660522460938,-0.34375348687171936,0.37488070130348206,0.08807945251464844,1.0,0.0,12.303882598876953,0.015165328979492188
7.943454742431641,0.16502809524536133,1.0604733228683472,0.16462138295173645,0.2002742439508438,0.7660503387451172,153.2521209716797,0.7756569385528564,144.70603942871094,-0.3569045066833496,0.38811275362968445,0.016173839569091797,1.0,0.0,12.303882598876953,0.009606599807739258
7.943954944610596,0.08690833300352097,1.0672388076782227,0.1291721761226654,0.200274258852005,0.8426780700683594,153.2521209716797,0.8511111736297607,144.8365936279297,-0.3871423006057739,0.3230184018611908,0.07291603088378906,1.0,0.0,12.303882598876953,0.008433103561401367
7.944455146789551,0.004882523324340582,1.0672388076782227,0.15173077583312988,0.21329845488071442,0.9160213470458984,150.3301239013672,0.9261033535003662,144.9449462890625,-0.3939349949359894,0.2724016606807709,0.08838081359863281,1.0,0.0,12.303882598876953,0.010082006454467773
7.944954872131348,-0.07128440588712692,1.0672388076782227,0.10983625054359436,0.22632266581058502,0.9911861419677734,150.3301239013672,1.0025851726531982,145.1132354736328,-0.4336865544319153,0.2741653323173523,0.053057193756103516,1.0,0.0,12.303882598876953,0.011399030685424805
7.945455074310303,-0.1513572484254837,1.0570905208587646,0.10339091718196869,0.24492867290973663,1.054281234741211,139.59225463867188,1.0779345035552979,145.23072814941406,-0.43850037455558777,0.22387774288654327,0.0695028305053711,1.0,0.0,12.303882598876953,0.023653268814086914
7.945953845977783,-0.23143021762371063,1.0435597896575928,0.07438702881336212,0.23190447688102722,1.1239356994628906,139.59225463867188,1.1549656391143799,145.41635131835938,-0.5030463933944702,0.2021796554327011,0.0824899673461914,1.0,0.0,12.303882598876953,0.031029939651489258
7.946454048156738,-0.315408855676651,1.0266464948654175,0.08566631376743317,0.24213778972625732,1.1938915252685547,139.7319793701172,1.230905294418335,145.55230712890625,-0.5448524355888367,0.16041870415210724,0.10249662399291992,1.0,0.0,12.303882598876953,0.03701376914978027
7.946953773498535,-0.38767001032829285,0.9962021708488464,0.03893780708312988,0.2523711025714874,1.2637557983398438,139.7319793701172,1.3079020977020264,145.72979736328125,-0.5356816649436951,0.11607392132282257,0.09849119186401367,1.0,0.0,12.303882598876953,0.04414629936218262
7.94745397567749,-0.45993098616600037,0.9657580852508545,0.07116438448429108,0.27469831705093384,1.3455371856689453,150.3301239013672,1.3825323581695557,145.80389404296875,-0.49949538707733154,0.12039455771446228,0.0003399848937988281,1.0,0.0,12.303882598876953,0.03699517250061035
7.947954177856445,-0.5360978245735168,0.9285486340522766,0.009933903813362122,0.25051048398017883,1.4207019805908203,150.3301239013672,1.4583303928375244,145.92535400390625,-0.5795754194259644,0.06349154561758041,0.052206993103027344,1.0,0.0,12.303882598876953,0.0376284122467041
7.948453903198242,-0.6005465984344482,0.8845734000205994,-0.03034929931163788,0.25516200065612793,1.483795166015625,139.59225463867188,1.5327427387237549,145.9862823486328,-0.5468850135803223,0.018818458542227745,0.05253314971923828,1.0,0.0,12.303882598876953,0.04894757270812988
7.948954105377197,-0.6601130962371826,0.8355244398117065,-0.01906999945640564,0.25051048398017883,1.5535888671875,139.59225463867188,1.6072585582733154,146.0503387451172,-0.47037273645401,-0.023192886263132095,0.061740875244140625,1.0,0.0,12.303882598876953,0.05366969108581543
7.949453830718994,-0.7274916172027588,0.7864757776260376,-0.07385516166687012,0.25051048398017883,1.6354560852050781,150.3301239013672,1.6823952198028564,146.1391143798828,-0.5678043961524963,-0.07467536628246307,0.06815862655639648,1.0,0.0,12.303882598876953,0.04693913459777832
7.949953079223633,-0.7831516861915588,0.7306610941886902,-0.04162859916687012,0.25609228014945984,1.7104721069335938,150.3301239013672,1.7572734355926514,146.215087890625,-0.5255644917488098,-0.10103001445531845,0.05238962173461914,1.0,0.0,12.303882598876953,0.04680132865905762
7.95045280456543,-0.8378357887268066,0.6697726249694824,-0.06740985810756683,0.24306806921958923,1.7856369018554688,150.3301239013672,1.8321526050567627,146.28939819335938,-0.5243740677833557,-0.14230866730213165,0.05262565612792969,1.0,0.0,12.303882598876953,0.046515703201293945
7.950953006744385,-0.8876371383666992,0.6105755567550659,-0.08674578368663788,0.23190447688102722,1.8608016967773438,150.3301239013672,1.906001329421997,146.3188934326172,-0.5374409556388855,-0.15224850177764893,-0.010429859161376953,1.0,0.0,12.303882598876953,0.04519963264465332
7.95145320892334,-0.9325562119483948,0.539539098739624,-0.1044703871011734,0.2105075567960739,1.9361343383789062,150.48062133789062,1.979707956314087,146.34205627441406,-0.5224665403366089,-0.2214183807373047,0.040883541107177734,1.0,0.0,12.303882598876953,0.043573617935180664
7.951952934265137,-0.9745456576347351,0.4735770523548126,-0.13830828666687012,0.21515905857086182,2.0113773345947266,150.48062133789062,2.0519134998321533,146.301513671875,-0.5671281814575195,-0.22884805500507355,-0.049022674560546875,1.0,0.0,12.303882598876953,0.04053616523742676
7.952453136444092,-1.0087230205535889,0.4008486866950989,-0.120583675801754,0.2086469531059265,2.0623092651367188,128.85438537597656,2.1244070529937744,146.2738800048828,-0.5417361259460449,-0.2569018602371216,-0.062308311462402344,1.0,0.0,12.303882598876953,0.062097787857055664
7.952952861785889,-1.0380178689956665,0.3230469822883606,-0.1447535902261734,0.196553036570549,2.1267356872558594,128.85438537597656,2.195579767227173,146.19140625,-0.5100428462028503,-0.297367662191391,-0.048417091369628906,1.0,0.0,12.303882598876953,0.06884407997131348
7.953453063964844,-1.0653600692749023,0.2486279308795929,-0.17053484916687012,0.1816682368516922,2.2273731231689453,161.06797790527344,2.26662278175354,146.10488891601562,-0.5252870917320251,-0.32232749462127686,-0.09716129302978516,1.0,0.0,12.303882598876953,0.03924965858459473
7.953951835632324,-1.0721954107284546,0.169134721159935,-0.19631609320640564,0.15003801882266998,2.3077449798583984,161.06797790527344,2.33868670463562,146.06353759765625,-0.40275856852531433,-0.34896203875541687,-0.005274772644042969,1.0,0.0,12.303882598876953,0.03094172477722168
7.954452037811279,-1.0848900079727173,0.09302370995283127,-0.1930934339761734,0.1500380039215088,2.3641624450683594,139.59225463867188,2.4119298458099365,146.07225036621094,-0.4102048873901367,-0.34122177958488464,-0.09901046752929688,1.0,0.0,12.303882598876953,0.04776740074157715
7.954951763153076,-1.0966079235076904,0.011839404702186584,-0.17859147489070892,0.13050170242786407,2.4339561462402344,139.59225463867188,2.4816176891326904,145.93115234375,-0.44966548681259155,-0.39413487911224365,-0.1430988311767578,1.0,0.0,12.303882598876953,0.047661542892456055
7.955451965332031,-1.0839133262634277,-0.06765380501747131,-0.22209733724594116,0.11468658596277237,2.515981674194336,150.48062133789062,2.551744222640991,145.81222534179688,-0.32430189847946167,-0.3888029456138611,-0.05698394775390625,1.0,0.0,12.303882598876953,0.03576254844665527
7.955952167510986,-1.0839133262634277,-0.14883853495121002,-0.21081805229187012,0.08770786225795746,2.5912208557128906,150.48062133789062,2.6226513385772705,145.7279815673828,-0.33368462324142456,-0.46292123198509216,-0.05729341506958008,1.0,0.0,12.303882598876953,0.03143048286437988
7.956451892852783,-1.0673130750656128,-0.2317143827676773,-0.24304461479187012,0.10445328056812286,2.6542224884033203,139.59225463867188,2.694838762283325,145.69992065429688,-0.2542118728160858,-0.45644208788871765,-0.012896537780761719,1.0,0.0,12.303882598876953,0.04061627388000488
7.956952095031738,-1.05461847782135,-0.30105969309806824,-0.21565204858779907,0.040262531489133835,2.724018096923828,139.59225463867188,2.7658016681671143,145.619873046875,-0.3014172911643982,-0.4539867043495178,-0.16246318817138672,1.0,0.0,12.303882598876953,0.04178357124328613
7.957451820373535,-1.0282530784606934,-0.38055291771888733,-0.2414332926273346,0.043983735144138336,2.8060550689697266,150.48062133789062,2.836538076400757,145.53306579589844,-0.22926700115203857,-0.481990247964859,-0.09081268310546875,1.0,0.0,12.303882598876953,0.030483007431030273
7.957951068878174,-0.9940757155418396,-0.4600456953048706,-0.25271257758140564,0.01886562444269657,2.881143569946289,150.48062133789062,2.908299207687378,145.49093627929688,-0.166902095079422,-0.5428897142410278,-0.016546249389648438,1.0,0.0,12.303882598876953,0.027155637741088867
7.958450794219971,-0.9657571315765381,-0.5226253271102905,-0.22854265570640564,0.004911104682832956,2.9562129974365234,150.3301239013672,2.979769468307495,145.43728637695312,-0.17619764804840088,-0.49173375964164734,-0.13433170318603516,1.0,0.0,12.303882598876953,0.02355647087097168
7.958950996398926,-0.9247441291809082,-0.5936619639396667,-0.23659929633140564,-0.014625206589698792,3.0313777923583984,150.3301239013672,3.0464484691619873,145.18348693847656,-0.15988373756408691,-0.5066304802894592,-0.16283893585205078,1.0,0.0,12.303882598876953,0.015070676803588867
7.959451198577881,-0.87006014585495,-0.6613160371780396,-0.26882585883140564,-0.040673624724149704,3.1065425872802734,150.3301239013672,3.1164844036102295,145.0763397216797,-0.030549462884664536,-0.49086686968803406,0.011353492736816406,1.0,0.0,12.303882598876953,0.009941816329956055
7.959950923919678,-0.8192824721336365,-0.7222045660018921,-0.23498797416687012,-0.05834934115409851,3.1817092895507812,150.3301239013672,-3.0940816402435303,145.07907104492188,-0.008518592454493046,-0.5029464960098267,-0.01616048812866211,1.0,0.0,12.303882598876953,0.007394313812255859
7.960451126098633,-0.7694807052612305,-0.7814013957977295,-0.23015399277210236,-0.07416445761919022,3.232736587524414,128.85438537597656,-3.0227785110473633,145.027099609375,0.02185685932636261,-0.5178342461585999,-0.02841329574584961,1.0,0.0,12.303882598876953,0.02767038345336914
7.96095085144043,-0.7079616189002991,-0.8338331580162048,-0.23498797416687012,-0.08997956663370132,3.2971630096435547,128.85438537597656,-2.9499809741973877,145.0391082763672,0.06944699585437775,-0.48330309987068176,-0.0005576610565185547,1.0,0.0,12.303882598876953,0.0360417366027832
7.961451053619385,-0.6415594816207886,-0.8811907172203064,-0.23821061849594116,-0.09184016287326813,3.3857288360595703,150.3301239013672,-2.876577615737915,145.07650756835938,0.13098205626010895,-0.4634760320186615,0.05901050567626953,1.0,0.0,12.303882598876953,0.020879268646240234
7.961950778961182,-0.5751575827598572,-0.9285483956336975,-0.21404069662094116,-0.11509767919778824,3.4608936309814453,150.3301239013672,-2.8031039237976074,145.115478515625,0.1454731523990631,-0.46420204639434814,0.013623714447021484,1.0,0.0,12.303882598876953,0.01918792724609375
7.96245002746582,-0.508755624294281,-0.962375283241272,-0.18825945258140564,-0.13928548991680145,3.5360774993896484,150.48062133789062,-2.7278401851654053,145.22914123535156,0.17073072493076324,-0.42457258701324463,0.017058849334716797,1.0,0.0,12.303882598876953,0.019267559051513672
7.962949752807617,-0.4325888156890869,-0.9995852112770081,-0.17053484916687012,-0.15696121752262115,3.611318588256836,150.48062133789062,-2.654653549194336,145.25323486328125,0.23520798981189728,-0.4358927309513092,0.0565335750579834,1.0,0.0,12.303882598876953,0.01721334457397461
7.963449954986572,-0.36423397064208984,-1.0232640504837036,-0.14958757162094116,-0.16905511915683746,3.686220169067383,150.17994689941406,-2.5796899795532227,145.35157775878906,0.2303570955991745,-0.3881590962409973,0.0222322940826416,1.0,0.0,12.303882598876953,0.017275333404541016
7.963950157165527,-0.27634891867637634,-1.0503252744674683,-0.1850367933511734,-0.18393993377685547,3.761310577392578,150.17994689941406,-2.5052428245544434,145.42625427246094,0.30307236313819885,-0.39291104674339294,0.06943678855895996,1.0,0.0,12.303882598876953,0.016632080078125
7.964449882507324,-0.200182244181633,-1.0706217288970947,-0.1769801676273346,-0.21091866493225098,3.824666976928711,139.7319793701172,-2.4290125370025635,145.57427978515625,0.35313722491264343,-0.39424869418144226,0.06666421890258789,1.0,0.0,12.303882598876953,0.029506206512451172
7.964950084686279,-0.11425051093101501,-1.0807697772979736,-0.1608668714761734,-0.20719745755195618,3.894533157348633,139.7319793701172,-2.3528974056243896,145.7138671875,0.39063096046447754,-0.347285658121109,0.10437774658203125,1.0,0.0,12.303882598876953,0.03575468063354492
7.965449810028076,-0.03222470358014107,-1.0807697772979736,-0.1205836832523346,-0.21184895932674408,3.9883804321289062,161.06797790527344,-2.275322198867798,145.91233825683594,0.4666638672351837,-0.28269338607788086,0.20937848091125488,1.0,0.0,12.303882598876953,0.019483089447021484
7.965950012207031,0.03222445771098137,-1.0773868560791016,-0.09319110214710236,-0.2295246571302414,4.068914413452148,161.06797790527344,-2.2001097202301025,146.00648498535156,0.31484857201576233,-0.28897812962532043,-0.06487488746643066,1.0,0.0,12.303882598876953,0.01416158676147461
7.966450214385986,0.11815667152404785,-1.074004054069519,-0.0964137464761734,-0.2462700754404068,4.149448394775391,161.06797790527344,-2.124159812927246,146.13084411621094,0.42397403717041016,-0.2539581060409546,0.06265044212341309,1.0,0.0,12.303882598876953,0.009577274322509766
7.966948986053467,0.19236989319324493,-1.0604733228683472,-0.08674578368663788,-0.236967071890831,4.229822158813477,161.06797790527344,-2.0485026836395264,146.2393341064453,0.3805997371673584,-0.23880541324615479,-0.034050941467285156,1.0,0.0,12.303882598876953,0.004860401153564453
7.967449188232422,0.2841607630252838,-1.0469428300857544,-0.0722438246011734,-0.2565034031867981,4.274324417114258,128.98336791992188,-1.971082091331482,146.42034912109375,0.5267651081085205,-0.19398316740989685,0.09664797782897949,1.0,0.0,12.303882598876953,0.03777885437011719
7.967948913574219,0.35642197728157043,-1.0131157636642456,-0.056130558252334595,-0.2546427845954895,4.338815689086914,128.98336791992188,-1.8943729400634766,146.56736755371094,0.44578373432159424,-0.11898355931043625,0.11206698417663574,1.0,0.0,12.303882598876953,0.04999685287475586
7.968449115753174,0.43844807147979736,-0.9826716780662537,-0.03034929931163788,-0.2565034031867981,4.439371109008789,161.06797790527344,-1.815853238105774,146.78758239746094,0.5421535968780518,-0.06064920872449875,0.18334317207336426,1.0,0.0,12.303882598876953,0.027961254119873047
7.968948841094971,0.5107088088989258,-0.9488445520401001,-0.020681336522102356,-0.2602245807647705,4.519905090332031,161.06797790527344,-1.7368913888931274,147.02145385742188,0.5283463001251221,-0.05145077779889107,0.11851739883422852,1.0,0.0,12.303882598876953,0.026389122009277344
7.969449043273926,0.5761343240737915,-0.8997954726219177,-0.006179392337799072,-0.2592943012714386,4.588369369506836,150.3301239013672,-1.6579673290252686,147.24916076660156,0.4792684018611908,0.043216779828071594,0.2271273136138916,1.0,0.0,12.303882598876953,0.03684854507446289
7.969948768615723,0.652301013469696,-0.8625860810279846,0.021213188767433167,-0.2658064067363739,4.663534164428711,150.3301239013672,-1.5782525539398193,147.5047149658203,0.5698198676109314,0.018621133640408516,0.0896608829498291,1.0,0.0,12.303882598876953,0.04139852523803711
7.970448970794678,0.7050319314002991,-0.8050801753997803,0.053439751267433167,-0.2602245807647705,4.750768661499023,161.06797790527344,-1.5004448890686035,147.67510986328125,0.5117495656013489,0.0676385909318924,0.11074042320251465,1.0,0.0,12.303882598876953,0.03197193145751953
7.970947742462158,0.7743633389472961,-0.7526488304138184,0.061496391892433167,-0.2555730938911438,4.831142425537109,161.06797790527344,-1.422266960144043,147.85748291015625,0.5576978325843811,0.10059016197919846,0.07953143119812012,1.0,0.0,12.303882598876953,0.02977609634399414
7.971447944641113,0.8280706405639648,-0.686686098575592,0.10177960991859436,-0.2434791922569275,4.87550163269043,128.85438537597656,-1.3447904586791992,148.00657653808594,0.5647362470626831,0.17422951757907867,0.12308859825134277,1.0,0.0,12.303882598876953,0.06289339065551758
7.971948146820068,0.8837316036224365,-0.6308715343475342,0.059885069727897644,-0.2248731553554535,4.9399261474609375,128.85438537597656,-1.2674764394760132,148.1455535888672,0.5660476684570312,0.17322580516338348,0.043213605880737305,1.0,0.0,12.303882598876953,0.07578277587890625
7.972447872161865,0.9179084897041321,-0.5581439733505249,0.11789289116859436,-0.2341761738061905,5.040712356567383,161.2292022705078,-1.1930007934570312,148.1626739501953,0.5049850344657898,0.19268293678760529,0.03624844551086426,1.0,0.0,12.303882598876953,0.04947233200073242
7.97294807434082,0.9569687247276306,-0.4837247133255005,0.15656474232673645,-0.2285943627357483,5.121326446533203,161.2292022705078,-1.1170241832733154,148.24227905273438,0.4606751501560211,0.2388431280851364,0.07425546646118164,1.0,0.0,12.303882598876953,0.04483461380004883
7.973447799682617,0.9940755367279053,-0.412688285112381,0.14367413520812988,-0.21557015180587769,5.189689636230469,150.3301239013672,-1.0405972003936768,148.33877563476562,0.4826110899448395,0.2665915787220001,0.024020910263061523,1.0,0.0,12.303882598876953,0.05289888381958008
7.973948001861572,1.0214177370071411,-0.3382689952850342,0.15495343506336212,-0.18673084676265717,5.264856338500977,150.3301239013672,-0.9652202129364014,148.38938903808594,0.44031965732574463,0.30430471897125244,0.0488126277923584,1.0,0.0,12.303882598876953,0.05310869216918945
7.974448204040527,1.0438767671585083,-0.2587758004665375,0.17590069770812988,-0.18766112625598907,5.352088928222656,161.06797790527344,-0.890521764755249,148.4103546142578,0.4279091954231262,0.32749083638191223,0.022522687911987305,1.0,0.0,12.303882598876953,0.04057455062866211
7.974946975708008,1.0634068250656128,-0.18435654044151306,0.17912335693836212,-0.16347332298755646,5.432462692260742,161.06797790527344,-0.8152852058410645,148.4535675048828,0.40085890889167786,0.3484044075012207,0.009511232376098633,1.0,0.0,12.303882598876953,0.035437583923339844
7.975447177886963,1.0712188482284546,-0.10317223519086838,0.1775120347738266,-0.14951881766319275,5.4768218994140625,128.85438537597656,-0.7408051490783691,148.46420288085938,0.3371732532978058,0.37045711278915405,0.052107810974121094,1.0,0.0,12.303882598876953,0.06555843353271484
7.97594690322876,1.0780541896820068,-0.02367880940437317,0.20490460097789764,-0.12998250126838684,5.54124641418457,128.85438537597656,-0.6669285297393799,148.44932556152344,0.3330993354320526,0.4025120735168457,0.025194883346557617,1.0,0.0,12.303882598876953,0.07501077651977539
7.976447105407715,1.0761016607284546,0.054123084992170334,0.2258518636226654,-0.11602798104286194,5.629793167114258,150.3301239013672,-0.5922393798828125,148.4689178466797,0.3170061409473419,0.4075298309326172,-0.019460439682006836,1.0,0.0,12.303882598876953,0.06115293502807617
7.976946830749512,1.0682896375656128,0.13530761003494263,0.2177952229976654,-0.09277046471834183,5.704957962036133,150.3301239013672,-0.5177407264709473,148.48001098632812,0.2768494188785553,0.4319460690021515,-0.0027599334716796875,1.0,0.0,12.303882598876953,0.060486793518066406
7.977447032928467,1.053641676902771,0.21480081975460052,0.21296124160289764,-0.09184017032384872,5.780292510986328,150.48062133789062,-0.44475436210632324,148.4274444580078,0.21890945732593536,0.42814502120018005,0.02167034149169922,1.0,0.0,12.303882598876953,0.058138370513916016
7.977946758270264,1.0389946699142456,0.29429423809051514,0.22746318578720093,-0.05741904303431511,5.855533599853516,150.48062133789062,-0.3717377185821533,148.3771514892578,0.20298150181770325,0.4570344388484955,0.0032448768615722656,1.0,0.0,12.303882598876953,0.05591440200805664
7.978446960449219,1.0145821571350098,0.37040460109710693,0.2419651448726654,-0.0378827340900898,5.930601119995117,150.3301239013672,-0.2988266944885254,148.3236846923828,0.15923745930194855,0.480660080909729,0.02847146987915039,1.0,0.0,12.303882598876953,0.053757667541503906
7.978946208953857,0.9833340644836426,0.44482386112213135,0.24518780410289764,-0.022997915744781494,6.005617141723633,150.3301239013672,-0.2251145839691162,148.3048553466797,0.13079047203063965,0.49542340636253357,0.01650404930114746,1.0,0.0,12.303882598876953,0.05245351791381836
7.979445934295654,0.9442738890647888,0.512477695941925,0.2564671039581299,0.002120204269886017,6.05681037902832,128.98336791992188,-0.15303444862365723,148.21800231933594,0.07163501530885696,0.4566546380519867,0.04703021049499512,1.0,0.0,12.303882598876953,0.07334089279174805
7.979946136474609,0.9120498299598694,0.5818228125572205,0.23068585991859436,0.011423219926655293,6.121301651000977,128.98336791992188,-0.07899975776672363,148.21469116210938,0.08585303276777267,0.48473355174064636,-0.04709434509277344,1.0,0.0,12.303882598876953,0.08288431167602539
7.980445861816406,0.8651776313781738,0.6494765877723694,0.24357646703720093,0.03747162967920303,6.197719573974609,139.59225463867188,-0.007670402526855469,148.09811401367188,0.04978786036372185,0.4959906339645386,-0.04319572448730469,1.0,0.0,12.303882598876953,0.07779550552368164
7.980946063995361,0.8085405230522156,0.7137477397918701,0.26935774087905884,0.04119284451007843,6.267513275146484,139.59225463867188,0.06643915176391602,148.1009979248047,-0.046984706073999405,0.4945639967918396,0.07796597480773926,1.0,0.0,12.303882598876953,0.08211135864257812
7.981445789337158,0.7577627301216125,0.7746360898017883,0.2258518636226654,0.08863817155361176,0.07826471328735352,161.06797790527344,0.1398029327392578,148.0722198486328,-0.06898602843284607,0.53437739610672,0.03809380531311035,1.0,0.0,12.303882598876953,0.0615382194519043
7.981945991516113,0.6942903995513916,0.8236852288246155,0.2419651448726654,0.08305636048316956,0.1587986946105957,161.06797790527344,0.21526479721069336,148.13198852539062,-0.10287085920572281,0.4629557132720947,0.05298042297363281,1.0,0.0,12.303882598876953,0.056466102600097656
7.982446193695068,0.6347238421440125,0.8727342486381531,0.22101788222789764,0.11189568787813187,0.20326852798461914,128.98336791992188,0.2890005111694336,148.1180877685547,-0.1302010715007782,0.47746995091438293,0.026694774627685547,1.0,0.0,12.303882598876953,0.08573198318481445
7.982945919036865,0.5673455595970154,0.91501784324646,0.2596897482872009,0.12305928766727448,0.2677597999572754,128.98336791992188,0.3664064407348633,148.25912475585938,-0.1621539443731308,0.4543575048446655,0.025912046432495117,1.0,0.0,12.303882598876953,0.09864664077758789
7.983445167541504,0.4931317865848541,0.9589928984642029,0.22907452285289764,0.14259560406208038,0.35594797134399414,150.17994689941406,0.44309544563293457,148.36685180664062,-0.2509337365627289,0.4951048195362091,0.07576727867126465,1.0,0.0,12.303882598876953,0.08714747428894043
7.983944892883301,0.42672955989837646,0.9928197264671326,0.19684796035289764,0.15003801882266998,0.43103837966918945,150.17994689941406,0.5209457874298096,148.52093505859375,-0.2108130306005478,0.4621058702468872,-0.043628692626953125,1.0,0.0,12.303882598876953,0.08990740776062012
7.984445095062256,0.33884525299072266,1.0232640504837036,0.2016819268465042,0.1788773238658905,0.5064663887023926,150.48062133789062,0.5956399440765381,148.53944396972656,-0.31496381759643555,0.43147605657577515,0.08477902412414551,1.0,0.0,12.303882598876953,0.08917355537414551
7.984944820404053,0.262677937746048,1.0401774644851685,0.18395733833312988,0.1872500330209732,0.5817074775695801,150.48062133789062,0.6750543117523193,148.75567626953125,-0.33357787132263184,0.3844778537750244,0.08952999114990234,1.0,0.0,12.303882598876953,0.09334683418273926
7.985445022583008,0.18651151657104492,1.0570905208587646,0.15173077583312988,0.2039954513311386,0.668846607208252,161.06797790527344,0.7522728443145752,148.8748321533203,-0.3356993794441223,0.38126543164253235,0.019356250762939453,1.0,0.0,12.303882598876953,0.08342623710632324
7.985944747924805,0.10643842071294785,1.074004054069519,0.1372288167476654,0.2105075567960739,0.7493805885314941,161.06797790527344,0.82834792137146,148.94383239746094,-0.39518100023269653,0.3846284747123718,0.020308494567871094,1.0,0.0,12.303882598876953,0.07896733283996582
7.98644495010376,0.014647447504103184,1.0706217288970947,0.14850813150405884,0.23004387319087982,0.8057751655578613,139.59225463867188,0.9048535823822021,149.0294952392578,-0.43479353189468384,0.2768956422805786,0.14916610717773438,1.0,0.0,12.303882598876953,0.09907841682434082
7.986945152282715,-0.05956639349460602,1.074004054069519,0.11950421333312988,0.23004387319087982,0.8755707740783691,139.59225463867188,0.9831268787384033,149.1870880126953,-0.4397357702255249,0.29608067870140076,0.04498910903930664,1.0,0.0,12.303882598876953,0.10755610466003418
7.987444877624512,-0.14159232378005981,1.0604733228683472,0.1050022542476654,0.24027718603610992,0.9574360847473145,150.3301239013672,1.0597569942474365,149.2727508544922,-0.44588208198547363,0.2272036075592041,0.08990049362182617,1.0,0.0,12.303882598876953,0.10232090950012207
7.98794412612915,-0.22166503965854645,1.0503252744674683,0.07599835097789764,0.24213778972625732,1.03245210647583,150.3301239013672,1.1364967823028564,149.36109924316406,-0.47050657868385315,0.21487781405448914,0.055907249450683594,1.0,0.0,12.303882598876953,0.10404467582702637
7.988443851470947,-0.31150293350219727,1.0334117412567139,0.07116436958312988,0.24306809902191162,1.119856357574463,161.2292022705078,1.213623285293579,149.46405029296875,-0.5982716679573059,0.18388356268405914,0.10925149917602539,1.0,0.0,12.303882598876953,0.09376692771911621
7.988944053649902,-0.38181087374687195,1.0063505172729492,0.06794171035289764,0.25981348752975464,1.2004704475402832,161.2292022705078,1.2908289432525635,149.56785583496094,-0.4967195391654968,0.14871782064437866,0.03907442092895508,1.0,0.0,12.303882598876953,0.09035849571228027
7.989443778991699,-0.45602479577064514,0.9725233912467957,0.0324925035238266,0.25237107276916504,1.2688355445861816,150.3301239013672,1.3674280643463135,149.64398193359375,-0.5183135867118835,0.12152156978845596,0.02304363250732422,1.0,0.0,12.303882598876953,0.09859251976013184
7.989943981170654,-0.5243796706199646,0.9353139996528625,0.022824525833129883,0.23004387319087982,1.3440003395080566,150.3301239013672,1.4433786869049072,149.6912841796875,-0.50081467628479,0.08277010172605515,0.013575077056884766,1.0,0.0,12.303882598876953,0.09937834739685059
7.990444183349609,-0.6024996638298035,0.8947219252586365,0.01315656304359436,0.26353469491004944,1.4191632270812988,150.3301239013672,1.518705129623413,149.71160888671875,-0.553459882736206,0.05169231444597244,0.008897781372070312,1.0,0.0,12.303882598876953,0.09954190254211426
7.990943908691406,-0.663042426109314,0.8439812660217285,-0.025515317916870117,0.24678927659988403,1.4943299293518066,150.3301239013672,1.5958106517791748,149.80599975585938,-0.49712973833084106,-0.004231657832860947,0.03356742858886719,1.0,0.0,12.303882598876953,0.10148072242736816
7.991444110870361,-0.7284679412841797,0.7915494441986084,-0.03518328070640564,0.25051048398017883,1.5694947242736816,150.3301239013672,1.6718533039093018,149.85386657714844,-0.5190935134887695,-0.04605945572257042,0.03754377365112305,1.0,0.0,12.303882598876953,0.10235857963562012
7.991942882537842,-0.7919403910636902,0.7357352375984192,-0.05451922118663788,0.24120748043060303,1.6445088386535645,150.3301239013672,1.7478563785552979,149.89889526367188,-0.552090585231781,-0.07745013386011124,0.012327194213867188,1.0,0.0,12.303882598876953,0.1033475399017334
7.992443084716797,-0.8417418599128723,0.6697728037834167,-0.0641871839761734,0.23748628795146942,1.7317357063293457,161.06797790527344,1.823302984237671,149.9199676513672,-0.5179233551025391,-0.13824132084846497,0.058539390563964844,1.0,0.0,12.303882598876953,0.0915672779083252
7.992942810058594,-0.8983787894248962,0.6055018305778503,-0.09319110214710236,0.22818328440189362,1.812269687652588,161.06797790527344,1.899113416671753,149.95553588867188,-0.5617715716362,-0.18453659117221832,0.039211273193359375,1.0,0.0,12.303882598876953,0.08684372901916504
7.993443012237549,-0.9384152293205261,0.5361567139625549,-0.09963640570640564,0.21329845488071442,1.8929829597473145,161.2292022705078,1.9743545055389404,149.96652221679688,-0.5045211911201477,-0.20001699030399323,0.023965835571289062,1.0,0.0,12.303882598876953,0.08137154579162598
7.993943214416504,-0.9862635731697083,0.4668113589286804,-0.13025164604187012,0.2123681604862213,1.9735970497131348,161.2292022705078,2.048661470413208,149.9378204345703,-0.5686999559402466,-0.22686541080474854,-0.048520565032958984,1.0,0.0,12.303882598876953,0.07506442070007324
7.994442939758301,-1.0175114870071411,0.3856266438961029,-0.14958758652210236,0.2049257606267929,2.017822742462158,128.85438537597656,2.123124837875366,149.91665649414062,-0.5118587017059326,-0.29362183809280396,0.018525123596191406,1.0,0.0,12.303882598876953,0.10530209541320801
7.994943141937256,-1.0458300113677979,0.309516042470932,-0.15442156791687012,0.1872500479221344,2.082249164581299,128.85438537597656,2.1973345279693604,149.8850555419922,-0.5051743388175964,-0.3086649775505066,-0.02822732925415039,1.0,0.0,12.303882598876953,0.11508536338806152
7.995442867279053,-1.060477375984192,0.2300228476524353,-0.20276141166687012,0.1593410223722458,2.182884693145752,161.06797790527344,2.2713940143585205,149.8478546142578,-0.43601295351982117,-0.31752604246139526,-0.02130889892578125,1.0,0.0,12.303882598876953,0.08850932121276855
7.995942115783691,-1.0858665704727173,0.1522211730480194,-0.1769801527261734,0.1630622297525406,2.263258457183838,161.06797790527344,2.344905138015747,149.7883758544922,-0.4642734229564667,-0.3494614362716675,-0.07928657531738281,1.0,0.0,12.303882598876953,0.08164668083190918
7.996441841125488,-1.0975843667984009,0.0710364282131195,-0.18181413412094116,0.15096831321716309,2.34379243850708,161.06797790527344,2.4189350605010986,149.751953125,-0.4368332028388977,-0.3821146488189697,-0.0798797607421875,1.0,0.0,12.303882598876953,0.07514262199401855
7.996942043304443,-1.1073492765426636,-0.013530930504202843,-0.18342547118663788,0.12026839703321457,2.424328327178955,161.06797790527344,2.489783525466919,149.5826416015625,-0.4495198428630829,-0.4399201273918152,-0.09492349624633789,1.0,0.0,12.303882598876953,0.06545519828796387
7.99744176864624,-1.09856116771698,-0.09640676528215408,-0.19470477104187012,0.11747749894857407,2.5048623085021973,161.06797790527344,2.5624964237213135,149.49546813964844,-0.35986772179603577,-0.43200069665908813,-0.06591081619262695,1.0,0.0,12.303882598876953,0.05763411521911621
7.997941970825195,-1.0868428945541382,-0.1775915026664734,-0.23498797416687012,0.06072913855314255,2.5853962898254395,161.06797790527344,2.634547472000122,149.38197326660156,-0.3307512700557709,-0.4477293789386749,-0.07975006103515625,1.0,0.0,12.303882598876953,0.04915118217468262
7.99844217300415,-1.0682893991470337,-0.26384955644607544,-0.2414332926273346,0.06445034593343735,2.641968250274658,139.7319793701172,2.709021806716919,149.37322998046875,-0.2528592050075531,-0.4973987340927124,0.012090682983398438,1.0,0.0,12.303882598876953,0.06705355644226074
7.998941898345947,-1.0575480461120605,-0.33657747507095337,-0.22370867431163788,0.05049584433436394,2.71183443069458,139.7319793701172,2.7809221744537354,149.25546264648438,-0.3271394968032837,-0.4753929674625397,-0.19311761856079102,1.0,0.0,12.303882598876953,0.06908774375915527
7.999442100524902,-1.025323510169983,-0.4126884937286377,-0.2414332777261734,0.042123131453990936,2.7937817573547363,150.48062133789062,2.8533804416656494,149.1644287109375,-0.2565653622150421,-0.4658636450767517,-0.16617107391357422,1.0,0.0,12.303882598876953,0.059598684310913086
7.999940872192383,-0.9852870106697083,-0.495564341545105,-0.2591578960418701,0.015144417993724346,2.8688721656799316,150.48062133789062,2.9262287616729736,149.09161376953125,-0.1788947433233261,-0.5278363227844238,-0.06197547912597656,1.0,0.0,12.303882598876953,0.05735659599304199
8.00044059753418,-0.9472036361694336,-0.5682923197746277,-0.24787859618663788,-0.0043919021263718605,2.943941593170166,150.3301239013672,3.0013954639434814,149.1174774169922,-0.12634986639022827,-0.5145308971405029,-0.05111551284790039,1.0,0.0,12.303882598876953,0.05745387077331543
8.000941276550293,-0.9003316760063171,-0.6359456777572632,-0.21404071152210236,-0.027649419382214546,3.0191073417663574,150.3301239013672,3.072638750076294,148.97796630859375,-0.08947129547595978,-0.5022863149642944,-0.05791473388671875,1.0,0.0,12.303882598876953,0.05353140830993652
8.00144100189209,-0.8495538234710693,-0.7035996317863464,-0.26238054037094116,-0.06300083547830582,3.082047939300537,139.45278930664062,-3.136507987976074,148.95936584472656,-0.03489397093653679,-0.5272812843322754,-0.021608591079711914,1.0,0.0,12.303882598876953,0.06462955474853516
8.001940727233887,-0.7997522950172424,-0.7627964615821838,-0.2414332926273346,-0.06393115222454071,3.1517739295959473,139.45278930664062,-3.062110662460327,148.95565795898438,-0.04479243606328964,-0.503341794013977,-0.11909031867980957,1.0,0.0,12.303882598876953,0.06930112838745117
8.00244140625,-0.7440919876098633,-0.8186110854148865,-0.21242937445640564,-0.07323414832353592,3.2340521812438965,150.6313934326172,-2.990455389022827,148.83700561523438,-0.005213410593569279,-0.5020546317100525,-0.11238527297973633,1.0,0.0,12.303882598876953,0.05867815017700195
8.002941131591797,-0.6669485569000244,-0.8778083324432373,-0.22209733724594116,-0.09556136280298233,3.3093676567077637,150.6313934326172,-2.918036460876465,148.7533416748047,0.11063399910926819,-0.5028289556503296,0.04277348518371582,1.0,0.0,12.303882598876953,0.05578136444091797
8.003440856933594,-0.6064055562019348,-0.921782910823822,-0.22693133354187012,-0.12254009395837784,3.3962435722351074,160.90707397460938,-2.8412203788757324,148.8558349609375,0.10785818845033646,-0.5105798244476318,-0.042752742767333984,1.0,0.0,12.303882598876953,0.04572153091430664
8.00394058227539,-0.5321916341781616,-0.962375283241272,-0.19631610810756683,-0.14021581411361694,3.476698398590088,160.90707397460938,-2.7669315338134766,148.84976196289062,0.14998584985733032,-0.4667496681213379,-0.014191150665283203,1.0,0.0,12.303882598876953,0.03955554962158203
8.004440307617188,-0.4638369083404541,-0.98943692445755,-0.21242937445640564,-0.14393700659275055,3.5573525428771973,161.2292022705078,-2.6921958923339844,148.86244201660156,0.09878632426261902,-0.38312098383903503,-0.14805150032043457,1.0,0.0,12.303882598876953,0.033637046813964844
8.004940032958984,-0.3720459043979645,-1.0334117412567139,-0.20759539306163788,-0.16719451546669006,3.6379666328430176,161.2292022705078,-2.616472005844116,148.91732788085938,0.2899463176727295,-0.4340325593948364,0.11393380165100098,1.0,0.0,12.303882598876953,0.028747081756591797
8.005439758300781,-0.2978319823741913,-1.0570905208587646,-0.19148212671279907,-0.19324293732643127,3.694105625152588,139.45278930664062,-2.5388495922088623,149.0502471923828,0.3025064170360565,-0.415009468793869,0.07712578773498535,1.0,0.0,12.303882598876953,0.05023050308227539
8.005940437316895,-0.21385343372821808,-1.0773868560791016,-0.16570088267326355,-0.19882476329803467,3.7638325691223145,139.45278930664062,-2.4595139026641846,149.25221252441406,0.34708139300346375,-0.39192017912864685,0.09285187721252441,1.0,0.0,12.303882598876953,0.05983877182006836
8.006440162658691,-0.12596851587295532,-1.08753502368927,-0.21242937445640564,-0.21091865003108978,3.8459420204162598,150.48062133789062,-2.3809142112731934,149.419189453125,0.37873202562332153,-0.34035712480545044,0.1283721923828125,1.0,0.0,12.303882598876953,0.05632925033569336
8.006939888000488,-0.04003654420375824,-1.0943005084991455,-0.1528102457523346,-0.22859437763690948,3.921182155609131,150.48062133789062,-2.302241802215576,149.5851287841797,0.4180524945259094,-0.3305617570877075,0.1127169132232666,1.0,0.0,12.303882598876953,0.05976152420043945
8.007439613342285,0.036130379885435104,-1.0909175872802734,-0.10124774277210236,-0.21929137408733368,4.008322238922119,161.06797790527344,-2.222985029220581,149.77264404296875,0.4324493706226349,-0.27629274129867554,0.13413405418395996,1.0,0.0,12.303882598876953,0.05187845230102539
8.007940292358398,0.11620322614908218,-1.0841522216796875,-0.11736100912094116,-0.22301256656646729,4.088856220245361,161.06797790527344,-2.145975351333618,149.861572265625,0.38893672823905945,-0.2727435529232025,0.013616323471069336,1.0,0.0,12.303882598876953,0.04835367202758789
8.008440017700195,0.20408815145492554,-1.0706217288970947,-0.08674578368663788,-0.2351064831018448,4.1693902015686035,161.06797790527344,-2.067150115966797,150.0254364013672,0.4907594323158264,-0.2088315188884735,0.14464402198791504,1.0,0.0,12.303882598876953,0.046645164489746094
8.008938789367676,0.2783023715019226,-1.0503252744674683,-0.035183295607566833,-0.2481306791305542,4.249764919281006,161.06797790527344,-1.9884380102157593,150.18077087402344,0.46063727140426636,-0.19259580969810486,0.07197880744934082,1.0,0.0,12.303882598876953,0.0449824333190918
8.009438514709473,0.36228063702583313,-1.0232640504837036,-0.03840593993663788,-0.2444094866514206,4.306179523468018,139.59225463867188,-1.9095667600631714,150.33985900878906,0.4868541657924652,-0.1361323744058609,0.11671280860900879,1.0,0.0,12.303882598876953,0.06743907928466797
8.009939193725586,0.4423537254333496,-0.9928197264671326,-0.040017277002334595,-0.2490609884262085,4.375976085662842,139.59225463867188,-1.8308485746383667,150.48887634277344,0.49639421701431274,-0.11573021858930588,0.08149981498718262,1.0,0.0,12.303882598876953,0.07636070251464844
8.010438919067383,0.5165679454803467,-0.9488445520401001,-0.020681336522102356,-0.2509215772151947,4.4700703620910645,161.2292022705078,-1.7515482902526855,150.65963745117188,0.495006799697876,-0.026940472424030304,0.1773364543914795,1.0,0.0,12.303882598876953,0.061566829681396484
8.01093864440918,0.5917582511901855,-0.9133265614509583,0.0050999075174331665,-0.2565034031867981,4.550684452056885,161.2292022705078,-1.6719766855239868,150.83775329589844,0.5333535075187683,-0.032906148582696915,0.09021210670471191,1.0,0.0,12.303882598876953,0.06052446365356445
8.011439323425293,0.6659717559814453,-0.8659689426422119,-0.0013453960418701172,-0.2397579848766327,4.619048595428467,150.3301239013672,-1.5930993556976318,150.98306274414062,0.5670692324638367,0.018900668248534203,0.10638737678527832,1.0,0.0,12.303882598876953,0.07103776931762695
8.01193904876709,0.7353034019470215,-0.8135370016098022,0.014767885208129883,-0.2509215772151947,4.694214344024658,150.3301239013672,-1.5135674476623535,151.15293884277344,0.6039257049560547,0.04531191661953926,0.06832361221313477,1.0,0.0,12.303882598876953,0.07540369033813477
8.012438774108887,0.7870576977729797,-0.7509571313858032,0.08727765083312988,-0.2444094866514206,4.769379138946533,150.3301239013672,-1.4358959197998047,151.24095153808594,0.5554062724113464,0.08556825667619705,0.06865644454956055,1.0,0.0,12.303882598876953,0.0779104232788086
8.012937545776367,0.8436951041221619,-0.6934514045715332,0.06794171035289764,-0.2388276606798172,4.844394207000732,150.3301239013672,-1.3588143587112427,151.30194091796875,0.5613301992416382,0.07795701920986176,-0.02365708351135254,1.0,0.0,12.303882598876953,0.07997703552246094
8.01343822479248,0.897402286529541,-0.6207236051559448,0.09050029516220093,-0.2388276606798172,4.90749979019165,139.59225463867188,-1.2822256088256836,151.34164428710938,0.506847083568573,0.16659948229789734,0.07977652549743652,1.0,0.0,12.303882598876953,0.0934600830078125
8.013937950134277,0.9472033977508545,-0.5547613501548767,0.07922101020812988,-0.2323155701160431,4.977296352386475,139.59225463867188,-1.2052102088928223,151.39781188964844,0.536824643611908,0.17250387370586395,-0.004225015640258789,1.0,0.0,12.303882598876953,0.10067892074584961
8.014437675476074,0.9930989742279053,-0.4752679467201233,0.1372288167476654,-0.21557016670703888,5.071390628814697,161.2292022705078,-1.1288864612579346,151.42404174804688,0.5632555484771729,0.2626574635505676,0.0450897216796875,1.0,0.0,12.303882598876953,0.08290815353393555
8.014938354492188,1.022393822669983,-0.3974660336971283,0.10016827285289764,-0.20719745755195618,5.152004718780518,161.2292022705078,-1.0534014701843262,151.41452026367188,0.48238590359687805,0.2792438566684723,0.058058738708496094,1.0,0.0,12.303882598876953,0.07777929306030273
8.015438079833984,1.0487594604492188,-0.3179730474948883,0.1533420979976654,-0.18580053746700287,5.2324395179748535,161.06797790527344,-0.9755914211273193,151.5030517578125,0.441942036151886,0.3110814690589905,0.06891417503356934,1.0,0.0,12.303882598876953,0.07515478134155273
8.015937805175781,1.0761014223098755,-0.2367883175611496,0.1694553792476654,-0.17835813760757446,5.312973499298096,161.06797790527344,-0.8997046947479248,151.50856018066406,0.4785611629486084,0.3390912413597107,-0.0041620731353759766,1.0,0.0,12.303882598876953,0.07050752639770508
8.016437530517578,1.0829368829727173,-0.1505296379327774,0.18073469400405884,-0.15696121752262115,5.393507480621338,161.06797790527344,-0.8223588466644287,151.5756378173828,0.3560601472854614,0.38329678773880005,0.12482333183288574,1.0,0.0,12.303882598876953,0.06731939315795898
8.016937255859375,1.094655156135559,-0.06934511661529541,0.19523663818836212,-0.13928550481796265,5.473881244659424,161.06797790527344,-0.7451655864715576,151.6345672607422,0.37781766057014465,0.386208176612854,0.021376848220825195,1.0,0.0,12.303882598876953,0.06413888931274414
8.017436981201172,1.1014906167984009,0.010148092173039913,0.15011943876743317,-0.12626129388809204,5.530296802520752,139.59225463867188,-0.669548511505127,151.6262664794922,0.35581648349761963,0.4061404764652252,0.0006384849548339844,1.0,0.0,12.303882598876953,0.08334016799926758
8.017936706542969,1.09758460521698,0.09809808433055878,0.2258518636226654,-0.10858558118343353,5.60009241104126,139.59225463867188,-0.5956220626831055,151.54701232910156,0.33970221877098083,0.41823095083236694,-0.03617739677429199,1.0,0.0,12.303882598876953,0.08747100830078125
8.018437385559082,1.0868428945541382,0.18435654044151306,0.23874248564243317,-0.11602798849344254,5.694006443023682,161.06797790527344,-0.5207202434539795,151.5102996826172,0.29302000999450684,0.4391931891441345,-0.017211198806762695,1.0,0.0,12.303882598876953,0.06845903396606445
8.018937110900879,1.0673128366470337,0.26554128527641296,0.23874248564243317,-0.062070541083812714,5.774540424346924,161.06797790527344,-0.44417715072631836,151.54351806640625,0.22229774296283722,0.4775145649909973,0.05923891067504883,1.0,0.0,12.303882598876953,0.0644679069519043
8.019436836242676,1.043877124786377,0.34672579169273376,0.23874248564243317,-0.05648873746395111,5.855255603790283,161.2292022705078,-0.36871337890625,151.5307159423828,0.19409368932247162,0.49341803789138794,0.044629812240600586,1.0,0.0,12.303882598876953,0.05921649932861328
8.019936561584473,1.0096995830535889,0.42621877789497375,0.25324445962905884,-0.0332312136888504,5.9358696937561035,161.2292022705078,-0.2918694019317627,151.57598876953125,0.1302366405725479,0.48658302426338196,0.08120250701904297,1.0,0.0,12.303882598876953,0.05544614791870117
8.020437240600586,0.9852871298789978,0.4955641031265259,0.22262921929359436,-0.017416106536984444,5.980096340179443,128.85438537597656,-0.21728873252868652,151.5246124267578,0.18668417632579803,0.4741962254047394,-0.1077110767364502,1.0,0.0,12.303882598876953,0.0858006477355957
8.020936012268066,0.9335327744483948,0.5716747045516968,0.24679914116859436,0.007702013943344355,6.044394016265869,128.85438537597656,-0.1422135829925537,151.4964141845703,0.041867565363645554,0.48400720953941345,0.10686588287353516,1.0,0.0,12.303882598876953,0.09657812118530273
8.021435737609863,0.8905665874481201,0.6393287181854248,0.24357648193836212,0.022586822509765625,6.145176410675049,161.2292022705078,-0.06603455543518066,151.5143585205078,0.047143157571554184,0.4945988953113556,0.02159428596496582,1.0,0.0,12.303882598876953,0.07197427749633789
8.021936416625977,0.8407651782035828,0.7120564579963684,0.24035382270812988,0.018865615129470825,6.2257914543151855,161.2292022705078,0.01145625114440918,151.5875244140625,-0.03293754532933235,0.5164646506309509,0.10318684577941895,1.0,0.0,12.303882598876953,0.06885004043579102
8.022436141967773,0.7831518054008484,0.7780189514160156,0.24035382270812988,0.06165945157408714,0.023039817810058594,161.06797790527344,0.08877062797546387,151.65171813964844,-0.06786293536424637,0.5476387143135071,0.08542156219482422,1.0,0.0,12.303882598876953,0.06573081016540527
8.02293586730957,0.7177264094352722,0.8304505348205566,0.2596897482872009,0.09328966587781906,0.10357379913330078,161.06797790527344,0.1674809455871582,151.77279663085938,-0.09572871774435043,0.5117829442024231,0.06830191612243652,1.0,0.0,12.303882598876953,0.06390714645385742
8.023435592651367,0.6523011326789856,0.882882297039032,0.21134991943836212,0.10259268432855606,0.17203807830810547,150.3301239013672,0.24619007110595703,151.89129638671875,-0.15117980539798737,0.4966895878314972,0.10031890869140625,1.0,0.0,12.303882598876953,0.07415199279785156
8.02393627166748,0.5790637731552124,0.9285483956336975,0.23551984131336212,0.12957140803337097,0.24720382690429688,150.3301239013672,0.32288384437561035,151.92298889160156,-0.17868389189243317,0.48036471009254456,0.08421945571899414,1.0,0.0,12.303882598876953,0.07568001747131348
8.024435997009277,0.5068026185035706,0.9691409468650818,0.21134991943836212,0.13422290980815887,0.3104581832885742,139.7319793701172,0.40091753005981445,152.0101776123047,-0.22262386977672577,0.45914503931999207,0.1016385555267334,1.0,0.0,12.303882598876953,0.09045934677124023
8.024935722351074,0.43063607811927795,1.0063505172729492,0.21940654516220093,0.164922833442688,0.3803224563598633,139.7319793701172,0.48088788986206055,152.17684936523438,-0.2610461711883545,0.4554726183414459,0.09064006805419922,1.0,0.0,12.303882598876953,0.10056543350219727
8.025435447692871,0.35837483406066895,1.0367945432662964,0.1855686604976654,0.1732955276966095,0.4738492965698242,160.90707397460938,0.559575080871582,152.28564453125,-0.2476903796195984,0.46038562059402466,-0.015295267105102539,1.0,0.0,12.303882598876953,0.08572578430175781
8.025935173034668,0.268537312746048,1.0570905208587646,0.18395733833312988,0.185389444231987,0.5543022155761719,160.90707397460938,0.6398642063140869,152.46022033691406,-0.3519897162914276,0.38366591930389404,0.1539597511291504,1.0,0.0,12.303882598876953,0.08556199073791504
8.026434898376465,0.1904173046350479,1.0773868560791016,0.1694553792476654,0.20120453834533691,0.6228780746459961,150.3301239013672,0.7196245193481445,152.60809326171875,-0.3410504460334778,0.41999635100364685,0.01332855224609375,1.0,0.0,12.303882598876953,0.09674644470214844
8.026934623718262,0.09862633794546127,1.08753502368927,0.15978741645812988,0.2105075567960739,0.6980438232421875,150.3301239013672,0.8007616996765137,152.8114013671875,-0.4400477409362793,0.355755090713501,0.14168787002563477,1.0,0.0,12.303882598876953,0.10271787643432617
8.027435302734375,0.012694243341684341,1.0943005084991455,0.15656474232673645,0.22353176772594452,0.7854490280151367,161.2292022705078,0.8816382884979248,152.9994659423828,-0.4749749004840851,0.35580602288246155,0.09763193130493164,1.0,0.0,12.303882598876953,0.09618926048278809
8.027935028076172,-0.0732373595237732,1.0909175872802734,0.11144757270812988,0.22539237141609192,0.866063117980957,161.2292022705078,0.9617259502410889,153.15008544921875,-0.48812878131866455,0.31791219115257263,0.08318185806274414,1.0,0.0,12.303882598876953,0.09566283226013184
8.028434753417969,-0.15331032872200012,1.0773868560791016,0.1291721612215042,0.23004387319087982,0.9223594665527344,139.59225463867188,1.0405189990997314,153.24317932128906,-0.43758469820022583,0.2550645172595978,0.053832054138183594,1.0,0.0,12.303882598876953,0.11815953254699707
8.028935432434082,-0.2372892051935196,1.0638562440872192,0.07116436958312988,0.24492868781089783,0.9921541213989258,139.59225463867188,1.121457815170288,153.4246826171875,-0.4943428337574005,0.22483396530151367,0.07393312454223633,1.0,0.0,12.303882598876953,0.1293036937713623
8.029435157775879,-0.33298611640930176,1.0469428300857544,0.0888889729976654,0.24027718603610992,1.0860881805419922,161.06797790527344,1.2016103267669678,153.5694122314453,-0.6283213496208191,0.19316531717777252,0.12262201309204102,1.0,0.0,12.303882598876953,0.11552214622497559
8.02993392944336,-0.4071997106075287,1.009732961654663,0.06794171035289764,0.25981348752975464,1.1664619445800781,161.06797790527344,1.2817127704620361,153.70887756347656,-0.5375681519508362,0.13244467973709106,0.09916114807128906,1.0,0.0,12.303882598876953,0.11525082588195801
8.030433654785156,-0.48141393065452576,0.9759061932563782,0.05343976616859436,0.25516200065612793,1.247176170349121,161.2292022705078,1.3625481128692627,153.87594604492188,-0.5222169160842896,0.11097999662160873,0.050342559814453125,1.0,0.0,12.303882598876953,0.1153719425201416
8.03093433380127,-0.5585572123527527,0.937005341053009,0.014767885208129883,0.24585898220539093,1.3277912139892578,161.2292022705078,1.4416868686676025,153.96839904785156,-0.5721390843391418,0.07493895292282104,0.05039787292480469,1.0,0.0,12.303882598876953,0.11389565467834473
8.031434059143066,-0.6278886198997498,0.8913388848304749,0.0002659410238265991,0.2560923099517822,1.4082250595092773,161.06797790527344,1.5203211307525635,154.03770446777344,-0.5308080911636353,0.04923832416534424,0.009356975555419922,1.0,0.0,12.303882598876953,0.11209607124328613
8.031933784484863,-0.7011260390281677,0.8389071226119995,-0.020681336522102356,0.25330138206481934,1.4887590408325195,161.06797790527344,1.5989830493927002,154.10682678222656,-0.5750967264175415,-0.023530900478363037,0.06433820724487305,1.0,0.0,12.303882598876953,0.11022400856018066
8.03243350982666,-0.7645984292030334,0.7830929160118103,-0.03518328070640564,0.25981348752975464,1.5451555252075195,139.59225463867188,1.6775143146514893,154.1689453125,-0.5760079622268677,-0.03942279517650604,0.013054370880126953,1.0,0.0,12.303882598876953,0.13235878944396973
8.032934188842773,-0.8290473818778992,0.7188217043876648,-0.06902116537094116,0.24027718603610992,1.614950180053711,139.59225463867188,1.7569544315338135,154.26791381835938,-0.6104655265808105,-0.1362062245607376,0.08513736724853516,1.0,0.0,12.303882598876953,0.14200425148010254
8.03343391418457,-0.8788487315177917,0.6528593897819519,-0.05129656195640564,0.24492868781089783,1.7209539413452148,171.80584716796875,1.8356406688690186,154.3330078125,-0.5368097424507141,-0.14330478012561798,0.04766511917114258,1.0,0.0,12.303882598876953,0.11468672752380371
8.03393268585205,-0.9286501407623291,0.5868964791297913,-0.11091570556163788,0.2160893678665161,1.806685447692871,171.80584716796875,1.9131252765655518,154.34629821777344,-0.5982315540313721,-0.15694822371006012,-0.03446006774902344,1.0,0.0,12.303882598876953,0.10643982887268066
8.034433364868164,-0.9735689759254456,0.5090948343276978,-0.11091570556163788,0.21981056034564972,1.8684711456298828,150.3301239013672,1.9895708560943604,154.3157958984375,-0.553179144859314,-0.21638897061347961,0.005554676055908203,1.0,0.0,12.303882598876953,0.12109971046447754
8.034933090209961,-1.0165351629257202,0.43467533588409424,-0.13991960883140564,0.2030651569366455,1.9436359405517578,150.3301239013672,2.0664761066436768,154.30519104003906,-0.5666500329971313,-0.24707497656345367,-0.03321647644042969,1.0,0.0,12.303882598876953,0.12284016609191895
8.035432815551758,-1.0438770055770874,0.35349148511886597,-0.13186296820640564,0.1891106367111206,2.018801689147949,150.3301239013672,2.1429941654205322,154.2785186767578,-0.5055849552154541,-0.27247563004493713,-0.02658367156982422,1.0,0.0,12.303882598876953,0.12419247627258301
8.035932540893555,-1.0712189674377441,0.27230674028396606,-0.1689235270023346,0.1751561313867569,2.093966484069824,150.3301239013672,2.2191083431243896,154.2355499267578,-0.5066311359405518,-0.3179883658885956,-0.03655529022216797,1.0,0.0,12.303882598876953,0.12514185905456543
8.036433219909668,-1.0878194570541382,0.18943047523498535,-0.18664813041687012,0.1593410223722458,2.181370735168457,161.2292022705078,2.295830011367798,154.2186279296875,-0.47130662202835083,-0.3289935886859894,-0.06449079513549805,1.0,0.0,12.303882598876953,0.11445927619934082
8.036932945251465,-1.1053963899612427,0.10486312210559845,-0.2092067301273346,0.1574804186820984,2.2619848251342773,161.2292022705078,2.3708488941192627,154.1308135986328,-0.4808809161186218,-0.37840166687965393,-0.08232879638671875,1.0,0.0,12.303882598876953,0.10886406898498535
8.037432670593262,-1.1083259582519531,0.018605081364512444,-0.1930934339761734,0.12957140803337097,2.342418670654297,161.06797790527344,2.445629358291626,154.03488159179688,-0.40405726432800293,-0.3926578760147095,-0.052623748779296875,1.0,0.0,12.303882598876953,0.1032106876373291
8.037932395935059,-1.1132081747055054,-0.06427117437124252,-0.22209733724594116,0.10538358241319656,2.422792434692383,161.06797790527344,2.5184524059295654,153.8585205078125,-0.44340917468070984,-0.4189455509185791,-0.1399245262145996,1.0,0.0,12.303882598876953,0.09565997123718262
8.038432121276855,-1.1044198274612427,-0.1539122611284256,-0.20759539306163788,0.10631388425827026,2.5153846740722656,171.80584716796875,2.59289288520813,153.75408935546875,-0.3335985839366913,-0.44423598051071167,-0.04434919357299805,1.0,0.0,12.303882598876953,0.07750821113586426
8.038931846618652,-1.0887959003448486,-0.2418626844882965,-0.26076921820640564,0.09608057141304016,2.601287841796875,171.80584716796875,2.666212320327759,153.60447692871094,-0.33821412920951843,-0.4753630459308624,-0.09220314025878906,1.0,0.0,12.303882598876953,0.06492447853088379
8.03943157196045,-1.0653598308563232,-0.3230469822883606,-0.2172633558511734,0.07096245139837265,2.6389570236206055,128.85438537597656,2.7421677112579346,153.56881713867188,-0.23182107508182526,-0.4844340980052948,0.0042934417724609375,1.0,0.0,12.303882598876953,0.1032106876373291
8.039932250976562,-1.0429006814956665,-0.4025402069091797,-0.25432389974594116,0.04212314262986183,2.703383445739746,128.85438537597656,2.816477060317993,153.46434020996094,-0.2742253243923187,-0.5006333589553833,-0.1253805160522461,1.0,0.0,12.303882598876953,0.11309361457824707
8.04043197631836,-1.0087230205535889,-0.4820334017276764,-0.2494899183511734,0.02444741688668728,2.804166793823242,161.2292022705078,2.892698049545288,153.4427032470703,-0.20924413204193115,-0.5158900618553162,-0.08564615249633789,1.0,0.0,12.303882598876953,0.0885312557220459
8.040931701660156,-0.9598984122276306,-0.5598353147506714,-0.25271257758140564,0.007702005095779896,2.8847808837890625,161.2292022705078,2.9675991535186768,153.36647033691406,-0.10416918247938156,-0.5037497282028198,0.02128458023071289,1.0,0.0,12.303882598876953,0.08281826972961426
8.04143238067627,-0.9276736378669739,-0.6224149465560913,-0.22693133354187012,-0.0388130284845829,2.9772844314575195,171.80584716796875,3.0434582233428955,153.33139038085938,-0.17642273008823395,-0.4987114369869232,-0.19158077239990234,1.0,0.0,12.303882598876953,0.06617379188537598
8.04193115234375,-0.8749427199363708,-0.7002168893814087,-0.22209733724594116,-0.043464526534080505,3.063015937805176,171.80584716796875,3.116645574569702,153.18516540527344,-0.09832882881164551,-0.5355996489524841,-0.10600566864013672,1.0,0.0,12.303882598876953,0.05362963676452637
8.042430877685547,-0.8202589154243469,-0.7611051797866821,-0.22693131864070892,-0.07044324278831482,3.1370410919189453,161.2292022705078,-3.091047763824463,153.13931274414062,-0.06110416352748871,-0.5237250328063965,-0.11613774299621582,1.0,0.0,12.303882598876953,0.05509662628173828
8.042930603027344,-0.7470214366912842,-0.8270676732063293,-0.23498797416687012,-0.08811896294355392,3.217656135559082,161.2292022705078,-3.016455888748169,153.05677795410156,0.0804532915353775,-0.5220316052436829,0.07911920547485352,1.0,0.0,12.303882598876953,0.04907369613647461
8.043431282043457,-0.6845253109931946,-0.8811907172203064,-0.22693133354187012,-0.09463107585906982,3.273951530456543,139.59225463867188,-2.93774151802063,153.14874267578125,0.09987030178308487,-0.5033578276634216,0.04323697090148926,1.0,0.0,12.303882598876953,0.07149267196655273
8.043931007385254,-0.6122644543647766,-0.93193119764328,-0.22693133354187012,-0.11509767919778824,3.343747138977051,139.59225463867188,-2.8596205711364746,153.2138671875,0.13651694357395172,-0.5044378042221069,0.033533573150634766,1.0,0.0,12.303882598876953,0.0798177719116211
8.04443073272705,-0.5360978245735168,-0.9759061932563782,-0.22693133354187012,-0.12998250126838684,3.4497499465942383,171.80584716796875,-2.780468225479126,153.32089233398438,0.1773715615272522,-0.4848587214946747,0.04084610939025879,1.0,0.0,12.303882598876953,0.05296754837036133
8.044931411743164,-0.4579777717590332,-1.0131157636642456,-0.21081803739070892,-0.15417030453681946,3.5356531143188477,171.80584716796875,-2.7016212940216064,153.4125518798828,0.2189394235610962,-0.48022568225860596,0.03908038139343262,1.0,0.0,12.303882598876953,0.045911312103271484
8.045431137084961,-0.3798578977584839,-1.0435597896575928,-0.15925554931163788,-0.14858850836753845,3.597416877746582,150.3301239013672,-2.6225476264953613,153.51214599609375,0.2588692903518677,-0.4397633969783783,0.06442475318908691,1.0,0.0,12.303882598876953,0.06322097778320312
8.045930862426758,-0.2900198996067047,-1.0706217288970947,-0.19792741537094116,-0.18766112625598907,3.6725826263427734,150.3301239013672,-2.543348550796509,153.615234375,0.33349162340164185,-0.4322534203529358,0.11054801940917969,1.0,0.0,12.303882598876953,0.06725454330444336
8.046429634094238,-0.20213544368743896,-1.08753502368927,-0.17214617133140564,-0.20254595577716827,3.783773422241211,182.54371643066406,-2.462787628173828,153.77317810058594,0.39098823070526123,-0.38557907938957214,0.16550183296203613,1.0,0.0,12.303882598876953,0.03662443161010742
8.046930313110352,-0.12206235527992249,-1.0943005084991455,-0.16247819364070892,-0.20812773704528809,3.8750457763671875,182.54371643066406,-2.380053758621216,154.0186767578125,0.3441375494003296,-0.3447085916996002,0.0746755599975586,1.0,0.0,12.303882598876953,0.028086185455322266
8.047430038452148,-0.034177664667367935,-1.1044485569000244,-0.13991960883140564,-0.21929137408733368,3.918084144592285,139.59225463867188,-2.3002030849456787,154.13819885253906,0.40982842445373535,-0.3363134264945984,0.09398412704467773,1.0,0.0,12.303882598876953,0.06489801406860352
8.047929763793945,0.05566047132015228,-1.101065754890442,-0.14314225316047668,-0.2378973662853241,3.987879753112793,139.59225463867188,-2.219019889831543,154.3109130859375,0.4196372628211975,-0.28798139095306396,0.09861946105957031,1.0,0.0,12.303882598876953,0.07628583908081055
8.048430442810059,0.14159220457077026,-1.0909175872802734,-0.09480242431163788,-0.2304549664258957,4.093851089477539,171.80584716796875,-2.1368408203125,154.52194213867188,0.4737112522125244,-0.25188061594963074,0.12938737869262695,1.0,0.0,12.303882598876953,0.05249357223510742
8.048930168151855,0.22557121515274048,-1.0773868560791016,-0.07868915796279907,-0.2360367774963379,4.179754257202148,171.80584716796875,-2.057354688644409,154.61534118652344,0.4722726047039032,-0.23912660777568817,0.06968140602111816,1.0,0.0,12.303882598876953,0.046076297760009766
8.049429893493652,0.3095502257347107,-1.0537080764770508,-0.025515317916870117,-0.2462700754404068,4.253779411315918,161.2292022705078,-1.9755175113677979,154.80592346191406,0.5140329003334045,-0.1650288701057434,0.14627552032470703,1.0,0.0,12.303882598876953,0.053888797760009766
8.04992961883545,0.3896228075027466,-1.0266464948654175,-0.04968523979187012,-0.2472003698348999,4.334394454956055,161.2292022705078,-1.8944228887557983,154.96099853515625,0.4832454025745392,-0.15720263123512268,0.0610201358795166,1.0,0.0,12.303882598876953,0.054368019104003906
8.050430297851562,0.47555479407310486,-0.98943692445755,-0.036794617772102356,-0.2527821660041809,4.414826393127441,161.06797790527344,-1.8127694129943848,155.13656616210938,0.5487809777259827,-0.08765256404876709,0.13586211204528809,1.0,0.0,12.303882598876953,0.05558967590332031
8.050929069519043,0.5497689843177795,-0.9556100368499756,-0.009402036666870117,-0.2537125051021576,4.495200157165527,161.06797790527344,-1.7322019338607788,155.26242065429688,0.5266748070716858,-0.107840895652771,0.01123356819152832,1.0,0.0,12.303882598876953,0.05578327178955078
8.05142879486084,0.6288652420043945,-0.9031780362129211,-0.004568055272102356,-0.2416185736656189,4.551617622375488,139.59225463867188,-1.6512635946273804,155.4017791748047,0.5672380328178406,0.0020416961051523685,0.13643097877502441,1.0,0.0,12.303882598876953,0.08030414581298828
8.051928520202637,0.6981966495513916,-0.8507466912269592,0.008322566747665405,-0.2546427845954895,4.621413707733154,139.59225463867188,-1.5705853700637817,155.5269317626953,0.5594699382781982,0.02114882692694664,0.0897834300994873,1.0,0.0,12.303882598876953,0.0911865234375
8.05242919921875,0.7626450657844543,-0.7932409644126892,0.06310772895812988,-0.2360367774963379,4.7155070304870605,161.2292022705078,-1.4892596006393433,155.6768035888672,0.5700623989105225,0.08030388504266739,0.11075949668884277,1.0,0.0,12.303882598876953,0.07841873168945312
8.052928924560547,0.8270940184593201,-0.7357352375984192,0.0566624253988266,-0.2527821660041809,4.796122074127197,161.2292022705078,-1.4099527597427368,155.73846435546875,0.5910162329673767,0.06796330213546753,0.005576610565185547,1.0,0.0,12.303882598876953,0.07711076736450195
8.053428649902344,0.8827547430992126,-0.6596246957778931,0.06955304741859436,-0.2546427845954895,4.876555442810059,161.06797790527344,-1.3303253650665283,155.8125,0.5567429661750793,0.15843528509140015,0.08907842636108398,1.0,0.0,12.303882598876953,0.07630491256713867
8.053929328918457,0.9403684139251709,-0.5936623811721802,0.09211163222789764,-0.2323155701160431,4.957089424133301,161.06797790527344,-1.2503390312194824,155.8997344970703,0.6011406779289246,0.17876052856445312,0.0206296443939209,1.0,0.0,12.303882598876953,0.07575702667236328
8.054429054260254,0.9755222201347351,-0.512477695941925,0.14367413520812988,-0.21929137408733368,5.025554180145264,150.3301239013672,-1.1721702814102173,155.9090118408203,0.512419581413269,0.2179049849510193,0.055649518966674805,1.0,0.0,12.303882598876953,0.08546113967895508
8.054927825927734,1.0184881687164307,-0.43805840611457825,0.18395733833312988,-0.2202216535806656,5.1005682945251465,150.3301239013672,-1.0928518772125244,155.96604919433594,0.5541130304336548,0.23691974580287933,-0.022013187408447266,1.0,0.0,12.303882598876953,0.08976507186889648
8.055427551269531,1.0497361421585083,-0.35687369108200073,0.15656477212905884,-0.19510354101657867,5.175734519958496,150.3301239013672,-1.0136690139770508,156.01617431640625,0.517903745174408,0.2791390120983124,-0.01083230972290039,1.0,0.0,12.303882598876953,0.09378194808959961
8.055928230285645,1.0731720924377441,-0.26892387866973877,0.19684796035289764,-0.18114903569221497,5.250898838043213,150.3301239013672,-0.9349734783172607,156.04498291015625,0.5062068700790405,0.34206029772758484,0.01048135757446289,1.0,0.0,12.303882598876953,0.09731340408325195
8.056427955627441,1.087819218635559,-0.18266521394252777,0.2177952378988266,-0.16719451546669006,5.3501811027526855,171.80584716796875,-0.8547401428222656,156.13760375976562,0.4424719214439392,0.36612093448638916,0.02734994888305664,1.0,0.0,12.303882598876953,0.07826423645019531
8.056927680969238,1.1044201850891113,-0.09978938847780228,0.18879131972789764,-0.14672790467739105,5.436084270477295,171.80584716796875,-0.777428150177002,156.10572814941406,0.42092427611351013,0.3788158595561981,-0.00858163833618164,1.0,0.0,12.303882598876953,0.06967306137084961
8.057428359985352,1.1053962707519531,-0.010148092173039913,0.1775120198726654,-0.12719160318374634,5.510109901428223,161.2292022705078,-0.7005021572113037,156.0585479736328,0.34523046016693115,0.41465887427330017,0.05847477912902832,1.0,0.0,12.303882598876953,0.07257318496704102
8.057928085327148,1.1063729524612427,0.0761103704571724,0.20812726020812988,-0.12067948281764984,5.590724945068359,161.2292022705078,-0.6218781471252441,156.0838165283203,0.33184972405433655,0.44135773181915283,0.029316186904907227,1.0,0.0,12.303882598876953,0.07058238983154297
8.058427810668945,1.0927019119262695,0.1674432009458542,0.23713116347789764,-0.10207347571849823,5.659088134765625,150.3301239013672,-0.5438458919525146,156.08348083496094,0.25871071219444275,0.4658311903476715,0.0892801284790039,1.0,0.0,12.303882598876953,0.08025121688842773
8.058926582336426,1.0809838771820068,0.248627707362175,0.22907452285289764,-0.07881595939397812,5.734102725982666,150.3301239013672,-0.46471142768859863,156.1293487548828,0.256744384765625,0.483798086643219,0.028975486755371094,1.0,0.0,12.303882598876953,0.08437108993530273
8.059427261352539,1.0546185970306396,0.3281209170818329,0.2419651448726654,-0.06579175591468811,5.809268951416016,150.3301239013672,-0.3870394229888916,156.1128387451172,0.22679443657398224,0.44407781958580017,-0.03324699401855469,1.0,0.0,12.303882598876953,0.08687734603881836
8.059926986694336,1.0302062034606934,0.41776221990585327,0.24841046333312988,-0.037882715463638306,5.884433269500732,150.3301239013672,-0.3086249828338623,156.12754821777344,0.18929699063301086,0.5367165803909302,0.02167797088623047,1.0,0.0,12.303882598876953,0.09012746810913086
8.060426712036133,0.9940752983093262,0.49387282133102417,0.2419651448726654,-0.028579726815223694,5.983908653259277,171.9778289794922,-0.230971097946167,156.1101531982422,0.1560644805431366,0.514451265335083,-0.011584997177124023,1.0,0.0,12.303882598876953,0.06830549240112305
8.060927391052246,0.9481801390647888,0.5733658075332642,0.23229718208312988,0.00118990708142519,6.069897174835205,171.9778289794922,-0.1526942253112793,156.11993408203125,0.06005821004509926,0.5547153353691101,0.09728574752807617,1.0,0.0,12.303882598876953,0.06059408187866211
8.061427116394043,0.9081435799598694,0.6427111625671387,0.2419651448726654,0.021656515076756477,6.1436238288879395,161.06797790527344,-0.07546401023864746,156.08493041992188,0.09285181760787964,0.5394366383552551,-0.0431523323059082,1.0,0.0,12.303882598876953,0.06409788131713867
8.06192684173584,0.8573655486106873,0.7103651165962219,0.23229718208312988,0.03654133155941963,6.22415828704834,161.06797790527344,0.0021054744720458984,156.06549072265625,0.05005911365151405,0.5382000803947449,-0.04301571846008301,1.0,0.0,12.303882598876953,0.06113290786743164
8.062426567077637,0.7929165959358215,0.7746363282203674,0.22746318578720093,0.061659444123506546,6.280709743499756,139.7319793701172,0.07820630073547363,155.9848175048828,-0.04579656943678856,0.513488233089447,0.06299710273742676,1.0,0.0,12.303882598876953,0.08068227767944336
8.062926292419434,0.7255387306213379,0.837215781211853,0.2886936664581299,0.07654426246881485,0.06725072860717773,139.7319793701172,0.15974760055541992,156.13414001464844,-0.08507855981588364,0.534810483455658,0.050260066986083984,1.0,0.0,12.303882598876953,0.09249687194824219
8.06342601776123,0.6552304625511169,0.8913390636444092,0.25324442982673645,0.08584725856781006,0.17316818237304688,171.80584716796875,0.24170970916748047,156.29771423339844,-0.16252586245536804,0.5184212327003479,0.11465907096862793,1.0,0.0,12.303882598876953,0.0685415267944336
8.063925743103027,0.5819932222366333,0.9437706470489502,0.25324445962905884,0.11933810263872147,0.25907135009765625,171.80584716796875,0.3242654800415039,156.48301696777344,-0.20146550238132477,0.5336007475852966,0.08927392959594727,1.0,0.0,12.303882598876953,0.06519412994384766
8.06442642211914,0.5028968453407288,0.9826716780662537,0.22907452285289764,0.12398959696292877,0.3329043388366699,161.06797790527344,0.40484166145324707,156.58074951171875,-0.22106263041496277,0.48757076263427734,0.07332611083984375,1.0,0.0,12.303882598876953,0.07193732261657715
8.064926147460938,0.4150119125843048,1.0131157636642456,0.20812726020812988,0.15841072797775269,0.4134383201599121,161.06797790527344,0.48932766914367676,156.84141540527344,-0.33241790533065796,0.42147961258888245,0.23172307014465332,1.0,0.0,12.303882598876953,0.07588934898376465
8.065425872802734,0.34275126457214355,1.0503252744674683,0.1936253011226654,0.1686440110206604,0.5060415267944336,171.80584716796875,0.570110559463501,156.94017028808594,-0.28247565031051636,0.479695588350296,0.014447450637817383,1.0,0.0,12.303882598876953,0.06406903266906738
8.065925598144531,0.24900710582733154,1.0706217288970947,0.17912334203720093,0.1788773387670517,0.591944694519043,171.80584716796875,0.6522781848907471,157.09632873535156,-0.4167076051235199,0.39956268668174744,0.20734643936157227,1.0,0.0,12.303882598876953,0.0603334903717041
8.066426277160645,0.16893412172794342,1.0909175872802734,0.15978741645812988,0.1956227570772171,0.641639232635498,139.59225463867188,0.7357676029205322,157.30372619628906,-0.3995440602302551,0.4155665934085846,0.08274960517883301,1.0,0.0,12.303882598876953,0.09412837028503418
8.066926002502441,0.07714316248893738,1.0943005084991455,0.1613987386226654,0.20585604012012482,0.7114357948303223,139.59225463867188,0.8185498714447021,157.47772216796875,-0.43642595410346985,0.33449241518974304,0.1514279842376709,1.0,0.0,12.303882598876953,0.10711407661437988
8.067424774169922,-0.002929440699517727,1.101065754890442,0.10983623564243317,0.2095772624015808,0.817267894744873,171.80584716796875,0.8987758159637451,157.54031372070312,-0.43957820534706116,0.36371567845344543,0.033428192138671875,1.0,0.0,12.303882598876953,0.08150792121887207
8.067925453186035,-0.10253237932920456,1.0943005084991455,0.1130589097738266,0.23376506567001343,0.9031710624694824,171.80584716796875,0.9817488193511963,157.71734619140625,-0.5222623348236084,0.2725941240787506,0.16123533248901367,1.0,0.0,12.303882598876953,0.07857775688171387
8.068425178527832,-0.18065226078033447,1.0773868560791016,0.1050022542476654,0.24213777482509613,0.9890742301940918,171.80584716796875,1.0636265277862549,157.8440399169922,-0.45373666286468506,0.24391469359397888,0.06680774688720703,1.0,0.0,12.303882598876953,0.07455229759216309
8.068924903869629,-0.2724429965019226,1.0672388076782227,0.0566624253988266,0.23841656744480133,1.0749773979187012,171.80584716796875,1.1463291645050049,158.00299072265625,-0.5677086710929871,0.23176032304763794,0.08991575241088867,1.0,0.0,12.303882598876953,0.07135176658630371
8.069424629211426,-0.36228111386299133,1.0401774644851685,0.059885069727897644,0.25702258944511414,1.1610732078552246,171.9778289794922,1.2286360263824463,158.1421356201172,-0.6152727603912354,0.16858550906181335,0.12796497344970703,1.0,0.0,12.303882598876953,0.06756281852722168
8.069925308227539,-0.4423537254333496,1.0029675960540771,0.048605769872665405,0.24864989519119263,1.2470612525939941,171.9778289794922,1.3124477863311768,158.34124755859375,-0.5770632028579712,0.10896625369787216,0.12501287460327148,1.0,0.0,12.303882598876953,0.06538653373718262
8.070425033569336,-0.5165678262710571,0.9657580852508545,0.0647190511226654,0.24864989519119263,1.3087191581726074,150.3301239013672,1.3945963382720947,158.46640014648438,-0.5367445349693298,0.09434831142425537,0.05524492263793945,1.0,0.0,12.303882598876953,0.0858771800994873
8.070924758911133,-0.5917580127716064,0.9200918078422546,0.014767885208129883,0.25144079327583313,1.3838844299316406,150.3301239013672,1.4764468669891357,158.57643127441406,-0.5713397264480591,0.05079871788620949,0.058768272399902344,1.0,0.0,12.303882598876953,0.09256243705749512
8.071425437927246,-0.6659719944000244,0.8727342486381531,0.0244358628988266,0.24213778972625732,1.4711174964904785,161.06797790527344,1.5585062503814697,158.69287109375,-0.5691708326339722,0.00858541950583458,0.0503077507019043,1.0,0.0,12.303882598876953,0.08738875389099121
8.071924209594727,-0.7431154847145081,0.8203023672103882,-0.025515317916870117,0.25423169136047363,1.5514907836914062,161.06797790527344,1.6399104595184326,158.7793731689453,-0.6682807803153992,-0.017194628715515137,0.009569168090820312,1.0,0.0,12.303882598876953,0.08841967582702637
8.072423934936523,-0.7977993488311768,0.752648651599884,-0.04646258056163788,0.24213778972625732,1.6320252418518066,161.06797790527344,1.7205560207366943,158.832275390625,-0.5613107085227966,-0.08323945105075836,0.05061054229736328,1.0,0.0,12.303882598876953,0.0885307788848877
8.07292366027832,-0.8622482419013977,0.6883774399757385,-0.060964539647102356,0.24678929150104523,1.7125592231750488,161.06797790527344,1.800743818283081,158.86463928222656,-0.612094521522522,-0.11594920605421066,0.010254859924316406,1.0,0.0,12.303882598876953,0.08818459510803223
8.073424339294434,-0.9149792194366455,0.6173409819602966,-0.0722438246011734,0.23283478617668152,1.781203269958496,150.48062133789062,1.880204439163208,158.8657684326172,-0.5947393774986267,-0.1625405251979828,0.010365486145019531,1.0,0.0,12.303882598876953,0.09900116920471191
8.07392406463623,-0.9647805690765381,0.5446130633354187,-0.10285906493663788,0.22446206212043762,1.8564438819885254,150.48062133789062,1.9595692157745361,158.86282348632812,-0.5985187888145447,-0.19908270239830017,-0.014773845672607422,1.0,0.0,12.303882598876953,0.10312533378601074
8.074423789978027,-0.9999346137046814,0.4634283185005188,-0.13991960883140564,0.22167116403579712,1.9435844421386719,161.06797790527344,2.038390874862671,158.83709716796875,-0.5460864901542664,-0.23608249425888062,-0.0066318511962890625,1.0,0.0,12.303882598876953,0.09480643272399902
8.074923515319824,-1.0370415449142456,0.3856266438961029,-0.13991960883140564,0.1956227570772171,2.024118423461914,161.06797790527344,2.1170380115509033,158.80450439453125,-0.5228636264801025,-0.26238250732421875,-0.028331756591796875,1.0,0.0,12.303882598876953,0.09291958808898926
8.075424194335938,-1.062430500984192,0.30105969309806824,-0.1608668863773346,0.1742258369922638,2.104651927947998,161.06797790527344,2.1955912113189697,158.76882934570312,-0.47254595160484314,-0.296292245388031,-0.011883735656738281,1.0,0.0,12.303882598876953,0.09093928337097168
8.075922966003418,-1.0878194570541382,0.2164919078350067,-0.1769801676273346,0.164922833442688,2.185025215148926,161.06797790527344,2.2735469341278076,158.70875549316406,-0.511671245098114,-0.35314011573791504,-0.04594898223876953,1.0,0.0,12.303882598876953,0.08852171897888184
8.076422691345215,-1.1005138158798218,0.12685126066207886,-0.1930934339761734,0.1630622297525406,2.277617931365967,171.80584716796875,2.3508360385894775,158.62188720703125,-0.4588676989078522,-0.37835901975631714,-0.03779935836791992,1.0,0.0,12.303882598876953,0.07321810722351074
8.076923370361328,-1.1122320890426636,0.038900844752788544,-0.18664813041687012,0.15189862251281738,2.3635213375091553,171.80584716796875,2.4282896518707275,158.54379272460938,-0.43078550696372986,-0.41707858443260193,-0.0355687141418457,1.0,0.0,12.303882598876953,0.06476831436157227
8.077423095703125,-1.114184856414795,-0.04228346794843674,-0.19631609320640564,0.12957139313220978,2.425306797027588,150.3301239013672,2.5053350925445557,158.45001220703125,-0.3946716785430908,-0.3906697630882263,-0.1018528938293457,1.0,0.0,12.303882598876953,0.08002829551696777
8.077922821044922,-1.1005140542984009,-0.14038175344467163,-0.22048601508140564,0.12678050994873047,2.5004711151123047,150.3301239013672,2.583012819290161,158.38519287109375,-0.2856355607509613,-0.4596242606639862,0.05555438995361328,1.0,0.0,12.303882598876953,0.08254170417785645
8.078422546386719,-1.09270179271698,-0.2215660661458969,-0.21242937445640564,0.09235936403274536,2.5878756046295166,161.2292022705078,2.66166615486145,158.36241149902344,-0.30128049850463867,-0.46495020389556885,-0.042428016662597656,1.0,0.0,12.303882598876953,0.0737905502319336
8.078923225402832,-1.0731719732284546,-0.309516042470932,-0.23982194066047668,0.04863524064421654,2.6684908866882324,161.2292022705078,2.737043619155884,158.20252990722656,-0.2830917239189148,-0.5025684833526611,-0.055947303771972656,1.0,0.0,12.303882598876953,0.06855273246765137
8.079422950744629,-1.0487595796585083,-0.3923923373222351,-0.22854265570640564,0.05886854603886604,2.760993719100952,171.80584716796875,2.815777063369751,158.18690490722656,-0.26084572076797485,-0.5040624141693115,-0.09941816329956055,1.0,0.0,12.303882598876953,0.05478334426879883
8.07992172241211,-1.0126291513442993,-0.4752677381038666,-0.24465593695640564,0.029098927974700928,2.8467249870300293,171.80584716796875,2.8933231830596924,158.12164306640625,-0.22409872710704803,-0.542726993560791,-0.09099912643432617,1.0,0.0,12.303882598876953,0.046598196029663086
8.080422401428223,-0.9794281125068665,-0.5463041663169861,-0.2414332777261734,0.010492905974388123,2.9207496643066406,161.2292022705078,2.968442678451538,157.9558868408203,-0.2355126291513443,-0.5083410143852234,-0.20893526077270508,1.0,0.0,12.303882598876953,0.04769301414489746
8.08092212677002,-0.9276738166809082,-0.6291804313659668,-0.21565203368663788,-0.01183430664241314,3.0013647079467773,161.2292022705078,3.0452206134796143,157.8638458251953,-0.08334769308567047,-0.5418010950088501,-0.0036668777465820312,1.0,0.0,12.303882598876953,0.043855905532836914
8.081421852111816,-0.8661541938781738,-0.7019084095954895,-0.2672145366668701,-0.0453251376748085,3.057659387588501,139.59225463867188,3.121940851211548,157.77133178710938,-0.014505838043987751,-0.5491312742233276,0.04601764678955078,1.0,0.0,12.303882598876953,0.06428146362304688
8.081921577453613,-0.8134233355522156,-0.7661795020103455,-0.24304461479187012,-0.05741904303431511,3.127455711364746,139.59225463867188,-3.0844922065734863,157.68173217773438,-0.009849424473941326,-0.5407323241233826,-0.022855758666992188,1.0,0.0,12.303882598876953,0.07123756408691406
8.082422256469727,-0.7558100819587708,-0.8321418166160583,-0.2333766371011734,-0.07416445016860962,3.2336530685424805,171.9778289794922,-3.00665283203125,157.63978576660156,0.027048910036683083,-0.5687640309333801,-0.03502535820007324,1.0,0.0,12.303882598876953,0.042879581451416016
8.082921981811523,-0.6815958619117737,-0.8862646818161011,-0.21565203368663788,-0.09370076656341553,3.319641351699829,171.9778289794922,-2.9279870986938477,157.63352966308594,0.09817055612802505,-0.5345262885093689,0.02065300941467285,1.0,0.0,12.303882598876953,0.03555727005004883
8.08342170715332,-0.6064056754112244,-0.9353139996528625,-0.21887467801570892,-0.11230677366256714,3.393177032470703,160.90707397460938,-2.848038911819458,157.68136596679688,0.15788456797599792,-0.5051589608192444,0.062185049057006836,1.0,0.0,12.303882598876953,0.04196977615356445
8.083921432495117,-0.5321917533874512,-0.9826716780662537,-0.22209735214710236,-0.12719160318374634,3.4734692573547363,160.90707397460938,-2.7677488327026367,157.74227905273438,0.18471109867095947,-0.5069685578346252,0.0282440185546875,1.0,0.0,12.303882598876953,0.04196739196777344
8.084421157836914,-0.45602479577064514,-1.0131157636642456,-0.18825945258140564,-0.14300669729709625,3.5663552284240723,171.9778289794922,-2.687774896621704,157.7886199951172,0.18707220256328583,-0.45017242431640625,-0.007414817810058594,1.0,0.0,12.303882598876953,0.029055118560791016
8.084920883178711,-0.36423397064208984,-1.0537080764770508,-0.20598407089710236,-0.15882182121276855,3.652343273162842,171.9778289794922,-2.6077795028686523,157.8355712890625,0.3094082474708557,-0.46557140350341797,0.1057887077331543,1.0,0.0,12.303882598876953,0.023062705993652344
8.085420608520508,-0.2802553176879883,-1.0807697772979736,-0.1930934488773346,-0.16998542845249176,3.713831901550293,150.17994689941406,-2.526348352432251,157.94114685058594,0.3252504765987396,-0.4506547749042511,0.06281900405883789,1.0,0.0,12.303882598876953,0.04300546646118164
8.085921287536621,-0.1884642243385315,-1.0976829528808594,-0.17859148979187012,-0.19138234853744507,3.78892183303833,150.17994689941406,-2.443540096282959,158.10252380371094,0.3947240114212036,-0.41938093304634094,0.11022210121154785,1.0,0.0,12.303882598876953,0.05072355270385742
8.086421012878418,-0.10253226011991501,-1.1078310012817383,-0.16731220483779907,-0.20905804634094238,3.888491153717041,171.9778289794922,-2.360894203186035,158.25347900390625,0.3861945569515228,-0.3890865445137024,0.053938865661621094,1.0,0.0,12.303882598876953,0.03380012512207031
8.086920738220215,-0.012694365344941616,-1.1112140417099,-0.1366969496011734,-0.22115196287631989,3.9744794368743896,171.9778289794922,-2.279017686843872,158.36935424804688,0.42849138379096985,-0.33834099769592285,0.09301948547363281,1.0,0.0,12.303882598876953,0.029688358306884766
8.087421417236328,0.0790962427854538,-1.1044485569000244,-0.11091570556163788,-0.22115196287631989,4.060276031494141,171.80584716796875,-2.1957626342773438,158.5404510498047,0.47384727001190186,-0.29822540283203125,0.11655759811401367,1.0,0.0,12.303882598876953,0.02714681625366211
8.087921142578125,0.17284029722213745,-1.0943005084991455,-0.10285907983779907,-0.2630155086517334,4.14617919921875,171.80584716796875,-2.112600803375244,158.70408630371094,0.5148210525512695,-0.2615658640861511,0.1251380443572998,1.0,0.0,12.303882598876953,0.024405479431152344
8.088419914245605,0.25681906938552856,-1.0773868560791016,-0.07546649873256683,-0.2620851695537567,4.231909275054932,171.80584716796875,-2.0287461280822754,158.89306640625,0.5268179178237915,-0.23785755038261414,0.08717203140258789,1.0,0.0,12.303882598876953,0.022530078887939453
8.088919639587402,0.3447040021419525,-1.0503252744674683,-0.0722438395023346,-0.2453397810459137,4.317812442779541,171.80584716796875,-1.9443120956420898,159.1026153564453,0.5158650279045105,-0.17549636960029602,0.09904074668884277,1.0,0.0,12.303882598876953,0.021060943603515625
8.089420318603516,0.4306359589099884,-1.0164985656738281,-0.036794617772102356,-0.2378973811864853,4.379598140716553,150.3301239013672,-1.8607397079467773,159.2718505859375,0.5642830729484558,-0.11042919009923935,0.15039992332458496,1.0,0.0,12.303882598876953,0.042847633361816406
8.089920043945312,0.5068028569221497,-0.9826716780662537,-0.03034929931163788,-0.2658064067363739,4.4547624588012695,150.3301239013672,-1.778368592262268,159.38644409179688,0.5296709537506104,-0.12739571928977966,0.02476191520690918,1.0,0.0,12.303882598876953,0.05005455017089844
8.09041976928711,0.5927346348762512,-0.93193119764328,-0.017458677291870117,-0.2639457881450653,4.554239273071289,171.9778289794922,-1.6951178312301636,159.5360565185547,0.5860043168067932,-0.022803643718361855,0.13918089866638184,1.0,0.0,12.303882598876953,0.0338282585144043
8.090920448303223,0.6562069058418274,-0.8828820586204529,0.0018772631883621216,-0.2583639919757843,4.640227794647217,171.9778289794922,-1.6121801137924194,159.66891479492188,0.5051117539405823,-0.027966219931840897,0.03945422172546387,1.0,0.0,12.303882598876953,0.030777454376220703
8.09142017364502,0.7274916172027588,-0.8203023672103882,0.04699444770812988,-0.2676669955253601,4.726023197174072,171.80584716796875,-1.528698444366455,159.8223114013672,0.5474033355712891,0.06267254799604416,0.12568879127502441,1.0,0.0,12.303882598876953,0.02846384048461914
8.091919898986816,0.8046351075172424,-0.7678706645965576,0.04377180337905884,-0.2453397810459137,4.811926364898682,171.80584716796875,-1.4461407661437988,159.93316650390625,0.63894122838974,0.06128072738647461,0.024367094039916992,1.0,0.0,12.303882598876953,0.025118350982666016
8.092419624328613,0.8524830341339111,-0.6917603015899658,0.08566632866859436,-0.2453397810459137,4.873690605163574,150.3301239013672,-1.363031268119812,160.0653839111328,0.5270695686340332,0.1412397176027298,0.10785412788391113,1.0,0.0,12.303882598876953,0.0464634895324707
8.09291934967041,0.9208385944366455,-0.6274890899658203,0.06955303251743317,-0.2378973811864853,4.948705196380615,150.3301239013672,-1.2808644771575928,160.1548614501953,0.6155527830123901,0.16482259333133698,0.025177001953125,1.0,0.0,12.303882598876953,0.05361604690551758
8.093419075012207,0.9677104949951172,-0.5463045835494995,0.13239485025405884,-0.2258034646511078,5.036109924316406,161.2292022705078,-1.1994400024414062,160.21145629882812,0.6005476117134094,0.2436436265707016,0.06773591041564941,1.0,0.0,12.303882598876953,0.047635555267333984
8.093918800354004,1.0165351629257202,-0.4752679467201233,0.10177959501743317,-0.21929137408733368,5.116724014282227,161.2292022705078,-1.1194231510162354,160.2073516845703,0.6378938555717468,0.22823090851306915,-0.054610490798950195,1.0,0.0,12.303882598876953,0.04703855514526367
8.0944185256958,1.0380178689956665,-0.38393551111221313,0.17106670141220093,-0.21650046110153198,5.221296310424805,182.54371643066406,-1.0402629375457764,160.16796875,0.490922749042511,0.2806391716003418,0.0423436164855957,1.0,0.0,12.303882598876953,0.021625995635986328
8.094919204711914,1.0673128366470337,-0.2993681728839874,0.1694553792476654,-0.20626716315746307,5.312568187713623,182.54371643066406,-0.9586694240570068,160.231201171875,0.4832231104373932,0.316252201795578,0.020870208740234375,1.0,0.0,12.303882598876953,0.011948108673095703
8.095418930053711,1.0927021503448486,-0.21480081975460052,0.16462141275405884,-0.16626422107219696,5.379701614379883,161.06797790527344,-0.8772032260894775,160.28746032714844,0.4876564145088196,0.35392531752586365,-0.012412309646606445,1.0,0.0,12.303882598876953,0.026280879974365234
8.095918655395508,1.1083259582519531,-0.12685103714466095,0.20007061958312988,-0.15137940645217896,5.460235118865967,161.06797790527344,-0.7978925704956055,160.25247192382812,0.4669242799282074,0.38845306634902954,-0.025685787200927734,1.0,0.0,12.303882598876953,0.02505779266357422
8.096419334411621,1.1161376237869263,-0.03890105336904526,0.15978741645812988,-0.14672790467739105,5.51663064956665,139.59225463867188,-0.7180149555206299,160.24183654785156,0.4276781976222992,0.3990112841129303,-0.0488438606262207,1.0,0.0,12.303882598876953,0.04853963851928711
8.096918106079102,1.112231731414795,0.05243176966905594,0.20812726020812988,-0.12812189757823944,5.586287021636963,139.59225463867188,-0.6391680240631104,160.18833923339844,0.3781004250049591,0.4188511371612549,-0.04192829132080078,1.0,0.0,12.303882598876953,0.05773019790649414
8.097417831420898,1.1044198274612427,0.14038175344467163,0.22101788222789764,-0.10393407195806503,5.692258834838867,171.80584716796875,-0.5602545738220215,160.138671875,0.35309916734695435,0.44467777013778687,-0.05772089958190918,1.0,0.0,12.303882598876953,0.030672073364257812
8.097917556762695,1.092702031135559,0.2350969910621643,0.21618390083312988,-0.09928257763385773,5.778162002563477,171.80584716796875,-0.4809896945953369,160.10516357421875,0.2816006541252136,0.5226184725761414,0.04029488563537598,1.0,0.0,12.303882598876953,0.02403402328491211
8.098418235778809,1.0731722116470337,0.3162815272808075,0.21940654516220093,-0.07137355208396912,5.864065170288086,171.80584716796875,-0.4014747142791748,160.08251953125,0.27209097146987915,0.49390852451324463,-0.048905372619628906,1.0,0.0,12.303882598876953,0.01764535903930664
8.098917961120605,1.0341119766235352,0.4042315185070038,0.23874250054359436,-0.017416106536984444,5.949968338012695,171.80584716796875,-0.3210909366607666,160.09730529785156,0.16247914731502533,0.521553099155426,0.0727531909942627,1.0,0.0,12.303882598876953,0.012126445770263672
8.099417686462402,1.007746696472168,0.4837247133255005,0.2419651448726654,-0.024858519434928894,6.023993492126465,161.2292022705078,-0.24299836158752441,160.01507568359375,0.21616420149803162,0.5453436970710754,-0.08139419555664062,1.0,0.0,12.303882598876953,0.016193866729736328
8.099918365478516,0.9628276824951172,0.5682920813560486,0.23713116347789764,-0.003461596556007862,6.104608058929443,161.2292022705078,-0.16295909881591797,160.0166473388672,0.10647431015968323,0.5668190717697144,0.03073740005493164,1.0,0.0,12.303882598876953,0.015618324279785156
8.100418090820312,0.9149792790412903,0.6376374363899231,0.2725803852081299,0.03002922609448433,6.161059856414795,139.7319793701172,-0.08429312705993652,159.95994567871094,0.12417802959680557,0.53871089220047,-0.08932018280029297,1.0,0.0,12.303882598876953,0.03783273696899414
8.100916862487793,0.862248420715332,0.7086734175682068,0.23229718208312988,0.03840193524956703,6.230786323547363,139.7319793701172,-0.0006139278411865234,160.1152801513672,0.04528232291340828,0.5474956631660461,-0.02866196632385254,1.0,0.0,12.303882598876953,0.05178499221801758
8.101417541503906,0.7987759709358215,0.7780189514160156,0.21940654516220093,0.04398372769355774,0.06576961278915405,182.54371643066406,0.0801699161529541,160.1461639404297,-0.03023677133023739,0.5496657490730286,0.028276920318603516,1.0,0.0,12.303882598876953,0.014400243759155273
8.101917266845703,0.7294444441795349,0.8439814448356628,0.27096906304359436,0.07375336438417435,0.15685898065567017,182.54371643066406,0.16164946556091309,160.20530700683594,-0.08328905701637268,0.5999435186386108,0.0298159122467041,1.0,0.0,12.303882598876953,0.004790544509887695
8.1024169921875,0.6513245701789856,0.8981043696403503,0.24679914116859436,0.08212607353925705,0.22399210929870605,161.06797790527344,0.24393224716186523,160.2969970703125,-0.17401623725891113,0.5265950560569763,0.12919116020202637,1.0,0.0,12.303882598876953,0.01994013786315918
8.102916717529297,0.5819932222366333,0.9437706470489502,0.2500217854976654,0.12119869142770767,0.3045259118080139,161.06797790527344,0.32755374908447266,160.4429931640625,-0.1726885437965393,0.4975404739379883,0.06024670600891113,1.0,0.0,12.303882598876953,0.023027896881103516
8.10341739654541,0.5068028569221497,0.9860541224479675,0.1775120198726654,0.14631681144237518,0.3850597143173218,161.06797790527344,0.4122285842895508,160.6297149658203,-0.19814516603946686,0.5273427963256836,0.0007317066192626953,1.0,0.0,12.303882598876953,0.027168989181518555
8.103917121887207,0.42282387614250183,1.0266464948654175,0.2016819417476654,0.15096831321716309,0.46559351682662964,161.06797790527344,0.49399256706237793,160.69097900390625,-0.24901118874549866,0.5043964385986328,0.018219709396362305,1.0,0.0,12.303882598876953,0.028398990631103516
8.104416847229004,0.34079793095588684,1.0537080764770508,0.19201397895812988,0.1807379275560379,0.5340584516525269,150.3301239013672,0.5745375156402588,160.69918823242188,-0.26020124554634094,0.48330092430114746,-0.027211666107177734,1.0,0.0,12.303882598876953,0.04047894477844238
8.104915618896484,0.2509603202342987,1.0773868560791016,0.17267802357673645,0.1788773387670517,0.6090731024742126,150.3301239013672,0.6567046642303467,160.77572631835938,-0.33732837438583374,0.4301878809928894,0.062135934829711914,1.0,0.0,12.303882598876953,0.04763150215148926
8.105416297912598,0.16502821445465088,1.0976829528808594,0.16462139785289764,0.196553036570549,0.7083552479743958,171.80584716796875,0.7385609149932861,160.83737182617188,-0.3577999472618103,0.4295864403247833,0.00956273078918457,1.0,0.0,12.303882598876953,0.030205726623535156
8.105916023254395,0.07128440588712692,1.1044485569000244,0.15173077583312988,0.2114378660917282,0.7942584156990051,171.80584716796875,0.8209073543548584,160.9188690185547,-0.4392983019351959,0.3866053819656372,0.08218050003051758,1.0,0.0,12.303882598876953,0.026648998260498047
8.106415748596191,-0.018553735688328743,1.1044485569000244,0.12594953179359436,0.2021348625421524,0.8803543448448181,171.9778289794922,0.9043209552764893,161.04295349121094,-0.4427732825279236,0.33211007714271545,0.07692623138427734,1.0,0.0,12.303882598876953,0.023966550827026367
8.106916427612305,-0.11815618723630905,1.0976829528808594,0.1130589097738266,0.23376506567001343,0.9663434624671936,171.9778289794922,0.9887039661407471,161.2055206298828,-0.526168167591095,0.27555593848228455,0.15403461456298828,1.0,0.0,12.303882598876953,0.022360563278198242
8.107416152954102,-0.20213532447814941,1.0841522216796875,0.11950419843196869,0.23562566936016083,1.0521390438079834,171.80584716796875,1.0728704929351807,161.35519409179688,-0.4889783561229706,0.23524397611618042,0.103729248046875,1.0,0.0,12.303882598876953,0.020731449127197266
8.107915878295898,-0.2978319823741913,1.0672388076782227,0.13078351318836212,0.25330138206481934,1.1380422115325928,171.80584716796875,1.1575653553009033,161.52426147460938,-0.5713523030281067,0.21924637258052826,0.10108327865600586,1.0,0.0,12.303882598876953,0.019523143768310547
8.108415603637695,-0.37595197558403015,1.0367945432662964,0.07922101020812988,0.25330138206481934,1.1998063325881958,150.3301239013672,1.2427446842193604,161.7095489501953,-0.5215794444084167,0.18662405014038086,0.03849601745605469,1.0,0.0,12.303882598876953,0.0429384708404541
8.108916282653809,-0.4638369083404541,0.9995852112770081,0.021213188767433167,0.25702258944511414,1.2749712467193604,150.3301239013672,1.3265440464019775,161.8332977294922,-0.5819095969200134,0.13389822840690613,0.07232666015625,1.0,0.0,12.303882598876953,0.05157279968261719
8.109415054321289,-0.54586261510849,0.962375283241272,0.06149640679359436,0.23562568426132202,1.3742963075637817,171.9778289794922,1.4108712673187256,161.9767608642578,-0.5750518441200256,0.07515262812376022,0.08431005477905273,1.0,0.0,12.303882598876953,0.0365750789642334
8.109914779663086,-0.6239824891090393,0.9116350412368774,0.009933903813362122,0.25051048398017883,1.4602854251861572,171.9778289794922,1.4944779872894287,162.0867919921875,-0.6121167540550232,0.050968147814273834,0.04746389389038086,1.0,0.0,12.303882598876953,0.034192562103271484
8.110414505004883,-0.6981964111328125,0.8575117588043213,-0.011013373732566833,0.25144079327583313,1.5458881855010986,171.63421630859375,1.5787322521209717,162.2218017578125,-0.627436101436615,-0.0021877624094486237,0.049825191497802734,1.0,0.0,12.303882598876953,0.03284406661987305
8.110915184020996,-0.7714338898658752,0.7983149290084839,-0.04968523979187012,0.25516200065612793,1.6317050457000732,171.63421630859375,1.6622049808502197,162.32113647460938,-0.6624768376350403,-0.061267465353012085,0.05514097213745117,1.0,0.0,12.303882598876953,0.030499935150146484
8.111414909362793,-0.828070878982544,0.7272787094116211,-0.05129656195640564,0.24492868781089783,1.6937665939331055,150.48062133789062,1.7455999851226807,162.41502380371094,-0.5865886211395264,-0.11860909312963486,0.07916927337646484,1.0,0.0,12.303882598876953,0.051833391189575195
8.11191463470459,-0.8974020481109619,0.6613160371780396,-0.0722438246011734,0.23841656744480133,1.7690069675445557,150.48062133789062,1.8278377056121826,162.45816040039062,-0.676195502281189,-0.15776260197162628,0.026422977447509766,1.0,0.0,12.303882598876953,0.05883073806762695
8.112415313720703,-0.9384152293205261,0.5835143327713013,-0.08352312445640564,0.23004387319087982,1.8682167530059814,171.80584716796875,1.9094526767730713,162.4745330810547,-0.5472843050956726,-0.19818928837776184,0.06319999694824219,1.0,0.0,12.303882598876953,0.041235923767089844
8.1129150390625,-0.9901697635650635,0.5074037313461304,-0.11736102402210236,0.21981056034564972,1.9541196823120117,171.80584716796875,1.9901936054229736,162.45346069335938,-0.607369065284729,-0.22564055025577545,-0.009591102600097656,1.0,0.0,12.303882598876953,0.036073923110961914
8.113414764404297,-1.024346947669983,0.4279105067253113,-0.12541766464710236,0.2095772624015808,2.040022611618042,171.80584716796875,2.070425271987915,162.4114532470703,-0.5575562715530396,-0.2353651076555252,-0.0462498664855957,1.0,0.0,12.303882598876953,0.030402660369873047
8.113913536071777,-1.060477614402771,0.34503427147865295,-0.14636492729187012,0.1956227421760559,2.125753879547119,171.80584716796875,2.149836301803589,162.33583068847656,-0.5605252981185913,-0.2715686857700348,-0.07408332824707031,1.0,0.0,12.303882598876953,0.024082422256469727
8.11441421508789,-1.078054428100586,0.25370165705680847,-0.19953875243663788,0.17608642578125,2.2116568088531494,171.80584716796875,2.2307255268096924,162.3243865966797,-0.46501848101615906,-0.32801705598831177,0.008537769317626953,1.0,0.0,12.303882598876953,0.01906871795654297
8.114913940429688,-1.109302282333374,0.16575168073177338,-0.1769801676273346,0.164922833442688,2.2975594997406006,171.80584716796875,2.311079263687134,162.2899627685547,-0.5458306074142456,-0.39202171564102173,-0.06361579895019531,1.0,0.0,12.303882598876953,0.013519763946533203
8.115413665771484,-1.115161418914795,0.0744190588593483,-0.1769801676273346,0.13887439668178558,2.3595142364501953,150.48062133789062,2.39196515083313,162.2791290283203,-0.4420787990093231,-0.44051593542099,0.016613483428955078,1.0,0.0,12.303882598876953,0.03245091438293457
8.115914344787598,-1.1161378622055054,-0.011839404702186584,-0.2092067152261734,0.13515320420265198,2.4347543716430664,150.48062133789062,2.470921277999878,162.18722534179688,-0.43841004371643066,-0.41039371490478516,-0.09406042098999023,1.0,0.0,12.303882598876953,0.03616690635681152
8.116414070129395,-1.109302282333374,-0.10486353933811188,-0.19631610810756683,0.12585020065307617,2.5339643955230713,171.80584716796875,2.551213502883911,162.15379333496094,-0.33005473017692566,-0.44630637764930725,0.007691383361816406,1.0,0.0,12.303882598876953,0.017249107360839844
8.116913795471191,-1.0966081619262695,-0.19450463354587555,-0.1769801676273346,0.09980177879333496,2.6198673248291016,171.80584716796875,2.6321284770965576,162.14720153808594,-0.25697222352027893,-0.45687103271484375,0.051360130310058594,1.0,0.0,12.303882598876953,0.012261152267456055
8.117413520812988,-1.0741485357284546,-0.2875283360481262,-0.23659929633140564,0.06910184770822525,2.6937010288238525,161.06797790527344,2.7130239009857178,162.14024353027344,-0.22070129215717316,-0.5158811807632446,0.07868480682373047,1.0,0.0,12.303882598876953,0.019322872161865234
8.117913246154785,-1.0487595796585083,-0.37209612131118774,-0.2494899332523346,0.05421704053878784,2.774073839187622,161.06797790527344,2.7939836978912354,162.1354522705078,-0.2089170515537262,-0.5278834700584412,0.024901866912841797,1.0,0.0,12.303882598876953,0.01990985870361328
8.118412971496582,-1.0214178562164307,-0.45328041911125183,-0.23659929633140564,0.031889818608760834,2.8668596744537354,171.9778289794922,2.8743221759796143,162.10459899902344,-0.20280160009860992,-0.5165457129478455,-0.053044795989990234,1.0,0.0,12.303882598876953,0.007462501525878906
8.118912696838379,-0.99212247133255,-0.5310825705528259,-0.2591578960418701,0.02258681319653988,2.9528486728668213,171.9778289794922,2.951401948928833,161.93702697753906,-0.27674636244773865,-0.533441424369812,-0.23539209365844727,1.0,0.0,12.303882598876953,-0.0014467239379882812
8.119413375854492,-0.9481801390647888,-0.6071929335594177,-0.22854265570640564,-0.008113100193440914,3.0024361610412598,139.59225463867188,3.0287954807281494,161.7867889404297,-0.20658062398433685,-0.5402021408081055,-0.1993699073791504,1.0,0.0,12.303882598876953,0.02635931968688965
8.119913101196289,-0.8837311267852783,-0.6849948167800903,-0.21081805229187012,-0.029510023072361946,3.072232246398926,139.59225463867188,3.1034281253814697,161.5237274169922,-0.08771944046020508,-0.5420300364494324,-0.06873369216918945,1.0,0.0,12.303882598876953,0.031195878982543945
8.120412826538086,-0.8319768309593201,-0.7543397545814514,-0.24626727402210236,-0.046255435794591904,3.190305709838867,182.54371643066406,-3.1048600673675537,161.27694702148438,-0.10251469165086746,-0.5659604072570801,-0.16285443305969238,1.0,0.0,12.303882598876953,-0.011980533599853516
8.120912551879883,-0.7704574465751648,-0.8203023672103882,-0.23982195556163788,-0.07044325023889542,3.2815775871276855,182.54371643066406,-3.0267486572265625,161.1705780029297,-0.031061649322509766,-0.5455824136734009,-0.11849522590637207,1.0,0.0,12.303882598876953,-0.025140762329101562
8.121413230895996,-0.6933140754699707,-0.879499614238739,-0.22693133354187012,-0.09090986847877502,3.3488919734954834,161.2292022705078,-2.944509506225586,161.240234375,0.10078220069408417,-0.5154906511306763,0.049936771392822266,1.0,0.0,12.303882598876953,-0.010216236114501953
8.121912002563477,-0.6181235909461975,-0.9353138208389282,-0.22209733724594116,-0.11044617742300034,3.4293453693389893,161.2292022705078,-2.863206148147583,161.26914978027344,0.15493804216384888,-0.5232594609260559,0.06350421905517578,1.0,0.0,12.303882598876953,-0.009366035461425781
8.122411727905273,-0.5380507111549377,-0.9792888760566711,-0.22048602998256683,-0.12626129388809204,3.52184796333313,171.80584716796875,-2.782510995864868,161.2716522216797,0.19019165635108948,-0.4721822440624237,0.07790541648864746,1.0,0.0,12.303882598876953,-0.021173477172851562
8.122912406921387,-0.45407187938690186,-1.0232640504837036,-0.22370867431163788,-0.14672790467739105,3.6077511310577393,171.80584716796875,-2.6995038986206055,161.3714599609375,0.2690320312976837,-0.4926796853542328,0.11197471618652344,1.0,0.0,12.303882598876953,-0.02406930923461914
8.123412132263184,-0.3779048025608063,-1.0503252744674683,-0.14958757162094116,-0.14300669729709625,3.669515371322632,150.3301239013672,-2.616560459136963,161.46617126464844,0.2568245530128479,-0.44075891375541687,0.056610822677612305,1.0,0.0,12.303882598876953,-0.0028901100158691406
8.12391185760498,-0.2783021032810211,-1.0841522216796875,-0.2011500597000122,-0.18580053746700287,3.744680166244507,150.3301239013672,-2.5337817668914795,161.55288696289062,0.3644956946372986,-0.45246419310569763,0.12468743324279785,1.0,0.0,12.303882598876953,0.004723548889160156
8.124411582946777,-0.1943231076002121,-1.0976829528808594,-0.17536881566047668,-0.19138233363628387,3.8439841270446777,171.80584716796875,-2.449561595916748,161.69741821289062,0.3534444272518158,-0.41919180750846863,0.06262993812561035,1.0,0.0,12.303882598876953,-0.010360240936279297
8.12491226196289,-0.0966733768582344,-1.1112140417099,-0.17375749349594116,-0.19975504279136658,3.929887294769287,171.80584716796875,-2.3648829460144043,161.85853576660156,0.414712131023407,-0.37330663204193115,0.11561250686645508,1.0,0.0,12.303882598876953,-0.011584758758544922
8.125411987304688,-0.010741405189037323,-1.1145964860916138,-0.13347429037094116,-0.21557015180587769,4.015789985656738,171.80584716796875,-2.2806787490844727,161.99612426757812,0.4312557876110077,-0.36934369802474976,0.055887460708618164,1.0,0.0,12.303882598876953,-0.013283252716064453
8.125910758972168,0.0849553644657135,-1.1078310012817383,-0.11413836479187012,-0.2304549664258957,4.101521015167236,171.80584716796875,-2.197950601577759,162.06866455078125,0.455971896648407,-0.29486197233200073,0.10759091377258301,1.0,0.0,12.303882598876953,-0.016286373138427734
8.126411437988281,0.17674647271633148,-1.0976829528808594,-0.09319110214710236,-0.21650046110153198,4.163306713104248,150.3301239013672,-2.1126739978790283,162.24703979492188,0.5180678367614746,-0.25795555114746094,0.13453388214111328,1.0,0.0,12.303882598876953,0.007204532623291016
8.126911163330078,0.25681883096694946,-1.0807697772979736,-0.03518328070640564,-0.2406882792711258,4.238471984863281,150.3301239013672,-2.031078338623047,162.26673889160156,0.45963314175605774,-0.26185205578804016,-0.003492116928100586,1.0,0.0,12.303882598876953,0.01363515853881836
8.127410888671875,0.3525163233280182,-1.0570905208587646,-0.0722438246011734,-0.21929137408733368,4.337947368621826,171.9778289794922,-1.947219729423523,162.38174438476562,0.5518900156021118,-0.1983853578567505,0.08581948280334473,1.0,0.0,12.303882598876953,-0.0019817352294921875
8.127910614013672,0.4364945888519287,-1.0232640504837036,-0.04968523979187012,-0.2546427845954895,4.423936367034912,171.9778289794922,-1.8636225461959839,162.48297119140625,0.5297982096672058,-0.17226216197013855,0.03275179862976074,1.0,0.0,12.303882598876953,-0.0043735504150390625
8.128411293029785,0.5263329744338989,-0.9792888760566711,-0.03840593993663788,-0.2537125051021576,4.521800994873047,182.54371643066406,-1.7794486284255981,162.60641479492188,0.5702698826789856,-0.0770730972290039,0.12904834747314453,1.0,0.0,12.303882598876953,-0.018064022064208984
8.128911018371582,0.594687819480896,-0.9353139996528625,-0.007790699601173401,-0.2527821660041809,4.613072872161865,182.54371643066406,-1.6954679489135742,162.71864318847656,0.5134694576263428,-0.10334175080060959,-0.019788026809692383,1.0,0.0,12.303882598876953,-0.02535533905029297
8.129410743713379,0.6845252513885498,-0.8811909556388855,0.003488585352897644,-0.2388276606798172,4.680205821990967,161.06797790527344,-1.611742377281189,162.8183135986328,0.6153251528739929,0.007151883561164141,0.10728192329406738,1.0,0.0,12.303882598876953,-0.008762836456298828
8.129911422729492,0.7597160339355469,-0.8253763318061829,0.01799054443836212,-0.2602245807647705,4.760740280151367,161.06797790527344,-1.528242588043213,162.90631103515625,0.6415210366249084,0.035573285073041916,0.06741690635681152,1.0,0.0,12.303882598876953,-0.005797386169433594
8.130410194396973,0.8144001364707947,-0.7509571313858032,0.08405499160289764,-0.2499912679195404,4.829054355621338,150.3301239013672,-1.4444034099578857,163.0065155029297,0.5647373199462891,0.08924803882837296,0.08502864837646484,1.0,0.0,12.303882598876953,0.009727954864501953
8.13090991973877,0.8895902633666992,-0.6883774399757385,0.06955303251743317,-0.2378973811864853,4.904219627380371,150.3301239013672,-1.3607674837112427,163.09600830078125,0.6551960110664368,0.13331438601016998,0.04525017738342285,1.0,0.0,12.303882598876953,0.018198490142822266
8.131409645080566,0.9354856610298157,-0.6088842749595642,0.10016827285289764,-0.236967071890831,5.01576566696167,182.7264404296875,-1.277527093887329,163.1671905517578,0.5661903619766235,0.17506816983222961,0.06124711036682129,1.0,0.0,12.303882598876953,-0.01010751724243164
8.13191032409668,0.9911462664604187,-0.5327736735343933,0.10661357641220093,-0.2276640683412552,5.107128620147705,182.7264404296875,-1.1942849159240723,163.23672485351562,0.6162187457084656,0.2097594439983368,0.006013154983520508,1.0,0.0,12.303882598876953,-0.01822805404663086
8.132410049438477,1.0204408168792725,-0.44820651412010193,0.13884015381336212,-0.20533685386180878,5.186217308044434,171.80584716796875,-1.1112120151519775,163.29769897460938,0.5180056095123291,0.22515802085399628,0.004887819290161133,1.0,0.0,12.303882598876953,-0.014243602752685547
8.132909774780273,1.0526654720306396,-0.35856521129608154,0.13239483535289764,-0.18673084676265717,5.272120475769043,171.80584716796875,-1.028047800064087,163.3613739013672,0.46586108207702637,0.2881028354167938,0.06583380699157715,1.0,0.0,12.303882598876953,-0.016982555389404297
8.133410453796387,1.0858663320541382,-0.26723259687423706,0.18234598636627197,-0.18580053746700287,5.370092868804932,182.54371643066406,-0.9467434883117676,163.34536743164062,0.518654465675354,0.3423510491847992,0.013871192932128906,1.0,0.0,12.303882598876953,-0.033650875091552734
8.133910179138184,1.1122320890426636,-0.18097391724586487,0.18234600126743317,-0.16905511915683746,5.461363315582275,182.54371643066406,-0.8650214672088623,163.34707641601562,0.5411513447761536,0.37400808930397034,-0.04677867889404297,1.0,0.0,12.303882598876953,-0.04319906234741211
8.13440990447998,1.1141847372055054,-0.08964130282402039,0.21457256376743317,-0.15044909715652466,5.5043625831604,139.59225463867188,-0.7828879356384277,163.36636352539062,0.4246201813220978,0.3792669177055359,-0.004439115524291992,1.0,0.0,12.303882598876953,-0.004065036773681641
8.134908676147461,1.115161657333374,0.006765253376215696,0.20329327881336212,-0.13649459183216095,5.574015140533447,139.59225463867188,-0.7004261016845703,163.3990936279297,0.3492329716682434,0.4338357746601105,0.07743287086486816,1.0,0.0,12.303882598876953,0.008744239807128906
8.135409355163574,1.1190675497055054,0.09471523761749268,0.20812726020812988,-0.11881888657808304,5.692049503326416,182.54371643066406,-0.6182067394256592,163.42071533203125,0.38368335366249084,0.44842958450317383,-0.03522038459777832,1.0,0.0,12.303882598876953,-0.02707052230834961
8.135909080505371,1.1083260774612427,0.18773938715457916,0.22424054145812988,-0.09649166464805603,5.78331995010376,182.54371643066406,-0.5363121032714844,163.42886352539062,0.30366525053977966,0.4987926185131073,0.04409956932067871,1.0,0.0,12.303882598876953,-0.036446571350097656
8.136408805847168,1.0887961387634277,0.27568915486335754,0.24035382270812988,-0.07788565009832382,5.86272668838501,171.9778289794922,-0.45490455627441406,163.41575622558594,0.3085967004299164,0.4923141598701477,-0.05075716972351074,1.0,0.0,12.303882598876953,-0.034445762634277344
8.136908531188965,1.059500813484192,0.36702197790145874,0.23713116347789764,-0.05555844306945801,5.9487175941467285,171.9778289794922,-0.37332963943481445,163.41058349609375,0.21479432284832,0.5146276950836182,0.032530784606933594,1.0,0.0,12.303882598876953,-0.038861751556396484
8.137409210205078,1.025323510169983,0.45328062772750854,0.25485578179359436,-0.030440321192145348,6.034506320953369,171.80584716796875,-0.29149651527404785,163.41603088378906,0.18838194012641907,0.5351262092590332,0.00750732421875,1.0,0.0,12.303882598876953,-0.04281759262084961
8.137908935546875,0.9823575615882874,0.5344651937484741,0.23713114857673645,-0.010904009453952312,6.1204094886779785,171.80584716796875,-0.20934247970581055,163.4346466064453,0.12996642291545868,0.5355738997459412,0.025855064392089844,1.0,0.0,12.303882598876953,-0.04656648635864258
8.138408660888672,0.9432976245880127,0.6156497597694397,0.22101788222789764,0.009562608785927296,6.1823410987854,150.48062133789062,-0.12980985641479492,163.34275817871094,0.11382690072059631,0.5673536658287048,-0.013807535171508789,1.0,0.0,12.303882598876953,-0.028965473175048828
8.138908386230469,0.8798250555992126,0.6917603015899658,0.24035382270812988,0.03002922609448433,6.257437229156494,150.48062133789062,-0.04830288887023926,163.3365478515625,-0.0050513106398284435,0.5542735457420349,0.11232352256774902,1.0,0.0,12.303882598876953,-0.022554874420166016
8.139408111572266,0.825141429901123,0.7594141364097595,0.24357646703720093,0.04491403326392174,0.0734567642211914,171.80584716796875,0.03447437286376953,163.3828582763672,0.004453632514923811,0.5395525097846985,0.011773824691772461,1.0,0.0,12.303882598876953,-0.038982391357421875
8.139907836914062,0.7558098435401917,0.825376570224762,0.2725803852081299,0.07096245884895325,0.1593637466430664,171.80584716796875,0.11873602867126465,163.49122619628906,-0.07381854951381683,0.5333214402198792,0.07359981536865234,1.0,0.0,12.303882598876953,-0.04062771797180176
8.14040756225586,0.6786667704582214,0.8845734000205994,0.22746320068836212,0.08770786970853806,0.23319339752197266,161.06797790527344,0.20361566543579102,163.62290954589844,-0.1685018688440323,0.542611837387085,0.15265250205993652,1.0,0.0,12.303882598876953,-0.02957773208618164
8.140908241271973,0.6112882494926453,0.9403882026672363,0.2725803852081299,0.10817448794841766,0.31372928619384766,161.06797790527344,0.288862943649292,163.7669219970703,-0.1237095445394516,0.5684081315994263,-0.020065784454345703,1.0,0.0,12.303882598876953,-0.024866342544555664
8.14140796661377,0.5321915149688721,0.9826716780662537,0.19523662328720093,0.12864109873771667,0.38219547271728516,150.3301239013672,0.3712644577026367,163.78802490234375,-0.14592960476875305,0.5173787474632263,-0.041938066482543945,1.0,0.0,12.303882598876953,-0.010931015014648438
8.141907691955566,0.44040074944496155,1.0266464948654175,0.2016819417476654,0.13608349859714508,0.45736026763916016,150.3301239013672,0.45679759979248047,163.94161987304688,-0.2969205379486084,0.5028274059295654,0.13179898262023926,1.0,0.0,12.303882598876953,-0.0005626678466796875
8.14240837097168,0.35642215609550476,1.0537080764770508,0.1855686604976654,0.1714349240064621,0.5566682815551758,171.80584716796875,0.540942907333374,164.0330047607422,-0.2805970013141632,0.4535728096961975,0.06802177429199219,1.0,0.0,12.303882598876953,-0.015725374221801758
8.14290714263916,0.2665838599205017,1.0807697772979736,0.17590069770812988,0.1807379275560379,0.6423959732055664,171.80584716796875,0.625199556350708,164.12713623046875,-0.34631505608558655,0.43295609951019287,0.10460948944091797,1.0,0.0,12.303882598876953,-0.0171964168548584
8.143406867980957,0.17869918048381805,1.0976829528808594,0.15978741645812988,0.1974833607673645,0.7282991409301758,171.80584716796875,0.709172248840332,164.20716857910156,-0.3361310362815857,0.41686952114105225,0.024240493774414062,1.0,0.0,12.303882598876953,-0.01912689208984375
8.143906593322754,0.08300228416919708,1.1112140417099,0.15011945366859436,0.1956227570772171,0.8142023086547852,171.80584716796875,0.7943291664123535,164.3357391357422,-0.44286224246025085,0.3873221278190613,0.1131138801574707,1.0,0.0,12.303882598876953,-0.01987314224243164
8.144407272338867,-0.00878856610506773,1.1078310012817383,0.13239483535289764,0.22446206212043762,0.9123620986938477,182.7264404296875,0.8805630207061768,164.50653076171875,-0.42255932092666626,0.33771929144859314,0.0710906982421875,1.0,0.0,12.303882598876953,-0.0317990779876709
8.144906997680664,-0.10839126259088516,1.1078310012817383,0.1130588948726654,0.22818326950073242,1.003727912902832,182.7264404296875,0.9672625064849854,164.6934814453125,-0.5175914764404297,0.3041229248046875,0.12772607803344727,1.0,0.0,12.303882598876953,-0.03646540641784668
8.145406723022461,-0.2001820057630539,1.0976829528808594,0.11144758760929108,0.24213778972625732,1.0586824417114258,150.3301239013672,1.0518319606781006,164.78688049316406,-0.5400165319442749,0.2989617586135864,0.0685567855834961,1.0,0.0,12.303882598876953,-0.006850481033325195
8.145907402038574,-0.29002001881599426,1.0773868560791016,0.06794172525405884,0.24492868781089783,1.1338434219360352,150.3301239013672,1.1376392841339111,164.93032836914062,-0.5596470832824707,0.2572731673717499,0.057469844818115234,1.0,0.0,12.303882598876953,0.0037958621978759766
8.146407127380371,-0.38181087374687195,1.0469428300857544,0.06310772895812988,0.24585898220539093,1.2331514358520508,171.80584716796875,1.222043752670288,165.01202392578125,-0.5938581824302673,0.18260067701339722,0.10588455200195312,1.0,0.0,12.303882598876953,-0.011107683181762695
8.146905899047852,-0.46383678913116455,1.009732961654663,0.05505108833312988,0.25423169136047363,1.3188791275024414,171.80584716796875,1.3078501224517822,165.1504364013672,-0.5620682239532471,0.16352084279060364,0.03502225875854492,1.0,0.0,12.303882598876953,-0.01102900505065918
8.147405624389648,-0.5497687458992004,0.9691409468650818,0.00509992241859436,0.24958018958568573,1.4049768447875977,171.9778289794922,1.3931658267974854,165.26564025878906,-0.6104936003684998,0.10929125547409058,0.05579948425292969,1.0,0.0,12.303882598876953,-0.011811017990112305
8.147906303405762,-0.6308181881904602,0.9200918078422546,0.01799054443836212,0.24585898220539093,1.4909677505493164,171.9778289794922,1.477113962173462,165.32093811035156,-0.5868245363235474,0.05935920402407646,0.0481724739074707,1.0,0.0,12.303882598876953,-0.013853788375854492
8.148406028747559,-0.7050318121910095,0.8659687638282776,-0.011013373732566833,0.24771957099437714,1.5765695571899414,171.63421630859375,1.5613443851470947,165.38671875,-0.592675507068634,0.040323324501514435,-0.0033731460571289062,1.0,0.0,12.303882598876953,-0.01522517204284668
8.148905754089355,-0.7792458534240723,0.8050804138183594,-0.04646258056163788,0.23841656744480133,1.6623849868774414,171.63421630859375,1.6453955173492432,165.44390869140625,-0.6678221225738525,-0.02869841642677784,0.023585796356201172,1.0,0.0,12.303882598876953,-0.016989469528198242
8.149406433105469,-0.8466241955757141,0.7357352375984192,-0.03840593993663788,0.23934689164161682,1.724442481994629,150.48062133789062,1.7290117740631104,165.48150634765625,-0.6458496451377869,-0.08484337478876114,0.027671337127685547,1.0,0.0,12.303882598876953,0.004569292068481445
8.149906158447266,-0.907167375087738,0.6646986603736877,-0.08513444662094116,0.23097418248653412,1.799687385559082,150.48062133789062,1.8124239444732666,165.509765625,-0.6401100754737854,-0.1253114938735962,0.006883144378662109,1.0,0.0,12.303882598876953,0.01273655891418457
8.150405883789062,-0.960874617099762,0.5852054357528687,-0.0883571207523346,0.22725297510623932,1.910965919494629,182.54371643066406,1.8949391841888428,165.4997100830078,-0.6488817930221558,-0.18144845962524414,0.0036988258361816406,1.0,0.0,12.303882598876953,-0.016026735305786133
8.15090560913086,-0.9999346137046814,0.5040211081504822,-0.11091570556163788,0.2160893678665161,2.0022401809692383,182.54371643066406,1.9779036045074463,165.50865173339844,-0.5430192351341248,-0.19605426490306854,-0.005488872528076172,1.0,0.0,12.303882598876953,-0.024336576461791992
8.151405334472656,-1.0409477949142456,0.41945376992225647,-0.14314228296279907,0.1937621533870697,2.069207191467285,161.06797790527344,2.06038498878479,165.49700927734375,-0.5852299332618713,-0.24760569632053375,-0.034322261810302734,1.0,0.0,12.303882598876953,-0.008822202682495117
8.151905059814453,-1.0800074338912964,0.3315037786960602,-0.1528102457523346,0.1956227421760559,2.14974308013916,161.06797790527344,2.141105890274048,165.4114990234375,-0.6035035252571106,-0.28020989894866943,-0.08083200454711914,1.0,0.0,12.303882598876953,-0.008637189865112305
8.15240478515625,-1.1073492765426636,0.2367885261774063,-0.17375749349594116,0.1798076331615448,2.2450037002563477,174.1829376220703,2.222522020339966,165.35728454589844,-0.5526224970817566,-0.3591538667678833,-0.020389556884765625,1.0,0.0,12.303882598876953,-0.022481679916381836
8.152904510498047,-1.1239501237869263,0.14714699983596802,-0.1930934488773346,0.155619814991951,2.3320932388305664,174.1829376220703,2.3039934635162354,165.30624389648438,-0.5420795679092407,-0.38298264145851135,-0.06328868865966797,1.0,0.0,12.303882598876953,-0.028099775314331055
8.15340518951416,-1.130785346031189,0.054123297333717346,-0.2011500895023346,0.12864109873771667,2.428177833557129,182.54371643066406,2.3860108852386475,165.27935791015625,-0.46665558218955994,-0.4182080924510956,-0.029551982879638672,1.0,0.0,12.303882598876953,-0.042166948318481445
8.153904914855957,-1.1327385902404785,-0.03720974177122116,-0.21565203368663788,0.13329261541366577,2.5194482803344727,182.54371643066406,2.4656832218170166,165.15464782714844,-0.4511015713214874,-0.39778655767440796,-0.1176609992980957,1.0,0.0,12.303882598876953,-0.053765058517456055
8.154404640197754,-1.1356679201126099,-0.13361607491970062,-0.1769801527261734,0.11096538603305817,2.564549446105957,139.59225463867188,2.546806573867798,165.0934295654297,-0.44174301624298096,-0.47982749342918396,-0.09468317031860352,1.0,0.0,12.303882598876953,-0.01774287223815918
8.154905319213867,-1.1073492765426636,-0.2300228476524353,-0.23015397787094116,0.06352004408836365,2.6343469619750977,139.59225463867188,2.6269867420196533,164.99456787109375,-0.295837938785553,-0.5049541592597961,0.03979682922363281,1.0,0.0,12.303882598876953,-0.007360219955444336
8.155405044555664,-1.09270179271698,-0.3230469822883606,-0.22693133354187012,0.07282305508852005,2.7505083084106445,182.7264404296875,2.7101194858551025,165.0214080810547,-0.29033687710762024,-0.5385105013847351,-0.00803518295288086,1.0,0.0,12.303882598876953,-0.04038882255554199
8.155903816223145,-1.061453938484192,-0.4109969735145569,-0.24465593695640564,0.043983735144138336,2.841691017150879,182.7264404296875,2.7909109592437744,164.9491424560547,-0.2556197941303253,-0.5368026494979858,-0.0389246940612793,1.0,0.0,12.303882598876953,-0.05078005790710449
8.156403541564941,-1.0223942995071411,-0.4989469647407532,-0.2575465738773346,0.03095952235162258,2.9213151931762695,171.80584716796875,2.8714277744293213,164.8671875,-0.19997499883174896,-0.5662683248519897,-0.014422416687011719,1.0,0.0,12.303882598876953,-0.04988741874694824
8.156904220581055,-0.9813811182975769,-0.5767486691474915,-0.25271257758140564,0.011423211544752121,3.007218360900879,171.80584716796875,2.953287363052368,164.84262084960938,-0.19951701164245605,-0.5321856141090393,-0.11592435836791992,1.0,0.0,12.303882598876953,-0.05393099784851074
8.157403945922852,-0.9179086685180664,-0.6596246957778931,-0.25432389974594116,-0.0304403118789196,3.078362464904785,158.0758514404297,3.034932851791382,164.810302734375,-0.05502775311470032,-0.5464854836463928,0.06149005889892578,1.0,0.0,12.303882598876953,-0.04342961311340332
8.157903671264648,-0.8759192824363708,-0.7323523759841919,-0.19792743027210236,-0.0369524285197258,3.157402992248535,158.0758514404297,3.114727258682251,164.70001220703125,-0.10195162892341614,-0.5681740045547485,-0.09619331359863281,1.0,0.0,12.303882598876953,-0.04267573356628418
8.158404350280762,-0.8065878748893738,-0.8050804138183594,-0.19470475614070892,-0.042534224689006805,3.2430238723754883,163.9368896484375,-3.0873618125915527,164.64808654785156,0.027451016008853912,-0.5662652850151062,0.04928922653198242,1.0,0.0,12.303882598876953,-0.04720020294189453
8.158904075622559,-0.7353035807609558,-0.8676602840423584,-0.19953873753547668,-0.07695534825325012,3.3249902725219727,163.9368896484375,-3.0069870948791504,164.5662841796875,0.06346450001001358,-0.5601292252540588,0.0332028865814209,1.0,0.0,12.303882598876953,-0.04879188537597656
8.159403800964355,-0.670854389667511,-0.9251657724380493,-0.21242937445640564,-0.09928257018327713,3.42495059967041,180.65809631347656,-2.924506187438965,164.57505798339844,0.061341214925050735,-0.5785287618637085,-0.0568387508392334,1.0,0.0,12.303882598876953,-0.06627130508422852
8.159902572631836,-0.5780871510505676,-0.9775975346565247,-0.22693133354187012,-0.11509767919778824,3.51509952545166,180.65809631347656,-2.8419036865234375,164.58901977539062,0.172709658741951,-0.5142632126808167,0.07950258255004883,1.0,0.0,12.303882598876953,-0.07381772994995117
8.16040325164795,-0.4950847625732422,-1.0232640504837036,-0.21404069662094116,-0.14672790467739105,3.5864572525024414,163.7805938720703,-2.7570953369140625,164.69483947753906,0.217459574341774,-0.5162104368209839,0.06938290596008301,1.0,0.0,12.303882598876953,-0.06036710739135742
8.160902976989746,-0.4013410806655884,-1.0638562440872192,-0.20759539306163788,-0.15975211560726166,3.6683473587036133,163.7805938720703,-2.672999858856201,164.76852416992188,0.29751038551330566,-0.4960191249847412,0.12712311744689941,1.0,0.0,12.303882598876953,-0.05816173553466797
8.161402702331543,-0.3095499575138092,-1.0909175872802734,-0.19470477104187012,-0.16905513405799866,3.7588624954223633,171.80584716796875,-2.584948778152466,165.00669860839844,0.36377137899398804,-0.452673077583313,0.17602276802062988,1.0,0.0,12.303882598876953,-0.060625553131103516
8.161903381347656,-0.21580617129802704,-1.1112140417099,-0.19470475614070892,-0.18952171504497528,3.8447656631469727,171.80584716796875,-2.4972169399261475,165.2262420654297,0.3889874815940857,-0.45367002487182617,0.11998128890991211,1.0,0.0,12.303882598876953,-0.058797359466552734
8.162403106689453,-0.12596851587295532,-1.1247445344924927,-0.14797624945640564,-0.20161563158035278,3.907586097717285,150.3301239013672,-2.4099957942962646,165.41973876953125,0.4093068242073059,-0.42702776193618774,0.08811593055725098,1.0,0.0,12.303882598876953,-0.03439664840698242
8.16290283203125,-0.0244123712182045,-1.131509780883789,-0.14958757162094116,-0.21557015180587769,3.982754707336426,150.3301239013672,-2.323003053665161,165.59979248046875,0.4695206880569458,-0.3896878957748413,0.11512994766235352,1.0,0.0,12.303882598876953,-0.022572040557861328
8.163402557373047,0.06542527675628662,-1.1179792881011963,-0.07868914306163788,-0.2323155701160431,4.081185340881348,171.9778289794922,-2.2368276119232178,165.74185180664062,0.46656519174575806,-0.29728493094444275,0.15460848808288574,1.0,0.0,12.303882598876953,-0.03482770919799805
8.163902282714844,0.15916956961154938,-1.1145964860916138,-0.12541766464710236,-0.2444094866514206,4.167004585266113,171.9778289794922,-2.1516613960266113,165.8383026123047,0.4838230311870575,-0.3112408518791199,0.06475973129272461,1.0,0.0,12.303882598876953,-0.035480499267578125
8.16440200805664,0.25681906938552856,-1.101065754890442,-0.10285906493663788,-0.2406882643699646,4.264355659484863,182.54371643066406,-2.063448667526245,166.06060791015625,0.557378351688385,-0.28498971462249756,0.07566404342651367,1.0,0.0,12.303882598876953,-0.044619083404541016
8.164901733398438,0.35446906089782715,-1.0773868560791016,-0.08352312445640564,-0.242548868060112,4.355626106262207,182.54371643066406,-1.9762392044067383,166.23614501953125,0.6074966788291931,-0.23859573900699615,0.08696722984313965,1.0,0.0,12.303882598876953,-0.04867982864379883
8.16540241241455,0.44040051102638245,-1.0367945432662964,-0.07063251733779907,-0.2537125051021576,4.435349464416504,171.80584716796875,-1.8898183107376099,166.3749237060547,0.5664908289909363,-0.17821498215198517,0.06997251510620117,1.0,0.0,12.303882598876953,-0.041982173919677734
8.165902137756348,0.5224267840385437,-0.9928197264671326,-0.019070014357566833,-0.25743368268013,4.521248817443848,171.80584716796875,-1.8021314144134521,166.56393432617188,0.5456951856613159,-0.11661119759082794,0.07664203643798828,1.0,0.0,12.303882598876953,-0.04019498825073242
8.166401863098145,0.6083588004112244,-0.9454619288444519,-0.031960636377334595,-0.2630155086517334,4.595612525939941,161.06797790527344,-1.7152764797210693,166.71408081054688,0.581475555896759,-0.07653578370809555,0.06946253776550293,1.0,0.0,12.303882598876953,-0.02770376205444336
8.166901588439941,0.6884316802024841,-0.8879562020301819,0.008322581648826599,-0.2620851695537567,4.676148414611816,161.06797790527344,-1.6292533874511719,166.8261260986328,0.595443069934845,-0.0028927563689649105,0.10965800285339355,1.0,0.0,12.303882598876953,-0.022216320037841797
8.167402267456055,0.764598548412323,-0.8304505348205566,0.0244358628988266,-0.2565034031867981,4.768227577209473,171.80584716796875,-1.5423672199249268,166.97189331054688,0.6512776017189026,0.010604644194245338,0.043683767318725586,1.0,0.0,12.303882598876953,-0.027409076690673828
8.167901039123535,0.8378357291221619,-0.7644878029823303,0.043771788477897644,-0.2527821660041809,4.853955268859863,171.80584716796875,-1.4562163352966309,167.08367919921875,0.6694768667221069,0.05755827948451042,0.026983022689819336,1.0,0.0,12.303882598876953,-0.026986122131347656
8.168401718139648,0.8915432095527649,-0.6849948167800903,0.0888889878988266,-0.2341761589050293,4.940217018127441,171.9778289794922,-1.3710658550262451,167.15118408203125,0.5871135592460632,0.12731735408306122,0.06981682777404785,1.0,0.0,12.303882598876953,-0.02809762954711914
8.168901443481445,0.9559924006462097,-0.6139585971832275,0.07922101020812988,-0.2360367774963379,5.026036262512207,171.9778289794922,-1.2853076457977295,167.24281311035156,0.6499327421188354,0.1691007912158966,0.02489304542541504,1.0,0.0,12.303882598876953,-0.02815866470336914
8.169401168823242,1.0009108781814575,-0.5293910503387451,0.1130589097738266,-0.2295246571302414,5.11184024810791,171.80584716796875,-1.201119303703308,167.26657104492188,0.6015774011611938,0.2054019272327423,0.015161275863647461,1.0,0.0,12.303882598876953,-0.029774188995361328
8.169900894165039,1.0526658296585083,-0.44651520252227783,0.1211155354976654,-0.20812775194644928,5.197739601135254,171.80584716796875,-1.117659330368042,167.25904846191406,0.671432375907898,0.2482064962387085,-0.0434873104095459,1.0,0.0,12.303882598876953,-0.032213687896728516
8.170400619506836,1.0790313482284546,-0.35349124670028687,0.15978741645812988,-0.17835813760757446,5.260560035705566,150.3301239013672,-1.0344336032867432,167.2422332763672,0.5644834041595459,0.29002171754837036,-0.006036520004272461,1.0,0.0,12.303882598876953,-0.011807918548583984
8.17090129852295,1.09758460521698,-0.26046714186668396,0.17267803847789764,-0.18207934498786926,5.335721015930176,150.3301239013672,-0.9518656730651855,167.19802856445312,0.47817933559417725,0.30241096019744873,0.0007147789001464844,1.0,0.0,12.303882598876953,-0.004401206970214844
8.171401023864746,1.1219969987869263,-0.1640605628490448,0.1855686604976654,-0.16533392667770386,5.433976173400879,171.80584716796875,-0.8687057495117188,167.17929077148438,0.5025720596313477,0.3812674880027771,0.002641439437866211,1.0,0.0,12.303882598876953,-0.019496440887451172
8.171900749206543,1.128832221031189,-0.0710364282131195,0.1855686604976654,-0.15230971574783325,5.519879341125488,171.80584716796875,-0.7841382026672363,167.2205047607422,0.40311580896377563,0.404183566570282,0.05602860450744629,1.0,0.0,12.303882598876953,-0.020832061767578125
8.172401428222656,1.1395741701126099,0.025370333343744278,0.18234601616859436,-0.12440069019794464,5.605774879455566,171.80584716796875,-0.6996431350708008,167.2578582763672,0.39927738904953003,0.4526175856590271,0.032657623291015625,1.0,0.0,12.303882598876953,-0.022232532501220703
8.172900199890137,1.127855896949768,0.12008536607027054,0.19845928251743317,-0.11137648671865463,5.691510200500488,171.80584716796875,-0.6171090602874756,167.21200561523438,0.33262309432029724,0.4534449279308319,0.04011797904968262,1.0,0.0,12.303882598876953,-0.025434017181396484
8.173399925231934,1.1210204362869263,0.21310949325561523,0.20490460097789764,-0.07788566499948502,5.766053199768066,161.2292022705078,-0.53407883644104,167.18801879882812,0.3572993278503418,0.5012439489364624,-0.029606103897094727,1.0,0.0,12.303882598876953,-0.01694631576538086
8.17389965057373,1.091725468635559,0.3044421374797821,0.22262921929359436,-0.06765235215425491,5.8466691970825195,161.2292022705078,-0.4509758949279785,167.1678466796875,0.24485287070274353,0.4863981306552887,0.04049539566040039,1.0,0.0,12.303882598876953,-0.014459609985351562
8.174400329589844,1.056571364402771,0.3991575539112091,0.24841046333312988,-0.04904633387923241,5.938652992248535,171.80584716796875,-0.36801862716674805,167.14175415039062,0.18370115756988525,0.5037370920181274,0.07434558868408203,1.0,0.0,12.303882598876953,-0.02348613739013672
8.17490005493164,1.0223942995071411,0.4854160249233246,0.24841046333312988,-0.030440321192145348,6.0245561599731445,171.80584716796875,-0.28226685523986816,167.2333526611328,0.16669273376464844,0.5533499121665955,0.04559659957885742,1.0,0.0,12.303882598876953,-0.02363729476928711
8.175399780273438,0.9794279932975769,0.5666005611419678,0.2339085042476654,-0.010904009453952312,6.1106462478637695,171.9778289794922,-0.19739127159118652,167.28604125976562,0.13744430243968964,0.5292713642120361,-0.0009331703186035156,1.0,0.0,12.303882598876953,-0.024852275848388672
8.175899505615234,0.9286500811576843,0.6545505523681641,0.24841046333312988,0.006771707907319069,6.196629524230957,171.9778289794922,-0.11353516578674316,167.29541015625,0.0672028586268425,0.5807214379310608,0.054308176040649414,1.0,0.0,12.303882598876953,-0.02697896957397461
8.176400184631348,0.8681071400642395,0.7255871891975403,0.24841046333312988,0.042123131453990936,6.282439231872559,171.80584716796875,-0.028261899948120117,167.36378479003906,0.020614605396986008,0.550625741481781,0.04681587219238281,1.0,0.0,12.303882598876953,-0.027515888214111328
8.176898956298828,0.8065876364707947,0.7983151078224182,0.23713117837905884,0.05421704798936844,0.08498334884643555,171.80584716796875,0.05588078498840332,167.38316345214844,-0.010044688358902931,0.5743773579597473,0.017464399337768555,1.0,0.0,12.303882598876953,-0.029102563858032227
8.177398681640625,0.7304211258888245,0.8625859022140503,0.23874248564243317,0.07933515310287476,0.15951871871948242,161.2292022705078,0.13998842239379883,167.40060424804688,-0.09926854819059372,0.5430997014045715,0.09699463844299316,1.0,0.0,12.303882598876953,-0.019530296325683594
8.177899360656738,0.6571836471557617,0.9217831492424011,0.2758030295372009,0.09515027701854706,0.24013471603393555,161.2292022705078,0.22602462768554688,167.4986572265625,-0.10344278812408447,0.5535138249397278,0.01461338996887207,1.0,0.0,12.303882598876953,-0.014110088348388672
8.178399085998535,0.5732048749923706,0.9725233912467957,0.23874250054359436,0.12398960441350937,0.3321261405944824,171.80584716796875,0.31145691871643066,167.5689697265625,-0.17420874536037445,0.5349451303482056,0.059465646743774414,1.0,0.0,12.303882598876953,-0.020669221878051758
8.178898811340332,0.4931316673755646,1.0164985656738281,0.21457256376743317,0.13980470597743988,0.4180293083190918,171.80584716796875,0.3986537456512451,167.71241760253906,-0.22241127490997314,0.521379828453064,0.06070542335510254,1.0,0.0,12.303882598876953,-0.01937556266784668
8.179398536682129,0.4052468538284302,1.0537080764770508,0.18234600126743317,0.1546895056962967,0.515286922454834,182.36135864257812,0.4854247570037842,167.83477783203125,-0.2656705975532532,0.5079813599586487,0.052603721618652344,1.0,0.0,12.303882598876953,-0.029862165451049805
8.179899215698242,0.307596892118454,1.0841522216796875,0.19201397895812988,0.1714349240064621,0.6064715385437012,182.36135864257812,0.5708401203155518,167.89813232421875,-0.3477571904659271,0.4598228335380554,0.13318586349487305,1.0,0.0,12.303882598876953,-0.035631418228149414
8.180398941040039,0.20994728803634644,1.1044485569000244,0.1855686753988266,0.2086469531059265,0.6862978935241699,171.80584716796875,0.6590533256530762,168.07742309570312,-0.40937700867652893,0.4103623628616333,0.18192076683044434,1.0,0.0,12.303882598876953,-0.02724456787109375
8.18089771270752,0.11815667152404785,1.1145964860916138,0.16784405708312988,0.1928318440914154,0.7720351219177246,171.80584716796875,0.7476930618286133,168.2706756591797,-0.41948288679122925,0.37686821818351746,0.14786624908447266,1.0,0.0,12.303882598876953,-0.024342060089111328
8.181398391723633,0.018553489819169044,1.1213617324829102,0.1613987386226654,0.23562568426132202,0.8350329399108887,150.48062133789062,0.8358380794525146,168.4391632080078,-0.468214750289917,0.35336101055145264,0.1452016830444336,1.0,0.0,12.303882598876953,0.0008051395416259766
8.18189811706543,-0.07909636944532394,1.1247445344924927,0.12433819472789764,0.22167114913463593,0.910275936126709,150.48062133789062,0.9248912334442139,168.64224243164062,-0.5570175647735596,0.3464513421058655,0.1463007926940918,1.0,0.0,12.303882598876953,0.014615297317504883
8.182397842407227,-0.1669812947511673,1.1078310012817383,0.10983623564243317,0.23748628795146942,1.0199847221374512,182.54371643066406,1.0124866962432861,168.77976989746094,-0.4903036653995514,0.2927446663379669,0.07662057876586914,1.0,0.0,12.303882598876953,-0.007498025894165039
8.182897567749023,-0.27244311571121216,1.0943005084991455,0.0888889878988266,0.23841656744480133,1.111255168914795,182.54371643066406,1.1009457111358643,168.95098876953125,-0.6150373220443726,0.2465195655822754,0.1455540657043457,1.0,0.0,12.303882598876953,-0.010309457778930664
