time_s,v_alpha_v,v_beta_v,i_alpha_a,i_beta_a,encoder_angle_rad,encoder_speed_rad_s,pll_angle_rad,pll_speed_rad_s,emf_alpha_v,emf_beta_v,phase_error_rad,locked,active,bus_voltage_v,angle_error_rad
9.404561042785645,3.0019032955169678,0.0,0.8193924427032471,0.022825878113508224,nan,nan,-2.211406707763672,5.048244953155518,0.16627183556556702,-0.09572084993124008,0.12044501304626465,0.0,0.0,12.1620512008667,nan
9.405061721801758,3.0019032955169678,0.0,0.7968338131904602,0.017244059592485428,nan,nan,-2.2096199989318848,5.017392635345459,0.14191041886806488,-0.13143377006053925,-0.1070408821105957,0.0,0.0,12.1620512008667,nan
9.405561447143555,3.0019032955169678,0.0,0.8516189455986023,0.015383466146886349,nan,nan,-2.202636957168579,5.204834938049316,0.0934947058558464,-0.04797615483403206,0.1601390838623047,0.0,0.0,12.1620512008667,nan
9.406061172485352,3.0019032955169678,0.0,0.8242263793945312,0.014453151263296604,nan,nan,-2.1662240028381348,0.14308010041713715,0.1296357959508896,-0.09800004959106445,-0.052049875259399414,0.0,0.0,12.1620512008667,nan
9.406560897827148,3.0019032955169678,0.0,0.8258377313613892,0.026547066867351532,nan,nan,-2.1654796600341797,0.1715409904718399,0.14341315627098083,-0.0776299461722374,0.0990133285522461,0.0,0.0,12.1620512008667,nan
9.407060623168945,3.0019032955169678,0.0,0.8145583868026733,0.031198570504784584,nan,nan,-2.161996364593506,0.3140205442905426,0.1442689150571823,-0.08654776960611343,0.05116868019104004,0.0,0.0,12.1620512008667,nan
9.407560348510742,3.0019032955169678,0.0,0.8274490833282471,0.033059198409318924,nan,nan,-2.1602823734283447,0.37986674904823303,0.1642429083585739,-0.08327510207891464,0.12086749076843262,0.0,0.0,12.1620512008667,nan
9.408061027526855,3.0019032955169678,0.0,0.8451736569404602,0.004219864495098591,nan,nan,-2.157057762145996,0.5070084929466248,0.1080532893538475,-0.10541325807571411,-0.18738460540771484,0.0,0.0,12.1620512008667,nan
9.408559799194336,3.0019032955169678,0.0,0.8483963012695312,0.039571262896060944,nan,nan,-2.158853530883789,0.4218252897262573,0.10241949558258057,-0.049746930599212646,0.1366128921508789,0.0,0.0,12.1620512008667,nan
9.409059524536133,3.0019032955169678,0.0,0.7903884649276733,0.01910465583205223,nan,nan,-2.1568796634674072,0.49589067697525024,0.16614851355552673,-0.10123414546251297,0.03918337821960449,0.0,0.0,12.1620512008667,nan
9.409560203552246,3.0019032955169678,0.0,0.8210037350654602,0.02933797612786293,nan,nan,-2.153921365737915,0.6103862524032593,0.1681443452835083,-0.06844187527894974,0.19759225845336914,0.0,0.0,12.1620512008667,nan
9.410059928894043,3.0019032955169678,0.0,0.8065017461776733,0.015383431687951088,nan,nan,-2.1566290855407715,0.4833284020423889,0.13018029928207397,-0.0709647610783577,0.0872647762298584,0.0,0.0,12.1620512008667,nan
9.41055965423584,3.0019032955169678,0.0,0.8210037350654602,0.023756159469485283,nan,nan,-2.1543803215026855,0.5664628148078918,0.10222934931516647,-0.07576499879360199,-0.05425238609313965,0.0,0.0,12.1620512008667,nan
9.411060333251953,3.0019032955169678,0.0,0.8258377313613892,0.015383466146886349,nan,nan,-2.1561083793640137,0.4816494882106781,0.1333627998828888,-0.09787890315055847,-0.04786419868469238,0.0,0.0,12.1620512008667,nan
9.41156005859375,3.0019032955169678,0.0,0.8258377313613892,0.026547066867351532,nan,nan,-2.1485562324523926,0.7883031964302063,0.17539621889591217,-0.09439186006784439,0.08466672897338867,0.0,0.0,12.1620512008667,nan
9.412059783935547,3.0019032955169678,0.0,0.8258377313613892,0.009801682084798813,nan,nan,-2.146993637084961,0.83687824010849,0.08985872566699982,-0.07760032266378403,-0.13642072677612305,0.0,0.0,12.1620512008667,nan
9.412558555603027,3.0019032955169678,0.0,0.8016678094863892,0.018174374476075172,nan,nan,-2.1435275077819824,0.9645360112190247,0.12761422991752625,-0.09001754224300385,-0.04145359992980957,0.0,0.0,12.1620512008667,nan
9.41305923461914,3.0019032955169678,0.0,0.8097244501113892,0.022825878113508224,nan,nan,-2.141738176345825,1.019081711769104,0.14469633996486664,-0.08751223981380463,0.027455806732177734,0.0,0.0,12.1620512008667,nan
9.413558959960938,3.0019032955169678,0.0,0.8258377313613892,0.026547066867351532,nan,nan,-2.139127492904663,1.1079261302947998,0.1455984264612198,-0.06628655642271042,0.14206719398498535,0.0,0.0,12.1620512008667,nan
9.414058685302734,3.0019032955169678,0.0,0.8483963012695312,0.039571262896060944,nan,nan,-2.1372900009155273,1.161297082901001,0.1118420958518982,-0.07202644646167755,-0.005287885665893555,0.0,0.0,12.1620512008667,nan
9.414559364318848,3.0019032955169678,0.0,0.7919998168945312,0.03491976112127304,nan,nan,-2.13370943069458,1.2889487743377686,0.15119366347789764,-0.07621628046035767,0.09682798385620117,0.0,0.0,12.1620512008667,nan
9.415059089660645,3.0019032955169678,0.0,0.8081130981445312,0.018174374476075172,nan,nan,-2.1334755420684814,1.2707008123397827,0.1313270777463913,-0.09611866623163223,-0.06900382041931152,0.0,0.0,12.1620512008667,nan
9.415558815002441,3.0019032955169678,0.0,0.8258377313613892,0.026547066867351532,nan,nan,-2.1329922676086426,1.2644662857055664,0.15320011973381042,-0.0733620673418045,0.11650824546813965,0.0,0.0,12.1620512008667,nan
9.416058540344238,3.0019032955169678,0.0,0.8129470944404602,0.01910465583205223,nan,nan,-2.1317636966705322,1.2889184951782227,0.13896840810775757,-0.08091668039560318,0.03426218032836914,0.0,0.0,12.1620512008667,nan
9.416558265686035,3.0019032955169678,0.0,0.8210037350654602,0.02933797612786293,nan,nan,-2.127197504043579,1.4532816410064697,0.14318755269050598,-0.07409978657960892,0.07966828346252441,0.0,0.0,12.1620512008667,nan
9.417057991027832,3.0019032955169678,0.0,0.8048904538154602,0.018174374476075172,nan,nan,-2.127566337585449,1.4077998399734497,0.1389855593442917,-0.053545184433460236,0.19030237197875977,0.0,0.0,12.1620512008667,nan
9.417557716369629,3.0019032955169678,0.0,0.8322830200195312,0.03026825748383999,nan,nan,-2.1247141361236572,1.4977211952209473,0.12591008841991425,-0.07427743077278137,0.021529197692871094,0.0,0.0,12.1620512008667,nan
9.418058395385742,3.0019032955169678,0.0,0.8161697387695312,0.020965250208973885,nan,nan,-2.1245906352996826,1.4715566635131836,0.1084081381559372,-0.06503740698099136,0.013974666595458984,0.0,0.0,12.1620512008667,nan
9.418558120727539,3.0019032955169678,0.0,0.8532302975654602,0.018174374476075172,nan,nan,-2.1302013397216797,1.204859972000122,0.09716924279928207,-0.08977369219064713,-0.18683314323425293,0.0,0.0,12.1620512008667,nan
9.419057846069336,3.0019032955169678,0.0,0.8161697387695312,0.024686472490429878,nan,nan,-2.135120153427124,0.9739567041397095,0.13004285097122192,-0.0740315392613411,0.0473172664642334,0.0,0.0,12.1620512008667,nan
9.419557571411133,3.0019032955169678,0.0,0.8451736569404602,0.022825878113508224,nan,nan,-2.140275716781616,0.7365450263023376,0.1235717311501503,-0.08379027992486954,-0.026240825653076172,0.0,0.0,12.1620512008667,nan
9.420058250427246,3.0019032955169678,0.0,0.7919998168945312,0.01259255688637495,nan,nan,-2.1417508125305176,0.6596770286560059,0.11377831548452377,-0.0735558345913887,-0.0027365684509277344,0.0,0.0,12.1620512008667,nan
9.420557022094727,3.0019032955169678,0.0,0.8419510126113892,0.017244059592485428,nan,nan,-2.1368141174316406,0.8522244691848755,0.12576845288276672,-0.09893959015607834,-0.10068583488464355,0.0,0.0,12.1620512008667,nan
9.42105770111084,3.0019032955169678,0.0,0.8000564575195312,0.017244059592485428,nan,nan,-2.1385045051574707,0.7629809975624084,0.107142873108387,-0.08313991129398346,-0.09234094619750977,0.0,0.0,12.1620512008667,nan
9.421557426452637,3.0019032955169678,0.0,0.8258377313613892,0.026547066867351532,nan,nan,-2.13476300239563,0.9042432904243469,0.10124049335718155,-0.06733525544404984,-0.022745609283447266,0.0,0.0,12.1620512008667,nan
9.42205810546875,3.0019032955169678,0.0,0.7919998168945312,0.010731962509453297,nan,nan,-2.1298534870147705,1.091322660446167,0.1260008066892624,-0.05837817117571831,0.12607645988464355,0.0,0.0,12.1620512008667,nan
9.42255687713623,3.0019032955169678,0.0,0.8483963012695312,0.039571262896060944,nan,nan,-2.1262624263763428,1.2187039852142334,0.14050127565860748,-0.08650242537260056,0.004027366638183594,0.0,0.0,12.1620512008667,nan
9.423057556152344,3.0019032955169678,0.0,0.8081130981445312,0.025616753846406937,nan,nan,-2.1287412643432617,1.0898919105529785,0.10827966034412384,-0.09856569766998291,-0.18091869354248047,0.0,0.0,12.1620512008667,nan
9.42355728149414,3.0019032955169678,0.0,0.8210037350654602,0.02933797612786293,nan,nan,-2.13028621673584,1.002777099609375,0.15996375679969788,-0.07277233153581619,0.13343596458435059,0.0,0.0,12.1620512008667,nan
9.424057960510254,3.0019032955169678,0.0,0.8129470944404602,0.024686472490429878,nan,nan,-2.1337993144989014,0.8331201672554016,0.0723457857966423,-0.08986622840166092,-0.33109498023986816,0.0,0.0,12.1620512008667,nan
9.424555778503418,3.0019032955169678,0.0,0.8274490833282471,0.025616787374019623,nan,nan,-2.134107828140259,0.8032010197639465,0.13089747726917267,-0.07123027741909027,0.06549811363220215,0.0,0.0,12.1620512008667,nan
9.425057411193848,3.0019032955169678,0.0,0.8016678094863892,0.005150178913027048,nan,nan,-2.146271228790283,0.27301347255706787,0.07517895847558975,-0.1061515137553215,-0.3805990219116211,0.0,0.0,12.1620512008667,nan
9.425556182861328,3.0019032955169678,0.0,0.8048904538154602,0.04236217215657234,nan,nan,-2.1394386291503906,0.5552169680595398,0.1369916796684265,-0.02335592545568943,0.4016392230987549,0.0,0.0,12.1620512008667,nan
9.426057815551758,3.0019032955169678,0.0,0.8016678094863892,0.018174374476075172,nan,nan,-2.1359615325927734,0.6889800429344177,0.15322040021419525,-0.07616700977087021,0.10450100898742676,0.0,0.0,12.1620512008667,nan
9.426555633544922,3.0019032955169678,0.0,0.7919998168945312,0.02189556322991848,nan,nan,-2.130230665206909,0.9156277179718018,0.19173352420330048,-0.06601811200380325,0.22908997535705566,0.0,0.0,12.1620512008667,nan
9.427058219909668,3.0019032955169678,0.0,0.8226150274276733,0.035850074142217636,nan,nan,-2.1293206214904785,0.9337198138237,0.0707913264632225,-0.07404320687055588,-0.2500572204589844,0.0,0.0,12.1620512008667,nan
9.427556037902832,3.0019032955169678,0.0,0.8193924427032471,0.022825878113508224,nan,nan,-2.1263017654418945,1.042129397392273,0.20080116391181946,-0.0877256691455841,0.14456915855407715,0.0,0.0,12.1620512008667,nan
9.428057670593262,3.0019032955169678,0.0,0.8000564575195312,0.026547066867351532,nan,nan,-2.128077268600464,0.9451339840888977,0.08786571025848389,-0.057526640594005585,-0.022176742553710938,0.0,0.0,12.1620512008667,nan
9.42855453491211,3.0019032955169678,0.0,0.8177810907363892,0.010731962509453297,nan,nan,-2.126349925994873,0.997524619102478,0.1364518254995346,-0.10311957448720932,-0.09165000915527344,0.0,0.0,12.1620512008667,nan
9.429056167602539,3.0019032955169678,0.0,0.8210037350654602,0.010731962509453297,nan,nan,-2.1256611347198486,1.0048877000808716,0.08796694129705429,-0.08188805729150772,-0.19524168968200684,0.0,0.0,12.1620512008667,nan
9.42955493927002,3.0019032955169678,0.0,0.8032791018486023,0.017244059592485428,nan,nan,-2.126577377319336,0.9462599754333496,0.16519054770469666,-0.08247004449367523,0.09344625473022461,0.0,0.0,12.1620512008667,nan
9.430054664611816,3.0019032955169678,0.0,0.8258377313613892,0.030268291011452675,nan,nan,-2.1268632411956787,0.9127283692359924,0.05705836042761803,-0.09436079114675522,-0.472545862197876,0.0,0.0,12.1620512008667,nan
9.43055534362793,3.0019032955169678,0.0,0.8161697387695312,0.020965250208973885,nan,nan,-2.1274328231811523,0.8702152371406555,0.10683748871088028,-0.08796646445989609,-0.13245511054992676,0.0,0.0,12.1620512008667,nan
9.431055068969727,3.0019032955169678,0.0,0.8016678094863892,0.01631378009915352,nan,nan,-2.124277114868164,0.9843262434005737,0.10239700227975845,-0.07260309159755707,-0.06321978569030762,0.0,0.0,12.1620512008667,nan
9.431554794311523,3.0019032955169678,0.0,0.7952225208282471,0.03678039088845253,nan,nan,-2.1208603382110596,1.1071268320083618,0.17802853882312775,-0.07749033719301224,0.14048409461975098,0.0,0.0,12.1620512008667,nan
9.43205451965332,3.0019032955169678,0.0,0.7984451055526733,0.007010738831013441,nan,nan,-2.12272047996521,1.0043038129806519,0.054256729781627655,-0.08710139989852905,-0.4633772373199463,0.0,0.0,12.1620512008667,nan
9.432555198669434,3.0019032955169678,0.0,0.8032791614532471,0.013522871769964695,nan,nan,-2.118354320526123,1.166865348815918,0.17430494725704193,-0.0731889083981514,0.15104436874389648,0.0,0.0,12.1620512008667,nan
9.43305492401123,3.0019032955169678,0.0,0.8097244501113892,0.015383466146886349,nan,nan,-2.1169991493225098,1.1986749172210693,0.09638962894678116,-0.07949788868427277,-0.14365315437316895,0.0,0.0,12.1620512008667,nan
9.433553695678711,3.0019032955169678,0.0,0.8193923830986023,0.017244059592485428,nan,nan,-2.119358777999878,1.074564814567566,0.12885375320911407,-0.07540194690227509,0.019555091857910156,0.0,0.0,12.1620512008667,nan
9.434054374694824,3.0019032955169678,0.0,0.8210037350654602,0.01259255688637495,nan,nan,-2.123394012451172,0.8819051384925842,0.09296410530805588,-0.0859031155705452,-0.193861722946167,0.0,0.0,12.1620512008667,nan
9.434554100036621,3.0019032955169678,0.0,0.8516190052032471,0.022825878113508224,nan,nan,-2.2332966327667236,0.021296480670571327,0.13171222805976868,-0.0797940194606781,0.11831378936767578,0.0,0.0,12.1620512008667,nan
9.435054779052734,3.0019032955169678,0.0,0.8145583868026733,0.029337942600250244,nan,nan,-2.233013391494751,0.03457500413060188,0.13472698628902435,-0.0818563848733902,0.11674833297729492,0.0,0.0,12.1620512008667,nan
9.435553550720215,3.0019032955169678,0.0,0.8210037350654602,0.02933797612786293,nan,nan,-2.223188877105713,0.44696682691574097,0.14534713327884674,-0.07600174099206924,0.17146086692810059,0.0,0.0,12.1620512008667,nan
9.436054229736328,3.0019032955169678,0.0,0.7871658205986023,-0.0013619536766782403,nan,nan,-2.2215700149536133,0.5048831701278687,0.07016846537590027,-0.08909669518470764,-0.25381016731262207,0.0,0.0,12.1620512008667,nan
9.436553955078125,3.0019032955169678,0.0,0.8274490833282471,0.025616787374019623,nan,nan,-2.21683669090271,0.6930298209190369,0.1419740915298462,-0.08167215436697006,0.12476277351379395,0.0,0.0,12.1620512008667,nan
9.437053680419922,3.0019032955169678,0.0,0.7968338131904602,0.015383466146886349,nan,nan,-2.213470458984375,0.8189047574996948,0.060066867619752884,-0.07340618968009949,-0.24307727813720703,0.0,0.0,12.1620512008667,nan
9.437553405761719,3.0019032955169678,0.0,0.8258377313613892,0.026547066867351532,nan,nan,-2.2099087238311768,0.952162504196167,0.1460997462272644,-0.06544093042612076,0.219224214553833,0.0,0.0,12.1620512008667,nan
9.438054084777832,3.0019032955169678,0.0,0.8097244501113892,0.011662276461720467,nan,nan,-2.2073006629943848,1.0408178567886353,0.14920057356357574,-0.10464278608560562,0.025321483612060547,0.0,0.0,12.1620512008667,nan
9.438552856445312,3.0019032955169678,0.0,0.8290603756904602,0.028407661244273186,nan,nan,-2.202561140060425,1.2180408239364624,0.14639294147491455,-0.07014675438404083,0.18610596656799316,0.0,0.0,12.1620512008667,nan
9.439053535461426,3.0019032955169678,0.0,0.8000564575195312,0.017244059592485428,nan,nan,-2.200749397277832,1.2675429582595825,0.07543350011110306,-0.08496762067079544,-0.21529245376586914,0.0,0.0,12.1620512008667,nan
9.439553260803223,3.0019032955169678,0.0,0.8258377313613892,0.026547066867351532,nan,nan,-2.196747303009033,1.4096745252609253,0.16805994510650635,-0.07871503382921219,0.18918323516845703,0.0,0.0,12.1620512008667,nan
9.44005298614502,3.0019032955169678,0.0,0.7984451055526733,0.007010738831013441,nan,nan,-2.195399045944214,1.435470461845398,0.05796144902706146,-0.08189186453819275,-0.33117175102233887,0.0,0.0,12.1620512008667,nan
9.440552711486816,3.0019032955169678,0.0,0.8387283086776733,0.01910465583205223,nan,nan,-2.192687511444092,1.5192657709121704,0.12532399594783783,-0.08703591674566269,0.015445709228515625,0.0,0.0,12.1620512008667,nan
9.44105339050293,3.0019032955169678,0.0,0.7903884649276733,0.01166224293410778,nan,nan,-2.185723304748535,1.7798802852630615,0.10949291288852692,-0.09852603077888489,-0.11769819259643555,0.0,0.0,12.1620512008667,nan
9.44155216217041,3.0019032955169678,0.0,0.8483963012695312,0.039571262896060944,nan,nan,-2.1794931888580322,2.0040853023529053,0.1614292860031128,-0.09159919619560242,0.09363269805908203,0.0,0.0,12.1620512008667,nan
9.442052841186523,3.0019032955169678,0.0,0.7903884649276733,0.01166224293410778,nan,nan,-2.175708532333374,2.121002435684204,0.08310136198997498,-0.07764256745576859,-0.14644503593444824,0.0,0.0,12.1620512008667,nan
9.442551612854004,3.0019032955169678,0.0,0.8338943719863892,0.02189556322991848,nan,nan,-2.1657886505126953,2.4928581714630127,0.15533605217933655,-0.07247820496559143,0.1599283218383789,0.0,0.0,12.1620512008667,nan
9.443053245544434,3.0019032955169678,0.0,0.7774978876113892,0.019104689359664917,nan,nan,-2.163503646850586,2.535909652709961,0.06971550732851028,-0.0805070549249649,-0.2646665573120117,0.0,0.0,12.1620512008667,nan
9.443552017211914,3.0019032955169678,0.0,0.8258377313613892,0.026547066867351532,nan,nan,-2.161748170852661,2.556018590927124,0.10481378436088562,-0.059788357466459274,0.07372331619262695,0.0,0.0,12.1620512008667,nan
9.444051742553711,3.0019032955169678,0.0,0.8145583868026733,0.0014289208920672536,nan,nan,-2.1607415676116943,2.543402910232544,0.0504775308072567,-0.08104444295167923,-0.42473697662353516,0.0,0.0,12.1620512008667,nan
9.444552421569824,3.0019032955169678,0.0,0.8097244501113892,0.013522871769964695,nan,nan,-2.164280891418457,2.3401763439178467,0.09078997373580933,-0.08930518478155136,-0.18365740776062012,0.0,0.0,12.1620512008667,nan
9.445052146911621,3.0019032955169678,0.0,0.8113358020782471,0.03491979464888573,nan,nan,-2.162198781967163,2.3788514137268066,0.17186743021011353,-0.08070936053991318,0.15380358695983887,0.0,0.0,12.1620512008667,nan
9.445550918579102,3.0019032955169678,0.0,0.8500076532363892,0.038640983402729034,nan,nan,-2.1579482555389404,2.5072567462921143,0.14513656497001648,-0.08084176480770111,0.08011770248413086,0.0,0.0,12.1620512008667,nan
9.446051597595215,3.0019032955169678,0.0,0.7839431762695312,0.015383466146886349,nan,nan,-2.15364408493042,2.6351895332336426,0.08073950558900833,-0.08217204362154007,-0.2113492488861084,0.0,0.0,12.1620512008667,nan
9.446551322937012,3.0019032955169678,0.0,0.8193924427032471,0.030268291011452675,nan,nan,-2.149183988571167,2.766770601272583,0.12985099852085114,-0.1026235818862915,-0.0898752212524414,0.0,0.0,12.1620512008667,nan
9.447052001953125,3.0019032955169678,0.0,0.7903884649276733,0.01166224293410778,nan,nan,-2.148958683013916,2.7177226543426514,0.07840495556592941,-0.09124160557985306,-0.2830369472503662,0.0,0.0,12.1620512008667,nan
9.447550773620605,3.0019032955169678,0.0,0.8419510126113892,0.017244059592485428,nan,nan,-2.1474740505218506,2.7229366302490234,0.15007376670837402,-0.0856291800737381,0.059326887130737305,0.0,0.0,12.1620512008667,nan
9.448051452636719,3.0019032955169678,0.0,0.7871658802032471,0.013522871769964695,nan,nan,-2.150683641433716,2.530482292175293,0.05597009137272835,-0.07219184190034866,-0.3319587707519531,0.0,0.0,12.1620512008667,nan
9.448551177978516,3.0019032955169678,0.0,0.8210037350654602,0.02933797612786293,nan,nan,-2.142357587814331,2.826443910598755,0.16903077065944672,-0.09195069968700409,0.0745995044708252,0.0,0.0,12.1620512008667,nan
9.449050903320312,3.0019032955169678,0.0,0.8113358020782471,-0.0004316392005421221,nan,nan,-2.1420178413391113,2.7805938720703125,0.07913138717412949,-0.0850299820303917,-0.2502126693725586,0.0,0.0,12.1620512008667,nan
9.449549674987793,3.0019032955169678,0.0,0.8258377313613892,0.026547066867351532,nan,nan,-2.1405534744262695,2.784095287322998,0.1533757597208023,-0.06400104612112045,0.17610573768615723,0.0,0.0,12.1620512008667,nan
9.450051307678223,3.0019032955169678,0.0,0.7807205319404602,0.013522871769964695,nan,nan,-2.1400928497314453,2.744279146194458,0.07717560231685638,-0.0747477263212204,-0.2000441551208496,0.0,0.0,12.1620512008667,nan
9.450550079345703,3.0019032955169678,0.0,0.8419510126113892,0.017244059592485428,nan,nan,-2.1348226070404053,2.9075446128845215,0.10641033947467804,-0.06827352941036224,-0.005479574203491211,0.0,0.0,12.1620512008667,nan
9.451050758361816,3.0019032955169678,0.0,0.7968338131904602,0.022825878113508224,nan,nan,-2.1343510150909424,2.8659236431121826,0.07215594500303268,-0.08040080219507217,-0.2760348320007324,0.0,0.0,12.1620512008667,nan
9.451549530029297,3.0019032955169678,0.0,0.8258377313613892,0.026547066867351532,nan,nan,-2.131917715072632,2.9079277515411377,0.15695585310459137,-0.08768244832754135,0.0528564453125,0.0,0.0,12.1620512008667,nan
9.452051162719727,3.0019032955169678,0.0,0.7839431762695312,0.015383466146886349,nan,nan,-2.129080295562744,2.965118169784546,0.06729564070701599,-0.07887852936983109,-0.30648279190063477,0.0,0.0,12.1620512008667,nan
9.452549934387207,3.0019032955169678,0.0,0.8306716680526733,0.02747734822332859,nan,nan,-2.1235170364379883,3.1365950107574463,0.16651777923107147,-0.0730208158493042,0.14109301567077637,0.0,0.0,12.1620512008667,nan
9.453049659729004,3.0019032955169678,0.0,0.8065017461776733,0.0023592354264110327,nan,nan,-2.1243627071380615,3.0339295864105225,0.06619064509868622,-0.08925211429595947,-0.37969422340393066,0.0,0.0,12.1620512008667,nan
9.453550338745117,3.0019032955169678,0.0,0.8322830200195312,0.03026825748383999,nan,nan,-2.1240720748901367,2.982301950454712,0.09214276075363159,-0.06896024942398071,-0.08858108520507812,0.0,0.0,12.1620512008667,nan
9.454050064086914,3.0019032955169678,0.0,0.7678298950195312,0.020965250208973885,nan,nan,-2.124340295791626,2.908191680908203,0.08762706816196442,-0.08548947423696518,-0.21945571899414062,0.0,0.0,12.1620512008667,nan
9.454548835754395,3.0019032955169678,0.0,0.8258377313613892,0.026547066867351532,nan,nan,-2.1192870140075684,3.0591654777526855,0.12980718910694122,-0.057085294276475906,0.13576436042785645,0.0,0.0,12.1620512008667,nan
9.455049514770508,3.0019032955169678,0.0,0.7903884649276733,0.01166224293410778,nan,nan,-2.117950439453125,3.0499613285064697,0.05910590663552284,-0.07870982587337494,-0.38011646270751953,0.0,0.0,12.1620512008667,nan
9.455549240112305,3.0019032955169678,0.0,0.8258377313613892,0.026547066867351532,nan,nan,-2.118262529373169,2.972107410430908,0.08888182044029236,-0.06654751300811768,-0.0946197509765625,0.0,0.0,12.1620512008667,nan
9.456049919128418,3.0019032955169678,0.0,0.7903884649276733,0.01166224293410778,nan,nan,-2.1206510066986084,2.8087761402130127,0.07560776174068451,-0.0937422439455986,-0.34271717071533203,0.0,0.0,12.1620512008667,nan
9.456548690795898,3.0019032955169678,0.0,0.8483963012695312,0.020965250208973885,nan,nan,-2.1184165477752686,2.8433456420898438,0.16963675618171692,-0.09684007614850998,0.029970407485961914,0.0,0.0,12.1620512008667,nan
9.457049369812012,3.0019032955169678,0.0,0.7807204723358154,0.01166224293410778,nan,nan,-2.1226518154144287,2.604905605316162,0.05928811430931091,-0.0822591707110405,-0.39521050453186035,0.0,0.0,12.1620512008667,nan
9.457549095153809,3.0019032955169678,0.0,0.8290603756904602,0.028407661244273186,nan,nan,-2.115593433380127,2.8469760417938232,0.16918759047985077,-0.07776039093732834,0.11541152000427246,0.0,0.0,12.1620512008667,nan
9.458048820495605,3.0019032955169678,0.0,0.7903884649276733,0.01166224293410778,nan,nan,-2.114666700363159,2.8256444931030273,0.0818343386054039,-0.08088444173336029,-0.2357344627380371,0.0,0.0,12.1620512008667,nan
9.458547592163086,3.0019032955169678,0.0,0.8129470944404602,0.022825878113508224,nan,nan,-2.1099302768707275,2.9650235176086426,0.16557033360004425,-0.09176786988973618,0.03416252136230469,0.0,0.0,12.1620512008667,nan
9.459049224853516,3.0019032955169678,0.0,0.7855545282363892,0.014453185722231865,nan,nan,-2.1107146739959717,2.8686163425445557,0.07282227277755737,-0.0838405191898346,-0.31606101989746094,0.0,0.0,12.1620512008667,nan
9.459547996520996,3.0019032955169678,0.0,0.7984451055526733,0.023756159469485283,nan,nan,-2.115543842315674,2.6043238639831543,0.07913755625486374,-0.09302116930484772,-0.3215978145599365,0.0,0.0,12.1620512008667,nan
9.46004867553711,3.0019032955169678,0.0,0.7903884649276733,0.01166224293410778,nan,nan,-2.1168036460876465,2.4965367317199707,0.06324190646409988,-0.10012554377317429,-0.4625415802001953,0.0,0.0,12.1620512008667,nan
9.460548400878906,3.0019032955169678,0.0,0.8258377313613892,0.026547066867351532,nan,nan,-2.1133177280426025,2.590514659881592,0.14502456784248352,-0.08276472985744476,0.024896621704101562,0.0,0.0,12.1620512008667,nan
9.461048126220703,3.0019032955169678,0.0,0.7839431762695312,0.015383466146886349,nan,nan,-2.1131222248077393,2.5438222885131836,0.0928066298365593,-0.09429875761270523,-0.2512497901916504,0.0,0.0,12.1620512008667,nan
9.4615478515625,3.0019032955169678,0.0,0.8274490833282471,0.025616787374019623,nan,nan,-2.1129281520843506,2.497911214828491,0.13474686443805695,-0.08830741047859192,-0.037323951721191406,0.0,0.0,12.1620512008667,nan
9.462047576904297,3.0019032955169678,0.0,0.7903884649276733,0.01166224293410778,nan,nan,-2.1130545139312744,2.4408793449401855,0.14803633093833923,-0.062062643468379974,0.14670443534851074,0.0,0.0,12.1620512008667,nan
9.462547302246094,3.0019032955169678,0.0,0.8258377313613892,0.026547066867351532,nan,nan,-2.107039451599121,2.641451358795166,0.12768219411373138,-0.09164568781852722,-0.0857841968536377,0.0,0.0,12.1620512008667,nan
9.463047981262207,3.0019032955169678,0.0,0.7984451055526733,0.007010738831013441,nan,nan,-2.110793113708496,2.427818775177002,0.06628329306840897,-0.07298734039068222,-0.29392123222351074,0.0,0.0,12.1620512008667,nan
9.463546752929688,3.0019032955169678,0.0,0.8274490833282471,0.033059198409318924,nan,nan,-2.106470823287964,2.5578253269195557,0.13439561426639557,-0.07710999250411987,0.015695571899414062,0.0,0.0,12.1620512008667,nan
9.464048385620117,3.0019032955169678,0.0,0.7936111688613892,0.006080458872020245,nan,nan,-2.1138713359832764,2.1932427883148193,0.11964260786771774,-0.08953458815813065,-0.09905290603637695,0.0,0.0,12.1620512008667,nan
9.464547157287598,3.0019032955169678,0.0,0.8065017461776733,0.015383431687951088,nan,nan,-2.1103625297546387,2.293612003326416,0.14025592803955078,-0.10131468623876572,-0.08560013771057129,0.0,0.0,12.1620512008667,nan
9.465046882629395,3.0019032955169678,0.0,0.7839431762695312,0.015383466146886349,nan,nan,-2.1127984523773193,2.14219331741333,0.05863327160477638,-0.07216732949018478,-0.34723854064941406,0.0,0.0,12.1620512008667,nan
9.465546607971191,3.0019032955169678,0.0,0.8419510126113892,0.017244059592485428,nan,nan,-2.1117775440216064,2.139991044998169,0.17457085847854614,-0.08923349529504776,0.06944990158081055,0.0,0.0,12.1620512008667,nan
9.466047286987305,3.0019032955169678,0.0,0.7839431762695312,0.015383466146886349,nan,nan,-2.1119532585144043,2.0872159004211426,0.0722627192735672,-0.07952118664979935,-0.2925539016723633,0.0,0.0,12.1620512008667,nan
9.466546058654785,3.0019032955169678,0.0,0.8258377313613892,0.026547066867351532,nan,nan,-2.1027920246124268,2.4278688430786133,0.17324911057949066,-0.07411104440689087,0.12912917137145996,0.0,0.0,12.1620512008667,nan
9.467046737670898,3.0019032955169678,0.0,0.7887771725654602,0.010731962509453297,nan,nan,-2.1033430099487305,2.353268623352051,0.08960981667041779,-0.07680892944335938,-0.17603492736816406,0.0,0.0,12.1620512008667,nan
9.467545509338379,3.0019032955169678,0.0,0.8258377313613892,0.026547066867351532,nan,nan,-2.0990166664123535,2.4846408367156982,0.11161675304174423,-0.07816051691770554,-0.08219456672668457,0.0,0.0,12.1620512008667,nan
9.468047142028809,3.0019032955169678,0.0,0.7774978876113892,0.011662276461720467,nan,nan,-2.102976083755493,2.2655632495880127,0.12499479204416275,-0.07808832079172134,-0.025578975677490234,0.0,0.0,12.1620512008667,nan
9.468545913696289,3.0019032955169678,0.0,0.8210037350654602,0.005150144454091787,nan,nan,-2.1005163192749023,2.3215901851654053,0.17562943696975708,-0.08218519389629364,0.09320616722106934,0.0,0.0,12.1620512008667,nan
9.469045639038086,3.0019032955169678,0.0,0.7710525393486023,0.007941053248941898,nan,nan,-2.1002986431121826,2.2808473110198975,0.07890324294567108,-0.10106568783521652,-0.37925100326538086,0.0,0.0,12.1620512008667,nan
9.4695463180542,3.0019032955169678,0.0,0.8322830200195312,0.03026825748383999,nan,nan,-2.0993409156799316,2.2728874683380127,0.13752469420433044,-0.09504510462284088,-0.07575106620788574,0.0,0.0,12.1620512008667,nan
9.470046043395996,3.0019032955169678,0.0,0.7807205319404602,0.013522871769964695,nan,nan,-2.1036324501037598,2.0454113483428955,0.06904810667037964,-0.07719269394874573,-0.308807373046875,0.0,0.0,12.1620512008667,nan
9.470544815063477,3.0019032955169678,0.0,0.8419510126113892,0.017244059592485428,nan,nan,-2.099839210510254,2.161451578140259,0.1301368921995163,-0.056225888431072235,0.12244725227355957,0.0,0.0,12.1620512008667,nan
9.471046447753906,3.0019032955169678,0.0,0.7871658802032471,0.013522871769964695,nan,nan,-2.1011736392974854,2.058913469314575,0.07084806263446808,-0.0896301344037056,-0.37240028381347656,0.0,0.0,12.1620512008667,nan
9.471545219421387,3.0019032955169678,0.0,0.8419510126113892,0.009801682084798813,nan,nan,-2.105726480484009,1.8241348266601562,0.13442745804786682,-0.06823882460594177,0.0660851001739502,0.0,0.0,12.1620512008667,nan
9.4720458984375,3.0019032955169678,0.0,0.7903884649276733,0.01166224293410778,nan,nan,-2.104835033416748,1.822685718536377,0.08871514350175858,-0.08364716917276382,-0.22228717803955078,0.0,0.0,12.1620512008667,nan
9.47254467010498,3.0019032955169678,0.0,0.8500076532363892,0.038640983402729034,nan,nan,-2.099210739135742,2.020106077194214,0.15590229630470276,-0.06844805181026459,0.11586642265319824,0.0,0.0,12.1620512008667,nan
9.473045349121094,3.0019032955169678,0.0,0.8338943719863892,0.008871368132531643,nan,nan,-2.100663423538208,1.916045069694519,0.07685068249702454,-0.08101635426282883,-0.2824547290802002,0.0,0.0,12.1620512008667,nan
9.47354507446289,3.0019032955169678,0.0,0.8451736569404602,0.022825878113508224,nan,nan,-2.1350479125976562,-0.00284850993193686,0.22505633533000946,-0.08332342654466629,0.21054577827453613,0.0,0.0,12.1620512008667,nan
9.474044799804688,3.0019032955169678,0.0,0.7839431762695312,0.015383466146886349,nan,nan,-2.1345927715301514,0.015599331818521023,0.0798482820391655,-0.08080986887216568,-0.22853779792785645,0.0,0.0,12.1620512008667,nan
9.474544525146484,3.0019032955169678,0.0,0.8483963012695312,0.039571262896060944,nan,nan,-2.1313021183013916,0.15334555506706238,0.15329626202583313,-0.06106884777545929,0.18221759796142578,0.0,0.0,12.1620512008667,nan
9.475045204162598,3.0019032955169678,0.0,0.7903884649276733,0.01166224293410778,nan,nan,-2.1345012187957764,0.015472844243049622,0.062351029366254807,-0.08190421760082245,-0.3579096794128418,0.0,0.0,12.1620512008667,nan
9.475543975830078,3.0019032955169678,0.0,0.8065017461776733,0.01910465583205223,nan,nan,-2.1303369998931885,0.19060927629470825,0.18401706218719482,-0.059767089784145355,0.24659276008605957,0.0,0.0,12.1620512008667,nan
9.476044654846191,3.0019032955169678,0.0,0.7839431762695312,0.022825878113508224,nan,nan,-2.1269655227661133,0.3269519805908203,0.08804259449243546,-0.08285518735647202,-0.19961047172546387,0.0,0.0,12.1620512008667,nan
9.476544380187988,3.0019032955169678,0.0,0.8193924427032471,0.030268291011452675,nan,nan,-2.1228554248809814,0.4920545220375061,0.18013638257980347,-0.08963975310325623,0.09086012840270996,0.0,0.0,12.1620512008667,nan
9.477044105529785,3.0019032955169678,0.0,0.8032791614532471,0.019104689359664917,nan,nan,-2.120598077774048,0.5774955749511719,0.09808153659105301,-0.06508386880159378,-0.036011695861816406,0.0,0.0,12.1620512008667,nan
9.477543830871582,3.0019032955169678,0.0,0.8177810907363892,0.025616787374019623,nan,nan,-2.1196625232696533,0.6052626967430115,0.13829274475574493,-0.06581868976354599,0.10529565811157227,0.0,0.0,12.1620512008667,nan
9.478043556213379,3.0019032955169678,0.0,0.7984451055526733,0.014453151263296604,nan,nan,-2.120595932006836,0.5521204471588135,0.08632566034793854,-0.09039074182510376,-0.25949931144714355,0.0,0.0,12.1620512008667,nan
9.478544235229492,3.0019032955169678,0.0,0.8210037350654602,0.02933797612786293,nan,nan,-2.1201984882354736,0.5575047731399536,0.14762908220291138,-0.08894697576761246,0.007360935211181641,0.0,0.0,12.1620512008667,nan
9.479043960571289,3.0019032955169678,0.0,0.7774978876113892,-0.010664960369467735,nan,nan,-2.1242823600769043,0.37276530265808105,0.05032797530293465,-0.10423734039068222,-0.5697588920593262,0.0,0.0,12.1620512008667,nan
9.47954273223877,3.0019032955169678,0.0,0.8210037350654602,0.02933797612786293,nan,nan,-2.1155354976654053,0.7320494055747986,0.1395384818315506,-0.07321695983409882,0.062024831771850586,0.0,0.0,12.1620512008667,nan
9.4800443649292,3.0019032955169678,0.0,0.7984451055526733,0.014453151263296604,nan,nan,-2.119025230407715,0.56907057762146,0.0984993502497673,-0.06485641002655029,-0.034012794494628906,0.0,0.0,12.1620512008667,nan
9.48054313659668,3.0019032955169678,0.0,0.8113358020782471,0.018174374476075172,nan,nan,-2.1132113933563232,0.8012508749961853,0.15315717458724976,-0.05940062552690506,0.17342686653137207,0.0,0.0,12.1620512008667,nan
9.481043815612793,3.0019032955169678,0.0,0.7839431762695312,0.015383466146886349,nan,nan,-2.1174426078796387,0.6061354875564575,0.16911804676055908,-0.07495183497667313,0.13021445274353027,0.0,0.0,12.1620512008667,nan
9.481542587280273,3.0019032955169678,0.0,0.8258377313613892,0.026547066867351532,nan,nan,-2.111661911010742,0.8355828523635864,0.15992790460586548,-0.07376034557819366,0.10946512222290039,0.0,0.0,12.1620512008667,nan
9.482043266296387,3.0019032955169678,0.0,0.7903884649276733,0.01166224293410778,nan,nan,-2.1143765449523926,0.7028504610061646,0.06837666034698486,-0.09017421305179596,-0.37979555130004883,0.0,0.0,12.1620512008667,nan
9.482542991638184,3.0019032955169678,0.0,0.8210037350654602,0.02933797612786293,nan,nan,-2.115316867828369,0.6485537886619568,0.13536983728408813,-0.09393303096294403,-0.06214308738708496,0.0,0.0,12.1620512008667,nan
9.48304271697998,3.0019032955169678,0.0,0.7839431762695312,0.01910465583205223,nan,nan,-2.1107733249664307,0.8261882066726685,0.10265003889799118,-0.08786661177873611,-0.16840910911560059,0.0,0.0,12.1620512008667,nan
9.483542442321777,3.0019032955169678,0.0,0.8210037350654602,0.023756159469485283,nan,nan,-2.116610527038574,0.5628216862678528,0.15772072970867157,-0.07846410572528839,0.08472061157226562,0.0,0.0,12.1620512008667,nan
9.48404312133789,3.0019032955169678,0.0,0.7968338131904602,0.0004986408748663962,nan,nan,-2.1190481185913086,0.44847139716148376,0.08366578817367554,-0.08250884711742401,-0.2310011386871338,0.0,0.0,12.1620512008667,nan
9.484541893005371,3.0019032955169678,0.0,0.8419510126113892,0.017244059592485428,nan,nan,-2.1175949573516846,0.49972185492515564,0.12965832650661469,-0.08346125483512878,-0.025074243545532227,0.0,0.0,12.1620512008667,nan
9.485042572021484,3.0019032955169678,0.0,0.7903884649276733,0.01166224293410778,nan,nan,-2.1169795989990234,0.5144791007041931,0.0877033993601799,-0.08607426285743713,-0.23063349723815918,0.0,0.0,12.1620512008667,nan
9.485542297363281,3.0019032955169678,0.0,0.8258377313613892,0.026547066867351532,nan,nan,-2.115203619003296,0.5781423449516296,0.1550344079732895,-0.092383474111557,0.007238149642944336,0.0,0.0,12.1620512008667,nan
9.486042022705078,3.0019032955169678,0.0,0.8032791614532471,0.004219864495098591,nan,nan,-2.1186649799346924,0.42013850808143616,0.06811186671257019,-0.07459601014852524,-0.283982515335083,0.0,0.0,12.1620512008667,nan
9.486541748046875,3.0019032955169678,0.0,0.8258377313613892,0.026547066867351532,nan,nan,-2.1130659580230713,0.6462498307228088,0.1818625032901764,-0.0697198212146759,0.17714142799377441,0.0,0.0,12.1620512008667,nan
9.487042427062988,3.0019032955169678,0.0,0.8129470348358154,0.03026825748383999,nan,nan,-2.118891954421997,0.3861028850078583,0.10963806509971619,-0.09729217737913132,-0.178328275680542,0.0,0.0,12.1620512008667,nan
9.487541198730469,3.0019032955169678,0.0,0.8419510126113892,0.017244059592485428,nan,nan,-2.118464469909668,0.39595815539360046,0.16664454340934753,-0.08610068261623383,0.07120156288146973,0.0,0.0,12.1620512008667,nan
9.488041877746582,3.0019032955169678,0.0,0.7936111688613892,0.006080458872020245,nan,nan,-2.1186461448669434,0.37935253977775574,0.07433640211820602,-0.08563008159399033,-0.30919861793518066,0.0,0.0,12.1620512008667,nan
9.488540649414062,3.0019032955169678,0.0,0.8258377313613892,0.026547066867351532,nan,nan,-2.116150140762329,0.47561973333358765,0.13052068650722504,-0.07181820273399353,0.04266023635864258,0.0,0.0,12.1620512008667,nan
9.489042282104492,3.0019032955169678,0.0,0.7903884649276733,0.01166224293410778,nan,nan,-2.117960214614868,0.38846954703330994,0.07507196068763733,-0.10464533418416977,-0.40288305282592773,0.0,0.0,12.1620512008667,nan
9.489541053771973,3.0019032955169678,0.0,0.8419510126113892,0.017244059592485428,nan,nan,-2.121285915374756,0.24122703075408936,0.18126706779003143,-0.08260461688041687,0.12349724769592285,0.0,0.0,12.1620512008667,nan
9.49004077911377,3.0019032955169678,0.0,0.7903884649276733,0.01166224293410778,nan,nan,-2.1206002235412598,0.2639840841293335,0.050929952412843704,-0.06768016517162323,-0.3773777484893799,0.0,0.0,12.1620512008667,nan
9.490540504455566,3.0019032955169678,0.0,0.8242263793945312,0.031198570504784584,nan,nan,-2.1164660453796387,0.4317387640476227,0.14296726882457733,-0.0681629478931427,0.10134339332580566,0.0,0.0,12.1620512008667,nan
9.49104118347168,3.0019032955169678,0.0,0.8016678094863892,-0.0004316392005421221,nan,nan,-2.1178276538848877,0.364461213350296,0.06424858421087265,-0.08851610124111176,-0.397446870803833,0.0,0.0,12.1620512008667,nan
9.49153995513916,3.0019032955169678,0.0,0.8274490833282471,0.025616787374019623,nan,nan,-2.11844539642334,0.33122265338897705,0.1661439836025238,-0.08471415936946869,0.07655620574951172,0.0,0.0,12.1620512008667,nan
9.492040634155273,3.0019032955169678,0.0,0.8065017461776733,0.006080424413084984,nan,nan,-2.1207077503204346,0.22810234129428864,0.07128612697124481,-0.09193434566259384,-0.3627645969390869,0.0,0.0,12.1620512008667,nan
9.49254035949707,3.0019032955169678,0.0,0.8226150274276733,0.024686438962817192,nan,nan,-2.120882749557495,0.21640104055404663,0.15204663574695587,-0.08165296167135239,0.0575716495513916,0.0,0.0,12.1620512008667,nan
9.493041038513184,3.0019032955169678,0.0,0.7903884649276733,0.01166224293410778,nan,nan,-2.123121738433838,0.11766085773706436,0.08394842594861984,-0.07953669130802155,-0.20691990852355957,0.0,0.0,12.1620512008667,nan
9.493539810180664,3.0019032955169678,0.0,0.7919998168945312,0.025616753846406937,nan,nan,-2.119649887084961,0.26092657446861267,0.16443370282649994,-0.08183205872774124,0.08753299713134766,0.0,0.0,12.1620512008667,nan
9.494039535522461,3.0019032955169678,0.0,0.7646072506904602,0.022825878113508224,nan,nan,-2.112546682357788,0.5537172555923462,0.1572602391242981,-0.0780564695596695,0.08155107498168945,0.0,0.0,12.1620512008667,nan
9.494540214538574,3.0019032955169678,0.0,0.8258377313613892,0.026547066867351532,nan,nan,-2.1119396686553955,0.5672970414161682,0.13703970611095428,-0.07513891160488129,0.0399622917175293,0.0,0.0,12.1620512008667,nan
9.495039939880371,3.0019032955169678,0.0,0.8193923830986023,0.006080458872020245,nan,nan,-2.115474224090576,0.4060508906841278,0.07850590348243713,-0.0959615707397461,-0.341733455657959,0.0,0.0,12.1620512008667,nan
9.495539665222168,3.0019032955169678,0.0,0.8419510126113892,0.017244059592485428,nan,nan,-2.1208338737487793,0.1728220283985138,0.1398940086364746,-0.09352454543113708,-0.039366960525512695,0.0,0.0,12.1620512008667,nan
9.496040344238281,3.0019032955169678,0.0,0.7839431762695312,0.007941053248941898,nan,nan,-2.121309757232666,0.14869645237922668,0.07325383275747299,-0.08213943243026733,-0.2931804656982422,0.0,0.0,12.1620512008667,nan
9.496539115905762,3.0019032955169678,0.0,0.8032791018486023,0.015383466146886349,nan,nan,-2.113172769546509,0.48722389340400696,0.16033108532428741,-0.0634191706776619,0.16657018661499023,0.0,0.0,12.1620512008667,nan
9.497039794921875,3.0019032955169678,0.0,0.7839431762695312,0.015383466146886349,nan,nan,-2.1080374717712402,0.6920358538627625,0.11312419921159744,-0.06808511912822723,-0.00433349609375,0.0,0.0,12.1620512008667,nan
9.497538566589355,3.0019032955169678,0.0,0.8483963012695312,0.017244059592485428,nan,nan,-2.1125102043151855,0.48892584443092346,0.13600397109985352,-0.055492788553237915,0.1551218032836914,0.0,0.0,12.1620512008667,nan
9.498040199279785,3.0019032955169678,0.0,0.8451736569404602,0.03771067038178444,nan,nan,-2.1124749183654785,0.4808564782142639,0.11079135537147522,-0.07167774438858032,-0.03253364562988281,0.0,0.0,12.1620512008667,nan
9.498538970947266,3.0019032955169678,0.0,0.7710525393486023,0.024686472490429878,nan,nan,-2.1098620891571045,0.5814222097396851,0.15275298058986664,-0.06576903909444809,0.13324809074401855,0.0,0.0,12.1620512008667,nan
9.499038696289062,3.0019032955169678,0.0,0.8081130981445312,-0.0060134571976959705,nan,nan,-2.108745574951172,0.6158828139305115,0.13228508830070496,-0.06685241311788559,0.07051801681518555,0.0,0.0,12.1620512008667,nan
9.499539375305176,3.0019032955169678,0.0,0.8032791018486023,0.007941053248941898,nan,nan,-2.1028826236724854,0.848267674446106,0.16050267219543457,-0.08421190828084946,0.049382686614990234,0.0,0.0,12.1620512008667,nan
9.500039100646973,3.0019032955169678,0.0,0.8500076532363892,-0.007874052040278912,nan,nan,-2.103661298751831,0.7979532480239868,0.17718194425106049,-0.09396334737539291,0.04571270942687988,0.0,0.0,12.1620512008667,nan
9.500537872314453,3.0019032955169678,0.0,0.8145583868026733,0.016313746571540833,nan,nan,-2.109884023666382,0.5194520354270935,0.12281239032745361,-0.08109086006879807,-0.0444951057434082,0.0,0.0,12.1620512008667,nan
9.50103759765625,3.0019032955169678,0.0,0.7919998168945312,0.010731962509453297,nan,nan,-2.1088080406188965,0.5544013977050781,0.14149148762226105,-0.06852658838033676,0.08754086494445801,0.0,0.0,12.1620512008667,nan
9.501538276672363,3.0019032955169678,0.0,0.8097244501113892,0.013522871769964695,nan,nan,-2.1090140342712402,0.5336710810661316,0.17303459346294403,-0.09971325099468231,0.015679121017456055,0.0,0.0,12.1620512008667,nan
9.50203800201416,3.0019032955169678,0.0,0.8032791614532471,0.011662276461720467,nan,nan,-2.107135772705078,0.6006190180778503,0.09258594363927841,-0.08557971566915512,-0.2104346752166748,0.0,0.0,12.1620512008667,nan
9.502537727355957,3.0019032955169678,0.0,0.8016678094863892,0.01631378009915352,nan,nan,-2.110352039337158,0.4530034363269806,0.14598990976810455,-0.0763506144285202,0.058083295822143555,0.0,0.0,12.1620512008667,nan
9.50303840637207,3.0019032955169678,0.0,0.7646071910858154,0.01166224293410778,nan,nan,-2.111804962158203,0.38204044103622437,0.08534078299999237,-0.08651494979858398,-0.2521488666534424,0.0,0.0,12.1620512008667,nan
9.503538131713867,3.0019032955169678,0.0,0.8322830200195312,0.03026825748383999,nan,nan,-2.1102170944213867,0.4404035806655884,0.1532762199640274,-0.07241204380989075,0.0986320972442627,0.0,0.0,12.1620512008667,nan
9.504037857055664,3.0019032955169678,0.0,0.7903884649276733,0.01166224293410778,nan,nan,-2.1108036041259766,0.40538832545280457,0.06377875804901123,-0.09090156853199005,-0.42059779167175293,0.0,0.0,12.1620512008667,nan
9.504536628723145,3.0019032955169678,0.0,0.8210037350654602,0.023756159469485283,nan,nan,-2.11393666267395,0.26519909501075745,0.12186369299888611,-0.06543473154306412,0.05067181587219238,0.0,0.0,12.1620512008667,nan
9.505037307739258,3.0019032955169678,0.0,0.8242263793945312,0.023756159469485283,nan,nan,-2.1126229763031006,0.3136138916015625,0.06406738609075546,-0.08307834714651108,-0.3735158443450928,0.0,0.0,12.1620512008667,nan
9.505537033081055,3.0019032955169678,0.0,0.8290603756904602,0.028407661244273186,nan,nan,-2.1163227558135986,0.1533524990081787,0.1968991458415985,-0.08555148541927338,0.13626313209533691,0.0,0.0,12.1620512008667,nan
9.506036758422852,3.0019032955169678,0.0,0.8048904538154602,0.010731962509453297,nan,nan,-2.1192069053649902,0.028477733954787254,0.0743003562092781,-0.08576111495494843,-0.3097538948059082,0.0,0.0,12.1620512008667,nan
9.506537437438965,3.0019032955169678,0.0,0.8467849493026733,0.016313746571540833,nan,nan,-2.1171953678131104,0.11389990895986557,0.1791204810142517,-0.07902775704860687,0.13147616386413574,0.0,0.0,12.1620512008667,nan
9.507037162780762,3.0019032955169678,0.0,0.8097244501113892,0.015383466146886349,nan,nan,-2.1182117462158203,0.0685516893863678,0.1577834188938141,-0.09756991267204285,-0.0064122676849365234,0.0,0.0,12.1620512008667,nan
9.507536888122559,3.0019032955169678,0.0,0.8193923830986023,0.026547066867351532,nan,nan,-2.1172003746032715,0.10988049954175949,0.1336636245250702,-0.07860954850912094,0.014868497848510742,0.0,0.0,12.1620512008667,nan
9.508036613464355,3.0019032955169678,0.0,0.7968338131904602,0.007941053248941898,nan,nan,-2.117508888244629,0.09489880502223969,0.12883053719997406,-0.07452243566513062,0.02241230010986328,0.0,0.0,12.1620512008667,nan
9.508536338806152,3.0019032955169678,0.0,0.8483963012695312,0.020965250208973885,nan,nan,-2.11596941947937,0.15709030628204346,0.15057072043418884,-0.0928480252623558,-0.007370948791503906,0.0,0.0,12.1620512008667,nan
9.509037017822266,3.0019032955169678,0.0,0.8032791614532471,0.009801682084798813,nan,nan,-2.1215579509735107,-0.08176682889461517,0.06092415004968643,-0.09192296117544174,-0.4365851879119873,0.0,0.0,12.1620512008667,nan
9.509535789489746,3.0019032955169678,0.0,0.8338943719863892,0.02189556322991848,nan,nan,-2.120271682739258,-0.025840630754828453,0.13685552775859833,-0.07995674014091492,0.020801782608032227,0.0,0.0,12.1620512008667,nan
9.510035514831543,3.0019032955169678,0.0,0.8161697387695312,0.013522871769964695,nan,nan,-2.124420404434204,-0.19868463277816772,0.15186373889446259,-0.09404920041561127,-0.0009360313415527344,0.0,0.0,12.1620512008667,nan
9.510536193847656,3.0019032955169678,0.0,0.8387283086776733,0.03026825748383999,nan,nan,-2.1264874935150146,-0.2822268605232239,0.13882866501808167,-0.09635738283395767,-0.051355600357055664,0.0,0.0,12.1620512008667,nan
9.511035919189453,3.0019032955169678,0.0,0.8210036754608154,0.016313746571540833,nan,nan,-2.128772258758545,-0.37232935428619385,0.13493144512176514,-0.05980461463332176,0.14123940467834473,0.0,0.0,12.1620512008667,nan
9.51153564453125,3.0019032955169678,0.0,0.8451736569404602,0.022825878113508224,nan,nan,-2.12919545173645,-0.38270729780197144,0.11524717509746552,-0.06617126613855362,0.037218332290649414,0.0,0.0,12.1620512008667,nan
9.512036323547363,3.0019032955169678,0.0,0.7968337535858154,0.03026825748383999,nan,nan,-2.1340813636779785,-0.579327404499054,0.1814851462841034,-0.06126772612333298,0.23851227760314941,0.0,0.0,12.1620512008667,nan
9.512535095214844,3.0019032955169678,0.0,0.7871658205986023,0.017244059592485428,nan,nan,-2.1288223266601562,-0.34555894136428833,0.14717577397823334,-0.0530862957239151,0.21262526512145996,0.0,0.0,12.1620512008667,nan
9.51303482055664,3.0019032955169678,0.0,0.8000564575195312,0.007941053248941898,nan,nan,-2.1246414184570312,-0.16338391602039337,0.15084952116012573,-0.06466633081436157,0.14943146705627441,0.0,0.0,12.1620512008667,nan
9.513534545898438,3.0019032955169678,0.0,0.7968338131904602,0.026547066867351532,nan,nan,-2.1207473278045654,0.003422744804993272,0.1923857033252716,-0.07328233122825623,0.18678832054138184,0.0,0.0,12.1620512008667,nan
9.51403522491455,3.0019032955169678,0.0,0.8016678094863892,0.01259255688637495,nan,nan,-2.121682643890381,-0.037442322820425034,0.06148945912718773,-0.07152541726827621,-0.31113290786743164,0.0,0.0,12.1620512008667,nan
9.514534950256348,3.0019032955169678,0.0,0.8258377313613892,0.026547066867351532,nan,nan,-2.1276047229766846,-0.2862357497215271,0.09780409187078476,-0.08056681603193283,-0.1329030990600586,0.0,0.0,12.1620512008667,nan
9.515034675598145,3.0019032955169678,0.0,0.8000564575195312,0.020965250208973885,nan,nan,-2.1298670768737793,-0.3742866814136505,0.16029103100299835,-0.08225594460964203,0.08517718315124512,0.0,0.0,12.1620512008667,nan
9.515535354614258,3.0019032955169678,0.0,0.8548415899276733,0.017244059592485428,nan,nan,-2.1219675540924072,-0.033508796244859695,0.21270652115345,-0.025390371680259705,0.4341700077056885,0.0,0.0,12.1620512008667,nan
9.516035079956055,3.0019032955169678,0.0,0.8048904538154602,0.023756159469485283,nan,nan,-2.1157984733581543,0.2258986085653305,0.14663968980312347,-0.09925638139247894,-0.05016756057739258,0.0,0.0,12.1620512008667,nan
9.516534805297852,3.0019032955169678,0.0,0.8000564575195312,0.015383466146886349,nan,nan,-2.1159181594848633,0.2167501300573349,0.17217080295085907,-0.09745131433010101,0.030264854431152344,0.0,0.0,12.1620512008667,nan
9.517034530639648,3.0019032955169678,0.0,0.7984451055526733,0.007010738831013441,nan,nan,-2.1143836975097656,0.27673912048339844,0.13411793112754822,-0.07614113390445709,0.027450084686279297,0.0,0.0,12.1620512008667,nan
9.517534255981445,3.0019032955169678,0.0,0.8129470944404602,0.03771067038178444,nan,nan,-2.1128828525543213,0.33359599113464355,0.15036346018314362,-0.09611368924379349,-0.026665925979614258,0.0,0.0,12.1620512008667,nan
9.518033981323242,3.0019032955169678,0.0,0.8226150274276733,0.013522837311029434,nan,nan,-2.117396831512451,0.1376795768737793,0.13850674033164978,-0.07296396791934967,0.062056779861450195,0.0,0.0,12.1620512008667,nan
9.518533706665039,3.0019032955169678,0.0,0.8193924427032471,0.022825878113508224,nan,nan,-2.1141812801361084,0.26977843046188354,0.1262616515159607,-0.055964402854442596,0.1267859935760498,0.0,0.0,12.1620512008667,nan
9.519034385681152,3.0019032955169678,0.0,0.8371170163154602,0.023756159469485283,nan,nan,-2.1165645122528076,0.16294148564338684,0.09153925627470016,-0.09015342593193054,-0.23292279243469238,0.0,0.0,12.1620512008667,nan
9.51953411102295,3.0019032955169678,0.0,0.8161697387695312,0.024686472490429878,nan,nan,-2.1181745529174805,0.09262251853942871,0.16587650775909424,-0.08343424648046494,0.08171391487121582,0.0,0.0,12.1620512008667,nan
9.520033836364746,3.0019032955169678,0.0,0.7823318243026733,-0.0060134571976959705,nan,nan,-2.1191797256469727,0.04783584550023079,0.15720173716545105,-0.0997561514377594,-0.017126798629760742,0.0,0.0,12.1620512008667,nan
9.520533561706543,3.0019032955169678,0.0,0.8290603756904602,0.028407661244273186,nan,nan,-2.1155025959014893,0.20110920071601868,0.160247340798378,-0.08761485666036606,0.0446171760559082,0.0,0.0,12.1620512008667,nan
9.521034240722656,3.0019032955169678,0.0,0.7807205319404602,0.013522871769964695,nan,nan,-2.1166610717773438,0.14841678738594055,0.15437309443950653,-0.0881720781326294,0.027082204818725586,0.0,0.0,12.1620512008667,nan
9.521533012390137,3.0019032955169678,0.0,0.8274490833282471,0.025616787374019623,nan,nan,-2.1135196685791016,0.27679428458213806,0.1419944316148758,-0.06642384827136993,0.10570693016052246,0.0,0.0,12.1620512008667,nan
9.52203369140625,3.0019032955169678,0.0,0.8032791614532471,0.004219864495098591,nan,nan,-2.114687919616699,0.22117723524570465,0.061940763145685196,-0.07869111001491547,-0.3614943027496338,0.0,0.0,12.1620512008667,nan
9.522533416748047,3.0019032955169678,0.0,0.8032791614532471,0.022825878113508224,nan,nan,-2.1079776287078857,0.49818316102027893,0.1402965784072876,-0.08784028887748718,-0.022138357162475586,0.0,0.0,12.1620512008667,nan
9.52303409576416,3.0019032955169678,0.0,0.7774978876113892,0.019104689359664917,nan,nan,-2.1077842712402344,0.49476438760757446,0.06778059154748917,-0.08051902800798416,-0.33533406257629395,0.0,0.0,12.1620512008667,nan
9.52353286743164,3.0019032955169678,0.0,0.8419510126113892,0.017244059592485428,nan,nan,-2.107004165649414,0.5171185731887817,0.15138433873653412,-0.084023118019104,0.02980637550354004,0.0,0.0,12.1620512008667,nan
9.524032592773438,3.0019032955169678,0.0,0.8113358020782471,-0.0004316392005421221,nan,nan,-2.104613780975342,0.6062014698982239,0.11285838484764099,-0.09081444889307022,-0.14416909217834473,0.0,0.0,12.1620512008667,nan
9.52453327178955,3.0019032955169678,0.0,0.8274490833282471,0.02375619299709797,nan,nan,-2.107797861099243,0.458526611328125,0.10598524659872055,-0.07657583802938461,-0.08889436721801758,0.0,0.0,12.1620512008667,nan
9.525032997131348,3.0019032955169678,0.0,0.7774978876113892,0.011662276461720467,nan,nan,-2.108494758605957,0.4197557270526886,0.08611005544662476,-0.08540990948677063,-0.24450063705444336,0.0,0.0,12.1620512008667,nan
9.525531768798828,3.0019032955169678,0.0,0.8258377313613892,0.026547066867351532,nan,nan,-2.103344440460205,0.6265678405761719,0.11909661442041397,-0.06635388731956482,0.024548768997192383,0.0,0.0,12.1620512008667,nan
9.526033401489258,3.0019032955169678,0.0,0.8032791614532471,0.019104689359664917,nan,nan,-2.1048028469085693,0.5516958236694336,0.07624688744544983,-0.08367227762937546,-0.2988564968109131,0.0,0.0,12.1620512008667,nan
9.526532173156738,3.0019032955169678,0.0,0.8242263793945312,0.008871368132531643,nan,nan,-2.107717752456665,0.41716906428337097,0.12242849171161652,-0.08854955434799194,-0.08949065208435059,0.0,0.0,12.1620512008667,nan
9.527032852172852,3.0019032955169678,0.0,0.7887771129608154,0.016313746571540833,nan,nan,-2.109710931777954,0.3232274651527405,0.0629284679889679,-0.09993857145309448,-0.47179579734802246,0.0,0.0,12.1620512008667,nan
9.527531623840332,3.0019032955169678,0.0,0.8258377313613892,0.026547066867351532,nan,nan,-2.450714349746704,0.2330618053674698,0.16307927668094635,-0.05731450021266937,0.5443048477172852,0.0,0.0,12.1620512008667,nan
9.528032302856445,3.0019032955169678,0.0,0.7903884649276733,0.01166224293410778,nan,nan,-2.436522960662842,0.8233283162117004,0.05736110731959343,-0.07364117354154587,-0.04321718215942383,0.0,0.0,12.1620512008667,nan
9.528532028198242,3.0019032955169678,0.0,0.8258377313613892,0.026547066867351532,nan,nan,-2.4217655658721924,1.4259669780731201,0.16139233112335205,-0.08231375366449356,0.381406307220459,0.0,0.0,12.1620512008667,nan
9.529031753540039,3.0019032955169678,0.0,0.7807205319404602,0.013522871769964695,nan,nan,-2.41152286529541,1.825769066810608,0.07274927943944931,-0.07793078571557999,0.021653413772583008,0.0,0.0,12.1620512008667,nan
9.52953052520752,3.0019032955169678,0.0,0.8226150274276733,0.03212885186076164,nan,nan,-2.3953545093536377,2.466811418533325,0.13062326610088348,-0.04850776121020317,0.47178149223327637,0.0,0.0,12.1620512008667,nan
9.530031204223633,3.0019032955169678,0.0,0.8097244501113892,0.015383466146886349,nan,nan,-2.384706974029541,2.8625762462615967,0.107597216963768,-0.0870358794927597,0.1352834701538086,0.0,0.0,12.1620512008667,nan
9.53053092956543,3.0019032955169678,0.0,0.8210037350654602,0.023756159469485283,nan,nan,-2.369429111480713,3.4441757202148438,0.14647285640239716,-0.09776819497346878,0.21210002899169922,0.0,0.0,12.1620512008667,nan
9.531030654907227,3.0019032955169678,0.0,0.8306716680526733,0.03864094987511635,nan,nan,-2.3554110527038574,3.9617528915405273,0.15896916389465332,-0.06801758706569672,0.3832423686981201,0.0,0.0,12.1620512008667,nan
9.53153133392334,3.0019032955169678,0.0,0.8516189455986023,0.015383466146886349,nan,nan,-2.3450326919555664,4.314891338348389,0.18285439908504486,-0.08646091818809509,0.33539271354675293,0.0,0.0,12.1620512008667,nan
9.532031059265137,3.0019032955169678,0.0,0.8113358020782471,0.007010773289948702,nan,nan,-2.3314402103424072,4.795646667480469,0.14896206557750702,-0.06933695822954178,0.327972412109375,0.0,0.0,12.1620512008667,nan
9.532530784606934,3.0019032955169678,0.0,0.8048904538154602,0.018174374476075172,nan,nan,-2.320946455001831,5.135781288146973,0.12746895849704742,-0.05419343709945679,0.3513338565826416,0.0,0.0,12.1620512008667,nan
9.53303050994873,3.0019032955169678,0.0,0.8113358020782471,-0.0004316392005421221,nan,nan,-2.3074753284454346,5.593959808349609,0.09133957326412201,-0.04222183674573898,0.30683183670043945,0.0,0.0,12.1620512008667,nan
9.533530235290527,3.0019032955169678,0.0,0.8226150274276733,0.024686438962817192,nan,nan,-2.2885549068450928,6.2705159187316895,0.2249363213777542,-0.10036056488752365,0.30144238471984863,0.0,0.0,12.1620512008667,nan
9.534029960632324,3.0019032955169678,0.0,0.7855545282363892,0.00328954984433949,nan,nan,-2.2760024070739746,6.666086196899414,0.12663796544075012,-0.07278067618608475,0.18658900260925293,0.0,0.0,12.1620512008667,nan
9.534529685974121,3.0019032955169678,0.0,0.8274490237236023,0.020034968852996826,nan,nan,-2.26533842086792,6.972797870635986,0.06751613318920135,-0.09682328253984451,-0.26612281799316406,0.0,0.0,12.1620512008667,nan
9.535030364990234,3.0019032955169678,0.0,0.8210036754608154,-0.0022922682110220194,nan,nan,-2.260193109512329,7.043222904205322,0.20199283957481384,-0.08977463841438293,0.27466893196105957,0.0,0.0,12.1620512008667,nan
9.535530090332031,3.0019032955169678,0.0,0.8161697387695312,0.020965250208973885,nan,nan,-2.2498886585235596,7.326936721801758,0.1257496029138565,-0.10753417760133743,-0.02604818344116211,0.0,0.0,12.1620512008667,nan
9.536029815673828,3.0019032955169678,0.0,0.7887771129608154,0.016313746571540833,nan,nan,-2.2381577491760254,7.666035175323486,0.1676246076822281,-0.09589003771543503,0.15093183517456055,0.0,0.0,12.1620512008667,nan
9.536529541015625,3.0019032955169678,0.0,0.8193924427032471,0.022825878113508224,nan,nan,-2.2269039154052734,7.9776482582092285,0.17475730180740356,-0.08222837746143341,0.21989226341247559,0.0,0.0,12.1620512008667,nan
9.537031173706055,3.0019032955169678,0.0,0.8516190052032471,0.04143189266324043,nan,nan,-2.4049229621887207,0.04619939625263214,0.10996922105550766,-0.08579792082309723,0.17231225967407227,0.0,0.0,12.1620512008667,nan
9.537529945373535,3.0019032955169678,0.0,0.8177810907363892,0.010731962509453297,nan,nan,-3.0590291023254395,0.8892199397087097,0.17044608294963837,-0.07384444773197174,1.084233045578003,0.0,0.0,12.1620512008667,nan
9.538029670715332,3.0019032955169678,0.0,0.8306716680526733,0.02003493532538414,nan,nan,-3.019500255584717,2.5304718017578125,0.12678192555904388,-0.08086050301790237,0.8855059146881104,0.0,0.0,12.1620512008667,nan
9.538529396057129,3.0019032955169678,0.0,0.8177810907363892,0.02375619299709797,nan,nan,-2.978973388671875,4.180288791656494,0.10419934242963791,-0.08123485743999481,0.750525951385498,0.0,0.0,12.1620512008667,nan
9.539029121398926,3.0019032955169678,0.0,0.8210036754608154,-0.0022922682110220194,nan,nan,-2.9400248527526855,5.729092121124268,0.0747746080160141,-0.052054088562726974,0.7662079334259033,0.0,0.0,12.1620512008667,nan
9.539528846740723,3.0019032955169678,0.0,0.8258377313613892,0.04515308141708374,nan,nan,-2.898367166519165,7.358130931854248,0.13817046582698822,-0.06684532016515732,0.8831226825714111,0.0,0.0,12.1620512008667,nan
9.54002857208252,3.0019032955169678,0.0,0.7952225208282471,0.025616787374019623,nan,nan,-2.048666477203369,0.0,0.09539199620485306,-0.049404170364141464,0.0,0.0,0.0,12.1620512008667,nan
9.540529251098633,3.0019032955169678,0.0,0.7919998168945312,0.027477381750941277,nan,nan,-2.056408643722534,-0.32672441005706787,0.11512461304664612,-0.09764377027750015,-0.21883511543273926,0.0,0.0,12.1620512008667,nan
9.54102897644043,3.0019032955169678,0.0,0.7919998168945312,0.027477381750941277,nan,nan,-2.0630528926849365,-0.5993292927742004,0.11010091751813889,-0.08872146159410477,-0.18700480461120605,0.0,0.0,12.1620512008667,nan
9.541528701782227,3.0019032955169678,0.0,0.8483963012695312,0.020965250208973885,nan,nan,-2.0649173259735107,-0.6649118065834045,0.11212878674268723,-0.06343623995780945,-0.021039247512817383,0.0,0.0,12.1620512008667,nan
9.54202938079834,3.0019032955169678,0.0,0.8403396606445312,0.014453151263296604,nan,nan,-2.06504225730896,-0.6547356843948364,0.17441178858280182,-0.07488946616649628,0.0888221263885498,0.0,0.0,12.1620512008667,nan
9.54252815246582,3.0019032955169678,0.0,0.8258377313613892,0.026547066867351532,nan,nan,-2.0699143409729004,-0.8458274602890015,0.06105604022741318,-0.07404126971960068,-0.3839914798736572,0.0,0.0,12.1620512008667,nan
9.543028831481934,3.0019032955169678,0.0,0.8177810907363892,0.04236220568418503,nan,nan,-2.078436851501465,-1.1844199895858765,0.14458025991916656,-0.05423017591238022,0.14902210235595703,0.0,0.0,12.1620512008667,nan
9.543527603149414,3.0019032955169678,0.0,0.7984451055526733,0.007010738831013441,nan,nan,-2.0839219093322754,-1.3910746574401855,0.07350616157054901,-0.06955229490995407,-0.24613475799560547,0.0,0.0,12.1620512008667,nan
9.544029235839844,3.0019032955169678,0.0,0.8145583868026733,0.03305916488170624,nan,nan,-2.094106435775757,-1.7917308807373047,0.074387326836586,-0.09508869051933289,-0.3858463764190674,0.0,0.0,12.1620512008667,nan
9.544528007507324,3.0019032955169678,0.0,0.8129470944404602,0.017244059592485428,nan,nan,-2.10174298286438,-2.075181007385254,0.07347479462623596,-0.06787943840026855,-0.21648550033569336,0.0,0.0,12.1620512008667,nan
9.545027732849121,3.0019032955169678,0.0,0.8016678094863892,0.03678039088845253,nan,nan,-2.101933717727661,-2.038771867752075,0.17258520424365997,-0.06389817595481873,0.1766045093536377,0.0,0.0,12.1620512008667,nan
9.545528411865234,3.0019032955169678,0.0,0.8467849493026733,0.02003493532538414,nan,nan,-2.102686643600464,-2.02817702293396,0.13133466243743896,-0.08729736506938934,-0.055654287338256836,0.0,0.0,12.1620512008667,nan
9.546028137207031,3.0019032955169678,0.0,0.7936111688613892,0.02840769663453102,nan,nan,-2.103886604309082,-2.035609483718872,0.15695112943649292,-0.07051018625497818,0.11064505577087402,0.0,0.0,12.1620512008667,nan
9.546526908874512,3.0019032955169678,0.0,0.8032791018486023,0.026547066867351532,nan,nan,-2.105137586593628,-2.046475410461426,0.1345137655735016,-0.09033636748790741,-0.057978153228759766,0.0,0.0,12.1620512008667,nan
9.547027587890625,3.0019032955169678,0.0,0.7726638913154602,-0.007874052040278912,nan,nan,-2.1031692028045654,-1.9204522371292114,0.15820182859897614,-0.07589350640773773,0.08479022979736328,0.0,0.0,12.1620512008667,nan
9.547527313232422,3.0019032955169678,0.0,0.8129470944404602,0.022825878113508224,nan,nan,-2.0995306968688965,-1.7289905548095703,0.12727221846580505,-0.08642184734344482,-0.06864309310913086,0.0,0.0,12.1620512008667,nan
9.548027992248535,3.0019032955169678,0.0,0.8161697387695312,0.043292488902807236,nan,nan,-2.099027395248413,-1.671101450920105,0.10581125319004059,-0.05298011749982834,0.06373000144958496,0.0,0.0,12.1620512008667,nan
9.548526763916016,3.0019032955169678,0.0,0.8145583868026733,0.023756159469485283,nan,nan,-2.102027654647827,-1.7622870206832886,0.12548212707042694,-0.09040192514657974,-0.09406018257141113,0.0,0.0,12.1620512008667,nan
9.549027442932129,3.0019032955169678,0.0,0.8145583868026733,0.044222768396139145,nan,nan,-2.101351261138916,-1.6966768503189087,0.06640341132879257,-0.047913145273923874,-0.09545063972473145,0.0,0.0,12.1620512008667,nan
9.549527168273926,3.0019032955169678,0.0,0.8032791614532471,0.019104689359664917,nan,nan,-2.1080586910247803,-1.9426980018615723,0.13549348711967468,-0.09398962557315826,-0.07015275955200195,0.0,0.0,12.1620512008667,nan
9.550026893615723,3.0019032955169678,0.0,0.8258377313613892,0.026547066867351532,nan,nan,-2.1096649169921875,-1.969907522201538,0.1388128399848938,-0.08986800909042358,-0.03648877143859863,0.0,0.0,12.1620512008667,nan
9.550525665283203,3.0019032955169678,0.0,0.8338943719863892,0.007010773289948702,nan,nan,-2.1115376949310303,-2.0081355571746826,0.11318068951368332,-0.08104576170444489,-0.08170247077941895,0.0,0.0,12.1620512008667,nan
9.551027297973633,3.0019032955169678,0.0,0.8161697387695312,0.035850074142217636,nan,nan,-2.1140389442443848,-2.0718917846679688,0.13865181803703308,-0.09280283749103546,-0.047486066818237305,0.0,0.0,12.1620512008667,nan
9.551526069641113,3.0019032955169678,0.0,0.7968338131904602,0.007941053248941898,nan,nan,-2.118091583251953,-2.1991171836853027,0.1164078414440155,-0.09311522543430328,-0.12865877151489258,0.0,0.0,12.1620512008667,nan
9.552026748657227,3.0019032955169678,0.0,0.8081130981445312,0.03305916488170624,nan,nan,-2.1161396503448486,-2.0718908309936523,0.13497613370418549,-0.07778971642255783,0.021917104721069336,0.0,0.0,12.1620512008667,nan
9.552525520324707,3.0019032955169678,0.0,0.7823318243026733,0.03864094987511635,nan,nan,-2.1197028160095215,-2.178701400756836,0.09434923529624939,-0.06956925243139267,-0.08754754066467285,0.0,0.0,12.1620512008667,nan
9.553027153015137,3.0019032955169678,0.0,0.8129470944404602,0.04515308141708374,nan,nan,-2.1194262504577637,-2.1216189861297607,0.10930478572845459,-0.08064938336610794,-0.0881185531616211,0.0,0.0,12.1620512008667,nan
9.553525924682617,3.0019032955169678,0.0,0.8403396606445312,0.025616753846406937,nan,nan,-2.1214890480041504,-2.1632065773010254,0.17211492359638214,-0.08386822789907455,0.09695672988891602,0.0,0.0,12.1620512008667,nan
9.554025650024414,3.0019032955169678,0.0,0.8032791614532471,0.037710703909397125,nan,nan,-2.1234419345855713,-2.200040578842163,0.1348525881767273,-0.08977566659450531,-0.035591840744018555,0.0,0.0,12.1620512008667,nan
9.554525375366211,3.0019032955169678,0.0,0.8419510126113892,0.019104689359664917,nan,nan,-2.121774196624756,-2.0827651023864746,0.2013513296842575,-0.06579693406820297,0.23543024063110352,0.0,0.0,12.1620512008667,nan
9.555026054382324,3.0019032955169678,0.0,0.8048903942108154,0.03491976112127304,nan,nan,-2.1253600120544434,-2.190213441848755,0.15718615055084229,-0.09575818479061127,0.00670313835144043,0.0,0.0,12.1620512008667,nan
9.555524826049805,3.0019032955169678,0.0,0.8451736569404602,0.022825878113508224,nan,nan,-2.1234920024871826,-2.0654149055480957,0.17270183563232422,-0.08167538046836853,0.11071443557739258,0.0,0.0,12.1620512008667,nan
9.556025505065918,3.0019032955169678,0.0,0.8016678094863892,0.05166521295905113,nan,nan,-2.1228387355804443,-1.993765950202942,0.18630018830299377,-0.07977970689535141,0.14738941192626953,0.0,0.0,12.1620512008667,nan
9.556525230407715,3.0019032955169678,0.0,0.7936111688613892,0.035850074142217636,nan,nan,-2.1218924522399902,-1.912232756614685,0.12271296232938766,-0.08151496201753616,-0.036035776138305664,0.0,0.0,12.1620512008667,nan
9.557025909423828,3.0019032955169678,0.0,0.8097244501113892,0.015383466146886349,nan,nan,-2.1178159713745117,-1.7005614042282104,0.15897279977798462,-0.09196091443300247,0.022107601165771484,0.0,0.0,12.1620512008667,nan
9.557524681091309,3.0019032955169678,0.0,0.8048904538154602,0.018174374476075172,nan,nan,-2.1201937198638916,-1.7650097608566284,0.1083528995513916,-0.07265269756317139,-0.04203176498413086,0.0,0.0,12.1620512008667,nan
9.558025360107422,3.0019032955169678,0.0,0.8322830200195312,0.026547066867351532,nan,nan,-2.119279623031616,-1.6903512477874756,0.1367994099855423,-0.09165194630622864,-0.04254651069641113,0.0,0.0,12.1620512008667,nan
9.558525085449219,3.0019032955169678,0.0,0.8451736569404602,0.022825878113508224,nan,nan,-2.1184680461883545,-1.6198093891143799,0.16926252841949463,-0.06198829784989357,0.1968994140625,0.0,0.0,12.1620512008667,nan
9.559024810791016,3.0019032955169678,0.0,0.8016678094863892,0.03678039088845253,nan,nan,-2.118901252746582,-1.6036462783813477,0.13422121107578278,-0.07670167833566666,0.028522253036499023,0.0,0.0,12.1620512008667,nan
9.559523582458496,3.0019032955169678,0.0,0.8451736569404602,0.022825878113508224,nan,nan,-2.1156740188598633,-1.4347434043884277,0.09924591332674026,-0.0634726881980896,-0.024697542190551758,0.0,0.0,12.1620512008667,nan
9.560025215148926,3.0019032955169678,0.0,0.7742751836776733,0.020965250208973885,nan,nan,-2.120809555053711,-1.6191710233688354,0.18289904296398163,-0.06913211196660995,0.18888306617736816,0.0,0.0,12.1620512008667,nan
9.560523986816406,3.0019032955169678,0.0,0.8016678094863892,0.020034968852996826,nan,nan,-2.1222550868988037,0.0,0.0242064967751503,-0.045986950397491455,0.0,0.0,0.0,12.1620512008667,nan
9.56102466583252,3.0019032955169678,0.0,0.7839431762695312,0.007941053248941898,nan,nan,-2.1422693729400635,0.13240404427051544,0.10439299046993256,-0.08708563446998596,-0.12425780296325684,0.0,0.0,12.1620512008667,nan
9.561524391174316,3.0019032955169678,0.0,0.8419510126113892,0.017244059592485428,nan,nan,-2.139174222946167,0.2591571807861328,0.135408416390419,-0.09280066937208176,-0.03249001502990723,0.0,0.0,12.1620512008667,nan
9.562024116516113,3.0019032955169678,0.0,0.7984451055526733,0.007010738831013441,nan,nan,-2.141404390335083,0.15930472314357758,0.05060704052448273,-0.07359999418258667,-0.39945363998413086,0.0,0.0,12.1620512008667,nan
9.56252384185791,3.0019032955169678,0.0,0.8193924427032471,0.030268291011452675,nan,nan,-2.139631509780884,0.23127011954784393,0.16567157208919525,-0.0731019377708435,0.1540062427520752,0.0,0.0,12.1620512008667,nan
9.563023567199707,3.0019032955169678,0.0,0.7823318243026733,0.014453151263296604,nan,nan,-2.137810707092285,0.3024383783340454,0.09836435317993164,-0.08535093814134598,-0.14818620681762695,0.0,0.0,12.1620512008667,nan
9.563523292541504,3.0019032955169678,0.0,0.8193924427032471,0.030268291011452675,nan,nan,-2.1365299224853516,0.3491412103176117,0.14629361033439636,-0.07283293455839157,0.10435676574707031,0.0,0.0,12.1620512008667,nan
9.564023971557617,3.0019032955169678,0.0,0.7903884649276733,0.01166224293410778,nan,nan,-2.1389074325561523,0.2415143996477127,0.0932832658290863,-0.08877165615558624,-0.1932384967803955,0.0,0.0,12.1620512008667,nan
9.564522743225098,3.0019032955169678,0.0,0.8322830200195312,0.01166224293410778,nan,nan,-2.1355817317962646,0.37693727016448975,0.14312368631362915,-0.05026187002658844,0.22814154624938965,0.0,0.0,12.1620512008667,nan
9.565023422241211,3.0019032955169678,0.0,0.8032791018486023,0.024686472490429878,nan,nan,-2.1318392753601074,0.5257819294929504,0.10060123354196548,-0.08797303587198257,-0.1579737663269043,0.0,0.0,12.1620512008667,nan
9.565523147583008,3.0019032955169678,0.0,0.8274490833282471,0.025616787374019623,nan,nan,-2.132625102996826,0.4822845458984375,0.1720159351825714,-0.08609627932310104,0.0983428955078125,0.0,0.0,12.1620512008667,nan
9.566022872924805,3.0019032955169678,0.0,0.7774978876113892,0.004219864495098591,nan,nan,-2.133937358856201,0.4166327714920044,0.09299486130475998,-0.07702359557151794,-0.12899422645568848,0.0,0.0,12.1620512008667,nan
9.566522598266602,3.0019032955169678,0.0,0.8210037350654602,0.02933797612786293,nan,nan,-2.12888240814209,0.619540810585022,0.14143075048923492,-0.0887773260474205,-0.0022614002227783203,0.0,0.0,12.1620512008667,nan
9.567023277282715,3.0019032955169678,0.0,0.7903884649276733,0.01166224293410778,nan,nan,-2.130584955215454,0.5347217321395874,0.06531252712011337,-0.07818307727575302,-0.3162076473236084,0.0,0.0,12.1620512008667,nan
9.567522048950195,3.0019032955169678,0.0,0.8419510126113892,0.017244059592485428,nan,nan,-2.128544807434082,0.6095123887062073,0.16908763349056244,-0.07431692630052567,0.144453763961792,0.0,0.0,12.1620512008667,nan
9.568022727966309,3.0019032955169678,0.0,0.7839431762695312,0.01910465583205223,nan,nan,-2.12528657913208,0.7339038848876953,0.13338379561901093,-0.06371293216943741,0.10957169532775879,0.0,0.0,12.1620512008667,nan
9.568521499633789,3.0019032955169678,0.0,0.8258377313613892,0.026547066867351532,nan,nan,-2.121596574783325,0.8727952241897583,0.1202506422996521,-0.07449188828468323,-0.003537893295288086,0.0,0.0,12.1620512008667,nan
9.569023132324219,3.0019032955169678,0.0,0.7968338131904602,0.007941053248941898,nan,nan,-2.123591899871826,0.7702852487564087,0.14370647072792053,-0.09205874055624008,-0.016758203506469727,0.0,0.0,12.1620512008667,nan
9.5695219039917,3.0019032955169678,0.0,0.8016678094863892,0.01631378009915352,nan,nan,-2.1263577938079834,0.6363263726234436,0.07088913023471832,-0.07253851741552353,-0.24213671684265137,0.0,0.0,12.1620512008667,nan
9.570021629333496,3.0019032955169678,0.0,0.7678298950195312,-0.0013619536766782403,nan,nan,-2.126344919204712,0.6230416297912598,0.08079124242067337,-0.09072250127792358,-0.28868818283081055,0.0,0.0,12.1620512008667,nan
9.57052230834961,3.0019032955169678,0.0,0.8193924427032471,0.030268291011452675,nan,nan,-2.1238701343536377,0.7134706377983093,0.1540510207414627,-0.09850058704614639,-0.015642881393432617,0.0,0.0,12.1620512008667,nan
9.571022033691406,3.0019032955169678,0.0,0.7774978876113892,0.019104689359664917,nan,nan,-2.1238157749176025,0.7004826068878174,0.08540842682123184,-0.0791311264038086,-0.19482803344726562,0.0,0.0,12.1620512008667,nan
9.571520805358887,3.0019032955169678,0.0,0.8500076532363892,0.038640983402729034,nan,nan,-2.120079278945923,0.8416298627853394,0.12839064002037048,-0.09760473668575287,-0.10086631774902344,0.0,0.0,12.1620512008667,nan
9.572022438049316,3.0019032955169678,0.0,0.7646071910858154,0.01166224293410778,nan,nan,-2.1260366439819336,0.5739278793334961,0.09177003055810928,-0.08537814021110535,-0.19471454620361328,0.0,0.0,12.1620512008667,nan
9.572521209716797,3.0019032955169678,0.0,0.8258377313613892,0.026547066867351532,nan,nan,-2.1245310306549072,0.6246449947357178,0.1726427525281906,-0.08673251420259476,0.08876323699951172,0.0,0.0,12.1620512008667,nan
9.57302188873291,3.0019032955169678,0.0,0.7839431762695312,0.007941053248941898,nan,nan,-2.123126268386841,0.6698772311210632,0.059072382748126984,-0.08275238424539566,-0.39995837211608887,0.0,0.0,12.1620512008667,nan
9.57352066040039,3.0019032955169678,0.0,0.8129470348358154,0.020965250208973885,nan,nan,-2.1261813640594482,0.5259220004081726,0.08741471916437149,-0.1006406769156456,-0.3013126850128174,0.0,0.0,12.1620512008667,nan
9.574021339416504,3.0019032955169678,0.0,0.7839431762695312,0.007941053248941898,nan,nan,-2.127203941345215,0.47205543518066406,0.06586728245019913,-0.0697573646903038,-0.2585897445678711,0.0,0.0,12.1620512008667,nan
9.5745210647583,3.0019032955169678,0.0,0.8065017461776733,0.015383431687951088,nan,nan,-2.1252081394195557,0.5463814735412598,0.18541817367076874,-0.07701275497674942,0.1616044044494629,0.0,0.0,12.1620512008667,nan
9.575020790100098,3.0019032955169678,0.0,0.7968338131904602,0.015383466146886349,nan,nan,-2.1189088821411133,0.7995920181274414,0.15367253124713898,-0.08551989495754242,0.04072403907775879,0.0,0.0,12.1620512008667,nan
9.575519561767578,3.0019032955169678,0.0,0.8258377313613892,0.026547066867351532,nan,nan,-2.1165757179260254,0.8801729083061218,0.13146112859249115,-0.09112127125263214,-0.0602879524230957,0.0,0.0,12.1620512008667,nan
9.576021194458008,3.0019032955169678,0.0,0.8032791614532471,0.004219864495098591,nan,nan,-2.121128797531128,0.6699635982513428,0.06544089317321777,-0.08322782814502716,-0.3554041385650635,0.0,0.0,12.1620512008667,nan
9.576519966125488,3.0019032955169678,0.0,0.8387283086776733,0.007941053248941898,nan,nan,-1.9418588876724243,-0.2410489022731781,0.09708254784345627,-0.0738242119550705,-0.2803313732147217,0.0,0.0,12.1620512008667,nan
9.577020645141602,3.0019032955169678,0.0,0.8048903942108154,0.03491976112127304,nan,nan,-1.9469668865203857,-0.45053550601005554,0.1329323649406433,-0.08197993785142899,-0.17733263969421387,0.0,0.0,12.1620512008667,nan
9.577520370483398,3.0019032955169678,0.0,0.8580642938613892,0.015383466146886349,nan,nan,-1.9509438276290894,-0.6073828935623169,0.2576698362827301,-0.09066217392683029,0.0417943000793457,0.0,0.0,12.1620512008667,nan
9.578021049499512,3.0019032955169678,0.0,0.8000564575195312,0.03771067038178444,nan,nan,-1.9587255716323853,-0.9210643768310547,0.16284658014774323,-0.07851257920265198,-0.06188321113586426,0.0,0.0,12.1620512008667,nan
9.578519821166992,3.0019032955169678,0.0,0.8161697387695312,0.03771067038178444,nan,nan,-1.965939998626709,-1.2056413888931274,0.1208236888051033,-0.08159990608692169,-0.20009446144104004,0.0,0.0,12.1620512008667,nan
9.579019546508789,3.0019032955169678,0.0,0.7968337535858154,0.03026825748383999,nan,nan,-1.9732695817947388,-1.4878153800964355,0.09346632659435272,-0.06355265527963638,-0.19598674774169922,0.0,0.0,12.1620512008667,nan
9.579520225524902,3.0019032955169678,0.0,0.8161697387695312,0.028407661244273186,nan,nan,-1.9776023626327515,-1.6392489671707153,0.052147164940834045,-0.06153453513979912,-0.46346592903137207,0.0,0.0,12.1620512008667,nan
9.5800199508667,3.0019032955169678,0.0,0.8161697387695312,0.043292488902807236,nan,nan,-2.1361615657806396,0.014147728681564331,0.12002670764923096,-0.05371149256825447,0.14520764350891113,0.0,0.0,12.1620512008667,nan
9.58051872253418,3.0019032955169678,0.0,0.8129470944404602,0.022825878113508224,nan,nan,-2.1402456760406494,-0.1580515056848526,0.13520194590091705,-0.09440885484218597,-0.04034304618835449,0.0,0.0,12.1620512008667,nan
9.58102035522461,3.0019032955169678,0.0,0.7887771725654602,0.02933797612786293,nan,nan,-2.1375300884246826,-0.040839146822690964,0.13748659193515778,-0.08167382329702377,0.03081655502319336,0.0,0.0,12.1620512008667,nan
9.58151912689209,3.0019032955169678,0.0,0.8419510126113892,0.017244059592485428,nan,nan,-2.1322848796844482,0.18067392706871033,0.18675272166728973,-0.08716777712106705,0.12537360191345215,0.0,0.0,12.1620512008667,nan
9.582019805908203,3.0019032955169678,0.0,0.8113358020782471,-0.0004316392005421221,nan,nan,-2.132763147354126,0.1566258817911148,0.10768590122461319,-0.08087511360645294,-0.08248448371887207,0.0,0.0,12.1620512008667,nan
9.582518577575684,3.0019032955169678,0.0,0.8419510126113892,0.017244059592485428,nan,nan,-2.1287639141082764,0.3208064138889313,0.15260286629199982,-0.09122877568006516,0.019341707229614258,0.0,0.0,12.1620512008667,nan
9.583019256591797,3.0019032955169678,0.0,0.7871658802032471,0.02840769663453102,nan,nan,-2.13040828704834,0.24482861161231995,0.06898683309555054,-0.0681900829076767,-0.22081995010375977,0.0,0.0,12.1620512008667,nan
9.583518981933594,3.0019032955169678,0.0,0.8258377313613892,0.026547066867351532,nan,nan,-2.1267731189727783,0.3924987316131592,0.1293809413909912,-0.059443678706884384,0.12595224380493164,0.0,0.0,12.1620512008667,nan
9.58401870727539,3.0019032955169678,0.0,0.7887771725654602,0.010731962509453297,nan,nan,-2.1278412342071533,0.3390471935272217,0.09070125222206116,-0.0854567140340805,-0.1993110179901123,0.0,0.0,12.1620512008667,nan
9.584518432617188,3.0019032955169678,0.0,0.8258377313613892,0.026547066867351532,nan,nan,-2.1269350051879883,0.3698892593383789,0.1561148315668106,-0.0762922540307045,0.1021275520324707,0.0,0.0,12.1620512008667,nan
9.5850191116333,3.0019032955169678,0.0,0.7774978876113892,0.019104689359664917,nan,nan,-2.1260619163513184,0.39847174286842346,0.09631217271089554,-0.08381711691617966,-0.16141843795776367,0.0,0.0,12.1620512008667,nan
9.585517883300781,3.0019032955169678,0.0,0.8419510126113892,0.017244059592485428,nan,nan,-2.122382640838623,0.5436670780181885,0.12447799742221832,-0.09132490307092667,-0.08153676986694336,0.0,0.0,12.1620512008667,nan
9.586018562316895,3.0019032955169678,0.0,0.7903884649276733,0.01166224293410778,nan,nan,-2.1236183643341064,0.4800926744937897,0.07890646904706955,-0.08444461971521378,-0.2674250602722168,0.0,0.0,12.1620512008667,nan
9.586518287658691,3.0019032955169678,0.0,0.8258377313613892,0.026547066867351532,nan,nan,-2.117572546005249,0.7234097719192505,0.16234976053237915,-0.09491144865751266,0.018065690994262695,0.0,0.0,12.1620512008667,nan
9.587018013000488,3.0019032955169678,0.0,0.7774978876113892,0.026547066867351532,nan,nan,-2.1204280853271484,0.5885230898857117,0.17416773736476898,-0.07736709713935852,0.13235259056091309,0.0,0.0,12.1620512008667,nan
9.587517738342285,3.0019032955169678,0.0,0.8258377313613892,0.026547066867351532,nan,nan,-2.1149773597717285,0.804532527923584,0.13292525708675385,-0.07085038721561432,0.05497431755065918,0.0,0.0,12.1620512008667,nan
9.588018417358398,3.0019032955169678,0.0,0.7984451055526733,-0.00043167363037355244,nan,nan,-2.1171839237213135,0.6948436498641968,0.10524844378232956,-0.05804146081209183,0.04282665252685547,0.0,0.0,12.1620512008667,nan
9.588517189025879,3.0019032955169678,0.0,0.8387283086776733,0.01910465583205223,nan,nan,-2.1087350845336914,1.034441351890564,0.14630651473999023,-0.07138542830944061,0.08470344543457031,0.0,0.0,12.1620512008667,nan
9.589017868041992,3.0019032955169678,0.0,0.7855545282363892,0.020034968852996826,nan,nan,-2.1086413860321045,1.0166234970092773,0.11619263142347336,-0.07257293164730072,-0.020206212997436523,0.0,0.0,12.1620512008667,nan
9.589516639709473,3.0019032955169678,0.0,0.8065017461776733,0.015383431687951088,nan,nan,-2.107701063156128,1.0345269441604614,0.16709475219249725,-0.0910179540514946,0.03863978385925293,0.0,0.0,12.1620512008667,nan
9.590018272399902,3.0019032955169678,0.0,0.7871658802032471,0.009801682084798813,nan,nan,-2.107261896133423,1.0305193662643433,0.079657182097435,-0.07588917762041092,-0.2253119945526123,0.0,0.0,12.1620512008667,nan
9.590517044067383,3.0019032955169678,0.0,0.8210037350654602,0.02933797612786293,nan,nan,-2.106248140335083,1.0509138107299805,0.15113534033298492,-0.08864942193031311,0.005348682403564453,0.0,0.0,12.1620512008667,nan
9.59101676940918,3.0019032955169678,0.0,0.7984451055526733,-0.007874086499214172,nan,nan,-2.1117208003997803,0.7975411415100098,0.09290961176156998,-0.10111808031797409,-0.287691593170166,0.0,0.0,12.1620512008667,nan
9.591517448425293,3.0019032955169678,0.0,0.8258377313613892,0.026547066867351532,nan,nan,-2.1124534606933594,0.7493080496788025,0.14040981233119965,-0.07949763536453247,0.026836633682250977,0.0,0.0,12.1620512008667,nan
9.59201717376709,3.0019032955169678,0.0,0.7613846063613892,0.013522871769964695,nan,nan,-2.1118152141571045,0.7616894245147705,0.1810181587934494,-0.06135891005396843,0.215362548828125,0.0,0.0,12.1620512008667,nan
9.59251594543457,3.0019032955169678,0.0,0.8210037350654602,0.02933797612786293,nan,nan,-2.1068782806396484,0.9512953162193298,0.11261214315891266,-0.10114766657352448,-0.19623875617980957,0.0,0.0,12.1620512008667,nan
9.593016624450684,3.0019032955169678,0.0,0.7839431762695312,0.015383466146886349,nan,nan,-2.1107089519500732,0.7710738182067871,0.10304330289363861,-0.074088916182518,-0.08354902267456055,0.0,0.0,12.1620512008667,nan
9.59351634979248,3.0019032955169678,0.0,0.8258377313613892,0.026547066867351532,nan,nan,-2.1046881675720215,1.007213830947876,0.13251323997974396,-0.0814128890633583,-0.016765117645263672,0.0,0.0,12.1620512008667,nan
9.594017028808594,3.0019032955169678,0.0,0.8048904538154602,0.023756159469485283,nan,nan,-2.1033966541290283,1.0403403043746948,0.1086980551481247,-0.07333787530660629,-0.060846567153930664,0.0,0.0,12.1620512008667,nan
9.594515800476074,3.0019032955169678,0.0,0.8242263793945312,0.031198570504784584,nan,nan,-2.1015655994415283,1.0952504873275757,0.13521632552146912,-0.08086740225553513,-0.007889986038208008,0.0,0.0,12.1620512008667,nan
9.595015525817871,3.0019032955169678,0.0,0.7903884649276733,0.01166224293410778,nan,nan,-2.1017825603485107,1.0631855726242065,0.10851755738258362,-0.07117772847414017,-0.049384355545043945,0.0,0.0,12.1620512008667,nan
9.595516204833984,3.0019032955169678,0.0,0.8258377313613892,0.026547066867351532,nan,nan,-2.101722240447998,1.0424565076828003,0.12557180225849152,-0.0760212168097496,-0.013162374496459961,0.0,0.0,12.1620512008667,nan
9.596015930175781,3.0019032955169678,0.0,0.7903884649276733,0.01166224293410778,nan,nan,-2.1047613620758057,0.8923572301864624,0.07589000463485718,-0.09194059669971466,-0.34793686866760254,0.0,0.0,12.1620512008667,nan
9.596514701843262,3.0019032955169678,0.0,0.8032791614532471,0.013522871769964695,nan,nan,-2.107393503189087,0.7625857591629028,0.08861125260591507,-0.05777861922979355,-0.04113292694091797,0.0,0.0,12.1620512008667,nan
9.597016334533691,3.0019032955169678,0.0,0.7807205319404602,0.01910465583205223,nan,nan,-2.1071741580963135,0.7550333142280579,0.08500014990568161,-0.06975465267896652,-0.15120410919189453,0.0,0.0,12.1620512008667,nan
9.597515106201172,3.0019032955169678,0.0,0.8258377313613892,0.026547066867351532,nan,nan,-2.1067955493927,0.7546284198760986,0.13971517980098724,-0.07835616916418076,0.025238037109375,0.0,0.0,12.1620512008667,nan
9.598015785217285,3.0019032955169678,0.0,0.7903884649276733,0.01166224293410778,nan,nan,-2.104984760284424,0.8146892189979553,0.07081710547208786,-0.06097559258341789,-0.17714309692382812,0.0,0.0,12.1620512008667,nan
9.598514556884766,3.0019032955169678,0.0,0.8306716680526733,0.018174340948462486,nan,nan,-2.1027989387512207,0.8895425200462341,0.15237176418304443,-0.057761434465646744,0.1706681251525879,0.0,0.0,12.1620512008667,nan
9.599016189575195,3.0019032955169678,0.0,0.8032791614532471,0.004219864495098591,nan,nan,-2.1021010875701904,0.8998674154281616,0.09196871519088745,-0.07853656262159348,-0.17591309547424316,0.0,0.0,12.1620512008667,nan
9.599515914916992,3.0019032955169678,0.0,0.8371169567108154,0.03491976112127304,nan,nan,-2.1004295349121094,0.9511717557907104,0.16519369184970856,-0.07840124517679214,0.08719158172607422,0.0,0.0,12.1620512008667,nan
9.600014686584473,3.0019032955169678,0.0,0.7887771725654602,0.005150144454091787,nan,nan,-2.1004562377929688,0.9296220541000366,0.09660869091749191,-0.09283892810344696,-0.23652172088623047,0.0,0.0,12.1620512008667,nan
9.600515365600586,3.0019032955169678,0.0,0.8258377313613892,0.026547066867351532,nan,nan,-2.0978636741638184,1.018173098564148,0.12025302648544312,-0.08072516322135925,-0.06406068801879883,0.0,0.0,12.1620512008667,nan
9.601015090942383,3.0019032955169678,0.0,0.7871658802032471,0.013522871769964695,nan,nan,-2.1033213138580322,0.7669811844825745,0.13782769441604614,-0.10111462324857712,-0.10058212280273438,0.0,0.0,12.1620512008667,nan
9.601513862609863,3.0019032955169678,0.0,0.8258377313613892,0.026547066867351532,nan,nan,-2.102797508239746,0.7723201513290405,0.13757969439029694,-0.10016025602817535,-0.09743142127990723,0.0,0.0,12.1620512008667,nan
9.602014541625977,3.0019032955169678,0.0,0.7839431762695312,0.015383466146886349,nan,nan,-2.1023027896881104,0.7763766646385193,0.09217710047960281,-0.0843040868639946,-0.2099297046661377,0.0,0.0,12.1620512008667,nan
9.602514266967773,3.0019032955169678,0.0,0.8274490833282471,0.033059198409318924,nan,nan,-2.100532293319702,0.8337165713310242,0.1361076384782791,-0.06944040209054947,0.05849432945251465,0.0,0.0,12.1620512008667,nan
9.603014945983887,3.0019032955169678,0.0,0.8097244501113892,0.000498675275593996,nan,nan,-2.1054821014404297,0.6082843542098999,0.17196926474571228,-0.07552895694971085,0.12156033515930176,0.0,0.0,12.1620512008667,nan
9.603513717651367,3.0019032955169678,0.0,0.8290603756904602,0.028407661244273186,nan,nan,-2.102185010910034,0.7325890064239502,0.13939516246318817,-0.10386507958173752,-0.10918951034545898,0.0,0.0,12.1620512008667,nan
9.60401439666748,3.0019032955169678,0.0,0.7742751836776733,0.017244059592485428,nan,nan,-2.1049509048461914,0.6013027429580688,0.10540612041950226,-0.086744524538517,-0.1548748016357422,0.0,0.0,12.1620512008667,nan
9.604514122009277,3.0019032955169678,0.0,0.7758865356445312,0.018174374476075172,nan,nan,-2.1076481342315674,0.47423720359802246,0.13436684012413025,-0.09333858639001846,-0.07041430473327637,0.0,0.0,12.1620512008667,nan
9.605013847351074,3.0019032955169678,0.0,0.8097244501113892,-0.0013619536766782403,nan,nan,-2.1056690216064453,0.5464352965354919,0.0851593017578125,-0.08342757821083069,-0.24108004570007324,0.0,0.0,12.1620512008667,nan
9.605512619018555,3.0019032955169678,0.0,0.8274490833282471,0.014453185722231865,nan,nan,-2.0991318225860596,0.8093659281730652,0.1850939244031906,-0.0688524916768074,0.1732032299041748,0.0,0.0,12.1620512008667,nan
9.606014251708984,3.0019032955169678,0.0,0.7774978876113892,0.004219864495098591,nan,nan,-2.1013293266296387,0.6991402506828308,0.07934466004371643,-0.08600671589374542,-0.2961392402648926,0.0,0.0,12.1620512008667,nan
9.606513023376465,3.0019032955169678,0.0,0.8258377313613892,0.026547066867351532,nan,nan,-2.098362922668457,0.8086963295936584,0.1537943184375763,-0.06807629764080048,0.11158227920532227,0.0,0.0,12.1620512008667,nan
9.607012748718262,3.0019032955169678,0.0,0.8097244501113892,0.006080458872020245,nan,nan,-2.1068787574768066,0.433109313249588,0.14532853662967682,-0.09117009490728378,-0.024152755737304688,0.0,0.0,12.1620512008667,nan
9.607513427734375,3.0019032955169678,0.0,0.8387283086776733,0.01910465583205223,nan,nan,-2.1060986518859863,0.45628610253334045,0.18436196446418762,-0.0932895764708519,0.06728935241699219,0.0,0.0,12.1620512008667,nan
9.608013153076172,3.0019032955169678,0.0,0.8000564575195312,0.0023592354264110327,nan,nan,-2.1085946559906006,0.34057655930519104,0.06613528728485107,-0.0930057168006897,-0.41649746894836426,0.0,0.0,12.1620512008667,nan
9.608512878417969,3.0019032955169678,0.0,0.8258377313613892,0.026547066867351532,nan,nan,-2.109590768814087,0.29096856713294983,0.12395448237657547,-0.07888155430555344,-0.027962923049926758,0.0,0.0,12.1620512008667,nan
9.609012603759766,3.0019032955169678,0.0,0.8145583868026733,0.02003493532538414,nan,nan,-2.112761974334717,0.15196050703525543,0.14171163737773895,-0.08032923936843872,0.026439189910888672,0.0,0.0,12.1620512008667,nan
9.609512329101562,3.0019032955169678,0.0,0.8258377313613892,0.026547066867351532,nan,nan,-2.114981174468994,0.05558909475803375,0.16797497868537903,-0.09735653549432755,0.01900625228881836,0.0,0.0,12.1620512008667,nan
9.610013008117676,3.0019032955169678,0.0,0.7839431762695312,0.015383466146886349,nan,nan,-2.113821029663086,0.10262168943881989,0.08850574493408203,-0.08800358325242996,-0.24050045013427734,0.0,0.0,12.1620512008667,nan
9.610511779785156,3.0019032955169678,0.0,0.8258377313613892,0.026547066867351532,nan,nan,-2.110645055770874,0.2329823076725006,0.13198722898960114,-0.07393690198659897,0.029422521591186523,0.0,0.0,12.1620512008667,nan
9.611013412475586,3.0019032955169678,0.0,0.7774978876113892,0.019104689359664917,nan,nan,-2.111639976501465,0.18577761948108673,0.09593793004751205,-0.08923991769552231,-0.2092127799987793,0.0,0.0,12.1620512008667,nan
9.611512184143066,3.0019032955169678,0.0,0.8210037350654602,0.02933797612786293,nan,nan,-2.1114799976348877,0.18850944936275482,0.13184751570224762,-0.06799729913473129,0.06486797332763672,0.0,0.0,12.1620512008667,nan
9.612011909484863,3.0019032955169678,0.0,0.7839431762695312,0.015383466146886349,nan,nan,-2.112454414367676,0.14315347373485565,0.08807225525379181,-0.08987556397914886,-0.25489234924316406,0.0,0.0,12.1620512008667,nan
9.61251163482666,3.0019032955169678,0.0,0.8274490833282471,0.025616787374019623,nan,nan,-2.112351417541504,0.14457297325134277,0.1592617928981781,-0.08262910693883896,0.06327342987060547,0.0,0.0,12.1620512008667,nan
9.613012313842773,3.0019032955169678,0.0,0.7871658802032471,0.009801682084798813,nan,nan,-2.115375280380249,0.013822590932250023,0.09007223695516586,-0.10114318877458572,-0.29990220069885254,0.0,0.0,12.1620512008667,nan
9.613511085510254,3.0019032955169678,0.0,0.8419510126113892,0.017244059592485428,nan,nan,-2.113823175430298,0.07793278992176056,0.13239677250385284,-0.08538796752691269,-0.029882192611694336,0.0,0.0,12.1620512008667,nan
9.614011764526367,3.0019032955169678,0.0,0.8097244501113892,0.000498675275593996,nan,nan,-2.115239381790161,0.01683412678539753,0.09733431041240692,-0.079397052526474,-0.14038848876953125,0.0,0.0,12.1620512008667,nan
9.614510536193848,3.0019032955169678,0.0,0.8258377313613892,0.026547066867351532,nan,nan,-2.1147665977478027,0.03606418892741203,0.15555532276630402,-0.07763870805501938,0.0813899040222168,0.0,0.0,12.1620512008667,nan
9.615012168884277,3.0019032955169678,0.0,0.8355057239532471,0.013522871769964695,nan,nan,-2.1162607669830322,-0.027096116915345192,0.16874383389949799,-0.07152003794908524,0.14517664909362793,0.0,0.0,12.1620512008667,nan
9.615510940551758,3.0019032955169678,0.0,0.8032791018486023,0.015383466146886349,nan,nan,-2.1155083179473877,0.004774659406393766,0.14111638069152832,-0.08162295073270798,0.020406723022460938,0.0,0.0,12.1620512008667,nan
9.616010665893555,3.0019032955169678,0.0,0.8177810907363892,0.04236220568418503,nan,nan,-2.1126697063446045,0.12340553849935532,0.14341524243354797,-0.0911077931523323,-0.024138927459716797,0.0,0.0,12.1620512008667,nan
9.616511344909668,3.0019032955169678,0.0,0.8193924427032471,0.030268291011452675,nan,nan,-2.1125876903533936,0.12499743700027466,0.15771852433681488,-0.07760899513959885,0.08490252494812012,0.0,0.0,12.1620512008667,nan
9.617011070251465,3.0019032955169678,0.0,0.7952225208282471,0.014453185722231865,nan,nan,-2.1145036220550537,0.04122098162770271,0.07382745295763016,-0.07575120776891708,-0.25560688972473145,0.0,0.0,12.1620512008667,nan
9.617509841918945,3.0019032955169678,0.0,0.7823318243026733,0.029337942600250244,nan,nan,-2.1198291778564453,-0.18497779965400696,0.11068260669708252,-0.1109238788485527,-0.23851323127746582,0.0,0.0,12.1620512008667,nan
9.618009567260742,3.0019032955169678,0.0,0.7855545282363892,0.02189556322991848,nan,nan,-2.1205079555511475,-0.20937860012054443,0.1640169322490692,-0.09674347937107086,0.016797780990600586,0.0,0.0,12.1620512008667,nan
9.618510246276855,3.0019032955169678,0.0,0.8322830200195312,0.022825878113508224,nan,nan,-2.115370512008667,0.01048987079411745,0.13890980184078217,-0.07883694767951965,0.02848649024963379,0.0,0.0,12.1620512008667,nan
9.619009971618652,3.0019032955169678,0.0,0.7855545282363892,-0.0004316392005421221,nan,nan,-2.1191322803497314,-0.14889973402023315,0.13478855788707733,-0.11629272252321243,-0.16426706314086914,0.0,0.0,12.1620512008667,nan
9.61950969696045,3.0019032955169678,0.0,0.8564529418945312,0.020034968852996826,nan,nan,-2.114762783050537,0.03647635504603386,0.12517203390598297,-0.10088754445314407,-0.13496947288513184,0.0,0.0,12.1620512008667,nan
9.620010375976562,3.0019032955169678,0.0,0.8467849493026733,0.02003493532538414,nan,nan,-2.115187168121338,0.019341759383678436,0.1366993486881256,-0.06782633066177368,0.08416938781738281,0.0,0.0,12.1620512008667,nan
9.62051010131836,3.0019032955169678,0.0,0.8371170163154602,0.02189556322991848,nan,nan,-2.1160080432891846,-0.01551022008061409,0.17341850697994232,-0.08043244481086731,0.11139750480651855,0.0,0.0,12.1620512008667,nan
9.621009826660156,3.0019032955169678,0.0,0.8242263793945312,0.007010738831013441,nan,nan,-2.117666721343994,-0.08377368003129959,0.1465858817100525,-0.07592158019542694,0.06924152374267578,0.0,0.0,12.1620512008667,nan
9.621509552001953,3.0019032955169678,0.0,0.8129470944404602,0.022825878113508224,nan,nan,-2.109966278076172,0.24142438173294067,0.20025677978992462,-0.0719972774386406,0.1949310302734375,0.0,0.0,12.1620512008667,nan
9.62200927734375,3.0019032955169678,0.0,0.8145583868026733,0.014453151263296604,nan,nan,-2.1098074913024902,0.24226677417755127,0.08618520945310593,-0.07915756106376648,-0.20468449592590332,0.0,0.0,12.1620512008667,nan
9.622509002685547,3.0019032955169678,0.0,0.8210037350654602,0.02933797612786293,nan,nan,-2.1100640296936035,0.22659265995025635,0.1418685019016266,-0.0873161181807518,-0.012427091598510742,0.0,0.0,12.1620512008667,nan
9.623008728027344,3.0019032955169678,0.0,0.8113357424736023,0.02933797612786293,nan,nan,-2.108732223510742,0.27780768275260925,0.09810226410627365,-0.08044498413801193,-0.14942097663879395,0.0,0.0,12.1620512008667,nan
9.623509407043457,3.0019032955169678,0.0,0.8226150274276733,0.024686438962817192,nan,nan,-2.1107232570648193,0.18901081383228302,0.15738056600093842,-0.07525096088647842,0.09437227249145508,0.0,0.0,12.1620512008667,nan
9.624009132385254,3.0019032955169678,0.0,0.8161697387695312,0.022825878113508224,nan,nan,-2.112628936767578,0.10390620678663254,0.0684594064950943,-0.08031993359327316,-0.32443857192993164,0.0,0.0,12.1620512008667,nan
9.62450885772705,3.0019032955169678,0.0,0.8403396606445312,0.025616753846406937,nan,nan,-2.1178884506225586,-0.11820909380912781,0.2052590698003769,-0.07657334953546524,0.19078445434570312,0.0,0.0,12.1620512008667,nan
9.625008583068848,3.0019032955169678,0.0,0.7823318243026733,0.025616753846406937,nan,nan,-2.1175343990325928,-0.10036496073007584,0.15049929916858673,-0.07265081256628036,0.09737396240234375,0.0,0.0,12.1620512008667,nan
9.625509262084961,3.0019032955169678,0.0,0.8210037350654602,0.008871368132531643,nan,nan,-2.1182918548583984,-0.13130490481853485,0.13697853684425354,-0.0957338958978653,-0.06279611587524414,0.0,0.0,12.1620512008667,nan
9.626008987426758,3.0019032955169678,0.0,0.8016678094863892,0.025616787374019623,nan,nan,-2.1161322593688965,-0.03768560662865639,0.14414528012275696,-0.0753103718161583,0.06413650512695312,0.0,0.0,12.1620512008667,nan
9.626507759094238,3.0019032955169678,0.0,0.8387283086776733,0.026547066867351532,nan,nan,-2.1180472373962402,-0.11796682327985764,0.15298306941986084,-0.09000333398580551,0.015487909317016602,0.0,0.0,12.1620512008667,nan
9.627008438110352,3.0019032955169678,0.0,0.7662185430526733,0.025616753846406937,nan,nan,-2.1173791885375977,-0.08713165670633316,0.17328979074954987,-0.08093369007110596,0.11007857322692871,0.0,0.0,12.1620512008667,nan
9.627508163452148,3.0019032955169678,0.0,0.8258377313613892,0.026547066867351532,nan,nan,-2.111009120941162,0.18171197175979614,0.14899425208568573,-0.06669142097234726,0.11990976333618164,0.0,0.0,12.1620512008667,nan
9.628007888793945,3.0019032955169678,0.0,0.8129470944404602,0.015383466146886349,nan,nan,-2.1084954738616943,0.283886194229126,0.14028148353099823,-0.07465388625860214,0.04894566535949707,0.0,0.0,12.1620512008667,nan
9.628507614135742,3.0019032955169678,0.0,0.8048903942108154,0.016313746571540833,nan,nan,-2.1069188117980957,0.34446075558662415,0.17223407328128815,-0.06892472505569458,0.15622878074645996,0.0,0.0,12.1620512008667,nan
9.629008293151855,3.0019032955169678,0.0,0.8226150274276733,0.02282584458589554,nan,nan,-2.1041808128356934,0.4507767856121063,0.0721871629357338,-0.07455756515264511,-0.26914095878601074,0.0,0.0,12.1620512008667,nan
9.629508018493652,3.0019032955169678,0.0,0.8548415899276733,0.026547066867351532,nan,nan,-2.1153337955474854,-0.024811070412397385,0.1499721258878708,-0.07365433126688004,0.08838057518005371,0.0,0.0,12.1620512008667,nan
9.63000774383545,3.0019032955169678,0.0,0.8081130981445312,0.02189556322991848,nan,nan,-2.119504451751709,-0.19877304136753082,0.1419864296913147,-0.0782829001545906,0.044957876205444336,0.0,0.0,12.1620512008667,nan
9.63050651550293,3.0019032955169678,0.0,0.8065017461776733,0.020965250208973885,nan,nan,-2.1156277656555176,-0.0318756178021431,0.16304974257946014,-0.08375706523656845,0.07057642936706543,0.0,0.0,12.1620512008667,nan
9.63100814819336,3.0019032955169678,0.0,0.8048904538154602,0.02189556322991848,nan,nan,-2.1121506690979004,0.11439608037471771,0.13833041489124298,-0.05896690487861633,0.1390233039855957,0.0,0.0,12.1620512008667,nan
9.63150691986084,3.0019032955169678,0.0,0.8322830200195312,0.03398948162794113,nan,nan,-2.1079463958740234,0.28799954056739807,0.15242378413677216,-0.09761959314346313,-0.03252124786376953,0.0,0.0,12.1620512008667,nan
9.632007598876953,3.0019032955169678,0.0,0.7952225208282471,0.005150178913027048,nan,nan,-2.1128859519958496,0.07351908832788467,0.0715865045785904,-0.0877683013677597,-0.3459298610687256,0.0,0.0,12.1620512008667,nan
9.63250732421875,3.0019032955169678,0.0,0.7968338131904602,0.009801647625863552,nan,nan,-2.1096456050872803,0.207767054438591,0.11356687545776367,-0.052294909954071045,0.10783743858337402,0.0,0.0,12.1620512008667,nan
9.633008003234863,3.0019032955169678,0.0,0.8113357424736023,0.020034968852996826,nan,nan,-2.1067607402801514,0.3234109580516815,0.11842913180589676,-0.09441529959440231,-0.13755297660827637,0.0,0.0,12.1620512008667,nan
9.633506774902344,3.0019032955169678,0.0,0.8210037350654602,0.02189556322991848,nan,nan,-2.1079463958740234,0.2671707570552826,0.10148661583662033,-0.06437113881111145,-0.028124570846557617,0.0,0.0,12.1620512008667,nan
9.634008407592773,3.0019032955169678,0.0,0.8145583868026733,0.036780353635549545,nan,nan,-2.106367588043213,0.32827645540237427,0.09530514478683472,-0.04228183627128601,0.11861872673034668,0.0,0.0,12.1620512008667,nan
9.634506225585938,3.0019032955169678,0.0,0.8419510126113892,0.024686472490429878,nan,nan,-2.104611396789551,0.39565569162368774,0.11913631856441498,-0.061805181205272675,0.055623531341552734,0.0,0.0,12.1620512008667,nan
9.635007858276367,3.0019032955169678,0.0,0.8065017461776733,0.024686438962817192,nan,nan,-2.109499931335449,0.18138226866722107,0.06762956827878952,-0.08731530606746674,-0.3745737075805664,0.0,0.0,12.1620512008667,nan
9.635505676269531,3.0019032955169678,0.0,0.8322830200195312,0.03026825748383999,nan,nan,-2.1106858253479004,0.12800352275371552,0.15621227025985718,-0.07591794431209564,0.0879213809967041,0.0,0.0,12.1620512008667,nan
9.636008262634277,3.0019032955169678,0.0,0.7919998168945312,0.020034968852996826,nan,nan,-2.1118228435516357,0.0777503103017807,0.1675037443637848,-0.07727602124214172,0.10926580429077148,0.0,0.0,12.1620512008667,nan
9.636506080627441,3.0019032955169678,0.0,0.8322830200195312,0.01166224293410778,nan,nan,-2.105050802230835,0.36049479246139526,0.18653060495853424,-0.08021046966314316,0.12880492210388184,0.0,0.0,12.1620512008667,nan
9.637007713317871,3.0019032955169678,0.0,0.8516189455986023,0.017244059592485428,nan,nan,-2.1013343334198,0.5090553760528564,0.15567904710769653,-0.08150570094585419,0.048601627349853516,0.0,0.0,12.1620512008667,nan
9.637505531311035,3.0019032955169678,0.0,0.8258377313613892,0.026547066867351532,nan,nan,-2.104257583618164,0.37626227736473083,0.16977041959762573,-0.08314267545938492,0.07851243019104004,0.0,0.0,12.1620512008667,nan
9.638008117675781,3.0019032955169678,0.0,0.7919998168945312,0.027477381750941277,nan,nan,-2.1052849292755127,0.3253891170024872,0.1337207555770874,-0.07641095668077469,0.015521049499511719,0.0,0.0,12.1620512008667,nan
9.638504981994629,3.0019032955169678,0.0,0.8258377313613892,0.026547066867351532,nan,nan,-2.1060431003570557,0.28702253103256226,0.17431120574474335,-0.08310592174530029,0.09083271026611328,0.0,0.0,12.1620512008667,nan
9.639007568359375,3.0019032955169678,0.0,0.7936111688613892,0.007941053248941898,nan,nan,-2.106830358505249,0.24792514741420746,0.10195833444595337,-0.06619613617658615,-0.03989577293395996,0.0,0.0,12.1620512008667,nan
9.639505386352539,3.0019032955169678,0.0,0.8210037350654602,0.02933797612786293,nan,nan,-2.1025257110595703,0.4227108955383301,0.13918624818325043,-0.08608799427747726,-0.0221405029296875,0.0,0.0,12.1620512008667,nan
9.640005111694336,3.0019032955169678,0.0,0.7742751836776733,0.017244059592485428,nan,nan,-2.100781202316284,0.48788654804229736,0.15584984421730042,-0.07253323495388031,0.09495425224304199,0.0,0.0,12.1620512008667,nan
9.640504837036133,3.0019032955169678,0.0,0.8242263793945312,0.031198570504784584,nan,nan,-2.0980846881866455,0.5906100869178772,0.12560053169727325,-0.07380330562591553,-0.0037848949432373047,0.0,0.0,12.1620512008667,nan
9.64100456237793,3.0019032955169678,0.0,0.7919998168945312,0.00328954984433949,nan,nan,-2.099149465560913,0.5334282517433167,0.07710964977741241,-0.06942911446094513,-0.20536112785339355,0.0,0.0,12.1620512008667,nan
9.641505241394043,3.0019032955169678,0.0,0.8210037350654602,0.02933797612786293,nan,nan,-2.1051180362701416,0.27175113558769226,0.13121679425239563,-0.09900457412004471,-0.11244034767150879,0.0,0.0,12.1620512008667,nan
9.64200496673584,3.0019032955169678,0.0,0.8081130981445312,-0.0004316392005421221,nan,nan,-2.105742931365967,0.23952269554138184,0.08829869329929352,-0.0883016511797905,-0.25144004821777344,0.0,0.0,12.1620512008667,nan
9.642504692077637,3.0019032955169678,0.0,0.8210037350654602,0.02933797612786293,nan,nan,-2.1076643466949463,0.154274582862854,0.15068255364894867,-0.0733264684677124,0.08437895774841309,0.0,0.0,12.1620512008667,nan
9.643004417419434,3.0019032955169678,0.0,0.8338943719863892,-0.0022922337520867586,nan,nan,-2.110219955444336,0.043398454785346985,0.16381606459617615,-0.09552949666976929,0.011548042297363281,0.0,0.0,12.1620512008667,nan
9.64350414276123,3.0019032955169678,0.0,0.8032791018486023,0.043292488902807236,nan,nan,-2.105546236038208,0.23869387805461884,0.11365707218647003,-0.10294131934642792,-0.2019808292388916,0.0,0.0,12.1620512008667,nan
9.644003868103027,3.0019032955169678,0.0,0.8032791614532471,0.019104689359664917,nan,nan,-2.111187696456909,-0.0036725508980453014,0.08475469052791595,-0.09200836718082428,-0.28722262382507324,0.0,0.0,12.1620512008667,nan
9.644503593444824,3.0019032955169678,0.0,0.7839431762695312,0.03026825748383999,nan,nan,-2.1130690574645996,-0.08311356604099274,0.10082776844501495,-0.07436302304267883,-0.09361600875854492,0.0,0.0,12.1620512008667,nan
9.645004272460938,3.0019032955169678,0.0,0.7952224612236023,-0.0060134571976959705,nan,nan,-2.110853910446167,0.010985830798745155,0.06677266210317612,-0.08007656037807465,-0.3370959758758545,0.0,0.0,12.1620512008667,nan
9.645503997802734,3.0019032955169678,0.0,0.8451736569404602,0.015383466146886349,nan,nan,-2.11224102973938,-0.04796873405575752,0.149857759475708,-0.08912282437086105,0.004924297332763672,0.0,0.0,12.1620512008667,nan
9.646003723144531,3.0019032955169678,0.0,0.7807205319404602,0.024686472490429878,nan,nan,-2.113550901412964,-0.10154832154512405,0.167298823595047,-0.0862887054681778,0.06681180000305176,0.0,0.0,12.1620512008667,nan
9.646504402160645,3.0019032955169678,0.0,0.8483963012695312,0.039571262896060944,nan,nan,-2.115424871444702,-0.17915956676006317,0.12433414906263351,-0.09780512750148773,-0.12247967720031738,0.0,0.0,12.1620512008667,nan
9.647003173828125,3.0019032955169678,0.0,0.8355057239532471,0.022825878113508224,nan,nan,-2.1206390857696533,-0.3933503329753876,0.1679236739873886,-0.1036333218216896,-0.0032329559326171875,0.0,0.0,12.1620512008667,nan
9.647502899169922,3.0019032955169678,0.0,0.8290603160858154,0.01166224293410778,nan,nan,-2.1212594509124756,-0.41048842668533325,0.1902962625026703,-0.07100823521614075,0.19399380683898926,0.0,0.0,12.1620512008667,nan
9.648002624511719,3.0019032955169678,0.0,0.7903884649276733,0.03026825748383999,nan,nan,-2.116736888885498,-0.21201491355895996,0.17770463228225708,-0.06916720420122147,0.17542004585266113,0.0,0.0,12.1620512008667,nan
9.648503303527832,3.0019032955169678,0.0,0.8193924427032471,0.030268291011452675,nan,nan,-2.1225204467773438,-0.45145899057388306,0.11800790578126907,-0.10378214716911316,-0.1704847812652588,0.0,0.0,12.1620512008667,nan
9.649003028869629,3.0019032955169678,0.0,0.7936111688613892,0.026547066867351532,nan,nan,-2.1237382888793945,-0.4921547472476959,0.155136376619339,-0.06976532936096191,0.13071751594543457,0.0,0.0,12.1620512008667,nan
9.649502754211426,3.0019032955169678,0.0,0.8483963012695312,0.020965250208973885,nan,nan,-2.124750852584839,-0.5245537757873535,0.14578180015087128,-0.07574226707220078,0.0749208927154541,0.0,0.0,12.1620512008667,nan
9.650003433227539,3.0019032955169678,0.0,0.8032791018486023,0.026547066867351532,nan,nan,-2.1249711513519287,-0.5230053067207336,0.12128040194511414,-0.08296339213848114,-0.0461421012878418,0.0,0.0,12.1620512008667,nan
9.650503158569336,3.0019032955169678,0.0,0.8467849493026733,0.02189556322991848,nan,nan,-2.1263904571533203,-0.5720308423042297,0.15137840807437897,-0.07526799291372299,0.09437870979309082,0.0,0.0,12.1620512008667,nan
9.651002883911133,3.0019032955169678,0.0,0.7968338131904602,0.026547066867351532,nan,nan,-2.127157688140869,-0.591178834438324,0.1793791651725769,-0.06812669336795807,0.19401097297668457,0.0,0.0,12.1620512008667,nan
9.651501655578613,3.0019032955169678,0.0,0.8403396606445312,0.025616753846406937,nan,nan,-2.130420446395874,-0.7163954973220825,0.16369593143463135,-0.09722395241260529,0.023539304733276367,0.0,0.0,12.1620512008667,nan
9.652002334594727,3.0019032955169678,0.0,0.8161697387695312,0.024686472490429878,nan,nan,-2.1343929767608643,-0.8684858083724976,0.14281855523586273,-0.1054425910115242,-0.0729672908782959,0.0,0.0,12.1620512008667,nan
9.652502059936523,3.0019032955169678,0.0,0.8226150274276733,0.007941053248941898,nan,nan,-2.1352810859680176,-0.8885344862937927,0.12673357129096985,-0.08787798136472702,-0.04227590560913086,0.0,0.0,12.1620512008667,nan
9.65300178527832,3.0019032955169678,0.0,0.7968337535858154,0.01166224293410778,nan,nan,-2.1311542987823486,-0.6963569521903992,0.1531773954629898,-0.09801867604255676,-0.00915670394897461,0.0,0.0,12.1620512008667,nan
9.653501510620117,3.0019032955169678,0.0,0.8161697387695312,0.03771067038178444,nan,nan,-2.1326794624328613,-0.7467759251594543,0.11399496346712112,-0.09187745302915573,-0.11723184585571289,0.0,0.0,12.1620512008667,nan
9.65400218963623,3.0019032955169678,0.0,0.7887771725654602,0.02933797612786293,nan,nan,-2.1297695636749268,-0.6074904203414917,0.1807086169719696,-0.06896219402551651,0.195023775100708,0.0,0.0,12.1620512008667,nan
9.654501914978027,3.0019032955169678,0.0,0.8290603160858154,0.01166224293410778,nan,nan,-2.1276540756225586,-0.5072382092475891,0.12713909149169922,-0.08761177957057953,-0.04688143730163574,0.0,0.0,12.1620512008667,nan
9.655001640319824,3.0019032955169678,0.0,0.8145583868026733,0.023756159469485283,nan,nan,-2.1246190071105957,-0.36901500821113586,0.14425545930862427,-0.08632452040910721,0.014507532119750977,0.0,0.0,12.1620512008667,nan
9.655501365661621,3.0019032955169678,0.0,0.8371170163154602,0.02189556322991848,nan,nan,-2.120716094970703,-0.19696031510829926,0.19465027749538422,-0.07625357806682587,0.17722439765930176,0.0,0.0,12.1620512008667,nan
9.656001091003418,3.0019032955169678,0.0,0.7774978876113892,0.022825878113508224,nan,nan,-2.1206021308898926,-0.1875540167093277,0.11430136114358902,-0.06252650171518326,0.04938817024230957,0.0,0.0,12.1620512008667,nan
9.656500816345215,3.0019032955169678,0.0,0.8258377313613892,0.000498675275593996,nan,nan,-2.1184561252593994,-0.09461792558431625,0.1218486949801445,-0.07973252981901169,-0.0319371223449707,0.0,0.0,12.1620512008667,nan
9.657000541687012,3.0019032955169678,0.0,0.7936111688613892,0.019104689359664917,nan,nan,-2.1190707683563232,-0.11937595158815384,0.12923429906368256,-0.07942890375852585,-0.0028715133666992188,0.0,0.0,12.1620512008667,nan
9.657501220703125,3.0019032955169678,0.0,0.7919998168945312,0.020034968852996826,nan,nan,-2.12052583694458,-0.1788703203201294,0.13312892615795135,-0.0895763710141182,-0.04278302192687988,0.0,0.0,12.1620512008667,nan
9.658000946044922,3.0019032955169678,0.0,0.8081130981445312,0.023756159469485283,nan,nan,-2.1233232021331787,-0.2932359576225281,0.14146266877651215,-0.08367061614990234,0.01838374137878418,0.0,0.0,12.1620512008667,nan
9.658500671386719,3.0019032955169678,0.0,0.7968338131904602,0.026547066867351532,nan,nan,-2.1187164783477783,-0.0929102748632431,0.15100888907909393,-0.0837763324379921,0.041559457778930664,0.0,0.0,12.1620512008667,nan
9.659001350402832,3.0019032955169678,0.0,0.8258377313613892,0.026547066867351532,nan,nan,-2.11488676071167,0.0702238604426384,0.14117497205734253,-0.06753990799188614,0.09829568862915039,0.0,0.0,12.1620512008667,nan
9.659500122070312,3.0019032955169678,0.0,0.8210037350654602,-0.0004316392005421221,nan,nan,-2.5168731212615967,0.046559154987335205,0.10114745795726776,-0.0832279846072197,0.25866198539733887,0.0,0.0,12.1620512008667,nan
9.65999984741211,3.0019032955169678,0.0,0.8226150274276733,0.039571262896060944,nan,nan,-2.494568347930908,0.9824724793434143,0.16066354513168335,-0.08404184132814407,0.44400644302368164,0.0,0.0,12.1620512008667,nan
