time_s,v_alpha_v,v_beta_v,i_alpha_a,i_beta_a,encoder_angle_rad,encoder_speed_rad_s,pll_angle_rad,pll_speed_rad_s,emf_alpha_v,emf_beta_v,phase_error_rad,locked,active,bus_voltage_v,angle_error_rad
13.409902572631836,-0.6930438876152039,0.7356132864952087,0.0024490533396601677,0.0014289518585428596,nan,nan,0.7600395679473877,282.592529296875,-0.5673953294754028,0.7430572509765625,-0.013795614242553711,1.0,1.0,12.1620512008667,nan
13.41040325164795,-0.7847419381141663,0.6302869319915771,-0.03622281923890114,0.0070107560604810715,nan,nan,0.8999531269073486,282.5342102050781,-0.64298415184021,0.6535058617591858,-0.028653621673583984,1.0,1.0,12.1620512008667,nan
13.410902976989746,-0.8629264235496521,0.5082419514656067,-0.02010953798890114,0.0070107560604810715,nan,nan,1.0411450862884521,282.5311279296875,-0.7103337645530701,0.5403048396110535,-0.02659749984741211,1.0,1.0,12.1620512008667,nan
13.411402702331543,-0.9314586520195007,0.3895406723022461,-0.018498212099075317,0.002359252655878663,nan,nan,1.181504487991333,282.4928894042969,-0.8216597437858582,0.45848548412323,-0.02565622329711914,1.0,1.0,12.1620512008667,nan
13.411903381347656,-0.9719987511634827,0.2524491548538208,-0.03461149334907532,0.0004986515850760043,nan,nan,1.3218529224395752,282.45513916015625,-0.8523433804512024,0.33091405034065247,-0.027388572692871094,1.0,1.0,12.1620512008667,nan
13.412403106689453,-1.0067476034164429,0.11870130896568298,-0.003996259067207575,0.0032895533367991447,nan,nan,1.4622619152069092,282.420654296875,-0.9636023044586182,0.21319948136806488,-0.01517486572265625,1.0,1.0,12.1620512008667,nan
13.412901878356934,-1.0067476034164429,-0.025077881291508675,-0.012052899226546288,0.000498651061207056,nan,nan,1.6024138927459717,282.37615966796875,-0.9250946044921875,0.07564572989940643,-0.01920318603515625,1.0,1.0,12.1620512008667,nan
13.41340160369873,-0.9980604648590088,-0.16718503832817078,-0.028166180476546288,-0.003222551429644227,nan,nan,1.7431557178497314,282.3573303222656,-0.959534764289856,-0.06798820197582245,-0.007576465606689453,1.0,1.0,12.1620512008667,nan
13.413902282714844,-0.9604158401489258,-0.3059481680393219,-0.04427945986390114,-0.012525557540357113,nan,nan,1.8834335803985596,282.3194580078125,-0.9152225255966187,-0.18912751972675323,-0.01485586166381836,1.0,1.0,12.1620512008667,nan
13.41440200805664,-0.9111886024475098,-0.4313371479511261,-0.041056808084249496,-0.01810736395418644,nan,nan,2.0227034091949463,282.23992919921875,-0.9360543489456177,-0.28583940863609314,-0.06175422668457031,1.0,1.0,12.1620512008667,nan
13.414901733398438,-0.8330039978027344,-0.5600691437721252,-0.03783414885401726,-0.01624676212668419,nan,nan,2.1630728244781494,282.20855712890625,-0.7623047232627869,-0.41366761922836304,-0.0010671615600585938,1.0,1.0,12.1620512008667,nan
13.41540241241455,-0.7567501068115234,-0.6653957366943359,-0.018498212099075317,-0.014386160299181938,nan,nan,2.303027391433716,282.1600646972656,-0.7938916683197021,-0.5207433104515076,-0.057923316955566406,1.0,1.0,12.1620512008667,nan
13.415902137756348,-0.6582950949668884,-0.7623627185821533,-0.018498212099075317,-0.01996796391904354,nan,nan,2.4425384998321533,282.09417724609375,-0.7227667570114136,-0.6448566913604736,-0.049466609954833984,1.0,1.0,12.1620512008667,nan
13.416401863098145,-0.5492225885391235,-0.8442834615707397,0.025007648393511772,-0.0376436747610569,nan,nan,2.581731081008911,282.0162048339844,-0.6113916635513306,-0.7197999954223633,-0.05052614212036133,1.0,1.0,12.1620512008667,nan
13.416900634765625,-0.42181098461151123,-0.9178448915481567,-0.018498212099075317,-0.01996796391904354,nan,nan,2.7214691638946533,281.9630432128906,-0.4620029330253601,-0.8271086812019348,0.0046863555908203125,1.0,1.0,12.1620512008667,nan
13.417401313781738,-0.28860750794410706,-0.9613127112388611,-0.0039962586015462875,-0.0376436747610569,nan,nan,2.8628480434417725,281.979736328125,-0.358076274394989,-0.8594629168510437,-0.022153854370117188,1.0,1.0,12.1620512008667,nan
13.417901039123535,-0.15154318511486053,-0.994749903678894,-0.016886884346604347,-0.01717706397175789,nan,nan,3.004044771194458,281.9883728027344,-0.24734941124916077,-0.9104480147361755,-0.033915042877197266,1.0,1.0,12.1620512008667,nan
13.418400764465332,-0.0028957927133888006,-1.0047810077667236,0.039509598165750504,-0.01810736209154129,nan,nan,-3.138155698776245,281.9881896972656,-0.04846445098519325,-0.9147856831550598,0.03774595260620117,1.0,1.0,12.1620512008667,nan
13.418900489807129,0.13030801713466644,-0.994749903678894,-0.000773601233959198,-0.022758865728974342,nan,nan,-2.9994430541992188,281.89208984375,-0.04440981149673462,-0.9322198629379272,-0.09623169898986816,1.0,1.0,12.1620512008667,nan
13.419401168823242,0.2673719823360443,-0.9746874570846558,0.018562333658337593,-0.007874054834246635,nan,nan,-2.8599839210510254,281.8294677734375,0.1479012370109558,-0.9456074833869934,-0.03269171714782715,1.0,1.0,12.1620512008667,nan
13.419900894165039,0.40443646907806396,-0.9278757572174072,-0.0023849308490753174,-0.014386159367859364,nan,nan,-2.720313549041748,281.7773132324219,0.3213636875152588,-0.9003540277481079,0.01550602912902832,1.0,1.0,12.1620512008667,nan
13.420400619506836,0.5212311148643494,-0.8526427745819092,0.028230302035808563,-0.013455859385430813,nan,nan,-2.5788140296936035,281.8028564453125,0.3751445710659027,-0.8439371585845947,-0.05081295967102051,1.0,1.0,12.1620512008667,nan
13.42090129852295,0.6418859362602234,-0.7774097323417664,0.018562335520982742,-0.011595258489251137,nan,nan,-2.4401695728302,281.708251953125,0.5161979794502258,-0.7714288234710693,-0.01791977882385254,1.0,1.0,12.1620512008667,nan
13.42140007019043,0.7374448776245117,-0.6720829606056213,0.029841631650924683,-0.014386160299181938,nan,nan,-2.299954891204834,281.68133544921875,0.5685685276985168,-0.6871726512908936,-0.05679464340209961,1.0,1.0,12.1620512008667,nan
13.421899795532227,0.8291429877281189,-0.5667563676834106,0.012117022648453712,-0.015316461212933064,nan,nan,-2.1608164310455322,281.61004638671875,0.7162735462188721,-0.5779938697814941,0.0049076080322265625,1.0,1.0,12.1620512008667,nan
13.422399520874023,0.897675096988678,-0.44805529713630676,0.03467561677098274,-0.013455859385430813,nan,nan,-2.020599603652954,281.5852966308594,0.7990075945854187,-0.5063232779502869,-0.02128911018371582,1.0,1.0,12.1620512008667,nan
13.422900199890137,0.9565550684928894,-0.3193230926990509,0.008894366212189198,-0.009734656661748886,nan,nan,-1.880053997039795,281.574951171875,0.9006288647651672,-0.3788084387779236,0.004954099655151367,1.0,1.0,12.1620512008667,nan
13.423399925231934,0.9903386235237122,-0.18055978417396545,0.013728350400924683,-0.0013619504170492291,nan,nan,-1.73899507522583,281.5863037109375,0.9321498274803162,-0.2616879940032959,-0.011719942092895508,1.0,1.0,12.1620512008667,nan
13.42389965057373,1.0125387907028198,-0.04179605469107628,0.021784991025924683,0.003289553103968501,nan,nan,-1.599143147468567,281.546630859375,0.9707538485527039,-0.12175770103931427,-0.002630472183227539,1.0,1.0,12.1620512008667,nan
13.424400329589844,0.9970949292182922,0.1019827127456665,0.015339678153395653,0.0070107560604810715,nan,nan,-1.4590585231781006,281.5176696777344,0.8833283185958862,-0.005871069151908159,-0.024689197540283203,1.0,1.0,12.1620512008667,nan
13.42490005493164,0.9758599400520325,0.2390742152929306,0.018562333658337593,0.012592560611665249,nan,nan,-1.3192732334136963,281.4766540527344,0.9311730861663818,0.11525090783834457,-0.034740447998046875,1.0,1.0,12.1620512008667,nan
13.425398826599121,0.9247023463249207,0.37449410557746887,0.015339678153395653,0.021895568817853928,nan,nan,-1.180046558380127,281.4131774902344,0.8425811529159546,0.23237590491771698,-0.028002500534057617,1.0,1.0,12.1620512008667,nan
13.425898551940918,0.8667874336242676,0.5015544891357422,0.03306428715586662,0.015383461490273476,nan,nan,-1.039823293685913,281.39312744140625,0.8283995985984802,0.39565637707710266,0.008398771286010742,1.0,1.0,12.1620512008667,nan
13.426399230957031,0.7963247299194336,0.6102249026298523,-0.0023849308490753174,0.01538346242159605,nan,nan,-0.9004278182983398,281.3382263183594,0.8170703053474426,0.4868924915790558,-0.03939509391784668,1.0,1.0,12.1620512008667,nan
13.426898956298828,0.6949741840362549,0.718894898891449,0.03467561677098274,0.031198576092720032,nan,nan,-0.7598545551300049,281.3344421386719,0.6841492652893066,0.6007265448570251,0.0033721923828125,1.0,1.0,12.1620512008667,nan
13.427398681640625,0.5955544114112854,0.8108464479446411,0.04434358328580856,0.012592560611665249,nan,nan,-0.6205277442932129,281.2781677246094,0.6422049403190613,0.7044485807418823,-0.02506852149963379,1.0,1.0,12.1620512008667,nan
13.427899360656738,0.4758647382259369,0.8810640573501587,0.004060381557792425,0.007941056974232197,nan,nan,-0.4795231819152832,281.2933044433594,0.5322830080986023,0.7697169184684753,-0.0319061279296875,1.0,1.0,12.1620512008667,nan
13.428399085998535,0.3465220630168915,0.9445943832397461,0.015339678153395653,-0.002292250981554389,nan,nan,-0.33971190452575684,281.25830078125,0.3969617187976837,0.8444501757621765,-0.00603032112121582,1.0,1.0,12.1620512008667,nan
13.428898811340332,0.2075272649526596,0.9780313372612,-0.002384931780397892,0.019104665145277977,nan,nan,-0.19879817962646484,281.26983642578125,0.29964953660964966,0.8855918049812317,-0.03389620780944824,1.0,1.0,12.1620512008667,nan
13.429397583007812,0.06660190224647522,1.0014371871948242,-0.008830242790281773,0.02282586693763733,nan,nan,-0.058490753173828125,281.2560119628906,0.14663317799568176,0.918366551399231,-0.006154775619506836,1.0,1.0,12.1620512008667,nan
13.429898262023926,-0.06660166382789612,1.0014371871948242,-0.008830243721604347,0.01538346242159605,nan,nan,0.08096623420715332,281.2066955566406,0.051539476960897446,0.9474248886108398,-0.04179239273071289,1.0,1.0,12.1620512008667,nan
13.430397987365723,-0.21138815581798553,0.9847185611724854,-0.012052900157868862,0.02282586693763733,nan,nan,0.22111272811889648,281.1875915527344,-0.13274802267551422,0.9441187977790833,0.012316703796386719,1.0,1.0,12.1620512008667,nan
13.43089771270752,-0.3465218245983124,0.9445943832397461,0.03306429088115692,0.03398947790265083,nan,nan,0.36115527153015137,281.16448974609375,-0.23532883822917938,0.9242452383041382,-0.01823115348815918,1.0,1.0,12.1620512008667,nan
13.431398391723633,-0.4816558361053467,0.8877513408660889,-0.012052900157868862,0.02282586693763733,nan,nan,0.500831127166748,281.1260986328125,-0.38387662172317505,0.8560144305229187,0.014458417892456055,1.0,1.0,12.1620512008667,nan
13.43189811706543,-0.5945891737937927,0.812518298625946,-0.028166180476546288,0.01538346242159605,nan,nan,0.6419823169708252,281.15087890625,-0.5025075674057007,0.8359612822532654,-0.007097959518432617,1.0,1.0,12.1620512008667,nan
13.432397842407227,-0.7017311453819275,0.7205665111541748,-0.024943524971604347,0.01538346242159605,nan,nan,0.7826049327850342,281.1530456542969,-0.6270116567611694,0.7598376870155334,0.0009899139404296875,1.0,1.0,12.1620512008667,nan
13.432897567749023,-0.7914984822273254,0.6118965148925781,-0.0039962586015462875,0.005150154698640108,nan,nan,0.9211122989654541,281.0661926269531,-0.6323281526565552,0.6166173815727234,-0.029611587524414062,1.0,1.0,12.1620512008667,nan
13.433398246765137,-0.8725789189338684,0.4982110559940338,-0.029777508229017258,0.005150155164301395,nan,nan,1.0614039897918701,281.0560302734375,-0.784432053565979,0.535920262336731,0.0036940574645996094,1.0,1.0,12.1620512008667,nan
13.433897018432617,-0.9333893656730652,0.372822105884552,-0.021720867604017258,0.007941057905554771,nan,nan,1.2012650966644287,281.0278625488281,-0.8219613432884216,0.43806618452072144,-0.026605606079101562,1.0,1.0,12.1620512008667,nan
13.434396743774414,-0.9768249988555908,0.23740261793136597,-0.026554852724075317,-0.0004316499689593911,nan,nan,1.3413197994232178,281.0085144042969,-0.8874768018722534,0.3094866871833801,-0.012486457824707031,1.0,1.0,12.1620512008667,nan
13.434897422790527,-1.00192129611969,0.10031110793352127,-0.012052899226546288,0.007941056974232197,nan,nan,1.4808452129364014,280.9674072265625,-0.9179039597511292,0.18863241374492645,-0.019195556640625,1.0,1.0,12.1620512008667,nan
13.435397148132324,-1.0057822465896606,-0.04012444615364075,-0.016886884346604347,-0.009734656661748886,nan,nan,1.6203219890594482,280.925048828125,-0.9297645688056946,0.05674004927277565,-0.01694631576538086,1.0,1.0,12.1620512008667,nan
13.435896873474121,-0.9855124354362488,-0.18223118782043457,-0.03461149334907532,0.0004986515850760043,nan,nan,1.759894609451294,280.8877258300781,-0.8962589502334595,-0.0753469467163086,-0.011687278747558594,1.0,1.0,12.1620512008667,nan
13.436396598815918,-0.9546242356300354,-0.3159794807434082,-0.024943524971604347,0.002359252655878663,nan,nan,1.8993895053863525,280.8478088378906,-0.9068556427955627,-0.19158034026622772,-0.026934146881103516,1.0,1.0,12.1620512008667,nan
13.436897277832031,-0.8976752161979675,-0.44805529713630676,-0.020109539851546288,-0.009734655730426311,nan,nan,2.0399844646453857,280.85504150390625,-0.8304046988487244,-0.3353174924850464,0.00820159912109375,1.0,1.0,12.1620512008667,nan
13.437397003173828,-0.8339691758155823,-0.5650849938392639,0.0008377246558666229,-0.01810736209154129,nan,nan,2.179659128189087,280.8233642578125,-0.8385908007621765,-0.44574275612831116,-0.02684926986694336,1.0,1.0,12.1620512008667,nan
13.437895774841309,-0.7384104132652283,-0.6837860941886902,-0.026554852724075317,-0.006013453938066959,nan,nan,2.3180649280548096,280.7391357421875,-0.6954686045646667,-0.5451947450637817,0.011178970336914062,1.0,1.0,12.1620512008667,nan
13.438395500183105,-0.6515383720397949,-0.7740656733512878,0.0008377253543585539,-0.003222551429644227,nan,nan,2.457984209060669,280.7200012207031,-0.6937852501869202,-0.6772140860557556,-0.02042865753173828,1.0,1.0,12.1620512008667,nan
13.438896179199219,-0.5250917673110962,-0.8593302369117737,-0.024943523108959198,-0.01624676026403904,nan,nan,2.5979535579681396,280.70355224609375,-0.5311363935470581,-0.7492215633392334,0.020566463470458984,1.0,1.0,12.1620512008667,nan
13.439395904541016,-0.40636691451072693,-0.921188473701477,0.016951007768511772,-0.012525558471679688,nan,nan,2.7384989261627197,280.7115173339844,-0.45597225427627563,-0.8177914023399353,-0.012059688568115234,1.0,1.0,12.1620512008667,nan
13.439895629882812,-0.26544180512428284,-0.9713440537452698,-0.0330001637339592,-0.01903766207396984,nan,nan,2.878929376602173,280.71490478515625,-0.2871060371398926,-0.8745193481445312,0.039142608642578125,1.0,1.0,12.1620512008667,nan
13.440396308898926,-0.13416866958141327,-0.9980933666229248,-0.007218914106488228,-0.01903766207396984,nan,nan,3.0204079151153564,280.7618713378906,-0.23027275502681732,-0.933459997177124,-0.027240753173828125,1.0,1.0,12.1620512008667,nan
13.440896034240723,0.008686895482242107,-1.0047810077667236,-0.0007736030966043472,-0.02089826576411724,nan,nan,-3.1220862865448,280.7747497558594,-0.11068263649940491,-0.9500457048416138,-0.04211068153381348,1.0,1.0,12.1620512008667,nan
13.44139575958252,0.15154294669628143,-1.0014371871948242,0.008894366212189198,0.0032895535696297884,nan,nan,-2.9810221195220947,280.8033447265625,0.08501093834638596,-0.9748104810714722,0.020061492919921875,1.0,1.0,12.1620512008667,nan
13.441896438598633,0.2924685478210449,-0.9680002331733704,-0.008830242790281773,-0.014386160299181938,nan,nan,-2.841717481613159,280.75726318359375,0.19241340458393097,-0.9269524812698364,-0.0016672611236572266,1.0,1.0,12.1620512008667,nan
13.442395210266113,0.4295327663421631,-0.9178448915481567,-0.0007736026309430599,-0.006013453938066959,nan,nan,-2.700340747833252,280.7991638183594,0.3480222523212433,-0.8798424005508423,0.02909374237060547,1.0,1.0,12.1620512008667,nan
13.44289493560791,0.549222469329834,-0.8442834615707397,-0.0007736030966043472,-0.01903766207396984,nan,nan,-2.5604538917541504,280.77752685546875,0.42439788579940796,-0.8176386952400208,-0.00885009765625,1.0,1.0,12.1620512008667,nan
13.443394660949707,0.6525037288665771,-0.7523318529129028,0.028230303898453712,-0.02275886759161949,nan,nan,-2.4203734397888184,280.7644348144531,0.47203728556632996,-0.7663079500198364,-0.07589602470397949,1.0,1.0,12.1620512008667,nan
13.44389533996582,0.7596456408500671,-0.6603802442550659,0.018562333658337593,-0.01903766207396984,nan,nan,-2.2813453674316406,280.707763671875,0.6461738348007202,-0.6824623942375183,-0.00866246223449707,1.0,1.0,12.1620512008667,nan
13.444395065307617,0.8436217308044434,-0.5483664274215698,0.03306428715586662,-0.014386160299181938,nan,nan,-2.1410393714904785,280.7057800292969,0.7568182945251465,-0.5945093035697937,-0.0020978450775146484,1.0,1.0,12.1620512008667,nan
13.444894790649414,0.9169800281524658,-0.4279930889606476,0.010505693964660168,-0.010664956644177437,nan,nan,-2.0011260509490967,280.6872863769531,0.8503897190093994,-0.48493167757987976,0.005620718002319336,1.0,1.0,12.1620512008667,nan
13.445394515991211,0.9662074446678162,-0.2959170639514923,0.042732253670692444,-0.0013619515812024474,nan,nan,-1.8610233068466187,280.6770935058594,0.8920654058456421,-0.3695625364780426,-0.009045839309692383,1.0,1.0,12.1620512008667,nan
13.445895195007324,0.992268979549408,-0.15715372562408447,0.005671709775924683,-0.011595258489251137,nan,nan,-1.7211514711380005,280.65740966796875,0.8768551349639893,-0.25183093547821045,-0.03595423698425293,1.0,1.0,12.1620512008667,nan
13.446393966674805,1.0028862953186035,-0.011702927760779858,0.026618976145982742,0.0004986515850760043,nan,nan,-1.5806365013122559,280.66522216796875,0.8927658200263977,-0.10194768011569977,-0.010389328002929688,1.0,1.0,12.1620512008667,nan
13.446893692016602,0.9951648116111755,0.12538878619670868,0.015339678153395653,0.008871356956660748,nan,nan,-1.4411181211471558,280.6309814453125,0.9110922813415527,0.009774334728717804,-0.025554180145263672,1.0,1.0,12.1620512008667,nan
13.447394371032715,0.9642770290374756,0.26582393050193787,0.021784991025924683,0.008871357887983322,nan,nan,-1.3024747371673584,280.5608215332031,0.865705668926239,0.14767400920391083,-0.005910634994506836,1.0,1.0,12.1620512008667,nan
13.447894096374512,0.9256670475006104,0.3928843140602112,-0.0023849308490753174,0.01538346242159605,nan,nan,-1.1624765396118164,280.5489196777344,0.8874449729919434,0.27433866262435913,-0.015092611312866211,1.0,1.0,12.1620512008667,nan
13.448393821716309,0.8658220767974854,0.5166010856628418,0.010505693964660168,0.007941056974232197,nan,nan,-1.0232741832733154,280.50408935546875,0.8830880522727966,0.41174569725990295,-0.017845630645751953,1.0,1.0,12.1620512008667,nan
13.448893547058105,0.7731592059135437,0.6369743943214417,0.0024490533396601677,0.016313763335347176,nan,nan,-0.882634162902832,280.5203552246094,0.7228220701217651,0.4949277341365814,0.0057222843170166016,1.0,1.0,12.1620512008667,nan
13.449394226074219,0.6785654425621033,0.7406289577484131,-0.005607587285339832,0.017244065180420876,nan,nan,-0.7423691749572754,280.5205993652344,0.633468747138977,0.619490385055542,0.03944659233093262,1.0,1.0,12.1620512008667,nan
13.449893951416016,0.5849367380142212,0.8158619403839111,-0.015275556594133377,0.011662259697914124,nan,nan,-0.6034905910491943,280.4623718261719,0.6888849139213562,0.7173420786857605,-0.06851339340209961,1.0,1.0,12.1620512008667,nan
13.450392723083496,0.4565596580505371,0.8977824449539185,0.0024490533396601677,0.018174365162849426,nan,nan,-0.4644277095794678,280.4136047363281,0.4817114472389221,0.7931793928146362,0.012126922607421875,1.0,1.0,12.1620512008667,nan
13.45089340209961,0.33493924140930176,0.9479382038116455,-0.012052898295223713,0.020965266972780228,nan,nan,-0.3243691921234131,280.4072265625,0.43424180150032043,0.8746562004089355,-0.04320359230041504,1.0,1.0,12.1620512008667,nan
13.451393127441406,0.1843615174293518,0.9914060831069946,-0.0023849308490753174,0.011662259697914124,nan,nan,-0.1836533546447754,280.42926025390625,0.18339212238788605,0.8981630802154541,0.07598996162414551,1.0,1.0,12.1620512008667,nan
13.451892852783203,0.0492270290851593,1.0047810077667236,-0.018498212099075317,0.028407670557498932,nan,nan,-0.043460845947265625,280.4280090332031,0.1436259001493454,0.9267520308494568,-0.016928911209106445,1.0,1.0,12.1620512008667,nan
13.452392578125,-0.09748955816030502,1.0081244707107544,-0.005607587285339832,0.017244065180420876,nan,nan,0.09721875190734863,280.4476623535156,-0.04812327399849892,0.9323878288269043,0.047991275787353516,1.0,1.0,12.1620512008667,nan
13.452893257141113,-0.23648446798324585,0.9880626797676086,0.020173663273453712,-0.003222551429644227,nan,nan,0.2381126880645752,280.4758605957031,-0.16920346021652222,0.9476950168609619,0.03215360641479492,1.0,1.0,12.1620512008667,nan
13.45339298248291,-0.3735487163066864,0.9379069209098816,-0.0007736026309430599,0.0070107560604810715,nan,nan,0.3791844844818115,280.5106201171875,-0.2644716203212738,0.8777120113372803,0.006974458694458008,1.0,1.0,12.1620512008667,nan
13.453892707824707,-0.5048215985298157,0.8844079375267029,0.015339678153395653,-0.006013453938066959,nan,nan,0.519057035446167,280.49456787109375,-0.4207783043384552,0.846500039100647,0.03585958480834961,1.0,1.0,12.1620512008667,nan
13.45439338684082,-0.6138940453529358,0.7991435527801514,0.0008377255871891975,0.015383461490273476,nan,nan,0.6588904857635498,280.4771423339844,-0.4885604679584503,0.8038410544395447,-0.019397497177124023,1.0,1.0,12.1620512008667,nan
13.4548921585083,-0.7248968482017517,0.7071921229362488,-0.0039962586015462875,0.012592560611665249,nan,nan,0.7995843887329102,280.4964904785156,-0.6288136839866638,0.7231956720352173,0.009616613388061523,1.0,1.0,12.1620512008667,nan
13.455391883850098,-0.821421205997467,0.6001937985420227,-0.021720867604017258,0.030268272385001183,nan,nan,0.9402287006378174,280.51312255859375,-0.7631879448890686,0.6289553046226501,0.03490400314331055,1.0,1.0,12.1620512008667,nan
13.455891609191895,-0.8889878392219543,0.4764768183231354,-0.016886884346604347,0.012592560611665249,nan,nan,1.0801723003387451,280.4998474121094,-0.7658658623695374,0.513794481754303,-0.006850242614746094,1.0,1.0,12.1620512008667,nan
13.456392288208008,-0.9497982859611511,0.3510878384113312,-0.03138883784413338,-0.0013619504170492291,nan,nan,1.2212674617767334,280.53521728515625,-0.8736733794212341,0.43688085675239563,-0.02077484130859375,1.0,1.0,12.1620512008667,nan
13.456892013549805,-0.9884079098701477,0.21065270900726318,-0.018498212099075317,0.004219853784888983,nan,nan,1.3606035709381104,280.49615478515625,-0.876410186290741,0.28569304943084717,-0.011515617370605469,1.0,1.0,12.1620512008667,nan
13.457391738891602,-1.007712960243225,0.070217564702034,-0.024943523108959198,0.0004986515850760043,nan,nan,1.5008375644683838,280.4956359863281,-0.9233092069625854,0.1621164083480835,-0.01043701171875,1.0,1.0,12.1620512008667,nan
13.457892417907715,-1.0086780786514282,-0.06854595988988876,-0.024943523108959198,-0.005083152558654547,nan,nan,1.6404435634613037,280.46875,-0.9461768865585327,0.036024920642375946,-0.014313697814941406,1.0,1.0,12.1620512008667,nan
13.458392143249512,-0.9913037419319153,-0.21232473850250244,-0.0410568043589592,-0.010664956644177437,nan,nan,1.7802655696868896,280.4515075683594,-0.9484201073646545,-0.12003742903470993,0.00991201400756836,1.0,1.0,12.1620512008667,nan
13.458890914916992,-0.944972038269043,-0.34607258439064026,-0.024943523108959198,-0.005083152558654547,nan,nan,1.9199278354644775,280.42779541015625,-0.8392403721809387,-0.2034778892993927,-0.017905712127685547,1.0,1.0,12.1620512008667,nan
13.459390640258789,-0.8957445621490479,-0.46477392315864563,-0.015275555662810802,-0.010664957575500011,nan,nan,2.058661699295044,280.3655090332031,-0.9145748615264893,-0.31606802344322205,-0.06196928024291992,1.0,1.0,12.1620512008667,nan
13.459891319274902,-0.8079075813293457,-0.5968497395515442,-0.05072477459907532,-0.00880435574799776,nan,nan,2.1987030506134033,280.3597717285156,-0.7189278602600098,-0.45407775044441223,0.028961181640625,1.0,1.0,12.1620512008667,nan
13.4603910446167,-0.727792501449585,-0.6954890489578247,-0.008830242790281773,-0.014386160299181938,nan,nan,2.3390262126922607,280.365478515625,-0.7621076703071594,-0.5779996514320374,-0.02605438232421875,1.0,1.0,12.1620512008667,nan
13.460890769958496,-0.6196852326393127,-0.7957996726036072,-0.024943524971604347,-0.014386160299181938,nan,nan,2.4783823490142822,280.3308410644531,-0.6229367256164551,-0.6645230650901794,0.0035200119018554688,1.0,1.0,12.1620512008667,nan
13.461390495300293,-0.5009607672691345,-0.8710331320762634,0.007283037528395653,-0.02182856760919094,nan,nan,2.6184146404266357,280.32513427734375,-0.5194103121757507,-0.7495888471603394,0.010661125183105469,1.0,1.0,12.1620512008667,nan
13.461891174316406,-0.3735485374927521,-0.9345629811286926,-0.02816617861390114,-0.021828563883900642,nan,nan,2.7589972019195557,280.3428039550781,-0.4096554219722748,-0.8262495398521423,0.01578521728515625,1.0,1.0,12.1620512008667,nan
13.462390899658203,-0.24806703627109528,-0.9746874570846558,-0.023332197219133377,-0.028340671211481094,nan,nan,2.8987419605255127,280.32440185546875,-0.3695119619369507,-0.8808662295341492,-0.06119585037231445,1.0,1.0,12.1620512008667,nan
13.462890625,-0.1013505756855011,-1.0047810077667236,-0.012052900157868862,-0.01996796391904354,nan,nan,3.0405027866363525,280.3916320800781,-0.14928971230983734,-0.9305722117424011,0.03558921813964844,1.0,1.0,12.1620512008667,nan
13.463390350341797,0.03571365028619766,-1.0014371871948242,-0.024943523108959198,-0.023689165711402893,nan,nan,-3.1027417182922363,280.3807373046875,-0.12315720319747925,-0.9247614741325378,-0.07815670967102051,1.0,1.0,12.1620512008667,nan
13.463890075683594,0.17856992781162262,-0.994749903678894,-0.005607587285339832,-0.01624676212668419,nan,nan,-2.9640145301818848,280.31927490234375,0.08809760957956314,-0.94032222032547,0.009276151657104492,1.0,1.0,12.1620512008667,nan
13.46438980102539,0.3252866566181183,-0.9579693078994751,0.021784991025924683,-0.006013453006744385,nan,nan,-2.821793794631958,280.4059753417969,0.2901037931442261,-0.8854376673698425,0.09062528610229492,1.0,1.0,12.1620512008667,nan
13.464889526367188,0.45269885659217834,-0.9044699668884277,-0.005607587285339832,-0.01624676212668419,nan,nan,-2.6812336444854736,280.42095947265625,0.3673379123210907,-0.8811023235321045,0.028188228607177734,1.0,1.0,12.1620512008667,nan
13.4653902053833,0.5685276389122009,-0.830908477306366,0.023396318778395653,-0.008804356679320335,nan,nan,-2.5403239727020264,280.4502868652344,0.445525199174881,-0.8344366550445557,-0.01748204231262207,1.0,1.0,12.1620512008667,nan
13.465889930725098,0.6824262738227844,-0.740628719329834,0.023396320641040802,-0.029270971193909645,nan,nan,-2.401508092880249,280.39129638671875,0.573328971862793,-0.7350238561630249,0.01584005355834961,1.0,1.0,12.1620512008667,nan
13.466389656066895,0.7770199179649353,-0.6369742155075073,0.012117022648453712,-0.030201273038983345,nan,nan,-2.2604691982269287,280.4267578125,0.6322635412216187,-0.6698976755142212,-0.03131437301635742,1.0,1.0,12.1620512008667,nan
13.466890335083008,0.8609960079193115,-0.5316480398178101,0.026618974283337593,-0.010664957575500011,nan,nan,-2.1213150024414062,280.38238525390625,0.7879844307899475,-0.5877299308776855,0.0031027793884277344,1.0,1.0,12.1620512008667,nan
13.467389106750488,0.9208407998085022,-0.4012435972690582,0.04273225739598274,0.002359252655878663,nan,nan,-1.9813874959945679,280.37139892578125,0.8119814991950989,-0.4536219835281372,-0.005482912063598633,1.0,1.0,12.1620512008667,nan
13.467888832092285,0.9710333943367004,-0.267495721578598,0.0314529612660408,-0.013455859385430813,nan,nan,-1.8416084051132202,280.3543701171875,0.8893776535987854,-0.33683401346206665,0.002195596694946289,1.0,1.0,12.1620512008667,nan
13.468388557434082,1.0019210577011108,-0.133747860789299,0.026618976145982742,0.0004986515850760043,nan,nan,-1.7016233205795288,280.3462829589844,0.9668295979499817,-0.22746925055980682,-0.006864309310913086,1.0,1.0,12.1620512008667,nan
13.468889236450195,1.0067479610443115,0.011702927760779858,0.018562333658337593,-0.002292250981554389,nan,nan,-1.5620214939117432,280.3222351074219,0.907435953617096,-0.07721725851297379,-0.00026488304138183594,1.0,1.0,12.1620512008667,nan
13.469388961791992,0.9855122566223145,0.15548191964626312,0.04112092778086662,0.008871356956660748,nan,nan,-1.4221444129943848,280.3102111816406,0.8450552821159363,0.031141262501478195,-0.01849842071533203,1.0,1.0,12.1620512008667,nan
13.469888687133789,0.9584855437278748,0.28254249691963196,0.021784991025924683,0.0144531624391675,nan,nan,-1.282576560974121,280.28546142578125,0.904628336429596,0.14655116200447083,-0.03436923027038574,1.0,1.0,12.1620512008667,nan
13.470389366149902,0.9063624739646912,0.41963401436805725,0.021784991025924683,0.018174365162849426,nan,nan,-1.144049882888794,280.2176513671875,0.8324593305587769,0.2827894687652588,-0.005932807922363281,1.0,1.0,12.1620512008667,nan
13.4708890914917,0.8416910171508789,0.5383350849151611,0.00567171024158597,0.010731958784162998,nan,nan,-1.004218339920044,280.20587158203125,0.7836359143257141,0.39693963527679443,-0.004372119903564453,1.0,1.0,12.1620512008667,nan
13.47138786315918,0.7567501068115234,0.6520206928253174,0.007283037528395653,0.02654707245528698,nan,nan,-0.8646197319030762,280.18463134765625,0.7082774043083191,0.5062891244888306,0.007812023162841797,1.0,1.0,12.1620512008667,nan
13.471887588500977,0.6592604517936707,0.7473161816596985,-0.0023849308490753174,0.02282586693763733,nan,nan,-0.7254006862640381,280.1479187011719,0.6392365097999573,0.6128376126289368,0.01231527328491211,1.0,1.0,12.1620512008667,nan
13.47238826751709,0.5608057379722595,0.8309088945388794,0.04112092778086662,0.010731958784162998,nan,nan,-0.5871379375457764,280.0718078613281,0.6301954388618469,0.7137607336044312,-0.043024301528930664,1.0,1.0,12.1620512008667,nan
13.472887992858887,0.44111546874046326,0.8944390416145325,-0.024943523108959198,0.02468646876513958,nan,nan,-0.4465446472167969,280.09515380859375,0.504713773727417,0.7862641215324402,-0.0309295654296875,1.0,1.0,12.1620512008667,nan
13.473387718200684,0.307912141084671,0.9512816071510315,0.0040603820234537125,0.035850077867507935,nan,nan,-0.30875539779663086,280.0005798339844,0.35094955563545227,0.8624855279922485,0.015669584274291992,1.0,1.0,12.1620512008667,nan
13.473888397216797,0.17856968939304352,0.9813751578330994,0.004060381092131138,0.015383461490273476,nan,nan,-0.1697535514831543,279.95849609375,0.28794944286346436,0.8957655429840088,-0.04819226264953613,1.0,1.0,12.1620512008667,nan
13.474388122558594,0.03185287490487099,0.994749903678894,-0.021720867604017258,0.030268272385001183,nan,nan,-0.029487133026123047,279.9702453613281,0.14788036048412323,0.8903030753135681,-0.042003631591796875,1.0,1.0,12.1620512008667,nan
13.47488784790039,-0.10328090190887451,0.994749903678894,-0.010441571474075317,0.016313763335347176,nan,nan,0.10971331596374512,279.9373474121094,-0.004218320362269878,0.9301659464836121,-0.011956214904785156,1.0,1.0,12.1620512008667,nan
13.475387573242188,-0.2461365908384323,0.9746874570846558,0.00728303799405694,0.011662259697914124,nan,nan,0.24983978271484375,279.9441223144531,-0.1622399240732193,0.9258047938346863,0.01698613166809082,1.0,1.0,12.1620512008667,nan
13.475887298583984,-0.37161824107170105,0.9245323538780212,-0.018498212099075317,0.017244063317775726,nan,nan,0.3887510299682617,279.8993225097656,-0.22574011981487274,0.8821885585784912,-0.04516935348510742,1.0,1.0,12.1620512008667,nan
13.476387023925781,-0.500960648059845,0.867689311504364,-0.015275554731488228,0.017244063317775726,nan,nan,0.5281641483306885,279.8768005371094,-0.396543949842453,0.8563105463981628,-0.0012359619140625,1.0,1.0,12.1620512008667,nan
13.476886749267578,-0.6138939261436462,0.7924560904502869,0.008894366212189198,0.005150154698640108,nan,nan,0.6662399768829346,279.7987060546875,-0.5138031244277954,0.7879726886749268,0.004826068878173828,1.0,1.0,12.1620512008667,nan
13.477387428283691,-0.7229662537574768,0.6971606016159058,0.018562335520982742,-0.004152852110564709,nan,nan,0.8069403171539307,279.83251953125,-0.6479692459106445,0.6876592040061951,0.042163848876953125,1.0,1.0,12.1620512008667,nan
13.477887153625488,-0.8069424629211426,0.5851467847824097,-0.029777508229017258,0.010731957852840424,nan,nan,0.9466507434844971,279.82391357421875,-0.7049475312232971,0.6026149392127991,0.010127067565917969,1.0,1.0,12.1620512008667,nan
13.478386878967285,-0.8851268887519836,0.4697895646095276,-0.028166182339191437,0.004219853784888983,nan,nan,1.0864861011505127,279.82080078125,-0.797329843044281,0.5090555548667908,0.009369373321533203,1.0,1.0,12.1620512008667,nan
13.478886604309082,-0.9372501969337463,0.33938533067703247,-0.04427945986390114,0.0135228605940938,nan,nan,1.2256228923797607,279.7882385253906,-0.8148209452629089,0.40867096185684204,-0.026599884033203125,1.0,1.0,12.1620512008667,nan
13.479387283325195,-0.9700683951377869,0.20898108184337616,-0.023332195356488228,-0.006013453472405672,nan,nan,1.3642618656158447,279.73529052734375,-0.8266631364822388,0.3144579827785492,-0.06402015686035156,1.0,1.0,12.1620512008667,nan
13.479886054992676,-0.9913037419319153,0.07188959419727325,-0.03138883784413338,-0.0013619504170492291,nan,nan,1.5028798580169678,279.682861328125,-0.8915463089942932,0.16360269486904144,-0.02046680450439453,1.0,1.0,12.1620512008667,nan
13.480385780334473,-0.9922688603401184,-0.06353029608726501,-0.023332195356488228,-0.007874054834246635,nan,nan,1.6415793895721436,279.6347961425781,-0.9116206765174866,0.050793830305337906,-0.03341197967529297,1.0,1.0,12.1620512008667,nan
13.48088550567627,-0.9729641079902649,-0.203965425491333,-0.05072477459907532,-0.00880435574799776,nan,nan,1.7804758548736572,279.5960998535156,-0.8885391354560852,-0.0937107503414154,-0.01149129867553711,1.0,1.0,12.1620512008667,nan
13.481386184692383,-0.9459371566772461,-0.3310260474681854,-0.03138883784413338,-0.008804356679320335,nan,nan,1.9185426235198975,279.523193359375,-0.9358901381492615,-0.20315653085708618,-0.041027069091796875,1.0,1.0,12.1620512008667,nan
13.48188591003418,-0.8783705234527588,-0.4614298641681671,-0.03783414885401726,-0.01624676212668419,nan,nan,2.0570709705352783,279.4715576171875,-0.8039759397506714,-0.32299166917800903,-0.011196136474609375,1.0,1.0,12.1620512008667,nan
13.482385635375977,-0.8165948987007141,-0.5751159191131592,-0.003996259067207575,-0.006013453938066959,nan,nan,2.195430040359497,279.4137268066406,-0.8088760375976562,-0.4478948414325714,-0.02594614028930664,1.0,1.0,12.1620512008667,nan
13.48288631439209,-0.727792501449585,-0.6888013482093811,-0.018498212099075317,-0.00880435574799776,nan,nan,2.333569288253784,279.3480529785156,-0.689116895198822,-0.5769415497779846,0.02744436264038086,1.0,1.0,12.1620512008667,nan
13.483386039733887,-0.6254768967628479,-0.7723938226699829,-0.021720867604017258,-0.02182856760919094,nan,nan,2.471565008163452,279.2771301269531,-0.6868250370025635,-0.6184461712837219,-0.07497024536132812,1.0,1.0,12.1620512008667,nan
13.483885765075684,-0.516404390335083,-0.8543145656585693,-0.003996259067207575,-0.004152852576225996,nan,nan,2.609142541885376,279.1905212402344,-0.5621535778045654,-0.733953058719635,-0.02826070785522461,1.0,1.0,12.1620512008667,nan
13.484384536743164,-0.3928537666797638,-0.9178448915481567,0.020173663273453712,-0.014386159367859364,nan,nan,2.747840166091919,279.1527404785156,-0.424177885055542,-0.7879391312599182,-0.0071125030517578125,1.0,1.0,12.1620512008667,nan
13.484885215759277,-0.2635113298892975,-0.9646565318107605,-0.015275555662810802,-0.01810736209154129,nan,nan,2.8853042125701904,279.0639343261719,-0.3478452265262604,-0.8764868378639221,-0.028649330139160156,1.0,1.0,12.1620512008667,nan
13.485384941101074,-0.12451618909835815,-0.9914060831069946,-0.005607586354017258,-0.01810736209154129,nan,nan,3.0247509479522705,279.0603942871094,-0.16402935981750488,-0.8936224579811096,0.02840566635131836,1.0,1.0,12.1620512008667,nan
13.485884666442871,0.008687136694788933,-0.9980933666229248,-0.007218914106488228,-0.01903766207396984,nan,nan,-3.119295597076416,279.0434875488281,-0.11755132675170898,-0.9259473085403442,-0.05583310127258301,1.0,1.0,12.1620512008667,nan
13.486385345458984,0.14961226284503937,-0.9880626797676086,-0.005607587285339832,-0.01624676212668419,nan,nan,-2.981078863143921,278.9887390136719,0.04987403377890587,-0.9185704588890076,-0.01337122917175293,1.0,1.0,12.1620512008667,nan
13.486885070800781,0.282816082239151,-0.9613127112388611,0.0008377255871891975,-0.01624676212668419,nan,nan,-2.8430051803588867,278.9290466308594,0.18477211892604828,-0.9181400537490845,-0.007086992263793945,1.0,1.0,12.1620512008667,nan
13.487384796142578,0.4082970917224884,-0.9078137874603271,0.04595491290092468,-0.032992172986269,nan,nan,-2.704221725463867,278.9002990722656,0.28170424699783325,-0.8849950432777405,-0.03642559051513672,1.0,1.0,12.1620512008667,nan
13.487884521484375,0.5289526581764221,-0.8459552526473999,0.026618974283337593,-0.014386159367859364,nan,nan,-2.5661375522613525,278.84307861328125,0.41719087958335876,-0.84493088722229,-0.02400660514831543,1.0,1.0,12.1620512008667,nan
13.488384246826172,0.6351292133331299,-0.7556754946708679,0.026618974283337593,-0.014386159367859364,nan,nan,-2.4273200035095215,278.8176574707031,0.4665834605693817,-0.7699558734893799,-0.07688450813293457,1.0,1.0,12.1620512008667,nan
13.488883972167969,0.7451669573783875,-0.6653954982757568,0.005671710707247257,-0.01903766393661499,nan,nan,-2.288604974746704,278.7888488769531,0.6449914574623108,-0.6701951026916504,0.006165027618408203,1.0,1.0,12.1620512008667,nan
13.489383697509766,0.8243167400360107,-0.5550537109375,0.0008377246558666229,-0.012525558471679688,nan,nan,-2.149573564529419,278.7735290527344,0.6951663494110107,-0.5984746217727661,-0.03929543495178223,1.0,1.0,12.1620512008667,nan
13.489884376525879,0.8996055126190186,-0.4380241930484772,0.013728350400924683,-0.00880435574799776,nan,nan,-2.0109524726867676,278.74139404296875,0.7911936044692993,-0.47929084300994873,-0.011678934097290039,1.0,1.0,12.1620512008667,nan
13.490384101867676,0.9478675723075867,-0.30762016773223877,0.04595491290092468,0.0004986515850760043,nan,nan,-1.871471881866455,278.7460632324219,0.8648441433906555,-0.370834082365036,-0.011571168899536133,1.0,1.0,12.1620512008667,nan
13.490883827209473,0.9835818409919739,-0.1722002774477005,0.015339678153395653,-0.007874054834246635,nan,nan,-1.7327890396118164,278.71710205078125,0.8781932592391968,-0.23859244585037231,-0.010467290878295898,1.0,1.0,12.1620512008667,nan
13.49138355255127,0.9999908804893494,-0.036780599504709244,0.018562333658337593,-0.002292250981554389,nan,nan,-1.5933524370193481,278.7204284667969,0.9702621698379517,-0.12534712255001068,-0.013108968734741211,1.0,1.0,12.1620512008667,nan
13.491884231567383,0.9999907612800598,0.09696705639362335,0.0024490533396601677,0.0014289518585428596,nan,nan,-1.4550437927246094,278.6761169433594,0.9916084408760071,-0.016788283362984657,-0.03999614715576172,1.0,1.0,12.1620512008667,nan
13.492383003234863,0.9613811373710632,0.24408987164497375,0.0314529612660408,0.012592561542987823,nan,nan,-1.3169759511947632,278.6228332519531,0.8616671562194824,0.12051015347242355,-0.022122621536254883,1.0,1.0,12.1620512008667,nan
13.49288272857666,0.9275979399681091,0.36947864294052124,0.03306428715586662,0.007941056974232197,nan,nan,-1.178796648979187,278.5751953125,0.9082979559898376,0.24129800498485565,-0.03968501091003418,1.0,1.0,12.1620512008667,nan
13.493383407592773,0.8706484436988831,0.5015544891357422,-0.0023849308490753174,0.006080455146729946,nan,nan,-1.0404000282287598,278.5378723144531,0.8334770798683167,0.4144900143146515,0.02399730682373047,1.0,1.0,12.1620512008667,nan
13.49388313293457,0.7886030077934265,0.6102249026298523,0.020173661410808563,0.011662258766591549,nan,nan,-0.9019730091094971,278.5025329589844,0.7603160738945007,0.47361132502555847,-0.019010543823242188,1.0,1.0,12.1620512008667,nan
13.494382858276367,0.693044126033783,0.7155510783195496,-0.0072189150378108025,0.020034965127706528,nan,nan,-0.7638475894927979,278.4552307128906,0.6339001059532166,0.5763955116271973,0.023850679397583008,1.0,1.0,12.1620512008667,nan
13.494882583618164,0.6003806591033936,0.795799970626831,-0.010441571474075317,0.016313763335347176,nan,nan,-0.6252937316894531,278.4268798828125,0.6468365788459778,0.6694188714027405,-0.050391197204589844,1.0,1.0,12.1620512008667,nan
13.495383262634277,0.47586461901664734,0.8743765950202942,0.005671709775924683,0.005150154698640108,nan,nan,-0.48737502098083496,278.3727722167969,0.48337292671203613,0.7482470870018005,0.006590604782104492,1.0,1.0,12.1620512008667,nan
13.495882987976074,0.34845271706581116,0.9345629811286926,0.0040603820234537125,0.035850077867507935,nan,nan,-0.34853196144104004,278.3583068847656,0.36671972274780273,0.8270278573036194,0.02401137351989746,1.0,1.0,12.1620512008667,nan
13.496382713317871,0.21910995244979858,0.9713440537452698,-0.002384931780397892,0.019104665145277977,nan,nan,-0.21079421043395996,278.2978515625,0.2750268578529358,0.853018581867218,-0.0084075927734375,1.0,1.0,12.1620512008667,nan
13.496882438659668,0.08976727724075317,0.9880626797676086,0.0008377246558666229,0.020965266972780228,nan,nan,-0.07349920272827148,278.2198791503906,0.1971394121646881,0.9029721021652222,-0.04895496368408203,1.0,1.0,12.1620512008667,nan
13.497382164001465,-0.05308816209435463,0.9980933666229248,-0.024943523108959198,0.02468646876513958,nan,nan,0.06479310989379883,278.185302734375,0.028823239728808403,0.9300616383552551,-0.0030977725982666016,1.0,1.0,12.1620512008667,nan
13.497881889343262,-0.19015274941921234,0.9847185611724854,-0.013664227910339832,0.0144531624391675,nan,nan,0.20400261878967285,278.1905517578125,-0.14483843743801117,0.93385910987854,0.042737483978271484,1.0,1.0,12.1620512008667,nan
13.498381614685059,-0.32142549753189087,0.9445943832397461,-0.0072189150378108025,0.020034965127706528,nan,nan,0.3430812358856201,278.18975830078125,-0.2083350121974945,0.9099774360656738,-0.025430917739868164,1.0,1.0,12.1620512008667,nan
13.498882293701172,-0.4488377273082733,0.8944390416145325,0.0008377255871891975,0.015383461490273476,nan,nan,0.48186635971069336,278.17694091796875,-0.3557598888874054,0.884517252445221,-0.006800174713134766,1.0,1.0,12.1620512008667,nan
13.499382019042969,-0.5685277581214905,0.8175339698791504,-0.024943523108959198,0.028407670557498932,nan,nan,0.6198828220367432,278.1318359375,-0.43616053462028503,0.80611252784729,-0.03138446807861328,1.0,1.0,12.1620512008667,nan
13.499881744384766,-0.6795304417610168,0.7322695851325989,-0.012052900157868862,0.02282586693763733,nan,nan,0.7586154937744141,278.1180114746094,-0.5924127101898193,0.7354375720024109,0.012202262878417969,1.0,1.0,12.1620512008667,nan
13.500382423400879,-0.7779853940010071,0.6286150813102722,-0.021720869466662407,0.017244063317775726,nan,nan,0.8978345394134521,278.124755859375,-0.6807874441146851,0.6229282021522522,0.024686813354492188,1.0,1.0,12.1620512008667,nan
13.50088119506836,-0.8503783345222473,0.5166012644767761,-0.026554852724075317,0.003289551939815283,nan,nan,1.0362799167633057,278.09881591796875,-0.7413840889930725,0.5553423166275024,-0.01578998565673828,1.0,1.0,12.1620512008667,nan
13.501380920410156,-0.9160148501396179,0.3962279260158539,-0.021720867604017258,0.007941057905554771,nan,nan,1.1753613948822021,278.10015869140625,-0.820725679397583,0.4679136872291565,-0.030191421508789062,1.0,1.0,12.1620512008667,nan
13.501880645751953,-0.9652420878410339,0.2641521096229553,-0.024943524971604347,0.002359252655878663,nan,nan,1.3140413761138916,278.0845642089844,-0.8796122074127197,0.3292768597602844,-0.00882101058959961,1.0,1.0,12.1620512008667,nan
13.502381324768066,-0.9913037419319153,0.12538857758045197,-0.021720867604017258,0.0004986515850760043,nan,nan,1.4527466297149658,278.07037353515625,-0.8848096132278442,0.20270143449306488,-0.014564990997314453,1.0,1.0,12.1620512008667,nan
13.502881050109863,-1.007712721824646,-0.0033436338417232037,-0.023332197219133377,0.003289553103968501,nan,nan,1.5907814502716064,278.0283203125,-1.0018587112426758,0.08890701085329056,-0.01592540740966797,1.0,1.0,12.1620512008667,nan
13.50338077545166,-0.9864775538444519,-0.14712239801883698,-0.024943523108959198,-0.005083152558654547,nan,nan,1.729276418685913,278.0065002441406,-0.9204071164131165,-0.03706540912389755,-0.025709152221679688,1.0,1.0,12.1620512008667,nan
13.503880500793457,-0.9691030383110046,-0.2775270342826843,0.016951005905866623,-0.003222551429644227,nan,nan,1.8676064014434814,277.97821044921875,-0.9781291484832764,-0.18318918347358704,-0.01912975311279297,1.0,1.0,12.1620512008667,nan
13.50438117980957,-0.9131190776824951,-0.4146181344985962,-0.0410568043589592,-0.010664956644177437,nan,nan,2.0051872730255127,277.9189758300781,-0.899235725402832,-0.29673001170158386,-0.02315807342529297,1.0,1.0,12.1620512008667,nan
13.504880905151367,-0.840725839138031,-0.5400069355964661,-0.07006071507930756,-0.0013619536766782403,nan,nan,2.143254518508911,277.8815002441406,-0.7932375073432922,-0.41706231236457825,0.004199981689453125,1.0,1.0,12.1620512008667,nan
13.505379676818848,-0.7644715905189514,-0.645333468914032,-0.005607586354017258,-0.012525558471679688,nan,nan,2.2817795276641846,277.8637390136719,-0.773907482624054,-0.5219103693962097,-0.025180816650390625,1.0,1.0,12.1620512008667,nan
13.505880355834961,-0.6708431839942932,-0.740628719329834,-0.026554850861430168,-0.022758865728974342,nan,nan,2.42021107673645,277.8426208496094,-0.7286892533302307,-0.6072911620140076,-0.062322139739990234,1.0,1.0,12.1620512008667,nan
13.506380081176758,-0.5579098463058472,-0.8292366862297058,0.010505693033337593,-0.023689165711402893,nan,nan,2.5578129291534424,277.78741455078125,-0.557528018951416,-0.7071422338485718,0.008729934692382812,1.0,1.0,12.1620512008667,nan
13.506879806518555,-0.44497671723365784,-0.9011264443397522,-0.023332197219133377,-0.011595258489251137,nan,nan,2.6961796283721924,277.765380859375,-0.49497637152671814,-0.8142772316932678,-0.008260250091552734,1.0,1.0,12.1620512008667,nan
13.507379531860352,-0.30791226029396057,-0.9546254277229309,-0.008830243721604347,-0.02182856760919094,nan,nan,2.835810899734497,277.796875,-0.3429267108440399,-0.852874755859375,0.016107559204101562,1.0,1.0,12.1620512008667,nan
13.507880210876465,-0.1689172238111496,-0.9914060831069946,0.00728303799405694,-0.010664957575500011,nan,nan,2.9765465259552,277.8741149902344,-0.1719616949558258,-0.9095447659492493,0.07107114791870117,1.0,1.0,12.1620512008667,nan
13.508379936218262,-0.02799209952354431,-1.0047810077667236,-0.003996259532868862,-0.015316460281610489,nan,nan,3.1158487796783447,277.8896179199219,-0.06955569982528687,-0.9238073229789734,0.043365478515625,1.0,1.0,12.1620512008667,nan
13.508879661560059,0.11100304871797562,-0.9980933666229248,-0.005607587285339832,-0.01624676212668419,nan,nan,-3.0272934436798096,277.9358825683594,0.052090950310230255,-0.9458325505256653,0.03346538543701172,1.0,1.0,12.1620512008667,nan
13.509379386901855,0.2461368292570114,-0.9746874570846558,0.0008377246558666229,-0.029270971193909645,nan,nan,-2.887634754180908,277.96478271484375,0.1371229887008667,-0.9502424597740173,-0.01810431480407715,1.0,1.0,12.1620512008667,nan
13.509879112243652,0.3870619535446167,-0.9312195777893066,-0.005607586354017258,-0.012525558471679688,nan,nan,-2.748610496520996,277.9668273925781,0.3210669159889221,-0.8837536573410034,0.048309326171875,1.0,1.0,12.1620512008667,nan
13.51037883758545,0.5019261240959167,-0.8660172820091248,0.026618974283337593,-0.014386159367859364,nan,nan,-2.60953426361084,277.9704284667969,0.36791354417800903,-0.8557860851287842,-0.03355669975280762,1.0,1.0,12.1620512008667,nan
13.510878562927246,0.6177549362182617,-0.7924560904502869,0.00728303799405694,-0.010664957575500011,nan,nan,-2.472734212875366,277.8786315917969,0.48601704835891724,-0.8030110597610474,-0.032140254974365234,1.0,1.0,12.1620512008667,nan
13.51137924194336,0.7123488783836365,-0.6888013482093811,0.058845534920692444,-0.010664956644177437,nan,nan,-2.3336427211761475,277.8850402832031,0.5630782842636108,-0.706942081451416,-0.042938232421875,1.0,1.0,12.1620512008667,nan
13.511878967285156,0.8079078197479248,-0.5901626944541931,0.018562333658337593,-0.009734655730426311,nan,nan,-2.1961517333984375,277.8242492675781,0.6774263381958008,-0.6284459233283997,-0.030109882354736328,1.0,1.0,12.1620512008667,nan
13.512378692626953,0.8822311758995056,-0.4748050272464752,0.026618974283337593,-0.010664957575500011,nan,nan,-2.057443618774414,277.8156433105469,0.7686073780059814,-0.5083620548248291,-0.00516057014465332,1.0,1.0,12.1620512008667,nan
13.512879371643066,0.9440066814422607,-0.3477446138858795,0.028230303898453712,-0.01717706210911274,nan,nan,-1.9185714721679688,277.8141784667969,0.8673907518386841,-0.4071548879146576,0.0014755725860595703,1.0,1.0,12.1620512008667,nan
13.513378143310547,0.9855122566223145,-0.21566836535930634,0.008894366212189198,-0.009734656661748886,nan,nan,-1.7808163166046143,277.7655029296875,0.8848912715911865,-0.2924902141094208,-0.016733407974243164,1.0,1.0,12.1620512008667,nan
13.513877868652344,1.0038517713546753,-0.07690504193305969,0.0008377255871891975,-0.00880435574799776,nan,nan,-1.6416008472442627,277.7794189453125,0.9249160289764404,-0.15657112002372742,-0.004351377487182617,1.0,1.0,12.1620512008667,nan
13.51437759399414,0.9990256428718567,0.07188959419727325,0.05884553864598274,-0.032992172986269,nan,nan,-1.5021731853485107,277.8020935058594,0.9118818044662476,-0.014741161838173866,0.007806539535522461,1.0,1.0,12.1620512008667,nan
13.514878273010254,0.9748943448066711,0.2139965444803238,0.018562335520982742,-0.004152852110564709,nan,nan,-1.3625991344451904,277.830322265625,0.8227221965789795,0.11205892264842987,0.01982855796813965,1.0,1.0,12.1620512008667,nan
13.51537799835205,0.9391805529594421,0.34272876381874084,0.020173661410808563,0.006080454681068659,nan,nan,-1.2240357398986816,277.8155212402344,0.8760808110237122,0.23186397552490234,0.004552602767944336,1.0,1.0,12.1620512008667,nan
13.515877723693848,0.8899534344673157,0.46811753511428833,0.028230303898453712,0.010731958784162998,nan,nan,-1.0845518112182617,277.8398132324219,0.8533172607421875,0.3766336143016815,0.022080659866333008,1.0,1.0,12.1620512008667,nan
13.516378402709961,0.8127339482307434,0.5818033814430237,0.021784991025924683,0.0144531624391675,nan,nan,-0.9454398155212402,277.847900390625,0.8143402338027954,0.4627411961555481,-0.016107797622680664,1.0,1.0,12.1620512008667,nan
13.516878128051758,0.7239315509796143,0.6954888701438904,0.015339678153395653,0.010731958784162998,nan,nan,-0.806462287902832,277.8501281738281,0.7256375551223755,0.5815377235412598,0.0038633346557617188,1.0,1.0,12.1620512008667,nan
13.517377853393555,0.623546302318573,0.7891122698783875,0.042732253670692444,0.004219853784888983,nan,nan,-0.6672999858856201,277.85992431640625,0.6723418831825256,0.6887685656547546,-0.013505935668945312,1.0,1.0,12.1620512008667,nan
13.517876625061035,0.507717490196228,0.8626738786697388,-0.010441571474075317,0.016313763335347176,nan,nan,-0.52760910987854,277.8916015625,0.5753943920135498,0.7732436656951904,-0.019615888595581055,1.0,1.0,12.1620512008667,nan
13.518377304077148,0.3812706172466278,0.9278757572174072,0.013728348538279533,0.028407670557498932,nan,nan,-0.3884165287017822,277.9022521972656,0.4162226617336273,0.8406800627708435,0.021378755569458008,1.0,1.0,12.1620512008667,nan
13.518877029418945,0.23262332379817963,0.9847185611724854,0.047566238790750504,0.02189556695520878,nan,nan,-0.2475416660308838,277.9831237792969,0.2109220176935196,0.8965089917182922,0.10955333709716797,1.0,1.0,12.1620512008667,nan
13.519376754760742,0.10521146655082703,0.9980933666229248,-0.008830243721604347,0.01538346242159605,nan,nan,-0.10705041885375977,278.04559326171875,0.20537351071834564,0.9135000109672546,-0.02154064178466797,1.0,1.0,12.1620512008667,nan
13.519877433776855,-0.045366495847702026,1.0081244707107544,0.034675613045692444,0.014453159645199776,nan,nan,0.03209948539733887,278.0511779785156,-0.003975494299083948,0.9243130683898926,0.06511831283569336,1.0,1.0,12.1620512008667,nan
13.520377159118652,-0.1766393780708313,0.9880626797676086,-0.0072189150378108025,0.020034965127706528,nan,nan,0.17205023765563965,278.08978271484375,-0.07285477221012115,0.9366453886032104,-0.0017743110656738281,1.0,1.0,12.1620512008667,nan
13.52087688446045,-0.3137039542198181,0.9579693078994751,-0.0072189150378108025,0.010731957852840424,nan,nan,0.3110971450805664,278.0898742675781,-0.2294834554195404,0.9069749712944031,0.02950310707092285,1.0,1.0,12.1620512008667,nan
13.521376609802246,-0.4449765980243683,0.9044699668884277,-0.013664226979017258,0.016313763335347176,nan,nan,0.45078539848327637,278.1167907714844,-0.3479679524898529,0.8588727712631226,0.02692699432373047,1.0,1.0,12.1620512008667,nan
13.521876335144043,-0.5646666884422302,0.830908477306366,0.008894366212189198,0.005150154698640108,nan,nan,0.589918851852417,278.1199035644531,-0.4379290044307709,0.8113102912902832,-0.002298593521118164,1.0,1.0,12.1620512008667,nan
13.52237606048584,-0.6824261546134949,0.7473163604736328,0.00728303799405694,0.011662259697914124,nan,nan,0.7313225269317627,278.21844482421875,-0.6311010122299194,0.7404215335845947,0.06751894950866699,1.0,1.0,12.1620512008667,nan
13.522875785827637,-0.7770200371742249,0.643661618232727,-0.024943524971604347,0.0060804556123912334,nan,nan,0.8706762790679932,278.2286682128906,-0.6674725413322449,0.6496564745903015,0.021038532257080078,1.0,1.0,12.1620512008667,nan
13.523375511169434,-0.858100175857544,0.5299757719039917,-0.021720867604017258,0.007941057905554771,nan,nan,1.0103466510772705,278.2521057128906,-0.7668293714523315,0.5847671031951904,0.0016655921936035156,1.0,1.0,12.1620512008667,nan
13.523876190185547,-0.9333891272544861,0.41294652223587036,0.012117022648453712,0.0032895535696297884,nan,nan,1.149479627609253,278.25250244140625,-0.8832536935806274,0.4410645067691803,0.05110359191894531,1.0,1.0,12.1620512008667,nan
13.524375915527344,-0.9729641079902649,0.2775270342826843,-0.028166182339191437,0.004219853784888983,nan,nan,1.289081335067749,278.27227783203125,-0.8889952898025513,0.35901302099227905,-0.009419918060302734,1.0,1.0,12.1620512008667,nan
13.52487564086914,-1.007712960243225,0.14377877116203308,-0.021720867604017258,0.004219854716211557,nan,nan,1.427537202835083,278.2437438964844,-0.9860047101974487,0.227627232670784,0.009122371673583984,1.0,1.0,12.1620512008667,nan
13.525376319885254,-1.0096431970596313,0.0,-0.005607586819678545,0.004219853784888983,nan,nan,1.5668261051177979,278.250732421875,-0.9537844657897949,0.09872017055749893,-0.006482601165771484,1.0,1.0,12.1620512008667,nan
13.52587604522705,-1.007712721824646,-0.13709191977977753,0.015339678153395653,0.005150154698640108,nan,nan,1.7060210704803467,278.2536315917969,-0.9858245849609375,-0.036302607506513596,-0.005729198455810547,1.0,1.0,12.1620512008667,nan
13.526374816894531,-0.9710336327552795,-0.2808707058429718,-0.021720867604017258,-0.00694375392049551,nan,nan,1.8446967601776123,278.234619140625,-0.9180102944374084,-0.15466374158859253,-0.014345645904541016,1.0,1.0,12.1620512008667,nan
13.526874542236328,-0.9343547224998474,-0.4045872390270233,0.016951005905866623,-0.003222551429644227,nan,nan,1.9834415912628174,278.2188415527344,-0.9641844630241394,-0.27747103571891785,-0.039905548095703125,1.0,1.0,12.1620512008667,nan
13.527375221252441,-0.8561699986457825,-0.5400071144104004,-0.062004074454307556,-0.015316462144255638,nan,nan,2.12172532081604,278.18414306640625,-0.8434229493141174,-0.4254765212535858,0.009009361267089844,1.0,1.0,12.1620512008667,nan
13.527874946594238,-0.7789503931999207,-0.6536927819252014,-0.0410568043589592,-0.010664956644177437,nan,nan,2.260632276535034,278.17620849609375,-0.7700064182281494,-0.5251140594482422,0.0013718605041503906,1.0,1.0,12.1620512008667,nan
13.528374671936035,-0.6872523427009583,-0.7456443905830383,-0.000773601233959198,-0.022758865728974342,nan,nan,2.400158643722534,278.19439697265625,-0.7819581627845764,-0.6462626457214355,-0.04619121551513672,1.0,1.0,12.1620512008667,nan
13.528875350952148,-0.5685275197029114,-0.8375957608222961,0.0040603820234537125,-0.01996796391904354,nan,nan,2.539289712905884,278.19598388671875,-0.5748274922370911,-0.7222460508346558,0.02286243438720703,1.0,1.0,12.1620512008667,nan
13.529375076293945,-0.4488374888896942,-0.9111571907997131,0.0040603820234537125,-0.01996796391904354,nan,nan,2.67826771736145,278.19085693359375,-0.4935077428817749,-0.8005802035331726,0.003612518310546875,1.0,1.0,12.1620512008667,nan
13.529874801635742,-0.30984270572662354,-0.9613127112388611,-0.021720867604017258,-0.027410369366407394,nan,nan,2.8176348209381104,278.2023620605469,-0.3422943651676178,-0.833845853805542,0.027241230010986328,1.0,1.0,12.1620512008667,nan
13.530373573303223,-0.17277835309505463,-0.9980933666229248,-0.023332197219133377,-0.028340671211481094,nan,nan,2.959259271621704,278.3085021972656,-0.21893399953842163,-0.8932497501373291,0.03484916687011719,1.0,1.0,12.1620512008667,nan
13.530874252319336,-0.0337834432721138,-1.011468529701233,-0.015275556594133377,-0.027410369366407394,nan,nan,3.100367784500122,278.39031982421875,-0.13654924929141998,-0.9470072984695435,-0.009260177612304688,1.0,1.0,12.1620512008667,nan
13.531373977661133,0.11100304871797562,-1.0081244707107544,0.008894367143511772,-0.0376436747610569,nan,nan,-3.04350209236145,278.3955078125,0.04587378725409508,-0.9282881021499634,0.04423069953918457,1.0,1.0,12.1620512008667,nan
13.53187370300293,0.253858357667923,-0.9813751578330994,0.007283037528395653,-0.023689165711402893,nan,nan,-2.9025399684906006,278.4698486328125,0.18369822204113007,-0.926666259765625,0.0496368408203125,1.0,1.0,12.1620512008667,nan
13.532374382019043,0.38513147830963135,-0.9379069209098816,0.023396318778395653,-0.01996796391904354,nan,nan,-2.761833429336548,278.5316467285156,0.2805666923522949,-0.9129444360733032,0.011251211166381836,1.0,1.0,12.1620512008667,nan
13.53287410736084,0.5154392719268799,-0.8760485649108887,-0.020109539851546288,-0.009734655730426311,nan,nan,-2.6227056980133057,278.5259704589844,0.402762770652771,-0.8398027420043945,0.021192550659179688,1.0,1.0,12.1620512008667,nan
13.533373832702637,0.6293378472328186,-0.7857688665390015,0.015339677222073078,-0.02089826576411724,nan,nan,-2.4822609424591064,278.5755310058594,0.4778774082660675,-0.7600104808807373,-0.005223751068115234,1.0,1.0,12.1620512008667,nan
13.533873558044434,0.7364797592163086,-0.700504720211029,0.004060380160808563,-0.027410369366407394,nan,nan,-2.344045877456665,278.5304260253906,0.6070657968521118,-0.7071111798286438,0.004693746566772461,1.0,1.0,12.1620512008667,nan
13.53437328338623,0.8185251355171204,-0.5851470232009888,0.015339678153395653,-0.007874054834246635,nan,nan,-2.2035415172576904,278.58245849609375,0.675453782081604,-0.6153015494346619,-0.013318777084350586,1.0,1.0,12.1620512008667,nan
13.534873008728027,0.8986403346061707,-0.4731331765651703,0.020173663273453712,0.01538346242159605,nan,nan,-2.063737154006958,278.6041259765625,0.8209472298622131,-0.5157923698425293,0.024912118911743164,1.0,1.0,12.1620512008667,nan
13.535372734069824,0.9584853053092957,-0.34272897243499756,0.021784991025924683,-0.013455859385430813,nan,nan,-1.9238102436065674,278.63055419921875,0.8784145712852478,-0.3889400362968445,0.029143571853637695,1.0,1.0,12.1620512008667,nan
13.535873413085938,0.9961299896240234,-0.203965425491333,0.0008377252379432321,0.002359252655878663,nan,nan,-1.7835556268692017,278.6700134277344,0.9356963634490967,-0.27808669209480286,0.016796112060546875,1.0,1.0,12.1620512008667,nan
13.536373138427734,1.0125389099121094,-0.06185848265886307,0.005671709775924683,-0.002292250981554389,nan,nan,-1.6444344520568848,278.6609802246094,0.9085169434547424,-0.16258715093135834,-0.010643243789672852,1.0,1.0,12.1620512008667,nan
13.536872863769531,1.0115736722946167,0.07690504193305969,0.026618976145982742,0.0004986515850760043,nan,nan,-1.5049121379852295,278.6689758300781,0.9581059813499451,-0.03658892959356308,-0.011251449584960938,1.0,1.0,12.1620512008667,nan
13.537372589111328,0.9787556529045105,0.22737129032611847,0.03306428715586662,0.015383461490273476,nan,nan,-1.3658478260040283,278.6575622558594,0.8427206873893738,0.09998255968093872,0.006013393402099609,1.0,1.0,12.1620512008667,nan
13.537873268127441,0.9555898308753967,0.3544318974018097,0.005671709775924683,0.0032895533367991447,nan,nan,-1.2266430854797363,278.6523132324219,0.9037659764289856,0.26680395007133484,0.03590130805969238,1.0,1.0,12.1620512008667,nan
13.538372993469238,0.8841617107391357,0.4848358929157257,0.020173663273453712,0.019104665145277977,nan,nan,-1.0870659351348877,278.6628112792969,0.8202517628669739,0.3549741804599762,0.017618179321289062,1.0,1.0,12.1620512008667,nan
13.538871765136719,0.8146645426750183,0.5985217690467834,0.021784991025924683,0.020034965127706528,nan,nan,-0.9475460052490234,278.6707458496094,0.7923561930656433,0.4617461860179901,-0.002771615982055664,1.0,1.0,12.1620512008667,nan
13.539371490478516,0.7142789959907532,0.7122073769569397,0.021784991025924683,0.020034965127706528,nan,nan,-0.8073635101318359,278.7064208984375,0.6585506200790405,0.5743752717971802,0.04685664176940918,1.0,1.0,12.1620512008667,nan
13.539872169494629,0.6177546977996826,0.7991435527801514,-0.0023849308490753174,0.01538346242159605,nan,nan,-0.6674618721008301,278.7292785644531,0.6523535847663879,0.674374520778656,-0.00850534439086914,1.0,1.0,12.1620512008667,nan
13.540371894836426,0.4990299940109253,0.8777206540107727,0.010505693964660168,0.02282586693763733,nan,nan,-0.5285513401031494,278.7104187011719,0.5222782492637634,0.7641795873641968,0.021975278854370117,1.0,1.0,12.1620512008667,nan
13.540871620178223,0.36775708198547363,0.9379069209098816,-0.021720867604017258,0.02654707059264183,nan,nan,-0.3871760368347168,278.7954406738281,0.382321834564209,0.8364274501800537,0.05155014991760254,1.0,1.0,12.1620512008667,nan
13.541372299194336,0.2345540076494217,0.9847185611724854,0.002449052408337593,0.021895568817853928,nan,nan,-0.24786686897277832,278.7918395996094,0.2780418395996094,0.8932189345359802,0.03914785385131836,1.0,1.0,12.1620512008667,nan
13.541872024536133,0.08397629857063293,1.0148118734359741,0.05240022391080856,0.019104663282632828,nan,nan,-0.10824847221374512,278.8013916015625,0.09142623841762543,0.9218354821205139,0.10271692276000977,1.0,1.0,12.1620512008667,nan
13.54237174987793,-0.043435800820589066,1.0081244707107544,-0.010441571474075317,0.016313763335347176,nan,nan,0.03324484825134277,278.8887023925781,0.09088734537363052,0.9456524848937988,-0.03628993034362793,1.0,1.0,12.1620512008667,nan
13.54287052154541,-0.18436115980148315,0.9880626797676086,-0.008830242790281773,0.02282586693763733,nan,nan,0.1743624210357666,278.95916748046875,-0.055987633764743805,0.9334890246391296,-0.021601200103759766,1.0,1.0,12.1620512008667,nan
13.543371200561523,-0.3368694484233856,0.9546254277229309,-0.008830243721604347,0.02654707245528698,nan,nan,0.31580328941345215,279.0417785644531,-0.27520883083343506,0.882156252861023,0.0799095630645752,1.0,1.0,12.1620512008667,nan
13.54387092590332,-0.46235084533691406,0.9044699668884277,0.03306428715586662,0.011662259697914124,nan,nan,0.45597195625305176,279.06878662109375,-0.33443036675453186,0.8756547570228577,0.0018427371978759766,1.0,1.0,12.1620512008667,nan
13.544370651245117,-0.5772146582603455,0.8225492238998413,-0.012052899226546288,0.01538346242159605,nan,nan,0.5965421199798584,279.11199951171875,-0.4164397716522217,0.807226300239563,-0.027380704879760742,1.0,1.0,12.1620512008667,nan
13.54487133026123,-0.6911134123802185,0.7389569282531738,-0.016886882483959198,0.02561677061021328,nan,nan,0.7365069389343262,279.12945556640625,-0.5927534103393555,0.7357091903686523,0.034842729568481445,1.0,1.0,12.1620512008667,nan
13.545371055603027,-0.7914984822273254,0.6319587826728821,-0.016886882483959198,0.018174365162849426,nan,nan,0.8774087429046631,279.1856689453125,-0.7090140581130981,0.6422916650772095,0.050559043884277344,1.0,1.0,12.1620512008667,nan
13.545870780944824,-0.8638917803764343,0.513257622718811,-0.015275555662810802,0.00421985425055027,nan,nan,1.016953706741333,279.18359375,-0.6930517554283142,0.5455173850059509,-0.020059585571289062,1.0,1.0,12.1620512008667,nan
13.546370506286621,-0.932424008846283,0.38786864280700684,-0.03138883784413338,0.006080454681068659,nan,nan,1.1579835414886475,279.2441711425781,-0.83892822265625,0.4413047730922699,0.02168750762939453,1.0,1.0,12.1620512008667,nan
13.546871185302734,-0.9787554740905762,0.25412076711654663,-0.028166182339191437,0.004219853784888983,nan,nan,1.2983124256134033,279.2738342285156,-0.8787059783935547,0.31678256392478943,0.019609451293945312,1.0,1.0,12.1620512008667,nan
13.547369956970215,-1.0028866529464722,0.112014040350914,-0.016886884346604347,0.010731958784162998,nan,nan,1.438338041305542,279.2900695800781,-0.8880116939544678,0.19757325947284698,0.006618976593017578,1.0,1.0,12.1620512008667,nan
13.547869682312012,-1.015434741973877,-0.023405855521559715,-0.013664226979017258,0.0014289520913735032,nan,nan,1.5783703327178955,279.3063659667969,-0.9484631419181824,0.058770958334207535,0.023702144622802734,1.0,1.0,12.1620512008667,nan
13.548370361328125,-0.9932342171669006,-0.1688566505908966,-0.0491134449839592,0.010731957852840424,nan,nan,1.7181837558746338,279.31292724609375,-0.9008991122245789,-0.03751196339726448,-0.012762069702148438,1.0,1.0,12.1620512008667,nan
13.548870086669922,-0.9719987511634827,-0.2992608845233917,-0.0023849308490753174,-0.006943754386156797,nan,nan,1.8585731983184814,279.34368896484375,-0.9759193062782288,-0.19478818774223328,0.0023126602172851562,1.0,1.0,12.1620512008667,nan
13.549369812011719,-0.9140841364860535,-0.43300873041152954,-0.028166180476546288,-0.003222551429644227,nan,nan,1.9975144863128662,279.31292724609375,-0.889022946357727,-0.28588399291038513,-0.02262115478515625,1.0,1.0,12.1620512008667,nan
13.549869537353516,-0.8387954831123352,-0.5567257404327393,-0.05072477459907532,-0.012525558471679688,nan,nan,2.1371548175811768,279.3122253417969,-0.7882755398750305,-0.3958914577960968,-0.007901668548583984,1.0,1.0,12.1620512008667,nan
13.550370216369629,-0.7635066509246826,-0.6670674681663513,-0.005607587285339832,-0.01624676212668419,nan,nan,2.2765543460845947,279.30126953125,-0.7810813784599304,-0.5488863587379456,-0.00014448165893554688,1.0,1.0,12.1620512008667,nan
13.550869941711426,-0.6573298573493958,-0.7640345692634583,0.0024490542709827423,-0.024619467556476593,nan,nan,2.4162142276763916,279.3017578125,-0.6565301418304443,-0.6298808455467224,0.012379646301269531,1.0,1.0,12.1620512008667,nan
13.551368713378906,-0.5453616976737976,-0.8509706854820251,0.0024490542709827423,-0.024619467556476593,nan,nan,2.5555713176727295,279.28936767578125,-0.5625945925712585,-0.7163721919059753,0.013397216796875,1.0,1.0,12.1620512008667,nan
13.55186939239502,-0.41601964831352234,-0.9178448915481567,0.0008377246558666229,-0.025549769401550293,nan,nan,2.696024179458618,279.3235778808594,-0.41042688488960266,-0.7893327474594116,0.059391021728515625,1.0,1.0,12.1620512008667,nan
13.552369117736816,-0.29053786396980286,-0.9680002331733704,-0.0072189150378108025,-0.009734656661748886,nan,nan,2.8355963230133057,279.31976318359375,-0.34358587861061096,-0.8506454229354858,0.015253067016601562,1.0,1.0,12.1620512008667,nan
13.552868843078613,-0.15154318511486053,-0.994749903678894,0.008894367143511772,-0.0339224748313427,nan,nan,2.977226495742798,279.4027099609375,-0.21119892597198486,-0.9168726801872253,0.031192779541015625,1.0,1.0,12.1620512008667,nan
13.55336856842041,-0.006756688933819532,-1.011468529701233,0.005671709775924683,-0.011595258489251137,nan,nan,3.1183807849884033,279.4637451171875,-0.07632945477962494,-0.9311745166778564,0.0346837043762207,1.0,1.0,12.1620512008667,nan
13.553869247436523,0.13416866958141327,-1.0014371871948242,0.0040603820234537125,-0.02182856760919094,nan,nan,-3.025045394897461,279.4649658203125,0.05142461508512497,-0.9440408945083618,0.03111720085144043,1.0,1.0,12.1620512008667,nan
13.55436897277832,0.2731635868549347,-0.9746874570846558,0.004060381557792425,-0.0013619501842185855,nan,nan,-2.88354229927063,279.53936767578125,0.19180834293365479,-0.9229874014854431,0.04015350341796875,1.0,1.0,12.1620512008667,nan
13.554868698120117,0.4082973301410675,-0.921188473701477,0.004060381092131138,-0.01810736209154129,nan,nan,-2.7425477504730225,279.59088134765625,0.30833199620246887,-0.8912934064865112,0.027277231216430664,1.0,1.0,12.1620512008667,nan
13.555368423461914,0.53570955991745,-0.854314386844635,0.03789827227592468,-0.030201273038983345,nan,nan,-2.6014304161071777,279.64642333984375,0.4317914545536041,-0.8396902680397034,0.028095006942749023,1.0,1.0,12.1620512008667,nan
13.555868148803711,0.6380249857902527,-0.7707222700119019,0.023396318778395653,-0.01996796391904354,nan,nan,-2.4634318351745605,279.5696716308594,0.4626772105693817,-0.7939391732215881,-0.057604312896728516,1.0,1.0,12.1620512008667,nan
13.556367874145508,0.7355147004127502,-0.6687395572662354,0.055622879415750504,-0.027410369366407394,nan,nan,-2.3236353397369385,279.5704040527344,0.5800176858901978,-0.7022302746772766,-0.03457784652709961,1.0,1.0,12.1620512008667,nan
13.556867599487305,0.8281776309013367,-0.5684284567832947,0.005671709775924683,-0.002292250981554389,nan,nan,-2.1846706867218018,279.5361328125,0.6902934908866882,-0.6129348874092102,-0.01917576789855957,1.0,1.0,12.1620512008667,nan
13.557368278503418,0.9063623547554016,-0.4463835060596466,0.026618974283337593,-0.010664957575500011,nan,nan,-2.0438241958618164,279.5816650390625,0.8487269878387451,-0.48453742265701294,0.04763436317443848,1.0,1.0,12.1620512008667,nan
13.557868003845215,0.9575203061103821,-0.31765130162239075,0.028230302035808563,-0.009734656661748886,nan,nan,-1.903935194015503,279.5856018066406,0.8708509206771851,-0.39951005578041077,-0.003835439682006836,1.0,1.0,12.1620512008667,nan
13.558367729187012,0.9913039803504944,-0.1788877695798874,0.013728350400924683,-0.003222551429644227,nan,nan,-1.7636103630065918,279.6080017089844,0.8994491696357727,-0.26445332169532776,1.7881393432617188e-05,1.0,1.0,12.1620512008667,nan
13.558868408203125,1.0096434354782104,-0.040124233812093735,0.00728303799405694,0.00421985425055027,nan,nan,-1.623777985572815,279.6091613769531,0.9273446798324585,-0.13021206855773926,0.006670713424682617,1.0,1.0,12.1620512008667,nan
13.559368133544922,0.9999908804893494,0.10365453362464905,0.008894365280866623,0.0125925587490201,nan,nan,-1.4838402271270752,279.61474609375,0.8695281744003296,-0.00022672410705126822,0.005973100662231445,1.0,1.0,12.1620512008667,nan
13.559866905212402,0.9758599400520325,0.2390742152929306,0.010505693964660168,0.00421985425055027,nan,nan,-1.3443235158920288,279.6025695800781,0.8798443078994751,0.10590114444494247,-0.013581514358520508,1.0,1.0,12.1620512008667,nan
13.5603666305542,0.9247023463249207,0.37449410557746887,0.026618974283337593,0.015383461490273476,nan,nan,-1.2052860260009766,279.57037353515625,0.8459756374359131,0.22927743196487427,-0.007729053497314453,1.0,1.0,12.1620512008667,nan
13.560867309570312,0.8696832656860352,0.49653905630111694,0.04112092778086662,0.018174365162849426,nan,nan,-1.0654916763305664,279.57073974609375,0.8405298590660095,0.3560400903224945,-0.011526823043823242,1.0,1.0,12.1620512008667,nan
13.56136703491211,0.78763747215271,0.6185839772224426,0.016951005905866623,0.009801657870411873,nan,nan,-0.9252748489379883,279.5888366699219,0.7221682667732239,0.47487807273864746,0.029438257217407227,1.0,1.0,12.1620512008667,nan
13.561866760253906,0.6988353133201599,0.7122071981430054,0.008894365280866623,0.029337972402572632,nan,nan,-0.7861621379852295,279.5600280761719,0.7201287150382996,0.5696231126785278,-0.02235102653503418,1.0,1.0,12.1620512008667,nan
13.56236743927002,0.5965197682380676,0.8024871945381165,0.008894367143511772,0.02375616692006588,nan,nan,-0.6462833881378174,279.5642395019531,0.6315559148788452,0.6833860278129578,-0.006598711013793945,1.0,1.0,12.1620512008667,nan
13.562867164611816,0.4777947962284088,0.8777206540107727,-0.015275556594133377,0.011662259697914124,nan,nan,-0.5060369968414307,279.58367919921875,0.5321473479270935,0.7653175592422485,-0.008427858352661133,1.0,1.0,12.1620512008667,nan
13.563366889953613,0.3523135185241699,0.9379069209098816,0.04112092778086662,0.020034965127706528,nan,nan,-0.3669581413269043,279.5539245605469,0.44000551104545593,0.8429182171821594,-0.02107977867126465,1.0,1.0,12.1620512008667,nan
13.563865661621094,0.20366577804088593,0.9813751578330994,0.03467561677098274,0.021895568817853928,nan,nan,-0.22551846504211426,279.6236877441406,0.2302258163690567,0.8762121200561523,0.06200218200683594,1.0,1.0,12.1620512008667,nan
13.564366340637207,0.07239312678575516,0.9980933666229248,-0.012052899226546288,0.017244063317775726,nan,nan,-0.08449053764343262,279.67425537109375,0.17531175911426544,0.9086470603942871,-0.012974262237548828,1.0,1.0,12.1620512008667,nan
13.564866065979004,-0.07239324599504471,1.0014371871948242,-0.03138883411884308,0.020965266972780228,nan,nan,0.055641889572143555,279.6869812011719,-0.04573433846235275,0.9282930493354797,0.08713889122009277,1.0,1.0,12.1620512008667,nan
13.5653657913208,-0.20173567533493042,0.9847185611724854,-0.018498212099075317,0.011662259697914124,nan,nan,0.19556260108947754,279.6903991699219,-0.11069229245185852,0.9568891525268555,0.012848615646362305,1.0,1.0,12.1620512008667,nan
13.565865516662598,-0.3426610231399536,0.9379069209098816,0.0024490533396601677,0.0144531624391675,nan,nan,0.33484983444213867,279.6671447753906,-0.23888994753360748,0.8733047246932983,0.025453805923461914,1.0,1.0,12.1620512008667,nan
13.566366195678711,-0.47393378615379333,0.8877513408660889,-0.012052899226546288,0.01538346242159605,nan,nan,0.4750797748565674,279.6837463378906,-0.3831515312194824,0.8544224500656128,0.0398249626159668,1.0,1.0,12.1620512008667,nan
13.566865921020508,-0.5849366188049316,0.8091744780540466,-0.021720867604017258,0.015383461490273476,nan,nan,0.6146743297576904,279.67333984375,-0.4588746130466461,0.794658362865448,0.002191781997680664,1.0,1.0,12.1620512008667,nan
13.567365646362305,-0.6988353133201599,0.718894898891449,-0.018498212099075317,0.028407670557498932,nan,nan,0.7557873725891113,279.7272644042969,-0.6315121650695801,0.7099315524101257,0.06469106674194336,1.0,1.0,12.1620512008667,nan
13.567866325378418,-0.7847420573234558,0.6169121861457825,-0.016886884346604347,0.010731958784162998,nan,nan,0.8954346179962158,279.71795654296875,-0.6495370864868164,0.6475241780281067,-0.015349864959716797,1.0,1.0,12.1620512008667,nan
13.568365097045898,-0.8667874336242676,0.5015544891357422,-0.028166182339191437,0.004219853784888983,nan,nan,1.0352022647857666,279.714111328125,-0.7518590092658997,0.5556024312973022,-0.007645606994628906,1.0,1.0,12.1620512008667,nan
13.568864822387695,-0.9372501969337463,0.386197030544281,0.03628694266080856,-0.0013619515812024474,nan,nan,1.174659013748169,279.6974792480469,-0.8892443180084229,0.43125978112220764,0.0379338264465332,1.0,1.0,12.1620512008667,nan
13.569364547729492,-0.9681379199028015,0.23907463252544403,-0.018498212099075317,0.009801658801734447,nan,nan,1.3148038387298584,279.70965576171875,-0.8240182995796204,0.3097699284553528,-0.01043701171875,1.0,1.0,12.1620512008667,nan
13.569865226745605,-1.001921534538269,0.11368564516305923,-0.015275555662810802,0.000498651061207056,nan,nan,1.454423189163208,279.69970703125,-0.9658535122871399,0.2046930342912674,0.0007300376892089844,1.0,1.0,12.1620512008667,nan
13.570364952087402,-1.0009561777114868,-0.028421098366379738,-0.016886884346604347,-0.009734656661748886,nan,nan,1.5939877033233643,279.68768310546875,-0.9675272703170776,0.09196032583713531,-0.024868488311767578,1.0,1.0,12.1620512008667,nan
13.5708646774292,-0.9970951080322266,-0.16216938197612762,0.008894366212189198,-0.006013453472405672,nan,nan,1.7331159114837646,279.65765380859375,-0.9946644902229309,-0.058062076568603516,-0.010878562927246094,1.0,1.0,12.1620512008667,nan
13.571365356445312,-0.9565549492835999,-0.3059485852718353,-0.0410568043589592,-0.014386159367859364,nan,nan,1.8718822002410889,279.61297607421875,-0.9315282106399536,-0.1752655953168869,-0.022039413452148438,1.0,1.0,12.1620512008667,nan
13.57186508178711,-0.9140843749046326,-0.42632147669792175,0.020173663273453712,-0.010664957575500011,nan,nan,2.0106937885284424,279.5712890625,-0.9493389129638672,-0.3069486618041992,-0.03417015075683594,1.0,1.0,12.1620512008667,nan
13.57236385345459,-0.8407258987426758,-0.5533820986747742,0.0024490533396601677,-0.002292250981554389,nan,nan,2.1483376026153564,279.4813232421875,-0.8382189869880676,-0.41198891401290894,-0.027708053588867188,1.0,1.0,12.1620512008667,nan
13.572863578796387,-0.7567501068115234,-0.6653957366943359,-0.05072477459907532,-0.012525558471679688,nan,nan,2.286895990371704,279.431640625,-0.7804754972457886,-0.5343109965324402,-0.022777557373046875,1.0,1.0,12.1620512008667,nan
13.5733642578125,-0.6650518774986267,-0.7573472857475281,-0.03783414885401726,-0.01624676212668419,nan,nan,2.4257709980010986,279.39617919921875,-0.7622392773628235,-0.6430032253265381,-0.06138896942138672,1.0,1.0,12.1620512008667,nan
13.573863983154297,-0.5415008068084717,-0.8442834615707397,0.013728350400924683,-0.01810736209154129,nan,nan,2.5650885105133057,279.38037109375,-0.5332907438278198,-0.7138561606407166,0.028093814849853516,1.0,1.0,12.1620512008667,nan
13.574363708496094,-0.4237411916255951,-0.9111571907997131,0.007283037528395653,-0.02182856760919094,nan,nan,2.70378041267395,279.33831787109375,-0.4662177562713623,-0.7718786001205444,-0.012525558471679688,1.0,1.0,12.1620512008667,nan
13.574864387512207,-0.2963293194770813,-0.9613127112388611,-0.013664227910339832,-0.02089826576411724,nan,nan,2.843296766281128,279.33197021484375,-0.36663925647735596,-0.8707764148712158,-0.007182598114013672,1.0,1.0,12.1620512008667,nan
13.575364112854004,-0.15540383756160736,-0.9914060831069946,-0.0039962586015462875,-0.01717706210911274,nan,nan,2.9829914569854736,279.3331298828125,-0.24380747973918915,-0.885301947593689,-0.017132282257080078,1.0,1.0,12.1620512008667,nan
13.5758638381958,-0.018339859321713448,-1.0047810077667236,-0.016886884346604347,-0.024619467556476593,nan,nan,3.1230356693267822,279.34893798828125,-0.1298568993806839,-0.9297404885292053,-0.027253150939941406,1.0,1.0,12.1620512008667,nan
13.576362609863281,0.12258574366569519,-0.9980933666229248,0.0475662425160408,-0.0339224748313427,nan,nan,-3.020777463912964,279.3363342285156,0.0563313253223896,-0.9383983016014099,0.032349586486816406,1.0,1.0,12.1620512008667,nan
13.576863288879395,0.2615808844566345,-0.9746874570846558,-0.005607587285339832,-0.01624676212668419,nan,nan,-2.881704568862915,279.31158447265625,0.17312337458133698,-0.93986576795578,0.015398263931274414,1.0,1.0,12.1620512008667,nan
13.577363014221191,0.3928537666797638,-0.9245323538780212,0.013728350400924683,-0.006943754386156797,nan,nan,-2.741419792175293,279.33807373046875,0.2922792434692383,-0.886060893535614,0.011572837829589844,1.0,1.0,12.1620512008667,nan
13.577862739562988,0.5212306380271912,-0.8660176992416382,0.00728303799405694,-0.005083153489977121,nan,nan,-2.60280704498291,279.29376220703125,0.4324224591255188,-0.8428738713264465,0.028411149978637695,1.0,1.0,12.1620512008667,nan
13.578363418579102,0.623546302318573,-0.7757377624511719,0.026618974283337593,-0.014386159367859364,nan,nan,-2.463691473007202,279.2713317871094,0.4482998251914978,-0.7783216238021851,-0.06253981590270996,1.0,1.0,12.1620512008667,nan
13.578863143920898,0.7326186299324036,-0.6871297359466553,0.0008377255871891975,-0.014386160299181938,nan,nan,-2.3256118297576904,279.2061462402344,0.6001783013343811,-0.6936812400817871,-0.009735822677612305,1.0,1.0,12.1620512008667,nan
13.579362869262695,0.8156298995018005,-0.5767877101898193,-0.008830243721604347,-0.023689165711402893,nan,nan,-2.1854794025421143,279.228271484375,0.6552799344062805,-0.6336002349853516,-0.06111574172973633,1.0,1.0,12.1620512008667,nan
13.579862594604492,0.8947796821594238,-0.4597582519054413,0.03306428715586662,-0.014386160299181938,nan,nan,-2.0462093353271484,279.21380615234375,0.7989609837532043,-0.5157871246337891,-0.004832267761230469,1.0,1.0,12.1620512008667,nan
13.580363273620605,0.9469025731086731,-0.3293539881706238,0.04917756840586662,-0.005083153489977121,nan,nan,-1.9059895277023315,279.2395935058594,0.8668854832649231,-0.3985324203968048,-0.00269317626953125,1.0,1.0,12.1620512008667,nan
13.580862045288086,0.9826167225837708,-0.19393454492092133,0.021784991025924683,-0.002292250981554389,nan,nan,-1.7666832208633423,279.22637939453125,0.8936817049980164,-0.28166013956069946,-0.016460180282592773,1.0,1.0,12.1620512008667,nan
13.581361770629883,1.0009561777114868,-0.05517100542783737,0.005671709310263395,0.0014289517421275377,nan,nan,-1.6268341541290283,279.2363586425781,0.8940333724021912,-0.14007528126239777,-0.006364345550537109,1.0,1.0,12.1620512008667,nan
13.58186149597168,1.0048168897628784,0.08192049711942673,0.00728303799405694,0.0060804556123912334,nan,nan,-1.4872283935546875,279.23583984375,0.9626791477203369,-0.019092902541160583,-0.01040339469909668,1.0,1.0,12.1620512008667,nan
13.582362174987793,0.972964346408844,0.23071514070034027,0.008894365280866623,0.001428951509296894,nan,nan,-1.3478856086730957,279.224365234375,0.8486036658287048,0.12603344023227692,0.0176389217376709,1.0,1.0,12.1620512008667,nan
13.58286190032959,0.9362850189208984,0.3544318974018097,0.015339678153395653,0.008871356956660748,nan,nan,-1.2078475952148438,279.24224853515625,0.8885823488235474,0.23497214913368225,-0.011438131332397461,1.0,1.0,12.1620512008667,nan
13.583361625671387,0.8667876720428467,0.4881797432899475,0.05240022763609886,0.022825870662927628,nan,nan,-1.0688884258270264,279.2144470214844,0.8039485216140747,0.3527677357196808,0.0046389102935791016,1.0,1.0,12.1620512008667,nan
13.5838623046875,0.8011510372161865,0.6018656492233276,0.023396318778395653,0.0135228605940938,nan,nan,-0.9302103519439697,279.1754455566406,0.7971416115760803,0.4886859357357025,0.002401113510131836,1.0,1.0,12.1620512008667,nan
13.584362030029297,0.7065572738647461,0.7122073769569397,0.025007646530866623,0.007010755594819784,nan,nan,-0.7907660007476807,279.1695251464844,0.6477869749069214,0.5859408974647522,0.04849982261657715,1.0,1.0,12.1620512008667,nan
13.584860801696777,0.6129286885261536,0.7941279411315918,-0.03622282296419144,0.0014289510436356068,nan,nan,-0.6507501602172852,279.1873474121094,0.6710831522941589,0.6908264756202698,-0.027243614196777344,1.0,1.0,12.1620512008667,nan
13.585360527038574,0.4951689541339874,0.8710331320762634,0.004060381092131138,0.019104665145277977,nan,nan,-0.5127308368682861,279.12139892578125,0.5657169222831726,0.7590098977088928,-0.034923553466796875,1.0,1.0,12.1620512008667,nan
13.585861206054688,0.3696877956390381,0.9312195777893066,-0.018498212099075317,0.017244063317775726,nan,nan,-0.3740661144256592,279.0836486816406,0.43578630685806274,0.8256966471672058,-0.01864790916442871,1.0,1.0,12.1620512008667,nan
13.586360931396484,0.2345540076494217,0.9780313372612,-0.002384931780397892,0.019104665145277977,nan,nan,-0.23473691940307617,279.0750732421875,0.27451425790786743,0.8927202224731445,0.029519319534301758,1.0,1.0,12.1620512008667,nan
13.586860656738281,0.08397617936134338,1.0081244707107544,0.04595491290092468,0.01538346242159605,nan,nan,-0.09456062316894531,279.1021728515625,0.09223054349422455,0.9228182435035706,0.08831048011779785,1.0,1.0,12.1620512008667,nan
13.587361335754395,-0.04536661505699158,1.0047810077667236,-0.008830243721604347,0.01538346242159605,nan,nan,0.04598569869995117,279.143310546875,0.07048537582159042,0.941005289554596,-0.027859210968017578,1.0,1.0,12.1620512008667,nan
13.587861061096191,-0.18243058025836945,0.9914060831069946,0.005671709775924683,0.016313763335347176,nan,nan,0.1849353313446045,279.11724853515625,-0.09134956449270248,0.9611002206802368,0.0028378963470458984,1.0,1.0,12.1620512008667,nan
13.588360786437988,-0.32335594296455383,0.9512816071510315,-0.005607587285339832,0.019104665145277977,nan,nan,0.325042724609375,279.1402282714844,-0.2020941525697708,0.9009016156196594,-0.011412382125854492,1.0,1.0,12.1620512008667,nan
13.588860511779785,-0.45076796412467957,0.9044699668884277,-0.005607586354017258,0.02282586693763733,nan,nan,0.46386003494262695,279.10870361328125,-0.36789292097091675,0.89926677942276,0.017538785934448242,1.0,1.0,12.1620512008667,nan
13.589360237121582,-0.5723887085914612,0.8242212533950806,-0.026554850861430168,0.012592560611665249,nan,nan,0.6038522720336914,279.1271057128906,-0.4568559229373932,0.8016053438186646,0.007193088531494141,1.0,1.0,12.1620512008667,nan
13.589859962463379,-0.68049556016922,0.7439725399017334,-0.012052899226546288,0.007941056974232197,nan,nan,0.7422332763671875,279.07757568359375,-0.5741136074066162,0.7423902750015259,0.009057283401489258,1.0,1.0,12.1620512008667,nan
13.590359687805176,-0.7808809280395508,0.6369743943214417,-0.021720867604017258,0.015383461490273476,nan,nan,0.8823440074920654,279.10162353515625,-0.6841561794281006,0.6364101767539978,0.032323360443115234,1.0,1.0,12.1620512008667,nan
13.590860366821289,-0.8687179684638977,0.5316478610038757,0.020173663273453712,0.01538346242159605,nan,nan,1.0218088626861572,279.0981140136719,-0.8122323155403137,0.5567723512649536,0.04123544692993164,1.0,1.0,12.1620512008667,nan
13.591360092163086,-0.924701988697052,0.394555926322937,-0.028166182339191437,0.004219853784888983,nan,nan,1.162597894668579,279.1499938964844,-0.821481466293335,0.4363641142845154,0.012974262237548828,1.0,1.0,12.1620512008667,nan
13.591859817504883,-0.977790355682373,0.2691677510738373,-0.021720867604017258,0.004219854716211557,nan,nan,1.3016588687896729,279.1284484863281,-0.9390485286712646,0.33525550365448,0.019309520721435547,1.0,1.0,12.1620512008667,nan
13.59235954284668,-1.0009561777114868,0.12873220443725586,-0.016886884346604347,-0.0022922514472156763,nan,nan,1.4411981105804443,279.1273498535156,-0.9170145988464355,0.20378737151622772,0.003941535949707031,1.0,1.0,12.1620512008667,nan
13.592860221862793,-1.0164000988006592,-0.008359294384717941,-0.028166180476546288,0.0004986515850760043,nan,nan,1.58064866065979,279.1226501464844,-0.9841158390045166,0.07187844812870026,0.010282516479492188,1.0,1.0,12.1620512008667,nan
13.593358993530273,-0.9913035035133362,-0.15213805437088013,-0.05072477459907532,-0.00880435574799776,nan,nan,1.720078706741333,279.1170959472656,-0.9185529947280884,-0.022446634247899055,-0.031984806060791016,1.0,1.0,12.1620512008667,nan
13.59385871887207,-0.9787557125091553,-0.2808707058429718,0.008894365280866623,-0.013455859385430813,nan,nan,1.8594138622283936,279.10772705078125,-1.0192664861679077,-0.18598051369190216,-0.01520538330078125,1.0,1.0,12.1620512008667,nan
13.594359397888184,-0.9179453253746033,-0.41963422298431396,-0.028166180476546288,-0.010664956644177437,nan,nan,1.9977662563323975,279.0572509765625,-0.8980868458747864,-0.29537734389305115,-0.01630687713623047,1.0,1.0,12.1620512008667,nan
13.59485912322998,-0.8387953639030457,-0.55003821849823,-0.041056808084249496,-0.01810736395418644,nan,nan,2.13763165473938,279.0718078613281,-0.7162991762161255,-0.4141522943973541,0.050583839416503906,1.0,1.0,12.1620512008667,nan
13.595358848571777,-0.7654369473457336,-0.6570363640785217,-0.010441571474075317,-0.013455859385430813,nan,nan,2.2770192623138428,279.0653076171875,-0.7617233395576477,-0.5220627188682556,-0.012453556060791016,1.0,1.0,12.1620512008667,nan
13.595858573913574,-0.6669824719429016,-0.7606911659240723,-0.024943524971604347,-0.012525558471679688,nan,nan,2.416330575942993,279.0559387207031,-0.6644212603569031,-0.6427544951438904,0.016336917877197266,1.0,1.0,12.1620512008667,nan
13.596359252929688,-0.556944727897644,-0.8442832827568054,-0.0023849308490753174,-0.023689167574048042,nan,nan,2.556314706802368,279.0750427246094,-0.5770334005355835,-0.7322599291801453,0.010917186737060547,1.0,1.0,12.1620512008667,nan
13.596858978271484,-0.427602082490921,-0.9111571907997131,0.005671710707247257,-0.01903766393661499,nan,nan,2.696580648422241,279.1056823730469,-0.4374113380908966,-0.784609854221344,0.0295562744140625,1.0,1.0,12.1620512008667,nan
13.597357749938965,-0.30405136942863464,-0.9613127112388611,0.015339678153395653,-0.007874054834246635,nan,nan,2.83685040473938,279.1358642578125,-0.3823460340499878,-0.8603307604789734,-0.020540237426757812,1.0,1.0,12.1620512008667,nan
13.597858428955078,-0.1592647284269333,-0.9980933666229248,-0.005607586354017258,-0.01810736209154129,nan,nan,2.9769222736358643,279.1573486328125,-0.21405154466629028,-0.9152206182479858,0.028049945831298828,1.0,1.0,12.1620512008667,nan
13.598358154296875,-0.029922546818852425,-1.0047810077667236,-0.0072189150378108025,-0.009734656661748886,nan,nan,3.1167094707489014,279.16595458984375,-0.17751729488372803,-0.9464446902275085,-0.06779289245605469,1.0,1.0,12.1620512008667,nan
13.598857879638672,0.11486370116472244,-1.0014371871948242,0.042732253670692444,-0.01996796391904354,nan,nan,-3.028151750564575,279.1132507324219,0.0014949992764741182,-0.9307447671890259,-0.01891613006591797,1.0,1.0,12.1620512008667,nan
13.599357604980469,0.2557890713214874,-0.9813751578330994,-0.0007736030966043472,-0.01717706210911274,nan,nan,-2.8884966373443604,279.1175537109375,0.15646956861019135,-0.9490897059440613,0.003309965133666992,1.0,1.0,12.1620512008667,nan
13.599858283996582,0.39864489436149597,-0.9379069209098816,0.0008377255871891975,-0.01624676212668419,nan,nan,-2.747324228286743,279.18560791015625,0.34996533393859863,-0.9018771052360535,0.06919741630554199,1.0,1.0,12.1620512008667,nan
13.600358009338379,0.5144743919372559,-0.8643457293510437,0.021784991025924683,-0.01717706024646759,nan,nan,-2.606379985809326,279.2422180175781,0.3566471338272095,-0.856878399848938,-0.047965049743652344,1.0,1.0,12.1620512008667,nan
13.600857734680176,0.6370596289634705,-0.7857690453529358,0.00728303799405694,-0.010664957575500011,nan,nan,-2.467562437057495,279.2085876464844,0.5060058832168579,-0.7649255990982056,0.0034377574920654297,1.0,1.0,12.1620512008667,nan
13.601358413696289,0.742271363735199,-0.6904733777046204,-0.003996260464191437,-0.032061874866485596,nan,nan,-2.3273327350616455,279.2350158691406,0.6346760392189026,-0.7091423869132996,0.00885629653930664,1.0,1.0,12.1620512008667,nan
13.60185718536377,0.8233513832092285,-0.5767877101898193,0.008894365280866623,-0.011595258489251137,nan,nan,-2.187560796737671,279.2414245605469,0.6528355479240417,-0.6106647849082947,-0.04240679740905762,1.0,1.0,12.1620512008667,nan
13.602356910705566,0.9053969979286194,-0.46143028140068054,0.026618974283337593,-0.010664957575500011,nan,nan,-2.0475504398345947,279.2579650878906,0.8481782674789429,-0.5186864733695984,0.021033763885498047,1.0,1.0,12.1620512008667,nan
13.602856636047363,0.9604160785675049,-0.3260105848312378,0.028230302035808563,-0.009734656661748886,nan,nan,-1.9067704677581787,279.30633544921875,0.8652879595756531,-0.3724534511566162,0.022662878036499023,1.0,1.0,12.1620512008667,nan
13.603357315063477,0.9999908804893494,-0.19059067964553833,0.013728350400924683,-0.006943754386156797,nan,nan,-1.766924500465393,279.3143615722656,0.9205887913703918,-0.2630404829978943,0.01092386245727539,1.0,1.0,12.1620512008667,nan
13.603857040405273,1.0154346227645874,-0.050155553966760635,0.015339678153395653,0.0070107560604810715,nan,nan,-1.6272523403167725,279.3149108886719,0.9232233762741089,-0.13160084187984467,0.007963180541992188,1.0,1.0,12.1620512008667,nan
13.60435676574707,1.0048173666000366,0.09529523551464081,0.042732253670692444,0.007941055111587048,nan,nan,-1.4874292612075806,279.3218078613281,0.903076171875,-0.009301948361098766,-0.0006020069122314453,1.0,1.0,12.1620512008667,nan
13.604856491088867,0.9845470786094666,0.23071514070034027,0.013728350400924683,0.007941056974232197,nan,nan,-1.3473780155181885,279.3382873535156,0.9023728966712952,0.12159407883882523,0.003612041473388672,1.0,1.0,12.1620512008667,nan
13.60535717010498,0.9362850189208984,0.36780664324760437,0.020173663273453712,0.02654707245528698,nan,nan,-1.2077499628067017,279.3365478515625,0.8639543056488037,0.2423255741596222,0.003498077392578125,1.0,1.0,12.1620512008667,nan
13.605855941772461,0.8822314739227295,0.494867205619812,0.0475662425160408,0.0014289531391113997,nan,nan,-1.067793607711792,279.3487243652344,0.8534950017929077,0.3761066794395447,0.005160331726074219,1.0,1.0,12.1620512008667,nan
13.606355667114258,0.7992205619812012,0.6185837388038635,0.0024490533396601677,0.016313763335347176,nan,nan,-0.9267706871032715,279.4053649902344,0.720620334148407,0.5001594424247742,0.05603742599487305,1.0,1.0,12.1620512008667,nan
13.606856346130371,0.7084874510765076,0.7222387194633484,0.015339678153395653,0.008871356956660748,nan,nan,-0.7863490581512451,279.4355163574219,0.705887496471405,0.6115812659263611,0.02269148826599121,1.0,1.0,12.1620512008667,nan
13.607356071472168,0.6071375012397766,0.8108462691307068,0.008894365280866623,-0.015316460281610489,nan,nan,-0.6472444534301758,279.4097595214844,0.6514190435409546,0.694908082485199,-0.012820005416870117,1.0,1.0,12.1620512008667,nan
13.607855796813965,0.48358651995658875,0.8877513408660889,0.007283037528395653,0.017244063317775726,nan,nan,-0.5066070556640625,279.4488220214844,0.5323684215545654,0.7741438746452332,-0.0027086734771728516,1.0,1.0,12.1620512008667,nan
13.608355522155762,0.3561745584011078,0.9445943832397461,0.016951005905866623,0.019104663282632828,nan,nan,-0.3662142753601074,279.4769592285156,0.43044304847717285,0.8473019599914551,-0.010751724243164062,1.0,1.0,12.1620512008667,nan
13.608856201171875,0.2075272649526596,0.994749903678894,0.0475662425160408,0.016313765197992325,nan,nan,-0.22522449493408203,279.5295104980469,0.23332321643829346,0.8795385360717773,0.059302330017089844,1.0,1.0,12.1620512008667,nan
13.609355926513672,0.06853210926055908,1.011468529701233,0.002449052408337593,0.021895568817853928,nan,nan,-0.08250808715820312,279.6534423828125,0.11873094737529755,0.9344735145568848,0.04951357841491699,1.0,1.0,12.1620512008667,nan
13.609855651855469,-0.07625402510166168,1.0148118734359741,-0.0330001637339592,0.010731960646808147,nan,nan,0.0587916374206543,279.7154235839844,-0.045350924134254456,0.9492201209068298,0.08249258995056152,1.0,1.0,12.1620512008667,nan
13.610355377197266,-0.2152489423751831,0.9914060831069946,-0.0072189150378108025,0.02189556695520878,nan,nan,0.19898056983947754,279.72943115234375,-0.12605537474155426,0.9231463074684143,0.030058622360229492,1.0,1.0,12.1620512008667,nan
13.610855102539062,-0.3561743199825287,0.9512816071510315,0.015339678153395653,0.021895568817853928,nan,nan,0.3399980068206787,279.77789306640625,-0.28142863512039185,0.9034615755081177,0.055426836013793945,1.0,1.0,12.1620512008667,nan
13.61135482788086,-0.4797251224517822,0.8877513408660889,-0.008830243721604347,0.02468646876513958,nan,nan,0.4803605079650879,279.79742431640625,-0.3397340774536133,0.8530151844024658,-0.008151054382324219,1.0,1.0,12.1620512008667,nan
13.611854553222656,-0.598450243473053,0.8125184774398804,-0.015275556594133377,0.011662259697914124,nan,nan,0.6208412647247314,279.822021484375,-0.4883078932762146,0.7934759855270386,0.02416229248046875,1.0,1.0,12.1620512008667,nan
13.61235523223877,-0.705592155456543,0.7205667495727539,-0.016886882483959198,0.016313763335347176,nan,nan,0.7614595890045166,279.8515930175781,-0.5645860433578491,0.7331632971763611,-0.012044429779052734,1.0,1.0,12.1620512008667,nan
13.612854957580566,-0.8011510372161865,0.6152401566505432,-0.03138883411884308,0.009801658801734447,nan,nan,0.9009501934051514,279.83343505859375,-0.6800754070281982,0.6302567720413208,0.015752792358398438,1.0,1.0,12.1620512008667,nan
13.613354682922363,-0.8831965327262878,0.49988266825675964,-0.03461149334907532,0.007941055111587048,nan,nan,1.0421745777130127,279.8884582519531,-0.8173168897628784,0.5438835620880127,0.03486347198486328,1.0,1.0,12.1620512008667,nan
13.613855361938477,-0.9555895924568176,0.37449410557746887,0.026618976145982742,0.011662259697914124,nan,nan,1.1832401752471924,279.9358215332031,-0.9357485175132751,0.40087950229644775,0.07639598846435547,1.0,1.0,12.1620512008667,nan
13.614354133605957,-0.9884079098701477,0.2307153344154358,-0.016886884346604347,0.010731958784162998,nan,nan,1.3241527080535889,279.9753723144531,-0.9180481433868408,0.2970673739910126,0.02708911895751953,1.0,1.0,12.1620512008667,nan
13.614853858947754,-1.018330454826355,0.09863908588886261,-0.029777508229017258,-0.0004316488921176642,nan,nan,1.4645912647247314,279.9942932128906,-0.9916192293167114,0.17485429346561432,0.025063037872314453,1.0,1.0,12.1620512008667,nan
13.61535358428955,-1.0135045051574707,-0.04681171104311943,-0.024943523108959198,-0.005083152558654547,nan,nan,1.604482889175415,279.9898376464844,-0.9756308197975159,0.06662409007549286,-0.008615493774414062,1.0,1.0,12.1620512008667,nan
13.615854263305664,-1.0048168897628784,-0.182231605052948,0.015339678153395653,-0.004152852110564709,nan,nan,1.7440836429595947,279.9732360839844,-1.0184096097946167,-0.0697038322687149,-0.011714935302734375,1.0,1.0,12.1620512008667,nan
13.616353988647461,-0.9594507217407227,-0.32768240571022034,-0.021720867604017258,-0.00694375392049551,nan,nan,1.8835465908050537,279.95123291015625,-0.8849428296089172,-0.19759638607501984,0.00021123886108398438,1.0,1.0,12.1620512008667,nan
13.616853713989258,-0.9131190776824951,-0.44805529713630676,0.020173663273453712,-0.010664957575500011,nan,nan,2.0236618518829346,279.95703125,-0.9385459423065186,-0.32625532150268555,-0.02514028549194336,1.0,1.0,12.1620512008667,nan
13.617354393005371,-0.8339693546295166,-0.5784597396850586,-0.03461149334907532,0.0004986515850760043,nan,nan,2.1629574298858643,279.928466796875,-0.822783350944519,-0.4425642788410187,-0.0054187774658203125,1.0,1.0,12.1620512008667,nan
13.617854118347168,-0.7442019581794739,-0.6871297359466553,-0.041056808084249496,-0.01810736395418644,nan,nan,2.303239583969116,279.94171142578125,-0.760615885257721,-0.5527476072311401,-0.010786056518554688,1.0,1.0,12.1620512008667,nan
13.618352890014648,-0.6418861746788025,-0.7840970158576965,-0.02977750636637211,-0.02089826390147209,nan,nan,2.442713975906372,279.92041015625,-0.6896253824234009,-0.647917628288269,-0.024527549743652344,1.0,1.0,12.1620512008667,nan
13.618852615356445,-0.5318484306335449,-0.8676895499229431,0.016951007768511772,-0.012525558471679688,nan,nan,2.582312822341919,279.90545654296875,-0.5460144877433777,-0.7654574513435364,0.03307151794433594,1.0,1.0,12.1620512008667,nan
13.619353294372559,-0.40250587463378906,-0.9312195777893066,0.013728350400924683,-0.014386160299181938,nan,nan,2.722722291946411,279.9245910644531,-0.4559008777141571,-0.8130548596382141,0.001102447509765625,1.0,1.0,12.1620512008667,nan
13.619853019714355,-0.2615804076194763,-0.9847185611724854,-0.023332195356488228,-0.015316460281610489,nan,nan,2.8637888431549072,279.97119140625,-0.2949000597000122,-0.8811196088790894,0.04832029342651367,1.0,1.0,12.1620512008667,nan
13.620352745056152,-0.12065529078245163,-1.011468529701233,-0.021720867604017258,-0.027410369366407394,nan,nan,3.004859209060669,280.01666259765625,-0.1877642720937729,-0.9291226267814636,0.03075885772705078,1.0,1.0,12.1620512008667,nan
13.620853424072266,0.018339376896619797,-1.011468529701233,-0.0039962586015462875,-0.01903766207396984,nan,nan,-3.135589599609375,280.131103515625,-0.08273126929998398,-0.9367702007293701,-0.0007567405700683594,1.0,1.0,12.1620512008667,nan
13.621353149414062,0.16505631804466248,-1.0014371871948242,0.004060381092131138,-0.01810736209154129,nan,nan,-2.995561361312866,280.1292724609375,0.04579521715641022,-0.9159005880355835,-0.0027480125427246094,1.0,1.0,12.1620512008667,nan
13.62185287475586,0.30212101340293884,-0.9713440537452698,0.010505693964660168,-0.021828563883900642,nan,nan,-2.855006694793701,280.1501770019531,0.22178547084331512,-0.9190797209739685,0.04372549057006836,1.0,1.0,12.1620512008667,nan
13.622352600097656,0.43725454807281494,-0.9178448915481567,0.002449052408337593,-0.028340669348835945,nan,nan,-2.713460922241211,280.21197509765625,0.3318653702735901,-0.8779606223106384,0.026738405227661133,1.0,1.0,12.1620512008667,nan
13.622852325439453,0.5588752031326294,-0.8476271033287048,0.013728350400924683,-0.014386160299181938,nan,nan,-2.5722289085388184,280.2591552734375,0.4266867935657501,-0.8449337482452393,-0.008384466171264648,1.0,1.0,12.1620512008667,nan
13.62335205078125,0.677600085735321,-0.7623627185821533,0.013728349469602108,-0.021828563883900642,nan,nan,-2.43105411529541,280.3031921386719,0.5890225768089294,-0.7728101015090942,0.03425121307373047,1.0,1.0,12.1620512008667,nan
13.623851776123047,0.7760545611381531,-0.6587082147598267,0.020173661410808563,-0.01810736209154129,nan,nan,-2.290868043899536,280.3046875,0.6746422052383423,-0.6758379340171814,0.027296781539916992,1.0,1.0,12.1620512008667,nan
13.624351501464844,0.858100175857544,-0.5433507561683655,0.026618976145982742,-0.006943754386156797,nan,nan,-2.150059700012207,280.3323974609375,0.7704664468765259,-0.5779421925544739,0.02921152114868164,1.0,1.0,12.1620512008667,nan
13.624852180480957,0.9237367510795593,-0.41629016399383545,0.026618974283337593,-0.010664957575500011,nan,nan,-2.009676694869995,280.34161376953125,0.8226643204689026,-0.48387712240219116,0.0006046295166015625,1.0,1.0,12.1620512008667,nan
13.625351905822754,0.9613811373710632,-0.2708395719528198,0.04595491290092468,0.0004986515850760043,nan,nan,-1.8691377639770508,280.35699462890625,0.768500566482544,-0.33772552013397217,-0.022394895553588867,1.0,1.0,12.1620512008667,nan
13.62585163116455,1.0057822465896606,-0.1471228152513504,0.015339678153395653,0.001428951509296894,nan,nan,-1.7291233539581299,280.3501892089844,0.9297842979431152,-0.22973987460136414,0.009539127349853516,1.0,1.0,12.1620512008667,nan
13.626352310180664,1.0057824850082397,0.0,0.015339678153395653,0.0070107560604810715,nan,nan,-1.5889698266983032,280.34918212890625,0.8509249687194824,-0.11051890254020691,-0.017648935317993164,1.0,1.0,12.1620512008667,nan
13.626851081848145,1.0009559392929077,0.14210715889930725,0.008894365280866623,0.001428951509296894,nan,nan,-1.4489222764968872,280.3439636230469,0.9050145745277405,0.058841511607170105,0.036612510681152344,1.0,1.0,12.1620512008667,nan
13.627350807189941,0.9768252372741699,0.2708393633365631,0.0314529612660408,0.012592561542987823,nan,nan,-1.3087207078933716,280.34515380859375,0.976098895072937,0.16175325214862823,-0.004464864730834961,1.0,1.0,12.1620512008667,nan
13.627850532531738,0.9227717518806458,0.4112747013568878,0.020173661410808563,0.011662258766591549,nan,nan,-1.1687043905258179,280.338623046875,0.8556744456291199,0.2995177209377289,0.028139352798461914,1.0,1.0,12.1620512008667,nan
13.628351211547852,0.8609960675239563,0.5316480398178101,0.016951005905866623,0.019104663282632828,nan,nan,-1.0288689136505127,280.3246154785156,0.852948784828186,0.39911088347435,-0.010916948318481445,1.0,1.0,12.1620512008667,nan
13.628850936889648,0.7654373645782471,0.650348961353302,0.028230303898453712,0.0144531624391675,nan,nan,-0.8889272212982178,280.31549072265625,0.7177594900131226,0.4859580099582672,0.006712913513183594,1.0,1.0,12.1620512008667,nan
13.629350662231445,0.6776003241539001,0.7423005104064941,-0.024943523108959198,0.02468646876513958,nan,nan,-0.7487504482269287,280.31610107421875,0.7098883390426636,0.6042406558990479,-0.023569345474243164,1.0,1.0,12.1620512008667,nan
13.629851341247559,0.5781800150871277,0.8275648355484009,-0.0072189150378108025,0.018174365162849426,nan,nan,-0.6113405227661133,280.20062255859375,0.67946457862854,0.6987353563308716,-0.06699633598327637,1.0,1.0,12.1620512008667,nan
13.630351066589355,0.44304636120796204,0.9044699668884277,0.06690217554569244,0.02561677061021328,nan,nan,-0.47153687477111816,280.1886291503906,0.46372219920158386,0.7832959294319153,0.030493497848510742,1.0,1.0,12.1620512008667,nan
13.630850791931152,0.31949517130851746,0.9546254277229309,-0.02816617861390114,0.02654707059264183,nan,nan,-0.3295626640319824,280.2672119140625,0.3930984139442444,0.8680950999259949,-0.002268552780151367,1.0,1.0,12.1620512008667,nan
13.631349563598633,0.18243084847927094,0.9914060831069946,0.005671709775924683,0.02375616878271103,nan,nan,-0.1904006004333496,280.2266845703125,0.25946205854415894,0.875556230545044,-0.00434422492980957,1.0,1.0,12.1620512008667,nan
13.631850242614746,0.029922669753432274,1.018155813217163,0.04112092778086662,0.02561677061021328,nan,nan,-0.049460411071777344,280.2617492675781,0.03845685347914696,0.9341006278991699,0.10212087631225586,1.0,1.0,12.1620512008667,nan
13.632349967956543,-0.10328102111816406,1.0047810077667236,-0.005607587285339832,0.017244065180420876,nan,nan,0.09184718132019043,280.3108825683594,-0.004441500641405582,0.9297575950622559,0.006352901458740234,1.0,1.0,12.1620512008667,nan
13.63284969329834,-0.2442062497138977,0.9780313372612,0.013728350400924683,0.02282586693763733,nan,nan,0.2322988510131836,280.3232727050781,-0.13412247598171234,0.9153800010681152,0.006615400314331055,1.0,1.0,12.1620512008667,nan
13.633350372314453,-0.3774094581604004,0.9345629811286926,-0.020109541714191437,0.018174365162849426,nan,nan,0.3741180896759033,280.392822265625,-0.2574278712272644,0.9010141491889954,-0.002409696578979492,1.0,1.0,12.1620512008667,nan
13.63385009765625,-0.5096480250358582,0.8727049827575684,-0.015275555662810802,0.015383461490273476,nan,nan,0.5144932270050049,280.4004821777344,-0.4200259745121002,0.8396958112716675,0.04293012619018555,1.0,1.0,12.1620512008667,nan
13.634349822998047,-0.6341642737388611,0.7974717617034912,0.0008377254125662148,0.0004986511776223779,nan,nan,0.6559288501739502,280.4525146484375,-0.5796851515769958,0.7629104256629944,0.0876467227935791,1.0,1.0,12.1620512008667,nan
13.634849548339844,-0.7229664325714111,0.6904736161231995,-0.02816617861390114,0.011662259697914124,nan,nan,0.7961554527282715,280.45233154296875,-0.5432410836219788,0.6811977028846741,-0.029633522033691406,1.0,1.0,12.1620512008667,nan
13.63534927368164,-0.8175600171089172,0.5868188738822937,-0.0410568043589592,0.0004986515850760043,nan,nan,0.9367620944976807,280.4683532714844,-0.6859933137893677,0.6129387617111206,-0.001739501953125,1.0,1.0,12.1620512008667,nan
13.635848999023438,-0.9015364050865173,0.4748047888278961,0.010505693964660168,0.007941056974232197,nan,nan,1.0763609409332275,280.44195556640625,-0.8479686379432678,0.5111728310585022,0.045575618743896484,1.0,1.0,12.1620512008667,nan
13.636348724365234,-0.9469027519226074,0.33604171872138977,-0.024943524971604347,0.0060804556123912334,nan,nan,1.217484712600708,280.47979736328125,-0.8440992832183838,0.4064072370529175,-0.001956939697265625,1.0,1.0,12.1620512008667,nan
13.636849403381348,-0.9999908804893494,0.21065311133861542,-0.010441571474075317,0.010731958784162998,nan,nan,1.357720136642456,280.4795837402344,-0.9935052990913391,0.2981315553188324,0.015061378479003906,1.0,1.0,12.1620512008667,nan
13.637349128723145,-1.0038517713546753,0.0568426139652729,-0.028166180476546288,-0.003222551429644227,nan,nan,1.4984514713287354,280.5002136230469,-0.9021008610725403,0.1339874565601349,0.01843118667602539,1.0,1.0,12.1620512008667,nan
13.637848854064941,-1.0067476034164429,-0.07188959419727325,-0.02816617861390114,-0.006943753454834223,nan,nan,1.6381142139434814,280.4754638671875,-0.9788397550582886,0.050980739295482635,-0.02601146697998047,1.0,1.0,12.1620512008667,nan
13.638348579406738,-0.987442672252655,-0.21232473850250244,-0.007218914572149515,-0.011595258489251137,nan,nan,1.7774760723114014,280.43865966796875,-0.958552896976471,-0.0978308841586113,-0.011580467224121094,1.0,1.0,12.1620512008667,nan
13.638849258422852,-0.9526941180229187,-0.33938533067703247,0.021784991025924683,-0.013455859385430813,nan,nan,1.917175531387329,280.416748046875,-0.9820277094841003,-0.20843249559402466,-0.04398775100708008,1.0,1.0,12.1620512008667,nan
13.639348030090332,-0.8889878392219543,-0.4764768183231354,-0.008830242790281773,-0.014386160299181938,nan,nan,2.056126832962036,280.36395263671875,-0.8749102354049683,-0.34278711676597595,-0.018579483032226562,1.0,1.0,12.1620512008667,nan
13.639847755432129,-0.8117685914039612,-0.5968499779701233,-0.018498212099075317,-0.00880435574799776,nan,nan,2.1957638263702393,280.341064453125,-0.7918660640716553,-0.45803871750831604,-0.007183074951171875,1.0,1.0,12.1620512008667,nan
13.640348434448242,-0.7162097096443176,-0.7021764516830444,-0.018498212099075317,-0.023689165711402893,nan,nan,2.3352882862091064,280.3136291503906,-0.7227937579154968,-0.5468202829360962,-0.02352142333984375,1.0,1.0,12.1620512008667,nan
13.640848159790039,-0.6187200546264648,-0.7974715232849121,0.013728350400924683,-0.01810736209154129,nan,nan,2.4748194217681885,280.2874450683594,-0.6279920339584351,-0.6699631810188293,0.007119178771972656,1.0,1.0,12.1620512008667,nan
13.641347885131836,-0.49903035163879395,-0.8710331320762634,0.016951005905866623,-0.01624676212668419,nan,nan,2.615103006362915,280.2934265136719,-0.5021315217018127,-0.7285149693489075,0.01647186279296875,1.0,1.0,12.1620512008667,nan
13.641847610473633,-0.3754790127277374,-0.9345629811286926,0.023396318778395653,-0.01996796391904354,nan,nan,2.7555716037750244,280.3069152832031,-0.4193982481956482,-0.8287996649742126,0.0110015869140625,1.0,1.0,12.1620512008667,nan
13.642348289489746,-0.24227569997310638,-0.9746874570846558,-0.03622282296419144,-0.02089826576411724,nan,nan,2.895263910293579,280.28741455078125,-0.37687036395072937,-0.8752369284629822,-0.06716156005859375,1.0,1.0,12.1620512008667,nan
13.642848014831543,-0.09748943895101547,-1.0014371871948242,-0.015275555662810802,-0.021828563883900642,nan,nan,3.0366642475128174,280.34014892578125,-0.16304108500480652,-0.9125089645385742,0.021617412567138672,1.0,1.0,12.1620512008667,nan
13.64334774017334,0.03957502916455269,-1.0047810077667236,0.015339679084718227,-0.024619467556476593,nan,nan,-3.1071629524230957,280.3057556152344,-0.08920756727457047,-0.937782347202301,-0.0360262393951416,1.0,1.0,12.1620512008667,nan
13.64384651184082,0.18049991130828857,-0.9880626797676086,0.007283038459718227,-0.01996796391904354,nan,nan,-2.9674694538116455,280.2865295410156,0.06900553405284882,-0.9207016229629517,-0.0059506893157958984,1.0,1.0,12.1620512008667,nan
13.644347190856934,0.3137034773826599,-0.9546254277229309,0.026618974283337593,-0.014386159367859364,nan,nan,-2.8277018070220947,280.27081298828125,0.21172001957893372,-0.9126409888267517,0.007477521896362305,1.0,1.0,12.1620512008667,nan
13.64484691619873,0.44690728187561035,-0.9044699668884277,0.007283038459718227,-0.01996796391904354,nan,nan,-2.688934803009033,280.2135314941406,0.35200271010398865,-0.8889808654785156,0.017801284790039062,1.0,1.0,12.1620512008667,nan
13.645346641540527,0.5646665692329407,-0.8309086561203003,0.03306428715586662,-0.025549765676259995,nan,nan,-2.5489306449890137,280.2090759277344,0.44537273049354553,-0.8257824778556824,-0.004701375961303711,1.0,1.0,12.1620512008667,nan
13.64584732055664,0.6689126491546631,-0.7439725399017334,0.012117021717131138,-0.011595258489251137,nan,nan,-2.4105868339538574,280.1351013183594,0.49715760350227356,-0.7465762495994568,-0.05039548873901367,1.0,1.0,12.1620512008667,nan
13.646347045898438,0.7712283134460449,-0.647005558013916,0.034675613045692444,-0.009734656661748886,nan,nan,-2.2704546451568604,280.1380615234375,0.6698489785194397,-0.6519668102264404,0.02121567726135254,1.0,1.0,12.1620512008667,nan
13.646846771240234,0.8465172648429871,-0.5299757719039917,0.013728350400924683,-0.006943754386156797,nan,nan,-2.132016658782959,280.0694885253906,0.6816620826721191,-0.5712718963623047,-0.04316377639770508,1.0,1.0,12.1620512008667,nan
13.647346496582031,0.9198759198188782,-0.41629016399383545,0.026618974283337593,-0.010664957575500011,nan,nan,-1.992772102355957,280.0362854003906,0.8569629788398743,-0.4818297028541565,0.003092527389526367,1.0,1.0,12.1620512008667,nan
13.647846221923828,0.9671725630760193,-0.2808704674243927,0.026618974283337593,-0.010664957575500011,nan,nan,-1.8527158498764038,280.0378723144531,0.9114809632301331,-0.3521115183830261,0.006606101989746094,1.0,1.0,12.1620512008667,nan
13.648345947265625,0.9951643943786621,-0.14545080065727234,0.004060381557792425,0.002359252655878663,nan,nan,-1.714089035987854,279.979248046875,0.9121078252792358,-0.24163052439689636,-0.02248096466064453,1.0,1.0,12.1620512008667,nan
13.648845672607422,0.999025821685791,-0.005015450529754162,0.005671709775924683,0.005150154698640108,nan,nan,-1.5748268365859985,279.94866943359375,0.882912814617157,-0.11469808965921402,-0.0320127010345459,1.0,1.0,12.1620512008667,nan
13.649346351623535,0.992268979549408,0.13040423393249512,0.023396318778395653,0.006080455146729946,nan,nan,-1.4359675645828247,279.9018249511719,0.9318897128105164,0.016990037634968758,-0.023436784744262695,1.0,1.0,12.1620512008667,nan
13.649846076965332,0.9691030979156494,0.2641521096229553,0.012117022648453712,0.0144531624391675,nan,nan,-1.2965705394744873,279.8785705566406,0.9350214004516602,0.14568421244621277,-0.026518583297729492,1.0,1.0,12.1620512008667,nan
13.650345802307129,0.9102232456207275,0.4062592387199402,0.03789827227592468,0.010731958784162998,nan,nan,-1.1564836502075195,279.8849182128906,0.8050877451896667,0.28906941413879395,0.023758888244628906,1.0,1.0,12.1620512008667,nan
13.650845527648926,0.8455522656440735,0.5249603390693665,0.013728350400924683,0.007941056974232197,nan,nan,-1.0165584087371826,279.88409423828125,0.8036875128746033,0.3944655656814575,-0.004726886749267578,1.0,1.0,12.1620512008667,nan
13.651346206665039,0.7721936106681824,0.6319587826728821,0.013728351332247257,0.019104665145277977,nan,nan,-0.8769702911376953,279.869140625,0.8093652129173279,0.5155290365219116,-0.033566951751708984,1.0,1.0,12.1620512008667,nan
13.651845932006836,0.6814611554145813,0.7356132864952087,-0.03461149334907532,0.0004986515850760043,nan,nan,-0.7367784976959229,279.87994384765625,0.7099387645721436,0.6240476965904236,-0.019747257232666016,1.0,1.0,12.1620512008667,nan
13.652344703674316,0.5579097270965576,0.8292369246482849,0.008894366212189198,0.016313763335347176,nan,nan,-0.5969631671905518,279.87506103515625,0.5472584962844849,0.7127392292022705,0.035552024841308594,1.0,1.0,12.1620512008667,nan
13.65284538269043,0.4449763298034668,0.8944390416145325,-0.016886882483959198,0.018174365162849426,nan,nan,-0.4563148021697998,279.9048156738281,0.5268457531929016,0.8040764927864075,-0.030586719512939453,1.0,1.0,12.1620512008667,nan
13.653345108032227,0.313703715801239,0.9512816071510315,-0.005607587285339832,0.0135228605940938,nan,nan,-0.31696367263793945,279.8798828125,0.37390637397766113,0.8570634722709656,-0.0011610984802246094,1.0,1.0,12.1620512008667,nan
13.653844833374023,0.16505657136440277,0.9914060831069946,0.04273225739598274,0.019104665145277977,nan,nan,-0.17531752586364746,279.95196533203125,0.17056848108768463,0.8944512605667114,0.08049726486206055,1.0,1.0,12.1620512008667,nan
13.65434455871582,0.0337836854159832,0.9980933666229248,-0.008830243721604347,0.01538346242159605,nan,nan,-0.034240007400512695,279.9977722167969,0.14943620562553406,0.9335423111915588,-0.0313262939453125,1.0,1.0,12.1620512008667,nan
13.654845237731934,-0.10328090190887451,0.994749903678894,-0.026554852724075317,0.008871356956660748,nan,nan,0.10551190376281738,279.987548828125,0.01072399877011776,0.9394744038581848,-0.02373647689819336,1.0,1.0,12.1620512008667,nan
13.65534496307373,-0.24613671004772186,0.9713440537452698,-0.0039962586015462875,0.012592560611665249,nan,nan,0.245924711227417,280.0052490234375,-0.14368076622486115,0.9184706807136536,0.0025577545166015625,1.0,1.0,12.1620512008667,nan
13.655844688415527,-0.3754790127277374,0.921188473701477,-0.024943524971604347,0.01538346242159605,nan,nan,0.3853905200958252,279.982666015625,-0.2293156385421753,0.8814136385917664,-0.037735700607299805,1.0,1.0,12.1620512008667,nan
13.656344413757324,-0.49903011322021484,0.8643454909324646,-0.0023849308490753174,0.011662259697914124,nan,nan,0.5249044895172119,279.9627380371094,-0.3632538318634033,0.8603457808494568,-0.03224658966064453,1.0,1.0,12.1620512008667,nan
13.656844139099121,-0.6158245205879211,0.7891122698783875,-0.024943524971604347,0.017244063317775726,nan,nan,0.664107084274292,279.9298400878906,-0.4745942950248718,0.8012767434120178,-0.03625226020812988,1.0,1.0,12.1620512008667,nan
13.657343864440918,-0.718140184879303,0.6921451687812805,-0.029777508229017258,0.005150155164301395,nan,nan,0.8043341636657715,279.94097900390625,-0.5994589328765869,0.7128885388374329,-0.011930704116821289,1.0,1.0,12.1620512008667,nan
13.657843589782715,-0.8136990070343018,0.5868186354637146,-0.023332195356488228,0.014453161507844925,nan,nan,0.9437401294708252,279.9176025390625,-0.7146238684654236,0.6084278225898743,0.015080928802490234,1.0,1.0,12.1620512008667,nan
13.658344268798828,-0.8831965327262878,0.4664455056190491,-0.024943523108959198,0.02468646876513958,nan,nan,1.0840084552764893,279.93060302734375,-0.7867526412010193,0.5326322913169861,-0.015128612518310547,1.0,1.0,12.1620512008667,nan
13.658843994140625,-0.9546244740486145,0.34941622614860535,0.026618976145982742,0.004219854716211557,nan,nan,1.2239658832550049,279.9302978515625,-0.9374932050704956,0.40506836771965027,0.03238677978515625,1.0,1.0,12.1620512008667,nan
13.659343719482422,-0.9787557125091553,0.2006217986345291,-0.016886884346604347,-0.0022922514472156763,nan,nan,1.3638083934783936,279.9250183105469,-0.8628994226455688,0.2740321457386017,-0.0072727203369140625,1.0,1.0,12.1620512008667,nan
13.659844398498535,-1.0067476034164429,0.07188959419727325,-0.016886882483959198,-0.0004316488921176642,nan,nan,1.503187894821167,279.900634765625,-0.9894734621047974,0.15384449064731598,0.006649971008300781,1.0,1.0,12.1620512008667,nan
13.660343170166016,-0.9932339787483215,-0.07523322850465775,-0.016886884346604347,-0.004152852576225996,nan,nan,1.6426441669464111,279.8797912597656,-0.9008079171180725,0.04599486663937569,-0.02973461151123047,1.0,1.0,12.1620512008667,nan
13.660842895507812,-0.9893732666969299,-0.20229382812976837,0.007283037528395653,-0.006943754386156797,nan,nan,1.7815001010894775,279.83428955078125,-0.9901213645935059,-0.09580628573894501,-0.02109241485595703,1.0,1.0,12.1620512008667,nan
13.66134262084961,-0.9430418014526367,-0.34272897243499756,-0.008830242790281773,-0.014386160299181938,nan,nan,1.9202735424041748,279.7862548828125,-0.9172471165657043,-0.23495139181613922,-0.005521297454833984,1.0,1.0,12.1620512008667,nan
13.661843299865723,-0.8967098593711853,-0.463101863861084,0.018562335520982742,-0.011595258489251137,nan,nan,2.059361696243286,279.75244140625,-0.9374768733978271,-0.34955042600631714,-0.038620948791503906,1.0,1.0,12.1620512008667,nan
13.66234302520752,-0.8165948390960693,-0.5884906053543091,0.0024490542709827423,-0.022758865728974342,nan,nan,2.1979057788848877,279.6965026855469,-0.8032186627388,-0.4664311110973358,-0.007841110229492188,1.0,1.0,12.1620512008667,nan
13.662842750549316,-0.7229662537574768,-0.6971606016159058,-0.0410568043589592,-0.006943753454834223,nan,nan,2.3361103534698486,279.6275939941406,-0.7100881338119507,-0.5566229820251465,-0.007342815399169922,1.0,1.0,12.1620512008667,nan
13.66334342956543,-0.6274073123931885,-0.7824247479438782,-0.005607586819678545,-0.006943754386156797,nan,nan,2.474832773208618,279.5814208984375,-0.7064083814620972,-0.6280905604362488,-0.0844578742980957,1.0,1.0,12.1620512008667,nan
13.663843154907227,-0.5086824297904968,-0.867689311504364,0.013728349469602108,-0.010664956644177437,nan,nan,2.614323377609253,279.5689697265625,-0.5098711848258972,-0.7479063868522644,0.022151947021484375,1.0,1.0,12.1620512008667,nan
13.664342880249023,-0.38320115208625793,-0.9312195777893066,-0.0007736030966043472,-0.030201273038983345,nan,nan,2.755035638809204,279.6080627441406,-0.41005614399909973,-0.8416382670402527,0.026465892791748047,1.0,1.0,12.1620512008667,nan
13.664841651916504,-0.24420636892318726,-0.9780313372612,-0.015275555662810802,-0.01810736209154129,nan,nan,2.89516282081604,279.6217041015625,-0.292300820350647,-0.8913931250572205,0.022826671600341797,1.0,1.0,12.1620512008667,nan
13.665342330932617,-0.10714191198348999,-1.0014371871948242,-0.0330001637339592,-0.01903766207396984,nan,nan,3.0353472232818604,279.6373291015625,-0.20235596597194672,-0.926613450050354,-0.015654563903808594,1.0,1.0,12.1620512008667,nan
