time_s,v_alpha_v,v_beta_v,i_alpha_a,i_beta_a,encoder_angle_rad,encoder_speed_rad_s,pll_angle_rad,pll_speed_rad_s,emf_alpha_v,emf_beta_v,phase_error_rad,locked,active,bus_voltage_v,angle_error_rad
17.405651092529297,0.3079119026660919,-0.9780313372612,0.004060381557792425,-0.0013619501842185855,nan,nan,-2.8301265239715576,281.51934814453125,0.25239261984825134,-0.925291121006012,0.04882979393005371,1.0,1.0,12.1620512008667,nan
17.406152725219727,0.43725478649139404,-0.921188473701477,0.00728303799405694,-0.005083153489977121,nan,nan,-2.6891489028930664,281.528564453125,0.3604755103588104,-0.8889069557189941,0.02673172950744629,1.0,1.0,12.1620512008667,nan
17.406652450561523,0.5472925305366516,-0.8409395813941956,0.020173661410808563,-0.01810736209154129,nan,nan,-2.5497632026672363,281.4704284667969,0.3373654782772064,-0.8393368124961853,-0.11635327339172363,1.0,1.0,12.1620512008667,nan
17.40715217590332,0.6621559858322144,-0.7623629570007324,0.023396318778395653,0.002359252655878663,nan,nan,-2.411325454711914,281.3739318847656,0.5002647638320923,-0.7657878994941711,-0.0580906867980957,1.0,1.0,12.1620512008667,nan
17.407651901245117,0.7635065913200378,-0.6603800654411316,-0.012052899226546288,-0.02182856760919094,nan,nan,-2.2729034423828125,281.27874755859375,0.5839491486549377,-0.6765400171279907,-0.06316113471984863,1.0,1.0,12.1620512008667,nan
17.408151626586914,0.854239284992218,-0.5500380396842957,0.005671709775924683,-0.002292250981554389,nan,nan,-2.1328837871551514,281.2528076171875,0.7486341595649719,-0.551418125629425,0.021037817001342773,1.0,1.0,12.1620512008667,nan
17.40865135192871,0.9218063354492188,-0.42632147669792175,0.026618974283337593,-0.010664957575500011,nan,nan,-1.9917576313018799,281.27386474609375,0.8649461269378662,-0.46573102474212646,0.020832300186157227,1.0,1.0,12.1620512008667,nan
17.409151077270508,0.9797206521034241,-0.28588613867759705,-0.005607586354017258,-0.025549769401550293,nan,nan,-1.8508659601211548,281.2846374511719,0.9079266786575317,-0.30095550417900085,0.05393838882446289,1.0,1.0,12.1620512008667,nan
17.409652709960938,1.004817008972168,-0.14879463613033295,0.012117020785808563,-0.013455859385430813,nan,nan,-1.7095757722854614,281.31170654296875,0.9332413673400879,-0.21193745732307434,0.009237051010131836,1.0,1.0,12.1620512008667,nan
17.410152435302734,1.015434741973877,-0.010031111538410187,0.0314529612660408,-0.004152852110564709,nan,nan,-1.5684022903442383,281.3333740234375,0.9827494621276855,-0.10621652007102966,-0.016388654708862305,1.0,1.0,12.1620512008667,nan
17.4106502532959,1.0038516521453857,0.1370915025472641,0.005671709775924683,0.0032895533367991447,nan,nan,-1.427778959274292,281.3315734863281,0.9386379718780518,0.04784555360674858,0.0016553401947021484,1.0,1.0,12.1620512008667,nan
17.411149978637695,0.9806862473487854,0.27752685546875,0.026618974283337593,-0.003222551429644227,nan,nan,-1.2862505912780762,281.3680419921875,0.957405686378479,0.20989152789115906,0.025122880935668945,1.0,1.0,12.1620512008667,nan
17.411649703979492,0.9169802069664001,0.4213058054447174,0.050788894295692444,-0.00787405576556921,nan,nan,-1.1450779438018799,281.388671875,0.79511559009552,0.3024420440196991,0.03164386749267578,1.0,1.0,12.1620512008667,nan
17.41214942932129,0.8552044034004211,0.5483664274215698,0.023396318778395653,-0.01624676026403904,nan,nan,-1.0027265548706055,281.4581298828125,0.8059591054916382,0.4617169499397278,0.046140432357788086,1.0,1.0,12.1620512008667,nan
17.412649154663086,0.7644715905189514,0.658708393573761,0.0395096018910408,0.0004986515850760043,nan,nan,-0.8601710796356201,281.5346374511719,0.7355372309684753,0.5330727100372314,0.01035928726196289,1.0,1.0,12.1620512008667,nan
17.413150787353516,0.6669824719429016,0.7606911659240723,0.0008377255871891975,0.015383461490273476,nan,nan,-0.7184436321258545,281.5749206542969,0.6753613352775574,0.6645891666412354,0.018903017044067383,1.0,1.0,12.1620512008667,nan
17.413650512695312,0.555014431476593,0.8409398198127747,0.012117022648453712,0.031198576092720032,nan,nan,-0.5778710842132568,281.565673828125,0.6437302827835083,0.734218180179596,-0.048340559005737305,1.0,1.0,12.1620512008667,nan
17.41415023803711,0.42374131083488464,0.9245323538780212,0.0008377255871891975,0.015383461490273476,nan,nan,-0.4359257221221924,281.6147155761719,0.41546645760536194,0.8387820720672607,0.07015228271484375,1.0,1.0,12.1620512008667,nan
17.414648056030273,0.30212101340293884,0.9680002331733704,-0.0023849308490753174,0.011662259697914124,nan,nan,-0.2947707176208496,281.6292419433594,0.38721388578414917,0.8962633609771729,-0.01928567886352539,1.0,1.0,12.1620512008667,nan
17.415149688720703,0.14768217504024506,1.0014371871948242,-0.008830242790281773,0.02282586693763733,nan,nan,-0.15344023704528809,281.65118408203125,0.17448467016220093,0.8934727311134338,0.05465054512023926,1.0,1.0,12.1620512008667,nan
17.415647506713867,0.012547911144793034,1.011468529701233,0.002449052408337593,0.021895568817853928,nan,nan,-0.013143777847290039,281.62896728515625,0.10740889608860016,0.9313950538635254,-0.007867097854614258,1.0,1.0,12.1620512008667,nan
17.416147232055664,-0.13416890799999237,1.0047810077667236,-0.016886882483959198,0.0014289520913735032,nan,nan,0.1275956630706787,281.62603759765625,-0.07321236282587051,0.924491286277771,0.0454559326171875,1.0,1.0,12.1620512008667,nan
17.416648864746094,-0.2770247161388397,0.9813751578330994,-0.0410568043589592,0.02654707245528698,nan,nan,0.27099013328552246,281.7345886230469,-0.23928749561309814,0.9550862908363342,0.06865453720092773,1.0,1.0,12.1620512008667,nan
17.41714859008789,-0.40250587463378906,0.9245323538780212,0.002449053805321455,0.008871356956660748,nan,nan,0.41156959533691406,281.7223815917969,-0.2548668682575226,0.9016001224517822,-0.04238557815551758,1.0,1.0,12.1620512008667,nan
17.417648315429688,-0.5366746783256531,0.8593302369117737,-0.03944547474384308,0.016313763335347176,nan,nan,0.5531942844390869,281.7546691894531,-0.4549005329608917,0.8428458571434021,0.03574848175048828,1.0,1.0,12.1620512008667,nan
17.418148040771484,-0.6515383720397949,0.7740656733512878,0.018562333658337593,0.02375616692006588,nan,nan,0.693591833114624,281.734375,-0.4775020182132721,0.7536265254020691,-0.03510451316833496,1.0,1.0,12.1620512008667,nan
17.41864776611328,-0.7567499279975891,0.6787704229354858,-0.013664226979017258,0.018174365162849426,nan,nan,0.8349525928497314,281.75518798828125,-0.6748101711273193,0.6846555471420288,0.037236928939819336,1.0,1.0,12.1620512008667,nan
17.419147491455078,-0.8474826216697693,0.5617409348487854,-0.0023849308490753174,0.020965266972780228,nan,nan,0.9763410091400146,281.7767028808594,-0.7309060096740723,0.5728462338447571,0.02368640899658203,1.0,1.0,12.1620512008667,nan
17.419647216796875,-0.9131190776824951,0.43468037247657776,-0.021720867604017258,0.007941057905554771,nan,nan,1.1178333759307861,281.8019104003906,-0.7855706214904785,0.46692508459091187,0.010625839233398438,1.0,1.0,12.1620512008667,nan
17.420148849487305,-0.9729641079902649,0.3042765259742737,-0.03783414885401726,0.0153834642842412,nan,nan,1.258913278579712,281.8096618652344,-0.9088515043258667,0.33745506405830383,0.05046796798706055,1.0,1.0,12.1620512008667,nan
17.4206485748291,-0.999025821685791,0.1655130237340927,-0.013664226979017258,-0.00043164941598661244,nan,nan,1.400277853012085,281.8288269042969,-0.9019405245780945,0.24168774485588074,0.0026178359985351562,1.0,1.0,12.1620512008667,nan
17.4211483001709,-1.0125389099121094,0.028421515598893166,0.00728303799405694,0.00421985425055027,nan,nan,1.5407989025115967,281.812255859375,-0.9212398529052734,0.1373082995414734,-0.02416515350341797,1.0,1.0,12.1620512008667,nan
17.421648025512695,-1.0048171281814575,-0.12204493582248688,-0.03461149334907532,0.0004986515850760043,nan,nan,1.6818749904632568,281.8193054199219,-0.9178566932678223,-0.020259235054254532,0.004909515380859375,1.0,1.0,12.1620512008667,nan
17.422147750854492,-0.9797208309173584,-0.259136438369751,-0.026554852724075317,-0.0004316499689593911,nan,nan,1.8231556415557861,281.8349304199219,-0.9150022864341736,-0.1529705971479416,0.0072231292724609375,1.0,1.0,12.1620512008667,nan
17.42264747619629,-0.936284601688385,-0.39455634355545044,-0.024943523108959198,-0.005083152558654547,nan,nan,1.9647090435028076,281.86175537109375,-0.8999068140983582,-0.2930225431919098,0.014849662780761719,1.0,1.0,12.1620512008667,nan
17.423147201538086,-0.8716138005256653,-0.513257622718811,0.0024490542709827423,-0.02089826576411724,nan,nan,2.105684995651245,281.86346435546875,-0.9085915684700012,-0.36806541681289673,-0.0563201904296875,1.0,1.0,12.1620512008667,nan
17.423648834228516,-0.7847418189048767,-0.643661618232727,-0.04750211536884308,-0.010664955712854862,nan,nan,2.2463924884796143,281.8544616699219,-0.7404457926750183,-0.5370969176292419,0.046057701110839844,1.0,1.0,12.1620512008667,nan
17.424148559570312,-0.6920787692070007,-0.7439725399017334,-0.023332195356488228,-0.01717706024646759,nan,nan,2.3869831562042236,281.8401184082031,-0.7171811461448669,-0.6365931630134583,0.003674030303955078,1.0,1.0,12.1620512008667,nan
17.42464828491211,-0.5762495994567871,-0.8375961780548096,0.0024490535724908113,-0.004152852576225996,nan,nan,2.5290186405181885,281.8870849609375,-0.5612802505493164,-0.7389538288116455,0.05714273452758789,1.0,1.0,12.1620512008667,nan
17.425148010253906,-0.44690704345703125,-0.9044699668884277,-0.005607588216662407,-0.031131573021411896,nan,nan,2.671680212020874,281.95928955078125,-0.4691568613052368,-0.775688648223877,0.019980907440185547,1.0,1.0,12.1620512008667,nan
17.425647735595703,-0.31370383501052856,-0.9613127112388611,-0.000773601233959198,-0.022758865728974342,nan,nan,2.81331467628479,281.98687744140625,-0.3456636965274811,-0.8457415699958801,0.034383296966552734,1.0,1.0,12.1620512008667,nan
17.4261474609375,-0.18050038814544678,-1.0047810077667236,0.0008377255871891975,-0.01624676212668419,nan,nan,2.9548676013946533,282.0104675292969,-0.23496663570404053,-0.9537693858146667,0.039305686950683594,1.0,1.0,12.1620512008667,nan
17.426647186279297,-0.0337834432721138,-1.011468529701233,0.039509598165750504,-0.01810736209154129,nan,nan,3.0970842838287354,282.0614318847656,-0.08326303213834763,-0.9252092838287354,0.04894065856933594,1.0,1.0,12.1620512008667,nan
17.427148818969727,0.10714215785264969,-1.0081244707107544,0.025007646530866623,-0.026480067521333694,nan,nan,-3.044355869293213,282.0916748046875,0.02453230880200863,-0.951034426689148,0.022636890411376953,1.0,1.0,12.1620512008667,nan
17.42764663696289,0.2461368292570114,-0.9847185611724854,0.020173661410808563,-0.023689167574048042,nan,nan,-2.9029667377471924,282.1062316894531,0.13499443233013153,-0.9584577083587646,-0.0047261714935302734,1.0,1.0,12.1620512008667,nan
17.428146362304688,0.39092281460762024,-0.9412506818771362,-0.005607588216662407,-0.023689165711402893,nan,nan,-2.7611968517303467,282.1363830566406,0.28971919417381287,-0.8853117227554321,0.03000044822692871,1.0,1.0,12.1620512008667,nan
17.428646087646484,0.5164046287536621,-0.8743765950202942,0.023396318778395653,-0.01996796391904354,nan,nan,-2.6193759441375732,282.1680603027344,0.42349353432655334,-0.8600510358810425,0.029474496841430664,1.0,1.0,12.1620512008667,nan
17.42914581298828,0.6331987977027893,-0.7924562692642212,-0.012052899226546288,-0.006943754386156797,nan,nan,-2.478379249572754,282.1644592285156,0.4961699843406677,-0.7846930623054504,-0.005383014678955078,1.0,1.0,12.1620512008667,nan
17.429645538330078,0.7306881546974182,-0.6904733777046204,0.042732253670692444,-0.005083153489977121,nan,nan,-2.3364734649658203,282.19903564453125,0.5827521681785583,-0.707922101020813,-0.022467851638793945,1.0,1.0,12.1620512008667,nan
17.430145263671875,0.8281778693199158,-0.581803023815155,-0.010441571474075317,-0.007874054834246635,nan,nan,-2.1956992149353027,282.1856384277344,0.7020012736320496,-0.5953536629676819,0.015609979629516602,1.0,1.0,12.1620512008667,nan
17.430646896362305,0.9044318199157715,-0.4631020724773407,0.026618974283337593,-0.010664957575500011,nan,nan,-2.053999662399292,282.2111511230469,0.8294884562492371,-0.5148488283157349,0.0218355655670166,1.0,1.0,12.1620512008667,nan
17.4311466217041,0.9623461365699768,-0.3293541967868805,0.012117021717131138,-0.006013453472405672,nan,nan,-1.9122129678726196,282.23980712890625,0.8946808576583862,-0.37084993720054626,0.042685747146606445,1.0,1.0,12.1620512008667,nan
17.431644439697266,0.9893730282783508,-0.18891887366771698,0.03628694266080856,0.0004986515850760043,nan,nan,-1.7705506086349487,282.2625427246094,0.8986045718193054,-0.2921588718891144,-0.020630598068237305,1.0,1.0,12.1620512008667,nan
17.432144165039062,1.0106087923049927,-0.05182737112045288,0.012117022648453712,0.0144531624391675,nan,nan,-1.6293432712554932,282.2658996582031,0.9359621405601501,-0.14613424241542816,-0.0022974014282226562,1.0,1.0,12.1620512008667,nan
17.43264389038086,1.0096431970596313,0.09362363070249557,0.013728350400924683,0.002359252655878663,nan,nan,-1.4888702630996704,282.2381896972656,0.9325673580169678,-0.022919420152902603,-0.012511968612670898,1.0,1.0,12.1620512008667,nan
17.433143615722656,0.9961299300193787,0.23071514070034027,0.04917756840586662,-0.00880435574799776,nan,nan,-1.3480216264724731,282.2267761230469,0.9992933869361877,0.1414225995540619,0.011898279190063477,1.0,1.0,12.1620512008667,nan
17.433643341064453,0.936284601688385,0.37449410557746887,0.0314529612660408,0.012592561542987823,nan,nan,-1.2062159776687622,282.2558898925781,0.8250012397766113,0.2437761276960373,0.01684427261352539,1.0,1.0,12.1620512008667,nan
17.43414306640625,0.8822314739227295,0.494867205619812,0.026618976145982742,0.004219854716211557,nan,nan,-1.0654144287109375,282.2419738769531,0.8800878524780273,0.34814712405204773,-0.03479576110839844,1.0,1.0,12.1620512008667,nan
17.43464469909668,0.7972897887229919,0.6152403354644775,0.015339679084718227,0.020034965127706528,nan,nan,-0.9239578247070312,282.25616455078125,0.7810723185539246,0.48932671546936035,0.006897926330566406,1.0,1.0,12.1620512008667,nan
17.435144424438477,0.7036616206169128,0.7239105701446533,0.016951007768511772,0.028407670557498932,nan,nan,-0.7830865383148193,282.2455139160156,0.6961307525634766,0.6050187349319458,0.021910429000854492,1.0,1.0,12.1620512008667,nan
17.435644149780273,0.5926586389541626,0.8158621191978455,0.007283036597073078,0.020965266972780228,nan,nan,-0.642045259475708,282.2422790527344,0.5763720870018005,0.6902728080749512,0.04053807258605957,1.0,1.0,12.1620512008667,nan
17.43614387512207,0.4777947962284088,0.8910951614379883,0.0008377246558666229,0.030268274247646332,nan,nan,-0.49981260299682617,282.28912353515625,0.5161669850349426,0.7982454299926758,0.01995086669921875,1.0,1.0,12.1620512008667,nan
17.436643600463867,0.3465220630168915,0.9445943832397461,0.005671709775924683,0.034919776022434235,nan,nan,-0.35917115211486816,282.2678527832031,0.45382750034332275,0.8422324657440186,-0.04118680953979492,1.0,1.0,12.1620512008667,nan
17.437143325805664,0.20559656620025635,0.9847185611724854,0.012117022648453712,0.0144531624391675,nan,nan,-0.21877074241638184,282.2369689941406,0.27723410725593567,0.8633568286895752,0.0021059513092041016,1.0,1.0,12.1620512008667,nan
17.43764305114746,0.06467121094465256,1.0081244707107544,-0.005607587285339832,0.017244065180420876,nan,nan,-0.07550406455993652,282.3270568847656,0.14034482836723328,0.9262890219688416,0.019283056259155273,1.0,1.0,12.1620512008667,nan
17.43814468383789,-0.08397629857063293,1.0047810077667236,-0.010441571474075317,0.0144531624391675,nan,nan,0.06611990928649902,282.3464660644531,-0.01790333352982998,0.8960070013999939,0.04813432693481445,1.0,1.0,12.1620512008667,nan
17.438644409179688,-0.21911007165908813,0.9813751578330994,-0.03138883411884308,0.020965266972780228,nan,nan,0.2085554599761963,282.3995056152344,-0.12546849250793457,0.9301646947860718,0.019698143005371094,1.0,1.0,12.1620512008667,nan
17.439144134521484,-0.35424408316612244,0.9412506818771362,-0.008830243721604347,0.01538346242159605,nan,nan,0.34935832023620605,282.38287353515625,-0.228415846824646,0.8873874545097351,-0.003352642059326172,1.0,1.0,12.1620512008667,nan
17.43964385986328,-0.4835864007472992,0.8844079375267029,-0.03783414885401726,0.017244063317775726,nan,nan,0.489879846572876,282.3546447753906,-0.3740603029727936,0.8564478158950806,0.016051769256591797,1.0,1.0,12.1620512008667,nan
17.440143585205078,-0.5994154810905457,0.8041590452194214,-0.013664226979017258,0.02747737057507038,nan,nan,0.6311216354370117,282.3571472167969,-0.44186708331108093,0.8000211715698242,-0.03255796432495117,1.0,1.0,12.1620512008667,nan
17.440643310546875,-0.7084878087043762,0.7155512571334839,-0.010441571474075317,0.008871356956660748,nan,nan,0.7716600894927979,282.3302307128906,-0.5672556161880493,0.7310773730278015,-0.01778268814086914,1.0,1.0,12.1620512008667,nan
17.441143035888672,-0.794394314289093,0.6068809032440186,-0.005607586354017258,0.02468646876513958,nan,nan,0.9125187397003174,282.3172607421875,-0.6337456703186035,0.6720670461654663,-0.06265640258789062,1.0,1.0,12.1620512008667,nan
17.4416446685791,-0.8870576024055481,0.4931949973106384,-0.026554852724075317,0.005150155164301395,nan,nan,1.0537245273590088,282.3192138671875,-0.8154117465019226,0.5269107222557068,0.03760194778442383,1.0,1.0,12.1620512008667,nan
17.4421443939209,-0.9401457905769348,0.36780643463134766,-0.028166180476546288,0.007941056974232197,nan,nan,1.1945312023162842,282.30426025390625,-0.8722166419029236,0.45417964458465576,-0.009800434112548828,1.0,1.0,12.1620512008667,nan
17.442644119262695,-0.9787554740905762,0.22737129032611847,-0.03461149334907532,-0.006943754386156797,nan,nan,1.3352153301239014,282.2845153808594,-0.8610184192657471,0.30703291296958923,-0.012955665588378906,1.0,1.0,12.1620512008667,nan
17.443143844604492,-1.00192129611969,0.09362342208623886,-0.012052899226546288,-0.012525558471679688,nan,nan,1.4752848148345947,282.23944091796875,-0.9265288710594177,0.20540352165699005,-0.028733253479003906,1.0,1.0,12.1620512008667,nan
17.443641662597656,-1.0038517713546753,-0.05015576258301735,-0.026554852724075317,-0.006013453938066959,nan,nan,1.6155993938446045,282.2056579589844,-0.9300795197486877,0.062202632427215576,-0.017629146575927734,1.0,1.0,12.1620512008667,nan
17.444143295288086,-0.9903383851051331,-0.18724684417247772,-0.010441571474075317,0.010731958784162998,nan,nan,1.7559106349945068,282.1722717285156,-0.9458174109458923,-0.059009674936532974,-0.028909683227539062,1.0,1.0,12.1620512008667,nan
17.44464111328125,-0.9497982859611511,-0.3243383467197418,-0.020109539851546288,-0.009734655730426311,nan,nan,1.8962438106536865,282.1404724121094,-0.8811638951301575,-0.1751941740512848,-0.03532743453979492,1.0,1.0,12.1620512008667,nan
17.44514274597168,-0.8986403346061707,-0.4463837146759033,-0.013664226979017258,-0.013455859385430813,nan,nan,2.0359623432159424,282.08355712890625,-0.9118435978889465,-0.29603129625320435,-0.057503700256347656,1.0,1.0,12.1620512008667,nan
17.445642471313477,-0.8204557299613953,-0.5751156806945801,0.018562333658337593,-0.002292250981554389,nan,nan,2.1759908199310303,282.04132080078125,-0.7329134941101074,-0.4399999976158142,0.029573440551757812,1.0,1.0,12.1620512008667,nan
17.446142196655273,-0.7393755912780762,-0.6821142435073853,-0.015275554731488228,-0.023689165711402893,nan,nan,2.315422296524048,281.9744873046875,-0.7597999572753906,-0.5621674656867981,-0.013734817504882812,1.0,1.0,12.1620512008667,nan
17.44664192199707,-0.6322334408760071,-0.7740656733512878,0.0024490542709827423,-0.024619467556476593,nan,nan,2.45611310005188,281.9620056152344,-0.6521264314651489,-0.6234930157661438,-0.028534889221191406,1.0,1.0,12.1620512008667,nan
17.447141647338867,-0.5183349251747131,-0.8509706854820251,-0.0039962586015462875,-0.030201273038983345,nan,nan,2.5961973667144775,281.9241638183594,-0.5956699252128601,-0.7041566967964172,-0.06306314468383789,1.0,1.0,12.1620512008667,nan
17.447641372680664,-0.39478397369384766,-0.921188473701477,0.0008377246558666229,-0.025549769401550293,nan,nan,2.7358057498931885,281.8674011230469,-0.44228029251098633,-0.7956139445304871,-0.0076904296875,1.0,1.0,12.1620512008667,nan
17.44814109802246,-0.26930245757102966,-0.9680002331733704,0.013728350400924683,0.000498651061207056,nan,nan,2.8763487339019775,281.8509521484375,-0.3385666310787201,-0.8853287100791931,-0.006131649017333984,1.0,1.0,12.1620512008667,nan
17.448640823364258,-0.12837733328342438,-0.994749903678894,-0.007218914106488228,-0.01903766207396984,nan,nan,3.0162336826324463,281.8072204589844,-0.22483912110328674,-0.9099029898643494,-0.02309274673461914,1.0,1.0,12.1620512008667,nan
17.449140548706055,0.014478481374680996,-1.0047810077667236,0.010505693964660168,-0.01996796391904354,nan,nan,-3.126209020614624,281.80029296875,-0.06412962824106216,-0.9257301092147827,0.009383440017700195,1.0,1.0,12.1620512008667,nan
17.44964027404785,0.15154318511486053,-0.9914060831069946,-0.005607586354017258,-0.012525558471679688,nan,nan,-2.9864025115966797,281.75421142578125,0.031667135655879974,-0.9387600421905518,-0.027708768844604492,1.0,1.0,12.1620512008667,nan
17.45013999938965,0.29632920026779175,-0.9646565318107605,-0.012052898295223713,-0.01624676212668419,nan,nan,-2.8451178073883057,281.7714538574219,0.21603477001190186,-0.9301843047142029,0.025719165802001953,1.0,1.0,12.1620512008667,nan
17.450639724731445,0.4237414300441742,-0.9111571907997131,0.013728350400924683,-0.006943754386156797,nan,nan,-2.704223155975342,281.7716979980469,0.31665369868278503,-0.8920934200286865,-0.0024137496948242188,1.0,1.0,12.1620512008667,nan
17.451139450073242,0.544396698474884,-0.8392677903175354,0.029841631650924683,-0.01624676212668419,nan,nan,-2.5641422271728516,281.73785400390625,0.4219062328338623,-0.8176522850990295,-0.007245779037475586,1.0,1.0,12.1620512008667,nan
17.45163917541504,0.6486428380012512,-0.7523316144943237,0.03306428715586662,-0.012525559403002262,nan,nan,-2.4255330562591553,281.64276123046875,0.46455156803131104,-0.7584826946258545,-0.0729832649230957,1.0,1.0,12.1620512008667,nan
17.45214080810547,0.7577152252197266,-0.663723886013031,0.00728303799405694,-0.0032225516624748707,nan,nan,-2.2871603965759277,281.5399475097656,0.6315063834190369,-0.6715118288993835,-0.005945920944213867,1.0,1.0,12.1620512008667,nan
17.452640533447266,0.8291429877281189,-0.5466943979263306,0.028230302035808563,-0.013455859385430813,nan,nan,-2.148024320602417,281.4710388183594,0.6427546739578247,-0.601343035697937,-0.08145380020141602,1.0,1.0,12.1620512008667,nan
17.453140258789062,0.8986405730247498,-0.41963401436805725,0.028230303898453712,-0.01717706210911274,nan,nan,-2.008435010910034,281.4231262207031,0.7475331425666809,-0.44690948724746704,-0.0074596405029296875,1.0,1.0,12.1620512008667,nan
17.45363998413086,0.9536590576171875,-0.2975890636444092,0.04917756840586662,-0.023689167574048042,nan,nan,-1.868607997894287,281.3860168457031,0.864690363407135,-0.36645984649658203,-0.009330511093139648,1.0,1.0,12.1620512008667,nan
17.454139709472656,0.9806859493255615,-0.16384120285511017,0.020173663273453712,0.009801658801734447,nan,nan,-1.7284915447235107,281.3617858886719,0.8653526306152344,-0.2398693859577179,-0.019041776657104492,1.0,1.0,12.1620512008667,nan
17.454639434814453,0.9980607032775879,-0.02674969844520092,0.020173663273453712,0.00421985425055027,nan,nan,-1.5891982316970825,281.3036193847656,0.9414504170417786,-0.12224925309419632,-0.017071962356567383,1.0,1.0,12.1620512008667,nan
17.45513916015625,0.9961299300193787,0.10365453362464905,0.010505693033337593,0.030268274247646332,nan,nan,-1.4497991800308228,281.2509460449219,0.9805747866630554,0.0025263961870223284,-0.024814844131469727,1.0,1.0,12.1620512008667,nan
17.45564079284668,0.9584855437278748,0.2491053342819214,0.020173663273453712,0.007941056974232197,nan,nan,-1.3111636638641357,281.1673889160156,0.8488748073577881,0.11896716058254242,-0.02682328224182129,1.0,1.0,12.1620512008667,nan
17.456140518188477,0.9208409786224365,0.37449389696121216,0.016951005905866623,0.002359251957386732,nan,nan,-1.1720517873764038,281.1054992675781,0.8687260150909424,0.2321714460849762,-0.04411625862121582,1.0,1.0,12.1620512008667,nan
17.456640243530273,0.8532739281654358,0.5048983097076416,0.016951005905866623,0.009801657870411873,nan,nan,-1.032799482345581,281.0508728027344,0.7779969573020935,0.3650245666503906,-0.005684375762939453,1.0,1.0,12.1620512008667,nan
17.45713996887207,0.7779852747917175,0.6152403354644775,0.013728350400924683,0.030268274247646332,nan,nan,-0.893545389175415,280.99725341796875,0.7703969478607178,0.48594915866851807,-0.02097034454345703,1.0,1.0,12.1620512008667,nan
17.457639694213867,0.6920786499977112,0.7105355858802795,0.008894366212189198,0.021895568817853928,nan,nan,-0.7548999786376953,280.91943359375,0.7286958694458008,0.5813453197479248,-0.04911160469055176,1.0,1.0,12.1620512008667,nan
17.458139419555664,0.5887975096702576,0.8024871945381165,-0.007218915969133377,0.02561677061021328,nan,nan,-0.6171183586120605,280.8068542480469,0.6535427570343018,0.69377201795578,-0.04505658149719238,1.0,1.0,12.1620512008667,nan
17.45863914489746,0.47007301449775696,0.8743765950202942,0.004060381092131138,0.019104665145277977,nan,nan,-0.4773893356323242,280.7788391113281,0.49818384647369385,0.7660808563232422,-0.005669593811035156,1.0,1.0,12.1620512008667,nan
17.45914077758789,0.34266114234924316,0.9345629811286926,0.008894365280866623,0.036780379712581635,nan,nan,-0.33800625801086426,280.73663330078125,0.39564749598503113,0.8476958274841309,-0.005158662796020508,1.0,1.0,12.1620512008667,nan
17.459640502929688,0.2152489423751831,0.9646565318107605,0.0008377246558666229,0.017244063317775726,nan,nan,-0.19825005531311035,280.71051025390625,0.368362158536911,0.8584223389625549,-0.11404848098754883,1.0,1.0,12.1620512008667,nan
17.460140228271484,0.0723930075764656,0.9880626797676086,-0.012052900157868862,0.02468646876513958,nan,nan,-0.059926509857177734,280.6253967285156,0.1476377546787262,0.8873217105865479,-0.011495828628540039,1.0,1.0,12.1620512008667,nan
17.46063804626465,-0.06274064630270004,0.9914060831069946,0.002449052408337593,0.021895568817853928,nan,nan,0.07823491096496582,280.5350036621094,0.04318927228450775,0.9395879507064819,-0.030826568603515625,1.0,1.0,12.1620512008667,nan
17.461139678955078,-0.19208307564258575,0.9680002331733704,-0.015275554731488228,0.019104663282632828,nan,nan,0.21899151802062988,280.55560302734375,-0.052978213876485825,0.9269372224807739,-0.06870913505554199,1.0,1.0,12.1620512008667,nan
17.461637496948242,-0.33686932921409607,0.9345629811286926,-0.03783414885401726,0.017244063317775726,nan,nan,0.3589632511138916,280.5427551269531,-0.2540104389190674,0.8924847841262817,0.011838912963867188,1.0,1.0,12.1620512008667,nan
17.46213722229004,-0.46235084533691406,0.8810640573501587,-0.015275555662810802,0.00421985425055027,nan,nan,0.49814915657043457,280.49725341796875,-0.358371764421463,0.8355987668037415,0.0004639625549316406,1.0,1.0,12.1620512008667,nan
17.46263885498047,-0.575284481048584,0.8058310747146606,-0.020109539851546288,0.012592560611665249,nan,nan,0.637596607208252,280.4635314941406,-0.4449697434902191,0.8133189678192139,-0.04371523857116699,1.0,1.0,12.1620512008667,nan
17.463138580322266,-0.6853218078613281,0.7155510783195496,-0.024943524971604347,0.035850077867507935,nan,nan,0.7762951850891113,280.39923095703125,-0.5514833331108093,0.7185965776443481,-0.028415441513061523,1.0,1.0,12.1620512008667,nan
17.463638305664062,-0.7741242051124573,0.6152401566505432,-0.010441571474075317,0.0144531624391675,nan,nan,0.9154489040374756,280.3551940917969,-0.629879355430603,0.6464992165565491,-0.04986858367919922,1.0,1.0,12.1620512008667,nan
17.46413803100586,-0.8561698794364929,0.5065701603889465,-0.0007736030966043472,0.012592560611665249,nan,nan,1.054624319076538,280.31304931640625,-0.7506750226020813,0.569696307182312,-0.039777278900146484,1.0,1.0,12.1620512008667,nan
17.464635848999023,-0.9189106822013855,0.3845254182815552,-0.028166182339191437,0.004219853784888983,nan,nan,1.1936924457550049,280.2671813964844,-0.8472981452941895,0.46277710795402527,-0.029543399810791016,1.0,1.0,12.1620512008667,nan
17.465137481689453,-0.9642767906188965,0.2524491548538208,-0.021720869466662407,-0.0385739766061306,nan,nan,1.3326003551483154,280.2158508300781,-0.9081336259841919,0.2971567213535309,0.015389442443847656,1.0,1.0,12.1620512008667,nan
17.465635299682617,-0.9826166033744812,0.11368564516305923,-0.028166180476546288,-0.003222551429644227,nan,nan,1.4708726406097412,280.13873291015625,-0.8766061663627625,0.20555563271045685,-0.037221431732177734,1.0,1.0,12.1620512008667,nan
17.466135025024414,-0.9922688603401184,-0.016718588769435883,-0.012052899226546288,-0.012525558471679688,nan,nan,1.6093456745147705,280.07159423828125,-0.9155280590057373,0.09643988311290741,-0.05039405822753906,1.0,1.0,12.1620512008667,nan
17.466636657714844,-0.9806859493255615,-0.15715372562408447,-0.028166180476546288,-0.003222551429644227,nan,nan,1.7479755878448486,280.0125732421875,-0.9626579880714417,-0.03600310534238815,-0.046695709228515625,1.0,1.0,12.1620512008667,nan
17.46713638305664,-0.9469025135040283,-0.28922995924949646,-0.06039274111390114,0.019104665145277977,nan,nan,1.8859188556671143,279.92584228515625,-0.9149706363677979,-0.14240027964115143,-0.06774282455444336,1.0,1.0,12.1620512008667,nan
17.467636108398438,-0.9044318795204163,-0.41629016399383545,-0.018498212099075317,-0.00880435574799776,nan,nan,2.0251786708831787,279.8961181640625,-0.8955749273300171,-0.2972983121871948,-0.04077720642089844,1.0,1.0,12.1620512008667,nan
17.468135833740234,-0.8320388793945312,-0.5349916815757751,-0.015275555662810802,0.000498651061207056,nan,nan,2.1639339923858643,279.8460998535156,-0.8219410181045532,-0.3837919533252716,-0.06331396102905273,1.0,1.0,12.1620512008667,nan
17.46863555908203,-0.754819393157959,-0.6486771106719971,-0.008830242790281773,-0.014386160299181938,nan,nan,2.3020670413970947,279.7709655761719,-0.7590773701667786,-0.5393240451812744,-0.020401477813720703,1.0,1.0,12.1620512008667,nan
17.469135284423828,-0.6553993821144104,-0.7473163604736328,-0.026554850861430168,-0.007874054834246635,nan,nan,2.4401352405548096,279.69464111328125,-0.6831161975860596,-0.6303087472915649,-0.031063079833984375,1.0,1.0,12.1620512008667,nan
17.469635009765625,-0.5482574701309204,-0.8258928060531616,0.0008377246558666229,-0.025549769401550293,nan,nan,2.5780699253082275,279.6141662597656,-0.5989850759506226,-0.6963770985603333,-0.05389261245727539,1.0,1.0,12.1620512008667,nan
17.470136642456055,-0.42953288555145264,-0.8910951614379883,0.012117022648453712,-0.024619467556476593,nan,nan,2.7168586254119873,279.5713806152344,-0.4880392849445343,-0.7852892875671387,-0.03833770751953125,1.0,1.0,12.1620512008667,nan
17.47063636779785,-0.30212077498435974,-0.9445943832397461,0.016951005905866623,-0.01624676212668419,nan,nan,2.8536770343780518,279.4467468261719,-0.3771878480911255,-0.8403254747390747,-0.04105234146118164,1.0,1.0,12.1620512008667,nan
17.47113609313965,-0.17084766924381256,-0.9847185611724854,0.023396318778395653,-0.0013619504170492291,nan,nan,2.992899179458618,279.4257507324219,-0.19977277517318726,-0.926712155342102,0.02959728240966797,1.0,1.0,12.1620512008667,nan
17.471635818481445,-0.037644337862730026,-0.9880626797676086,-0.005607586819678545,-0.010664957575500011,nan,nan,3.1313259601593018,279.3715515136719,-0.16468332707881927,-0.9112771153450012,-0.07575368881225586,1.0,1.0,12.1620512008667,nan
17.472135543823242,0.09555899351835251,-0.9847185611724854,0.012117021717131138,-0.006013453472405672,nan,nan,-3.014502763748169,279.27386474609375,-0.036647457629442215,-0.9500313997268677,-0.07289910316467285,1.0,1.0,12.1620512008667,nan
17.47263526916504,0.230692520737648,-0.9579693078994751,0.015339679084718227,-0.013455859385430813,nan,nan,-2.8770339488983154,279.1828918457031,0.07202703505754471,-0.9144782423973083,-0.09332728385925293,1.0,1.0,12.1620512008667,nan
17.47313690185547,0.36775723099708557,-0.921188473701477,0.0024490533396601677,-0.015316460281610489,nan,nan,-2.738638401031494,279.13287353515625,0.2554456889629364,-0.8786611557006836,-0.027140378952026367,1.0,1.0,12.1620512008667,nan
17.473636627197266,0.4855164587497711,-0.8610020279884338,0.016951005905866623,-0.00880435574799776,nan,nan,-2.6013901233673096,279.0352783203125,0.3072876036167145,-0.8322087526321411,-0.09390902519226074,1.0,1.0,12.1620512008667,nan
17.474136352539062,0.6081025004386902,-0.7891126871109009,0.0008377255871891975,-0.006943754386156797,nan,nan,-2.4625589847564697,279.0064697265625,0.49716717004776,-0.7729948163032532,-0.014573335647583008,1.0,1.0,12.1620512008667,nan
17.47463607788086,0.7007656693458557,-0.6954890489578247,0.018562333658337593,-0.007874054834246635,nan,nan,-2.3250575065612793,278.9221496582031,0.5318189263343811,-0.7369816303253174,-0.09892702102661133,1.0,1.0,12.1620512008667,nan
17.475135803222656,0.7963249087333679,-0.5968499779701233,-0.0072189150378108025,0.0014289520913735032,nan,nan,-2.187978982925415,278.8221740722656,0.6790650486946106,-0.622549831867218,-0.032056331634521484,1.0,1.0,12.1620512008667,nan
17.475635528564453,0.8706486821174622,-0.481492280960083,0.026618974283337593,-0.010664957575500011,nan,nan,-2.049654722213745,278.77655029296875,0.7925395965576172,-0.5283361077308655,-0.016305923461914062,1.0,1.0,12.1620512008667,nan
17.47613525390625,0.9353196620941162,-0.35610389709472656,-0.024943524971604347,0.0060804556123912334,nan,nan,-1.9113754034042358,278.7299499511719,0.8258014917373657,-0.37934669852256775,0.002844095230102539,1.0,1.0,12.1620512008667,nan
17.47663688659668,0.9691030383110046,-0.22402764856815338,0.020173663273453712,-0.003222551429644227,nan,nan,-1.7735605239868164,278.6647033691406,0.8595699071884155,-0.2984040379524231,-0.03868699073791504,1.0,1.0,12.1620512008667,nan
17.477136611938477,0.9932340979576111,-0.09529544413089752,0.005671709775924683,0.016313763335347176,nan,nan,-1.6358169317245483,278.5978698730469,0.9308196902275085,-0.18478910624980927,-0.038288116455078125,1.0,1.0,12.1620512008667,nan
17.47763442993164,0.9913035035133362,0.045139893889427185,0.018562335520982742,0.005150155164301395,nan,nan,-1.4982327222824097,278.5258483886719,0.9262536764144897,-0.057085104286670685,-0.04148697853088379,1.0,1.0,12.1620512008667,nan
17.47813606262207,0.9787556529045105,0.18055957555770874,0.026618974283337593,-0.003222551429644227,nan,nan,-1.3601527214050293,278.4761962890625,0.9332492351531982,0.08529194444417953,-0.02683091163635254,1.0,1.0,12.1620512008667,nan
17.478633880615234,0.9353196024894714,0.3159794807434082,-0.020109539851546288,0.012592560611665249,nan,nan,-1.222034215927124,278.4292297363281,0.8007689714431763,0.20136399567127228,-0.00967717170715332,1.0,1.0,12.1620512008667,nan
17.47913360595703,0.890918493270874,0.43969622254371643,0.03628694266080856,0.002359252655878663,nan,nan,-1.0840961933135986,278.37554931640625,0.8806471228599548,0.3214292824268341,-0.04416465759277344,1.0,1.0,12.1620512008667,nan
17.479633331298828,0.8223862648010254,0.5583973526954651,0.0040603820234537125,0.011662259697914124,nan,nan,-0.9465763568878174,278.3055114746094,0.8147377371788025,0.4420294165611267,-0.034536123275756836,1.0,1.0,12.1620512008667,nan
17.480133056640625,0.7287580370903015,0.667067289352417,0.06206819415092468,0.019104665145277977,nan,nan,-0.8088538646697998,278.24560546875,0.7201023697853088,0.5542548298835754,-0.013305902481079102,1.0,1.0,12.1620512008667,nan
17.480634689331055,0.6399552226066589,0.7606911659240723,0.020173663273453712,0.002359252655878663,nan,nan,-0.6703274250030518,278.2203369140625,0.6980254054069519,0.6589064598083496,-0.051406145095825195,1.0,1.0,12.1620512008667,nan
17.48113441467285,0.5299181342124939,0.8375961780548096,-0.002384931780397892,0.019104665145277977,nan,nan,-0.5319578647613525,278.1890563964844,0.6040114760398865,0.7478410005569458,-0.054984331130981445,1.0,1.0,12.1620512008667,nan
17.481632232666016,0.4005754292011261,0.9078137874603271,0.026618972420692444,0.02468646876513958,nan,nan,-0.39352846145629883,278.16119384765625,0.46117788553237915,0.8236467838287354,-0.024321317672729492,1.0,1.0,12.1620512008667,nan
17.482133865356445,0.27123314142227173,0.9579693078994751,0.028230302035808563,0.003289553103968501,nan,nan,-0.25473976135253906,278.1486511230469,0.32664552330970764,0.8875879049301147,-0.005238056182861328,1.0,1.0,12.1620512008667,nan
17.48263168334961,0.13416866958141327,0.9813751578330994,-0.008830243721604347,0.01538346242159605,nan,nan,-0.11708998680114746,278.0885314941406,0.20822924375534058,0.8725038170814514,-0.024631023406982422,1.0,1.0,12.1620512008667,nan
17.483131408691406,-0.006756688933819532,0.9914060831069946,0.002449052408337593,0.021895568817853928,nan,nan,0.020274877548217773,278.0181579589844,0.0394352562725544,0.8913405537605286,0.028262853622436523,1.0,1.0,12.1620512008667,nan
17.483631134033203,-0.13223810493946075,0.9847185611724854,-0.03138883784413338,0.02654707059264183,nan,nan,0.15791869163513184,277.9607238769531,-0.05352303013205528,0.9460806250572205,-0.008828163146972656,1.0,1.0,12.1620512008667,nan
17.484132766723633,-0.2635110914707184,0.9512816071510315,0.008894365280866623,0.02561677061021328,nan,nan,0.2951395511627197,277.8869323730469,-0.1181713119149208,0.9033085703849792,-0.07277250289916992,1.0,1.0,12.1620512008667,nan
17.48463249206543,-0.4005754292011261,0.9145010709762573,-0.03461149334907532,0.019104663282632828,nan,nan,0.4334604740142822,277.86102294921875,-0.35739222168922424,0.8801441192626953,0.0450291633605957,1.0,1.0,12.1620512008667,nan
17.485132217407227,-0.5106130242347717,0.8442832827568054,-0.03138883784413338,0.006080454681068659,nan,nan,0.5716080665588379,277.82818603515625,-0.3855381906032562,0.843883752822876,-0.0507044792175293,1.0,1.0,12.1620512008667,nan
17.485631942749023,-0.6245117783546448,0.7673786282539368,-0.020109541714191437,0.018174365162849426,nan,nan,0.7087185382843018,277.75250244140625,-0.50104159116745,0.7766276001930237,-0.043396711349487305,1.0,1.0,12.1620512008667,nan
17.48613166809082,-0.7268273234367371,0.6704113483428955,-0.015275554731488228,0.030268274247646332,nan,nan,0.8457129001617432,277.6737365722656,-0.6031215786933899,0.6572743058204651,-0.010779619216918945,1.0,1.0,12.1620512008667,nan
17.486631393432617,-0.809838056564331,0.5667566061019897,-0.024943524971604347,0.007941056974232197,nan,nan,0.9834277629852295,277.62646484375,-0.6933871507644653,0.5915427803993225,-0.026542186737060547,1.0,1.0,12.1620512008667,nan
17.487131118774414,-0.8831965327262878,0.4530709683895111,-0.020109539851546288,0.016313761472702026,nan,nan,1.120936632156372,277.5718688964844,-0.8111255764961243,0.4984081983566284,-0.008679389953613281,1.0,1.0,12.1620512008667,nan
17.487632751464844,-0.9382153153419495,0.3310260474681854,-0.021720867604017258,0.007941057905554771,nan,nan,1.2589938640594482,277.5411071777344,-0.87408047914505,0.3980669379234314,-0.023165225982666016,1.0,1.0,12.1620512008667,nan
17.48813247680664,-0.9671725630760193,0.1939341127872467,-0.04266813024878502,-0.013455857522785664,nan,nan,1.3968136310577393,277.5011901855469,-0.8679031729698181,0.26879775524139404,-0.03403902053833008,1.0,1.0,12.1620512008667,nan
17.488632202148438,-0.9884079098701477,0.05684303119778633,-0.012052899226546288,0.000498651061207056,nan,nan,1.5345332622528076,277.4579162597656,-0.8869079351425171,0.13334491848945618,-0.020606517791748047,1.0,1.0,12.1620512008667,nan
17.489131927490234,-0.9913035035133362,-0.07857686281204224,-0.012052899226546288,0.002359252655878663,nan,nan,1.6728994846343994,277.44281005859375,-0.9261173605918884,0.009557927958667278,-0.020065784454345703,1.0,1.0,12.1620512008667,nan
17.48963165283203,-0.970068633556366,-0.21566836535930634,-0.018498212099075317,-0.005083153024315834,nan,nan,1.8112976551055908,277.4293518066406,-0.9106037616729736,-0.1256970316171646,-0.010939598083496094,1.0,1.0,12.1620512008667,nan
17.490131378173828,-0.9304932951927185,-0.34440097212791443,-0.05394742637872696,0.011662259697914124,nan,nan,1.9486219882965088,277.37078857421875,-0.9405400156974792,-0.20796500146389008,-0.06808185577392578,1.0,1.0,12.1620512008667,nan
17.490631103515625,-0.8754746913909912,-0.4731331765651703,0.004060381557792425,0.00421985425055027,nan,nan,2.086665391921997,277.343994140625,-0.8231205940246582,-0.3796719014644623,0.008753776550292969,1.0,1.0,12.1620512008667,nan
17.491132736206055,-0.799220621585846,-0.591834545135498,-0.021720869466662407,-0.012525559403002262,nan,nan,2.224611520767212,277.3135986328125,-0.7500780820846558,-0.48958685994148254,0.016935348510742188,1.0,1.0,12.1620512008667,nan
17.49163246154785,-0.7084876894950867,-0.6954888701438904,-0.03783414885401726,-0.01624676212668419,nan,nan,2.3626248836517334,277.2866516113281,-0.6928858160972595,-0.5875858068466187,0.003925323486328125,1.0,1.0,12.1620512008667,nan
17.49213218688965,-0.6129288077354431,-0.7807531952857971,-0.0023849308490753174,-0.01624676212668419,nan,nan,2.501497507095337,277.2962951660156,-0.6566125750541687,-0.6852236986160278,-0.031723976135253906,1.0,1.0,12.1620512008667,nan
17.492631912231445,-0.4970996379852295,-0.8643454909324646,0.0024490533396601677,-0.01717706024646759,nan,nan,2.6385395526885986,277.2289123535156,-0.5396364331245422,-0.7729230523109436,-0.014136314392089844,1.0,1.0,12.1620512008667,nan
17.493131637573242,-0.3735487163066864,-0.9245323538780212,-0.010441571474075317,-0.013455859385430813,nan,nan,2.777245283126831,277.2329406738281,-0.4065120816230774,-0.8427445888519287,0.007308006286621094,1.0,1.0,12.1620512008667,nan
17.49363136291504,-0.2364843487739563,-0.9680002331733704,-0.007218914106488228,-0.01903766207396984,nan,nan,2.915651559829712,277.2242126464844,-0.2600063681602478,-0.8693228960037231,0.02780437469482422,1.0,1.0,12.1620512008667,nan
17.494131088256836,-0.10521122813224792,-0.9914060831069946,0.0008377255871891975,-0.014386160299181938,nan,nan,3.054652452468872,277.24029541015625,-0.1886913925409317,-0.9298276305198669,-0.02098560333251953,1.0,1.0,12.1620512008667,nan
17.494630813598633,0.0337836854159832,-0.9914060831069946,-0.015275554731488228,-0.014386159367859364,nan,nan,-3.0914480686187744,277.1756591796875,-0.09335817396640778,-0.9170358180999756,-0.05949521064758301,1.0,1.0,12.1620512008667,nan
17.49513053894043,0.17277811467647552,-0.9813751578330994,-0.018498212099075317,-0.029270971193909645,nan,nan,-2.952472448348999,277.1922302246094,0.0921231359243393,-0.9296243786811829,0.0020210742950439453,1.0,1.0,12.1620512008667,nan
17.495630264282227,0.30212101340293884,-0.9445943832397461,0.010505693033337593,-0.031131573021411896,nan,nan,-2.8151748180389404,277.1374816894531,0.1567087024450302,-0.9008716940879822,-0.062108516693115234,1.0,1.0,12.1620512008667,nan
17.496129989624023,0.4333936870098114,-0.8977824449539185,0.007283037528395653,-0.031131573021411896,nan,nan,-2.6767666339874268,277.1310729980469,0.3593509793281555,-0.8684731125831604,0.019918441772460938,1.0,1.0,12.1620512008667,nan
17.49662971496582,0.5501878261566162,-0.8225494027137756,0.03306428715586662,-0.010664956644177437,nan,nan,-2.538257598876953,277.1286315917969,0.4053257405757904,-0.7806634902954102,-0.03223824501037598,1.0,1.0,12.1620512008667,nan
17.497129440307617,0.6621564626693726,-0.7489880323410034,-0.016886884346604347,-0.004152852576225996,nan,nan,-2.40187668800354,277.037109375,0.5557501316070557,-0.7516364455223083,-0.01078033447265625,1.0,1.0,12.1620512008667,nan
17.497629165649414,0.7461320757865906,-0.6436618566513062,0.042732253670692444,-0.005083153489977121,nan,nan,-2.2643020153045654,276.99737548828125,0.599031925201416,-0.6651511192321777,-0.05207109451293945,1.0,1.0,12.1620512008667,nan
17.498130798339844,0.8426563739776611,-0.5433505773544312,0.0024490533396601677,-0.0004316495615057647,nan,nan,-2.1275458335876465,276.9245910644531,0.7710573077201843,-0.5469040274620056,0.03221893310546875,1.0,1.0,12.1620512008667,nan
17.498628616333008,0.903466522693634,-0.4179621636867523,0.015339678153395653,-0.01717706210911274,nan,nan,-1.9892551898956299,276.9173278808594,0.8283956050872803,-0.4653744697570801,-0.001119852066040039,1.0,1.0,12.1620512008667,nan
17.499128341674805,0.9594506621360779,-0.2942452132701874,0.008894365280866623,-0.013455859385430813,nan,nan,-1.850598692893982,276.9256286621094,0.9250849485397339,-0.36072900891304016,0.0002677440643310547,1.0,1.0,12.1620512008667,nan
17.4996280670166,0.9903385639190674,-0.16049735248088837,-0.0023849308490753174,-0.006943754386156797,nan,nan,-1.7125338315963745,276.9089050292969,0.9602751135826111,-0.24504274129867554,-0.015912771224975586,1.0,1.0,12.1620512008667,nan
17.5001277923584,0.9990254044532776,-0.018390195444226265,0.020173661410808563,0.006080454681068659,nan,nan,-1.574925422668457,276.8733215332031,0.9038582444190979,-0.10000301152467728,-0.01386880874633789,1.0,1.0,12.1620512008667,nan
17.500627517700195,0.9903386235237122,0.12037291377782822,-0.008830243721604347,-0.00880435574799776,nan,nan,-1.437244176864624,276.8417053222656,0.8953827023506165,0.02477036416530609,-0.013710260391235352,1.0,1.0,12.1620512008667,nan
17.501127243041992,0.9681381583213806,0.2524489462375641,0.03789827227592468,0.005150155164301395,nan,nan,-1.2993524074554443,276.8194274902344,0.9393421411514282,0.15445476770401,-0.016307592391967773,1.0,1.0,12.1620512008667,nan
17.501628875732422,0.9111884236335754,0.39121249318122864,0.05884553864598274,0.019104665145277977,nan,nan,-1.1608521938323975,276.8232116699219,0.799531877040863,0.2733175754547119,0.011733770370483398,1.0,1.0,12.1620512008667,nan
17.50212860107422,0.8484477400779724,0.513257622718811,0.050788894295692444,-0.006013454869389534,nan,nan,-1.0224177837371826,276.8240661621094,0.7941447496414185,0.3877537250518799,-0.0019345283508300781,1.0,1.0,12.1620512008667,nan
17.502628326416016,0.785707414150238,0.6152401566505432,0.007283039391040802,0.02282586693763733,nan,nan,-0.8834750652313232,276.8462219238281,0.8431165218353271,0.5299403667449951,-0.0340728759765625,1.0,1.0,12.1620512008667,nan
17.503128051757812,0.6795302033424377,0.7255823612213135,0.013728349469602108,0.02468646876513958,nan,nan,-0.7455945014953613,276.8235168457031,0.6682484745979309,0.6274001002311707,0.021003007888793945,1.0,1.0,12.1620512008667,nan
17.50362777709961,0.5762494802474976,0.8108464479446411,0.007283037528395653,0.02468646876513958,nan,nan,-0.6081016063690186,276.7850646972656,0.6036220192909241,0.7176901698112488,0.0010466575622558594,1.0,1.0,12.1620512008667,nan
17.504127502441406,0.46428143978118896,0.8844079375267029,-0.0007736030966043472,0.021895568817853928,nan,nan,-0.47081542015075684,276.73858642578125,0.5063964128494263,0.7991212010383606,-0.001809835433959961,1.0,1.0,12.1620512008667,nan
17.504627227783203,0.33300867676734924,0.9345629811286926,-0.002384931780397892,0.019104665145277977,nan,nan,-0.3319566249847412,276.7593994140625,0.36010268330574036,0.8322542309761047,0.01587677001953125,1.0,1.0,12.1620512008667,nan
17.505128860473633,0.19594408571720123,0.9780313372612,-0.002384931081905961,0.00421985425055027,nan,nan,-0.1936328411102295,276.7571716308594,0.22520428895950317,0.8568021655082703,0.02893829345703125,1.0,1.0,12.1620512008667,nan
17.50562858581543,0.06274064630270004,0.9980933666229248,0.004060381092131138,0.015383461490273476,nan,nan,-0.05573749542236328,276.7368469238281,0.12947124242782593,0.9205706119537354,0.008252859115600586,1.0,1.0,12.1620512008667,nan
17.506128311157227,-0.07432357221841812,0.9914060831069946,-0.012052900157868862,0.02468646876513958,nan,nan,0.08181095123291016,276.7023010253906,0.02022825926542282,0.8886981010437012,-0.012425422668457031,1.0,1.0,12.1620512008667,nan
17.506628036499023,-0.20752690732479095,0.9746874570846558,-0.018498212099075317,0.020965266972780228,nan,nan,0.21977734565734863,276.6861877441406,-0.11528246849775314,0.9318574070930481,-0.004519224166870117,1.0,1.0,12.1620512008667,nan
17.50712776184082,-0.3445913791656494,0.9345629811286926,-0.007218915969133377,0.03305917605757713,nan,nan,0.3593275547027588,276.73724365234375,-0.26402175426483154,0.8858851194381714,0.02262401580810547,1.0,1.0,12.1620512008667,nan
17.507627487182617,-0.47393378615379333,0.8810640573501587,-0.03783414885401726,0.017244063317775726,nan,nan,0.4987478256225586,276.78143310546875,-0.3953264057636261,0.8461050391197205,0.030692338943481445,1.0,1.0,12.1620512008667,nan
17.508127212524414,-0.5878323912620544,0.8041588068008423,0.018562335520982742,0.008871357887983322,nan,nan,0.637242317199707,276.7859191894531,-0.4654274880886078,0.784952700138092,-0.009850502014160156,1.0,1.0,12.1620512008667,nan
17.508628845214844,-0.7017311453819275,0.7205665111541748,0.0024490533396601677,0.016313763335347176,nan,nan,0.7758345603942871,276.79437255859375,-0.6118672490119934,0.7142531275749207,0.024839162826538086,1.0,1.0,12.1620512008667,nan
17.50912857055664,-0.7914984822273254,0.6118965148925781,0.002449052408337593,0.034919776022434235,nan,nan,0.9143273830413818,276.7984313964844,-0.6725357174873352,0.6172292828559875,0.006178855895996094,1.0,1.0,12.1620512008667,nan
17.509628295898438,-0.8658222556114197,0.4965386390686035,-0.021720867604017258,0.007941057905554771,nan,nan,1.0540072917938232,276.85205078125,-0.7485674023628235,0.5298349261283875,-0.006935596466064453,1.0,1.0,12.1620512008667,nan
17.510128021240234,-0.9237366318702698,0.3694784641265869,-0.05394743010401726,-0.0013619493693113327,nan,nan,1.1921312808990479,276.8393859863281,-0.8217753767967224,0.4157719910144806,0.00252532958984375,1.0,1.0,12.1620512008667,nan
17.51062774658203,-0.9633116722106934,0.24074624478816986,-0.024943523108959198,-0.0013619493693113327,nan,nan,1.329392671585083,276.7907409667969,-0.8278751969337463,0.30680087208747864,-0.021358489990234375,1.0,1.0,12.1620512008667,nan
17.511127471923828,-0.9903383851051331,0.11368564516305923,-0.021720867604017258,-0.01810736209154129,nan,nan,1.4672729969024658,276.7690124511719,-0.9279410243034363,0.2212677299976349,-0.038498878479003906,1.0,1.0,12.1620512008667,nan
17.511625289916992,-0.9961299896240234,-0.030093541368842125,-0.016886884346604347,-0.009734656661748886,nan,nan,1.6045682430267334,276.7233581542969,-0.8990187048912048,0.07523243874311447,-0.02516317367553711,1.0,1.0,12.1620512008667,nan
17.51212501525879,-0.9845468401908875,-0.16384099423885345,-0.062004074454307556,-0.015316462144255638,nan,nan,1.7421300411224365,276.6898498535156,-0.938453733921051,-0.06681632250547409,-0.008098125457763672,1.0,1.0,12.1620512008667,nan
17.51262664794922,-0.9497982859611511,-0.2975892722606659,-0.028166180476546288,-0.010664956644177437,nan,nan,1.8796207904815674,276.65399169921875,-0.8869317173957825,-0.17422959208488464,-0.022769927978515625,1.0,1.0,12.1620512008667,nan
17.513126373291016,-0.8976754546165466,-0.4213058054447174,-0.028166180476546288,-0.003222551429644227,nan,nan,2.0174810886383057,276.6343688964844,-0.8505918383598328,-0.2787957787513733,-0.03793811798095703,1.0,1.0,12.1620512008667,nan
17.513626098632812,-0.835899829864502,-0.5416789650917053,-0.005607586354017258,-0.012525558471679688,nan,nan,2.1548211574554443,276.59326171875,-0.8330998420715332,-0.4120217561721802,-0.03271293640136719,1.0,1.0,12.1620512008667,nan
17.51412582397461,-0.7509583830833435,-0.6553645730018616,-0.021720867604017258,-0.01624676212668419,nan,nan,2.2933743000030518,276.6041564941406,-0.7307249903678894,-0.5435664057731628,0.009191036224365234,1.0,1.0,12.1620512008667,nan
17.514625549316406,-0.6496079564094543,-0.7573474645614624,-0.021720867604017258,-0.010664956644177437,nan,nan,2.4320852756500244,276.6214599609375,-0.6368998885154724,-0.6473997235298157,0.024555206298828125,1.0,1.0,12.1620512008667,nan
17.515125274658203,-0.5376399159431458,-0.830908477306366,0.008894365280866623,-0.022758865728974342,nan,nan,2.5715487003326416,276.66986083984375,-0.5442416667938232,-0.6966752409934998,-0.0009465217590332031,1.0,1.0,12.1620512008667,nan
17.515623092651367,-0.41408881545066833,-0.9078137874603271,-0.012052899226546288,-0.010664956644177437,nan,nan,2.709526300430298,276.6552429199219,-0.40551602840423584,-0.8051382899284363,0.057917118072509766,1.0,1.0,12.1620512008667,nan
17.516124725341797,-0.2905379831790924,-0.9546254277229309,-0.023332195356488228,-0.015316460281610489,nan,nan,2.8489840030670166,276.70245361328125,-0.34424397349357605,-0.8687227368354797,0.007553577423095703,1.0,1.0,12.1620512008667,nan
17.516624450683594,-0.14961250126361847,-0.9847185611724854,-0.007218914106488228,-0.01903766207396984,nan,nan,2.987865686416626,276.7247314453125,-0.19205988943576813,-0.8869485259056091,0.032819271087646484,1.0,1.0,12.1620512008667,nan
17.51712417602539,-0.016408929601311684,-0.994749903678894,0.012117021717131138,-0.01903766393661499,nan,nan,3.1276161670684814,276.7829284667969,-0.08818981796503067,-0.9297780394554138,0.011679649353027344,1.0,1.0,12.1620512008667,nan
17.517623901367188,0.12065529078245163,-0.9880626797676086,0.013728350400924683,-0.014386160299181938,nan,nan,-3.0184361934661865,276.7301025390625,0.027957545593380928,-0.9322734475135803,-0.0009763240814208984,1.0,1.0,12.1620512008667,nan
17.518123626708984,0.25965020060539246,-0.9613127112388611,-0.005607588216662407,-0.023689165711402893,nan,nan,-2.8794798851013184,276.75506591796875,0.17081162333488464,-0.9030488729476929,0.01711297035217285,1.0,1.0,12.1620512008667,nan
17.51862335205078,0.3870621919631958,-0.9111571907997131,0.020173661410808563,-0.01810736209154129,nan,nan,-2.741790294647217,276.7261047363281,0.2530197501182556,-0.8550447821617126,-0.019979000091552734,1.0,1.0,12.1620512008667,nan
17.519123077392578,0.5077172517776489,-0.8492989540100098,0.026618976145982742,-0.0013619493693113327,nan,nan,-2.603625535964966,276.7177429199219,0.37248659133911133,-0.8070919513702393,-0.013432979583740234,1.0,1.0,12.1620512008667,nan
17.519624710083008,0.614859402179718,-0.7707220911979675,0.026618974283337593,-0.014386159367859364,nan,nan,-2.466055154800415,276.6846008300781,0.45571383833885193,-0.7769017815589905,-0.05307817459106445,1.0,1.0,12.1620512008667,nan
17.520124435424805,0.7220010757446289,-0.6854579448699951,0.0024490533396601677,-0.015316460281610489,nan,nan,-2.329171895980835,276.6235046386719,0.5939087867736816,-0.6913331151008606,-0.010555505752563477,1.0,1.0,12.1620512008667,nan
17.5206241607666,0.8011510968208313,-0.5751159191131592,0.00728303799405694,0.00421985425055027,nan,nan,-2.190979480743408,276.6182861328125,0.6350812911987305,-0.6133249998092651,-0.055855751037597656,1.0,1.0,12.1620512008667,nan
17.5211238861084,0.887057363986969,-0.4597582519054413,0.03628694266080856,-0.02182856760919094,nan,nan,-2.052969455718994,276.60614013671875,0.8213319778442383,-0.46773242950439453,0.05689811706542969,1.0,1.0,12.1620512008667,nan
17.521623611450195,0.9324237704277039,-0.3343696594238281,0.028230302035808563,-0.009734656661748886,nan,nan,-1.915027379989624,276.5908508300781,0.8201457858085632,-0.39887386560440063,-0.016343355178833008,1.0,1.0,12.1620512008667,nan
17.522123336791992,0.972964346408844,-0.2106529027223587,0.028230302035808563,0.007010755129158497,nan,nan,-1.7775923013687134,276.5546569824219,0.9030438661575317,-0.30374088883399963,-0.02563023567199707,1.0,1.0,12.1620512008667,nan
17.52262306213379,0.9922690987586975,-0.070217564702034,0.020173663273453712,0.00421985425055027,nan,nan,-1.6397819519042969,276.5351257324219,0.9092059135437012,-0.14592650532722473,0.0019919872283935547,1.0,1.0,12.1620512008667,nan
17.52312469482422,0.9951648116111755,0.05851463973522186,0.013728350400924683,0.0135228605940938,nan,nan,-1.5023399591445923,276.5003662109375,0.9489261507987976,-0.045705076307058334,-0.02455878257751465,1.0,1.0,12.1620512008667,nan
17.523624420166016,0.9700683951377869,0.20229361951351166,-0.012052899226546288,0.000498651061207056,nan,nan,-1.3648475408554077,276.4684753417969,0.8495326638221741,0.08294236660003662,-0.016576290130615234,1.0,1.0,12.1620512008667,nan
17.524124145507812,0.9382152557373047,0.3310260474681854,0.026618974283337593,-0.003222551429644227,nan,nan,-1.2272075414657593,276.443359375,0.874201774597168,0.20270898938179016,-0.023726701736450195,1.0,1.0,12.1620512008667,nan
17.52462387084961,0.8716136813163757,0.4597582519054413,0.03306428715586662,0.011662259697914124,nan,nan,-1.0891153812408447,276.4381103515625,0.7654343247413635,0.33873119950294495,0.02716851234436035,1.0,1.0,12.1620512008667,nan
17.525123596191406,0.8021160960197449,0.5801313519477844,0.04434358328580856,0.008871356956660748,nan,nan,-0.951361894607544,276.41851806640625,0.7475411891937256,0.4556049704551697,0.02010512351989746,1.0,1.0,12.1620512008667,nan
17.525623321533203,0.7200705409049988,0.6754268407821655,0.008894366212189198,0.021895568817853928,nan,nan,-0.8128843307495117,276.4295349121094,0.7196142077445984,0.5341471433639526,-0.027387142181396484,1.0,1.0,12.1620512008667,nan
17.526123046875,0.618720293045044,0.7707220911979675,-0.005607586354017258,0.02468646876513958,nan,nan,-0.6755645275115967,276.39202880859375,0.6229144334793091,0.6573171615600586,0.009162425994873047,1.0,1.0,12.1620512008667,nan
17.52662467956543,0.5096476674079895,0.8459552526473999,0.010505693964660168,0.02282586693763733,nan,nan,-0.5379788875579834,276.3664245605469,0.558464765548706,0.7438671588897705,-0.013982772827148438,1.0,1.0,12.1620512008667,nan
17.527124404907227,0.39092305302619934,0.9111571907997131,-0.010441572405397892,0.02375616878271103,nan,nan,-0.40186238288879395,276.2794189453125,0.4563131034374237,0.8146932721138,-0.01672077178955078,1.0,1.0,12.1620512008667,nan
17.52762222290039,0.2577197551727295,0.9579693078994751,-0.002384931780397892,0.019104665145277977,nan,nan,-0.26298975944519043,276.3104553222656,0.2518687844276428,0.86574786901474,0.07224512100219727,1.0,1.0,12.1620512008667,nan
17.52812385559082,0.12644651532173157,0.9780313372612,-0.016886882483959198,0.02561677061021328,nan,nan,-0.12511539459228516,276.29852294921875,0.20338396728038788,0.8682732582092285,-0.012969255447387695,1.0,1.0,12.1620512008667,nan
17.528621673583984,-0.008687136694788933,0.9914060831069946,-0.008830243721604347,0.01538346242159605,nan,nan,0.011804580688476562,276.2469177246094,0.06423172354698181,0.9102085828781128,0.009828805923461914,1.0,1.0,12.1620512008667,nan
17.52912139892578,-0.1399601250886917,0.9780313372612,-0.012052899226546288,0.017244063317775726,nan,nan,0.148406982421875,276.1827697753906,-0.013850252144038677,0.8968349695205688,-0.04111456871032715,1.0,1.0,12.1620512008667,nan
17.529621124267578,-0.27316346764564514,0.9479382038116455,-0.03461149334907532,0.019104663282632828,nan,nan,0.28572940826416016,276.1506652832031,-0.1794895976781845,0.8867007493972778,0.006032705307006836,1.0,1.0,12.1620512008667,nan
17.530122756958008,-0.39285364747047424,0.9011264443397522,-0.008830243721604347,0.01538346242159605,nan,nan,0.42276906967163086,276.107177734375,-0.2423372119665146,0.8740763068199158,-0.060569047927856445,1.0,1.0,12.1620512008667,nan
17.530622482299805,-0.5221961140632629,0.8375961780548096,-0.012052900157868862,0.02282586693763733,nan,nan,0.5613822937011719,276.1308288574219,-0.40156373381614685,0.8034358620643616,-0.005908012390136719,1.0,1.0,12.1620512008667,nan
17.5311222076416,-0.6293379664421082,0.7590193152427673,-0.024943523108959198,0.020965266972780228,nan,nan,0.698155403137207,276.07666015625,-0.49787792563438416,0.7571151256561279,-0.02457261085510254,1.0,1.0,12.1620512008667,nan
17.5316219329834,-0.7297229766845703,0.6653959155082703,-0.02816617861390114,0.02282586693763733,nan,nan,0.8354883193969727,276.04705810546875,-0.6035186052322388,0.6707136034965515,-0.010843276977539062,1.0,1.0,12.1620512008667,nan
17.532121658325195,-0.8146646022796631,0.5650848150253296,-0.016886884346604347,-0.009734656661748886,nan,nan,0.9736502170562744,276.0531005859375,-0.729093074798584,0.5957220792770386,0.004077434539794922,1.0,1.0,12.1620512008667,nan
17.53261947631836,-0.8783705234527588,0.441368043422699,-0.0410568043589592,0.011662259697914124,nan,nan,1.1109635829925537,276.02325439453125,-0.7583615779876709,0.48736944794654846,-0.01947784423828125,1.0,1.0,12.1620512008667,nan
17.533119201660156,-0.9295282363891602,0.3193230926990509,-0.0410568043589592,0.015383461490273476,nan,nan,1.247793436050415,275.9735412597656,-0.8191682696342468,0.4070030152797699,-0.04636240005493164,1.0,1.0,12.1620512008667,nan
17.533620834350586,-0.9662074446678162,0.18891887366771698,-0.023332197219133377,-0.0004316499689593911,nan,nan,1.3850772380828857,275.94403076171875,-0.8652905225753784,0.2693248689174652,-0.02418804168701172,1.0,1.0,12.1620512008667,nan
17.534120559692383,-0.9797205924987793,0.05182737112045288,-0.028166180476546288,-0.01996796391904354,nan,nan,1.5222771167755127,275.91162109375,-0.8634960055351257,0.13882708549499512,-0.019037723541259766,1.0,1.0,12.1620512008667,nan
17.53462028503418,-0.9826163649559021,-0.0802488923072815,-0.018498212099075317,0.004219853784888983,nan,nan,1.658684492111206,275.8465576171875,-0.8999979496002197,0.023971516638994217,-0.022701740264892578,1.0,1.0,12.1620512008667,nan
17.535120010375977,-0.9642770290374756,-0.21232473850250244,-0.026554850861430168,-0.007874054834246635,nan,nan,1.7960188388824463,275.8218078613281,-0.9022954106330872,-0.1074461117386818,-0.014859676361083984,1.0,1.0,12.1620512008667,nan
17.535619735717773,-0.9285628795623779,-0.3410569131374359,-0.028166180476546288,-0.010664956644177437,nan,nan,1.9327242374420166,275.7711486816406,-0.9131417274475098,-0.2356257438659668,-0.017586231231689453,1.0,1.0,12.1620512008667,nan
17.53611946105957,-0.8687179684638977,-0.47146159410476685,-0.05072477459907532,0.006080454681068659,nan,nan,2.06974196434021,275.7346496582031,-0.8171708583831787,-0.3546944856643677,0.0024504661560058594,1.0,1.0,12.1620512008667,nan
17.536619186401367,-0.7992205619812012,-0.5784597396850586,-0.013664225116372108,-0.030201273038983345,nan,nan,2.207868814468384,275.7455749511719,-0.7927659749984741,-0.4803788661956787,-0.0004124641418457031,1.0,1.0,12.1620512008667,nan
17.537120819091797,-0.7113835215568542,-0.6837862730026245,-0.015275556594133377,-0.01624676212668419,nan,nan,2.3448703289031982,275.7090759277344,-0.7149701118469238,-0.5591624975204468,-0.0185699462890625,1.0,1.0,12.1620512008667,nan
17.537620544433594,-0.6158245205879211,-0.7690504193305969,0.020173663273453712,-0.014386159367859364,nan,nan,2.4812562465667725,275.64727783203125,-0.6611090302467346,-0.6341418623924255,-0.05426216125488281,1.0,1.0,12.1620512008667,nan
17.53812026977539,-0.4990302324295044,-0.8509706854820251,0.0040603820234537125,-0.032992172986269,nan,nan,2.618647813796997,275.6294860839844,-0.5034669637680054,-0.7398009896278381,0.017306804656982422,1.0,1.0,12.1620512008667,nan
17.538619995117188,-0.37934014201164246,-0.9111571907997131,0.0024490542709827423,-0.024619467556476593,nan,nan,2.755582571029663,275.5925598144531,-0.42552870512008667,-0.7985946536064148,-0.011792182922363281,1.0,1.0,12.1620512008667,nan
17.539119720458984,-0.2577197551727295,-0.9546254277229309,0.013728350400924683,-0.00880435574799776,nan,nan,2.8921282291412354,275.54010009765625,-0.3349926173686981,-0.8842519521713257,-0.020950794219970703,1.0,1.0,12.1620512008667,nan
17.53961944580078,-0.11486395448446274,-0.9813751578330994,0.013728350400924683,-0.014386160299181938,nan,nan,3.0304644107818604,275.5643005371094,-0.13430561125278473,-0.8816128373146057,0.05198335647583008,1.0,1.0,12.1620512008667,nan
17.540119171142578,0.02027006633579731,-0.9880626797676086,-0.015275555662810802,-0.01810736209154129,nan,nan,-3.115304470062256,275.5489196777344,-0.058708660304546356,-0.8987427949905396,0.0002932548522949219,1.0,1.0,12.1620512008667,nan
17.540620803833008,0.1534731537103653,-0.9780313372612,0.004060380160808563,-0.027410369366407394,nan,nan,-2.9775304794311523,275.548828125,0.07820530980825424,-0.9444190859794617,0.010411977767944336,1.0,1.0,12.1620512008667,nan
17.541120529174805,0.2847467362880707,-0.9445943832397461,-0.005607588216662407,-0.023689165711402893,nan,nan,-2.840292453765869,275.5263671875,0.1801106333732605,-0.9182553291320801,-0.015877485275268555,1.0,1.0,12.1620512008667,nan
17.5416202545166,0.4121584892272949,-0.8977824449539185,0.04434358328580856,-0.004152852110564709,nan,nan,-2.7018158435821533,275.556396484375,0.3216562569141388,-0.8574590086936951,0.01096487045288086,1.0,1.0,12.1620512008667,nan
17.5421199798584,0.5260570645332336,-0.8242212533950806,0.026618976145982742,-0.0013619493693113327,nan,nan,-2.565300941467285,275.503173828125,0.34432241320610046,-0.7766831517219543,-0.0674896240234375,1.0,1.0,12.1620512008667,nan
17.542619705200195,0.6341643929481506,-0.7506600618362427,-0.018498212099075317,-0.029270971193909645,nan,nan,-2.43023943901062,275.3900146484375,0.43922874331474304,-0.7598877549171448,-0.09589624404907227,1.0,1.0,12.1620512008667,nan
17.543119430541992,0.7364797592163086,-0.6603800654411316,-0.010441571474075317,-0.007874054834246635,nan,nan,-2.2929413318634033,275.3733215332031,0.612945556640625,-0.6573678851127625,-0.006482839584350586,1.0,1.0,12.1620512008667,nan
17.54361915588379,0.809838056564331,-0.5466943979263306,0.03628694266080856,-0.012525559403002262,nan,nan,-2.1560893058776855,275.3379821777344,0.6350570321083069,-0.5832427740097046,-0.06613659858703613,1.0,1.0,12.1620512008667,nan
17.54412078857422,0.8860922455787659,-0.4346805810928345,0.03789827227592468,-0.013455859385430813,nan,nan,-2.019688129425049,275.2850646972656,0.8021114468574524,-0.47338879108428955,0.007480144500732422,1.0,1.0,12.1620512008667,nan
17.544618606567383,0.9362847805023193,-0.31430763006210327,0.042732253670692444,-0.0013619515812024474,nan,nan,-1.8830310106277466,275.2437744140625,0.8765660524368286,-0.3781464695930481,-0.0033447742462158203,1.0,1.0,12.1620512008667,nan
17.545120239257812,0.9729638695716858,-0.18390321731567383,0.023396318778395653,0.007941056974232197,nan,nan,-1.7463985681533813,275.20220947265625,0.9037600159645081,-0.25189706683158875,-0.0045435428619384766,1.0,1.0,12.1620512008667,nan
17.545618057250977,0.987442672252655,-0.05182737112045288,0.013728350400924683,-0.006943754386156797,nan,nan,-1.6100895404815674,275.14788818359375,0.9174464344978333,-0.14231590926647186,-0.023020505905151367,1.0,1.0,12.1620512008667,nan
17.546117782592773,0.9787556529045105,0.08693615347146988,0.029841629788279533,0.019104663282632828,nan,nan,-1.4733070135116577,275.1147155761719,0.8951492309570312,-0.004865404684096575,-0.011305093765258789,1.0,1.0,12.1620512008667,nan
17.54661750793457,0.9507631659507751,0.22235584259033203,0.0395096018910408,0.007941057905554771,nan,nan,-1.3369050025939941,275.0662841796875,0.826664924621582,0.10366163402795792,-0.017567873001098633,1.0,1.0,12.1620512008667,nan
17.547117233276367,0.9198756814002991,0.34272897243499756,0.026618976145982742,0.011662259697914124,nan,nan,-1.2000584602355957,275.0373840332031,0.8763123750686646,0.22793930768966675,-0.024727582931518555,1.0,1.0,12.1620512008667,nan
17.547618865966797,0.8658224940299988,0.463101863861084,0.012117021717131138,0.02375616878271103,nan,nan,-1.0635788440704346,274.9939270019531,0.8381646275520325,0.35004696249961853,-0.020058870315551758,1.0,1.0,12.1620512008667,nan
17.548118591308594,0.7895679473876953,0.5818032026290894,-0.013664228841662407,0.029337972402572632,nan,nan,-0.9270544052124023,274.9530944824219,0.7494815587997437,0.4675647020339966,0.005667209625244141,1.0,1.0,12.1620512008667,nan
17.548616409301758,0.7094529271125793,0.6804425120353699,0.021784991025924683,0.0144531624391675,nan,nan,-0.790663480758667,274.9075927734375,0.7373924851417542,0.558527410030365,-0.04046130180358887,1.0,1.0,12.1620512008667,nan
17.549118041992188,0.6071372628211975,0.7774094939231873,0.016951005905866623,0.009801657870411873,nan,nan,-0.6540825366973877,274.870849609375,0.6285796761512756,0.6708945035934448,-0.007208585739135742,1.0,1.0,12.1620512008667,nan
17.54961585998535,0.5009605288505554,0.8476272821426392,-0.0023849308490753174,0.01538346242159605,nan,nan,-0.5176315307617188,274.8293762207031,0.5393364429473877,0.7330939769744873,-0.02518749237060547,1.0,1.0,12.1620512008667,nan
17.55011558532715,0.3793402910232544,0.9078137874603271,-0.005607586354017258,0.02468646876513958,nan,nan,-0.3820919990539551,274.7506103515625,0.4263429641723633,0.8133939504623413,-0.009183645248413086,1.0,1.0,12.1620512008667,nan
17.550615310668945,0.25192829966545105,0.9479382038116455,-0.002384931780397892,0.019104665145277977,nan,nan,-0.2455592155456543,274.71527099609375,0.32883214950561523,0.856872022151947,-0.029457569122314453,1.0,1.0,12.1620512008667,nan
17.551115036010742,0.12451642751693726,0.9746874570846558,-0.023332195356488228,0.021895568817853928,nan,nan,-0.10943770408630371,274.663330078125,0.21462088823318481,0.8951753377914429,-0.03450155258178711,1.0,1.0,12.1620512008667,nan
17.551616668701172,-0.014478601515293121,0.9847185611724854,-0.008830243721604347,0.01538346242159605,nan,nan,0.02656412124633789,274.60760498046875,0.05824662744998932,0.9140617847442627,0.0013022422790527344,1.0,1.0,12.1620512008667,nan
17.55211639404297,-0.14189058542251587,0.9713440537452698,0.005671709775924683,0.02561677061021328,nan,nan,0.16332030296325684,274.58428955078125,0.007312487345188856,0.9195693135261536,-0.08011722564697266,1.0,1.0,12.1620512008667,nan
17.552616119384766,-0.28088536858558655,0.9445943832397461,-0.03138883784413338,0.017244063317775726,nan,nan,0.2998013496398926,274.55029296875,-0.20450177788734436,0.8845510482788086,0.01895761489868164,1.0,1.0,12.1620512008667,nan
17.553115844726562,-0.4063670337200165,0.8977824449539185,0.0024490533396601677,0.016313763335347176,nan,nan,0.4359431266784668,274.5027770996094,-0.28793033957481384,0.8465133905410767,-0.016688823699951172,1.0,1.0,12.1620512008667,nan
17.55361557006836,-0.5241265296936035,0.8342525959014893,-0.005607586819678545,0.011662259697914124,nan,nan,0.5723283290863037,274.46624755859375,-0.3959355652332306,0.7887232899665833,-0.015700340270996094,1.0,1.0,12.1620512008667,nan
17.554115295410156,-0.6322337985038757,0.754003643989563,-0.024943524971604347,0.039571281522512436,nan,nan,0.7084240913391113,274.4185485839844,-0.5204598903656006,0.7530487775802612,-0.012287616729736328,1.0,1.0,12.1620512008667,nan
17.554615020751953,-0.727792501449585,0.662051796913147,-0.026554852724075317,0.020034965127706528,nan,nan,0.8451523780822754,274.398193359375,-0.5953952074050903,0.6633724570274353,-0.022370338439941406,1.0,1.0,12.1620512008667,nan
17.555116653442383,-0.8108034729957581,0.5583975315093994,0.0024490533396601677,0.0014289518585428596,nan,nan,0.9818346500396729,274.37664794921875,-0.7130339741706848,0.5794010162353516,-0.0019936561584472656,1.0,1.0,12.1620512008667,nan
17.55561637878418,-0.8889880776405334,0.4430396556854248,-0.02010953798890114,0.0070107560604810715,nan,nan,1.1199147701263428,274.4140930175781,-0.8173670172691345,0.46779578924179077,0.022591590881347656,1.0,1.0,12.1620512008667,nan
17.556116104125977,-0.9333891272544861,0.3126358389854431,-0.03138883411884308,0.009801658801734447,nan,nan,1.256892442703247,274.4043273925781,-0.8296087384223938,0.3867674171924591,-0.031043052673339844,1.0,1.0,12.1620512008667,nan
17.556615829467773,-0.9691032767295837,0.18390321731567383,-0.016886884346604347,-0.0022922514472156763,nan,nan,1.3935821056365967,274.38262939453125,-0.8619841933250427,0.2557758092880249,-0.019899368286132812,1.0,1.0,12.1620512008667,nan
17.55711555480957,-0.9845470786094666,0.0568426139652729,-0.03944547846913338,-0.013455860316753387,nan,nan,1.5297486782073975,274.33953857421875,-0.9285441637039185,0.15685175359249115,-0.03503274917602539,1.0,1.0,12.1620512008667,nan
17.557615280151367,-0.9845470786094666,-0.08359251916408539,-0.010441571474075317,-0.00043164941598661244,nan,nan,1.6658565998077393,274.2950134277344,-0.8932676315307617,0.00817025825381279,-0.012866973876953125,1.0,1.0,12.1620512008667,nan
17.558115005493164,-0.961381196975708,-0.2173403948545456,-0.03783414885401726,0.006080454681068659,nan,nan,1.8023264408111572,274.26654052734375,-0.9095877408981323,-0.11626540869474411,-0.01306772232055664,1.0,1.0,12.1620512008667,nan
17.558616638183594,-0.9208410382270813,-0.3410569131374359,-0.021720867604017258,-0.00694375392049551,nan,nan,1.9387562274932861,274.2368469238281,-0.860723614692688,-0.19583842158317566,-0.05308818817138672,1.0,1.0,12.1620512008667,nan
17.55911636352539,-0.8725791573524475,-0.46477392315864563,0.010505693033337593,-0.012525558471679688,nan,nan,2.075223207473755,274.2095031738281,-0.8475531935691833,-0.34416690468788147,-0.027447223663330078,1.0,1.0,12.1620512008667,nan
17.559616088867188,-0.7934290766716003,-0.5818032026290894,-0.0072189150378108025,-0.015316460281610489,nan,nan,2.2111098766326904,274.1584167480469,-0.7741775512695312,-0.4677116572856903,-0.005530357360839844,1.0,1.0,12.1620512008667,nan
17.560115814208984,-0.7133138179779053,-0.6871297359466553,-0.023332197219133377,-0.011595258489251137,nan,nan,2.3485710620880127,274.1746520996094,-0.7026896476745605,-0.5956510901451111,0.01679086685180664,1.0,1.0,12.1620512008667,nan
17.56061553955078,-0.610998272895813,-0.7774097323417664,0.007283037528395653,0.000498651061207056,nan,nan,2.4856364727020264,274.1737365722656,-0.6114838719367981,-0.6644282937049866,0.0033969879150390625,1.0,1.0,12.1620512008667,nan
17.561115264892578,-0.4990302324295044,-0.8509706854820251,0.007283037528395653,-0.025549769401550293,nan,nan,2.623232126235962,274.19512939453125,-0.5244928002357483,-0.7343032360076904,-0.010563850402832031,1.0,1.0,12.1620512008667,nan
17.561613082885742,-0.37547925114631653,-0.9178448915481567,0.008894366212189198,-0.02089826576411724,nan,nan,2.7593328952789307,274.153564453125,-0.3929300308227539,-0.8173617124557495,0.025600433349609375,1.0,1.0,12.1620512008667,nan
17.562114715576172,-0.2519284188747406,-0.9613127112388611,0.005671709775924683,-0.013455859385430813,nan,nan,2.896519422531128,274.1581726074219,-0.3123118579387665,-0.9024211168289185,0.0032548904418945312,1.0,1.0,12.1620512008667,nan
17.56261444091797,-0.11486395448446274,-0.9847185611724854,0.0008377246558666229,-0.025549769401550293,nan,nan,3.0328943729400635,274.1285095214844,-0.19471429288387299,-0.9070796966552734,-0.011463165283203125,1.0,1.0,12.1620512008667,nan
17.563114166259766,0.014478481374680996,-0.9880626797676086,0.023396318778395653,-0.01996796391904354,nan,nan,-3.1138367652893066,274.1029357910156,-0.08511590957641602,-0.9164719581604004,-0.029155969619750977,1.0,1.0,12.1620512008667,nan
17.563613891601562,0.15540407598018646,-0.9847185611724854,0.013728349469602108,-0.021828563883900642,nan,nan,-2.977613925933838,274.0684814453125,0.10642445087432861,-0.9309837818145752,0.04133272171020508,1.0,1.0,12.1620512008667,nan
17.56411361694336,0.288607656955719,-0.9512816071510315,-0.018498210236430168,-0.027410367503762245,nan,nan,-2.840803861618042,274.0592041015625,0.20602504909038544,-0.9037202596664429,0.014731645584106445,1.0,1.0,12.1620512008667,nan
17.564613342285156,0.4082970917224884,-0.8977824449539185,0.010505693033337593,-0.012525558471679688,nan,nan,-2.7034525871276855,274.07257080078125,0.2670891582965851,-0.874495804309845,-0.05060935020446777,1.0,1.0,12.1620512008667,nan
17.565113067626953,0.528952419757843,-0.8325805068016052,0.021784991025924683,-0.022758865728974342,nan,nan,-2.567289113998413,274.0359802246094,0.3991137146949768,-0.8027035593986511,-0.02167224884033203,1.0,1.0,12.1620512008667,nan
17.56561279296875,0.6370596289634705,-0.7523318529129028,0.03789827227592468,-0.0004316499689593911,nan,nan,-2.4312000274658203,273.9968566894531,0.4716700613498688,-0.7393990755081177,-0.05148434638977051,1.0,1.0,12.1620512008667,nan
17.56611442565918,0.7403404712677002,-0.6670677661895752,-0.010441571474075317,-0.007874054834246635,nan,nan,-2.296274423599243,273.91021728515625,0.6308563351631165,-0.6572726964950562,0.010886430740356445,1.0,1.0,12.1620512008667,nan
17.566612243652344,0.8233513832092285,-0.5567257404327393,0.03306428715586662,-0.014386160299181938,nan,nan,-2.157956600189209,273.96734619140625,0.7444596290588379,-0.5893083214759827,0.008889198303222656,1.0,1.0,12.1620512008667,nan
17.56711196899414,0.8947794437408447,-0.43300873041152954,0.023396318778395653,-0.014386159367859364,nan,nan,-2.020437002182007,273.9900207519531,0.7905829548835754,-0.44228652119636536,0.03099799156188965,1.0,1.0,12.1620512008667,nan
17.567611694335938,0.9459371566772461,-0.31096383929252625,0.03306428715586662,-0.014386160299181938,nan,nan,-1.8835195302963257,273.9867858886719,0.8607413172721863,-0.360242635011673,0.00767207145690918,1.0,1.0,12.1620512008667,nan
17.568111419677734,0.9806860089302063,-0.17721594870090485,0.023396318778395653,0.007941056974232197,nan,nan,-1.7460157871246338,274.00830078125,0.8843745589256287,-0.22107787430286407,0.02164626121520996,1.0,1.0,12.1620512008667,nan
17.56861114501953,0.9913036227226257,-0.045139893889427185,0.021784989163279533,-0.007874054834246635,nan,nan,-1.6095197200775146,273.9869384765625,0.9146533608436584,-0.14297276735305786,-0.02514934539794922,1.0,1.0,12.1620512008667,nan
17.56911277770996,0.9951648116111755,0.09195160865783691,0.023396318778395653,-0.01624676026403904,nan,nan,-1.4724812507629395,273.98895263671875,0.9475563168525696,0.022420452907681465,0.01670360565185547,1.0,1.0,12.1620512008667,nan
17.569612503051758,0.9633116722106934,0.23405876755714417,0.016951005905866623,-0.00880435574799776,nan,nan,-1.33528470993042,273.9974365234375,0.8622033596038818,0.14155924320220947,0.018592119216918945,1.0,1.0,12.1620512008667,nan
17.570112228393555,0.9295280575752258,0.35944733023643494,0.03467561677098274,-0.004152852110564709,nan,nan,-1.197696566581726,274.0221862792969,0.8863326907157898,0.2732561528682709,0.01732945442199707,1.0,1.0,12.1620512008667,nan
17.57061195373535,0.8658223152160645,0.48985156416893005,0.015339678153395653,0.005150154698640108,nan,nan,-1.0605289936065674,274.0287170410156,0.7684826254844666,0.3704627454280853,0.030365943908691406,1.0,1.0,12.1620512008667,nan
17.57111167907715,0.7914987206459045,0.605209231376648,-0.003996259532868862,0.020034965127706528,nan,nan,-0.9219367504119873,274.0951232910156,0.7261422872543335,0.5150457620620728,0.05965113639831543,1.0,1.0,12.1620512008667,nan
17.571611404418945,0.7017312049865723,0.70050448179245,-0.024943524971604347,0.0060804556123912334,nan,nan,-0.7849063873291016,274.09454345703125,0.6796278953552246,0.5729472637176514,0.005896091461181641,1.0,1.0,12.1620512008667,nan
17.572111129760742,0.6081028580665588,0.7957996726036072,0.005671709775924683,0.018174365162849426,nan,nan,-0.6491496562957764,274.0404052734375,0.6516098380088806,0.7234121561050415,0.007262468338012695,1.0,1.0,12.1620512008667,nan
17.572612762451172,0.48551657795906067,0.867689311504364,0.013728349469602108,0.017244063317775726,nan,nan,-0.51167893409729,274.0592956542969,0.49975845217704773,0.7495343685150146,0.014990806579589844,1.0,1.0,12.1620512008667,nan
17.57311248779297,0.36389634013175964,0.9278757572174072,0.023396316915750504,0.035850077867507935,nan,nan,-0.3750178813934326,274.0437927246094,0.4068027436733246,0.8400813937187195,0.015430688858032227,1.0,1.0,12.1620512008667,nan
17.573612213134766,0.22683173418045044,0.9780313372612,0.005671708844602108,0.020034965127706528,nan,nan,-0.23535370826721191,274.1546325683594,0.23090007901191711,0.9106706976890564,0.07871365547180176,1.0,1.0,12.1620512008667,nan
17.574111938476562,0.09169796854257584,0.994749903678894,-0.013664226979017258,0.018174365162849426,nan,nan,-0.09753656387329102,274.1856994628906,0.11814970523118973,0.9037624001502991,0.05914783477783203,1.0,1.0,12.1620512008667,nan
17.57461166381836,-0.043435800820589066,1.0014371871948242,0.002449052408337593,0.021895568817853928,nan,nan,0.03873848915100098,274.1513366699219,0.009207666851580143,0.9330370426177979,0.04291892051696777,1.0,1.0,12.1620512008667,nan
17.575111389160156,-0.17663949728012085,0.9813751578330994,-0.008830243721604347,0.01538346242159605,nan,nan,0.1781160831451416,274.2481689453125,-0.1017460823059082,0.9251018762588501,0.022901296615600586,1.0,1.0,12.1620512008667,nan
17.575611114501953,-0.3214256167411804,0.9479382038116455,-0.03783414885401726,0.017244063317775726,nan,nan,0.31620192527770996,274.2887268066406,-0.2697012424468994,0.8788515329360962,0.07325220108032227,1.0,1.0,12.1620512008667,nan
17.576112747192383,-0.4353243410587311,0.8944390416145325,-0.015275556594133377,0.011662259697914124,nan,nan,0.4533829689025879,274.29022216796875,-0.29580456018447876,0.8700070977210999,-0.0343937873840332,1.0,1.0,12.1620512008667,nan
17.57661247253418,-0.5588752031326294,0.8208778500556946,-0.029777508229017258,0.02375616878271103,nan,nan,0.5914816856384277,274.3304138183594,-0.43898504972457886,0.8023290634155273,0.0005698204040527344,1.0,1.0,12.1620512008667,nan
17.577112197875977,-0.6698781847953796,0.7356135249137878,-0.015275555662810802,0.02654707059264183,nan,nan,0.7299716472625732,274.38641357421875,-0.5507289171218872,0.7063960433006287,0.023749351501464844,1.0,1.0,12.1620512008667,nan
17.577611923217773,-0.7664020657539368,0.6419898867607117,-0.012052899226546288,0.007941056974232197,nan,nan,0.8676598072052002,274.40716552734375,-0.6446213722229004,0.6578829288482666,-0.0010161399841308594,1.0,1.0,12.1620512008667,nan
17.57811164855957,-0.8436217308044434,0.5283042192459106,0.018562333658337593,0.007010755594819784,nan,nan,1.0053856372833252,274.428955078125,-0.690744936466217,0.5618261694908142,-0.026095867156982422,1.0,1.0,12.1620512008667,nan
17.578609466552734,-0.9111886024475098,0.41127490997314453,-0.03138883784413338,0.017244063317775726,nan,nan,1.1423819065093994,274.4197692871094,-0.8305795192718506,0.47709953784942627,-0.0015535354614257812,1.0,1.0,12.1620512008667,nan
17.57910919189453,-0.9604160785675049,0.27919867634773254,-0.018498212099075317,-0.010664957575500011,nan,nan,1.2802379131317139,274.4470520019531,-0.8607441186904907,0.3195812702178955,0.026604652404785156,1.0,1.0,12.1620512008667,nan
17.57961082458496,-0.9855124354362488,0.14210715889930725,-0.010441571474075317,0.001428951509296894,nan,nan,1.4181430339813232,274.47576904296875,-0.8840414881706238,0.21127642691135406,0.00955820083618164,1.0,1.0,12.1620512008667,nan
17.580110549926758,-0.9951646327972412,0.011702927760779858,-0.028166180476546288,-0.01624676212668419,nan,nan,1.55519700050354,274.4678955078125,-0.9147427082061768,0.11676204204559326,-0.019990921020507812,1.0,1.0,12.1620512008667,nan
17.580610275268555,-0.9980604648590088,-0.1270601898431778,-0.028166180476546288,-0.003222551429644227,nan,nan,1.6923468112945557,274.46453857421875,-0.9629907011985779,-0.05562135577201843,0.027710437774658203,1.0,1.0,12.1620512008667,nan
17.58111000061035,-0.9623465538024902,-0.26916733384132385,-0.04427945986390114,0.009801658801734447,nan,nan,1.8300364017486572,274.4837646484375,-0.8908096551895142,-0.17267021536827087,0.023776531219482422,1.0,1.0,12.1620512008667,nan
17.58160972595215,-0.9169802069664001,-0.4012435972690582,-0.028166180476546288,-0.003222551429644227,nan,nan,1.968456506729126,274.5333557128906,-0.8377310633659363,-0.3152662217617035,0.05397796630859375,1.0,1.0,12.1620512008667,nan
17.582109451293945,-0.8561697006225586,-0.5199449062347412,-0.024943524971604347,-0.01996796391904354,nan,nan,2.107255220413208,274.5977783203125,-0.81126868724823,-0.43763887882232666,0.04995155334472656,1.0,1.0,12.1620512008667,nan
17.58260726928711,-0.770263135433197,-0.6353023648262024,-0.010441571474075317,-0.013455859385430813,nan,nan,2.2457659244537354,274.64862060546875,-0.7635985612869263,-0.5135101079940796,0.008599281311035156,1.0,1.0,12.1620512008667,nan
17.58310890197754,-0.6727738976478577,-0.7305978536605835,0.010505693964660168,-0.021828563883900642,nan,nan,2.384702444076538,274.71661376953125,-0.6426528096199036,-0.5891011357307434,0.019659996032714844,1.0,1.0,12.1620512008667,nan
17.583608627319336,-0.5743191242218018,-0.8208775520324707,0.010505694895982742,-0.01624676212668419,nan,nan,2.521876573562622,274.7088623046875,-0.6168996095657349,-0.7273123264312744,0.007837295532226562,1.0,1.0,12.1620512008667,nan
17.584108352661133,-0.45269837975502014,-0.8877513408660889,0.0024490542709827423,-0.022758865728974342,nan,nan,2.6607024669647217,274.7707824707031,-0.4903772175312042,-0.7801688313484192,0.011340141296386719,1.0,1.0,12.1620512008667,nan
17.58460807800293,-0.3194950520992279,-0.9512816071510315,-0.005607586819678545,-0.003222551429644227,nan,nan,2.798680543899536,274.7958679199219,-0.32721564173698425,-0.8356924653053284,0.06152915954589844,1.0,1.0,12.1620512008667,nan
17.585107803344727,-0.194013774394989,-0.9813751578330994,-0.0007736030966043472,-0.01717706210911274,nan,nan,2.937814950942993,274.86859130859375,-0.27856865525245667,-0.9101927280426025,-0.0016465187072753906,1.0,1.0,12.1620512008667,nan
17.585607528686523,-0.04729682207107544,-1.0014371871948242,-0.010441571474075317,-0.011595258489251137,nan,nan,3.0760843753814697,274.9036865234375,-0.10512607544660568,-0.9103193283081055,0.042308807373046875,1.0,1.0,12.1620512008667,nan
17.58610725402832,0.08783718943595886,-0.9980933666229248,-0.0023849308490753174,-0.01810736209154129,nan,nan,-3.067871570587158,274.97833251953125,-0.0008290507830679417,-0.9477765560150146,0.017096757888793945,1.0,1.0,12.1620512008667,nan
17.58660888671875,0.22876255214214325,-0.9713440537452698,0.026618974283337593,-0.02182856760919094,nan,nan,-2.9290547370910645,275.0342102050781,0.1276589035987854,-0.8912099599838257,0.02146625518798828,1.0,1.0,12.1620512008667,nan
17.587108612060547,0.3619661331176758,-0.9379069209098816,-0.018498210236430168,-0.027410367503762245,nan,nan,-2.791787624359131,275.02398681640625,0.2739344537258148,-0.8943799734115601,0.03920745849609375,1.0,1.0,12.1620512008667,nan
17.587608337402344,0.4874474108219147,-0.8810640573501587,0.039509598165750504,-0.006943754386156797,nan,nan,-2.653151750564575,275.0710754394531,0.4169671833515167,-0.8608310222625732,0.05451083183288574,1.0,1.0,12.1620512008667,nan
17.58810806274414,0.5994153618812561,-0.8041592240333557,-0.021720867604017258,-0.005083153024315834,nan,nan,-2.5155677795410156,275.0732421875,0.4675140380859375,-0.7858080863952637,0.0023336410522460938,1.0,1.0,12.1620512008667,nan
17.588607788085938,0.6998007893562317,-0.703848123550415,0.06529084593057632,-0.02182856760919094,nan,nan,-2.376756429672241,275.1267395019531,0.5546571612358093,-0.7009201645851135,-0.003751039505004883,1.0,1.0,12.1620512008667,nan
17.589107513427734,0.7992201447486877,-0.6118967533111572,-0.005607586819678545,-0.003222551429644227,nan,nan,-2.2399790287017822,275.0940856933594,0.7043268084526062,-0.6094725728034973,0.04771733283996582,1.0,1.0,12.1620512008667,nan
17.58960723876953,0.8783703446388245,-0.4948669970035553,0.015339678153395653,-0.01717706210911274,nan,nan,-2.100698947906494,275.1669006347656,0.8197700381278992,-0.5228334069252014,0.05407571792602539,1.0,1.0,12.1620512008667,nan
17.59010887145996,0.9295282363891602,-0.35944733023643494,0.03789827227592468,-0.013455859385430813,nan,nan,-1.9611703157424927,275.2484436035156,0.7996152639389038,-0.4062044322490692,0.012108802795410156,1.0,1.0,12.1620512008667,nan
17.590608596801758,0.9710338115692139,-0.23405876755714417,0.020173661410808563,0.006080454681068659,nan,nan,-1.8235737085342407,275.2472229003906,0.8520551323890686,-0.311027854681015,-0.005538463592529297,1.0,1.0,12.1620512008667,nan
17.591108322143555,0.9999909996986389,-0.09696705639362335,-0.0007736028637737036,0.003289553103968501,nan,nan,-1.6853303909301758,275.2733459472656,0.897212028503418,-0.16178859770298004,0.027964115142822266,1.0,1.0,12.1620512008667,nan
17.59160804748535,1.0077128410339355,0.036780599504709244,0.005671709775924683,-0.00043164941598661244,nan,nan,-1.5475294589996338,275.2803039550781,0.9651939868927002,-0.05487958341836929,0.01170659065246582,1.0,1.0,12.1620512008667,nan
17.59210777282715,0.9826166033744812,0.18055957555770874,0.020173661410808563,0.02282586507499218,nan,nan,-1.409131407737732,275.3121337890625,0.870188295841217,0.07077836990356445,0.011272907257080078,1.0,1.0,12.1620512008667,nan
17.592607498168945,0.9401459097862244,0.31430763006210327,0.04595491290092468,0.041431885212659836,nan,nan,-1.2710715532302856,275.32916259765625,0.8288246989250183,0.19155056774616241,0.01921701431274414,1.0,1.0,12.1620512008667,nan
17.593107223510742,0.8957446217536926,0.4380244016647339,0.03467561677098274,-0.004152852110564709,nan,nan,-1.1331653594970703,275.33941650390625,0.8412081599235535,0.30415454506874084,0.0010585784912109375,1.0,1.0,12.1620512008667,nan
17.593608856201172,0.831073522567749,0.55003821849823,0.015339679084718227,0.018174365162849426,nan,nan,-0.994417667388916,275.3846435546875,0.8500149250030518,0.4104682505130768,-0.034897565841674805,1.0,1.0,12.1620512008667,nan
17.59410858154297,0.7384104132652283,0.663723886013031,0.020173661410808563,0.02282586507499218,nan,nan,-0.8570272922515869,275.3719482421875,0.7237586975097656,0.5238141417503357,0.004484891891479492,1.0,1.0,12.1620512008667,nan
17.594608306884766,0.647677481174469,0.7606911659240723,0.03467561677098274,0.031198576092720032,nan,nan,-0.7187795639038086,275.39532470703125,0.7199715971946716,0.6675242781639099,-0.012693643569946289,1.0,1.0,12.1620512008667,nan
17.595108032226562,0.5347443222999573,0.8426114320755005,0.020173663273453712,0.03212887793779373,nan,nan,-0.5812389850616455,275.3885498046875,0.5855869054794312,0.7294886708259583,-0.0034246444702148438,1.0,1.0,12.1620512008667,nan
17.595605850219727,0.4102279245853424,0.9145010709762573,0.010505693964660168,0.02282586693763733,nan,nan,-0.4423811435699463,275.43768310546875,0.4339856803417206,0.8177584409713745,0.04644346237182617,1.0,1.0,12.1620512008667,nan
17.596105575561523,0.28088513016700745,0.9579693078994751,0.055622879415750504,0.02654707059264183,nan,nan,-0.3048593997955322,275.42926025390625,0.36660778522491455,0.8644461035728455,-0.004492282867431641,1.0,1.0,12.1620512008667,nan
17.59660530090332,0.1476822942495346,0.9914060831069946,-0.0007736021652817726,0.018174365162849426,nan,nan,-0.16579031944274902,275.48614501953125,0.19480320811271667,0.9145459532737732,0.0479123592376709,1.0,1.0,12.1620512008667,nan
17.597105026245117,0.008687136694788933,0.9980933666229248,0.026618976145982742,0.004219854716211557,nan,nan,-0.027220487594604492,275.5208435058594,0.11282448470592499,0.8919275403022766,-0.006833076477050781,1.0,1.0,12.1620512008667,nan
17.597606658935547,-0.1245163083076477,0.9880626797676086,-0.024943523108959198,0.02468646876513958,nan,nan,0.11157631874084473,275.5639953613281,-0.012533443048596382,0.9228008985519409,-0.006204843521118164,1.0,1.0,12.1620512008667,nan
17.598106384277344,-0.26737210154533386,0.9613127112388611,-0.007218915969133377,0.02747737057507038,nan,nan,0.25194859504699707,275.6730651855469,-0.16779190301895142,0.8910441994667053,0.02614283561706543,1.0,1.0,12.1620512008667,nan
17.59860610961914,-0.4005754292011261,0.9145010709762573,-0.026554852724075317,0.02561677061021328,nan,nan,0.3912670612335205,275.7354431152344,-0.3023790717124939,0.8488205075263977,0.04300403594970703,1.0,1.0,12.1620512008667,nan
17.599105834960938,-0.5144741535186768,0.8509709239006042,0.0008377246558666229,0.017244063317775726,nan,nan,0.5292575359344482,275.7406311035156,-0.3640407919883728,0.8593971729278564,-0.036852359771728516,1.0,1.0,12.1620512008667,nan
17.5996036529541,-0.6380249857902527,0.7707220911979675,-0.008830245584249496,0.041431885212659836,nan,nan,0.6690819263458252,275.82269287109375,-0.5073930621147156,0.7588143348693848,0.012257099151611328,1.0,1.0,12.1620512008667,nan
17.6001033782959,-0.7393754124641418,0.6754268407821655,-0.0072189150378108025,0.003289553103968501,nan,nan,0.8084032535552979,275.88201904296875,-0.6456905603408813,0.6714307069778442,0.049584150314331055,1.0,1.0,12.1620512008667,nan
17.600603103637695,-0.8243167400360107,0.5684282183647156,0.0008377255871891975,0.007941056974232197,nan,nan,0.9473531246185303,275.9244384765625,-0.7053744196891785,0.588243842124939,0.020365238189697266,1.0,1.0,12.1620512008667,nan
17.601104736328125,-0.8928489685058594,0.4497269093990326,-0.015275556594133377,-0.0032225518953055143,nan,nan,1.0855953693389893,275.93621826171875,-0.7782654762268066,0.4857211410999298,0.019264698028564453,1.0,1.0,12.1620512008667,nan
17.601604461669922,-0.9507634043693542,0.322666734457016,-0.028166182339191437,0.004219853784888983,nan,nan,1.2240636348724365,275.9571838378906,-0.8664894700050354,0.388568252325058,0.017196178436279297,1.0,1.0,12.1620512008667,nan
17.60210418701172,-0.9826166033744812,0.18724684417247772,-0.018498212099075317,0.0004986505373381078,nan,nan,1.3620750904083252,275.95855712890625,-0.8786167502403259,0.2577259838581085,0.015405654907226562,1.0,1.0,12.1620512008667,nan
17.602603912353516,-0.9999908804893494,0.05015534535050392,-0.018498212099075317,-0.0013619504170492291,nan,nan,1.5009329319000244,275.9955139160156,-0.9111651182174683,0.12866361439228058,0.021633625030517578,1.0,1.0,12.1620512008667,nan
17.603103637695312,-0.9999908804893494,-0.09696705639362335,-0.03783414885401726,0.004219853784888983,nan,nan,1.6396210193634033,276.0245666503906,-0.9052386283874512,-0.053553927689790726,0.0825815200805664,1.0,1.0,12.1620512008667,nan
17.60360336303711,-0.9710336327552795,-0.22737129032611847,-0.03622281923890114,-0.01717706024646759,nan,nan,1.7791197299957275,276.0868835449219,-0.9101055860519409,-0.13282577693462372,0.028708934783935547,1.0,1.0,12.1620512008667,nan
17.604103088378906,-0.9391806721687317,-0.35610347986221313,-0.021720867604017258,-0.005083153024315834,nan,nan,1.917511224746704,276.1015625,-0.9280710220336914,-0.2564086318016052,0.014899730682373047,1.0,1.0,12.1620512008667,nan
17.604604721069336,-0.874509334564209,-0.4814920723438263,-0.005607586819678545,0.007941056974232197,nan,nan,2.0560152530670166,276.12066650390625,-0.8374744057655334,-0.3432420790195465,-0.0042629241943359375,1.0,1.0,12.1620512008667,nan
17.605104446411133,-0.799220621585846,-0.591834545135498,-0.016886882483959198,-0.02089826576411724,nan,nan,2.194650888442993,276.14471435546875,-0.8074511885643005,-0.44000184535980225,-0.03304290771484375,1.0,1.0,12.1620512008667,nan
17.60560417175293,-0.710418164730072,-0.6988328695297241,-0.008830242790281773,-0.014386160299181938,nan,nan,2.3317301273345947,276.1029357910156,-0.7394303679466248,-0.549242377281189,-0.03019237518310547,1.0,1.0,12.1620512008667,nan
17.606103897094727,-0.6071373820304871,-0.7907842993736267,-0.016886884346604347,-0.015316461212933064,nan,nan,2.4694321155548096,276.08831787109375,-0.6374199986457825,-0.6580602526664734,-0.005338191986083984,1.0,1.0,12.1620512008667,nan
17.606603622436523,-0.4970996379852295,-0.8643454909324646,0.023396318778395653,-0.012525558471679688,nan,nan,2.60754132270813,276.091064453125,-0.5468547940254211,-0.7513951659202576,-0.0031023025512695312,1.0,1.0,12.1620512008667,nan
17.60710334777832,-0.3677573502063751,-0.9245323538780212,-0.003996260464191437,-0.022758865728974342,nan,nan,2.746309518814087,276.12158203125,-0.4253116548061371,-0.8118507862091064,0.004736900329589844,1.0,1.0,12.1620512008667,nan
17.607603073120117,-0.2364843487739563,-0.9713440537452698,0.00728303799405694,-0.010664957575500011,nan,nan,2.884883165359497,276.1433410644531,-0.28329846262931824,-0.8884151577949524,0.04019927978515625,1.0,1.0,12.1620512008667,nan
17.608104705810547,-0.09941988438367844,-0.9980933666229248,-0.015275554731488228,-0.029270971193909645,nan,nan,3.0234057903289795,276.162109375,-0.19012433290481567,-0.9292638301849365,0.008425712585449219,1.0,1.0,12.1620512008667,nan
17.608604431152344,0.029922788962721825,-0.994749903678894,0.013728350400924683,-0.01810736209154129,nan,nan,-3.120272397994995,276.221923828125,-0.1035001128911972,-0.9493421912193298,-0.03803753852844238,1.0,1.0,12.1620512008667,nan
17.60910415649414,0.17663925886154175,-0.9847185611724854,-0.0007736026309430599,-0.007874054834246635,nan,nan,-2.981741189956665,276.2400207519531,0.1011219173669815,-0.9126240611076355,0.04272198677062988,1.0,1.0,12.1620512008667,nan
17.609603881835938,0.3098428249359131,-0.9445943832397461,0.020173661410808563,-0.01810736209154129,nan,nan,-2.8433382511138916,276.25189208984375,0.18034319579601288,-0.8742408752441406,-0.0027887821197509766,1.0,1.0,12.1620512008667,nan
17.610103607177734,0.43725454807281494,-0.8977824449539185,0.013728350400924683,-0.025549769401550293,nan,nan,-2.7049612998962402,276.26275634765625,0.33212554454803467,-0.8850036263465881,0.014495611190795898,1.0,1.0,12.1620512008667,nan
17.61060333251953,0.5521184802055359,-0.825893223285675,0.04434358328580856,-0.00787405576556921,nan,nan,-2.566845178604126,276.261962890625,0.40426546335220337,-0.8168203234672546,-0.023215770721435547,1.0,1.0,12.1620512008667,nan
17.611103057861328,0.6582953333854675,-0.7423005104064941,0.015339678153395653,-0.004152852110564709,nan,nan,-2.429955005645752,276.2099609375,0.4707910716533661,-0.7331631779670715,-0.04898357391357422,1.0,1.0,12.1620512008667,nan
17.611602783203125,0.7519233822822571,-0.647005558013916,0.021784991025924683,-0.004152852110564709,nan,nan,-2.292755126953125,276.1719665527344,0.5875946879386902,-0.6687986254692078,-0.03611469268798828,1.0,1.0,12.1620512008667,nan
17.612104415893555,0.8358998894691467,-0.5416789650917053,0.04434358328580856,0.010731957852840424,nan,nan,-2.1558899879455566,276.1207275390625,0.7255306243896484,-0.5668262243270874,0.013945817947387695,1.0,1.0,12.1620512008667,nan
17.61260223388672,0.9063625931739807,-0.41963401436805725,0.026618976145982742,-0.01810736209154129,nan,nan,-2.0179381370544434,276.11639404296875,0.8170481324195862,-0.4637772738933563,0.022963762283325195,1.0,1.0,12.1620512008667,nan
17.61310386657715,0.9546244144439697,-0.28254249691963196,0.026618974283337593,-0.010664957575500011,nan,nan,-1.8786040544509888,276.1699523925781,0.8448202013969421,-0.30821895599365234,0.05020761489868164,1.0,1.0,12.1620512008667,nan
17.613601684570312,0.9874424934387207,-0.15882554650306702,0.012117022648453712,0.0014289520913735032,nan,nan,-1.7402197122573853,276.18243408203125,0.9238729476928711,-0.24020332098007202,0.0071108341217041016,1.0,1.0,12.1620512008667,nan
17.61410140991211,0.9951648712158203,-0.018390195444226265,0.04434358328580856,0.008871356956660748,nan,nan,-1.6018401384353638,276.1943664550781,0.8986576795578003,-0.1158720999956131,-0.005183219909667969,1.0,1.0,12.1620512008667,nan
17.614601135253906,0.9893732666969299,0.12204493582248688,0.04112092778086662,0.016313763335347176,nan,nan,-1.4633156061172485,276.21234130859375,0.9403859972953796,0.03269448131322861,0.019385576248168945,1.0,1.0,12.1620512008667,nan
17.615102767944336,0.9613811373710632,0.25746461749076843,0.015339678153395653,0.001428951509296894,nan,nan,-1.3252894878387451,276.2090759277344,0.8884425163269043,0.16123966872692108,0.026165246963500977,1.0,1.0,12.1620512008667,nan
17.615602493286133,0.9131188988685608,0.38786888122558594,0.020173663273453712,0.007941056974232197,nan,nan,-1.1869982481002808,276.21685791015625,0.8368837833404541,0.27540770173072815,0.02626967430114746,1.0,1.0,12.1620512008667,nan
17.61610221862793,0.8609957695007324,0.5048983097076416,0.013728349469602108,0.017244063317775726,nan,nan,-1.0481486320495605,276.2478332519531,0.8577853441238403,0.3817165493965149,-0.011963844299316406,1.0,1.0,12.1620512008667,nan
17.616600036621094,0.7799155712127686,0.6185837388038635,0.005671708844602108,0.020034965127706528,nan,nan,-0.9098789691925049,276.25408935546875,0.7784130573272705,0.5054317116737366,0.007048606872558594,1.0,1.0,12.1620512008667,nan
17.617101669311523,0.6862873435020447,0.7205665111541748,-0.0007736021652817726,0.010731957852840424,nan,nan,-0.7718539237976074,276.2499084472656,0.6977429986000061,0.6020342707633972,0.005019187927246094,1.0,1.0,12.1620512008667,nan
17.617599487304688,0.580110490322113,0.810846745967865,0.004060380160808563,0.02282586693763733,nan,nan,-0.6341793537139893,276.23114013671875,0.5816282629966736,0.7009484171867371,0.03372526168823242,1.0,1.0,12.1620512008667,nan
17.618101119995117,0.46814242005348206,0.8810640573501587,0.012117021717131138,0.018174365162849426,nan,nan,-0.49713826179504395,276.1859130859375,0.5432889461517334,0.7709773182868958,-0.024799108505249023,1.0,1.0,12.1620512008667,nan
17.618600845336914,0.3407304584980011,0.9345629811286926,0.004060380160808563,0.02282586693763733,nan,nan,-0.3592252731323242,276.1783447265625,0.403721421957016,0.8152807354927063,-0.00858449935913086,1.0,1.0,12.1620512008667,nan
17.61910057067871,0.21331848204135895,0.9680002331733704,-0.008830243721604347,0.01538346242159605,nan,nan,-0.22162127494812012,276.1578063964844,0.3238891661167145,0.8584408760070801,-0.0473480224609375,1.0,1.0,12.1620512008667,nan
17.619600296020508,0.07432381808757782,0.9914060831069946,-0.003996257670223713,0.016313763335347176,nan,nan,-0.08442974090576172,276.1207275390625,0.15859158337116241,0.8934714794158936,0.0007638931274414062,1.0,1.0,12.1620512008667,nan
17.620100021362305,-0.05501861497759819,0.9914060831069946,-0.026554852724075317,0.008871356956660748,nan,nan,0.05197739601135254,276.0512390136719,0.05438157171010971,0.9176660180091858,-0.019271135330200195,1.0,1.0,12.1620512008667,nan
17.6205997467041,-0.19594408571720123,0.9780313372612,-0.028166180476546288,0.019104663282632828,nan,nan,0.18998336791992188,276.05078125,-0.1255924254655838,0.939480721950531,0.035036325454711914,1.0,1.0,12.1620512008667,nan
17.6210994720459,-0.3233560621738434,0.9379069209098816,-0.0007736030966043472,0.02375616692006588,nan,nan,0.32746219635009766,276.0277099609375,-0.1763642579317093,0.8867647051811218,-0.03933286666870117,1.0,1.0,12.1620512008667,nan
17.621599197387695,-0.45462918281555176,0.8844079375267029,-0.03138883411884308,0.020965266972780228,nan,nan,0.4661448001861572,276.0556640625,-0.34891873598098755,0.8446939587593079,0.017632484436035156,1.0,1.0,12.1620512008667,nan
17.622100830078125,-0.5752843618392944,0.8192058205604553,-0.021720867604017258,0.0135228605940938,nan,nan,0.6036069393157959,276.0320739746094,-0.5015673637390137,0.8005158305168152,0.04828381538391113,1.0,1.0,12.1620512008667,nan
17.622600555419922,-0.6795303821563721,0.7255821824073792,-0.016886884346604347,0.014453161507844925,nan,nan,0.7428033351898193,276.0815124511719,-0.55608731508255,0.7065210938453674,0.01606440544128418,1.0,1.0,12.1620512008667,nan
17.62310028076172,-0.7760549187660217,0.6319587826728821,-0.0330001637339592,0.0070107560604810715,nan,nan,0.8813612461090088,276.1034851074219,-0.7326608300209045,0.6559042930603027,0.05146932601928711,1.0,1.0,12.1620512008667,nan
17.623600006103516,-0.8455522656440735,0.5115858316421509,-0.0410568043589592,0.011662259697914124,nan,nan,1.0195624828338623,276.1094970703125,-0.6859290599822998,0.5650608539581299,-0.04604005813598633,1.0,1.0,12.1620512008667,nan
17.624099731445312,-0.9208410382270813,0.39455634355545044,-0.010441571474075317,0.0144531624391675,nan,nan,1.1577847003936768,276.1166687011719,-0.8484342694282532,0.4342794120311737,0.03205537796020508,1.0,1.0,12.1620512008667,nan
17.62459945678711,-0.9748945832252502,0.267495721578598,-0.005607586819678545,0.004219853784888983,nan,nan,1.2973978519439697,276.1820068359375,-0.9683837294578552,0.31882497668266296,0.047562599182128906,1.0,1.0,12.1620512008667,nan
17.625099182128906,-0.9932342171669006,0.1287326216697693,-0.013664226979017258,0.016313763335347176,nan,nan,1.4351999759674072,276.1697692871094,-0.9086601138114929,0.22266435623168945,-0.012750625610351562,1.0,1.0,12.1620512008667,nan
17.625600814819336,-0.9970951080322266,-0.015046980232000351,-0.018498212099075317,0.004219853784888983,nan,nan,1.5740821361541748,276.203125,-0.8916652202606201,0.06899920105934143,0.011563301086425781,1.0,1.0,12.1620512008667,nan
17.626100540161133,-0.9855121970176697,-0.14879442751407623,-0.012052899226546288,0.01538346242159605,nan,nan,1.7123382091522217,276.20947265625,-0.9114986062049866,-0.02913016825914383,-0.017636775970458984,1.0,1.0,12.1620512008667,nan
17.62660026550293,-0.9536591172218323,-0.2842143177986145,-0.0410568043589592,-0.014386159367859364,nan,nan,1.8505775928497314,276.2149353027344,-0.8848951458930969,-0.1607503890991211,-0.008081436157226562,1.0,1.0,12.1620512008667,nan
17.627099990844727,-0.9073277115821838,-0.4112744927406311,-0.012052899226546288,-0.010664956644177437,nan,nan,1.9891793727874756,276.2356872558594,-0.874635636806488,-0.2967917025089264,0.0007996559143066406,1.0,1.0,12.1620512008667,nan
17.627599716186523,-0.843621551990509,-0.5349912643432617,-0.008830241858959198,0.0135228605940938,nan,nan,2.126871347427368,276.21771240234375,-0.8064681887626648,-0.40425100922584534,0.0006175041198730469,1.0,1.0,12.1620512008667,nan
17.62809944152832,-0.7586802840232849,-0.6419898867607117,-0.018498212099075317,-0.010664957575500011,nan,nan,2.2648680210113525,276.2129211425781,-0.7340779900550842,-0.49794185161590576,-0.006035327911376953,1.0,1.0,12.1620512008667,nan
17.628597259521484,-0.6650519967079163,-0.7439725399017334,0.0040603820234537125,-0.01996796391904354,nan,nan,2.4029552936553955,276.2121887207031,-0.6549310088157654,-0.6247214674949646,0.021759033203125,1.0,1.0,12.1620512008667,nan
17.629100799560547,-0.5598402619361877,-0.8258930444717407,-0.015275555662810802,-0.010664957575500011,nan,nan,2.540419816970825,276.18505859375,-0.6270382404327393,-0.7055323719978333,-0.033505916595458984,1.0,1.0,12.1620512008667,nan
17.62959861755371,-0.4353243410587311,-0.8944390416145325,0.004060380160808563,-0.027410369366407394,nan,nan,2.67928147315979,276.2174377441406,-0.46444272994995117,-0.780752956867218,0.01778411865234375,1.0,1.0,12.1620512008667,nan
17.63010025024414,-0.30791226029396057,-0.9479382038116455,-0.003996259067207575,-0.0004316495615057647,nan,nan,2.8175137042999268,276.22259521484375,-0.3382457494735718,-0.8198131918907166,0.02490711212158203,1.0,1.0,12.1620512008667,nan
17.630598068237305,-0.17856992781162262,-0.9813751578330994,-0.003996259067207575,-0.004152852576225996,nan,nan,2.955610513687134,276.22198486328125,-0.25282132625579834,-0.8990430235862732,0.0039014816284179688,1.0,1.0,12.1620512008667,nan
17.6310977935791,-0.043435681611299515,-0.9980933666229248,0.012117022648453712,-0.007874054834246635,nan,nan,3.093421220779419,276.20904541015625,-0.1535935401916504,-0.92615807056427,-0.024242401123046875,1.0,1.0,12.1620512008667,nan
17.6315975189209,0.1013505756855011,-0.9914060831069946,0.007283037528395653,-0.029270971193909645,nan,nan,-3.0514278411865234,276.21917724609375,0.0404018834233284,-0.9145720601081848,0.04620981216430664,1.0,1.0,12.1620512008667,nan
17.632097244262695,0.22876255214214325,-0.9680002331733704,0.0024490533396601677,-0.009734656661748886,nan,nan,-2.9135687351226807,276.2085266113281,0.0975688174366951,-0.9094666838645935,-0.029242515563964844,1.0,1.0,12.1620512008667,nan
17.63259506225586,0.36968791484832764,-0.9278757572174072,-0.0007736030966043472,-0.0357830785214901,nan,nan,-2.775326728820801,276.2144470214844,0.279051810503006,-0.8518944978713989,0.0424957275390625,1.0,1.0,12.1620512008667,nan
17.633098602294922,0.48358628153800964,-0.8710331320762634,0.010505693964660168,-0.0032225518953055143,nan,nan,-2.6369903087615967,276.223876953125,0.3461858928203583,-0.8656821250915527,-0.03228139877319336,1.0,1.0,12.1620512008667,nan
17.633596420288086,0.598450243473053,-0.7924560904502869,0.016951005905866623,-0.00880435574799776,nan,nan,-2.4999189376831055,276.17999267578125,0.41687843203544617,-0.7841702699661255,-0.06128835678100586,1.0,1.0,12.1620512008667,nan
17.634098052978516,0.7046267986297607,-0.7088637948036194,0.023396318778395653,-0.01996796391904354,nan,nan,-2.3646297454833984,276.0624694824219,0.578923761844635,-0.7144840359687805,-0.004026889801025391,1.0,1.0,12.1620512008667,nan
17.63459587097168,0.7866726517677307,-0.6001933813095093,0.028230302035808563,-0.013455859385430813,nan,nan,-2.2270045280456543,276.04547119140625,0.6364899277687073,-0.6210662722587585,-0.025053977966308594,1.0,1.0,12.1620512008667,nan
17.63509750366211,0.8648568987846375,-0.4848361015319824,0.013728349469602108,-0.012525557540357113,nan,nan,-2.08955717086792,276.02154541015625,0.7313159108161926,-0.5063135623931885,0.0051898956298828125,1.0,1.0,12.1620512008667,nan
17.635595321655273,0.9304935932159424,-0.3644630014896393,0.029841629788279533,-0.012525558471679688,nan,nan,-1.9504728317260742,276.0666198730469,0.8421385288238525,-0.40628620982170105,0.0222470760345459,1.0,1.0,12.1620512008667,nan
17.63609504699707,0.9681377410888672,-0.23238696157932281,0.029841631650924683,0.0060804556123912334,nan,nan,-1.8120685815811157,276.0821228027344,0.8641466498374939,-0.29059213399887085,0.008901357650756836,1.0,1.0,12.1620512008667,nan
17.6365966796875,0.9903383851051331,-0.10031089931726456,0.020173663273453712,-0.003222551429644227,nan,nan,-1.6743934154510498,276.0668029785156,0.8988068103790283,-0.20142635703086853,-0.024985313415527344,1.0,1.0,12.1620512008667,nan
17.637096405029297,0.9961301684379578,0.04346807673573494,0.010505693964660168,-0.0013619504170492291,nan,nan,-1.5366332530975342,276.05535888671875,0.8842570781707764,-0.02625587396323681,0.028250932693481445,1.0,1.0,12.1620512008667,nan
17.637596130371094,0.9768247604370117,0.17721594870090485,0.008894365280866623,0.020034965127706528,nan,nan,-1.398598074913025,276.0556335449219,0.8854125738143921,0.07578031718730927,0.005182981491088867,1.0,1.0,12.1620512008667,nan
17.63809585571289,0.9440069198608398,0.30093270540237427,0.015339678153395653,0.003289553103968501,nan,nan,-1.2611579895019531,276.0309143066406,0.8903347253799438,0.15373724699020386,-0.0468752384185791,1.0,1.0,12.1620512008667,nan
17.638595581054688,0.8938143253326416,0.4346805810928345,-0.018498212099075317,0.015383461490273476,nan,nan,-1.1226394176483154,276.0521545410156,0.8155994415283203,0.3286626935005188,0.026999473571777344,1.0,1.0,12.1620512008667,nan
17.639095306396484,0.8252818584442139,0.5533820986747742,0.039509598165750504,0.019104663282632828,nan,nan,-0.9844825267791748,276.0576171875,0.8209220170974731,0.4409002959728241,-0.0014700889587402344,1.0,1.0,12.1620512008667,nan
17.63959503173828,0.7442016005516052,0.6603800654411316,0.018562335520982742,0.020034965127706528,nan,nan,-0.8456947803497314,276.0895080566406,0.7549363374710083,0.552336573600769,-0.0014739036560058594,1.0,1.0,12.1620512008667,nan
17.64009666442871,0.6447815895080566,0.7590193152427673,0.013728350400924683,0.0060804556123912334,nan,nan,-0.7076637744903564,276.0889587402344,0.6708451509475708,0.6431892514228821,-0.006815195083618164,1.0,1.0,12.1620512008667,nan
17.640596389770508,0.5357094407081604,0.8409398198127747,0.010505693964660168,0.02282586693763733,nan,nan,-0.5698144435882568,276.0805969238281,0.6010733246803284,0.7474480867385864,-0.015539407730102539,1.0,1.0,12.1620512008667,nan
17.641096115112305,0.41022804379463196,0.9044699668884277,-0.0023849308490753174,0.01538346242159605,nan,nan,-0.43253135681152344,276.04864501953125,0.4684407114982605,0.7853091359138489,-0.01339268684387207,1.0,1.0,12.1620512008667,nan
17.6415958404541,0.280885249376297,0.9546254277229309,-0.008830243721604347,0.01538346242159605,nan,nan,-0.2937600612640381,276.080322265625,0.2915140688419342,0.8395306468009949,0.051755666732788086,1.0,1.0,12.1620512008667,nan
17.6420955657959,0.1534733921289444,0.9914060831069946,-0.010441571474075317,0.001428951509296894,nan,nan,-0.1553058624267578,276.0976257324219,0.2110183835029602,0.9411342740058899,0.02684307098388672,1.0,1.0,12.1620512008667,nan
17.642595291137695,0.014478601515293121,0.994749903678894,-0.008830243721604347,0.01538346242159605,nan,nan,-0.018235445022583008,276.05645751953125,0.12872345745563507,0.9023405909538269,-0.0316157341003418,1.0,1.0,12.1620512008667,nan
17.643095016479492,-0.12451618909835815,0.9914060831069946,0.016951007768511772,0.028407670557498932,nan,nan,0.11924171447753906,276.03350830078125,-0.035541485995054245,0.9480357766151428,0.010245800018310547,1.0,1.0,12.1620512008667,nan
17.643596649169922,-0.2635113298892975,0.9646565318107605,-0.015275555662810802,0.02282586693763733,nan,nan,0.2591996192932129,276.11480712890625,-0.18904653191566467,0.9270739555358887,0.03410220146179199,1.0,1.0,12.1620512008667,nan
17.64409637451172,-0.38706207275390625,0.9145010709762573,-0.021720867604017258,0.019104665145277977,nan,nan,0.397402286529541,276.120849609375,-0.26956242322921753,0.8903170824050903,-0.011451244354248047,1.0,1.0,12.1620512008667,nan
17.644596099853516,-0.5173699259757996,0.8593302369117737,-0.03138883784413338,0.017244063317775726,nan,nan,0.5362639427185059,276.1543884277344,-0.41874855756759644,0.8490692973136902,0.013988494873046875,1.0,1.0,12.1620512008667,nan
17.645095825195312,-0.6322335600852966,0.7807531952857971,-0.018498212099075317,0.011662259697914124,nan,nan,0.6746788024902344,276.1688232421875,-0.5796617865562439,0.7826031446456909,0.05508160591125488,1.0,1.0,12.1620512008667,nan
17.645593643188477,-0.7326188087463379,0.6804420948028564,0.0008377254125662148,0.0004986511776223779,nan,nan,0.8132221698760986,276.18792724609375,-0.5903449654579163,0.6677142381668091,0.002790212631225586,1.0,1.0,12.1620512008667,nan
17.646095275878906,-0.8233515620231628,0.5767877101898193,-0.010441571474075317,0.018174365162849426,nan,nan,0.9519636631011963,276.2153015136719,-0.7585987448692322,0.5959733128547668,0.04514122009277344,1.0,1.0,12.1620512008667,nan
17.64659309387207,-0.8938143253326416,0.46143028140068054,-0.023332195356488228,0.005150154232978821,nan,nan,1.0910627841949463,276.2566833496094,-0.8150991201400757,0.5262494087219238,-0.0015206336975097656,1.0,1.0,12.1620512008667,nan
17.647096633911133,-0.9497982859611511,0.3377133011817932,-0.00721891550347209,0.012592560611665249,nan,nan,1.228229284286499,276.2162170410156,-0.8882303833961487,0.42117270827293396,-0.008205413818359375,1.0,1.0,12.1620512008667,nan
17.647594451904297,-0.9797208309173584,0.19226251542568207,-0.016886884346604347,-0.0022922514472156763,nan,nan,1.366546869277954,276.2249450683594,-0.8709636330604553,0.26180949807167053,0.004298686981201172,1.0,1.0,12.1620512008667,nan
17.648094177246094,-0.9999908804893494,0.05684303119778633,-0.03783414885401726,0.002359252655878663,nan,nan,1.5050194263458252,276.240234375,-0.9022222757339478,0.12605051696300507,0.01908588409423828,1.0,1.0,12.1620512008667,nan
17.64859390258789,-0.9951646327972412,-0.08526412397623062,-0.028166182339191437,0.004219853784888983,nan,nan,1.6439487934112549,276.2741394042969,-0.8964457511901855,0.0002501928247511387,0.01869964599609375,1.0,1.0,12.1620512008667,nan
17.649093627929688,-0.9768249988555908,-0.2173403948545456,-0.020109539851546288,-0.002292250981554389,nan,nan,1.7831332683563232,276.31805419921875,-0.9294631481170654,-0.11316878348588943,0.0008950233459472656,1.0,1.0,12.1620512008667,nan
17.64959144592285,-0.9382155537605286,-0.3510882258415222,-0.04427945986390114,-0.012525557540357113,nan,nan,1.9218194484710693,276.34014892578125,-0.9071800112724304,-0.24402892589569092,0.0038442611694335938,1.0,1.0,12.1620512008667,nan
17.65009307861328,-0.8783702850341797,-0.4748047888278961,-0.03622281923890114,-0.01717706024646759,nan,nan,2.060063600540161,276.34326171875,-0.8974717259407043,-0.35114586353302,-0.024343013763427734,1.0,1.0,12.1620512008667,nan
17.650592803955078,-0.8088727593421936,-0.595177948474884,-0.008830242790281773,-0.014386160299181938,nan,nan,2.1985456943511963,276.35650634765625,-0.8245633244514465,-0.506447970867157,0.015190601348876953,1.0,1.0,12.1620512008667,nan
17.651094436645508,-0.7171750664710999,-0.70050448179245,-0.005607587285339832,-0.01624676212668419,nan,nan,2.3374292850494385,276.3863830566406,-0.713875412940979,-0.5981825590133667,0.023002147674560547,1.0,1.0,12.1620512008667,nan
17.651592254638672,-0.610998272895813,-0.7974715232849121,0.0008377253543585539,-0.003222551429644227,nan,nan,2.4756357669830322,276.3868713378906,-0.6116252541542053,-0.6707242131233215,0.018781185150146484,1.0,1.0,12.1620512008667,nan
17.6520938873291,-0.4893777370452881,-0.8743765950202942,-0.03461149334907532,-0.02182856760919094,nan,nan,2.6153242588043213,276.44976806640625,-0.5053223967552185,-0.7545506954193115,0.028398513793945312,1.0,1.0,12.1620512008667,nan
17.652591705322266,-0.3658267557621002,-0.9345629811286926,0.005671709775924683,-0.002292250981554389,nan,nan,2.7551090717315674,276.51507568359375,-0.41444042325019836,-0.824368417263031,0.012835502624511719,1.0,1.0,12.1620512008667,nan
17.653091430664062,-0.23262320458889008,-0.9746874570846558,-0.024943524971604347,-0.01996796391904354,nan,nan,2.8946216106414795,276.5677490234375,-0.3129500448703766,-0.8688343167304993,-0.006634712219238281,1.0,1.0,12.1620512008667,nan
17.65359115600586,-0.1013505756855011,-0.994749903678894,-0.020109539851546288,-0.011595258489251137,nan,nan,3.0330698490142822,276.5746154785156,-0.2216809093952179,-0.9160592555999756,-0.03690814971923828,1.0,1.0,12.1620512008667,nan
17.65409278869629,0.037644580006599426,-0.994749903678894,-0.0007736030966043472,-0.02089826576411724,nan,nan,-3.112189769744873,276.559326171875,-0.10274863988161087,-0.9188457727432251,-0.04882073402404785,1.0,1.0,12.1620512008667,nan
17.654592514038086,0.18243058025836945,-0.9880626797676086,0.03306428715586662,-0.012525559403002262,nan,nan,-2.9731998443603516,276.58929443359375,0.11963942646980286,-0.915125846862793,0.05398869514465332,1.0,1.0,12.1620512008667,nan
17.655092239379883,0.315634161233902,-0.9546254277229309,-0.005607586354017258,-0.012525558471679688,nan,nan,-2.8338165283203125,276.6352844238281,0.22500856220722198,-0.9161198735237122,0.025345802307128906,1.0,1.0,12.1620512008667,nan
17.65559196472168,0.44304636120796204,-0.9011264443397522,0.028230302035808563,-0.0004316499689593911,nan,nan,-2.694596767425537,276.6731262207031,0.33795687556266785,-0.8751855492591858,0.013761281967163086,1.0,1.0,12.1620512008667,nan
17.656091690063477,0.5637012124061584,-0.8325807452201843,0.023396318778395653,-0.010664957575500011,nan,nan,-2.556246042251587,276.6737365722656,0.4417892396450043,-0.8189488649368286,0.0015599727630615234,1.0,1.0,12.1620512008667,nan
17.656591415405273,0.6689126491546631,-0.7439725399017334,0.020173661410808563,-0.01810736209154129,nan,nan,-2.418440341949463,276.6512145996094,0.5050368309020996,-0.7604492902755737,-0.04491782188415527,1.0,1.0,12.1620512008667,nan
17.65709114074707,0.7692981362342834,-0.643661618232727,0.018562335520982742,-0.011595258489251137,nan,nan,-2.28020977973938,276.6473693847656,0.6388438940048218,-0.6446535587310791,0.011714696884155273,1.0,1.0,12.1620512008667,nan
17.6575927734375,0.8465172648429871,-0.5299757719039917,0.004060381092131138,-0.014386160299181938,nan,nan,-2.142221689224243,276.6331787109375,0.6798985004425049,-0.560418426990509,-0.025874614715576172,1.0,1.0,12.1620512008667,nan
17.658092498779297,0.9160146117210388,-0.40960291028022766,0.00728303799405694,-0.0032225516624748707,nan,nan,-2.002683401107788,276.6846008300781,0.8183203935623169,-0.45806068181991577,0.013830900192260742,1.0,1.0,12.1620512008667,nan
17.658592224121094,0.9681377410888672,-0.27919867634773254,0.018562335520982742,-0.004152852110564709,nan,nan,-1.8634586334228516,276.72161865234375,0.8806564807891846,-0.34790879487991333,0.008662939071655273,1.0,1.0,12.1620512008667,nan
17.65909194946289,0.9922687411308289,-0.1370917111635208,0.010505693033337593,-0.012525558471679688,nan,nan,-1.724769949913025,276.7353210449219,0.8622416853904724,-0.21185244619846344,0.005274772644042969,1.0,1.0,12.1620512008667,nan
17.659591674804688,1.0028867721557617,-0.005015450529754162,0.021784991025924683,0.008871357887983322,nan,nan,-1.5859436988830566,276.75445556640625,0.937070369720459,-0.1177288293838501,-0.01769423484802246,1.0,1.0,12.1620512008667,nan
17.660091400146484,0.9999909996986389,0.13040423393249512,0.008894365280866623,-0.0004316499689593911,nan,nan,-1.4471702575683594,276.7712097167969,0.9673609733581543,0.026240965351462364,-0.00430607795715332,1.0,1.0,12.1620512008667,nan
17.66059112548828,0.9642767906188965,0.27919867634773254,0.013728350400924683,-0.006943754386156797,nan,nan,-1.3075981140136719,276.82122802734375,0.8555094003677368,0.18337470293045044,0.04035592079162598,1.0,1.0,12.1620512008667,nan
17.66109275817871,0.9247022271156311,0.407930850982666,-0.016886882483959198,-0.006013453006744385,nan,nan,-1.1678192615509033,276.8786926269531,0.8575302362442017,0.31636443734169006,0.042890310287475586,1.0,1.0,12.1620512008667,nan
