time_s,v_alpha_v,v_beta_v,i_alpha_a,i_beta_a,encoder_angle_rad,encoder_speed_rad_s,pll_angle_rad,pll_speed_rad_s,emf_alpha_v,emf_beta_v,phase_error_rad,locked,active,bus_voltage_v,angle_error_rad
15.407977104187012,0.8455522656440735,0.571772038936615,0.021784991025924683,0.0144531624391675,nan,nan,-0.9959464073181152,280.7565612792969,0.7963432669639587,0.4485171139240265,0.03176474571228027,1.0,1.0,12.1620512008667,nan
15.408476829528809,0.7577149868011475,0.6837859153747559,0.021784991025924683,0.02561677061021328,nan,nan,-0.8551690578460693,280.7733154296875,0.7356334924697876,0.5602072477340698,0.028883934020996094,1.0,1.0,12.1620512008667,nan
15.408976554870605,0.6631215214729309,0.780752956867218,-0.008830243721604347,0.01538346242159605,nan,nan,-0.7145752906799316,280.7820129394531,0.7003136277198792,0.6784341931343079,0.006891727447509766,1.0,1.0,12.1620512008667,nan
15.409477233886719,0.5434314608573914,0.8610020279884338,0.0008377246558666229,0.017244063317775726,nan,nan,-0.5725078582763672,280.8526611328125,0.5887704491615295,0.7544764876365662,0.003443002700805664,1.0,1.0,12.1620512008667,nan
15.409976959228516,0.4082970917224884,0.9412506818771362,0.042732253670692444,0.004219853784888983,nan,nan,-0.4315512180328369,280.8750305175781,0.4331187903881073,0.8404682874679565,0.049506187438964844,1.0,1.0,12.1620512008667,nan
15.410476684570312,0.2789549231529236,0.9813751578330994,0.007283037528395653,0.030268274247646332,nan,nan,-0.2897043228149414,280.93408203125,0.36396336555480957,0.8920103907585144,-0.004114866256713867,1.0,1.0,12.1620512008667,nan
15.410977363586426,0.13609887659549713,1.0047810077667236,0.0040603820234537125,0.020965266972780228,nan,nan,-0.1477808952331543,280.9953308105469,0.2313668131828308,0.9005565047264099,-0.01011347770690918,1.0,1.0,12.1620512008667,nan
15.411476135253906,-0.010617583990097046,1.0214991569519043,0.021784991025924683,0.020034965127706528,nan,nan,-0.005967617034912109,281.050537109375,0.09748395532369614,0.9555153250694275,-0.0020689964294433594,1.0,1.0,12.1620512008667,nan
15.411975860595703,-0.15926484763622284,1.011468529701233,-0.0072189150378108025,0.020034965127706528,nan,nan,0.13618969917297363,281.1190185546875,-0.07593608647584915,0.9416966438293457,0.03809857368469238,1.0,1.0,12.1620512008667,nan
15.4124755859375,-0.3040514886379242,0.9813751578330994,0.020173661410808563,0.02282586507499218,nan,nan,0.27799248695373535,281.171142578125,-0.2232411801815033,0.9337976574897766,0.05056571960449219,1.0,1.0,12.1620512008667,nan
15.412976264953613,-0.43146321177482605,0.921188473701477,-0.010441570542752743,0.02189556695520878,nan,nan,0.41989779472351074,281.2264404296875,-0.29919806122779846,0.8841509222984314,0.00010895729064941406,1.0,1.0,12.1620512008667,nan
15.41347599029541,-0.5608054995536804,0.8509706854820251,-0.020109539851546288,0.016313761472702026,nan,nan,0.5628106594085693,281.3231506347656,-0.44856908917427063,0.8508775234222412,0.016147851943969727,1.0,1.0,12.1620512008667,nan
15.413975715637207,-0.678565263748169,0.7606909871101379,-0.016886884346604347,0.020034965127706528,nan,nan,0.7050888538360596,281.3913269042969,-0.5858691334724426,0.7610473036766052,0.04492068290710449,1.0,1.0,12.1620512008667,nan
15.41447639465332,-0.7789504528045654,0.6603802442550659,-0.018498212099075317,0.015383461490273476,nan,nan,0.8473422527313232,281.4569091796875,-0.6972277760505676,0.6978851556777954,0.0314946174621582,1.0,1.0,12.1620512008667,nan
15.414976119995117,-0.8658220767974854,0.5433505773544312,-0.03138883784413338,0.002359252655878663,nan,nan,0.9896581172943115,281.5235900878906,-0.7573530673980713,0.5901473164558411,0.013049602508544922,1.0,1.0,12.1620512008667,nan
15.415474891662598,-0.932424008846283,0.4146181344985962,-0.016886882483959198,0.005150155164301395,nan,nan,1.1305944919586182,281.5309753417969,-0.8029058575630188,0.4782216250896454,-0.003197193145751953,1.0,1.0,12.1620512008667,nan
15.415974617004395,-0.9835817217826843,0.27919867634773254,-0.028166180476546288,0.0004986515850760043,nan,nan,1.2718937397003174,281.5535583496094,-0.9188715219497681,0.339722603559494,0.03874397277832031,1.0,1.0,12.1620512008667,nan
15.416475296020508,-1.0125391483306885,0.13541947305202484,-0.024943523108959198,0.004219853784888983,nan,nan,1.4135706424713135,281.5913391113281,-0.8846163153648376,0.21220280230045319,0.015681743621826172,1.0,1.0,12.1620512008667,nan
15.416975021362305,-1.019295573234558,-0.010030901059508324,-0.029777508229017258,-0.0004316488921176642,nan,nan,1.5552270412445068,281.6275939941406,-0.9410648345947266,0.0806388109922409,0.024024486541748047,1.0,1.0,12.1620512008667,nan
15.417474746704102,-1.007712960243225,-0.1504664570093155,-0.005607586819678545,-0.003222551429644227,nan,nan,1.6970369815826416,281.66949462890625,-0.8982082605361938,-0.043542344123125076,0.016114234924316406,1.0,1.0,12.1620512008667,nan
15.417975425720215,-0.9681381583213806,-0.2992608845233917,-0.0410568043589592,-0.010664956644177437,nan,nan,1.8385746479034424,281.6990966796875,-0.8759203553199768,-0.17752806842327118,0.026157379150390625,1.0,1.0,12.1620512008667,nan
15.418475151062012,-0.9218063950538635,-0.42632147669792175,-0.016886882483959198,-0.013455859385430813,nan,nan,1.9796502590179443,281.70849609375,-0.8759279847145081,-0.29456502199172974,0.009455680847167969,1.0,1.0,12.1620512008667,nan
15.418974876403809,-0.8600308895111084,-0.5466943979263306,0.013728350400924683,0.000498651061207056,nan,nan,2.120051622390747,281.6894226074219,-0.8744499087333679,-0.3877733647823334,-0.038167476654052734,1.0,1.0,12.1620512008667,nan
15.419474601745605,-0.7760546803474426,-0.6587082147598267,-0.026554852724075317,-0.013455859385430813,nan,nan,2.261277914047241,281.70526123046875,-0.8337740302085876,-0.5131632089614868,-0.04509258270263672,1.0,1.0,12.1620512008667,nan
15.419974327087402,-0.6708431839942932,-0.7673786282539368,-0.021720867604017258,-0.02182856760919094,nan,nan,2.4027721881866455,281.73236083984375,-0.679128110408783,-0.651628851890564,0.026742935180664062,1.0,1.0,12.1620512008667,nan
15.4204740524292,-0.5501880645751953,-0.8559861779212952,-0.033000167459249496,-0.02275886759161949,nan,nan,2.5437052249908447,281.7351379394531,-0.5744914412498474,-0.7298251986503601,0.024998188018798828,1.0,1.0,12.1620512008667,nan
15.420973777770996,-0.43146345019340515,-0.9178448915481567,-0.018498210236430168,-0.027410367503762245,nan,nan,2.684687376022339,281.7398986816406,-0.507158100605011,-0.8000609874725342,-0.014255523681640625,1.0,1.0,12.1620512008667,nan
15.421473503112793,-0.2943987548351288,-0.9746874570846558,-0.005607588216662407,-0.02182856760919094,nan,nan,2.825650453567505,281.7436218261719,-0.36894455552101135,-0.8528137803077698,0.001514434814453125,1.0,1.0,12.1620512008667,nan
15.421974182128906,-0.15540407598018646,-1.0047810077667236,-0.012052899226546288,-0.02182856760919094,nan,nan,2.966717004776001,281.75164794921875,-0.24421058595180511,-0.9169689416885376,0.00850534439086914,1.0,1.0,12.1620512008667,nan
15.422473907470703,-0.014478481374680996,-1.0214991569519043,-0.024943523108959198,-0.01810736209154129,nan,nan,3.107769250869751,281.75885009765625,-0.13676074147224426,-0.9622122049331665,-0.01354074478149414,1.0,1.0,12.1620512008667,nan
15.4229736328125,0.13030801713466644,-1.0081244707107544,0.0040603820234537125,-0.02182856760919094,nan,nan,-3.033402919769287,281.80657958984375,0.03727411851286888,-0.941043496131897,0.02539968490600586,1.0,1.0,12.1620512008667,nan
15.423474311828613,0.27123314142227173,-0.9813751578330994,0.04112092778086662,-0.015316462144255638,nan,nan,-2.89097261428833,281.87066650390625,0.17496247589588165,-0.9343152046203613,0.028533935546875,1.0,1.0,12.1620512008667,nan
15.423973083496094,0.4025062620639801,-0.9345629811286926,0.007283037528395653,-0.023689165711402893,nan,nan,-2.750854730606079,281.8363342285156,0.25375470519065857,-0.9104828238487244,-0.02513265609741211,1.0,1.0,12.1620512008667,nan
15.42447280883789,0.5308833718299866,-0.8626736402511597,0.04595491290092468,-0.014386158436536789,nan,nan,-2.608959197998047,281.87744140625,0.4091085195541382,-0.8360364437103271,0.016439199447631836,1.0,1.0,12.1620512008667,nan
15.424972534179688,0.6389903426170349,-0.7757377624511719,0.034675613045692444,-0.00787405576556921,nan,nan,-2.467820644378662,281.8858947753906,0.4750921130180359,-0.7744755744934082,-0.029734373092651367,1.0,1.0,12.1620512008667,nan
15.4254732131958,0.7461323142051697,-0.6770983934402466,0.049177564680576324,-0.01624676212668419,nan,nan,-2.3274152278900146,281.8634033203125,0.5960948467254639,-0.6859945058822632,-0.004891395568847656,1.0,1.0,12.1620512008667,nan
15.425972938537598,0.8349345326423645,-0.5701000690460205,0.04595491290092468,-0.012525559403002262,nan,nan,-2.1864945888519287,281.8630676269531,0.7171036601066589,-0.6173549890518188,-0.0011818408966064453,1.0,1.0,12.1620512008667,nan
15.426472663879395,0.9140844941139221,-0.4530709683895111,0.005671708844602108,-0.015316460281610489,nan,nan,-2.0455923080444336,281.8619689941406,0.8325179815292358,-0.4994807541370392,0.02843475341796875,1.0,1.0,12.1620512008667,nan
15.426973342895508,0.963311493396759,-0.31430763006210327,0.013728350400924683,-0.006943754386156797,nan,nan,-1.9037432670593262,281.9004211425781,0.8298019766807556,-0.37891149520874023,-0.0014863014221191406,1.0,1.0,12.1620512008667,nan
15.427473068237305,0.9990254044532776,-0.17220048606395721,0.016951005905866623,-0.00880435574799776,nan,nan,-1.7616283893585205,281.94952392578125,0.8684680461883545,-0.214394673705101,0.04292750358581543,1.0,1.0,12.1620512008667,nan
15.427972793579102,1.0125391483306885,-0.035108782351017,0.004060381557792425,0.0004986511776223779,nan,nan,-1.6205302476882935,281.9544677734375,0.9162401556968689,-0.15160991251468658,-0.020391464233398438,1.0,1.0,12.1620512008667,nan
15.428471565246582,1.0096431970596313,0.10699838399887085,0.058845534920692444,0.007941055111587048,nan,nan,-1.479432225227356,281.9596862792969,0.9621421098709106,0.01603267528116703,0.019324064254760742,1.0,1.0,12.1620512008667,nan
15.428972244262695,0.973929226398468,0.2491055279970169,0.0040603820234537125,0.011662259697914124,nan,nan,-1.3385926485061646,281.9537658691406,0.8663210272789001,0.11408065259456635,-0.007360219955444336,1.0,1.0,12.1620512008667,nan
15.429471969604492,0.9314584136009216,0.3828532099723816,0.06851350516080856,0.017244063317775726,nan,nan,-1.1980663537979126,281.93487548828125,0.9076958298683167,0.25472554564476013,-0.00522303581237793,1.0,1.0,12.1620512008667,nan
15.429971694946289,0.8687179088592529,0.5115854144096375,0.018562333658337593,0.012592560611665249,nan,nan,-1.0570964813232422,281.93499755859375,0.8132264018058777,0.378923624753952,0.01634502410888672,1.0,1.0,12.1620512008667,nan
15.430472373962402,0.7895679473876953,0.6286149024963379,0.007283037528395653,0.02468646876513958,nan,nan,-0.915658712387085,281.9547119140625,0.7760487794876099,0.5009371638298035,0.012059926986694336,1.0,1.0,12.1620512008667,nan
15.4309720993042,0.6959393620491028,0.7305980324745178,0.04595491290092468,0.01538346242159605,nan,nan,-0.7755463123321533,281.9183044433594,0.7328694462776184,0.5963453650474548,-0.01834845542907715,1.0,1.0,12.1620512008667,nan
15.431471824645996,0.5897628664970398,0.8208778500556946,0.018562335520982742,0.018174365162849426,nan,nan,-0.6336038112640381,281.95953369140625,0.6359798908233643,0.709080696105957,-0.0035696029663085938,1.0,1.0,12.1620512008667,nan
15.431971549987793,0.4623507261276245,0.9011264443397522,0.029841631650924683,0.011662259697914124,nan,nan,-0.493241548538208,281.93353271484375,0.4973168969154358,0.7894471883773804,0.02512812614440918,1.0,1.0,12.1620512008667,nan
15.43247127532959,0.33300867676734924,0.9512816071510315,0.013728350400924683,0.0135228605940938,nan,nan,-0.3516228199005127,281.96063232421875,0.3939274251461029,0.8339217305183411,0.004278421401977539,1.0,1.0,12.1620512008667,nan
15.432971000671387,0.20173567533493042,0.9847185611724854,-0.008830243721604347,0.01538346242159605,nan,nan,-0.20991110801696777,281.99139404296875,0.28448304533958435,0.8922892808914185,-0.004788398742675781,1.0,1.0,12.1620512008667,nan
15.433470726013184,0.058879509568214417,1.0047810077667236,0.0024490542709827423,0.029337972402572632,nan,nan,-0.0684967041015625,282.0091247558594,0.14806939661502838,0.9405760169029236,0.006342411041259766,1.0,1.0,12.1620512008667,nan
15.433971405029297,-0.08783718943595886,1.0047810077667236,-0.005607587285339832,0.017244065180420876,nan,nan,0.07328152656555176,282.0419006347656,-0.02868184819817543,0.939987063407898,0.05140995979309082,1.0,1.0,12.1620512008667,nan
15.434471130371094,-0.23455388844013214,0.9813751578330994,0.020173663273453712,0.01538346242159605,nan,nan,0.21519804000854492,282.07940673828125,-0.12040747702121735,0.9146592020988464,0.009717226028442383,1.0,1.0,12.1620512008667,nan
15.43497085571289,-0.3677574694156647,0.9412506818771362,-0.010441572405397892,0.02375616878271103,nan,nan,0.35750794410705566,282.132568359375,-0.2593441903591156,0.929582417011261,0.00860285758972168,1.0,1.0,12.1620512008667,nan
15.435470581054688,-0.49709975719451904,0.8777206540107727,0.008894366212189198,0.021895568817853928,nan,nan,0.49916934967041016,282.1573181152344,-0.3540830612182617,0.8597927689552307,-0.01456141471862793,1.0,1.0,12.1620512008667,nan
15.4359712600708,-0.6119634509086609,0.7957996726036072,-0.018498212099075317,0.020965266972780228,nan,nan,0.6401717662811279,282.1539611816406,-0.45899367332458496,0.7944023013114929,-0.022330284118652344,1.0,1.0,12.1620512008667,nan
15.436470031738281,-0.7229664325714111,0.703848123550415,-0.029777508229017258,0.02189556695520878,nan,nan,0.7826676368713379,282.2137145996094,-0.6263560056686401,0.7262407541275024,0.02314448356628418,1.0,1.0,12.1620512008667,nan
15.436969757080078,-0.8175601959228516,0.5935062766075134,-0.018498212099075317,0.009801658801734447,nan,nan,0.9241955280303955,282.2314758300781,-0.6999548077583313,0.6070142984390259,0.026340484619140625,1.0,1.0,12.1620512008667,nan
15.437470436096191,-0.8899531960487366,0.4748047888278961,-0.003996259067207575,0.0032895533367991447,nan,nan,1.0659115314483643,282.256591796875,-0.7621011734008789,0.5361591577529907,-0.01421976089477539,1.0,1.0,12.1620512008667,nan
15.437970161437988,-0.9440069198608398,0.34105736017227173,-0.03461149334907532,0.0004986515850760043,nan,nan,1.2074463367462158,282.273681640625,-0.8407225012779236,0.4249381422996521,-0.010637760162353516,1.0,1.0,12.1620512008667,nan
15.438469886779785,-0.9884079098701477,0.21065270900726318,-0.003996259067207575,0.0032895533367991447,nan,nan,1.3475878238677979,282.2320251464844,-0.8758302330970764,0.29496532678604126,-0.007639884948730469,1.0,1.0,12.1620512008667,nan
15.438969612121582,-1.001921534538269,0.0668739303946495,-0.023332197219133377,-0.004152853041887283,nan,nan,1.4884788990020752,282.22247314453125,-0.9211469292640686,0.18214011192321777,-0.01894235610961914,1.0,1.0,12.1620512008667,nan
15.439470291137695,-1.0028866529464722,-0.07188917696475983,-0.0330001637339592,-0.004152852110564709,nan,nan,1.6296417713165283,282.2248229980469,-0.9055517315864563,0.03776887431740761,-0.00652313232421875,1.0,1.0,12.1620512008667,nan
15.439970016479492,-0.9768249988555908,-0.2173403948545456,-0.0410568043589592,-0.0032225502654910088,nan,nan,1.7703673839569092,282.2085266113281,-0.8750180006027222,-0.07519081234931946,-0.019906044006347656,1.0,1.0,12.1620512008667,nan
15.440469741821289,-0.9440069198608398,-0.3477442264556885,-0.0072189150378108025,-0.009734656661748886,nan,nan,1.910897970199585,282.1843566894531,-0.8779253363609314,-0.22012953460216522,-0.0004096031188964844,1.0,1.0,12.1620512008667,nan
15.44096851348877,-0.8870576024055481,-0.4731331765651703,-0.020109539851546288,-0.006013453472405672,nan,nan,2.051063299179077,282.1452331542969,-0.9130422472953796,-0.3289049565792084,-0.04067087173461914,1.0,1.0,12.1620512008667,nan
15.441469192504883,-0.8175601959228516,-0.5935062766075134,0.0008377255871891975,-0.006943754386156797,nan,nan,2.191467523574829,282.1171569824219,-0.8051562905311584,-0.4578280746936798,-0.009687423706054688,1.0,1.0,12.1620512008667,nan
15.44196891784668,-0.7297231554985046,-0.6988328695297241,0.008894365280866623,-0.013455859385430813,nan,nan,2.3322699069976807,282.10650634765625,-0.7491105198860168,-0.5937418937683105,0.002742290496826172,1.0,1.0,12.1620512008667,nan
15.442468643188477,-0.6177550554275513,-0.7924560904502869,-0.012052900157868862,-0.01810736209154129,nan,nan,2.4723713397979736,282.0664978027344,-0.6554760336875916,-0.6467528939247131,-0.029015541076660156,1.0,1.0,12.1620512008667,nan
15.44296932220459,-0.5057867765426636,-0.8727047443389893,-0.016886884346604347,-0.009734656661748886,nan,nan,2.612313985824585,282.0208740234375,-0.5537051558494568,-0.7573727369308472,-0.008075714111328125,1.0,1.0,12.1620512008667,nan
15.443469047546387,-0.3716181218624115,-0.9345629811286926,-0.015275554731488228,-0.014386159367859364,nan,nan,2.7531988620758057,282.0155334472656,-0.4291505813598633,-0.817209780216217,-0.0012044906616210938,1.0,1.0,12.1620512008667,nan
15.443968772888184,-0.23455388844013214,-0.9813751578330994,-0.021720867604017258,-0.02182856760919094,nan,nan,2.894751787185669,282.0383605957031,-0.2893536388874054,-0.896554172039032,0.028746604919433594,1.0,1.0,12.1620512008667,nan
15.44446849822998,-0.09169808775186539,-1.0047810077667236,-0.012052900157868862,-0.01810736209154129,nan,nan,3.036611795425415,282.0735778808594,-0.14810654520988464,-0.8994784951210022,0.03592109680175781,1.0,1.0,12.1620512008667,nan
15.444968223571777,0.03957502916455269,-1.0047810077667236,-0.016886882483959198,-0.013455859385430813,nan,nan,-3.1059350967407227,282.0565185546875,-0.12465616315603256,-0.948141872882843,-0.0727083683013916,1.0,1.0,12.1620512008667,nan
15.445467948913574,0.18243084847927094,-0.9914060831069946,-0.010441571474075317,-0.02089826576411724,nan,nan,-2.9659206867218018,282.0138244628906,0.056419119238853455,-0.9491388201713562,-0.022429704666137695,1.0,1.0,12.1620512008667,nan
15.445967674255371,0.31756460666656494,-0.9512816071510315,-0.0023849308490753174,-0.014386159367859364,nan,nan,-2.8257758617401123,281.9774169921875,0.16653376817703247,-0.8922042846679688,-0.0374913215637207,1.0,1.0,12.1620512008667,nan
15.446468353271484,0.4488374888896942,-0.9044699668884277,0.007283037528395653,-0.0013619504170492291,nan,nan,-2.685824394226074,281.933837890625,0.32493501901626587,-0.8875499963760376,-0.010928869247436523,1.0,1.0,12.1620512008667,nan
15.446968078613281,0.5656318664550781,-0.8292366862297058,-0.020109541714191437,-0.02275886759161949,nan,nan,-2.545642375946045,281.900634765625,0.37887290120124817,-0.8216508626937866,-0.07026219367980957,1.0,1.0,12.1620512008667,nan
15.447467803955078,0.6804957985877991,-0.7439723610877991,0.013728350400924683,-0.006943754386156797,nan,nan,-2.405198335647583,281.8793640136719,0.5668392777442932,-0.7426328659057617,0.00951242446899414,1.0,1.0,12.1620512008667,nan
15.447967529296875,0.7692981362342834,-0.6369739174842834,0.023396318778395653,0.01538346242159605,nan,nan,-2.264547348022461,281.8672180175781,0.6087917685508728,-0.6560201644897461,-0.035202741622924805,1.0,1.0,12.1620512008667,nan
15.448468208312988,0.8590655326843262,-0.5283039808273315,0.020173663273453712,-0.014386159367859364,nan,nan,-2.1246914863586426,281.82220458984375,0.7579874992370605,-0.5658205151557922,0.006579399108886719,1.0,1.0,12.1620512008667,nan
15.448967933654785,0.9247018694877625,-0.4012435972690582,-0.008830242790281773,0.00421985425055027,nan,nan,-1.9831634759902954,281.8481750488281,0.8314972519874573,-0.4532252848148346,0.007254362106323242,1.0,1.0,12.1620512008667,nan
15.449466705322266,0.9719986915588379,-0.26582393050193787,0.020173663273453712,-0.014386159367859364,nan,nan,-1.8427233695983887,281.82763671875,0.8451884984970093,-0.33938002586364746,-0.01607489585876465,1.0,1.0,12.1620512008667,nan
15.449967384338379,1.0009559392929077,-0.12873241305351257,0.008894366212189198,0.0032895535696297884,nan,nan,-1.7016528844833374,281.83428955078125,0.9059019684791565,-0.19802631437778473,0.009589910507202148,1.0,1.0,12.1620512008667,nan
15.450467109680176,1.0086780786514282,0.008359294384717941,0.013728350400924683,0.00421985425055027,nan,nan,-1.561509370803833,281.8016662597656,0.9401638507843018,-0.11126241832971573,-0.03332924842834473,1.0,1.0,12.1620512008667,nan
15.450966835021973,0.9970949292182922,0.14879442751407623,0.018562335520982742,0.008871357887983322,nan,nan,-1.4214922189712524,281.76446533203125,0.9362334609031677,0.030625110492110252,-0.02281975746154785,1.0,1.0,12.1620512008667,nan
15.45146656036377,0.9584851861000061,0.28922975063323975,0.05723421275615692,0.010731960646808147,nan,nan,-1.2814184427261353,281.7305908203125,0.886132001876831,0.1594599485397339,-0.01753687858581543,1.0,1.0,12.1620512008667,nan
15.451967239379883,0.901536226272583,0.4279932975769043,0.03789827227592468,0.016313763335347176,nan,nan,-1.1409165859222412,281.7154541015625,0.7926305532455444,0.31497722864151,0.04240918159484863,1.0,1.0,12.1620512008667,nan
15.45246696472168,0.8387951850891113,0.5433507561683655,-0.0023849308490753174,0.01538346242159605,nan,nan,-0.999955415725708,281.7196960449219,0.8065566420555115,0.41036373376846313,-0.0063512325286865234,1.0,1.0,12.1620512008667,nan
15.452966690063477,0.7596455216407776,0.6536925435066223,0.039509598165750504,0.019104663282632828,nan,nan,-0.8607449531555176,281.65032958984375,0.8006221652030945,0.5283927917480469,-0.032989501953125,1.0,1.0,12.1620512008667,nan
15.453466415405273,0.6621559858322144,0.7556754946708679,0.013728350400924683,0.007941056974232197,nan,nan,-0.7204177379608154,281.6294250488281,0.6779624223709106,0.6344913244247437,-0.0042726993560791016,1.0,1.0,12.1620512008667,nan
15.45396614074707,0.5443964600563049,0.8325803279876709,0.010505694895982742,0.037710677832365036,nan,nan,-0.5798647403717041,281.61810302734375,0.6034044027328491,0.6771839261054993,-0.05437898635864258,1.0,1.0,12.1620512008667,nan
15.454465866088867,0.43146321177482605,0.9044699668884277,-0.0007736021652817726,0.0144531624391675,nan,nan,-0.4398503303527832,281.5845642089844,0.5334561467170715,0.7996599078178406,-0.054863691329956055,1.0,1.0,12.1620512008667,nan
15.454965591430664,0.3001902103424072,0.9546254277229309,-0.010441571474075317,0.029337972402572632,nan,nan,-0.300321102142334,281.531494140625,0.38886508345603943,0.8667837977409363,-0.027705907821655273,1.0,1.0,12.1620512008667,nan
15.455466270446777,0.1631258726119995,0.9914060831069946,0.029841631650924683,0.0135228605940938,nan,nan,-0.15953397750854492,281.532470703125,0.26034489274024963,0.9050570130348206,-0.026868820190429688,1.0,1.0,12.1620512008667,nan
15.455965995788574,0.022200392559170723,1.0014371871948242,-0.008830243721604347,0.01538346242159605,nan,nan,-0.01814103126525879,281.5587463378906,0.11070168018341064,0.9333244562149048,-0.006131172180175781,1.0,1.0,12.1620512008667,nan
15.456465721130371,-0.12258586287498474,0.994749903678894,-0.0007736030966043472,0.031198576092720032,nan,nan,0.12250018119812012,281.5531005859375,-0.018471326678991318,0.937071681022644,-0.009018659591674805,1.0,1.0,12.1620512008667,nan
15.456966400146484,-0.26158052682876587,0.9713440537452698,-0.010441571474075317,0.0070107560604810715,nan,nan,0.26342034339904785,281.55926513671875,-0.17122578620910645,0.925248920917511,0.013437032699584961,1.0,1.0,12.1620512008667,nan
15.457465171813965,-0.3947840929031372,0.9245323538780212,0.010505693964660168,0.017244063317775726,nan,nan,0.40383028984069824,281.5435485839844,-0.259670615196228,0.8823838829994202,-0.02391982078552246,1.0,1.0,12.1620512008667,nan
15.457964897155762,-0.5221961140632629,0.8643457293510437,-0.005607586819678545,0.011662259697914124,nan,nan,0.5440831184387207,281.5217590332031,-0.43003225326538086,0.8729535937309265,0.007472038269042969,1.0,1.0,12.1620512008667,nan
15.458464622497559,-0.6360945701599121,0.7807533740997314,-0.016886884346604347,0.014453161507844925,nan,nan,0.6846907138824463,281.5154113769531,-0.5339264869689941,0.7724912166595459,0.013943672180175781,1.0,1.0,12.1620512008667,nan
15.458965301513672,-0.7335839867591858,0.6787702441215515,-0.023332195356488228,0.014453161507844925,nan,nan,0.8256683349609375,281.52471923828125,-0.59836745262146,0.7094019055366516,-0.031301021575927734,1.0,1.0,12.1620512008667,nan
15.459465026855469,-0.8272125720977783,0.5701002478599548,-0.0007736030966043472,0.02375616692006588,nan,nan,0.966383695602417,281.5227966308594,-0.7034599781036377,0.618412971496582,-0.023032188415527344,1.0,1.0,12.1620512008667,nan
15.459964752197266,-0.8938140869140625,0.44805529713630676,-0.021720867604017258,0.007941057905554771,nan,nan,1.1065943241119385,281.49957275390625,-0.7620764970779419,0.5162714719772339,-0.03759622573852539,1.0,1.0,12.1620512008667,nan
15.460465431213379,-0.9507634043693542,0.322666734457016,0.010505693964660168,-0.0013619504170492291,nan,nan,1.2460205554962158,281.44390869140625,-0.8167694211006165,0.40402522683143616,-0.040990352630615234,1.0,1.0,12.1620512008667,nan
15.460965156555176,-0.9874429106712341,0.1855752319097519,-0.023332195356488228,0.005150154232978821,nan,nan,1.3856480121612549,281.3978271484375,-0.9063628911972046,0.2810499370098114,-0.021867752075195312,1.0,1.0,12.1620512008667,nan
15.461464881896973,-0.9990255832672119,0.04513968527317047,-0.02816617861390114,-0.005083152558654547,nan,nan,1.5260794162750244,281.3865966796875,-0.886756420135498,0.15244342386722565,-0.03190898895263672,1.0,1.0,12.1620512008667,nan
15.461963653564453,-1.0009559392929077,-0.09529544413089752,-0.021720867604017258,-0.0013619504170492291,nan,nan,1.6654999256134033,281.3330383300781,-0.9340555667877197,0.027507783845067024,-0.03053569793701172,1.0,1.0,12.1620512008667,nan
15.462464332580566,-0.9787554740905762,-0.23405897617340088,-0.021720869466662407,-0.012525559403002262,nan,nan,1.8057219982147217,281.3143310546875,-0.8897333741188049,-0.1212991252541542,-0.005722522735595703,1.0,1.0,12.1620512008667,nan
15.462964057922363,-0.9314586520195007,-0.3694784641265869,-0.04427945986390114,-0.012525557540357113,nan,nan,1.9454295635223389,281.27447509765625,-0.8929718732833862,-0.2465105950832367,-0.011616230010986328,1.0,1.0,12.1620512008667,nan
15.46346378326416,-0.8735442161560059,-0.49653905630111694,-0.020109539851546288,-0.011595258489251137,nan,nan,2.0861618518829346,281.2785339355469,-0.8056292533874512,-0.3713608682155609,0.010325431823730469,1.0,1.0,12.1620512008667,nan
15.463963508605957,-0.8001856803894043,-0.6102244853973389,-0.03783414885401726,-0.027410369366407394,nan,nan,2.22613263130188,281.2505798339844,-0.8023521304130554,-0.5047726035118103,-7.343292236328125e-05,1.0,1.0,12.1620512008667,nan
15.46446418762207,-0.7075225710868835,-0.717223048210144,-0.015275555662810802,-0.01810736209154129,nan,nan,2.366724729537964,281.2491455078125,-0.71731036901474,-0.6096755862236023,0.0022530555725097656,1.0,1.0,12.1620512008667,nan
15.464963912963867,-0.6003807783126831,-0.8091747164726257,-0.005607586354017258,-0.01810736209154129,nan,nan,2.507474184036255,281.2543029785156,-0.6369833946228027,-0.7246754765510559,0.006771087646484375,1.0,1.0,12.1620512008667,nan
15.465463638305664,-0.4758642613887787,-0.8877513408660889,-0.0330001637339592,-0.01903766207396984,nan,nan,2.6474153995513916,281.2253112792969,-0.5206556916236877,-0.7739959359169006,-0.0042972564697265625,1.0,1.0,12.1620512008667,nan
15.465963363647461,-0.3445913791656494,-0.9445943832397461,-0.024943523108959198,-0.023689165711402893,nan,nan,2.7901289463043213,281.31365966796875,-0.3698604106903076,-0.8491384387016296,0.03454780578613281,1.0,1.0,12.1620512008667,nan
15.466463088989258,-0.20945759117603302,-0.9847185611724854,-0.015275554731488228,-0.014386159367859364,nan,nan,2.9307711124420166,281.3128356933594,-0.2854115068912506,-0.8781643509864807,-0.00972890853881836,1.0,1.0,12.1620512008667,nan
15.466962814331055,-0.06853223592042923,-1.0047810077667236,0.0008377255871891975,-0.014386160299181938,nan,nan,3.0710737705230713,281.2980041503906,-0.13085009157657623,-0.9247420430183411,0.02377796173095703,1.0,1.0,12.1620512008667,nan
15.467462539672852,0.06853223592042923,-1.0081244707107544,-0.008830242790281773,-0.014386160299181938,nan,nan,-3.070573091506958,281.3353271484375,-0.026377804577350616,-0.9776567816734314,-0.0042743682861328125,1.0,1.0,12.1620512008667,nan
15.467963218688965,0.20752738416194916,-0.9847185611724854,-0.008830242790281773,-0.014386160299181938,nan,nan,-2.9302186965942383,281.3218994140625,0.05582941696047783,-0.9484550356864929,-0.05909252166748047,1.0,1.0,12.1620512008667,nan
15.468462944030762,0.3503829538822174,-0.9479382038116455,-0.005607588216662407,-0.023689165711402893,nan,nan,-2.7899394035339355,281.3058166503906,0.2346068173646927,-0.9171770215034485,-0.0075342655181884766,1.0,1.0,12.1620512008667,nan
15.468962669372559,0.47393378615379333,-0.8844079375267029,-0.005607587285339832,-0.01624676212668419,nan,nan,-2.649986505508423,281.2760009765625,0.307536244392395,-0.8643829226493835,-0.05630302429199219,1.0,1.0,12.1620512008667,nan
15.469463348388672,0.5916935205459595,-0.8108464479446411,0.04595491290092468,-0.014386158436536789,nan,nan,-2.508554458618164,281.30926513671875,0.48375168442726135,-0.8189390897750854,-0.005776405334472656,1.0,1.0,12.1620512008667,nan
15.469963073730469,0.6949743628501892,-0.718894898891449,0.0475662425160408,-0.0004316478152759373,nan,nan,-2.3687314987182617,281.2742919921875,0.5564037561416626,-0.7466909289360046,-0.038910627365112305,1.0,1.0,12.1620512008667,nan
15.47046184539795,0.7905333042144775,-0.6135683059692383,0.0475662425160408,-0.00787405390292406,nan,nan,-2.2300801277160645,281.1910705566406,0.6575101017951965,-0.6432015299797058,-0.0215146541595459,1.0,1.0,12.1620512008667,nan
15.470961570739746,0.874509334564209,-0.5015544891357422,0.007283037528395653,-0.00880435574799776,nan,nan,-2.089998722076416,281.169677734375,0.7614932060241699,-0.5401434302330017,-0.004086732864379883,1.0,1.0,12.1620512008667,nan
15.47146224975586,0.9382152557373047,-0.37783774733543396,0.007283037528395653,0.000498651061207056,nan,nan,-1.949866533279419,281.1505432128906,0.8471931219100952,-0.4347081482410431,-0.001344442367553711,1.0,1.0,12.1620512008667,nan
15.471961975097656,0.971998929977417,-0.2390742152929306,0.015339678153395653,-0.006013453938066959,nan,nan,-1.810529112815857,281.0983581542969,0.8373871445655823,-0.3318013548851013,-0.04404854774475098,1.0,1.0,12.1620512008667,nan
15.472461700439453,1.0028865337371826,-0.10532655566930771,0.023396318778395653,-0.008804356679320335,nan,nan,-1.6707864999771118,281.0645446777344,0.9232025742530823,-0.20276513695716858,-0.022656679153442383,1.0,1.0,12.1620512008667,nan
15.472962379455566,1.0077128410339355,0.036780599504709244,0.021784991025924683,-0.002292250981554389,nan,nan,-1.5306262969970703,281.0489501953125,0.9573764204978943,-0.050200458616018295,0.001089334487915039,1.0,1.0,12.1620512008667,nan
15.473462104797363,0.987442672252655,0.1788879781961441,0.05240022391080856,0.004219853784888983,nan,nan,-1.3910367488861084,281.0094909667969,0.8886005282402039,0.056598033756017685,-0.022617578506469727,1.0,1.0,12.1620512008667,nan
15.47396183013916,0.9507636427879333,0.3159792721271515,0.025007646530866623,0.007010755594819784,nan,nan,-1.2509689331054688,280.9912109375,0.8758518695831299,0.20352859795093536,0.002130270004272461,1.0,1.0,12.1620512008667,nan
15.47446060180664,0.9034667015075684,0.4380241930484772,0.05240022391080856,0.004219853784888983,nan,nan,-1.1115658283233643,280.9451599121094,0.9154844880104065,0.31123918294906616,-0.03806877136230469,1.0,1.0,12.1620512008667,nan
15.474961280822754,0.8339694142341614,0.5650845766067505,0.04917756840586662,0.006080454681068659,nan,nan,-0.9717886447906494,280.9158935546875,0.8421323895454407,0.45403146743774414,-0.01098489761352539,1.0,1.0,12.1620512008667,nan
15.47546100616455,0.742271363735199,0.6770985722541809,0.0008377255871891975,0.0135228605940938,nan,nan,-0.8311426639556885,280.9237365722656,0.724693238735199,0.5635048151016235,0.014927387237548828,1.0,1.0,12.1620512008667,nan
15.475960731506348,0.6476776003837585,0.7740659117698669,0.012117022648453712,0.0014289520913735032,nan,nan,-0.6913669109344482,280.8948974609375,0.6712872982025146,0.6674886345863342,-0.003291606903076172,1.0,1.0,12.1620512008667,nan
15.476461410522461,0.5250918865203857,0.8593300580978394,0.010505693033337593,0.019104663282632828,nan,nan,-0.550936222076416,280.8941650390625,0.5106260180473328,0.7443620562553406,0.04344630241394043,1.0,1.0,12.1620512008667,nan
15.476961135864258,0.39478397369384766,0.9278757572174072,0.04434358328580856,0.014453161507844925,nan,nan,-0.410891056060791,280.877197265625,0.394741415977478,0.8204111456871033,0.05625653266906738,1.0,1.0,12.1620512008667,nan
15.477460861206055,0.26930269598960876,0.9680002331733704,0.028230302035808563,0.016313761472702026,nan,nan,-0.2682323455810547,280.9703063964844,0.3439268469810486,0.8758440017700195,-0.01238393783569336,1.0,1.0,12.1620512008667,nan
15.477960586547852,0.1322382241487503,0.9914060831069946,-0.002384931780397892,0.019104665145277977,nan,nan,-0.12616682052612305,281.0365905761719,0.21864409744739532,0.9157241582870483,-0.014634370803833008,1.0,1.0,12.1620512008667,nan
15.478460311889648,-0.010617826133966446,1.0047810077667236,0.008894365280866623,0.0125925587490201,nan,nan,0.013941526412963867,281.019287109375,0.10615038126707077,0.9445635080337524,-0.032355308532714844,1.0,1.0,12.1620512008667,nan
15.478960037231445,-0.15733440220355988,0.994749903678894,0.0008377246558666229,0.030268274247646332,nan,nan,0.15508675575256348,281.0462646484375,-0.09945937246084213,0.9475257992744446,0.043320417404174805,1.0,1.0,12.1620512008667,nan
15.479459762573242,-0.30212077498435974,0.9680002331733704,0.029841631650924683,0.0135228605940938,nan,nan,0.2959599494934082,281.06085205078125,-0.23624244332313538,0.9132992625236511,0.05102086067199707,1.0,1.0,12.1620512008667,nan
15.479959487915039,-0.427602082490921,0.9111571907997131,0.015339678153395653,0.0070107560604810715,nan,nan,0.4374983310699463,281.1029357910156,-0.3149411976337433,0.9010684490203857,-0.007623195648193359,1.0,1.0,12.1620512008667,nan
15.480460166931152,-0.5521185994148254,0.8459554314613342,0.010505693964660168,0.017244063317775726,nan,nan,0.577723503112793,281.0888671875,-0.43262940645217896,0.8413227200508118,-0.009143352508544922,1.0,1.0,12.1620512008667,nan
15.48095989227295,-0.6573299765586853,0.7506598830223083,-0.03461149334907532,0.011662259697914124,nan,nan,0.7187323570251465,281.1083984375,-0.5172870755195618,0.7497113943099976,-0.02118825912475586,1.0,1.0,12.1620512008667,nan
15.481459617614746,-0.7673675417900085,0.6536925435066223,-0.0007736030966043472,0.02375616692006588,nan,nan,0.8594715595245361,281.1163635253906,-0.6691942811012268,0.6712300777435303,0.018148422241210938,1.0,1.0,12.1620512008667,nan
15.48196029663086,-0.8523087501525879,0.5400069355964661,-0.008830243721604347,0.01538346242159605,nan,nan,1.0005571842193604,281.1383972167969,-0.7349078059196472,0.5782217383384705,-0.0027370452880859375,1.0,1.0,12.1620512008667,nan
15.482460021972656,-0.916979968547821,0.4146185517311096,-0.0039962586015462875,0.02375616692006588,nan,nan,1.1410467624664307,281.135009765625,-0.7839629650115967,0.4663875997066498,-0.013303756713867188,1.0,1.0,12.1620512008667,nan
15.482958793640137,-0.961381196975708,0.2775270342826843,-0.020109539851546288,0.005150155164301395,nan,nan,1.2821643352508545,281.1579895019531,-0.8274306654930115,0.33658432960510254,-0.004045963287353516,1.0,1.0,12.1620512008667,nan
15.483458518981934,-0.9951643943786621,0.14545080065727234,-0.024943523108959198,0.004219853784888983,nan,nan,1.4225618839263916,281.1502685546875,-0.899393618106842,0.24519453942775726,-0.024345874786376953,1.0,1.0,12.1620512008667,nan
15.483959197998047,-1.007712721824646,0.0033436338417232037,-0.013664226979017258,0.0014289520913735032,nan,nan,1.5624430179595947,281.12115478515625,-0.9469277262687683,0.0922006294131279,0.004978179931640625,1.0,1.0,12.1620512008667,nan
15.484458923339844,-0.9990255832672119,-0.13207626342773438,0.004060381557792425,-0.0013619501842185855,nan,nan,1.7026612758636475,281.1067810058594,-0.9297010898590088,-0.01586148329079151,-0.021233081817626953,1.0,1.0,12.1620512008667,nan
15.48495864868164,-0.9623465538024902,-0.27585503458976746,-0.041056808084249496,-0.01810736395418644,nan,nan,1.8419578075408936,281.05389404296875,-0.8861631155014038,-0.12620006501674652,-0.0362086296081543,1.0,1.0,12.1620512008667,nan
15.485459327697754,-0.9218061566352844,-0.39957156777381897,0.018562335520982742,-0.024619467556476593,nan,nan,1.9812114238739014,281.00042724609375,-0.8761382102966309,-0.2508579194545746,-0.038086891174316406,1.0,1.0,12.1620512008667,nan
15.48595905303955,-0.8484477400779724,-0.5266321897506714,-0.0330001637339592,-0.026480067521333694,nan,nan,2.1201632022857666,280.9354553222656,-0.8179466128349304,-0.3710765540599823,-0.029987812042236328,1.0,1.0,12.1620512008667,nan
15.486458778381348,-0.7857070565223694,-0.6353021860122681,-0.023332195356488228,-0.015316460281610489,nan,nan,2.2582991123199463,280.8373107910156,-0.8513617515563965,-0.5032780766487122,-0.060300350189208984,1.0,1.0,12.1620512008667,nan
15.486957550048828,-0.6872522830963135,-0.7322695851325989,-0.029777510091662407,-0.024619469419121742,nan,nan,2.396740674972534,280.7542419433594,-0.7357224225997925,-0.58188396692276,-0.06349754333496094,1.0,1.0,12.1620512008667,nan
15.487458229064941,-0.5762494802474976,-0.8242210745811462,-0.02977750636637211,-0.02089826390147209,nan,nan,2.5357091426849365,280.6951904296875,-0.6193189024925232,-0.6920629739761353,-0.030704021453857422,1.0,1.0,12.1620512008667,nan
15.487957954406738,-0.4642815589904785,-0.8944390416145325,-0.003996259067207575,-0.004152852576225996,nan,nan,2.675083875656128,280.6542053222656,-0.5600847601890564,-0.7882753014564514,-0.05797433853149414,1.0,1.0,12.1620512008667,nan
15.488457679748535,-0.32914766669273376,-0.9546254277229309,-0.023332195356488228,-0.015316460281610489,nan,nan,2.8142035007476807,280.6034240722656,-0.40810877084732056,-0.8685210347175598,-0.018464088439941406,1.0,1.0,12.1620512008667,nan
15.488958358764648,-0.1901526302099228,-0.9914060831069946,-0.012052900157868862,-0.01996796391904354,nan,nan,2.9535744190216064,280.5640869140625,-0.26804375648498535,-0.8974410891532898,-0.008779048919677734,1.0,1.0,12.1620512008667,nan
15.489458084106445,-0.05887999013066292,-1.0047810077667236,-0.000773601233959198,-0.022758865728974342,nan,nan,3.0922586917877197,280.4965515136719,-0.19783039391040802,-0.9384507536888123,-0.06524372100830078,1.0,1.0,12.1620512008667,nan
15.489957809448242,0.08011516183614731,-1.0014371871948242,-0.005607587285339832,-0.01624676212668419,nan,nan,-3.050794839859009,280.49169921875,-0.04198813810944557,-0.9466747641563416,-0.04184079170227051,1.0,1.0,12.1620512008667,nan
15.490457534790039,0.22490142285823822,-0.9880626797676086,0.028230303898453712,-0.015316461212933064,nan,nan,-2.909905433654785,280.5190124511719,0.16560031473636627,-0.9531220197677612,0.033948421478271484,1.0,1.0,12.1620512008667,nan
15.490958213806152,0.36003541946411133,-0.9445943832397461,0.02017366513609886,-0.027410369366407394,nan,nan,-2.7706356048583984,280.4774475097656,0.27258625626564026,-0.9298065900802612,0.00770115852355957,1.0,1.0,12.1620512008667,nan
15.491456985473633,0.4874474108219147,-0.8777206540107727,0.04595491290092468,-0.040434580296278,nan,nan,-2.6314785480499268,280.431884765625,0.35628992319107056,-0.847558319568634,-0.018811702728271484,1.0,1.0,12.1620512008667,nan
15.49195671081543,0.5994153618812561,-0.8041592240333557,-0.003996259067207575,-0.0004316495615057647,nan,nan,-2.491727828979492,280.4121398925781,0.45655521750450134,-0.8020927906036377,-0.03912997245788574,1.0,1.0,12.1620512008667,nan
15.492457389831543,0.7123486399650574,-0.7155510783195496,0.04112092778086662,-0.011595258489251137,nan,nan,-2.352119207382202,280.38714599609375,0.6483586430549622,-0.7301124930381775,0.030234813690185547,1.0,1.0,12.1620512008667,nan
15.49295711517334,0.7934290766716003,-0.6018656492233276,0.03628694266080856,-0.0013619515812024474,nan,nan,-2.2122597694396973,280.373046875,0.6477550864219666,-0.6386315226554871,-0.04360771179199219,1.0,1.0,12.1620512008667,nan
15.493456840515137,0.8793355822563171,-0.49319520592689514,0.025007646530866623,0.008871356956660748,nan,nan,-2.0735111236572266,280.3128356933594,0.7994006276130676,-0.5344110131263733,0.006860017776489258,1.0,1.0,12.1620512008667,nan
15.493956565856934,0.9411109089851379,-0.36613479256629944,0.013728349469602108,-0.005083153024315834,nan,nan,-1.9341540336608887,280.2792663574219,0.8421722650527954,-0.4159662425518036,-0.0020372867584228516,1.0,1.0,12.1620512008667,nan
15.494457244873047,0.9806861877441406,-0.23071493208408356,0.026618974283337593,-0.010664957575500011,nan,nan,-1.794939637184143,280.24029541015625,0.8837999701499939,-0.30315089225769043,-0.012970685958862305,1.0,1.0,12.1620512008667,nan
15.494956970214844,1.0028866529464722,-0.09195160865783691,0.020173663273453712,-0.003222551429644227,nan,nan,-1.6551533937454224,280.2262268066406,0.9152674078941345,-0.17180466651916504,-0.007858037948608398,1.0,1.0,12.1620512008667,nan
15.495455741882324,1.001921534538269,0.04681171104311943,0.007283037528395653,0.000498651061207056,nan,nan,-1.5151879787445068,280.219970703125,0.9060455560684204,-0.054971642792224884,-0.02293562889099121,1.0,1.0,12.1620512008667,nan
15.495956420898438,0.9835818409919739,0.1922627091407776,-0.0023849308490753174,-0.006943754386156797,nan,nan,-1.375115156173706,280.218505859375,0.8790515065193176,0.10057301819324493,0.011648893356323242,1.0,1.0,12.1620512008667,nan
15.496456146240234,0.9517285823822021,0.32099494338035583,0.0556228831410408,0.009801658801734447,nan,nan,-1.2358278036117554,280.1838073730469,0.9531735181808472,0.19407884776592255,-0.04091787338256836,1.0,1.0,12.1620512008667,nan
15.496955871582031,0.8889879584312439,0.4631020724773407,0.013728350400924683,0.00421985425055027,nan,nan,-1.0966432094573975,280.1458435058594,0.7697349190711975,0.3480556011199951,0.044034481048583984,1.0,1.0,12.1620512008667,nan
15.497455596923828,0.8214209675788879,0.5734438896179199,0.0008377255871891975,0.009801658801734447,nan,nan,-0.9571599960327148,280.1208801269531,0.7831118702888489,0.44029802083969116,-0.008143901824951172,1.0,1.0,12.1620512008667,nan
15.497956275939941,0.7384104132652283,0.6770983934402466,0.05884553864598274,0.022825870662927628,nan,nan,-0.818450927734375,280.0640563964844,0.7889768481254578,0.5599151849746704,-0.04201865196228027,1.0,1.0,12.1620512008667,nan
15.498456001281738,0.6467121243476868,0.7690504193305969,0.015339678153395653,0.016313763335347176,nan,nan,-0.6801669597625732,279.9903869628906,0.757209837436676,0.6660341024398804,-0.07623481750488281,1.0,1.0,12.1620512008667,nan
15.498955726623535,0.5231610536575317,0.8559865951538086,0.016951005905866623,0.019104663282632828,nan,nan,-0.5400335788726807,279.9961853027344,0.5741479396820068,0.7598742246627808,-0.013796806335449219,1.0,1.0,12.1620512008667,nan
15.499456405639648,0.3967144191265106,0.9178448915481567,0.005671709775924683,0.02375616878271103,nan,nan,-0.400162935256958,279.9907531738281,0.44087085127830505,0.8024689555168152,-0.00896143913269043,1.0,1.0,12.1620512008667,nan
15.499955177307129,0.2654416859149933,0.9713440537452698,0.004060381092131138,0.019104665145277977,nan,nan,-0.26094841957092285,279.9579162597656,0.3118301331996918,0.8820251822471619,0.01446390151977539,1.0,1.0,12.1620512008667,nan
15.500454902648926,0.12837721407413483,0.994749903678894,0.026618974283337593,0.015383461490273476,nan,nan,-0.12118649482727051,279.94866943359375,0.22235283255577087,0.9079214334487915,-0.025821685791015625,1.0,1.0,12.1620512008667,nan
15.500954627990723,-0.010617583990097046,0.9980933666229248,-0.007218914106488228,0.014453161507844925,nan,nan,0.01950979232788086,279.9789733886719,0.07164253294467926,0.9236336946487427,-0.0036499500274658203,1.0,1.0,12.1620512008667,nan
15.501455307006836,-0.14768217504024506,0.9880626797676086,0.0040603820234537125,0.028407670557498932,nan,nan,0.15754151344299316,279.89678955078125,-0.032251711934804916,0.9266128540039062,-0.029614686965942383,1.0,1.0,12.1620512008667,nan
15.501955032348633,-0.2866768538951874,0.9613127112388611,0.016951005905866623,0.009801657870411873,nan,nan,0.2973957061767578,279.892822265625,-0.17974331974983215,0.9081105589866638,-0.008769512176513672,1.0,1.0,12.1620512008667,nan
15.50245475769043,-0.42374131083488464,0.9078137874603271,-0.0007736030966043472,0.02375616692006588,nan,nan,0.43723368644714355,279.88836669921875,-0.31822115182876587,0.8251945376396179,0.02418208122253418,1.0,1.0,12.1620512008667,nan
15.502955436706543,-0.5347442030906677,0.8426116108894348,-0.021720867604017258,0.015383461490273476,nan,nan,0.5767762660980225,279.8714294433594,-0.3911278247833252,0.8461803793907166,-0.05076265335083008,1.0,1.0,12.1620512008667,nan
15.50345516204834,-0.6496079564094543,0.7573474645614624,-0.013664226979017258,0.020034965127706528,nan,nan,0.7169721126556396,279.8825378417969,-0.5250518918037415,0.754161536693573,-0.01560831069946289,1.0,1.0,12.1620512008667,nan
15.50395393371582,-0.7528889775276184,0.658708393573761,-0.012052899226546288,0.01538346242159605,nan,nan,0.8563506603240967,279.85894775390625,-0.6306257843971252,0.6571423411369324,0.0017123222351074219,1.0,1.0,12.1620512008667,nan
15.504453659057617,-0.8339691162109375,0.5517098307609558,-0.03944547474384308,0.005150155164301395,nan,nan,0.9955670833587646,279.8289489746094,-0.7451941967010498,0.6007853150367737,-0.01009511947631836,1.0,1.0,12.1620512008667,nan
15.50495433807373,-0.8986405730247498,0.4263210594654083,-0.021720867604017258,0.007941057905554771,nan,nan,1.1352698802947998,279.8200988769531,-0.7855575084686279,0.494361937046051,-0.03307390213012695,1.0,1.0,12.1620512008667,nan
15.505454063415527,-0.9536591172218323,0.29758885502815247,-0.0023849308490753174,0.006080455146729946,nan,nan,1.2747890949249268,279.80352783203125,-0.8215455412864685,0.376597136259079,-0.04075336456298828,1.0,1.0,12.1620512008667,nan
15.505953788757324,-0.9855121970176697,0.1621689647436142,-0.028166180476546288,0.0004986515850760043,nan,nan,1.4136292934417725,279.75885009765625,-0.8942539095878601,0.25694704055786133,-0.029537677764892578,1.0,1.0,12.1620512008667,nan
15.506453514099121,-0.9961297512054443,0.023405855521559715,-0.026554852724075317,-0.002292250981554389,nan,nan,1.5528361797332764,279.7305908203125,-0.9014841318130493,0.12390914559364319,-0.025537490844726562,1.0,1.0,12.1620512008667,nan
15.506954193115234,-0.994199275970459,-0.11368606239557266,-0.023332197219133377,-0.004152853041887283,nan,nan,1.6913082599639893,279.67205810546875,-0.9273366332054138,-0.005753261037170887,-0.021213054656982422,1.0,1.0,12.1620512008667,nan
15.507453918457031,-0.9633116722106934,-0.24743393063545227,0.004060380160808563,-0.027410369366407394,nan,nan,1.8292930126190186,279.5942077636719,-0.8460431098937988,-0.10950540751218796,-0.03677558898925781,1.0,1.0,12.1620512008667,nan
15.507952690124512,-0.9179453253746033,-0.3795093595981598,-0.03138883784413338,-0.012525559403002262,nan,nan,1.9673383235931396,279.5207824707031,-0.8566403985023499,-0.24199526011943817,-0.02820730209350586,1.0,1.0,12.1620512008667,nan
15.508453369140625,-0.8696830868721008,-0.49653905630111694,0.016951005905866623,-0.023689167574048042,nan,nan,2.1059353351593018,279.4718322753906,-0.8424562811851501,-0.37516507506370544,-0.023160934448242188,1.0,1.0,12.1620512008667,nan
15.508953094482422,-0.7818460464477539,-0.6152401566505432,-0.016886884346604347,-0.015316461212933064,nan,nan,2.2434170246124268,279.3772888183594,-0.7087432146072388,-0.4710853695869446,0.007119178771972656,1.0,1.0,12.1620512008667,nan
15.509452819824219,-0.7075225710868835,-0.7105354070663452,-0.023332197219133377,-0.02089826576411724,nan,nan,2.381497621536255,279.30963134765625,-0.8137843012809753,-0.6118754148483276,-0.07323503494262695,1.0,1.0,12.1620512008667,nan
15.509952545166016,-0.5936238765716553,-0.8008154034614563,0.0008377255871891975,-0.014386160299181938,nan,nan,2.5195982456207275,279.2442932128906,-0.6312230229377747,-0.6582189202308655,-0.0496368408203125,1.0,1.0,12.1620512008667,nan
15.510453224182129,-0.47200334072113037,-0.8810640573501587,-0.021720869466662407,-0.012525559403002262,nan,nan,2.6577961444854736,279.1846008300781,-0.49008888006210327,-0.7407916784286499,-0.00768280029296875,1.0,1.0,12.1620512008667,nan
15.510952949523926,-0.35038283467292786,-0.9312195777893066,-0.012052899226546288,-0.023689165711402893,nan,nan,2.7969067096710205,279.1642761230469,-0.41502973437309265,-0.8206872940063477,-0.030632495880126953,1.0,1.0,12.1620512008667,nan
15.511452674865723,-0.20945759117603302,-0.9713440537452698,-0.012052900157868862,-0.01810736209154129,nan,nan,2.9364025592803955,279.1605224609375,-0.27835291624069214,-0.8388668894767761,-0.022277355194091797,1.0,1.0,12.1620512008667,nan
15.511953353881836,-0.08204536885023117,-0.9980933666229248,0.013728350400924683,-0.014386160299181938,nan,nan,3.074873208999634,279.11376953125,-0.1581621617078781,-0.9366710782051086,-0.007592201232910156,1.0,1.0,12.1620512008667,nan
15.512452125549316,0.05501885339617729,-0.994749903678894,-0.005607588216662407,-0.023689165711402893,nan,nan,-3.0701565742492676,279.0549011230469,-0.052837714552879333,-0.9354172348976135,-0.03502988815307617,1.0,1.0,12.1620512008667,nan
15.512951850891113,0.19208307564258575,-0.9780313372612,0.007283038459718227,-0.01996796391904354,nan,nan,-2.9318554401397705,279.0031433105469,0.0858747810125351,-0.9236043691635132,-0.024165630340576172,1.0,1.0,12.1620512008667,nan
15.51345157623291,0.32721683382987976,-0.9412506818771362,0.013728350400924683,-0.006943754386156797,nan,nan,-2.7935428619384766,278.95318603515625,0.20615611970424652,-0.8886433243751526,-0.027261734008789062,1.0,1.0,12.1620512008667,nan
15.513952255249023,0.4546290636062622,-0.8877513408660889,-0.005607586354017258,-0.012525558471679688,nan,nan,-2.655330181121826,278.9001159667969,0.33851513266563416,-0.8579911589622498,-0.017615079879760742,1.0,1.0,12.1620512008667,nan
15.51445198059082,0.5665969848632812,-0.8141899108886719,0.04595491290092468,-0.014386158436536789,nan,nan,-2.5171241760253906,278.8476867675781,0.43686383962631226,-0.8100156188011169,-0.03710150718688965,1.0,1.0,12.1620512008667,nan
15.514951705932617,0.6756693720817566,-0.7322695851325989,-0.012052901089191437,-0.027410369366407394,nan,nan,-2.3792226314544678,278.7837219238281,0.5425671935081482,-0.7559609413146973,-0.04716014862060547,1.0,1.0,12.1620512008667,nan
15.51545238494873,0.7741241455078125,-0.6286150813102722,0.04595491290092468,-0.014386158436536789,nan,nan,-2.239732503890991,278.7878112792969,0.7032305002212524,-0.6417170166969299,0.022225141525268555,1.0,1.0,12.1620512008667,nan
15.515952110290527,0.8542390465736389,-0.5166012644767761,0.008894365280866623,-0.011595258489251137,nan,nan,-2.100572109222412,278.7781066894531,0.7528327107429504,-0.5477392077445984,-0.006355762481689453,1.0,1.0,12.1620512008667,nan
15.516450881958008,0.9208412170410156,-0.39455634355545044,0.007283037528395653,0.000498651061207056,nan,nan,-1.9612962007522583,278.7733154296875,0.8411808609962463,-0.44210630655288696,-0.0005176067352294922,1.0,1.0,12.1620512008667,nan
15.516950607299805,0.9642770290374756,-0.259136438369751,0.04112092778086662,-0.02089826390147209,nan,nan,-1.8229033946990967,278.7315368652344,0.860403299331665,-0.31734001636505127,-0.008404970169067383,1.0,1.0,12.1620512008667,nan
15.517451286315918,0.9903383851051331,-0.12706059217453003,0.025007646530866623,-0.00787405576556921,nan,nan,-1.6837923526763916,278.720703125,0.9211798310279846,-0.21476808190345764,-0.023287057876586914,1.0,1.0,12.1620512008667,nan
15.517951011657715,0.999025821685791,0.011702927760779858,0.015339678153395653,-0.0004316499689593911,nan,nan,-1.5456218719482422,278.6706237792969,0.9314290285110474,-0.09095140546560287,-0.029787063598632812,1.0,1.0,12.1620512008667,nan
15.518450736999512,0.9845468401908875,0.1504664570093155,0.050788894295692444,0.0014289510436356068,nan,nan,-1.4074628353118896,278.6212158203125,0.9330178499221802,0.05459384247660637,-0.012103557586669922,1.0,1.0,12.1620512008667,nan
15.518951416015625,0.9478681087493896,0.2875577509403229,0.037898268550634384,0.018174361437559128,nan,nan,-1.2685520648956299,278.6044006347656,0.8466317057609558,0.16793236136436462,-0.01366114616394043,1.0,1.0,12.1620512008667,nan
15.519451141357422,0.8986404538154602,0.41294652223587036,0.04595491290092468,0.01538346242159605,nan,nan,-1.129887342453003,278.5777282714844,0.8560310006141663,0.28334686160087585,-0.028558969497680664,1.0,1.0,12.1620512008667,nan
15.519950866699219,0.8358996510505676,0.534991443157196,0.021784991025924683,0.021895568817853928,nan,nan,-0.9923932552337646,278.5022888183594,0.804069995880127,0.40762650966644287,-0.016482114791870117,1.0,1.0,12.1620512008667,nan
15.5204496383667,0.7490279674530029,0.6453337073326111,0.055622879415750504,0.017244063317775726,nan,nan,-0.8539094924926758,278.47021484375,0.7061558365821838,0.5077547430992126,-0.0007152557373046875,1.0,1.0,12.1620512008667,nan
15.520950317382812,0.6582953333854675,0.7423005104064941,0.06529084593057632,0.026547066867351532,nan,nan,-0.7160327434539795,278.4128723144531,0.6984052062034607,0.6144850254058838,-0.0406038761138916,1.0,1.0,12.1620512008667,nan
15.52145004272461,0.5521183609962463,0.825893223285675,0.0008377246558666229,0.020965266972780228,nan,nan,-0.5768914222717285,278.41009521484375,0.5612162947654724,0.7196747660636902,0.0073719024658203125,1.0,1.0,12.1620512008667,nan
15.521949768066406,0.42567184567451477,0.8944390416145325,0.023396316915750504,0.02282586507499218,nan,nan,-0.4392201900482178,278.3455505371094,0.44027748703956604,0.7696979641914368,0.012427568435668945,1.0,1.0,12.1620512008667,nan
15.522449493408203,0.29826000332832336,0.9479382038116455,0.0395096018910408,0.037710677832365036,nan,nan,-0.2998635768890381,278.3530578613281,0.33847710490226746,0.8526828289031982,0.014791250228881836,1.0,1.0,12.1620512008667,nan
15.522950172424316,0.17856992781162262,0.9746874570846558,-0.015275554731488228,0.019104663282632828,nan,nan,-0.1609663963317871,278.3411865234375,0.273736834526062,0.8971162438392639,-0.042627573013305664,1.0,1.0,12.1620512008667,nan
15.523449897766113,0.03571376949548721,0.994749903678894,0.05240022391080856,0.015383461490273476,nan,nan,-0.023612499237060547,278.2647399902344,0.16538242995738983,0.923663854598999,-0.06110072135925293,1.0,1.0,12.1620512008667,nan
15.52394962310791,-0.09942000359296799,0.9880626797676086,-0.010441571474075317,0.016313763335347176,nan,nan,0.11638402938842773,278.30084228515625,-0.019251788035035133,0.949853777885437,-0.0034055709838867188,1.0,1.0,12.1620512008667,nan
15.524450302124023,-0.24227569997310638,0.9680002331733704,0.008894366212189198,0.021895568817853928,nan,nan,0.25562477111816406,278.3048095703125,-0.16498135030269623,0.9197176098823547,0.014660120010375977,1.0,1.0,12.1620512008667,nan
15.524949073791504,-0.3696877956390381,0.9245323538780212,0.013728350400924683,0.007941056974232197,nan,nan,0.39379262924194336,278.2634582519531,-0.2622157037258148,0.9054092764854431,-0.019260406494140625,1.0,1.0,12.1620512008667,nan
15.5254487991333,-0.4913080632686615,0.8643454909324646,-0.005607586354017258,0.015383461490273476,nan,nan,0.5313289165496826,278.19622802734375,-0.3533843159675598,0.865260660648346,-0.051111698150634766,1.0,1.0,12.1620512008667,nan
15.525948524475098,-0.6042415499687195,0.7891126871109009,-0.024943523108959198,0.0135228605940938,nan,nan,0.6686575412750244,278.1219177246094,-0.4679565131664276,0.7909959554672241,-0.04194188117980957,1.0,1.0,12.1620512008667,nan
15.526449203491211,-0.7084876894950867,0.7021764516830444,-0.013664226979017258,0.031198574230074883,nan,nan,0.8056166172027588,278.0337219238281,-0.6065122485160828,0.7213554382324219,-0.013910531997680664,1.0,1.0,12.1620512008667,nan
15.526948928833008,-0.8021162152290344,0.5935060977935791,-0.008830243721604347,0.01538346242159605,nan,nan,0.9452531337738037,278.0599060058594,-0.7317285537719727,0.5975171327590942,0.03355979919433594,1.0,1.0,12.1620512008667,nan
15.527448654174805,-0.874509334564209,0.47480523586273193,-0.0023849308490753174,0.006080455146729946,nan,nan,1.0841224193572998,278.0528564453125,-0.7275269627571106,0.5020361542701721,-0.02480792999267578,1.0,1.0,12.1620512008667,nan
15.527949333190918,-0.924701988697052,0.3477442264556885,-0.04427945986390114,0.0135228605940938,nan,nan,1.2224953174591064,278.0252685546875,-0.8168321251869202,0.420888215303421,-0.03499746322631836,1.0,1.0,12.1620512008667,nan
15.528449058532715,-0.9681379199028015,0.21901242434978485,-0.024943523108959198,0.0004986515850760043,nan,nan,1.3608887195587158,277.999267578125,-0.8426334261894226,0.299837201833725,-0.03949308395385742,1.0,1.0,12.1620512008667,nan
15.528947830200195,-0.9855121970176697,0.08192090690135956,-0.028166180476546288,0.0004986515850760043,nan,nan,1.4986498355865479,277.9471740722656,-0.8895457983016968,0.1846962869167328,-0.040132999420166016,1.0,1.0,12.1620512008667,nan
15.529447555541992,-0.9970951080322266,-0.04848331958055496,0.025007646530866623,-0.00787405576556921,nan,nan,1.6355311870574951,277.8594055175781,-0.9099031686782837,0.04326062649488449,-0.019745349884033203,1.0,1.0,12.1620512008667,nan
15.529948234558105,-0.9748945832252502,-0.18724684417247772,-0.028166180476546288,-0.003222551429644227,nan,nan,1.7727243900299072,277.7863464355469,-0.9094297289848328,-0.07496917247772217,-0.027236461639404297,1.0,1.0,12.1620512008667,nan
15.530447959899902,-0.9420762062072754,-0.31765109300613403,-0.012052899226546288,0.000498651061207056,nan,nan,1.9111006259918213,277.7646789550781,-0.8852524161338806,-0.2044965624809265,-0.020821094512939453,1.0,1.0,12.1620512008667,nan
15.5309476852417,-0.8831967711448669,-0.4463837146759033,-0.03783414885401726,-0.01624676212668419,nan,nan,2.048525094985962,277.70343017578125,-0.8395237922668457,-0.3082519769668579,-0.0334477424621582,1.0,1.0,12.1620512008667,nan
15.531448364257812,-0.8165950775146484,-0.5617411732673645,-0.023332195356488228,-0.007874054834246635,nan,nan,2.1861393451690674,277.6514587402344,-0.7808027863502502,-0.43248090147972107,-0.017076492309570312,1.0,1.0,12.1620512008667,nan
15.53194808959961,-0.7432364821434021,-0.6687393188476562,-0.003996259067207575,-0.006013453938066959,nan,nan,2.3242995738983154,277.62371826171875,-0.7683319449424744,-0.585647463798523,-0.00975799560546875,1.0,1.0,12.1620512008667,nan
15.532447814941406,-0.6370596289634705,-0.7657064199447632,-0.018498212099075317,-0.014386160299181938,nan,nan,2.4615285396575928,277.5572814941406,-0.6515991687774658,-0.6420285701751709,-0.02033710479736328,1.0,1.0,12.1620512008667,nan
15.532947540283203,-0.5299180150032043,-0.8442832827568054,0.008894365280866623,-0.011595258489251137,nan,nan,2.599472761154175,277.5220947265625,-0.5839367508888245,-0.7327529191970825,-0.038425445556640625,1.0,1.0,12.1620512008667,nan
15.533447265625,-0.4063670337200165,-0.9145010709762573,-0.016886884346604347,-0.015316461212933064,nan,nan,2.7372615337371826,277.4811706542969,-0.4574522376060486,-0.8189194798469543,-0.012692451477050781,1.0,1.0,12.1620512008667,nan
15.533946990966797,-0.27509427070617676,-0.9579693078994751,-0.02010953798890114,-0.026480067521333694,nan,nan,2.874413251876831,277.414306640625,-0.34935083985328674,-0.8505434393882751,-0.030243873596191406,1.0,1.0,12.1620512008667,nan
15.534446716308594,-0.13996025919914246,-0.9880626797676086,0.016951005905866623,-0.01624676212668419,nan,nan,3.0135600566864014,277.43280029296875,-0.17710329592227936,-0.9015867710113525,0.026617050170898438,1.0,1.0,12.1620512008667,nan
15.534947395324707,-0.006756688933819532,-0.9980933666229248,0.021784991025924683,-0.015316460281610489,nan,nan,-3.1311657428741455,277.422119140625,-0.09111278504133224,-0.9318467974662781,-0.015524148941040039,1.0,1.0,12.1620512008667,nan
15.535447120666504,0.13996000587940216,-0.994749903678894,-0.021720867604017258,-0.014386159367859364,nan,nan,-2.9923529624938965,277.42669677734375,0.09677721560001373,-0.921143651008606,0.04807591438293457,1.0,1.0,12.1620512008667,nan
15.5359468460083,0.26930245757102966,-0.9646565318107605,-0.005607587285339832,-0.01624676212668419,nan,nan,-2.8551487922668457,277.36285400390625,0.15534847974777222,-0.9307351112365723,-0.02876424789428711,1.0,1.0,12.1620512008667,nan
15.536446571350098,0.4025059938430786,-0.9178448915481567,0.0008377255871891975,-0.014386160299181938,nan,nan,-2.7163143157958984,277.3694152832031,0.3121238946914673,-0.8784142136573792,0.008587121963500977,1.0,1.0,12.1620512008667,nan
15.536947250366211,0.5202657580375671,-0.8543148040771484,0.007283037528395653,-0.02182856760919094,nan,nan,-2.5790226459503174,277.31072998046875,0.3848074674606323,-0.8379012942314148,-0.03981804847717285,1.0,1.0,12.1620512008667,nan
15.537446022033691,0.6312680840492249,-0.7757377624511719,0.04595491290092468,-0.014386158436536789,nan,nan,-2.442420721054077,277.22442626953125,0.5226805210113525,-0.774804413318634,-0.013386249542236328,1.0,1.0,12.1620512008667,nan
15.537945747375488,0.7191054821014404,-0.6770983934402466,0.028230302035808563,0.005150154232978821,nan,nan,-2.3054606914520264,277.1549987792969,0.5488602519035339,-0.7162600755691528,-0.09032058715820312,1.0,1.0,12.1620512008667,nan
15.538446426391602,0.8175602555274963,-0.573444128036499,0.03789827227592468,-0.013455859385430813,nan,nan,-2.167851209640503,277.1145324707031,0.7228603959083557,-0.588026225566864,0.006513118743896484,1.0,1.0,12.1620512008667,nan
15.538946151733398,0.889953076839447,-0.45474278926849365,0.007283037528395653,-0.00880435574799776,nan,nan,-2.029726505279541,277.0964660644531,0.7887607216835022,-0.480365514755249,0.00425410270690918,1.0,1.0,12.1620512008667,nan
15.539445877075195,0.9469025731086731,-0.3293539881706238,0.015339679084718227,-0.013455859385430813,nan,nan,-1.8915103673934937,277.082275390625,0.8574182987213135,-0.38276833295822144,-0.006865262985229492,1.0,1.0,12.1620512008667,nan
15.539945602416992,0.9845468401908875,-0.19727817177772522,0.005671709310263395,-0.009734655730426311,nan,nan,-1.7532391548156738,277.0708923339844,0.9211368560791016,-0.26421207189559937,-0.004591703414916992,1.0,1.0,12.1620512008667,nan
15.540446281433105,0.999025821685791,-0.05182716250419617,0.008894365280866623,0.001428951509296894,nan,nan,-1.6142784357070923,277.0887756347656,0.8733426332473755,-0.09977550804615021,0.02214646339416504,1.0,1.0,12.1620512008667,nan
15.540946006774902,0.9999909996986389,0.08359251916408539,0.008894366212189198,-0.002292250981554389,nan,nan,-1.475485920906067,277.0992431640625,0.957024097442627,0.005597032140940428,0.002877473831176758,1.0,1.0,12.1620512008667,nan
15.541444778442383,0.9729642868041992,0.22402764856815338,0.0475662425160408,-0.0004316478152759373,nan,nan,-1.3371750116348267,277.0891418457031,0.9234119653701782,0.13212770223617554,0.000827789306640625,1.0,1.0,12.1620512008667,nan
15.54194450378418,0.9353199005126953,0.35610389709472656,0.025007648393511772,-0.024619467556476593,nan,nan,-1.1991455554962158,277.0674133300781,0.868527352809906,0.24720534682273865,-0.002049684524536133,1.0,1.0,12.1620512008667,nan
15.542445182800293,0.8783703446388245,0.481492280960083,0.020173663273453712,0.002359252655878663,nan,nan,-1.060128927230835,277.0875549316406,0.8527364730834961,0.3766462206840515,-0.0024313926696777344,1.0,1.0,12.1620512008667,nan
15.54294490814209,0.80018550157547,0.5968501567840576,0.058845534920692444,0.011662257835268974,nan,nan,-0.9222009181976318,277.0615539550781,0.8134486079216003,0.4858715832233429,-0.017925024032592773,1.0,1.0,12.1620512008667,nan
15.543444633483887,0.7084879279136658,0.7021760940551758,0.04917756840586662,0.006080454681068659,nan,nan,-0.7835648059844971,277.0660095214844,0.697880744934082,0.5831303596496582,0.0011484622955322266,1.0,1.0,12.1620512008667,nan
15.5439453125,0.604241669178009,0.8024873733520508,0.029841631650924683,-0.010664956644177437,nan,nan,-0.6445059776306152,277.087890625,0.6033548712730408,0.706405758857727,0.030074596405029297,1.0,1.0,12.1620512008667,nan
15.544445037841797,0.49709975719451904,0.867689311504364,0.004060381557792425,-0.0013619501842185855,nan,nan,-0.5052852630615234,277.1158752441406,0.5879107117652893,0.7557180523872375,-0.06379890441894531,1.0,1.0,12.1620512008667,nan
15.544944763183594,0.3600353002548218,0.9312195777893066,-0.015275555662810802,0.000498651061207056,nan,nan,-0.3647322654724121,277.19976806640625,0.3825928866863251,0.8221147060394287,0.021616458892822266,1.0,1.0,12.1620512008667,nan
15.54544448852539,0.23069263994693756,0.9713440537452698,0.0024490542709827423,0.029337972402572632,nan,nan,-0.2266383171081543,277.1783447265625,0.3297940492630005,0.8849480152130127,-0.03789329528808594,1.0,1.0,12.1620512008667,nan
15.545944213867188,0.0936286523938179,0.994749903678894,-0.008830243721604347,0.01538346242159605,nan,nan,-0.08627939224243164,277.2526550292969,0.16902248561382294,0.9223692417144775,-0.0025904178619384766,1.0,1.0,12.1620512008667,nan
15.546443939208984,-0.043435800820589066,1.0014371871948242,0.010505693964660168,0.002359252655878663,nan,nan,0.05136871337890625,277.2114562988281,0.07438540458679199,0.9407572150230408,-0.03806877136230469,1.0,1.0,12.1620512008667,nan
15.546943664550781,-0.1920831948518753,0.9880626797676086,0.0475662425160408,0.02561677061021328,nan,nan,0.19115543365478516,277.2609558105469,-0.0879126563668251,0.9302944540977478,-0.004573345184326172,1.0,1.0,12.1620512008667,nan
15.547444343566895,-0.3252864181995392,0.9512816071510315,-0.016886884346604347,0.021895568817853928,nan,nan,0.3308827877044678,277.30706787109375,-0.26738592982292175,0.9201633930206299,0.04449725151062012,1.0,1.0,12.1620512008667,nan
15.547944068908691,-0.45076820254325867,0.8944390416145325,0.021784991025924683,0.020034965127706528,nan,nan,0.4693593978881836,277.2996826171875,-0.3206973075866699,0.8717487454414368,-0.024555683135986328,1.0,1.0,12.1620512008667,nan
15.548443794250488,-0.5743188858032227,0.8275648355484009,-0.0039962586015462875,0.02561677061021328,nan,nan,0.6089048385620117,277.3371276855469,-0.4817774295806885,0.8308330178260803,0.009028196334838867,1.0,1.0,12.1620512008667,nan
15.548943519592285,-0.6833915114402771,0.732269823551178,-0.013664227910339832,0.0144531624391675,nan,nan,0.7480952739715576,277.3590393066406,-0.5756497383117676,0.7376365661621094,0.007021427154541016,1.0,1.0,12.1620512008667,nan
15.549444198608398,-0.7770199179649353,0.6369742155075073,-0.024943524971604347,0.01538346242159605,nan,nan,0.8865454196929932,277.3495178222656,-0.6884113550186157,0.6592391729354858,0.01296091079711914,1.0,1.0,12.1620512008667,nan
15.549942970275879,-0.8532739281654358,0.518272876739502,-0.029777508229017258,0.005150155164301395,nan,nan,1.0255210399627686,277.362060546875,-0.7085914611816406,0.5699787139892578,-0.03988456726074219,1.0,1.0,12.1620512008667,nan
15.550442695617676,-0.9198759198188782,0.3962279260158539,-0.008830242790281773,0.020965266972780228,nan,nan,1.163451910018921,277.3306579589844,-0.7982070446014404,0.4593183398246765,-0.02250814437866211,1.0,1.0,12.1620512008667,nan
15.550943374633789,-0.9642770290374756,0.26582369208335876,-0.021720867604017258,0.004219854716211557,nan,nan,1.3025343418121338,277.34808349609375,-0.8838924169540405,0.3500390648841858,-0.01646709442138672,1.0,1.0,12.1620512008667,nan
15.551443099975586,-0.9961297512054443,0.13040423393249512,0.0024490533396601677,0.0014289518585428596,nan,nan,1.4403202533721924,277.3109130859375,-0.8928077220916748,0.20063786208629608,0.001827239990234375,1.0,1.0,12.1620512008667,nan
15.551942825317383,-1.00192129611969,-0.013374535366892815,-0.029777508229017258,-0.0004316488921176642,nan,nan,1.579669713973999,277.340087890625,-0.9074615836143494,0.0681232213973999,0.008640766143798828,1.0,1.0,12.1620512008667,nan
15.55244255065918,-0.9893732666969299,-0.14879442751407623,-0.005607586819678545,-0.003222551429644227,nan,nan,1.7178242206573486,277.3183898925781,-0.913062572479248,-0.04260428994894028,-0.008034229278564453,1.0,1.0,12.1620512008667,nan
15.552943229675293,-0.9546244740486145,-0.28922995924949646,-0.0410568043589592,-0.010664956644177437,nan,nan,1.8567559719085693,277.3298645019531,-0.888952910900116,-0.18556828796863556,0.012290000915527344,1.0,1.0,12.1620512008667,nan
15.55344295501709,-0.9102232456207275,-0.41963380575180054,-0.012052899226546288,0.007941056974232197,nan,nan,1.9956190586090088,277.3381652832031,-0.8294692635536194,-0.30551183223724365,0.020573139190673828,1.0,1.0,12.1620512008667,nan
15.553942680358887,-0.8465173840522766,-0.536663293838501,-0.016886884346604347,-0.00787405576556921,nan,nan,2.135010004043579,277.3685302734375,-0.8079462051391602,-0.41288095712661743,0.0006351470947265625,1.0,1.0,12.1620512008667,nan
15.554442405700684,-0.7586801648139954,-0.6553645730018616,-0.003996260464191437,-0.022758865728974342,nan,nan,2.2736146450042725,277.3653564453125,-0.6898699402809143,-0.5331928730010986,0.04778766632080078,1.0,1.0,12.1620512008667,nan
15.55494213104248,-0.6727738380432129,-0.7439725399017334,-0.003996259067207575,-0.004152852576225996,nan,nan,2.4119532108306885,277.3509521484375,-0.7083771228790283,-0.6248309016227722,-0.026039600372314453,1.0,1.0,12.1620512008667,nan
15.555441856384277,-0.5540488362312317,-0.8359241485595703,-0.024943524971604347,-0.014386160299181938,nan,nan,2.5507614612579346,277.3564453125,-0.5717632174491882,-0.7278594374656677,0.0174560546875,1.0,1.0,12.1620512008667,nan
15.555941581726074,-0.4314633309841156,-0.9011264443397522,-0.03138883784413338,-0.01624676212668419,nan,nan,2.68969464302063,277.3671875,-0.4744965136051178,-0.7715480327606201,-0.0070858001708984375,1.0,1.0,12.1620512008667,nan
15.556442260742188,-0.3001903295516968,-0.9579693078994751,-0.02816617861390114,-0.021828563883900642,nan,nan,2.8300058841705322,277.43548583984375,-0.33464303612709045,-0.8515390157699585,0.029705047607421875,1.0,1.0,12.1620512008667,nan
15.556941986083984,-0.1592647284269333,-0.9914060831069946,-0.016886884346604347,-0.024619467556476593,nan,nan,2.9696333408355713,277.4736633300781,-0.20110946893692017,-0.8887301683425903,0.042046546936035156,1.0,1.0,12.1620512008667,nan
15.557441711425781,-0.03185323625802994,-1.0014371871948242,0.023396318778395653,-0.014386159367859364,nan,nan,3.108372926712036,277.47344970703125,-0.14252379536628723,-0.9201340675354004,-0.02811908721923828,1.0,1.0,12.1620512008667,nan
15.557942390441895,0.11486395448446274,-0.994749903678894,-0.005607587285339832,-0.01624676212668419,nan,nan,-3.0346057415008545,277.5354919433594,0.02917947992682457,-0.9168298244476318,0.017374038696289062,1.0,1.0,12.1620512008667,nan
15.558441162109375,0.2519284188747406,-0.9746874570846558,-0.003996260464191437,-0.022758865728974342,nan,nan,-2.8954074382781982,277.55364990234375,0.17333468794822693,-0.9386966228485107,0.029012441635131836,1.0,1.0,12.1620512008667,nan
15.558940887451172,0.3812706172466278,-0.9278757572174072,-0.005607587285339832,-0.01624676212668419,nan,nan,-2.7560315132141113,277.57855224609375,0.2330843061208725,-0.9137884378433228,-0.04350709915161133,1.0,1.0,12.1620512008667,nan
15.559440612792969,0.5096476674079895,-0.8660172820091248,0.05240022391080856,-0.01810736395418644,nan,nan,-2.616610527038574,277.6053466796875,0.43258434534072876,-0.8422127366065979,0.04218101501464844,1.0,1.0,12.1620512008667,nan
15.559941291809082,0.6138940453529358,-0.7790813446044922,0.0475662425160408,-0.015316460281610489,nan,nan,-2.477903366088867,277.60137939453125,0.45612984895706177,-0.7851318120956421,-0.04508161544799805,1.0,1.0,12.1620512008667,nan
15.560441017150879,0.7287577986717224,-0.6938170194625854,0.04112092778086662,-0.011595258489251137,nan,nan,-2.339005947113037,277.6056823730469,0.641704261302948,-0.6893572211265564,0.0396878719329834,1.0,1.0,12.1620512008667,nan
15.560940742492676,0.8079075813293457,-0.5834751725196838,0.018562335520982742,0.0032895535696297884,nan,nan,-2.200263261795044,277.60321044921875,0.6607414484024048,-0.6248562335968018,-0.03567934036254883,1.0,1.0,12.1620512008667,nan
15.561441421508789,0.8928489685058594,-0.4697893559932709,0.013728350400924683,-0.003222551429644227,nan,nan,-2.0611536502838135,277.61627197265625,0.8089792728424072,-0.4998147189617157,0.029551267623901367,1.0,1.0,12.1620512008667,nan
15.561941146850586,0.9497981667518616,-0.3377135097980499,-0.0007736026309430599,-0.007874054834246635,nan,nan,-1.9214130640029907,277.65545654296875,0.8518083095550537,-0.3753853738307953,0.02816033363342285,1.0,1.0,12.1620512008667,nan
15.562439918518066,0.9913037419319153,-0.20563724637031555,0.025007646530866623,-0.00787405576556921,nan,nan,-1.7825813293457031,277.6554870605469,0.9402879476547241,-0.28355473279953003,0.011456727981567383,1.0,1.0,12.1620512008667,nan
15.562939643859863,1.004817008972168,-0.06854575127363205,0.015339678153395653,-0.0004316499689593911,nan,nan,-1.6432254314422607,277.6776428222656,0.9599901437759399,-0.16023021936416626,-0.00043654441833496094,1.0,1.0,12.1620512008667,nan
15.563440322875977,1.0038518905639648,0.07690504193305969,0.010505693964660168,0.006080455146729946,nan,nan,-1.5043762922286987,277.6781311035156,0.9094378352165222,-0.005199503153562546,0.020468473434448242,1.0,1.0,12.1620512008667,nan
15.563940048217773,0.9710338115692139,0.2139967679977417,0.04112092778086662,0.02561677061021328,nan,nan,-1.365472674369812,277.680908203125,0.8277673721313477,0.09416811168193817,0.00047397613525390625,1.0,1.0,12.1620512008667,nan
15.56443977355957,0.9430417418479919,0.34272897243499756,0.050788894295692444,0.007010754197835922,nan,nan,-1.2276904582977295,277.6364440917969,0.9339441657066345,0.21947070956230164,-0.019877195358276367,1.0,1.0,12.1620512008667,nan
15.564939498901367,0.8774049282073975,0.4764768183231354,0.015339679084718227,0.018174365162849426,nan,nan,-1.0887556076049805,277.6414489746094,0.7842093110084534,0.355724960565567,0.03647136688232422,1.0,1.0,12.1620512008667,nan
15.56544017791748,0.8069426417350769,0.591834306716919,0.05240022391080856,0.011662259697914124,nan,nan,-0.949634313583374,277.6539611816406,0.7632132768630981,0.45815277099609375,0.012036323547363281,1.0,1.0,12.1620512008667,nan
15.565939903259277,0.7181403040885925,0.698832631111145,0.06206819415092468,0.0135228605940938,nan,nan,-0.81107497215271,277.6424560546875,0.7321619391441345,0.5692112445831299,-0.006407737731933594,1.0,1.0,12.1620512008667,nan
15.566439628601074,0.6177550554275513,0.7790815830230713,-0.012052899226546288,0.028407670557498932,nan,nan,-0.6704576015472412,277.71771240234375,0.6404624581336975,0.6217057108879089,-0.03742361068725586,1.0,1.0,12.1620512008667,nan
15.566939353942871,0.49130818247795105,0.8743765950202942,0.03306428715586662,0.0060804556123912334,nan,nan,-0.5318362712860107,277.70806884765625,0.4789705276489258,0.7469512224197388,0.05440568923950195,1.0,1.0,12.1620512008667,nan
15.567439079284668,0.3812706172466278,0.921188473701477,0.005671709775924683,0.014453161507844925,nan,nan,-0.3920590877532959,277.7461853027344,0.5242568254470825,0.7963270545005798,-0.09802651405334473,1.0,1.0,12.1620512008667,nan
15.567938804626465,0.24034523963928223,0.9680002331733704,0.004060380160808563,0.02282586693763733,nan,nan,-0.25085973739624023,277.8441162109375,0.29833143949508667,0.8814353942871094,0.017148494720458984,1.0,1.0,12.1620512008667,nan
15.568438529968262,0.10135044902563095,0.994749903678894,0.021784991025924683,0.018174365162849426,nan,nan,-0.11126017570495605,277.8724060058594,0.20123659074306488,0.9149596095085144,-0.012701749801635742,1.0,1.0,12.1620512008667,nan
15.568939208984375,-0.03571389243006706,0.9980933666229248,-0.002384931780397892,0.019104665145277977,nan,nan,0.02877974510192871,277.9186706542969,0.07484155148267746,0.9277838468551636,-0.016742229461669922,1.0,1.0,12.1620512008667,nan
15.569438934326172,-0.1862918585538864,0.9847185611724854,-0.015275555662810802,0.02282586693763733,nan,nan,0.16953754425048828,277.99444580078125,-0.12777012586593628,0.9101896286010742,0.06281685829162598,1.0,1.0,12.1620512008667,nan
15.569938659667969,-0.31563428044319153,0.9479382038116455,-0.021720867604017258,0.0135228605940938,nan,nan,0.3082621097564697,277.9828796386719,-0.19756166636943817,0.890119194984436,0.002780437469482422,1.0,1.0,12.1620512008667,nan
15.570439338684082,-0.45269837975502014,0.9044699668884277,-0.0007736030966043472,0.029337972402572632,nan,nan,0.44764208793640137,277.9996032714844,-0.4117356538772583,0.8693010807037354,0.08768987655639648,1.0,1.0,12.1620512008667,nan
15.570938110351562,-0.5646668076515198,0.8242214322090149,-0.024943523108959198,0.0135228605940938,nan,nan,0.5892171859741211,278.1077575683594,-0.4472518265247345,0.8220157623291016,0.001748800277709961,1.0,1.0,12.1620512008667,nan
15.57143783569336,-0.6727736592292786,0.7372850775718689,-0.012052899226546288,0.011662258766591549,nan,nan,0.7265026569366455,278.03350830078125,-0.5195778012275696,0.7179364562034607,-0.007433176040649414,1.0,1.0,12.1620512008667,nan
15.571937561035156,-0.7692978978157043,0.6369742155075073,-0.021720867604017258,0.007941057905554771,nan,nan,0.8665773868560791,278.078125,-0.6628064513206482,0.6533998250961304,0.018698692321777344,1.0,1.0,12.1620512008667,nan
15.57243824005127,-0.8523088097572327,0.5266321897506714,0.004060381557792425,0.002359252655878663,nan,nan,1.0053918361663818,278.06878662109375,-0.7488093972206116,0.5664775371551514,0.010447502136230469,1.0,1.0,12.1620512008667,nan
15.572937965393066,-0.9179453253746033,0.3995719850063324,-0.026554852724075317,0.003289551939815283,nan,nan,1.1451656818389893,278.0997009277344,-0.7945557832717896,0.4425400495529175,0.010158538818359375,1.0,1.0,12.1620512008667,nan
15.573437690734863,-0.9642770290374756,0.27251139283180237,0.016951005905866623,0.009801657870411873,nan,nan,1.283484697341919,278.0689392089844,-0.8124614357948303,0.3479614555835724,-0.024787425994873047,1.0,1.0,12.1620512008667,nan
15.573938369750977,-0.9864775538444519,0.133747860789299,-0.016886884346604347,0.0070107560604810715,nan,nan,1.4226982593536377,278.0762634277344,-0.8656773567199707,0.23576083779335022,-0.025249004364013672,1.0,1.0,12.1620512008667,nan
15.574438095092773,-0.9970951080322266,-0.0016716077225282788,-0.0039962586015462875,-0.02089826576411724,nan,nan,1.5614759922027588,278.0654602050781,-0.893200159072876,0.08993544429540634,0.0016255378723144531,1.0,1.0,12.1620512008667,nan
15.57493782043457,-0.9845470786094666,-0.1437791883945465,-0.028166180476546288,-0.003222551429644227,nan,nan,1.7004082202911377,278.061279296875,-0.8993109464645386,-0.03150632604956627,-0.001953125,1.0,1.0,12.1620512008667,nan
15.57543659210205,-0.9565549492835999,-0.27919867634773254,-0.010441571474075317,-0.007874054834246635,nan,nan,1.839449167251587,278.0617370605469,-0.8499541282653809,-0.17085538804531097,0.02246236801147461,1.0,1.0,12.1620512008667,nan
15.575937271118164,-0.9140843749046326,-0.4062592387199402,-0.03138883411884308,-0.005083151161670685,nan,nan,1.9783871173858643,278.05780029296875,-0.8731916546821594,-0.2838885486125946,-0.0006103515625,1.0,1.0,12.1620512008667,nan
15.576436996459961,-0.8397607803344727,-0.534991443157196,-0.020109539851546288,-0.011595258489251137,nan,nan,2.1178138256073,278.0746154785156,-0.7216069102287292,-0.391005277633667,0.042378902435302734,1.0,1.0,12.1620512008667,nan
15.576936721801758,-0.7673675417900085,-0.6336307525634766,-0.021720867604017258,-0.01810736209154129,nan,nan,2.256683111190796,278.06744384765625,-0.7878429293632507,-0.4912102520465851,-0.03587627410888672,1.0,1.0,12.1620512008667,nan
15.577437400817871,-0.6727736592292786,-0.7372850775718689,-0.015275554731488228,-0.014386159367859364,nan,nan,2.3945538997650146,278.0186767578125,-0.7006743550300598,-0.6115159392356873,-0.013625144958496094,1.0,1.0,12.1620512008667,nan
15.577937126159668,-0.571423351764679,-0.8192055821418762,0.00728303799405694,-0.010664957575500011,nan,nan,2.532501459121704,277.973876953125,-0.6574277281761169,-0.703175961971283,-0.05028820037841797,1.0,1.0,12.1620512008667,nan
15.578436851501465,-0.4488377273082733,-0.8944390416145325,-0.012052899226546288,-0.02182856760919094,nan,nan,2.671252965927124,277.9640197753906,-0.5033485889434814,-0.7990387678146362,0.000812530517578125,1.0,1.0,12.1620512008667,nan
15.578936576843262,-0.315634161233902,-0.9445943832397461,-0.010441571474075317,-0.02089826576411724,nan,nan,2.8095247745513916,277.9339599609375,-0.3889565169811249,-0.8158753514289856,-0.020274639129638672,1.0,1.0,12.1620512008667,nan
15.579436302185059,-0.1901528686285019,-0.9813751578330994,-0.021720867604017258,-0.01996796391904354,nan,nan,2.9473659992218018,277.8864440917969,-0.3103629946708679,-0.9107798337936401,-0.041783809661865234,1.0,1.0,12.1620512008667,nan
15.579936027526855,-0.04536637291312218,-0.9980933666229248,0.03306428715586662,-0.021828563883900642,nan,nan,3.087480306625366,277.9358825683594,-0.07263460010290146,-0.9099922180175781,0.06734943389892578,1.0,1.0,12.1620512008667,nan
15.580435752868652,0.08976739645004272,-0.994749903678894,-0.007218915969133377,-0.024619467556476593,nan,nan,-3.0577147006988525,277.894775390625,-0.017214655876159668,-0.9340875148773193,-0.009754180908203125,1.0,1.0,12.1620512008667,nan
15.580936431884766,0.22490166127681732,-0.9746874570846558,0.004060381092131138,-0.01810736209154129,nan,nan,-2.9194552898406982,277.8657531738281,0.10898305475711823,-0.934168815612793,-0.013473033905029297,1.0,1.0,12.1620512008667,nan
15.581436157226562,0.3619658946990967,-0.9312195777893066,-0.003996260464191437,-0.0395042784512043,nan,nan,-2.77970552444458,277.9002380371094,0.26257237792015076,-0.8913037180900574,0.01726841926574707,1.0,1.0,12.1620512008667,nan
15.58193588256836,0.47393378615379333,-0.8743765950202942,-0.008830242790281773,-0.014386160299181938,nan,nan,-2.642893075942993,277.8099365234375,0.2809333801269531,-0.8706629276275635,-0.09441089630126953,1.0,1.0,12.1620512008667,nan
15.582435607910156,0.5916932821273804,-0.7974715232849121,0.04112092778086662,-0.01717706024646759,nan,nan,-2.5042989253997803,277.796875,0.4542382061481476,-0.8007926940917969,-0.028875350952148438,1.0,1.0,12.1620512008667,nan
15.58293628692627,0.6911131739616394,-0.7055201530456543,0.03628694266080856,-0.014386160299181938,nan,nan,-2.366888999938965,277.7343444824219,0.5121878385543823,-0.7272607088088989,-0.06886696815490723,1.0,1.0,12.1620512008667,nan
15.58343505859375,0.7895681858062744,-0.608552873134613,0.055622879415750504,-0.00880435574799776,nan,nan,-2.2286667823791504,277.7073974609375,0.6776402592658997,-0.6272695660591125,0.003598928451538086,1.0,1.0,12.1620512008667,nan
15.583934783935547,0.8716135621070862,-0.49319520592689514,0.013728349469602108,-0.012525557540357113,nan,nan,-2.089756488800049,277.71002197265625,0.7791780233383179,-0.5139378905296326,0.02852320671081543,1.0,1.0,12.1620512008667,nan
15.584434509277344,0.9275977611541748,-0.36947864294052124,0.0024490535724908113,-0.004152852576225996,nan,nan,-1.9505844116210938,277.7232971191406,0.8364477157592773,-0.4235352873802185,0.0036237239837646484,1.0,1.0,12.1620512008667,nan
15.584935188293457,0.9691033363342285,-0.23740239441394806,-0.005607587285339832,-0.005083153024315834,nan,nan,-1.8122024536132812,277.7031555175781,0.8730128407478333,-0.31417715549468994,-0.011560201644897461,1.0,1.0,12.1620512008667,nan
15.585434913635254,0.9941992163658142,-0.10031089931726456,0.026618976145982742,0.011662259697914124,nan,nan,-1.673094630241394,277.71380615234375,0.9186327457427979,-0.18645864725112915,-0.005446195602416992,1.0,1.0,12.1620512008667,nan
15.58593463897705,0.984546959400177,0.043467868119478226,0.005671709775924683,0.012592560611665249,nan,nan,-1.5352537631988525,277.67108154296875,0.8130630850791931,-0.06562916189432144,-0.023667573928833008,1.0,1.0,12.1620512008667,nan
15.586435317993164,0.9835816025733948,0.1722002774477005,0.05240022391080856,0.004219853784888983,nan,nan,-1.397465467453003,277.62713623046875,0.9713707566261292,0.06552087515592575,-0.013534307479858398,1.0,1.0,12.1620512008667,nan
15.586935043334961,0.9478675723075867,0.30762016773223877,0.029841629788279533,0.019104663282632828,nan,nan,-1.259781002998352,277.57965087890625,0.8464170694351196,0.1906319260597229,0.0030105113983154297,1.0,1.0,12.1620512008667,nan
15.587434768676758,0.8909189105033875,0.43300873041152954,0.05240022391080856,0.011662259697914124,nan,nan,-1.1219794750213623,277.5380859375,0.8618234992027283,0.2969547212123871,-0.024621009826660156,1.0,1.0,12.1620512008667,nan
15.587933540344238,0.831073522567749,0.55003821849823,0.0556228831410408,0.009801658801734447,nan,nan,-0.9840350151062012,277.5033874511719,0.8515229225158691,0.4206852912902832,-0.035581111907958984,1.0,1.0,12.1620512008667,nan
15.588434219360352,0.7364797592163086,0.6603800654411316,0.04917756840586662,0.017244063317775726,nan,nan,-0.8454973697662354,277.4942932128906,0.7010412216186523,0.5064252614974976,-0.0072748661041259766,1.0,1.0,12.1620512008667,nan
15.588933944702148,0.6428509950637817,0.7556754946708679,-0.008830243721604347,0.01538346242159605,nan,nan,-0.7067265510559082,277.4953308105469,0.6402381062507629,0.6333751678466797,0.008434295654296875,1.0,1.0,12.1620512008667,nan
15.589433670043945,0.5443964600563049,0.8325803279876709,0.013728350400924683,0.0135228605940938,nan,nan,-0.5696732997894287,277.4239196777344,0.6517996788024902,0.713678777217865,-0.07833123207092285,1.0,1.0,12.1620512008667,nan
15.589934349060059,0.4160195291042328,0.8977824449539185,0.010505693033337593,0.030268274247646332,nan,nan,-0.43085670471191406,277.42816162109375,0.4838545322418213,0.7716519832611084,-0.036923885345458984,1.0,1.0,12.1620512008667,nan
15.590434074401855,0.3040512502193451,0.9445943832397461,0.013728350400924683,0.02282586693763733,nan,nan,-0.2938556671142578,277.3557434082031,0.49984732270240784,0.8789861798286438,-0.13134002685546875,1.0,1.0,12.1620512008667,nan
15.590933799743652,0.15540383756160736,0.9813751578330994,-0.002384931780397892,0.019104665145277977,nan,nan,-0.1558701992034912,277.32659912109375,0.247966930270195,0.8928531408309937,-0.02271890640258789,1.0,1.0,12.1620512008667,nan
15.59143352508545,0.02027030847966671,0.9914060831069946,0.042732253670692444,0.039571281522512436,nan,nan,-0.018320560455322266,277.2798156738281,0.1475251168012619,0.9117729663848877,-0.049910783767700195,1.0,1.0,12.1620512008667,nan
15.591933250427246,-0.11486370116472244,0.9914060831069946,-0.010441571474075317,0.008871356956660748,nan,nan,0.12092328071594238,277.30523681640625,-0.043569982051849365,0.9380607604980469,0.017961502075195312,1.0,1.0,12.1620512008667,nan
15.592432975769043,-0.24999772012233734,0.9680002331733704,-0.007218915969133377,0.02747737057507038,nan,nan,0.25849270820617676,277.2597351074219,-0.15960152447223663,0.9443380832672119,0.0013203620910644531,1.0,1.0,12.1620512008667,nan
15.59293270111084,-0.3812708556652069,0.9178448915481567,0.013728350400924683,0.007941056974232197,nan,nan,0.39787912368774414,277.2917175292969,-0.2741611897945404,0.8771833777427673,-0.002570629119873047,1.0,1.0,12.1620512008667,nan
15.593433380126953,-0.5048215985298157,0.854314386844635,-0.021720869466662407,0.017244063317775726,nan,nan,0.5366160869598389,277.2955627441406,-0.3893529772758484,0.8229437470436096,-0.0023179054260253906,1.0,1.0,12.1620512008667,nan
15.59393310546875,-0.6187204122543335,0.7774094939231873,-0.015275554731488228,0.019104663282632828,nan,nan,0.6747300624847412,277.2731628417969,-0.4862232506275177,0.764976978302002,-0.016223669052124023,1.0,1.0,12.1620512008667,nan
15.594432830810547,-0.7142789959907532,0.6854579448699951,-0.0023849308490753174,0.02840767242014408,nan,nan,0.8126649856567383,277.2436218261719,-0.5764796137809753,0.7359389066696167,-0.05603337287902832,1.0,1.0,12.1620512008667,nan
15.594932556152344,-0.8146643042564392,0.5851467847824097,-0.023332197219133377,0.016313763335347176,nan,nan,0.9519188404083252,277.2702331542969,-0.7553266286849976,0.633820116519928,0.013164997100830078,1.0,1.0,12.1620512008667,nan
15.595433235168457,-0.8803009390830994,0.45808619260787964,-0.021720867604017258,0.0135228605940938,nan,nan,1.0904572010040283,277.26605224609375,-0.7306469678878784,0.49780088663101196,-0.025459766387939453,1.0,1.0,12.1620512008667,nan
15.595932960510254,-0.9372499585151672,0.3326980471611023,-0.021720867604017258,0.007941057905554771,nan,nan,1.2289979457855225,277.2621765136719,-0.8150964975357056,0.3857392966747284,-0.00786733627319336,1.0,1.0,12.1620512008667,nan
15.596431732177734,-0.9739294648170471,0.20229341089725494,-0.029777508229017258,0.010731957852840424,nan,nan,1.367072343826294,277.23883056640625,-0.8674259185791016,0.27832335233688354,-0.014446735382080078,1.0,1.0,12.1620512008667,nan
15.596932411193848,-0.9941995143890381,0.0668739303946495,-0.029777508229017258,-0.0004316488921176642,nan,nan,1.5058643817901611,277.24609375,-0.9215821027755737,0.15506812930107117,-0.009432792663574219,1.0,1.0,12.1620512008667,nan
15.597432136535645,-0.994199275970459,-0.07356119900941849,-0.028166180476546288,0.009801657870411873,nan,nan,1.6440017223358154,277.2257995605469,-0.9135509133338928,0.012155218049883842,0.005883693695068359,1.0,1.0,12.1620512008667,nan
15.597931861877441,-0.9700683951377869,-0.20898108184337616,-0.028166180476546288,-0.003222551429644227,nan,nan,1.7822840213775635,277.2117614746094,-0.9050690531730652,-0.10215803980827332,-0.006753444671630859,1.0,1.0,12.1620512008667,nan
15.598431587219238,-0.9333891272544861,-0.33938533067703247,-0.0023849308490753174,-0.005083153024315834,nan,nan,1.920494794845581,277.1951599121094,-0.8749892711639404,-0.2307639718055725,0.0005249977111816406,1.0,1.0,12.1620512008667,nan
15.598932266235352,-0.8754746913909912,-0.4664455056190491,-0.03783414885401726,-0.01624676212668419,nan,nan,2.0593631267547607,277.2065124511719,-0.8187214732170105,-0.3518034815788269,0.00968027114868164,1.0,1.0,12.1620512008667,nan
15.599431991577148,-0.8108033537864685,-0.5784595012664795,-0.012052899226546288,-0.012525558471679688,nan,nan,2.197453260421753,277.18475341796875,-0.8170815110206604,-0.45945271849632263,-0.022149085998535156,1.0,1.0,12.1620512008667,nan
15.599931716918945,-0.7113833427429199,-0.6904733777046204,0.015339679084718227,-0.024619467556476593,nan,nan,2.335644006729126,277.1678771972656,-0.6702198386192322,-0.565527081489563,0.028501510620117188,1.0,1.0,12.1620512008667,nan
15.600430488586426,-0.6177550554275513,-0.7790815830230713,-0.03138883411884308,-0.01996796391904354,nan,nan,2.4725229740142822,277.09619140625,-0.648845374584198,-0.6562273502349854,-0.018423080444335938,1.0,1.0,12.1620512008667,nan
15.600931167602539,-0.509647786617279,-0.8526427745819092,0.013728350400924683,-0.01810736209154129,nan,nan,2.610351324081421,277.0658264160156,-0.5549560785293579,-0.7358889579772949,-0.022676944732666016,1.0,1.0,12.1620512008667,nan
15.601430892944336,-0.3832012712955475,-0.9178448915481567,-0.005607588216662407,-0.02182856760919094,nan,nan,2.747718095779419,277.0168151855469,-0.42731404304504395,-0.8093547224998474,0.0004048347473144531,1.0,1.0,12.1620512008667,nan
15.601930618286133,-0.2577195167541504,-0.9512816071510315,-0.008830242790281773,-0.014386160299181938,nan,nan,2.8861892223358154,277.01495361328125,-0.3841578960418701,-0.813850998878479,-0.09370756149291992,1.0,1.0,12.1620512008667,nan
15.602431297302246,-0.1264468878507614,-0.9880626797676086,0.0008377255871891975,-0.006943754386156797,nan,nan,3.023571729660034,276.9678039550781,-0.21004174649715424,-0.9283537268638611,-0.012252330780029297,1.0,1.0,12.1620512008667,nan
15.602931022644043,0.016409412026405334,-0.9980933666229248,-0.0039962586015462875,-0.01903766207396984,nan,nan,-3.121253252029419,276.9625244140625,-0.0714263990521431,-0.9257104396820068,-0.005084991455078125,1.0,1.0,12.1620512008667,nan
15.60343074798584,0.15154318511486053,-0.9847185611724854,0.026618976145982742,0.0004986515850760043,nan,nan,-2.982771158218384,276.962646484375,0.06825601309537888,-0.930099368095398,0.006743192672729492,1.0,1.0,12.1620512008667,nan
15.603931427001953,0.2847467362880707,-0.9479382038116455,0.0008377255871891975,-0.01624676212668419,nan,nan,-2.845468044281006,276.9131164550781,0.13114064931869507,-0.8824993968009949,-0.056574106216430664,1.0,1.0,12.1620512008667,nan
15.604430198669434,0.412158727645874,-0.9044699668884277,0.04595491290092468,-0.025549769401550293,nan,nan,-2.7082326412200928,276.8619689941406,0.3122577667236328,-0.8782351016998291,0.0005023479461669922,1.0,1.0,12.1620512008667,nan
15.60492992401123,0.532813549041748,-0.8392680287361145,0.015339679084718227,-0.024619467556476593,nan,nan,-2.5711612701416016,276.804931640625,0.39933085441589355,-0.8257277607917786,-0.027868032455444336,1.0,1.0,12.1620512008667,nan
15.605429649353027,0.6447817087173462,-0.7590193152427673,0.04112092778086662,-0.01903766393661499,nan,nan,-2.4324827194213867,276.8167724609375,0.5680311918258667,-0.7488147616386414,0.03222393989562988,1.0,1.0,12.1620512008667,nan
15.60593032836914,0.7403409481048584,-0.6603802442550659,0.031452957540750504,-0.01903766393661499,nan,nan,-2.294146776199341,276.8139343261719,0.6249959468841553,-0.6755274534225464,-0.008687019348144531,1.0,1.0,12.1620512008667,nan
15.606430053710938,0.8320385813713074,-0.5550537109375,0.004060381092131138,-0.010664956644177437,nan,nan,-2.1553473472595215,276.83050537109375,0.7422086000442505,-0.5793659687042236,0.014050006866455078,1.0,1.0,12.1620512008667,nan
15.606929779052734,0.8928491473197937,-0.42966511845588684,0.010505693964660168,-0.010664956644177437,nan,nan,-2.0171492099761963,276.8211975097656,0.7473877668380737,-0.4658849239349365,-0.01890397071838379,1.0,1.0,12.1620512008667,nan
15.607429504394531,0.9517285823822021,-0.30762016773223877,0.012117021717131138,-0.004152852576225996,nan,nan,-1.8780879974365234,276.8483581542969,0.8672633767127991,-0.37144583463668823,-0.00514531135559082,1.0,1.0,12.1620512008667,nan
15.607930183410645,0.9816510677337646,-0.1688566505908966,0.0024490533396601677,-0.0004316495615057647,nan,nan,-1.7396718263626099,276.8480224609375,0.8730620741844177,-0.23795592784881592,-0.004991769790649414,1.0,1.0,12.1620512008667,nan
15.608429908752441,0.9999908804893494,-0.036780599504709244,0.008894365280866623,0.001428951509296894,nan,nan,-1.6016931533813477,276.8292236328125,0.9209872484207153,-0.13988329470157623,-0.027713537216186523,1.0,1.0,12.1620512008667,nan
15.608928680419922,0.9922688603401184,0.10365453362464905,0.004060381557792425,0.0004986511776223779,nan,nan,-1.4639840126037598,276.799560546875,0.9161345362663269,0.009100654162466526,-0.004670858383178711,1.0,1.0,12.1620512008667,nan
15.609429359436035,0.9691035151481628,0.23740239441394806,0.058845534920692444,0.007941055111587048,nan,nan,-1.3263694047927856,276.7664794921875,0.9308825135231018,0.12762488424777985,-0.016025781631469727,1.0,1.0,12.1620512008667,nan
15.609929084777832,0.9256672263145447,0.36613479256629944,0.025007644668221474,0.034919776022434235,nan,nan,-1.1891411542892456,276.7178649902344,0.8997807502746582,0.24548853933811188,-0.02320265769958496,1.0,1.0,12.1620512008667,nan
15.610428810119629,0.870648205280304,0.4881797432899475,0.0008377255871891975,0.0135228605940938,nan,nan,-1.0521304607391357,276.6614074707031,0.8604145050048828,0.37762579321861267,-0.012963294982910156,1.0,1.0,12.1620512008667,nan
15.610928535461426,0.7905333638191223,0.606881320476532,0.028230302035808563,0.02561677061021328,nan,nan,-0.9136731624603271,276.66693115234375,0.7380858659744263,0.5073825120925903,0.03745698928833008,1.0,1.0,12.1620512008667,nan
15.611429214477539,0.6978700160980225,0.7138792276382446,0.00728303799405694,0.011662259697914124,nan,nan,-0.7745728492736816,276.69915771484375,0.6561073660850525,0.596435546875,0.033905982971191406,1.0,1.0,12.1620512008667,nan
15.611928939819336,0.5916934013366699,0.8041590452194214,0.016951005905866623,-0.003222551429644227,nan,nan,-0.634958028793335,276.7522888183594,0.590194582939148,0.6982221007347107,0.0255279541015625,1.0,1.0,12.1620512008667,nan
15.612428665161133,0.4816555976867676,0.8710331320762634,0.005671709775924683,0.014453161507844925,nan,nan,-0.4969332218170166,276.7370910644531,0.5833324790000916,0.7561817765235901,-0.06821393966674805,1.0,1.0,12.1620512008667,nan
15.61292839050293,0.34459125995635986,0.9312195777893066,0.039509598165750504,0.011662258766591549,nan,nan,-0.35822272300720215,276.75128173828125,0.40427878499031067,0.7859609127044678,-0.024750947952270508,1.0,1.0,12.1620512008667,nan
15.613428115844727,0.2075272649526596,0.9780313372612,-0.03783414885401726,0.0135228605940938,nan,nan,-0.21651744842529297,276.8915100097656,0.1367284655570984,0.8938635587692261,0.15764808654785156,1.0,1.0,12.1620512008667,nan
15.613927841186523,0.08011540025472641,0.9914060831069946,-0.008830243721604347,0.01538346242159605,nan,nan,-0.07697057723999023,276.9377136230469,0.18205662071704865,0.9396125674247742,-0.022234439849853516,1.0,1.0,12.1620512008667,nan
15.61442756652832,-0.05887987092137337,0.994749903678894,0.0008377254125662148,0.0004986511776223779,nan,nan,0.060437679290771484,276.89312744140625,0.06760283559560776,0.9348211288452148,-0.04053902626037598,1.0,1.0,12.1620512008667,nan
15.614928245544434,-0.19787442684173584,0.9746874570846558,-0.010441570542752743,0.02189556695520878,nan,nan,0.19888663291931152,276.89349365234375,-0.12158232182264328,0.9145732522010803,0.025643348693847656,1.0,1.0,12.1620512008667,nan
15.61542797088623,-0.3349391222000122,0.9412506818771362,0.010505694895982742,0.02468646876513958,nan,nan,0.33780384063720703,276.9131774902344,-0.2211371660232544,0.9046874046325684,-0.0058286190032958984,1.0,1.0,12.1620512008667,nan
15.615927696228027,-0.4565596580505371,0.8844079375267029,-0.018498212099075317,0.011662259697914124,nan,nan,0.47618937492370605,276.91015625,-0.3512917160987854,0.8795303106307983,-0.003945350646972656,1.0,1.0,12.1620512008667,nan
15.61642837524414,-0.5762495994567871,0.8175339698791504,0.0040603820234537125,0.020965266972780228,nan,nan,0.6138706207275391,276.8775634765625,-0.44401034712791443,0.8217920660972595,-0.02636551856994629,1.0,1.0,12.1620512008667,nan
15.616928100585938,-0.6872522830963135,0.7322695851325989,-0.03461149334907532,0.011662259697914124,nan,nan,0.7517879009246826,276.855712890625,-0.5915806889533997,0.7423315048217773,0.013375997543334961,1.0,1.0,12.1620512008667,nan
15.617426872253418,-0.7760545611381531,0.6252712607383728,-0.023332195356488228,0.014453161507844925,nan,nan,0.8894040584564209,276.8216552734375,-0.6500909328460693,0.6260194778442383,0.007119655609130859,1.0,1.0,12.1620512008667,nan
15.617926597595215,-0.8484477996826172,0.5132574439048767,-0.024943524971604347,0.002359252655878663,nan,nan,1.0276243686676025,276.81365966796875,-0.7173849940299988,0.5584233403205872,-0.026144981384277344,1.0,1.0,12.1620512008667,nan
15.618427276611328,-0.9121537208557129,0.3895406723022461,-0.020109539851546288,-0.011595258489251137,nan,nan,1.1650965213775635,276.7743835449219,-0.7492694854736328,0.4400443136692047,-0.03324747085571289,1.0,1.0,12.1620512008667,nan
15.618927001953125,-0.9604158401489258,0.2658241391181946,0.015339678153395653,0.003289553103968501,nan,nan,1.302842378616333,276.7474670410156,-0.8527646660804749,0.35546931624412537,-0.034923553466796875,1.0,1.0,12.1620512008667,nan
15.619426727294922,-0.9913037419319153,0.13207626342773438,0.0008377254125662148,0.0004986511776223779,nan,nan,1.4401557445526123,276.702880859375,-0.8984329104423523,0.21151356399059296,-0.008414268493652344,1.0,1.0,12.1620512008667,nan
15.619927406311035,-0.9990255832672119,-0.00501566007733345,-0.023332195356488228,-0.002292250981554389,nan,nan,1.5784122943878174,276.69891357421875,-0.9325975179672241,0.08629538863897324,-0.007723808288574219,1.0,1.0,12.1620512008667,nan
15.620427131652832,-0.9884079098701477,-0.14377877116203308,-0.005607586819678545,-0.003222551429644227,nan,nan,1.7159569263458252,276.66522216796875,-0.9091354608535767,-0.04495838284492493,-0.0035810470581054688,1.0,1.0,12.1620512008667,nan
15.620926856994629,-0.9517287611961365,-0.2808707058429718,-0.03138883784413338,0.002359252655878663,nan,nan,1.854421854019165,276.6707458496094,-0.8623130321502686,-0.1626354455947876,-0.005048274993896484,1.0,1.0,12.1620512008667,nan
15.62142562866211,-0.9073277115821838,-0.4112744927406311,-0.005607586819678545,-0.003222551429644227,nan,nan,1.9929912090301514,276.6805114746094,-0.8362247943878174,-0.29390767216682434,0.008009910583496094,1.0,1.0,12.1620512008667,nan
15.621926307678223,-0.8445869088172913,-0.5266323685646057,0.008894365280866623,-0.022758865728974342,nan,nan,2.131131410598755,276.6720886230469,-0.8360382914543152,-0.40633872151374817,-0.015807151794433594,1.0,1.0,12.1620512008667,nan
15.62242603302002,-0.767367422580719,-0.6403177976608276,-0.003996259067207575,-0.004152852576225996,nan,nan,2.2684290409088135,276.6284484863281,-0.7803018093109131,-0.5043907761573792,-0.031751155853271484,1.0,1.0,12.1620512008667,nan
15.622925758361816,-0.6602256298065186,-0.7456443905830383,-0.024943523108959198,-0.023689165711402893,nan,nan,2.4062836170196533,276.6092224121094,-0.6121366620063782,-0.6088177561759949,0.03952217102050781,1.0,1.0,12.1620512008667,nan
15.62342643737793,-0.5617710947990417,-0.8292369246482849,-0.021720869466662407,-0.012525559403002262,nan,nan,2.5444376468658447,276.6028137207031,-0.5668227672576904,-0.7290436625480652,0.028573989868164062,1.0,1.0,12.1620512008667,nan
15.623926162719727,-0.4430462419986725,-0.8977824449539185,-0.03461148962378502,-0.01810736022889614,nan,nan,2.6825616359710693,276.5952453613281,-0.492343008518219,-0.8073112964630127,0.003571033477783203,1.0,1.0,12.1620512008667,nan
15.624425888061523,-0.3059817850589752,-0.9546254277229309,-0.020109539851546288,-0.015316460281610489,nan,nan,2.823260545730591,276.6961975097656,-0.3004261255264282,-0.8640555739402771,0.07622575759887695,1.0,1.0,12.1620512008667,nan
15.62492561340332,-0.17663925886154175,-0.9847185611724854,-0.0007736027473583817,0.0014289518585428596,nan,nan,2.962000608444214,276.7124328613281,-0.22362911701202393,-0.8938305377960205,0.026743412017822266,1.0,1.0,12.1620512008667,nan
15.625425338745117,-0.04150523617863655,-1.0014371871948242,-0.005607586354017258,-0.012525558471679688,nan,nan,3.1004793643951416,276.717529296875,-0.13038277626037598,-0.9432669878005981,-0.004057884216308594,1.0,1.0,12.1620512008667,nan
15.625925064086914,0.1013505756855011,-0.9980933666229248,-0.0023849308490753174,-0.014386159367859364,nan,nan,-3.043736696243286,276.7433166503906,0.03219124674797058,-0.9417835474014282,0.0286407470703125,1.0,1.0,12.1620512008667,nan
15.626424789428711,0.2364843487739563,-0.9746874570846558,0.026618974283337593,-0.014386159367859364,nan,nan,-2.9050910472869873,276.7548522949219,0.15196818113327026,-0.9305684566497803,0.017662763595581055,1.0,1.0,12.1620512008667,nan
15.626924514770508,0.3658269941806793,-0.9245323538780212,-0.0023849308490753174,-0.01810736209154129,nan,nan,-2.767160654067993,276.7359924316406,0.21565040946006775,-0.8778316974639893,-0.04150700569152832,1.0,1.0,12.1620512008667,nan
15.627425193786621,0.4970996379852295,-0.8710331320762634,0.04595491290092468,-0.014386158436536789,nan,nan,-2.628416061401367,276.7520446777344,0.4356999397277832,-0.8353449106216431,0.06004929542541504,1.0,1.0,12.1620512008667,nan
15.627924919128418,0.6119633316993713,-0.795799970626831,0.004060381092131138,-0.01810736209154129,nan,nan,-2.490189790725708,276.745849609375,0.5001085996627808,-0.7884106040000916,0.0061092376708984375,1.0,1.0,12.1620512008667,nan
15.628424644470215,0.7123486399650574,-0.7021764516830444,0.0395096018910408,-0.010664956644177437,nan,nan,-2.3511552810668945,276.77362060546875,0.6064324975013733,-0.7143234610557556,0.0056955814361572266,1.0,1.0,12.1620512008667,nan
15.628925323486328,0.8059768676757812,-0.6001937985420227,-0.008830242790281773,-0.010664956644177437,nan,nan,-2.2127389907836914,276.77490234375,0.6928438544273376,-0.6194813251495361,0.004627704620361328,1.0,1.0,12.1620512008667,nan
15.629425048828125,0.8812662959098816,-0.48316410183906555,-0.0007736027473583817,-0.002292250981554389,nan,nan,-2.0745646953582764,276.76580810546875,0.7664752006530762,-0.5219525098800659,-0.0018680095672607422,1.0,1.0,12.1620512008667,nan
15.629923820495605,0.9333892464637756,-0.35275986790657043,0.004060381557792425,0.0004986511776223779,nan,nan,-1.9360367059707642,276.7718200683594,0.8056739568710327,-0.4139047861099243,-0.017190217971801758,1.0,1.0,12.1620512008667,nan
15.630423545837402,0.9826166033744812,-0.22737129032611847,0.010505693964660168,-0.0013619504170492291,nan,nan,-1.7977622747421265,276.76715087890625,0.915554940700531,-0.29413342475891113,0.008370161056518555,1.0,1.0,12.1620512008667,nan
15.630924224853516,0.9913039803504944,-0.08526434004306793,0.013728350400924683,0.000498651061207056,nan,nan,-1.6600456237792969,276.73895263671875,0.8549255132675171,-0.20106126368045807,-0.049733638763427734,1.0,1.0,12.1620512008667,nan
15.631423950195312,0.9990256428718567,0.05182716250419617,0.0395096018910408,0.0004986515850760043,nan,nan,-1.5217337608337402,276.736572265625,0.9163600206375122,-0.04841982200741768,-0.009686708450317383,1.0,1.0,12.1620512008667,nan
15.63192367553711,0.977790355682373,0.18891887366771698,0.05723420903086662,-0.004152852110564709,nan,nan,-1.3836530447006226,276.72442626953125,0.9018176198005676,0.06439655274152756,-0.02375340461730957,1.0,1.0,12.1620512008667,nan
15.632424354553223,0.9449722766876221,0.3260103464126587,0.05240022391080856,0.004219853784888983,nan,nan,-1.2456732988357544,276.7082824707031,0.8884019255638123,0.20595258474349976,-0.005147695541381836,1.0,1.0,12.1620512008667,nan
15.63292407989502,0.8841618895530701,0.45139914751052856,0.025007646530866623,0.007010755594819784,nan,nan,-1.1069929599761963,276.7221374511719,0.7903639674186707,0.3248201310634613,0.018407583236694336,1.0,1.0,12.1620512008667,nan
15.633423805236816,0.8175601959228516,0.573444128036499,0.020173663273453712,0.002359252655878663,nan,nan,-0.9674232006072998,276.77288818359375,0.7835212349891663,0.4700295329093933,0.029309749603271484,1.0,1.0,12.1620512008667,nan
15.633922576904297,0.7326186299324036,0.6804422736167908,0.04917756840586662,0.01538346242159605,nan,nan,-0.8288938999176025,276.77886962890625,0.7288590669631958,0.5710543394088745,0.014973640441894531,1.0,1.0,12.1620512008667,nan
15.63442325592041,0.6254767179489136,0.772394061088562,0.007283037528395653,0.0135228605940938,nan,nan,-0.6893699169158936,276.82659912109375,0.6076527237892151,0.6466484069824219,0.027402639389038086,1.0,1.0,12.1620512008667,nan
15.634922981262207,0.5193001627922058,0.8626738786697388,-0.008830242790281773,0.00421985425055027,nan,nan,-0.549793004989624,276.8757019042969,0.5115773677825928,0.7927200198173523,0.06924009323120117,1.0,1.0,12.1620512008667,nan
15.635422706604004,0.39671453833580017,0.9145010709762573,0.03306428715586662,0.011662259697914124,nan,nan,-0.410398006439209,276.91552734375,0.5152714848518372,0.8106367588043213,-0.06381535530090332,1.0,1.0,12.1620512008667,nan
15.635923385620117,0.2615806460380554,0.9646565318107605,0.0008377246558666229,0.020965266972780228,nan,nan,-0.2702908515930176,276.98480224609375,0.32753658294677734,0.8738416433334351,0.0039806365966796875,1.0,1.0,12.1620512008667,nan
15.636423110961914,0.12258574366569519,0.9914060831069946,0.023396318778395653,0.020965266972780228,nan,nan,-0.1320180892944336,276.9755859375,0.2169884294271469,0.9018303751945496,-0.011865854263305664,1.0,1.0,12.1620512008667,nan
15.636922836303711,-0.012548153288662434,0.994749903678894,-0.015275554731488228,0.019104663282632828,nan,nan,0.008034706115722656,277.0411682128906,0.100797139108181,0.924897313117981,-0.024382352828979492,1.0,1.0,12.1620512008667,nan
15.637422561645508,-0.15540383756160736,0.9914060831069946,-0.0007736030966043472,0.02375616692006588,nan,nan,0.1462247371673584,277.02740478515625,-0.06978115439414978,0.9448238611221313,0.019884347915649414,1.0,1.0,12.1620512008667,nan
15.637923240661621,-0.29246842861175537,0.9613127112388611,-0.010441571474075317,0.008871356956660748,nan,nan,0.2851402759552002,277.0444641113281,-0.22673936188220978,0.9166164994239807,0.04987525939941406,1.0,1.0,12.1620512008667,nan
15.638422012329102,-0.4218108654022217,0.9078137874603271,-0.021720867604017258,0.019104665145277977,nan,nan,0.42449021339416504,277.07940673828125,-0.3285749554634094,0.8728813529014587,0.02796769142150879,1.0,1.0,12.1620512008667,nan
15.638921737670898,-0.5559794306755066,0.8459552526473999,0.0008377255871891975,0.015383461490273476,nan,nan,0.5633175373077393,277.0917663574219,-0.5011063814163208,0.7795708775520325,0.1007239818572998,1.0,1.0,12.1620512008667,nan
15.639422416687012,-0.6534689664840698,0.7573472857475281,-0.024943523108959198,0.011662259697914124,nan,nan,0.7026350498199463,277.1240539550781,-0.5367875695228577,0.7647593021392822,0.001710653305053711,1.0,1.0,12.1620512008667,nan
15.639922142028809,-0.7606108784675598,0.6653954982757568,-0.013664227910339832,0.02375616878271103,nan,nan,0.8418841361999512,277.1531677246094,-0.6925700306892395,0.6930134892463684,0.03568840026855469,1.0,1.0,12.1620512008667,nan
15.640421867370605,-0.8426564335823059,0.55003821849823,-0.03461149334907532,0.011662259697914124,nan,nan,0.9808609485626221,277.1700439453125,-0.7807749509811401,0.5650833249092102,0.056034088134765625,1.0,1.0,12.1620512008667,nan
15.640921592712402,-0.9034667611122131,0.4246494770050049,-0.04427945986390114,0.0135228605940938,nan,nan,1.1195118427276611,277.1726379394531,-0.7733413577079773,0.4797799289226532,-0.011696338653564453,1.0,1.0,12.1620512008667,nan
15.641422271728516,-0.9575203061103821,0.29758885502815247,0.015339678153395653,0.021895568817853928,nan,nan,1.2577784061431885,277.1591796875,-0.8319952487945557,0.35856205224990845,-0.0015549659729003906,1.0,1.0,12.1620512008667,nan
15.641921997070312,-0.9884079098701477,0.16384099423885345,-0.021720867604017258,0.004219854716211557,nan,nan,1.3967621326446533,277.1760559082031,-0.8865283727645874,0.24274463951587677,-0.0008807182312011719,1.0,1.0,12.1620512008667,nan
15.642420768737793,-1.00192129611969,0.026749489828944206,0.0008377255871891975,0.007941056974232197,nan,nan,1.5349485874176025,277.15911865234375,-0.9154249429702759,0.12012743204832077,-0.0022945404052734375,1.0,1.0,12.1620512008667,nan
15.64292049407959,-0.9951646327972412,-0.112014040350914,-0.023332197219133377,0.003289553103968501,nan,nan,1.6734802722930908,277.156982421875,-0.9256659150123596,-0.002735667396336794,-0.007412910461425781,1.0,1.0,12.1620512008667,nan
15.643421173095703,-0.9652420878410339,-0.25077715516090393,-0.023332197219133377,-0.0004316499689593911,nan,nan,1.8118698596954346,277.1490783691406,-0.8586564064025879,-0.14141295850276947,0.014556884765625,1.0,1.0,12.1620512008667,nan
15.6439208984375,-0.9208412766456604,-0.38118135929107666,-0.03138883784413338,-0.012525559403002262,nan,nan,1.9508898258209229,277.167724609375,-0.8667476773262024,-0.2651495635509491,0.009167671203613281,1.0,1.0,12.1620512008667,nan
15.644420623779297,-0.8609958291053772,-0.5048981308937073,-0.016886882483959198,-0.011595256626605988,nan,nan,2.0890305042266846,277.1492919921875,-0.7846972942352295,-0.3814302980899811,0.026676177978515625,1.0,1.0,12.1620512008667,nan
15.64492130279541,-0.7857072949409485,-0.6152403354644775,-0.029777508229017258,-0.007874054834246635,nan,nan,2.2268145084381104,277.1160888671875,-0.7726761102676392,-0.4861513376235962,-0.0020952224731445312,1.0,1.0,12.1620512008667,nan
15.645421028137207,-0.6833915114402771,-0.7255821824073792,-0.018498212099075317,-0.01996796391904354,nan,nan,2.365591287612915,277.1254577636719,-0.6093369722366333,-0.5944088697433472,0.07083511352539062,1.0,1.0,12.1620512008667,nan
15.645920753479004,-0.5936239957809448,-0.8075028657913208,-0.023332197219133377,-0.02089826576411724,nan,nan,2.50423264503479,277.1287536621094,-0.6297604441642761,-0.7098101377487183,0.004002571105957031,1.0,1.0,12.1620512008667,nan
15.646419525146484,-0.46428143978118896,-0.8844079375267029,-0.03461149334907532,-0.02182856760919094,nan,nan,2.6436092853546143,277.1626892089844,-0.482831209897995,-0.7667819261550903,0.02848958969116211,1.0,1.0,12.1620512008667,nan
15.646920204162598,-0.34266114234924316,-0.9412506818771362,-0.012052899226546288,-0.02182856760919094,nan,nan,2.783668279647827,277.2248229980469,-0.3955894410610199,-0.8806144595146179,0.028206825256347656,1.0,1.0,12.1620512008667,nan
15.647419929504395,-0.20752714574337006,-0.9813751578330994,0.016951005905866623,-0.01996796391904354,nan,nan,2.9228756427764893,277.2497863769531,-0.2431265413761139,-0.8962458968162537,0.04639148712158203,1.0,1.0,12.1620512008667,nan
15.647919654846191,-0.0704629197716713,-0.994749903678894,0.007283037528395653,-0.02182856760919094,nan,nan,3.06201434135437,277.27130126953125,-0.16353945434093475,-0.9148762822151184,-0.004945278167724609,1.0,1.0,12.1620512008667,nan
15.648420333862305,0.0704626813530922,-1.0014371871948242,-0.005607586819678545,-0.003222551429644227,nan,nan,-3.082308769226074,277.28094482421875,0.008095607161521912,-0.9332639575004578,0.04195380210876465,1.0,1.0,12.1620512008667,nan
15.648920059204102,0.2055966854095459,-0.9746874570846558,0.02017366513609886,-0.027410369366407394,nan,nan,-2.9434173107147217,277.2912902832031,0.09882800281047821,-0.9169667959213257,0.001585245132446289,1.0,1.0,12.1620512008667,nan
15.649419784545898,0.34266090393066406,-0.9412506818771362,0.028230302035808563,-0.0004316499689593911,nan,nan,-2.8042006492614746,277.31561279296875,0.2915034294128418,-0.8915696144104004,0.0713050365447998,1.0,1.0,12.1620512008667,nan
15.649919509887695,0.4584899842739105,-0.8810640573501587,-0.0023849308490753174,-0.014386159367859364,nan,nan,-2.6665878295898438,277.271484375,0.2713164687156677,-0.8736902475357056,-0.0818636417388916,1.0,1.0,12.1620512008667,nan
15.650420188903809,0.5849366188049316,-0.8091744780540466,-0.0330001637339592,-0.009734655730426311,nan,nan,-2.528573751449585,277.2455139160156,0.4460716247558594,-0.7629479169845581,0.008462667465209961,1.0,1.0,12.1620512008667,nan
15.650918960571289,0.6882176399230957,-0.7172228097915649,0.007283038459718227,-0.01996796391904354,nan,nan,-2.389432191848755,277.26715087890625,0.5138519406318665,-0.6984702348709106,-0.025609970092773438,1.0,1.0,12.1620512008667,nan
15.651418685913086,0.7799157500267029,-0.6185837388038635,0.04273225739598274,-0.010664956644177437,nan,nan,-2.2502264976501465,277.29119873046875,0.671635627746582,-0.6553595662117004,-0.0013175010681152344,1.0,1.0,12.1620512008667,nan
15.6519193649292,0.858100414276123,-0.5032265186309814,0.010505693964660168,-0.010664956644177437,nan,nan,-2.110682725906372,277.3292236328125,0.7466821670532227,-0.5402927994728088,0.005930900573730469,1.0,1.0,12.1620512008667,nan
15.652419090270996,0.9285631775856018,-0.38118135929107666,0.0008377246558666229,-0.012525558471679688,nan,nan,-1.9709981679916382,277.3720703125,0.8633664846420288,-0.4260452687740326,0.03435397148132324,1.0,1.0,12.1620512008667,nan
15.652918815612793,0.9700684547424316,-0.2491053342819214,0.012117022648453712,-0.007874054834246635,nan,nan,-1.8318194150924683,277.3927001953125,0.8850666284561157,-0.3212467133998871,0.005293846130371094,1.0,1.0,12.1620512008667,nan
15.65341854095459,0.9932343363761902,-0.11535746604204178,0.021784991025924683,0.010731958784162998,nan,nan,-1.6934140920639038,277.38037109375,0.9108015298843384,-0.22200024127960205,-0.024142026901245117,1.0,1.0,12.1620512008667,nan
15.653919219970703,0.9951645731925964,0.02507767267525196,0.023396318778395653,0.004219853784888983,nan,nan,-1.5553089380264282,277.355712890625,0.8972284197807312,-0.09737695008516312,-0.031313180923461914,1.0,1.0,12.1620512008667,nan
15.6544189453125,0.9864773750305176,0.16718482971191406,0.05401155352592468,-0.002292250981554389,nan,nan,-1.4167050123214722,277.35272216796875,0.9148318767547607,0.06870844215154648,0.013340473175048828,1.0,1.0,12.1620512008667,nan
15.65491771697998,0.9555893540382385,0.2942454218864441,0.0040603820234537125,-0.005083153024315834,nan,nan,-1.2784364223480225,277.3353271484375,0.9099534153938293,0.1456880271434784,-0.04136943817138672,1.0,1.0,12.1620512008667,nan
15.655418395996094,0.9044320583343506,0.42297762632369995,0.039509598165750504,0.011662258766591549,nan,nan,-1.1401088237762451,277.3210754394531,0.9071140885353088,0.30452150106430054,-0.014464616775512695,1.0,1.0,12.1620512008667,nan
15.65591812133789,0.8387951850891113,0.5433507561683655,0.054011549800634384,0.018174361437559128,nan,nan,-1.0023448467254639,277.2832336425781,0.8618587851524353,0.4108409583568573,-0.03136634826660156,1.0,1.0,12.1620512008667,nan
15.656417846679688,0.7509583830833435,0.6553645730018616,0.0475662425160408,0.016313765197992325,nan,nan,-0.8636915683746338,277.2837219238281,0.7307033538818359,0.5148376822471619,-0.0009279251098632812,1.0,1.0,12.1620512008667,nan
15.656917572021484,0.662156343460083,0.7489880323410034,0.04112092778086662,0.005150155164301395,nan,nan,-0.7255198955535889,277.26373291015625,0.7420879006385803,0.6304760575294495,-0.048838138580322266,1.0,1.0,12.1620512008667,nan
15.657418251037598,0.5579097270965576,0.8292369246482849,0.021784991025924683,0.020034965127706528,nan,nan,-0.5865120887756348,277.27899169921875,0.7199456691741943,0.7405586838722229,-0.0927741527557373,1.0,1.0,12.1620512008667,nan
15.657917976379395,0.4256719648838043,0.9011264443397522,-0.0023849308490753174,0.02282586693763733,nan,nan,-0.4481480121612549,277.267333984375,0.4770438075065613,0.7705843448638916,-0.013848304748535156,1.0,1.0,12.1620512008667,nan
15.658417701721191,0.30405110120773315,0.9479382038116455,-0.013664226979017258,0.016313763335347176,nan,nan,-0.3095228672027588,277.2668151855469,0.42642611265182495,0.8526982665061951,-0.062073469161987305,1.0,1.0,12.1620512008667,nan
15.658918380737305,0.1689172238111496,0.9813751578330994,-0.008830243721604347,0.01538346242159605,nan,nan,-0.17064189910888672,277.2771301269531,0.2744045853614807,0.8871259689331055,-0.03711056709289551,1.0,1.0,12.1620512008667,nan
15.659417152404785,0.014478601515293121,1.0081244707107544,-0.021720867604017258,0.015383461490273476,nan,nan,-0.031169414520263672,277.3126525878906,-0.01634056307375431,0.9301189184188843,0.14172697067260742,1.0,1.0,12.1620512008667,nan
15.659916877746582,-0.11486370116472244,0.9914060831069946,0.0024490533396601677,0.016313763335347176,nan,nan,0.10916566848754883,277.3829650878906,-0.006348400842398405,0.9304627180099487,-0.009962797164916992,1.0,1.0,12.1620512008667,nan
15.660416603088379,-0.25192829966545105,0.9613127112388611,0.0008377265185117722,0.019104663282632828,nan,nan,0.24767374992370605,277.37530517578125,-0.1191822737455368,0.891165554523468,-0.0223996639251709,1.0,1.0,12.1620512008667,nan
15.660917282104492,-0.37934014201164246,0.921188473701477,-0.021720867604017258,0.015383461490273476,nan,nan,0.3859696388244629,277.3587646484375,-0.2538805603981018,0.8991084694862366,-0.018428564071655273,1.0,1.0,12.1620512008667,nan
15.661417007446289,-0.5057868957519531,0.8593300580978394,0.020173663273453712,0.01538346242159605,nan,nan,0.5235445499420166,277.3125,-0.3590095639228821,0.8324427604675293,-0.02407550811767578,1.0,1.0,12.1620512008667,nan
15.661916732788086,-0.623546302318573,0.7891122698783875,-0.010441571474075317,0.016313763335347176,nan,nan,0.6623656749725342,277.31939697265625,-0.5355497002601624,0.7970049381256104,0.021779298782348633,1.0,1.0,12.1620512008667,nan
15.6624174118042,-0.718140184879303,0.6921451687812805,-0.021720867604017258,0.0135228605940938,nan,nan,0.8007571697235107,277.3080749511719,-0.6085633635520935,0.7223849892616272,-0.00830841064453125,1.0,1.0,12.1620512008667,nan
15.662917137145996,-0.8156296610832214,0.590162456035614,-0.03783414885401726,0.0135228605940938,nan,nan,0.940051794052124,277.335205078125,-0.7738633751869202,0.6271106004714966,0.04229879379272461,1.0,1.0,12.1620512008667,nan
15.663415908813477,-0.8841618895530701,0.4647734761238098,0.018562335520982742,0.005150155164301395,nan,nan,1.0790050029754639,277.3471374511719,-0.7371038198471069,0.5083744525909424,-0.019655227661132812,1.0,1.0,12.1620512008667,nan
