time_s,v_alpha_v,v_beta_v,i_alpha_a,i_beta_a,encoder_angle_rad,encoder_speed_rad_s,pll_angle_rad,pll_speed_rad_s,emf_alpha_v,emf_beta_v,phase_error_rad,locked,active,bus_voltage_v,angle_error_rad
18.92923927307129,0.9042374491691589,0.42621898651123047,0.019601870328187943,0.003050505416467786,5.0820746421813965,289.9223937988281,-1.1218481063842773,278.6484069824219,0.8518447875976562,0.27332520484924316,-0.04581141471862793,1.0,1.0,12.303882598876953,0.07926273345947266
18.92974090576172,0.8476008772850037,0.544613242149353,0.005099916830658913,0.015144414268434048,5.212676525115967,279.4639587402344,-0.9836750030517578,278.60003662109375,0.8697761297225952,0.42125532031059265,-0.04344606399536133,1.0,1.0,12.303882598876953,0.08683395385742188
18.930238723754883,0.7567863464355469,0.6680814623832703,0.03410382196307182,-0.0071828025393188,5.352128505706787,279.4639587402344,-0.845139741897583,278.56817626953125,0.7031893134117126,0.5687205791473389,0.04742574691772461,1.0,1.0,12.303882598876953,0.08591699600219727
18.93073844909668,0.6542537212371826,0.757722795009613,0.014767885208129883,0.013283812440931797,5.4472479820251465,246.97091674804688,-0.7055304050445557,278.5816345214844,0.6349616050720215,0.6157164573669434,-0.002443552017211914,1.0,1.0,12.303882598876953,0.13040685653686523
18.931238174438477,0.551721453666687,0.8405986428260803,-0.002956724725663662,0.014214114286005497,5.5707316398620605,246.97091674804688,-0.5672807693481445,278.5379638671875,0.5821514129638672,0.7253673672676086,-0.016281604766845703,1.0,1.0,12.303882598876953,0.1451730728149414
18.931737899780273,0.4247770607471466,0.9150176644325256,0.0002659326419234276,0.014214114286005497,5.753188610076904,289.9223937988281,-0.42864108085632324,278.5118103027344,0.4249090552330017,0.826769232749939,0.04689836502075195,1.0,1.0,12.303882598876953,0.10135602951049805
18.93223762512207,0.2958791255950928,0.9589928984642029,0.006711244583129883,0.025377722457051277,5.898152828216553,289.9223937988281,-0.28963208198547363,278.5016174316406,0.32193130254745483,0.8539825081825256,0.022016048431396484,1.0,1.0,12.303882598876953,0.09540033340454102
18.932737350463867,0.15331032872200012,0.9995852112770081,0.016379211097955704,0.025377722457051277,6.02875280380249,279.4639587402344,-0.15002012252807617,278.5169677734375,0.16827569901943207,0.9180302023887634,0.061789751052856445,1.0,1.0,12.303882598876953,0.10441255569458008
18.933237075805664,0.016600651666522026,1.0063505172729492,0.003488588146865368,0.019795916974544525,6.168485164642334,279.4639587402344,-0.009015560150146484,278.59002685546875,0.10335355997085571,0.9393556714057922,-0.0077784061431884766,1.0,1.0,12.303882598876953,0.10568475723266602
18.933738708496094,-0.12206222862005234,0.9995852112770081,-0.014236020855605602,0.022586818784475327,0.024648666381835938,279.18450927734375,0.12933993339538574,278.5505676269531,-0.020862331613898277,0.9411027431488037,-0.014425516128540039,1.0,1.0,12.303882598876953,0.1046912670135498
18.93423843383789,-0.2587721645832062,0.9725233912467957,-0.011013364419341087,0.018865615129470825,0.16424179077148438,279.18450927734375,0.2690303325653076,278.56805419921875,-0.14340204000473022,0.9224209189414978,-0.022078275680541992,1.0,1.0,12.303882598876953,0.10478854179382324
18.934736251831055,-0.39743492007255554,0.93193119764328,-0.027126645669341087,0.015144414268434048,0.29268836975097656,271.27239990234375,0.4082772731781006,278.5667724609375,-0.3482736349105835,0.9012333750724792,0.053525686264038086,1.0,1.0,12.303882598876953,0.11558890342712402
18.93523597717285,-0.519497275352478,0.8625863194465637,-0.04485125467181206,0.023517120629549026,0.42832374572753906,271.27239990234375,0.5479528903961182,278.5837097167969,-0.4529489278793335,0.8257913589477539,0.04675722122192383,1.0,1.0,12.303882598876953,0.1196291446685791
18.93573570251465,-0.6425359845161438,0.7847842574119568,-0.020681334659457207,0.007702008355408907,0.5417499542236328,255.66348266601562,0.6864984035491943,278.5522766113281,-0.5585277080535889,0.7483384013175964,0.04767751693725586,1.0,1.0,12.303882598876953,0.14474844932556152
18.936235427856445,-0.7304208874702454,0.6866863369941711,-0.023903990164399147,0.00956260971724987,0.6695804595947266,255.66348266601562,0.824462890625,278.4971008300781,-0.6016442775726318,0.7178102731704712,-0.03422975540161133,1.0,1.0,12.303882598876953,0.15488243103027344
18.936735153198242,-0.8261176943778992,0.5885879993438721,-0.009402036666870117,0.014214114286005497,0.8444499969482422,289.9223937988281,0.9621050357818604,278.4295349121094,-0.7449429631233215,0.6352853178977966,-0.004673957824707031,1.0,1.0,12.303882598876953,0.11765503883361816
18.937236785888672,-0.8954493403434753,0.4617372155189514,-0.023903990164399147,0.00956260971724987,0.9894142150878906,289.9223937988281,1.1015698909759521,278.440185546875,-0.7910288572311401,0.4846207797527313,0.012385845184326172,1.0,1.0,12.303882598876953,0.11215567588806152
18.93773651123047,-0.9579453468322754,0.339960515499115,-0.019070005044341087,-0.004391900729387999,1.1196308135986328,279.18450927734375,1.240199327468872,278.415283203125,-0.8883005380630493,0.3961396813392639,0.0038962364196777344,1.0,1.0,12.303882598876953,0.12056851387023926
18.938236236572266,-0.9901697635650635,0.20296141505241394,-0.019070005044341087,0.0011899039382115006,1.2592239379882812,279.18450927734375,1.3781111240386963,278.36090087890625,-0.8929662108421326,0.28751200437545776,-0.026169300079345703,1.0,1.0,12.303882598876953,0.11888718605041504
18.938735961914062,-1.0067700147628784,0.06596270203590393,-0.023903988301753998,-0.005322200711816549,1.3546791076660156,247.21812438964844,1.5160744190216064,278.3098449707031,-0.9221609234809875,0.16365346312522888,-0.0283050537109375,1.0,1.0,12.303882598876953,0.16139531135559082
18.93923568725586,-1.0048168897628784,-0.0761105865240097,-0.031960628926754,-0.009973703883588314,1.4782905578613281,247.21812438964844,1.6537773609161377,278.2487487792969,-0.9282028675079346,0.036574721336364746,-0.02977895736694336,1.0,1.0,12.303882598876953,0.17548680305480957
18.939735412597656,-0.9872402548789978,-0.20803555846214294,-0.002956724027171731,-0.0006706977146677673,1.6457843780517578,279.18450927734375,1.7911856174468994,278.1766357421875,-0.9268359541893005,-0.07504182308912277,-0.04711103439331055,1.0,1.0,12.303882598876953,0.1454012393951416
18.940235137939453,-0.9491565823554993,-0.3416520655155182,-0.019070005044341087,-0.01183430664241314,1.7853775024414062,279.18450927734375,1.9291999340057373,278.131591796875,-0.9168481826782227,-0.23228980600833893,-0.017670631408691406,1.0,1.0,12.303882598876953,0.14382243156433105
18.940736770629883,-0.9003316760063171,-0.4668113589286804,-0.03357195854187012,-0.010904005728662014,1.9397125244140625,289.9223937988281,2.0670816898345947,278.0818786621094,-0.9249931573867798,-0.36618345975875854,-0.02679586410522461,1.0,1.0,12.303882598876953,0.12736916542053223
18.94123649597168,-0.8192822933197021,-0.5868967175483704,-0.004568052478134632,-0.01648581027984619,2.084676742553711,289.9223937988281,2.204378843307495,278.0086669921875,-0.8261697292327881,-0.46364036202430725,-0.029680728912353516,1.0,1.0,12.303882598876953,0.11970210075378418
18.941736221313477,-0.7382330298423767,-0.7002168893814087,-0.020681334659457207,-0.012764607556164265,2.214893341064453,279.18450927734375,2.342353105545044,277.96551513671875,-0.7438751459121704,-0.6194373965263367,0.015498161315917969,1.0,1.0,12.303882598876953,0.12745976448059082
18.942235946655273,-0.6249590516090393,-0.7949320673942566,-0.017458677291870117,-0.010904005728662014,2.3544845581054688,279.18450927734375,2.4804270267486572,277.9273986816406,-0.6061278581619263,-0.6539154052734375,0.0063037872314453125,1.0,1.0,12.303882598876953,0.12594246864318848
18.94273567199707,-0.5107086896896362,-0.8710429072380066,-0.04323992878198624,-0.01648581027984619,2.4351940155029297,236.4695281982422,2.618708372116089,277.8986511230469,-0.5381603240966797,-0.7444974780082703,-0.010463714599609375,1.0,1.0,12.303882598876953,0.18351435661315918
18.943235397338867,-0.38767001032829285,-0.9353139996528625,-0.0013453960418701172,-0.022067612037062645,2.5534305572509766,236.4695281982422,2.7573306560516357,277.8849182128906,-0.411536306142807,-0.8224244117736816,0.012942314147949219,1.0,1.0,12.303882598876953,0.20390009880065918
18.943735122680664,-0.2587720453739166,-0.9792888760566711,-0.03034929931163788,-0.020207012072205544,2.7306957244873047,279.4639587402344,2.8953840732574463,277.84722900390625,-0.3601740300655365,-0.8919150233268738,-0.04519987106323242,1.0,1.0,12.303882598876953,0.1646883487701416
18.944236755371094,-0.11815618723630905,-1.0063505172729492,0.06955303996801376,-0.06486144661903381,2.8704261779785156,279.4639587402344,3.0348875522613525,277.87188720703125,-0.1310417801141739,-0.9419549703598022,0.06131601333618164,1.0,1.0,12.303882598876953,0.16446137428283691
18.94473648071289,0.020506450906395912,-1.0131157636642456,0.014767883345484734,-0.033231221139431,3.024129867553711,289.6327819824219,-3.1112239360809326,277.7935485839844,-0.07119029760360718,-0.9470707774162292,-0.012892007827758789,1.0,1.0,12.303882598876953,0.14783143997192383
18.945236206054688,0.15916956961154938,-1.0029675960540771,-0.011013364419341087,-0.023928213864564896,3.168947219848633,289.6327819824219,-2.9730358123779297,277.7640380859375,0.08645014464855194,-0.9585299491882324,0.013997316360473633,1.0,1.0,12.303882598876953,0.14120244979858398
18.945735931396484,0.2919730842113495,-0.9691409468650818,0.006711244583129883,-0.0025312991347163916,3.299802780151367,279.4639587402344,-2.8338379859924316,277.7771911621094,0.18429355323314667,-0.9422041773796082,-0.02213454246520996,1.0,1.0,12.303882598876953,0.14954471588134766
18.94623565673828,0.4306361973285675,-0.921782910823822,0.00026593171060085297,-0.017416110262274742,3.439533233642578,279.4639587402344,-2.6957340240478516,277.7442626953125,0.3378507196903229,-0.8885466456413269,0.01007223129272461,1.0,1.0,12.303882598876953,0.1479182243347168
18.946733474731445,0.5546510219573975,-0.8558204174041748,0.014767883345484734,-0.027649415656924248,3.5491161346435547,257.7087707519531,-2.5571560859680176,277.7317810058594,0.46054404973983765,-0.8466992378234863,0.0062978267669677734,1.0,1.0,12.303882598876953,0.17691326141357422
18.947233200073242,0.6610894799232483,-0.7661795020103455,0.008322573266923428,-0.018346410244703293,3.6779708862304688,257.7087707519531,-2.4187333583831787,277.713134765625,0.5332937240600586,-0.7727327346801758,-0.026360034942626953,1.0,1.0,12.303882598876953,0.18648099899291992
18.947734832763672,0.7685044407844543,-0.6680814623832703,0.03893780708312988,-0.019276710227131844,3.8363113403320312,279.18450927734375,-2.279844284057617,277.714599609375,0.6900756359100342,-0.6701510548591614,0.03095841407775879,1.0,1.0,12.303882598876953,0.16702985763549805
18.94823455810547,0.8505305647850037,-0.5598350763320923,0.003488588146865368,-0.009973705746233463,3.9759044647216797,279.18450927734375,-2.141864538192749,277.6778564453125,0.7736604809761047,-0.5889561772346497,0.012974262237548828,1.0,1.0,12.303882598876953,0.16541624069213867
18.948734283447266,0.9179084897041321,-0.43636712431907654,0.005099916364997625,0.00025960284983739257,4.130239486694336,289.9223937988281,-2.0030555725097656,277.67657470703125,0.8194319009780884,-0.4834825396537781,-0.008306264877319336,1.0,1.0,12.303882598876953,0.14989042282104492
18.949234008789062,0.9813809394836426,-0.3061336576938629,0.024435851722955704,-0.0071828025393188,4.275197982788086,289.9223937988281,-1.864506483078003,277.6646728515625,0.9681828618049622,-0.33622750639915466,0.05219721794128418,1.0,1.0,12.303882598876953,0.14348077774047852
18.94973373413086,1.0018876791000366,-0.1691344976425171,-0.002956724027171731,-0.004391900729387999,4.361188888549805,246.97091674804688,-1.7263941764831543,277.63409423828125,0.8989761471748352,-0.2757453918457031,-0.04972672462463379,1.0,1.0,12.303882598876953,0.1956024169921875
18.950233459472656,1.0165349245071411,-0.02875296212732792,0.030881166458129883,-0.001600997638888657,4.484674453735352,246.97091674804688,-1.5879037380218506,277.6204528808594,0.9608073830604553,-0.11218643188476562,-0.00665593147277832,1.0,1.0,12.303882598876953,0.21060705184936523
18.950733184814453,1.0096995830535889,0.11501163244247437,0.032492492347955704,0.006771706975996494,4.652772903442383,279.4639587402344,-1.4486987590789795,277.6368408203125,0.949407696723938,0.023320499807596207,-0.0050542354583740234,1.0,1.0,12.303882598876953,0.18171358108520508
18.951231002807617,0.9745458960533142,0.2503190338611603,0.027658510953187943,0.026308024302124977,4.792226791381836,279.4639587402344,-1.3104974031448364,277.6107482910156,0.9157236218452454,0.11391963809728622,-0.04421830177307129,1.0,1.0,12.303882598876953,0.18046140670776367
18.951732635498047,0.9403683543205261,0.3839353322982788,0.016379212960600853,0.008632308803498745,4.946317672729492,289.9223937988281,-1.1722646951675415,277.5868225097656,0.9004307985305786,0.2715296149253845,-0.013214349746704102,1.0,1.0,12.303882598876953,0.16460323333740234
18.952232360839844,0.8690836429595947,0.5209344625473022,0.08727765083312988,-0.0378827229142189,5.091276168823242,289.9223937988281,-1.0335667133331299,277.5829162597656,0.8294504284858704,0.39651617407798767,0.0011954307556152344,1.0,1.0,12.303882598876953,0.15834283828735352
18.95273208618164,0.7890110611915588,0.6325632333755493,0.016379214823246002,0.017935317009687424,5.236240386962891,289.9223937988281,-0.893641471862793,277.6302490234375,0.7513643503189087,0.5069953203201294,0.008975982666015625,1.0,1.0,12.303882598876953,0.1533036231994629
18.953231811523438,0.6972203254699707,0.7306608557701111,-0.019070005044341087,0.03840193152427673,5.381200790405273,289.9223937988281,-0.7547435760498047,277.6337585449219,0.6914406418800354,0.6086621880531311,-0.0017414093017578125,1.0,1.0,12.303882598876953,0.14724111557006836
18.953731536865234,0.5849226713180542,0.8236852288246155,0.024435855448246002,0.024447420611977577,5.481931686401367,257.7087707519531,-0.6162645816802979,277.61981201171875,0.5773877501487732,0.6959418058395386,0.01627326011657715,1.0,1.0,12.303882598876953,0.18498945236206055
18.95423126220703,0.46969592571258545,0.8981041312217712,0.014767885208129883,0.009562610648572445,5.610786437988281,257.7087707519531,-0.47681713104248047,277.6467590332031,0.487554132938385,0.796783447265625,0.020285844802856445,1.0,1.0,12.303882598876953,0.19558191299438477
18.95473289489746,0.32712697982788086,0.9589928984642029,0.032492492347955704,0.023517118766903877,5.769128799438477,279.18450927734375,-0.33736562728881836,277.6732482910156,0.32137176394462585,0.8392569422721863,0.0644540786743164,1.0,1.0,12.303882598876953,0.17669105529785156
18.955232620239258,0.2040882706642151,0.98943692445755,0.0018772603943943977,0.015144413337111473,5.908720016479492,279.18450927734375,-0.19717669486999512,277.7296142578125,0.3103085160255432,0.914844274520874,-0.03745746612548828,1.0,1.0,12.303882598876953,0.17728853225708008
18.955732345581055,0.057613555341959,1.0131157636642456,0.029269836843013763,0.025377722457051277,6.063161849975586,290.21258544921875,-0.05892062187194824,277.70416259765625,0.13160459697246552,0.9435017704963684,0.012912273406982422,1.0,1.0,12.303882598876953,0.1611027717590332
18.95623207092285,-0.08104920387268066,1.009732961654663,0.0018772594630718231,0.020726218819618225,6.208269119262695,290.21258544921875,0.08050680160522461,277.72796630859375,0.014413825236260891,0.9506765604019165,-0.003143787384033203,1.0,1.0,12.303882598876953,0.15542316436767578
18.95673179626465,-0.21775925159454346,0.98943692445755,-0.0029567237943410873,0.016074715182185173,0.08494806289672852,300.96124267578125,0.2187502384185791,277.7016906738281,-0.11780056357383728,0.9443457126617432,-0.0021293163299560547,1.0,1.0,12.303882598876953,0.13380217552185059
18.957231521606445,-0.35251596570014954,0.9488445520401001,-0.00617938069626689,0.012353511527180672,0.2354283332824707,300.96124267578125,0.35803937911987305,277.7203063964844,-0.2525497078895569,0.9062299132347107,0.006306886672973633,1.0,1.0,12.303882598876953,0.12261104583740234
18.957731246948242,-0.48336663842201233,0.8913388848304749,0.014767885208129883,0.007702008355408907,0.3295865058898926,259.9693603515625,0.4975912570953369,277.7494812011719,-0.3709782063961029,0.8619620203971863,0.0013840198516845703,1.0,1.0,12.303882598876953,0.16800475120544434
18.958232879638672,-0.6103116273880005,0.8203021883964539,-0.009402036666870117,0.012353511527180672,0.45957040786743164,259.9693603515625,0.6366946697235107,277.7592468261719,-0.540093719959259,0.7929366230964661,0.05402803421020508,1.0,1.0,12.303882598876953,0.1771242618560791
18.95873260498047,-0.7177264094352722,0.7289695739746094,-0.011013364419341087,0.026308024302124977,0.5976262092590332,265.6369934082031,0.7765796184539795,277.8015441894531,-0.659157931804657,0.7438265681266785,0.04127669334411621,1.0,1.0,12.303882598876953,0.1789534091949463
18.959232330322266,-0.8085408806800842,0.6122670769691467,0.00026593171060085297,0.023517118766903877,0.7304444313049316,265.6369934082031,0.9166781902313232,277.8516845703125,-0.6856227517127991,0.6344754099845886,2.3365020751953125e-05,1.0,1.0,12.303882598876953,0.1862337589263916
18.959732055664062,-0.8993549942970276,0.5090948343276978,0.022824525833129883,0.0011899039382115006,0.8967137336730957,290.21258544921875,1.0570218563079834,277.9111328125,-0.8340268135070801,0.5581952333450317,0.016633987426757812,1.0,1.0,12.303882598876953,0.1603081226348877
18.96023178100586,-0.9530625343322754,0.3687130808830261,-0.00617938069626689,0.012353511527180672,1.041821002960205,290.21258544921875,1.1965506076812744,277.9351806640625,-0.8469367027282715,0.40935951471328735,0.016689300537109375,1.0,1.0,12.303882598876953,0.15472960472106934
18.960731506347656,-1.001887559890747,0.23678810894489288,-0.009402036666870117,0.010492910631000996,1.2012734413146973,300.6602478027344,1.336043119430542,277.9572448730469,-0.9764999151229858,0.307252436876297,0.02262115478515625,1.0,1.0,12.303882598876953,0.13476967811584473
18.961231231689453,-1.0155584812164307,0.0980982854962349,-0.03679461404681206,-0.0034615995828062296,1.3516030311584473,300.6602478027344,1.4740393161773682,277.91583251953125,-0.954461932182312,0.2077661156654358,-0.02508401870727539,1.0,1.0,12.303882598876953,0.1224362850189209
18.961732864379883,-1.025323748588562,-0.04735761880874634,-0.04646258428692818,0.013283812440931797,1.428215503692627,246.97091674804688,1.6126344203948975,277.90081787109375,-0.9905839562416077,0.029308054596185684,0.021266937255859375,1.0,1.0,12.303882598876953,0.1844189167022705
18.96223258972168,-1.007746696472168,-0.18604785203933716,-0.03679461404681206,0.005841406527906656,1.5517029762268066,246.97091674804688,1.750791311264038,277.8671875,-0.977023720741272,-0.058141257613897324,-0.028090953826904297,1.0,1.0,12.303882598876953,0.19908833503723145
18.962732315063477,-0.9833340644836426,-0.3162813186645508,0.014767885208129883,-0.0034615995828062296,1.7345585823059082,290.21258544921875,1.888550043106079,277.81768798828125,-1.0217703580856323,-0.2129177451133728,-0.01982879638671875,1.0,1.0,12.303882598876953,0.1539914608001709
18.963232040405273,-0.9218146800994873,-0.4566630721092224,-0.027126643806695938,-0.007182801607996225,1.8796658515930176,290.21258544921875,2.0273449420928955,277.81292724609375,-0.8981095552444458,-0.3437861502170563,0.0016045570373535156,1.0,1.0,12.303882598876953,0.14767909049987793
18.963729858398438,-0.8388124108314514,-0.580131471157074,-0.03034929931163788,-0.020207012072205544,2.009338855743408,279.18450927734375,2.1662395000457764,277.8125,-0.7644664645195007,-0.4189288020133972,-0.0015773773193359375,1.0,1.0,12.303882598876953,0.15690064430236816
18.964229583740234,-0.7606923580169678,-0.6883774399757385,-0.04162859544157982,-0.01369490660727024,2.1489319801330566,279.18450927734375,2.304903268814087,277.8024597167969,-0.7831838130950928,-0.5600103735923767,-0.02088165283203125,1.0,1.0,12.303882598876953,0.15597128868103027
18.96472930908203,-0.6601130962371826,-0.7881668210029602,-0.025515317916870117,-0.009973705746233463,2.3180108070373535,300.6602478027344,2.4437925815582275,277.802001953125,-0.6880945563316345,-0.6835087537765503,0.0016264915466308594,1.0,1.0,12.303882598876953,0.12578177452087402
18.965229034423828,-0.5400037169456482,-0.8744257688522339,0.009933901019394398,-0.004391900729387999,2.4683403968811035,300.6602478027344,2.58337140083313,277.8306579589844,-0.5279374122619629,-0.7535009384155273,0.039798736572265625,1.0,1.0,12.303882598876953,0.11503100395202637
18.965730667114258,-0.41501179337501526,-0.9386964440345764,-0.007790708914399147,-0.022067615762352943,2.5596985816955566,257.7087707519531,2.7227604389190674,277.8505859375,-0.46720489859580994,-0.8565880656242371,0.012136459350585938,1.0,1.0,12.303882598876953,0.16306185722351074
18.966230392456055,-0.2783021032810211,-0.98943692445755,-0.017458677291870117,-0.010904005728662014,2.6885533332824707,257.7087707519531,2.860964059829712,277.8201904296875,-0.3354041576385498,-0.8807565569877625,0.009377479553222656,1.0,1.0,12.303882598876953,0.1724107265472412
18.96673011779785,-0.12596851587295532,-1.019881010055542,0.0034885890781879425,-0.021137313917279243,2.8472771644592285,279.4639587402344,3.002268075942993,277.92095947265625,-0.0957619696855545,-0.8988640308380127,0.12631797790527344,1.0,1.0,12.303882598876953,0.15499091148376465
18.96722984313965,0.000976358016487211,-1.0232640504837036,-0.009402037598192692,-0.019276712089776993,2.987008571624756,279.4639587402344,-3.1412301063537598,277.9511413574219,-0.1290072798728943,-0.9607025384902954,-0.04141068458557129,1.0,1.0,12.303882598876953,0.15494680404663086
18.967727661132812,0.1454983651638031,-1.0164985656738281,0.024435853585600853,-0.01276460662484169,3.140821933746338,289.9223937988281,-3.0021376609802246,277.95611572265625,0.05147292837500572,-0.9674462676048279,0.006339073181152344,1.0,1.0,12.303882598876953,0.14022588729858398
18.96822738647461,0.2958792448043823,-0.9860541224479675,0.00026593171060085297,-0.021137313917279243,3.2857823371887207,289.9223937988281,-2.8612263202667236,278.03778076171875,0.24644090235233307,-0.9212052226066589,0.07398200035095215,1.0,1.0,12.303882598876953,0.13617658615112305
18.968727111816406,0.42282387614250183,-0.9353139996528625,0.027658510953187943,-0.018346410244703293,3.3717703819274902,246.97091674804688,-2.722320795059204,278.03277587890625,0.2930457890033722,-0.9012504816055298,-0.012313365936279297,1.0,1.0,12.303882598876953,0.18909406661987305
18.969228744506836,0.5468394160270691,-0.8625859022140503,0.032492496073246,-0.028579717501997948,3.4952569007873535,246.97091674804688,-2.582425594329834,278.06976318359375,0.42658260464668274,-0.8528231978416443,-0.002719879150390625,1.0,1.0,12.303882598876953,0.20550298690795898
18.969728469848633,0.6669487953186035,-0.783092737197876,-0.004568052478134632,-0.01648581027984619,3.67771577835083,289.9223937988281,-2.443664789199829,278.0582580566406,0.5387575626373291,-0.7772147059440613,0.0008633136749267578,1.0,1.0,12.303882598876953,0.1618046760559082
18.97022819519043,0.7665512561798096,-0.6782295107841492,0.0018772613257169724,-0.022067615762352943,3.8226752281188965,289.9223937988281,-2.303402900695801,278.1100158691406,0.6534191370010376,-0.6978592872619629,0.007026195526123047,1.0,1.0,12.303882598876953,0.15710735321044922
18.970727920532227,0.8612719178199768,-0.5682920813560486,0.021213196218013763,-0.018346410244703293,3.9676365852355957,289.9223937988281,-2.163147449493408,278.1604309082031,0.7542926073074341,-0.5716172456741333,0.03669881820678711,1.0,1.0,12.303882598876953,0.15240144729614258
18.971227645874023,0.9374384880065918,-0.44313234090805054,0.013156557455658913,-0.008113102987408638,4.1125969886779785,289.9223937988281,-2.0232295989990234,278.1957092285156,0.8926538228988647,-0.4661400020122528,0.06414794921875,1.0,1.0,12.303882598876953,0.14735889434814453
18.97172737121582,0.9823575615882874,-0.3044421374797821,0.030881166458129883,-0.001600997638888657,4.257667064666748,290.21258544921875,-1.88273024559021,278.2546691894531,0.9095878601074219,-0.35005372762680054,0.03742527961730957,1.0,1.0,12.303882598876953,0.14278841018676758
18.972227096557617,1.0155583620071411,-0.1657518893480301,0.019601868465542793,-0.008113102987408638,4.402773380279541,290.21258544921875,-1.7429054975509644,278.2839660644531,0.9257881045341492,-0.24452458322048187,0.00662994384765625,1.0,1.0,12.303882598876953,0.13750648498535156
18.972728729248047,1.021417498588562,-0.020296184346079826,0.043771788477897644,0.020726216956973076,4.488508701324463,246.97091674804688,-1.6026735305786133,278.3295593261719,0.9405615329742432,-0.12365541607141495,-0.006131410598754883,1.0,1.0,12.303882598876953,0.1920032501220703
18.973228454589844,1.0165349245071411,0.11670295149087906,0.026047181338071823,0.0030505049508064985,4.61199426651001,246.97091674804688,-1.4641929864883423,278.30096435546875,0.968619167804718,0.001289327279664576,-0.01259756088256836,1.0,1.0,12.303882598876953,0.20699834823608398
18.97372817993164,0.9930989742279053,0.2587758004665375,0.0018772603943943977,0.009562610648572445,4.794453144073486,289.9223937988281,-1.3244565725326538,278.32568359375,0.9329462647438049,0.1581798642873764,0.014407873153686523,1.0,1.0,12.303882598876953,0.1642756462097168
18.974227905273438,0.9374386668205261,0.3957747220993042,0.022824525833129883,0.0030505049508064985,4.939413547515869,289.9223937988281,-1.1857433319091797,278.3067321777344,0.858363687992096,0.24244850873947144,-0.017112016677856445,1.0,1.0,12.303882598876953,0.15802860260009766
18.974727630615234,0.888613760471344,0.5209344625473022,0.043771788477897644,0.011423210613429546,5.084374904632568,289.9223937988281,-1.0462963581085205,278.319091796875,0.8997330665588379,0.4121188819408417,-0.0022513866424560547,1.0,1.0,12.303882598876953,0.15251398086547852
18.97522735595703,0.8007287979125977,0.6393285393714905,0.030881166458129883,-0.003461598651483655,5.229334354400635,289.9223937988281,-0.9058294296264648,278.37396240234375,0.8197284936904907,0.5201493501663208,-0.006814479827880859,1.0,1.0,12.303882598876953,0.14802169799804688
18.975727081298828,0.7040557265281677,0.7458831667900085,0.005099916830658913,0.015144414268434048,5.374298572540283,289.9223937988281,-0.7654273509979248,278.4250793457031,0.6988706588745117,0.6300959587097168,0.02118229866027832,1.0,1.0,12.303882598876953,0.14345979690551758
18.976228713989258,0.5839460492134094,0.8389073014259338,0.024435855448246002,0.024447420611977577,5.51925802230835,289.9223937988281,-0.6252398490905762,278.4662170410156,0.5985289812088013,0.7353291511535645,0.0349729061126709,1.0,1.0,12.303882598876953,0.1386876106262207
18.976728439331055,0.46383678913116455,0.9150176644325256,0.046994443982839584,0.022586816921830177,5.605337619781494,247.21812438964844,-0.4853689670562744,278.49298095703125,0.5129262804985046,0.8085331320762634,0.012890100479125977,1.0,1.0,12.303882598876953,0.19247865676879883
18.97722816467285,0.329080194234848,0.9657580852508545,0.03571515157818794,0.010492910631000996,5.728947162628174,247.21812438964844,-0.34450268745422363,278.56097412109375,0.38472527265548706,0.8392623662948608,0.007523536682128906,1.0,1.0,12.303882598876953,0.20973539352416992
18.97772789001465,0.18651151657104492,1.009732961654663,0.06310772895812988,0.013283812440931797,5.911191463470459,289.9223937988281,-0.2029256820678711,278.6574401855469,0.24192506074905396,0.9213330745697021,0.03915095329284668,1.0,1.0,12.303882598876953,0.1690683364868164
18.978227615356445,0.045895304530858994,1.0232640504837036,-0.025515317916870117,-0.0006706981803290546,6.056150913238525,289.9223937988281,-0.06098461151123047,278.7668762207031,0.12250494211912155,0.9458448886871338,0.025170326232910156,1.0,1.0,12.303882598876953,0.16604995727539062
18.978727340698242,-0.09862645715475082,1.019881010055542,0.029269836843013763,0.019795916974544525,6.201509952545166,290.21258544921875,0.07851266860961914,278.7716369628906,0.026993412524461746,0.9466700553894043,-0.014194250106811523,1.0,1.0,12.303882598876953,0.1601881980895996
18.97922706604004,-0.24119526147842407,0.9962021708488464,-0.007790707983076572,0.020726218819618225,0.0634317398071289,290.21258544921875,0.2200765609741211,278.86309814453125,-0.15174801647663116,0.9526031017303467,0.03093862533569336,1.0,1.0,12.303882598876953,0.1566448211669922
18.97972869873047,-0.3837639391422272,0.9556100368499756,-0.027126645669341087,0.018865615129470825,0.18251419067382812,271.27239990234375,0.3602931499481201,278.8963623046875,-0.3480057418346405,0.9109550714492798,0.09795570373535156,1.0,1.0,12.303882598876953,0.177778959274292
18.980228424072266,-0.5068027377128601,0.887956440448761,-0.023903990164399147,0.00956260971724987,0.31815052032470703,271.27239990234375,0.5015835762023926,278.9736328125,-0.3694443702697754,0.8743206858634949,-0.008875608444213867,1.0,1.0,12.303882598876953,0.18343305587768555
18.98072624206543,-0.6347241401672363,0.8050804138183594,-0.006179380230605602,0.019795916974544525,0.46041011810302734,276.1165771484375,0.6425018310546875,279.03424072265625,-0.5479128360748291,0.770054817199707,0.06917762756347656,1.0,1.0,12.303882598876953,0.18209171295166016
18.981225967407227,-0.7333504557609558,0.7086735963821411,-0.017458677291870117,0.013283812440931797,0.5984687805175781,276.1165771484375,0.7825677394866943,279.0570373535156,-0.5812289118766785,0.7295058965682983,-0.016907453536987305,1.0,1.0,12.303882598876953,0.1840989589691162
18.981725692749023,-0.8319770693778992,0.6055015921592712,-0.004568052478134632,0.005841406993567944,0.7554817199707031,289.9223937988281,0.9227240085601807,279.0832214355469,-0.7207694053649902,0.6398565173149109,0.01512289047241211,1.0,1.0,12.303882598876953,0.16724228858947754
18.98222541809082,-0.9100966453552246,0.4837249219417572,-0.009402036666870117,0.008632308803498745,0.9004411697387695,289.9223937988281,1.0635731220245361,279.1383361816406,-0.8103681802749634,0.5169731974601746,0.03250885009765625,1.0,1.0,12.303882598876953,0.1631319522857666
18.982725143432617,-0.9716160297393799,0.35687369108200073,0.024435853585600853,0.009562610648572445,1.0306615829467773,279.18450927734375,1.203798532485962,279.1658935546875,-0.895578920841217,0.43756383657455444,0.005565166473388672,1.0,1.0,12.303882598876953,0.17313694953918457
18.983226776123047,-1.0067700147628784,0.21480081975460052,-0.027126645669341087,0.002120204269886017,1.1702537536621094,279.18450927734375,1.3436753749847412,279.1781311035156,-0.9166044592857361,0.31280431151390076,-0.00876760482788086,1.0,1.0,12.303882598876953,0.17342162132263184
18.983726501464844,-1.0302060842514038,0.07272795587778091,0.014767885208129883,-0.0071828025393188,1.3393316268920898,300.6602478027344,1.4831607341766357,279.1738586425781,-0.9378340244293213,0.1653631031513214,0.0061492919921875,1.0,1.0,12.303882598876953,0.1438291072845459
18.98422622680664,-1.023370385169983,-0.0710364282131195,-0.031960628926754,-0.002531298203393817,1.4896602630615234,300.6602478027344,1.6235291957855225,279.20672607421875,-0.9740375280380249,0.047503963112831116,-0.008470535278320312,1.0,1.0,12.303882598876953,0.13386893272399902
18.984724044799805,-1.0116525888442993,-0.21310971677303314,0.016379212960600853,0.0030505049508064985,1.5663681030273438,247.21812438964844,1.7631909847259521,279.2093505859375,-0.973079264163971,-0.10469233244657516,0.00784444808959961,1.0,1.0,12.303882598876953,0.1968228816986084
18.9852237701416,-0.9677100777626038,-0.3568740785121918,-0.03518328443169594,-0.009973703883588314,1.689976692199707,247.21812438964844,1.9028809070587158,279.2129211425781,-0.919286847114563,-0.23755525052547455,0.013885498046875,1.0,1.0,12.303882598876953,0.2129042148590088
18.9857234954834,-0.9091203212738037,-0.4854160249233246,0.016379212960600853,-0.017416110262274742,1.8722190856933594,289.9223937988281,2.0433194637298584,279.2478942871094,-0.8232887983322144,-0.35545894503593445,0.028215408325195312,1.0,1.0,12.303882598876953,0.17110037803649902
18.986223220825195,-0.8319770693778992,-0.6055015921592712,-0.014236019924283028,-0.014625207521021366,2.017179489135742,289.9223937988281,2.1827518939971924,279.2398681640625,-0.8502805233001709,-0.4701189398765564,-0.013907909393310547,1.0,1.0,12.303882598876953,0.1655724048614502
18.986724853515625,-0.7401862144470215,-0.7171304225921631,-0.040017273277044296,-0.018346412107348442,2.162142753601074,289.9223937988281,2.3216869831085205,279.2111511230469,-0.756193995475769,-0.5849075317382812,0.0005068778991699219,1.0,1.0,12.303882598876953,0.1595442295074463
18.987224578857422,-0.6259355545043945,-0.8135370016098022,-0.012624692171812057,-0.022997913882136345,2.3071022033691406,289.9223937988281,2.4610073566436768,279.19915771484375,-0.6177458763122559,-0.6617268919944763,0.02266979217529297,1.0,1.0,12.303882598876953,0.15390515327453613
18.98772430419922,-0.5146147608757019,-0.8913388848304749,-0.019070005044341087,-0.017416110262274742,2.45206356048584,289.9223937988281,2.601635217666626,279.2423400878906,-0.5398209095001221,-0.7637118101119995,0.01777172088623047,1.0,1.0,12.303882598876953,0.14957165718078613
18.988224029541016,-0.37009310722351074,-0.9589928984642029,-0.028737973421812057,-0.019276712089776993,2.5970239639282227,289.9223937988281,2.741377115249634,279.2474365234375,-0.3570035398006439,-0.8015444278717041,0.07455253601074219,1.0,1.0,12.303882598876953,0.14435315132141113
18.988723754882812,-0.2431481033563614,-0.9962021708488464,0.024435853585600853,-0.0388130247592926,2.68310546875,247.21812438964844,2.8825628757476807,279.3126525878906,-0.2981375455856323,-0.8825989365577698,0.026444435119628906,1.0,1.0,12.303882598876953,0.19945740699768066
18.98922348022461,-0.10448521375656128,-1.019881010055542,-0.007790708914399147,-0.020207012072205544,2.8067150115966797,247.21812438964844,3.0218794345855713,279.2984619140625,-0.19842876493930817,-0.9072949886322021,-0.0025510787963867188,1.0,1.0,12.303882598876953,0.2151644229888916
18.989723205566406,0.03808358684182167,-1.030029296875,0.016379212960600853,-0.009973703883588314,3.003286361694336,300.3598937988281,-3.1213479042053223,279.3115234375,-0.02932882122695446,-0.9440270662307739,0.041936635971069336,1.0,1.0,12.303882598876953,0.15855121612548828
18.990224838256836,0.19041742384433746,-1.019881010055542,0.0034885890781879425,-0.022997913882136345,3.1534671783447266,300.3598937988281,-2.9806509017944336,279.3555908203125,0.16866719722747803,-0.9606304168701172,0.10638976097106934,1.0,1.0,12.303882598876953,0.14906740188598633
18.990724563598633,0.3232209384441376,-0.9759061932563782,0.021213198080658913,-0.022067615762352943,3.290125846862793,290.5033874511719,-2.8398616313934326,279.4021301269531,0.20959575474262238,-0.9264382719993591,0.013913869857788086,1.0,1.0,12.303882598876953,0.1531977653503418
18.99122428894043,0.4599308669567108,-0.921782910823822,0.011545228771865368,-0.018346410244703293,3.4353761672973633,290.5033874511719,-2.6985347270965576,279.4705505371094,0.36278200149536133,-0.8832741379737854,0.03994297981262207,1.0,1.0,12.303882598876953,0.14927434921264648
18.991724014282227,0.5849225521087646,-0.8507468700408936,0.0002659335732460022,-0.022997913882136345,3.535567283630371,257.7087707519531,-2.5590155124664307,279.46142578125,0.45650020241737366,-0.8268908858299255,0.015029191970825195,1.0,1.0,12.303882598876953,0.18860292434692383
18.992223739624023,0.6962437629699707,-0.7594141364097595,0.008322573266923428,-0.018346410244703293,3.664422035217285,257.7087707519531,-2.4173290729522705,279.54364013671875,0.6164403557777405,-0.7762059569358826,0.0402224063873291,1.0,1.0,12.303882598876953,0.20143461227416992
18.99272346496582,0.7987759709358215,-0.6562416553497314,-0.004568052478134632,-0.01648581027984619,3.8225059509277344,279.18450927734375,-2.277064561843872,279.56414794921875,0.6777224540710449,-0.6600368022918701,0.027352094650268555,1.0,1.0,12.303882598876953,0.18361520767211914
18.993223190307617,0.8847074508666992,-0.5344651937484741,0.040549136698246,-0.020207012072205544,3.9620981216430664,279.18450927734375,-2.135449171066284,279.6412048339844,0.8207002878189087,-0.5629500150680542,0.05683779716491699,1.0,1.0,12.303882598876953,0.1856379508972168
18.993724822998047,0.9462271332740784,-0.4076143503189087,0.014767885208129883,-0.0071828025393188,4.131175994873047,300.6602478027344,-1.9948211908340454,279.6748962402344,0.8343837261199951,-0.4855231046676636,-0.009831666946411133,1.0,1.0,12.303882598876953,0.15718841552734375
18.994224548339844,1.005793809890747,-0.27061522006988525,0.011545228771865368,-0.009043403901159763,4.281506538391113,300.6602478027344,-1.854694128036499,279.687255859375,0.9738802313804626,-0.3020084798336029,0.07670307159423828,1.0,1.0,12.303882598876953,0.14698457717895508
18.99472427368164,1.0263001918792725,-0.12685082852840424,0.021213196218013763,0.011423210613429546,4.417093276977539,289.9223937988281,-1.7135205268859863,279.7429504394531,0.9445331692695618,-0.20479612052440643,0.02250838279724121,1.0,1.0,12.303882598876953,0.1525716781616211
18.995223999023438,1.0282528400421143,0.015222031623125076,0.026047181338071823,0.008632308803498745,4.562054634094238,289.9223937988281,-1.5735437870025635,279.7474365234375,0.9368802905082703,-0.09398464113473892,-0.004042387008666992,1.0,1.0,12.303882598876953,0.14758729934692383
18.995723724365234,1.0145820379257202,0.1606779396533966,0.014767884276807308,0.017005015164613724,4.662786483764648,257.7087707519531,-1.4317318201065063,279.8286437988281,0.9350387454032898,0.04014012962579727,-0.0029382705688476562,1.0,1.0,12.303882598876953,0.18866729736328125
18.99622344970703,0.9755218029022217,0.3027507960796356,0.027658510953187943,0.026308024302124977,4.7916412353515625,257.7087707519531,-1.2923520803451538,279.80621337890625,0.915682315826416,0.15566504001617432,-0.016897201538085938,1.0,1.0,12.303882598876953,0.19919204711914062
18.996723175048828,0.9335327744483948,0.42960184812545776,0.011545228771865368,0.015144413337111473,4.950364589691162,279.4639587402344,-1.1525558233261108,279.8017272949219,0.9256865978240967,0.28992322087287903,-0.021583080291748047,1.0,1.0,12.303882598876953,0.18026494979858398
18.997224807739258,0.8573659062385559,0.5615268349647522,0.011545228771865368,0.015144413337111473,5.090096473693848,279.4639587402344,-1.013270616531372,279.7760009765625,0.8062790632247925,0.41235530376434326,0.008477926254272461,1.0,1.0,12.303882598876953,0.17981863021850586
18.997722625732422,0.7821753025054932,0.6714641451835632,-0.007790708914399147,0.011423211544752121,5.243908882141113,289.9223937988281,-0.8736097812652588,279.76629638671875,0.8180789947509766,0.5485321879386902,-0.013366937637329102,1.0,1.0,12.303882598876953,0.16566705703735352
18.99822235107422,0.6747605800628662,0.7763272523880005,0.005099916830658913,0.013283812440931797,5.3888702392578125,289.9223937988281,-0.7339651584625244,279.7563781738281,0.6906925439834595,0.6537378430366516,0.014358758926391602,1.0,1.0,12.303882598876953,0.16035032272338867
18.998722076416016,0.5566039681434631,0.8659689426422119,0.048605777323246,0.016074715182185173,5.548574447631836,300.6602478027344,-0.59450364112854,279.7388916015625,0.587348997592926,0.7327355742454529,0.012054204940795898,1.0,1.0,12.303882598876953,0.1401076316833496
18.999221801757812,0.4364948570728302,0.93193119764328,0.005099916830658913,0.013283812440931797,5.698904991149902,300.6602478027344,-0.45324110984802246,279.79742431640625,0.4771328568458557,0.8170939683914185,0.01801609992980957,1.0,1.0,12.303882598876953,0.13103914260864258
18.99972152709961,0.3017383813858032,0.9860541224479675,0.009933900088071823,0.019795916974544525,5.775518894195557,246.97091674804688,-0.31294941902160645,279.8138427734375,0.38639217615127563,0.8811596632003784,-0.007102012634277344,1.0,1.0,12.303882598876953,0.1947169303894043
19.000221252441406,0.1611221730709076,1.019881010055542,0.029269838705658913,0.014214114286005497,5.8990044593811035,246.97091674804688,-0.17150664329528809,279.87860107421875,0.23296192288398743,0.9489601254463196,0.02412891387939453,1.0,1.0,12.303882598876953,0.21267461776733398
19.000722885131836,0.00878832209855318,1.030029296875,0.03410382196307182,0.022586818784475327,6.09661865234375,300.96124267578125,-0.02997612953186035,279.9455261230469,0.09738623350858688,0.9447895288467407,0.020622968673706055,1.0,1.0,12.303882598876953,0.15659093856811523
19.001222610473633,-0.13378022611141205,1.0232640504837036,-0.012624693103134632,0.021656520664691925,6.247098922729492,300.96124267578125,0.11137104034423828,280.0030517578125,-0.03437929227948189,0.9679154753684998,0.01750016212463379,1.0,1.0,12.303882598876953,0.14745759963989258
19.001720428466797,-0.2822081744670868,0.9962021708488464,-0.009402036666870117,0.016074715182185173,0.09893655776977539,289.9223937988281,0.252453088760376,280.0486755371094,-0.21870359778404236,0.9382960200309753,0.07014679908752441,1.0,1.0,12.303882598876953,0.15351653099060059
19.002220153808594,-0.41696488857269287,0.9420793056488037,0.003488588146865368,0.017935315147042274,0.2438983917236328,289.9223937988281,0.39508891105651855,280.15838623046875,-0.30358362197875977,0.899876594543457,0.0237274169921875,1.0,1.0,12.303882598876953,0.15119051933288574
19.00271987915039,-0.5439096093177795,0.8744252920150757,0.011545228771865368,0.002120204269886017,0.3632526397705078,271.27239990234375,0.5360610485076904,280.1960144042969,-0.4359223246574402,0.8453858494758606,0.03352546691894531,1.0,1.0,12.303882598876953,0.17280840873718262
19.003219604492188,-0.6689014434814453,0.7864755392074585,-0.012624693103134632,0.014214114286005497,0.4988894462585449,271.27239990234375,0.6789505481719971,280.3132629394531,-0.5809990763664246,0.7705206871032715,0.06077909469604492,1.0,1.0,12.303882598876953,0.18006110191345215
19.003719329833984,-0.7724103331565857,0.681611955165863,-0.007790707983076572,0.020726218819618225,0.64141845703125,276.1165771484375,0.8210532665252686,280.39501953125,-0.6431964635848999,0.6846435070037842,0.026677370071411133,1.0,1.0,12.303882598876953,0.17963480949401855
19.00421905517578,-0.8632246851921082,0.5716744661331177,0.021213196218013763,-0.0016009986866265535,0.7794766426086426,276.1165771484375,0.9621241092681885,280.4316101074219,-0.7360439896583557,0.6032090783119202,0.01563882827758789,1.0,1.0,12.303882598876953,0.1826474666595459
19.00472068786621,-0.9393916130065918,0.44651520252227783,0.019601868465542793,0.012353511527180672,0.9512333869934082,300.6602478027344,1.1036803722381592,280.4880065917969,-0.8530900478363037,0.506320595741272,0.0250396728515625,1.0,1.0,12.303882598876953,0.15244698524475098
19.005220413208008,-0.9911461472511292,0.309516042470932,-0.0029567242600023746,0.010492910631000996,1.1015639305114746,300.6602478027344,1.2450826168060303,280.53656005859375,-0.8915514349937439,0.37885740399360657,0.017436981201171875,1.0,1.0,12.303882598876953,0.14351868629455566
19.005720138549805,-1.023370623588562,0.1657520830631256,-0.015847347676753998,0.0011899039382115006,1.2372589111328125,290.21258544921875,1.3864495754241943,280.5827331542969,-0.9438815116882324,0.2478194683790207,0.0211639404296875,1.0,1.0,12.303882598876953,0.14919066429138184
19.0062198638916,-1.0302060842514038,0.018604658544063568,-0.04162859916687012,-0.004391900263726711,1.3823647499084473,290.21258544921875,1.5268614292144775,280.5877685546875,-0.9215190410614014,0.12603718042373657,0.0015020370483398438,1.0,1.0,12.303882598876953,0.14449667930603027
19.0067195892334,-1.0272765159606934,-0.12515972554683685,-0.012624692171812057,0.0011899039382115006,1.5270729064941406,289.9223937988281,1.6677143573760986,280.6113586425781,-0.9488592147827148,-0.014504664577543736,0.011913299560546875,1.0,1.0,12.303882598876953,0.140641450881958
19.007219314575195,-0.9940754771232605,-0.27061522006988525,-0.025515317916870117,-0.015555509366095066,1.6720342636108398,289.9223937988281,1.808823823928833,280.6452941894531,-0.9133672118186951,-0.15797245502471924,0.026854515075683594,1.0,1.0,12.303882598876953,0.13678956031799316
19.007719039916992,-0.9550157189369202,-0.3991571366786957,0.021213198080658913,-0.014625207521021366,1.77276611328125,257.7087707519531,1.9495527744293213,280.6625061035156,-0.9147363901138306,-0.2821776568889618,0.014033794403076172,1.0,1.0,12.303882598876953,0.1767866611480713
19.008220672607422,-0.8856843113899231,-0.5260083675384521,0.006711244583129883,-0.022997913882136345,1.901620864868164,257.7087707519531,2.0899479389190674,280.6651916503906,-0.8893813490867615,-0.3891306221485138,-0.013257026672363281,1.0,1.0,12.303882598876953,0.18832707405090332
19.00872039794922,-0.8124470710754395,-0.6393285393714905,0.016379212960600853,-0.017416110262274742,2.089860439300537,300.96124267578125,2.2291624546051025,280.6181640625,-0.8829676508903503,-0.49375611543655396,-0.05521869659423828,1.0,1.0,12.303882598876953,0.13930201530456543
19.009220123291016,-0.7118675112724304,-0.7526488304138184,-0.015847347676753998,-0.013694907538592815,2.2403407096862793,300.96124267578125,2.3684122562408447,280.57366943359375,-0.7757168412208557,-0.6239967942237854,-0.026818275451660156,1.0,1.0,12.303882598876953,0.12807154655456543
19.009719848632812,-0.5937113165855408,-0.842289924621582,-0.027126643806695938,-0.022067612037062645,2.375364065170288,289.9223937988281,2.5098211765289307,280.6209716796875,-0.6385415196418762,-0.7094833254814148,-0.007580757141113281,1.0,1.0,12.303882598876953,0.13445711135864258
19.01021957397461,-0.46383678913116455,-0.921782910823822,0.005099914968013763,-0.044394832104444504,2.5203256607055664,289.9223937988281,2.6512043476104736,280.6661682128906,-0.46313410997390747,-0.805014967918396,0.06209516525268555,1.0,1.0,12.303882598876953,0.13087868690490723
19.010719299316406,-0.3310331404209137,-0.9725233912467957,0.021213198080658913,-0.04067362844944,2.68002986907959,300.6602478027344,2.7919747829437256,280.6845703125,-0.3762536644935608,-0.8435707092285156,0.023694515228271484,1.0,1.0,12.303882598876953,0.11194491386413574
19.011219024658203,-0.1884644776582718,-1.0164985656738281,-0.012624694034457207,-0.026719119399785995,2.8303604125976562,300.6602478027344,2.933319330215454,280.7271423339844,-0.2199578583240509,-0.9076213836669922,0.0643157958984375,1.0,1.0,12.303882598876953,0.10295891761779785
19.011720657348633,-0.05175430700182915,-1.0232640504837036,-0.0013453960418701172,-0.023928215727210045,2.906975030899048,246.97091674804688,3.0746500492095947,280.76751708984375,-0.1937367469072342,-0.9241900444030762,-0.04633903503417969,1.0,1.0,12.303882598876953,0.16767501831054688
19.01222038269043,0.0966733768582344,-1.030029296875,0.0034885890781879425,-0.022997913882136345,3.030460834503174,246.97091674804688,-3.0678956508636475,280.7785949707031,0.02932102605700493,-0.9797922372817993,0.049981117248535156,1.0,1.0,12.303882598876953,0.1848292350769043
19.012720108032227,0.23728947341442108,-1.0029675960540771,0.027658510953187943,-0.018346410244703293,3.228074550628662,300.96124267578125,-2.925877809524536,280.84698486328125,0.12211450934410095,-0.9743190407752991,0.002553701400756836,1.0,1.0,12.303882598876953,0.12923288345336914
19.013219833374023,0.38571664690971375,-0.9657580852508545,0.014767884276807308,-0.020207012072205544,3.3785552978515625,300.96124267578125,-2.784290313720703,280.89617919921875,0.3324459493160248,-0.9389426708221436,0.07690143585205078,1.0,1.0,12.303882598876953,0.12033987045288086
19.013717651367188,0.5146147608757019,-0.8981041312217712,0.016379214823246002,-0.024858515709638596,3.513578414916992,289.9223937988281,-2.6430253982543945,280.9302062988281,0.372092604637146,-0.8773579001426697,-0.0038678646087646484,1.0,1.0,12.303882598876953,0.12658166885375977
19.014217376708984,0.6317945718765259,-0.8169198036193848,0.0018772603943943977,-0.01462520845234394,3.6585402488708496,289.9223937988281,-2.5016744136810303,280.967529296875,0.5199918150901794,-0.829567551612854,0.013663053512573242,1.0,1.0,12.303882598876953,0.1229710578918457
19.01471710205078,0.752880334854126,-0.7222043871879578,0.008322573266923428,-0.020207012072205544,3.774014949798584,268.4466247558594,-2.3598973751068115,281.02197265625,0.6751204133033752,-0.7091496586799622,0.07306385040283203,1.0,1.0,12.303882598876953,0.14927339553833008
19.01521873474121,0.8427181839942932,-0.6071927547454834,0.021213198080658913,-0.010904005728662014,3.908237934112549,268.4466247558594,-2.2176125049591064,281.0964660644531,0.7486990690231323,-0.6411240696907043,0.03245973587036133,1.0,1.0,12.303882598876953,0.1573348045349121
19.015718460083008,0.9169319272041321,-0.4786507785320282,0.006711244583129883,-0.0025312991347163916,4.0719475746154785,289.9223937988281,-2.076679229736328,281.1125183105469,0.7591543197631836,-0.5024923086166382,0.014905929565429688,1.0,1.0,12.303882598876953,0.13455867767333984
19.016218185424805,0.9794281125068665,-0.35010865330696106,0.006711245514452457,-0.019276712089776993,4.216908931732178,289.9223937988281,-1.9354801177978516,281.1393737792969,0.8983966112136841,-0.41380155086517334,0.026834487915039062,1.0,1.0,12.303882598876953,0.1307964324951172
19.0167179107666,1.0136057138442993,-0.20972688496112823,0.017990540713071823,0.00956260971724987,4.376613140106201,300.6602478027344,-1.7945928573608398,281.1525573730469,0.9321775436401367,-0.311864972114563,-0.005399227142333984,1.0,1.0,12.303882598876953,0.11197948455810547
19.0172176361084,1.0350886583328247,-0.06427096575498581,0.029269838705658913,-0.015555509366095066,4.526943683624268,300.6602478027344,-1.653696060180664,281.1661376953125,0.9825299382209778,-0.15589812397956848,0.019303560256958008,1.0,1.0,12.303882598876953,0.10254573822021484
19.017717361450195,1.025323510169983,0.08794999122619629,0.030881166458129883,0.013283812440931797,4.662929058074951,290.21258544921875,-1.5113496780395508,281.23992919921875,0.9136342406272888,-0.008470267057418823,0.02509331703186035,1.0,1.0,12.303882598876953,0.10890674591064453
19.018217086791992,0.9999346137046814,0.22664043307304382,0.024435853585600853,0.005841406993567944,4.808034896850586,290.21258544921875,-1.3703490495681763,281.255859375,0.9253395199775696,0.08869247883558273,-0.011226415634155273,1.0,1.0,12.303882598876953,0.10480165481567383
19.01871681213379,0.967710018157959,0.36363914608955383,0.019601870328187943,-0.0006706971325911582,4.9082231521606445,257.7087707519531,-1.22890043258667,281.2904357910156,0.9422680735588074,0.25364989042282104,0.014846086502075195,1.0,1.0,12.303882598876953,0.14606189727783203
19.019216537475586,0.8974020481109619,0.4989469647407532,0.014767885208129883,0.011423211544752121,5.037077903747559,257.7087707519531,-1.0878818035125732,281.3060302734375,0.8435289859771729,0.35088804364204407,0.0050373077392578125,1.0,1.0,12.303882598876953,0.15822553634643555
19.019716262817383,0.8261180520057678,0.6156497597694397,0.013156557455658913,0.014214114286005497,5.224904537200928,300.6602478027344,-0.9467570781707764,281.3258361816406,0.8546287417411804,0.47951775789260864,-0.01907205581665039,1.0,1.0,12.303882598876953,0.11152410507202148
19.02021598815918,0.7245622277259827,0.7306608557701111,-0.011013364419341087,0.03747162967920303,5.375234603881836,300.6602478027344,-0.8048019409179688,281.38043212890625,0.7080410122871399,0.6202221512794495,0.047334909439086914,1.0,1.0,12.303882598876953,0.1031489372253418
19.020715713500977,0.6191000938415527,0.8253763318061829,0.005099916830658913,0.015144414268434048,5.51082181930542,289.9223937988281,-0.6637279987335205,281.3967590332031,0.6473371982574463,0.7049210071563721,0.014707088470458984,1.0,1.0,12.303882598876953,0.10863542556762695
19.021215438842773,0.4931317865848541,0.9082521796226501,0.013156556524336338,0.016074715182185173,5.655782699584961,289.9223937988281,-0.5215144157409668,281.46063232421875,0.5061798691749573,0.7975271344184875,0.04996800422668457,1.0,1.0,12.303882598876953,0.10588836669921875
19.02171516418457,0.3525160849094391,0.9759061932563782,0.021213198080658913,0.015144414268434048,5.80074405670166,289.9223937988281,-0.37900805473327637,281.53558349609375,0.34297654032707214,0.8761674761772156,0.10011625289916992,1.0,1.0,12.303882598876953,0.10343313217163086
19.022216796875,0.21580617129802704,1.009732961654663,0.014767886139452457,0.018865616992115974,5.945705413818359,289.9223937988281,-0.23597073554992676,281.6307067871094,0.2827660143375397,0.9109737873077393,0.028957366943359375,1.0,1.0,12.303882598876953,0.10150957107543945
19.022716522216797,0.07128452509641647,1.030029296875,0.040549132972955704,0.018865615129470825,6.061280250549316,268.7153625488281,-0.09429526329040527,281.666748046875,0.18073947727680206,0.944215714931488,-0.0009908676147460938,1.0,1.0,12.303882598876953,0.1276097297668457
19.023216247558594,-0.07323748618364334,1.030029296875,-0.0013453960418701172,0.018865616992115974,6.195638179779053,268.7153625488281,0.047394752502441406,281.7024841308594,0.040161553770303726,0.9624496102333069,0.004780769348144531,1.0,1.0,12.303882598876953,0.13494205474853516
19.02371597290039,-0.22752416133880615,1.009732961654663,-0.007790707051753998,0.03747162967920303,0.07592755556106567,289.9223937988281,0.1908857822418213,281.8138122558594,-0.197660431265831,0.9575468301773071,0.10702347755432129,1.0,1.0,12.303882598876953,0.11495828628540039
19.024215698242188,-0.3661869466304779,0.9657580852508545,-0.014236020855605602,0.015144413337111473,0.22088873386383057,289.9223937988281,0.33464741706848145,281.9336242675781,-0.26427173614501953,0.9302491545677185,0.03623557090759277,1.0,1.0,12.303882598876953,0.11375880241394043
19.024715423583984,-0.4970378577709198,0.9048697352409363,0.005099916364997625,0.002120204269886017,0.3406357169151306,271.5582275390625,0.47655463218688965,281.9733581542969,-0.3829157054424286,0.8809109330177307,0.02755284309387207,1.0,1.0,12.303882598876953,0.13591885566711426
19.02521514892578,-0.6337475180625916,0.8270676732063293,-0.004568052478134632,0.009562610648572445,0.47641485929489136,271.5582275390625,0.6200878620147705,282.0804138183594,-0.56453937292099,0.7990126013755798,0.08937764167785645,1.0,1.0,12.303882598876953,0.14367294311523438
19.02571678161621,-0.7382330298423767,0.7340439558029175,0.005099916364997625,0.002120204269886017,0.6765058040618896,316.7210693359375,0.7623476982116699,282.131591796875,-0.6564359664916992,0.749358057975769,0.051264047622680664,1.0,1.0,12.303882598876953,0.08584189414978027
19.026216506958008,-0.8310003280639648,0.6139581799507141,-0.012624693103134632,0.010492909699678421,0.8348664045333862,316.7210693359375,0.9047253131866455,282.18658447265625,-0.6962975859642029,0.6387776732444763,0.017825603485107422,1.0,1.0,12.303882598876953,0.06985878944396973
19.026716232299805,-0.9266971945762634,0.5023295879364014,0.021213198080658913,0.015144414268434048,0.9122993350028992,257.96673583984375,1.0475332736968994,282.2585144042969,-0.8653430342674255,0.5577585697174072,0.04496002197265625,1.0,1.0,12.303882598876953,0.13523387908935547
19.0272159576416,-0.9716160297393799,0.35687369108200073,-0.015847349539399147,0.004911106079816818,1.0412826538085938,257.96673583984375,1.189215898513794,282.2818298339844,-0.8278663158416748,0.4172937572002411,0.00878000259399414,1.0,1.0,12.303882598876953,0.1479332447052002
19.0277156829834,-1.0184880495071411,0.22156648337841034,-0.022292660549283028,-0.0025312991347163916,1.2436274290084839,311.3981018066406,1.330899953842163,282.30474853515625,-0.9799597263336182,0.3102946877479553,0.027419090270996094,1.0,1.0,12.303882598876953,0.08727240562438965
19.028215408325195,-1.0321589708328247,0.06934532523155212,-0.022292660549283028,0.014214113354682922,1.3993260860443115,311.3981018066406,1.4724695682525635,282.322265625,-0.9413883090019226,0.17096328735351562,0.012796878814697266,1.0,1.0,12.303882598876953,0.07314348220825195
19.028715133666992,-1.0360652208328247,-0.0761105865240097,-0.002956724027171731,-0.004391900729387999,1.5255393981933594,289.9223937988281,1.6143720149993896,282.3533935546875,-0.9234864115715027,0.030623558908700943,0.017425060272216797,1.0,1.0,12.303882598876953,0.08883261680603027
19.029216766357422,-1.0145821571350098,-0.2215660661458969,-0.031960628926754,-0.008113102987408638,1.6705005168914795,289.9223937988281,1.7571675777435303,282.4215087890625,-0.9495278000831604,-0.11395984143018723,0.027288436889648438,1.0,1.0,12.303882598876953,0.08666706085205078
19.02971649169922,-0.9852872490882874,-0.35349103808403015,0.017990542575716972,-0.01276460662484169,1.8302046060562134,300.6602478027344,1.8990604877471924,282.45025634765625,-1.0241096019744873,-0.2500515282154083,0.0053462982177734375,1.0,1.0,12.303882598876953,0.06885600090026855
19.030216217041016,-0.9100966453552246,-0.49725541472435,-0.019070005044341087,-0.01183430664241314,1.9805347919464111,300.6602478027344,2.040025472640991,282.4394226074219,-0.8741868138313293,-0.35868701338768005,0.0142974853515625,1.0,1.0,12.303882598876953,0.05949068069458008
19.03071403503418,-0.8388122916221619,-0.6207236051559448,-0.040017273277044296,-0.018346412107348442,2.0716350078582764,257.7087707519531,2.1818974018096924,282.4667053222656,-0.8514643907546997,-0.49377721548080444,0.00856924057006836,1.0,1.0,12.303882598876953,0.11026239395141602
19.031213760375977,-0.744091808795929,-0.7306608557701111,-0.017458675429224968,-0.012764605693519115,2.2004892826080322,257.7087707519531,2.3232405185699463,282.4711608886719,-0.7786763906478882,-0.5981662273406982,-0.0033054351806640625,1.0,1.0,12.303882598876953,0.12275123596191406
19.031713485717773,-0.6220296025276184,-0.8270678520202637,-0.009402036666870117,-0.022997913882136345,2.388685941696167,300.96124267578125,2.465803384780884,282.5270690917969,-0.6011312007904053,-0.6727723479270935,0.04087495803833008,1.0,1.0,12.303882598876953,0.0771174430847168
19.03221321105957,-0.4989908039569855,-0.9150176644325256,-0.011013363488018513,-0.01648581027984619,2.5391666889190674,300.96124267578125,2.6081149578094482,282.5711975097656,-0.49440184235572815,-0.788382351398468,0.0677957534790039,1.0,1.0,12.303882598876953,0.06894826889038086
19.03271484375,-0.3700932264328003,-0.9691409468650818,-0.014236020855605602,-0.020207012072205544,2.6744909286499023,289.9223937988281,2.750547170639038,282.61932373046875,-0.4359000325202942,-0.8503416776657104,0.011568069458007812,1.0,1.0,12.303882598876953,0.07605624198913574
19.033214569091797,-0.22752416133880615,-1.0131157636642456,-0.014236019924283028,-0.014625207521021366,2.8194520473480225,289.9223937988281,2.8936026096343994,282.69281005859375,-0.2888549268245697,-0.9109804034233093,0.03527355194091797,1.0,1.0,12.303882598876953,0.07415056228637695
19.033714294433594,-0.08300216495990753,-1.0367945432662964,0.009933900088071823,-0.01183430664241314,2.979569673538208,300.96124267578125,3.037048578262329,282.7809753417969,-0.1724940687417984,-0.9662690162658691,0.0222015380859375,1.0,1.0,12.303882598876953,0.057478904724121094
19.03421401977539,0.06737848371267319,-1.0367945432662964,0.00026593171060085297,-0.021137313917279243,3.1300501823425293,300.96124267578125,-3.1043014526367188,282.7996826171875,-0.04317315295338631,-0.9573621153831482,0.011918306350708008,1.0,1.0,12.303882598876953,0.04883384704589844
19.034711837768555,0.217759370803833,-1.019881010055542,0.021213198080658913,-0.014625207521021366,3.2355873584747314,268.4466247558594,-2.96049165725708,282.9010314941406,0.14111872017383575,-0.9650181531906128,0.058608055114746094,1.0,1.0,12.303882598876953,0.08710622787475586
19.03521156311035,0.36618730425834656,-0.9792888760566711,0.008322573266923428,-0.020207012072205544,3.3698108196258545,268.4466247558594,-2.816969156265259,282.98822021484375,0.2857004702091217,-0.9287891983985901,0.06836986541748047,1.0,1.0,12.303882598876953,0.0964055061340332
19.03571128845215,0.4970376193523407,-0.9184005260467529,0.027658510953187943,-0.018346410244703293,3.5482633113861084,300.6602478027344,-2.6737146377563477,283.0621337890625,0.3895888030529022,-0.9064114689826965,0.03251218795776367,1.0,1.0,12.303882598876953,0.06120729446411133
19.036211013793945,0.621053159236908,-0.8355244398117065,0.00026593171060085297,-0.019276710227131844,3.6985936164855957,300.6602478027344,-2.531804323196411,283.0781555175781,0.500464677810669,-0.8131594657897949,0.03638911247253418,1.0,1.0,12.303882598876953,0.05278730392456055
19.036712646484375,0.7401857376098633,-0.7441920638084412,-0.007790707983076572,-0.01462520845234394,3.8341803550720215,289.9223937988281,-2.3891396522521973,283.1253356933594,0.6402391195297241,-0.7497132420539856,0.04888439178466797,1.0,1.0,12.303882598876953,0.059865474700927734
19.037212371826172,0.831976592540741,-0.6257977485656738,0.008322573266923428,-0.018346410244703293,3.9791414737701416,289.9223937988281,-2.245213270187378,283.2245788574219,0.7327144145965576,-0.6743735671043396,0.02492809295654297,1.0,1.0,12.303882598876953,0.05883073806762695
19.03771209716797,0.9188852310180664,-0.5023295879364014,0.009933901019394398,-0.009973705746233463,4.094616413116455,268.4466247558594,-2.10154390335083,283.31109619140625,0.8321398496627808,-0.5542119145393372,0.03775429725646973,1.0,1.0,12.303882598876953,0.08702516555786133
19.038211822509766,0.9872400164604187,-0.36363914608955383,0.011545229703187943,-0.0369524285197258,4.228839874267578,268.4466247558594,-1.958400011062622,283.37359619140625,0.9201704263687134,-0.4044102430343628,0.0682215690612793,1.0,1.0,12.303882598876953,0.09594583511352539
19.038711547851562,1.0087230205535889,-0.21141819655895233,0.032492492347955704,-0.0025312991347163916,4.392549514770508,289.9223937988281,-1.815159559249878,283.4385986328125,0.8133559226989746,-0.3040009140968323,-0.018962621688842773,1.0,1.0,12.303882598876953,0.07547616958618164
19.03921127319336,1.0458297729492188,-0.0794932097196579,0.019601870328187943,-0.0006706971325911582,4.537510871887207,289.9223937988281,-1.6730003356933594,283.45721435546875,0.9948611855506897,-0.16973285377025604,0.02778172492980957,1.0,1.0,12.303882598876953,0.07267427444458008
19.039710998535156,1.042900562286377,0.0778018906712532,0.027658509090542793,-0.014625207521021366,4.697327136993408,300.96124267578125,-1.5294111967086792,283.53521728515625,0.9870745539665222,-0.00976700522005558,0.04337167739868164,1.0,1.0,12.303882598876953,0.05644702911376953
19.040212631225586,1.0175117254257202,0.22325760126113892,0.029269836843013763,0.0030505049508064985,4.847807884216309,300.96124267578125,-1.3861424922943115,283.5981140136719,0.9662919044494629,0.09311656653881073,0.005930185317993164,1.0,1.0,12.303882598876953,0.049234867095947266
19.040712356567383,0.9813811779022217,0.36025652289390564,0.021213198080658913,0.002120204269886017,4.997875213623047,300.6602478027344,-1.243468165397644,283.63482666015625,0.9817320704460144,0.23497478663921356,0.002111196517944336,1.0,1.0,12.303882598876953,0.041841983795166016
19.04121208190918,0.9120498299598694,0.5006380677223206,0.013156557455658913,0.006771707907319069,5.148205280303955,300.6602478027344,-1.1011061668395996,283.6577453613281,0.8826615810394287,0.3710716962814331,0.022884845733642578,1.0,1.0,12.303882598876953,0.0338740348815918
19.041711807250977,0.8378357887268066,0.6224149465560913,0.0002659321762621403,0.006771707907319069,5.254306316375732,268.4466247558594,-0.9580461978912354,283.70953369140625,0.8729614615440369,0.49812746047973633,0.00031375885009765625,1.0,1.0,12.303882598876953,0.07083272933959961
19.042211532592773,0.7362797856330872,0.7441918253898621,0.011545228771865368,0.009562610648572445,5.3885297775268555,268.4466247558594,-0.8147823810577393,283.76910400390625,0.7120121717453003,0.6381747722625732,0.06959056854248047,1.0,1.0,12.303882598876953,0.07987356185913086
19.04271125793457,0.6220294833183289,0.8338333368301392,-0.0013453960418701172,0.018865616992115974,5.566980838775635,300.6602478027344,-0.6711671352386475,283.841796875,0.6556991934776306,0.7060131430625916,0.017345666885375977,1.0,1.0,12.303882598876953,0.04503774642944336
19.043212890625,0.4950850009918213,0.9184005260467529,0.006711243651807308,0.019795916974544525,5.717310428619385,300.6602478027344,-0.528095006942749,283.89019775390625,0.5283087491989136,0.7973961234092712,0.037698984146118164,1.0,1.0,12.303882598876953,0.0377802848815918
19.043712615966797,0.3486098051071167,0.9826716780662537,0.04699444770812988,0.03002922609448433,5.8677544593811035,300.96124267578125,-0.38462066650390625,283.9547119140625,0.3647214472293854,0.8665907979011536,0.08120322227478027,1.0,1.0,12.303882598876953,0.03081035614013672
19.044212341308594,0.21385331451892853,1.019881010055542,0.008322572335600853,0.017005015164613724,6.018240451812744,300.96124267578125,-0.24025344848632812,284.05487060546875,0.2863685190677643,0.9292768239974976,0.03611874580383301,1.0,1.0,12.303882598876953,0.02469158172607422
19.04471206665039,0.06347206979990005,1.0401774644851685,0.04216046258807182,0.019795916974544525,6.1683030128479,300.6602478027344,-0.09703326225280762,284.1048889160156,0.1668248474597931,0.9414951205253601,0.016390323638916016,1.0,1.0,12.303882598876953,0.017849445343017578
19.045211791992188,-0.0849556103348732,1.0401774644851685,-0.006179380230605602,0.017935315147042274,0.035447120666503906,300.6602478027344,0.047106266021728516,284.1924743652344,0.012394238263368607,0.9687678813934326,0.03493547439575195,1.0,1.0,12.303882598876953,0.01165914535522461
19.045711517333984,-0.2392423003911972,1.019881010055542,-0.007790708914399147,0.015144414268434048,0.14191913604736328,268.7153625488281,0.19295883178710938,284.3507995605469,-0.21862688660621643,0.9707636833190918,0.12381601333618164,1.0,1.0,12.303882598876953,0.051039695739746094
19.04621124267578,-0.38181087374687195,0.9725233912467957,0.0067112441174685955,0.008632308803498745,0.2762727737426758,268.7153625488281,0.3379089832305908,284.4671630859375,-0.2499660849571228,0.9421243071556091,0.01628565788269043,1.0,1.0,12.303882598876953,0.06163620948791504
19.04671287536621,-0.5204737782478333,0.9082521796226501,-0.023903988301753998,0.03002922609448433,0.4607362747192383,305.18145751953125,0.48207640647888184,284.5486145019531,-0.44155970215797424,0.8813152313232422,0.07752132415771484,1.0,1.0,12.303882598876953,0.021340131759643555
19.047212600708008,-0.6474184989929199,0.8236850500106812,-0.014236019924283028,0.017005015164613724,0.6133317947387695,305.18145751953125,0.6259934902191162,284.61767578125,-0.5601845979690552,0.8163644671440125,0.07053184509277344,1.0,1.0,12.303882598876953,0.01266169548034668
19.047710418701172,-0.7548334002494812,0.7188217043876648,-0.019070005044341087,0.012353511527180672,0.7388086318969727,286.3431091308594,0.7700817584991455,284.69244384765625,-0.613018810749054,0.7281676530838013,0.024628639221191406,1.0,1.0,12.303882598876953,0.03127312660217285
19.04821014404297,-0.851506769657135,0.6055018305778503,-0.019070005044341087,-0.0006706981803290546,0.8819818496704102,286.3431091308594,0.9135153293609619,284.7381896972656,-0.7347303628921509,0.6252797842025757,0.047255516052246094,1.0,1.0,12.303882598876953,0.03153347969055176
19.048709869384766,-0.9432974457740784,0.4803418815135956,0.027658510953187943,0.011423211544752121,1.0448007583618164,300.6602478027344,1.0582940578460693,284.8395080566406,-0.8415470123291016,0.5032970309257507,0.06870079040527344,1.0,1.0,12.303882598876953,0.01349329948425293
19.049209594726562,-0.9804046750068665,0.3348864018917084,-0.031960628926754,0.004911107011139393,1.195134162902832,300.6602478027344,1.202453374862671,284.912353515625,-0.8166822791099548,0.4293481409549713,-0.020828723907470703,1.0,1.0,12.303882598876953,0.007319211959838867
19.04970932006836,-1.0302060842514038,0.19450463354587555,-0.028737973421812057,0.0011899039382115006,1.2864961624145508,257.7087707519531,1.3459675312042236,284.9570007324219,-0.9506374001502991,0.2779567241668701,0.035460472106933594,1.0,1.0,12.303882598876953,0.05947136878967285
19.050209045410156,-1.0419241189956665,0.04566609486937523,-0.03840594366192818,-0.0025312991347163916,1.4153451919555664,257.7087707519531,1.4890425205230713,284.9818115234375,-0.944698691368103,0.1856091320514679,-0.01737070083618164,1.0,1.0,12.303882598876953,0.07369732856750488
19.050710678100586,-1.0380178689956665,-0.09978938847780228,-0.017458677291870117,-0.010904005728662014,1.6031732559204102,300.6602478027344,1.6318113803863525,284.9935302734375,-0.951383113861084,0.035745684057474136,-0.0036296844482421875,1.0,1.0,12.303882598876953,0.028638124465942383
19.051210403442383,-1.0145821571350098,-0.24862751364707947,-0.022292662411928177,-0.01369490846991539,1.7535028457641602,300.6602478027344,1.7750933170318604,285.0265197753906,-0.9652537107467651,-0.12237080931663513,0.01684284210205078,1.0,1.0,12.303882598876953,0.021590471267700195
19.051708221435547,-0.9852870106697083,-0.3805524706840515,0.022824525833129883,-0.013694907538592815,1.8888025283813477,289.9223937988281,1.9174654483795166,285.02056884765625,-1.0179295539855957,-0.2601395547389984,-0.0015087127685546875,1.0,1.0,12.303882598876953,0.028662919998168945
19.052207946777344,-0.9100969433784485,-0.517551600933075,-0.004568052478134632,-0.01648581027984619,2.0337648391723633,289.9223937988281,2.060213327407837,285.03057861328125,-0.9246755838394165,-0.379164457321167,-0.0053310394287109375,1.0,1.0,12.303882598876953,0.026448488235473633
19.05270767211914,-0.8251413702964783,-0.6444024443626404,-0.028737975284457207,-0.024858517572283745,2.1791200637817383,290.21258544921875,2.2022221088409424,285.0093078613281,-0.8426310420036316,-0.4995417594909668,-0.0013360977172851562,1.0,1.0,12.303882598876953,0.0231020450592041
19.053207397460938,-0.7235855460166931,-0.7526484131813049,-0.03034929931163788,-0.020207012072205544,2.3242311477661133,290.21258544921875,2.3445441722869873,285.0016784667969,-0.7399116158485413,-0.6066208481788635,0.007975101470947266,1.0,1.0,12.303882598876953,0.020313024520874023
19.053707122802734,-0.6083586812019348,-0.8507466912269592,-0.030349301174283028,-0.01090400479733944,2.439446449279785,268.4466247558594,2.488612413406372,285.0675354003906,-0.6390789747238159,-0.7084360718727112,0.014046192169189453,1.0,1.0,12.303882598876953,0.049165964126586914
19.054208755493164,-0.4736020863056183,-0.9285486340522766,-0.014236019924283028,-0.014625207521021366,2.5736780166625977,268.4466247558594,2.6326143741607666,285.12921142578125,-0.47403743863105774,-0.7815837860107422,0.059033870697021484,1.0,1.0,12.303882598876953,0.058936357498168945
19.05470848083496,-0.3447040021419525,-0.9860541224479675,-0.009402036666870117,-0.021137313917279243,2.7521257400512695,300.6602478027344,2.776176691055298,285.1709289550781,-0.4219453036785126,-0.8808838129043579,0.0137786865234375,1.0,1.0,12.303882598876953,0.02405095100402832
19.055208206176758,-0.19237016141414642,-1.0266464948654175,-0.014236019924283028,-0.023928213864564896,2.9024553298950195,300.6602478027344,2.920241594314575,285.2334289550781,-0.24198570847511292,-0.9039218425750732,0.055043697357177734,1.0,1.0,12.303882598876953,0.017786264419555664
19.055707931518555,-0.04589566960930824,-1.0401774644851685,-0.020681332796812057,-0.01648581027984619,3.0528993606567383,300.96124267578125,3.064697504043579,285.3104553222656,-0.16091659665107727,-0.9401971697807312,0.0024566650390625,1.0,1.0,12.303882598876953,0.01179814338684082
19.05620765686035,0.10057905316352844,-1.0401774644851685,0.006711244583129883,-0.024858515709638596,3.203385353088379,300.96124267578125,-3.0757503509521484,285.3137512207031,-0.014620521105825901,-0.9703598618507385,0.014212608337402344,1.0,1.0,12.303882598876953,0.004049777984619141
19.05670738220215,0.24510131776332855,-1.009732961654663,0.03732647746801376,-0.0313706211745739,3.338700294494629,289.9223937988281,-2.932762861251831,285.3277893066406,0.12270435690879822,-0.9359399676322937,0.016665935516357422,1.0,1.0,12.303882598876953,0.011722087860107422
19.057207107543945,0.3935289680957794,-0.9691409468650818,0.0034885872155427933,-0.019276710227131844,3.4836626052856445,289.9223937988281,-2.788334369659424,285.4021911621094,0.3056532144546509,-0.9316883683204651,0.05908060073852539,1.0,1.0,12.303882598876953,0.011188507080078125
19.057708740234375,0.5273091197013855,-0.9031780362129211,-0.0013453960418701172,-0.018346410244703293,3.5847558975219727,257.96673583984375,-2.6442155838012695,285.46173095703125,0.4131391644477844,-0.8865877389907837,0.03394579887390137,1.0,1.0,12.303882598876953,0.0542140007019043
19.058208465576172,0.652301013469696,-0.8152285218238831,0.008322573266923428,-0.018346410244703293,3.7137346267700195,257.96673583984375,-2.4994332790374756,285.5480041503906,0.5558180212974548,-0.8160198926925659,0.051145315170288086,1.0,1.0,12.303882598876953,0.07001733779907227
19.05870819091797,0.7714338302612305,-0.7171304225921631,-0.020681334659457207,-0.033231221139431,3.8862314224243164,289.6327819824219,-2.35524320602417,285.6075134277344,0.6762491464614868,-0.7279025316238403,0.05768013000488281,1.0,1.0,12.303882598876953,0.041710853576660156
19.059207916259766,0.8554125428199768,-0.5919708609580994,0.021213198080658913,-0.010904005728662014,4.031044960021973,289.6327819824219,-2.2099459171295166,285.7120056152344,0.7046202421188354,-0.6109471321105957,0.020113706588745117,1.0,1.0,12.303882598876953,0.04219484329223633
19.059707641601562,0.9403681755065918,-0.4651200771331787,0.011545228771865368,-0.0034616002812981606,4.176255226135254,289.9223937988281,-2.0661919116973877,285.74981689453125,0.8501619696617126,-0.4923708140850067,0.06593132019042969,1.0,1.0,12.303882598876953,0.040738582611083984
19.06020736694336,0.995051920413971,-0.3298124372959137,0.032492492347955704,-0.009973705746233463,4.321221351623535,289.9223937988281,-1.922413945198059,285.7876281738281,0.9085208773612976,-0.40887752175331116,0.02404475212097168,1.0,1.0,12.303882598876953,0.0395503044128418
19.060707092285156,1.0175116062164307,-0.18266521394252777,0.006711244583129883,0.003050505183637142,4.436795234680176,268.7153625488281,-1.7790802717208862,285.8060302734375,0.8834642767906189,-0.2875715494155884,-0.011224985122680664,1.0,1.0,12.303882598876953,0.06730985641479492
19.061208724975586,1.0380178689956665,-0.03890105336904526,0.029269836843013763,0.006771706975996494,4.571152687072754,268.7153625488281,-1.6359498500823975,285.81561279296875,0.9679861664772034,-0.15405888855457306,0.002562999725341797,1.0,1.0,12.303882598876953,0.07608270645141602
19.061708450317383,1.0253232717514038,0.11501142382621765,0.030881166458129883,0.013283812440931797,4.734627723693848,289.9223937988281,-1.4919308423995972,285.8620910644531,0.921274721622467,-0.008652814663946629,0.007016420364379883,1.0,1.0,12.303882598876953,0.05662679672241211
19.06220817565918,0.99798184633255,0.2570844888687134,0.019601870328187943,0.003050505416467786,4.879590034484863,289.9223937988281,-1.349117398262024,285.85711669921875,0.9355544447898865,0.09856470674276352,-0.02155900001525879,1.0,1.0,12.303882598876953,0.05447816848754883
19.062707901000977,0.9589216709136963,0.3923921287059784,0.011545227840542793,0.018865615129470825,5.039292335510254,300.6602478027344,-1.2052937746047974,285.8946533203125,0.9242883920669556,0.24338483810424805,-0.012824296951293945,1.0,1.0,12.303882598876953,0.038599491119384766
19.063207626342773,0.888613760471344,0.534464955329895,0.006711244583129883,0.016074715182185173,5.189621925354004,300.6602478027344,-1.0626025199890137,285.8840637207031,0.8431380391120911,0.4001382291316986,0.030292034149169922,1.0,1.0,12.303882598876953,0.030961036682128906
19.06370735168457,0.8114703297615051,0.6477850675582886,0.005099916830658913,0.015144414268434048,5.325207710266113,289.9223937988281,-0.9199273586273193,285.8728332519531,0.834252119064331,0.5152804255485535,-0.0023300647735595703,1.0,1.0,12.303882598876953,0.038050174713134766
19.064207077026367,0.7030790448188782,0.7611051797866821,0.024435853585600853,0.002120204269886017,5.470170021057129,289.9223937988281,-0.7760741710662842,285.911376953125,0.7011454105377197,0.6174465417861938,0.022640705108642578,1.0,1.0,12.303882598876953,0.0369410514831543
19.064706802368164,0.583946168422699,0.8524379730224609,0.046994443982839584,0.022586816921830177,5.571000099182129,257.96673583984375,-0.632767915725708,285.9260559082031,0.6197181940078735,0.7101840376853943,0.010599851608276367,1.0,1.0,12.303882598876953,0.07941770553588867
19.06520652770996,0.4618840515613556,0.921782910823822,-0.009402036666870117,0.02723832242190838,5.699982643127441,257.96673583984375,-0.48856282234191895,285.97821044921875,0.5142260789871216,0.8006928563117981,0.01300954818725586,1.0,1.0,12.303882598876953,0.09464025497436523
19.065706253051758,0.31540921330451965,0.9826716780662537,0.03410382196307182,0.022586818784475327,5.872838020324707,289.9223937988281,-0.34513139724731445,285.9969177246094,0.3551105856895447,0.844980001449585,0.042751312255859375,1.0,1.0,12.303882598876953,0.065216064453125
19.066205978393555,0.19041718542575836,1.0164985656738281,0.0002659326419234276,0.014214114286005497,6.017800331115723,289.9223937988281,-0.20176196098327637,286.0122985839844,0.3210218846797943,0.9622518420219421,-0.025052547454833984,1.0,1.0,12.303882598876953,0.06362295150756836
19.06670570373535,0.036130256950855255,1.030029296875,0.03410382196307182,0.022586818784475327,6.163163185119629,290.21258544921875,-0.05816221237182617,286.0371398925781,0.18166911602020264,0.9444970488548279,-0.036712646484375,1.0,1.0,12.303882598876953,0.061860084533691406
19.06720542907715,-0.112297423183918,1.030029296875,0.009933900088071823,0.025377722457051277,0.025081157684326172,290.21258544921875,0.0854647159576416,286.0625305175781,0.011501537635922432,0.9759952425956726,-0.00194549560546875,1.0,1.0,12.303882598876953,0.06038355827331543
19.067705154418945,-0.2607249915599823,1.0029675960540771,-0.004568052478134632,0.017005017027258873,0.16979169845581055,289.9223937988281,0.22885870933532715,286.0776672363281,-0.15433260798454285,0.9614109396934509,0.025734424591064453,1.0,1.0,12.303882598876953,0.0590670108795166
19.068206787109375,-0.39743515849113464,0.9522274136543274,-0.019070006906986237,0.017935315147042274,0.31475400924682617,289.9223937988281,0.3741593360900879,286.17254638671875,-0.26490533351898193,0.9469491243362427,-0.006063699722290039,1.0,1.0,12.303882598876953,0.05940532684326172
19.06870460510254,-0.5341446995735168,0.8845738172531128,-0.020681332796812057,0.02816862426698208,0.41519880294799805,257.7087707519531,0.5172832012176514,286.17431640625,-0.40695586800575256,0.8711013793945312,0.015172481536865234,1.0,1.0,12.303882598876953,0.10208439826965332
19.069204330444336,-0.6513245701789856,0.8033890724182129,-0.019070005044341087,0.010492910631000996,0.5440459251403809,257.7087707519531,0.6599609851837158,286.15704345703125,-0.5175002217292786,0.8323350548744202,-0.008398056030273438,1.0,1.0,12.303882598876953,0.11591506004333496
19.069704055786133,-0.7587395310401917,0.6985255479812622,0.013156557455658913,0.03095952793955803,0.7318739891052246,300.6602478027344,0.8036391735076904,286.1822204589844,-0.5998709201812744,0.7517253756523132,-0.034918785095214844,1.0,1.0,12.303882598876953,0.07176518440246582
19.07020378112793,-0.8515068888664246,0.5852054357528687,-0.023903990164399147,0.005841407459229231,0.8822054862976074,300.6602478027344,0.9476053714752197,286.2189025878906,-0.7363240122795105,0.6447866559028625,-0.0006656646728515625,1.0,1.0,12.303882598876953,0.0653998851776123
19.070703506469727,-0.9276735782623291,0.4600456953048706,0.009933900088071823,-0.0006706981803290546,1.0177874565124512,289.9223937988281,1.090364694595337,286.2042541503906,-0.8046826720237732,0.540679395198822,-0.01590442657470703,1.0,1.0,12.303882598876953,0.07257723808288574
19.071203231811523,-0.9833340644836426,0.3230469822883606,-0.017458677291870117,-0.0071828025393188,1.1627516746520996,289.9223937988281,1.2333319187164307,286.1985168457031,-0.8652018308639526,0.40473222732543945,-0.0047473907470703125,1.0,1.0,12.303882598876953,0.07058024406433105
19.071704864501953,-1.0184880495071411,0.18097369372844696,-0.019070005044341087,-0.017416110262274742,1.307715892791748,289.9223937988281,1.3765480518341064,286.2034912109375,-0.9276456236839294,0.2901126444339752,-0.013554573059082031,1.0,1.0,12.303882598876953,0.0688321590423584
19.07220458984375,-1.0331356525421143,0.03382711485028267,-0.019070005044341087,-0.009973703883588314,1.4526782035827637,289.9223937988281,1.5194666385650635,286.1958923339844,-0.9568252563476562,0.14919310808181763,-0.008028030395507812,1.0,1.0,12.303882598876953,0.0667884349822998
19.072704315185547,-1.0272765159606934,-0.11162837594747543,-0.03518328443169594,-0.01183430477976799,1.5535006523132324,257.96673583984375,1.6616613864898682,286.15789794921875,-0.9749990105628967,0.019837506115436554,-0.015932083129882812,1.0,1.0,12.303882598876953,0.10816073417663574
19.073204040527344,-0.9960286617279053,-0.25370165705680847,-0.027126645669341087,-0.014625207521021366,1.6824908256530762,257.96673583984375,1.803325891494751,286.098388671875,-0.9140353202819824,-0.08384764194488525,-0.04592084884643555,1.0,1.0,12.303882598876953,0.1208350658416748
19.07370376586914,-0.9686867594718933,-0.3822439908981323,0.017990542575716972,-0.01276460662484169,1.855344295501709,289.9223937988281,1.9449498653411865,286.0384521484375,-1.0332627296447754,-0.24697968363761902,-0.04440927505493164,1.0,1.0,12.303882598876953,0.08960556983947754
19.074203491210938,-0.8876373171806335,-0.5226258039474487,-0.014236021786928177,-0.01648581027984619,2.0003085136413574,289.9223937988281,2.086885690689087,285.9930419921875,-0.8562480807304382,-0.3681468069553375,-0.014804840087890625,1.0,1.0,12.303882598876953,0.08657717704772949
19.074703216552734,-0.8144000172615051,-0.6359459161758423,0.022824525833129883,-0.015555508434772491,2.145263195037842,289.9223937988281,2.2287442684173584,285.9452819824219,-0.8359909057617188,-0.4910983145236969,-0.031672000885009766,1.0,1.0,12.303882598876953,0.0834810733795166
19.075204849243164,-0.7128439545631409,-0.7509575486183167,-0.014236020855605602,-0.010904005728662014,2.2902274131774902,289.9223937988281,2.370516061782837,285.8951110839844,-0.7440289855003357,-0.6273371577262878,-0.003970146179199219,1.0,1.0,12.303882598876953,0.08028864860534668
19.07570457458496,-0.6044524908065796,-0.8439809679985046,-0.009402036666870117,-0.021137313917279243,2.4499316215515137,300.6602478027344,2.512985944747925,285.8750915527344,-0.6625824570655823,-0.7337276935577393,-0.010679244995117188,1.0,1.0,12.303882598876953,0.06305432319641113
19.076204299926758,-0.47164860367774963,-0.921782910823822,-0.012624692171812057,-0.015555508434772491,2.6002612113952637,300.6602478027344,2.6550800800323486,285.8397216796875,-0.49974530935287476,-0.7955297827720642,0.02094554901123047,1.0,1.0,12.303882598876953,0.05481886863708496
19.076704025268555,-0.33689191937446594,-0.9792888760566711,-0.012624693103134632,-0.01741611212491989,2.676970958709717,247.21812438964844,2.798074960708618,285.84271240234375,-0.41316232085227966,-0.8681901693344116,-0.005440235137939453,1.0,1.0,12.303882598876953,0.12110400199890137
19.07720375061035,-0.1943233609199524,-1.0164985656738281,-0.006179381161928177,-0.021137313917279243,2.8005785942077637,247.21812438964844,2.9407036304473877,285.8304138183594,-0.26548272371292114,-0.9172176122665405,0.014439582824707031,1.0,1.0,12.303882598876953,0.14012503623962402
19.07770347595215,-0.051754552870988846,-1.030029296875,0.0018772594630718231,-0.029510019347071648,2.9975600242614746,300.6602478027344,3.0844547748565674,285.8655090332031,-0.15864694118499756,-0.96560138463974,-0.01050424575805664,1.0,1.0,12.303882598876953,0.08689475059509277
19.078203201293945,0.09862658381462097,-1.0266464948654175,0.008322572335600853,-0.0016009986866265535,3.1478915214538574,300.6602478027344,-3.0555877685546875,285.8742980957031,-0.01916268654167652,-0.9458023905754089,-0.01106119155883789,1.0,1.0,12.303882598876953,0.07970619201660156
19.078704833984375,0.24510131776332855,-1.0063505172729492,0.011545228771865368,-0.022067612037062645,3.2789416313171387,286.6160583496094,-2.9125449657440186,285.8787841796875,0.13557086884975433,-0.9528458118438721,0.007565498352050781,1.0,1.0,12.303882598876953,0.09169912338256836
19.079204559326172,0.3779050409793854,-0.9556100368499756,0.019601868465542793,-0.009973703883588314,3.422248363494873,286.6160583496094,-2.7700037956237793,285.862060546875,0.21626564860343933,-0.9240383505821228,-0.04663372039794922,1.0,1.0,12.303882598876953,0.09093332290649414
19.07970428466797,0.5126617550849915,-0.8947216868400574,0.027658510953187943,-0.018346410244703293,3.5302767753601074,259.9693603515625,-2.6277308464050293,285.83447265625,0.3755916357040405,-0.8944888114929199,-0.02117609977722168,1.0,1.0,12.303882598876953,0.12517786026000977
19.080204010009766,0.6415598392486572,-0.8270676732063293,-0.04485125467181206,-0.0006706981803290546,3.660264492034912,259.9693603515625,-2.4870266914367676,285.7413330078125,0.5164492726325989,-0.8401398062705994,-0.0082244873046875,1.0,1.0,12.303882598876953,0.1358942985534668
19.080703735351562,0.7470216751098633,-0.7188217043876648,-0.007790707983076572,-0.01462520845234394,3.8457446098327637,300.3598937988281,-2.3447048664093018,285.7181396484375,0.6131085157394409,-0.7257717251777649,-0.00024366378784179688,1.0,1.0,12.303882598876953,0.09273576736450195
19.08120346069336,0.8397891521453857,-0.6055014133453369,0.014767885208129883,-0.0071828025393188,3.9959254264831543,300.3598937988281,-2.201972723007202,285.7127380371094,0.7055928707122803,-0.625974178314209,0.000698089599609375,1.0,1.0,12.303882598876953,0.08528757095336914
19.081701278686523,0.9140024781227112,-0.4837247133255005,0.016379212960600853,-0.006252502091228962,4.112905025482178,276.3797912597656,-2.0598554611206055,285.6815185546875,0.7825576663017273,-0.5432185530662537,-0.02264547348022461,1.0,1.0,12.303882598876953,0.11042499542236328
19.08220100402832,0.965756893157959,-0.34672579169273376,0.016379212960600853,-0.0025312991347163916,4.251094341278076,276.3797912597656,-1.917823076248169,285.64739990234375,0.8046556711196899,-0.43635842204093933,-0.05493593215942383,1.0,1.0,12.303882598876953,0.11426782608032227
19.08270263671875,1.0106760263442993,-0.20803555846214294,0.019601868465542793,-0.006252502091228962,4.421403408050537,300.6602478027344,-1.775867223739624,285.611083984375,0.9230210781097412,-0.29155221581459045,-0.00574183464050293,1.0,1.0,12.303882598876953,0.08591508865356445
19.083202362060547,1.0292295217514038,-0.06765380501747131,-0.014236020855605602,0.00025960284983739257,4.571732997894287,300.6602478027344,-1.6334643363952637,285.5940856933594,0.9712193012237549,-0.18530021607875824,-0.030831098556518555,1.0,1.0,12.303882598876953,0.0779881477355957
19.083702087402344,1.0272765159606934,0.0845673605799675,0.032492496073246,0.012353513389825821,4.707858562469482,289.9223937988281,-1.490994930267334,285.58038330078125,0.9536707997322083,-0.019212789833545685,-0.0048143863677978516,1.0,1.0,12.303882598876953,0.08433198928833008
19.08420181274414,1.0126290321350098,0.224948912858963,0.009933901019394398,-0.0025312991347163916,4.852820873260498,289.9223937988281,-1.3489530086517334,285.54888916015625,1.008759617805481,0.11056675016880035,-0.017606019973754883,1.0,1.0,12.303882598876953,0.08141183853149414
19.084701538085938,0.9647808074951172,0.36194783449172974,0.017990540713071823,0.00025960232596844435,4.998164653778076,290.21258544921875,-1.206945538520813,285.5166015625,0.9802249670028687,0.22582939267158508,-0.042464494705200195,1.0,1.0,12.303882598876953,0.07807540893554688
19.085201263427734,0.9003317356109619,0.5006382465362549,-0.0013453960418701172,0.0002596029080450535,5.1432719230651855,290.21258544921875,-1.065300703048706,285.4696960449219,0.8453205823898315,0.34348374605178833,-0.02452826499938965,1.0,1.0,12.303882598876953,0.07461309432983398
19.0856990814209,0.8319768905639648,0.6190323233604431,0.029269836843013763,0.0030505049508064985,5.245086193084717,257.7087707519531,-0.9236352443695068,285.4244689941406,0.9209880232810974,0.49328726530075073,-0.06059002876281738,1.0,1.0,12.303882598876953,0.11446428298950195
19.086200714111328,0.7265152335166931,0.7272782921791077,0.021213196218013763,0.011423210613429546,5.373940944671631,257.7087707519531,-0.7812135219573975,285.412109375,0.7675688862800598,0.5846997499465942,-0.04368853569030762,1.0,1.0,12.303882598876953,0.12803125381469727
19.086700439453125,0.6142174601554871,0.8270676732063293,0.030881166458129883,0.026308024302124977,5.545409679412842,289.9223937988281,-0.6391284465789795,285.3860168457031,0.6605833768844604,0.7067201137542725,-0.017527103424072266,1.0,1.0,12.303882598876953,0.0986475944519043
19.087200164794922,0.4950850009918213,0.9014869928359985,0.0002659321762621403,0.006771707907319069,5.69037389755249,289.9223937988281,-0.49699902534484863,285.36212158203125,0.5791012048721313,0.7740617990493774,-0.050438880920410156,1.0,1.0,12.303882598876953,0.09581232070922852
19.08769989013672,0.35642215609550476,0.9657580852508545,0.040549132972955704,0.018865615129470825,5.835334300994873,289.9223937988281,-0.3552381992340088,285.3235778808594,0.40829506516456604,0.8437906503677368,-0.00036835670471191406,1.0,1.0,12.303882598876953,0.09261274337768555
19.088199615478516,0.22166527807712555,1.0029675960540771,0.0034885890781879425,0.025377722457051277,5.980296611785889,289.9223937988281,-0.21211576461791992,285.3428649902344,0.3027017116546631,0.9158207774162292,-0.012084007263183594,1.0,1.0,12.303882598876953,0.09077310562133789
19.088699340820312,0.06542539596557617,1.0367945432662964,0.03571515157818794,0.021656520664691925,6.125640392303467,290.21258544921875,-0.06894564628601074,285.364013671875,0.10898762941360474,0.9677554965019226,0.052095890045166016,1.0,1.0,12.303882598876953,0.08859968185424805
19.08919906616211,-0.07519032061100006,1.0266464948654175,-0.006179381161928177,0.02723832242190838,6.270747661590576,290.21258544921875,0.07387661933898926,285.3695983886719,0.04231914132833481,0.9612080454826355,-0.022890329360961914,1.0,1.0,12.303882598876953,0.08631467819213867
19.08970069885254,-0.22166503965854645,1.009732961654663,-0.015847349539399147,0.012353511527180672,0.07517051696777344,246.97091674804688,0.21574616432189941,285.3352355957031,-0.12467336654663086,0.9652828574180603,0.00780177116394043,1.0,1.0,12.303882598876953,0.14057564735412598
19.090200424194336,-0.36032792925834656,0.962375283241272,-0.028737973421812057,0.017935315147042274,0.1986541748046875,246.97091674804688,0.35973143577575684,285.3907165527344,-0.25571465492248535,0.9422494173049927,0.000362396240234375,1.0,1.0,12.303882598876953,0.16107726097106934
19.090700149536133,-0.498990923166275,0.9082521796226501,-0.020681334659457207,0.007702008355408907,0.3991508483886719,305.18145751953125,0.5016794204711914,285.3595886230469,-0.4340788722038269,0.8997218608856201,0.043094635009765625,1.0,1.0,12.303882598876953,0.10252857208251953
19.09119987487793,-0.6210530400276184,0.8219937086105347,0.040549136698246,0.07096245884895325,0.5517444610595703,305.18145751953125,0.6444275379180908,285.3623352050781,-0.46310165524482727,0.849251389503479,-0.05032777786254883,1.0,1.0,12.303882598876953,0.09268307685852051
19.091699600219727,-0.7343271374702454,0.7272785305976868,-0.0013453960418701172,0.020726218819618225,0.6784687042236328,286.3431091308594,0.7879593372344971,285.3978576660156,-0.6181396842002869,0.7336447238922119,0.0073201656341552734,1.0,1.0,12.303882598876953,0.10949063301086426
19.092199325561523,-0.8290473818778992,0.6173407435417175,0.06310772895812988,0.06538064777851105,0.8216400146484375,286.3431091308594,0.9297010898590088,285.357421875,-0.6871629357337952,0.6798555850982666,-0.04406547546386719,1.0,1.0,12.303882598876953,0.10806107521057129
19.09269905090332,-0.9100966453552246,0.49048978090286255,0.026047181338071823,0.008632308803498745,0.9127235412597656,246.97091674804688,1.0733797550201416,285.3990173339844,-0.788335382938385,0.5283464193344116,0.00206756591796875,1.0,1.0,12.303882598876953,0.16065621376037598
19.09320068359375,-0.9706394672393799,0.35856521129608154,-0.03357195854187012,0.011423211544752121,1.0362071990966797,246.97091674804688,1.215663194656372,285.3814392089844,-0.8838127851486206,0.4347079396247864,-0.006922245025634766,1.0,1.0,12.303882598876953,0.17945599555969238
19.093700408935547,-1.008723258972168,0.21818344295024872,-0.017458677291870117,0.003980805166065693,1.2166118621826172,290.21258544921875,1.357616662979126,285.3504638671875,-0.9301052093505859,0.31530898809432983,-0.01866912841796875,1.0,1.0,12.303882598876953,0.1410048007965088
19.094200134277344,-1.024346947669983,0.0761105865240097,-0.028737973421812057,-0.008113102987408638,1.3617191314697266,290.21258544921875,1.499415636062622,285.3134765625,-0.9722499847412109,0.2187495082616806,-0.055095672607421875,1.0,1.0,12.303882598876953,0.1376965045928955
19.09469985961914,-1.039971113204956,-0.06257964670658112,0.0034885883796960115,-0.0006706977728754282,1.4922332763671875,279.18450927734375,1.641124963760376,285.2738037109375,-1.0524964332580566,0.06806948781013489,-0.04003143310546875,1.0,1.0,12.303882598876953,0.14889168739318848
19.095199584960938,-1.0096995830535889,-0.21649233996868134,-0.031960628926754,-0.002531298203393817,1.6318244934082031,279.18450927734375,1.7828924655914307,285.2372741699219,-0.9654757976531982,-0.09738972038030624,-0.01659679412841797,1.0,1.0,12.303882598876953,0.15106797218322754
19.095699310302734,-0.9696630835533142,-0.35349148511886597,-0.011013364419341087,-0.01090400479733944,1.7998294830322266,300.6602478027344,1.924436330795288,285.19207763671875,-0.9276889562606812,-0.2237798422574997,-0.022009849548339844,1.0,1.0,12.303882598876953,0.12460684776306152
19.09619903564453,-0.9110730290412903,-0.48879867792129517,-0.025515317916870117,-0.006252502091228962,1.9501609802246094,300.6602478027344,2.0660035610198975,285.1490173339844,-0.88072669506073,-0.37208354473114014,-0.0004734992980957031,1.0,1.0,12.303882598876953,0.11584258079528809
19.09670066833496,-0.8319768309593201,-0.6122668981552124,0.021213198080658913,-0.014625207521021366,2.029460906982422,246.97091674804688,2.2080743312835693,285.1278076171875,-0.8260834813117981,-0.4988611042499542,0.0009989738464355469,1.0,1.0,12.303882598876953,0.17861342430114746
19.097200393676758,-0.7362801432609558,-0.7238959074020386,-0.015847349539399147,-0.015555509366095066,2.152944564819336,246.97091674804688,2.3491461277008057,285.0652160644531,-0.7472962141036987,-0.6052525639533997,-0.0026197433471679688,1.0,1.0,12.303882598876953,0.19620156288146973
19.097698211669922,-0.6269120573997498,-0.8186113834381104,-0.011013365350663662,-0.020207012072205544,2.3329696655273438,289.9223937988281,2.4912607669830322,285.04766845703125,-0.6502660512924194,-0.686409056186676,-0.013114452362060547,1.0,1.0,12.303882598876953,0.15829110145568848
19.09819793701172,-0.5107085704803467,-0.8981041312217712,-0.020681332796812057,-0.022067615762352943,2.4779300689697266,289.9223937988281,2.632398843765259,284.98919677734375,-0.6141961216926575,-0.7750381231307983,-0.06626319885253906,1.0,1.0,12.303882598876953,0.15446877479553223
19.098697662353516,-0.3759518563747406,-0.9556100368499756,-0.014236020855605602,-0.018346410244703293,2.6232738494873047,290.21258544921875,2.774611711502075,284.97735595703125,-0.4675002694129944,-0.8202716708183289,-0.05632305145263672,1.0,1.0,12.303882598876953,0.1513378620147705
19.099197387695312,-0.23533600568771362,-1.0029675960540771,0.008322572335600853,-0.025788817554712296,2.7683792114257812,290.21258544921875,2.9166338443756104,284.9577941894531,-0.30710920691490173,-0.9037055373191833,-0.007718563079833984,1.0,1.0,12.303882598876953,0.1482546329498291
19.09969711303711,-0.08886153250932693,-1.030029296875,-0.006179380230605602,-0.013694907538592815,2.9131031036376953,289.9223937988281,3.0591013431549072,284.9573669433594,-0.1742336004972458,-0.9519371390342712,-0.0036072731018066406,1.0,1.0,12.303882598876953,0.14599823951721191
19.10019874572754,0.05566047132015228,-1.0266464948654175,-0.009402036666870117,-0.013694907538592815,3.058065414428711,289.9223937988281,-3.081658363342285,284.9548645019531,-0.0956776812672615,-0.9348727464675903,-0.0672609806060791,1.0,1.0,12.303882598876953,0.1434617042541504
19.100698471069336,0.2060408741235733,-1.0164985656738281,0.022824525833129883,-0.021137313917279243,3.1604042053222656,257.7087707519531,-2.938551187515259,284.98162841796875,0.15484243631362915,-0.9787068367004395,0.049025535583496094,1.0,1.0,12.303882598876953,0.18423032760620117
19.101198196411133,0.3447040021419525,-0.9725233912467957,0.019601870328187943,-0.026719115674495697,3.2892589569091797,257.7087707519531,-2.7954916954040527,285.0052185058594,0.2137557715177536,-0.968305766582489,-0.03401589393615723,1.0,1.0,12.303882598876953,0.19843482971191406
19.10169792175293,0.4794609546661377,-0.9116352200508118,0.040549136698246,-0.01090400479733944,3.461118698120117,290.21258544921875,-2.6538968086242676,284.9671936035156,0.3588481843471527,-0.8794129490852356,-0.005341291427612305,1.0,1.0,12.303882598876953,0.16816997528076172
19.102197647094727,0.5956644415855408,-0.8389073014259338,0.032492492347955704,-0.01183430664241314,3.6062240600585938,290.21258544921875,-2.513671636581421,284.8721618652344,0.4423424303531647,-0.8725749254226685,-0.06409049034118652,1.0,1.0,12.303882598876953,0.16328954696655273
19.10269546508789,0.7226090431213379,-0.7475746870040894,-0.004568052478134632,-0.01648581027984619,3.7506561279296875,289.9223937988281,-2.3711094856262207,284.8777160644531,0.6463134288787842,-0.7541571259498596,0.03311657905578613,1.0,1.0,12.303882598876953,0.16141986846923828
19.103195190429688,0.8114703297615051,-0.6342543959617615,0.024435853585600853,-0.009043404832482338,3.8956165313720703,289.9223937988281,-2.227520704269409,284.92596435546875,0.701624870300293,-0.6930350065231323,-0.02769780158996582,1.0,1.0,12.303882598876953,0.1600480079650879
19.103696823120117,0.8993549942970276,-0.5090948343276978,0.008322573266923428,-0.005322201177477837,4.040578842163086,289.9223937988281,-2.0851011276245117,284.9242858886719,0.7865625619888306,-0.5502293109893799,-0.0011827945709228516,1.0,1.0,12.303882598876953,0.15750551223754883
19.104196548461914,0.9579453468322754,-0.3737872242927551,0.019601868465542793,-0.0025312991347163916,4.185541152954102,289.9223937988281,-1.9442321062088013,284.857177734375,0.7941041588783264,-0.42714616656303406,-0.025263547897338867,1.0,1.0,12.303882598876953,0.1534123420715332
19.10469627380371,1.0038405656814575,-0.2401709407567978,0.024435851722955704,-0.0071828025393188,4.287879943847656,257.7087707519531,-1.801932692527771,284.85174560546875,0.9048398733139038,-0.31904336810112,-0.01299595832824707,1.0,1.0,12.303882598876953,0.1933727264404297
19.105195999145508,1.0184881687164307,-0.09302392601966858,0.09050031006336212,0.04212313890457153,4.41673469543457,257.7087707519531,-1.6604070663452148,284.81378173828125,0.933289647102356,-0.19540587067604065,-0.021977663040161133,1.0,1.0,12.303882598876953,0.20604372024536133
19.105695724487305,1.025323748588562,0.04735783487558365,0.032492496073246,0.012353513389825821,4.58820915222168,289.9223937988281,-1.5205094814300537,284.70855712890625,0.9361025094985962,-0.05814988538622856,-0.017539262771606445,1.0,1.0,12.303882598876953,0.17446660995483398
19.1061954498291,1.0155583620071411,0.18604785203933716,0.016379212960600853,0.0049111065454781055,4.733171463012695,289.9223937988281,-1.3788443803787231,284.6796569824219,0.9884855151176453,0.07883340120315552,-0.017591238021850586,1.0,1.0,12.303882598876953,0.17116975784301758
19.1066951751709,0.9813811779022217,0.3264296054840088,0.017990540713071823,0.00025960232596844435,4.892433166503906,300.96124267578125,-1.2375679016113281,284.6349792480469,0.9903821349143982,0.2122666984796524,-0.027373075485229492,1.0,1.0,12.303882598876953,0.1531844139099121
19.107196807861328,0.9276735782623291,0.4600459039211273,0.009933901019394398,0.0049111065454781055,5.042915344238281,300.96124267578125,-1.0956757068634033,284.61712646484375,0.9554691314697266,0.3516629636287689,-0.0277407169342041,1.0,1.0,12.303882598876953,0.14459466934204102
19.107696533203125,0.8466241359710693,0.5868969559669495,0.006711243651807308,0.019795916974544525,5.178792953491211,289.9223937988281,-0.9541423320770264,284.5845947265625,0.8774592876434326,0.4735453128814697,-0.027064085006713867,1.0,1.0,12.303882598876953,0.15024995803833008
19.108196258544922,0.7450683116912842,0.7019081115722656,0.019601868465542793,0.010492909699678421,5.323753356933594,289.9223937988281,-0.8115651607513428,284.5965881347656,0.7573338150978088,0.5732640027999878,-0.016542673110961914,1.0,1.0,12.303882598876953,0.14786672592163086
19.10869598388672,0.6376534104347229,0.8067719340324402,0.05021710321307182,0.015144414268434048,5.426094055175781,257.7087707519531,-0.6689028739929199,284.61187744140625,0.6720879077911377,0.694739580154419,-0.0051174163818359375,1.0,1.0,12.303882598876953,0.1881885528564453
19.109195709228516,0.5126619935035706,0.8913388848304749,0.013156556524336338,0.016074715182185173,5.554948806762695,257.7087707519531,-0.5256719589233398,284.65087890625,0.5003297328948975,0.7821789979934692,0.051656246185302734,1.0,1.0,12.303882598876953,0.20256471633911133
19.109695434570312,0.3837641775608063,0.9556100368499756,0.04699444770812988,0.0077020092867314816,5.726806640625,290.21258544921875,-0.3824193477630615,284.69000244140625,0.4221701920032501,0.8562855124473572,0.0193021297454834,1.0,1.0,12.303882598876953,0.17395925521850586
19.11019515991211,0.2529130280017853,0.9995852112770081,0.040549136698246,0.03747162967920303,5.871913909912109,290.21258544921875,-0.2403273582458496,284.6789245605469,0.40499448776245117,0.950594961643219,-0.06785988807678223,1.0,1.0,12.303882598876953,0.1709442138671875
19.11069679260254,0.10253237932920456,1.0232640504837036,0.04216046258807182,0.017935315147042274,6.030550003051758,300.6602478027344,-0.09765887260437012,284.6929016113281,0.18537552654743195,0.9595460891723633,0.0016813278198242188,1.0,1.0,12.303882598876953,0.15497636795043945
19.111196517944336,-0.043942343443632126,1.030029296875,0.024435853585600853,0.03747162967920303,6.180881500244141,300.6602478027344,0.04507279396057129,284.708740234375,0.07884293049573898,0.9855374693870544,-0.03016829490661621,1.0,1.0,12.303882598876953,0.14737653732299805
19.111696243286133,-0.1943233609199524,1.0164985656738281,-0.023903988301753998,0.024447420611977577,6.274728775024414,257.96673583984375,0.18707799911499023,284.6940002441406,-0.12900656461715698,0.9628143906593323,0.04114556312561035,1.0,1.0,12.303882598876953,0.19553470611572266
19.11219596862793,-0.3349390923976898,0.9725233912467957,-0.022292662411928177,0.019795916974544525,0.12052583694458008,257.96673583984375,0.33183717727661133,284.7956237792969,-0.2643814980983734,0.9259632229804993,0.041345834732055664,1.0,1.0,12.303882598876953,0.21131134033203125
19.112695693969727,-0.47555479407310486,0.9150176644325256,-0.04323992505669594,0.013283812440931797,0.31202173233032227,305.18145751953125,0.47504496574401855,284.8298645019531,-0.4095350503921509,0.8848938345909119,0.05353283882141113,1.0,1.0,12.303882598876953,0.1630232334136963
19.113195419311523,-0.6054289937019348,0.8422897458076477,0.0808323323726654,0.06258974969387054,0.4646115303039551,305.18145751953125,0.6173033714294434,284.823486328125,-0.476737380027771,0.8475496768951416,-0.010065555572509766,1.0,1.0,12.303882598876953,0.15269184112548828
19.11369514465332,-0.7167500853538513,0.7441920638084412,0.0002659321762621403,0.006771707907319069,0.590944766998291,286.0706481933594,0.7622716426849365,284.93048095703125,-0.6110266447067261,0.7530348896980286,0.014387845993041992,1.0,1.0,12.303882598876953,0.1713268756866455
19.11419677734375,-0.8183057904243469,0.6359456777572632,0.09211163222789764,0.05607764422893524,0.733980655670166,286.0706481933594,0.9054930210113525,284.962158203125,-0.6989546418190002,0.7034874558448792,-0.028501510620117188,1.0,1.0,12.303882598876953,0.17151236534118652
19.114694595336914,-0.9052141308784485,0.5124778747558594,0.017990540713071823,0.003980805166065693,0.8818211555480957,289.9223937988281,1.0498344898223877,285.0400390625,-0.820059597492218,0.5602018237113953,0.016693592071533203,1.0,1.0,12.303882598876953,0.168013334274292
19.11519432067871,-0.9608743786811829,0.3754787743091583,-0.027126645669341087,0.011423210613429546,1.0267815589904785,289.9223937988281,1.191908597946167,285.021240234375,-0.8305684924125671,0.445773720741272,-0.018808364868164062,1.0,1.0,12.303882598876953,0.16512703895568848
19.115694046020508,-1.0106760263442993,0.2418622523546219,0.014767885208129883,-0.0071828025393188,1.12949800491333,257.96673583984375,1.334078073501587,285.0069580078125,-0.9548288583755493,0.3140450119972229,0.013979911804199219,1.0,1.0,12.303882598876953,0.20458006858825684
19.116193771362305,-1.0350884199142456,0.09809786826372147,-0.022292660549283028,-0.0025312991347163916,1.2584805488586426,257.96673583984375,1.4760682582855225,284.9852600097656,-0.989949643611908,0.20182549953460693,-0.011485576629638672,1.0,1.0,12.303882598876953,0.21758770942687988
19.1166934967041,-1.038994550704956,-0.04397457093000412,-0.0013453960418701172,-0.003461600048467517,1.429741382598877,289.9223937988281,1.6177823543548584,284.9525146484375,-1.0399342775344849,0.09145048260688782,-0.03992414474487305,1.0,1.0,12.303882598876953,0.18804097175598145
19.1171932220459,-1.0136054754257202,-0.19619616866111755,-0.025515317916870117,-0.006252502091228962,1.5747036933898926,289.9223937988281,1.7594139575958252,284.91705322265625,-0.9515180587768555,-0.06901117414236069,-0.021376609802246094,1.0,1.0,12.303882598876953,0.18471026420593262
19.117694854736328,-0.9755222201347351,-0.33657747507095337,0.021213196218013763,-0.0071828025393188,1.7338719367980957,300.6602478027344,1.90041184425354,284.8555908203125,-0.9218976497650146,-0.18059535324573517,-0.04143381118774414,1.0,1.0,12.303882598876953,0.16653990745544434
19.118194580078125,-0.9208381175994873,-0.4718851149082184,-0.019070005044341087,0.004911107011139393,1.8842015266418457,300.6602478027344,2.0418031215667725,284.8120422363281,-0.8796645402908325,-0.34103575348854065,-0.006289958953857422,1.0,1.0,12.303882598876953,0.15760159492492676
19.11869239807129,-0.8466243743896484,-0.5936622023582458,0.029269838705658913,-0.017416110262274742,2.0342297554016113,300.6602478027344,2.184063673019409,284.8057556152344,-0.8458675742149353,-0.45562344789505005,-0.024392127990722656,1.0,1.0,12.303882598876953,0.14983391761779785
19.119192123413086,-0.7479979991912842,-0.7171304225921631,-0.020681332796812057,-0.009043403901159763,2.184561252593994,300.6602478027344,2.3260138034820557,284.7869873046875,-0.7023299932479858,-0.5953201055526733,0.04296875,1.0,1.0,12.303882598876953,0.14145255088806152
19.119691848754883,-0.6454655528068542,-0.8067715167999268,-0.009402036666870117,-0.021137313917279243,2.2642407417297363,247.21812438964844,2.4681236743927,284.77496337890625,-0.6731470823287964,-0.6712660789489746,-0.018523216247558594,1.0,1.0,12.303882598876953,0.20388293266296387
19.12019157409668,-0.5253562331199646,-0.8930301666259766,-0.028737973421812057,-0.022997913882136345,2.387850284576416,247.21812438964844,2.609590768814087,284.736328125,-0.591669499874115,-0.7854490280151367,-0.01880931854248047,1.0,1.0,12.303882598876953,0.2217404842376709
19.120691299438477,-0.38962292671203613,-0.9589928984642029,-0.023903988301753998,-0.016485808417201042,2.5821633338928223,300.6602478027344,2.7521603107452393,284.74481201171875,-0.4297851324081421,-0.8447333574295044,0.013713836669921875,1.0,1.0,12.303882598876953,0.169996976852417
19.121191024780273,-0.24705402553081512,-1.0063505172729492,0.006711244583129883,-0.026719115674495697,2.7324929237365723,300.6602478027344,2.8958580493927,284.8004150390625,-0.29193976521492004,-0.904033899307251,0.02838611602783203,1.0,1.0,12.303882598876953,0.16336512565612793
19.121692657470703,-0.11034434288740158,-1.030029296875,0.0018772603943943977,-0.01462520845234394,2.88322114944458,300.96124267578125,3.037188768386841,284.75537109375,-0.21710966527462006,-0.9670170545578003,-0.021663188934326172,1.0,1.0,12.303882598876953,0.15396761894226074
19.1221923828125,0.043942466378211975,-1.0367945432662964,-0.0029567237943410873,-0.019276710227131844,3.033700466156006,300.96124267578125,-3.102510690689087,284.8021545410156,-0.030979787930846214,-0.9868453145027161,0.024529695510864258,1.0,1.0,12.303882598876953,0.1469740867614746
19.122692108154297,0.19041718542575836,-1.0232640504837036,0.014767885208129883,-0.018346410244703293,3.1695666313171387,289.9223937988281,-2.958970069885254,284.85009765625,0.11577039957046509,-1.0061179399490356,0.02696061134338379,1.0,1.0,12.303882598876953,0.1546487808227539
19.123191833496094,0.33493897318840027,-0.9860541224479675,-0.027126645669341087,-0.009043403901159763,3.314527988433838,289.9223937988281,-2.8166120052337646,284.8470458984375,0.21060100197792053,-0.9654399156570435,-0.015362739562988281,1.0,1.0,12.303882598876953,0.15204572677612305
19.12369155883789,0.4716491401195526,-0.9251657724380493,0.027658510953187943,-0.018346410244703293,3.416922092437744,257.96673583984375,-2.673102378845215,284.8927001953125,0.38411378860473633,-0.9049453139305115,0.027962446212768555,1.0,1.0,12.303882598876953,0.1931610107421875
19.124191284179688,0.5907818675041199,-0.847364068031311,0.008322572335600853,-0.010904005728662014,3.5459046363830566,257.96673583984375,-2.530921697616577,284.88165283203125,0.4590458869934082,-0.848816454410553,-0.020078659057617188,1.0,1.0,12.303882598876953,0.2063593864440918
19.124691009521484,0.7177265286445618,-0.7560314536094666,0.011545227840542793,-0.014625207521021366,3.71681547164917,289.6327819824219,-2.3873822689056396,284.9280090332031,0.6414495706558228,-0.7690039873123169,0.03608250617980957,1.0,1.0,12.303882598876953,0.17898797988891602
19.125192642211914,0.8114703297615051,-0.6410200595855713,0.011545227840542793,-0.01276460662484169,3.8616318702697754,289.6327819824219,-2.2446084022521973,284.94085693359375,0.6713204383850098,-0.6901684403419495,-0.030619144439697266,1.0,1.0,12.303882598876953,0.17694520950317383
19.12569236755371,0.9003319144248962,-0.5209342837333679,0.016379212960600853,-0.008113102987408638,4.00683069229126,289.9223937988281,-2.101605176925659,284.9634094238281,0.8062121272087097,-0.5539073348045349,0.023873090744018555,1.0,1.0,12.303882598876953,0.17474985122680664
19.126192092895508,0.9638040661811829,-0.3839353322982788,0.0002659326419234276,-0.009973705746233463,4.151792049407959,289.9223937988281,-1.9587332010269165,284.979736328125,0.8233829736709595,-0.4223753809928894,0.008951187133789062,1.0,1.0,12.303882598876953,0.17266035079956055
19.126691818237305,1.0077465772628784,-0.24693641066551208,0.022824525833129883,0.0049111065454781055,4.310959339141846,300.6602478027344,-1.8162720203399658,284.9784240722656,0.9173866510391235,-0.3385970890522003,-0.013207197189331055,1.0,1.0,12.303882598876953,0.15595388412475586
19.1271915435791,1.021417498588562,-0.09471545368432999,0.10661358386278152,0.04770493879914284,4.461289882659912,300.6602478027344,-1.6744019985198975,284.95245361328125,0.8818318247795105,-0.17018061876296997,0.00793910026550293,1.0,1.0,12.303882598876953,0.14749383926391602
19.1276912689209,1.0331354141235352,0.04059236869215965,0.005099916364997625,0.002120204269886017,4.5406670570373535,247.21812438964844,-1.5339488983154297,284.8676452636719,0.9414018392562866,-0.07400795817375183,-0.02047276496887207,1.0,1.0,12.303882598876953,0.20856952667236328
19.128192901611328,1.0184879302978516,0.18097391724586487,0.017990540713071823,0.00956260971724987,4.664276599884033,247.21812438964844,-1.3926223516464233,284.8210754394531,0.9695445895195007,0.05265030637383461,-0.029146909713745117,1.0,1.0,12.303882598876953,0.2262864112854004
19.128692626953125,0.9813811779022217,0.3264296054840088,0.017990540713071823,0.00025960232596844435,4.844384670257568,289.9223937988281,-1.2515519857406616,284.7646179199219,0.9504324793815613,0.18315230309963226,-0.03413748741149902,1.0,1.0,12.303882598876953,0.18724870681762695
19.129192352294922,0.9315795302391052,0.45328041911125183,0.009933901950716972,0.012353513389825821,4.989346027374268,289.9223937988281,-1.1102449893951416,284.7193298339844,0.9583488702774048,0.3272009789943695,-0.036829233169555664,1.0,1.0,12.303882598876953,0.1835942268371582
19.12969207763672,0.8476008772850037,0.5919708609580994,0.0002659321762621403,0.006771707907319069,5.148512363433838,300.6602478027344,-0.9684667587280273,284.6949768066406,0.7886027097702026,0.4615497887134552,0.022141218185424805,1.0,1.0,12.303882598876953,0.16620635986328125
19.130191802978516,0.7597159743309021,0.6968344449996948,0.005099916830658913,0.015144414268434048,5.298841953277588,300.6602478027344,-0.8259649276733398,284.7013854980469,0.7711277008056641,0.5628498196601868,-0.019539356231689453,1.0,1.0,12.303882598876953,0.15837860107421875
19.130691528320312,0.6493715643882751,0.8067716956138611,0.05505108833312988,0.019795916974544525,5.434967517852783,289.9223937988281,-0.6839358806610107,284.6879577636719,0.6792047619819641,0.7004554867744446,0.008829832077026367,1.0,1.0,12.303882598876953,0.16428232192993164
19.13119125366211,0.5253562331199646,0.8930301666259766,0.04216046258807182,0.03468072786927223,5.579928874969482,289.9223937988281,-0.5409824848175049,284.7135925292969,0.537148118019104,0.7923740744590759,0.04027581214904785,1.0,1.0,12.303882598876953,0.16227388381958008
19.131689071655273,0.3935289680957794,0.9522274136543274,0.035715147852897644,0.02909892424941063,5.668142795562744,247.21812438964844,-0.39738893508911133,284.7654724121094,0.44528570771217346,0.8519092798233032,0.010677576065063477,1.0,1.0,12.303882598876953,0.21765375137329102
19.132190704345703,0.26072534918785095,0.9962021708488464,0.027658510953187943,0.022586818784475327,5.791752338409424,247.21812438964844,-0.2553393840789795,284.7511901855469,0.3948361873626709,0.8924163579940796,-0.06660938262939453,1.0,1.0,12.303882598876953,0.23609399795532227
19.1326904296875,0.10839162021875381,1.0266464948654175,0.05343975871801376,0.026308022439479828,5.9860663414001465,300.6602478027344,-0.11195063591003418,284.79388427734375,0.19399867951869965,0.9355008006095886,0.0023734569549560547,1.0,1.0,12.303882598876953,0.18516874313354492
19.133190155029297,-0.03222458064556122,1.030029296875,0.011545229703187943,0.03747162967920303,6.136396884918213,300.6602478027344,0.031539201736450195,284.8393859863281,0.10777800530195236,0.9754090309143066,-0.04688000679016113,1.0,1.0,12.303882598876953,0.1783280372619629
19.133689880371094,-0.18651126325130463,1.0164985656738281,-0.006179380230605602,0.014214114286005497,6.272903919219971,290.21258544921875,0.17423605918884277,284.8511047363281,-0.10244882851839066,0.9649527072906494,0.026556730270385742,1.0,1.0,12.303882598876953,0.18451738357543945
19.13418960571289,-0.3329862356185913,0.9759061932563782,-0.027126645669341087,0.017005015164613724,0.1348247528076172,290.21258544921875,0.319258451461792,284.96051025390625,-0.2636919617652893,0.9094712734222412,0.05813121795654297,1.0,1.0,12.303882598876953,0.1844336986541748
19.134689331054688,-0.46969565749168396,0.921782910823822,-0.025515316054224968,0.023517118766903877,0.2548542022705078,271.27239990234375,0.46228718757629395,284.9837646484375,-0.40867286920547485,0.9069738388061523,0.0562441349029541,1.0,1.0,12.303882598876953,0.20743298530578613
19.135189056396484,-0.5985936522483826,0.8405984044075012,-0.03357195854187012,0.015144413337111473,0.3904895782470703,271.27239990234375,0.6053769588470459,285.00909423828125,-0.5163982510566711,0.793665885925293,0.06669425964355469,1.0,1.0,12.303882598876953,0.21488738059997559
19.13568878173828,-0.7118675112724304,0.7526488304138184,-0.006179380230605602,0.010492909699678421,0.5461721420288086,286.0706481933594,0.7481579780578613,285.02081298828125,-0.6259798407554626,0.7586868405342102,0.03680992126464844,1.0,1.0,12.303882598876953,0.20198583602905273
19.136188507080078,-0.8134233355522156,0.6444024443626404,0.05988507345318794,0.05979885160923004,0.6892080307006836,286.0706481933594,0.8914000988006592,285.0514221191406,-0.672125518321991,0.6961261630058289,-0.0286865234375,1.0,1.0,12.303882598876953,0.20219206809997559
19.136688232421875,-0.888613760471344,0.5209344625473022,-0.020681334659457207,0.007702008355408907,0.8377199172973633,290.21258544921875,1.0339267253875732,285.0509948730469,-0.7364612817764282,0.5851204991340637,-0.03970193862915039,1.0,1.0,12.303882598876953,0.19620680809020996
19.137187957763672,-0.9569687247276306,0.3957745134830475,-0.017458677291870117,0.002120204269886017,0.9828262329101562,290.21258544921875,1.1753923892974854,285.0066833496094,-0.8765259981155396,0.47527506947517395,-0.006518363952636719,1.0,1.0,12.303882598876953,0.1925661563873291
19.13768768310547,-1.0067702531814575,0.2553931772708893,-0.023903990164399147,0.015144414268434048,1.127547264099121,289.9223937988281,1.3175971508026123,284.99420166015625,-0.9529163241386414,0.33541974425315857,0.009746551513671875,1.0,1.0,12.303882598876953,0.1900498867034912
19.138187408447266,-1.0184882879257202,0.10655464231967926,-0.011013364419341087,-0.0034615995828062296,1.2725095748901367,289.9223937988281,1.4597609043121338,284.98016357421875,-0.8907048106193542,0.21285982429981232,-0.028713226318359375,1.0,1.0,12.303882598876953,0.18725132942199707
19.138687133789062,-1.0292295217514038,-0.033826690167188644,-0.03357195854187012,-0.005322201643139124,1.3748512268066406,257.7087707519531,1.6016318798065186,284.9542541503906,-0.9805821180343628,0.08426415920257568,-0.021706104278564453,1.0,1.0,12.303882598876953,0.22678065299987793
19.139188766479492,-1.0214173793792725,-0.17589998245239258,-0.020681334659457207,-0.012764607556164265,1.5037059783935547,257.7087707519531,1.7429416179656982,284.9053649902344,-1.0207399129867554,-0.07746214419603348,-0.0014824867248535156,1.0,1.0,12.303882598876953,0.23923563957214355
19.13968849182129,-0.9843103885650635,-0.3145902156829834,0.021213198080658913,-0.014625207521021366,1.675271987915039,290.21258544921875,1.8847715854644775,284.879150390625,-0.9481849074363708,-0.17998604476451874,-0.0316004753112793,1.0,1.0,12.303882598876953,0.20949959754943848
19.140188217163086,-0.9247443079948425,-0.451588898897171,-0.040017269551754,-0.007182801607996225,1.820669174194336,290.21258544921875,2.0250322818756104,284.78759765625,-0.9180161356925964,-0.30690160393714905,-0.03687429428100586,1.0,1.0,12.303882598876953,0.20436310768127441
19.140687942504883,-0.8612716794013977,-0.5750571489334106,0.03410382196307182,-0.01462520845234394,1.965102195739746,289.9223937988281,2.165912389755249,284.7239074707031,-0.8797682523727417,-0.44727447628974915,-0.03003072738647461,1.0,1.0,12.303882598876953,0.20081019401550293
19.14118766784668,-0.7616689801216125,-0.6934515833854675,-0.017458677291870117,-0.022067615762352943,2.1100635528564453,289.9223937988281,2.3067100048065186,284.65838623046875,-0.7475138306617737,-0.5615600943565369,0.0032358169555664062,1.0,1.0,12.303882598876953,0.19664645195007324
19.141687393188477,-0.6532777547836304,-0.7864755392074585,-0.027126647531986237,-0.025788817554712296,2.269228935241699,300.6602478027344,2.447613000869751,284.5982360839844,-0.6814583539962769,-0.5970605611801147,-0.0627737045288086,1.0,1.0,12.303882598876953,0.17838406562805176
19.142187118530273,-0.5429330468177795,-0.8761168122291565,-0.006179380230605602,-0.017416108399629593,2.419560432434082,300.6602478027344,2.5890896320343018,284.5637512207031,-0.5993475317955017,-0.7629753947257996,-0.018623828887939453,1.0,1.0,12.303882598876953,0.16952919960021973
19.142688751220703,-0.4130588471889496,-0.9386964440345764,-0.009402036666870117,-0.021137313917279243,2.498859405517578,246.97091674804688,2.7308766841888428,284.5431213378906,-0.4527720510959625,-0.8092606067657471,-0.004596710205078125,1.0,1.0,12.303882598876953,0.23201727867126465
19.1431884765625,-0.2841610014438629,-0.9860541224479675,-0.007790708914399147,-0.029510019347071648,2.622344970703125,246.97091674804688,2.8715250492095947,284.4746398925781,-0.43295904994010925,-0.9101240634918213,-0.0795130729675293,1.0,1.0,12.303882598876953,0.24918007850646973
19.143688201904297,-0.14354540407657623,-1.0164985656738281,-0.028737973421812057,-0.006252502091228962,2.8172607421875,300.96124267578125,3.010998010635376,284.35821533203125,-0.3233969509601593,-0.9122228026390076,-0.11583709716796875,1.0,1.0,12.303882598876953,0.19373726844787598
19.144187927246094,0.006835728418081999,-1.0334117412567139,-0.006179379299283028,-0.019276710227131844,2.967740058898926,300.96124267578125,-3.130431890487671,284.34051513671875,-0.07057511806488037,-0.9614670872688293,0.010347843170166016,1.0,1.0,12.303882598876953,0.1850132942199707
19.14468765258789,0.1513572484254837,-1.019881010055542,-0.004568052478134632,-0.01648581027984619,3.1033153533935547,289.9223937988281,-2.9882166385650635,284.3424072265625,0.05303594470024109,-0.9626953601837158,-0.0036170482635498047,1.0,1.0,12.303882598876953,0.19165372848510742
19.145187377929688,0.2919730842113495,-0.98943692445755,-0.0013453960418701172,-0.023928215727210045,3.248276710510254,289.9223937988281,-2.8473222255706787,284.2886962890625,0.16930116713047028,-0.9556707143783569,-0.02431631088256836,1.0,1.0,12.303882598876953,0.18758630752563477
19.145687103271484,0.4306361973285675,-0.9386964440345764,0.027658509090542793,-0.010904005728662014,3.407843589782715,300.96124267578125,-2.7050023078918457,284.29620361328125,0.3316444456577301,-0.893204391002655,0.013710975646972656,1.0,1.0,12.303882598876953,0.17033958435058594
19.146188735961914,0.5536749362945557,-0.8642776608467102,0.005099916830658913,-0.020207012072205544,3.5583229064941406,300.96124267578125,-2.564448356628418,284.2289733886719,0.39655283093452454,-0.8694608211517334,-0.05476546287536621,1.0,1.0,12.303882598876953,0.1604142189025879
19.14668846130371,0.6776902675628662,-0.7780185341835022,0.008322572335600853,-0.023928213864564896,3.6369924545288086,246.72418212890625,-2.422183036804199,284.2355651855469,0.5978392958641052,-0.7780875563621521,0.030560016632080078,1.0,1.0,12.303882598876953,0.22400999069213867
19.147188186645508,0.7772926688194275,-0.6731554269790649,0.005099915899336338,-0.01462520845234394,3.760354995727539,246.72418212890625,-2.27938175201416,284.26409912109375,0.665457010269165,-0.701923131942749,-0.008799552917480469,1.0,1.0,12.303882598876953,0.24344873428344727
19.147687911987305,0.870060384273529,-0.553070068359375,0.014767885208129883,-0.0071828025393188,3.9554738998413086,300.96124267578125,-2.136226177215576,284.3073425292969,0.8035036325454712,-0.5678377151489258,0.045135498046875,1.0,1.0,12.303882598876953,0.19148540496826172
19.1481876373291,0.93353271484375,-0.42283615469932556,0.005099915899336338,-0.01090400479733944,4.105954170227051,300.96124267578125,-1.9946985244750977,284.28076171875,0.7688995599746704,-0.48283156752586365,-0.042275190353393555,1.0,1.0,12.303882598876953,0.18253278732299805
19.148685455322266,0.9872400164604187,-0.29598551988601685,0.006711244583129883,-0.004391900729387999,4.24152946472168,289.9223937988281,-1.8543685674667358,284.2045593261719,0.9125298857688904,-0.4031745493412018,-0.037925004959106445,1.0,1.0,12.303882598876953,0.1872873306274414
19.149185180664062,1.0048168897628784,-0.1505296379327774,0.10661358386278152,0.04770493879914284,4.3864898681640625,289.9223937988281,-1.7129015922546387,284.1778869628906,0.9029855132102966,-0.24518026411533356,-0.028459548950195312,1.0,1.0,12.303882598876953,0.1837940216064453
19.149686813354492,1.0214178562164307,-0.006765465252101421,0.05021710321307182,-0.009043403901159763,4.531451225280762,289.9223937988281,-1.573627233505249,284.059814453125,0.9293389916419983,-0.12104898691177368,-0.03218269348144531,1.0,1.0,12.303882598876953,0.17810678482055664
19.15018653869629,1.0009111166000366,0.13699913024902344,0.027658509090542793,0.015144413337111473,4.676412582397461,289.9223937988281,-1.4323008060455322,284.0301818847656,0.8755989074707031,0.005747618153691292,-0.037453413009643555,1.0,1.0,12.303882598876953,0.17447233200073242
19.150686264038086,0.9872404932975769,0.27568915486335754,0.04538311809301376,0.0030505037866532803,4.764548301696777,246.97091674804688,-1.2919559478759766,283.9599609375,0.9537169337272644,0.143147274851799,-0.035395145416259766,1.0,1.0,12.303882598876953,0.22668123245239258
19.151185989379883,0.9413447976112366,0.4025402069091797,0.009933901019394398,0.0049111065454781055,4.888034343719482,246.97091674804688,-1.150320291519165,283.9453430175781,0.9451673030853271,0.27376237511634827,-0.04412484169006348,1.0,1.0,12.303882598876953,0.24483060836791992
19.15168571472168,0.872990071773529,0.534464955329895,0.029269838705658913,0.010492910631000996,5.082550525665283,300.6602478027344,-1.0088958740234375,283.92236328125,0.9094117283821106,0.4164210259914398,-0.038055419921875,1.0,1.0,12.303882598876953,0.19173908233642578
19.152185440063477,0.7831518054008484,0.6494765877723694,0.0034885890781879425,0.016074715182185173,5.232880592346191,300.6602478027344,-0.8676257133483887,283.8933410644531,0.7975859045982361,0.507872998714447,-0.041742801666259766,1.0,1.0,12.303882598876953,0.1826791763305664
19.15268325805664,0.6933141350746155,0.7509571313858032,0.005099916830658913,0.03561102971434593,5.369098663330078,290.21258544921875,-0.727327823638916,283.8240966796875,0.7744911909103394,0.6330307126045227,-0.06393861770629883,1.0,1.0,12.303882598876953,0.18675899505615234
19.15318489074707,0.5722282528877258,0.8456724882125854,0.011545228771865368,0.017005015164613724,5.514204502105713,290.21258544921875,-0.5867388248443604,283.7686462402344,0.6141061186790466,0.714722216129303,-0.028657913208007812,1.0,1.0,12.303882598876953,0.18224191665649414
19.153684616088867,0.44625988602638245,0.921782910823822,0.056662417948246,0.009562610648572445,5.658927917480469,289.9223937988281,-0.44541096687316895,283.74542236328125,0.49229705333709717,0.802503764629364,-0.01034402847290039,1.0,1.0,12.303882598876953,0.1788468360900879
19.154184341430664,0.3173619210720062,0.9657580852508545,0.00026593171060085297,0.025377722457051277,5.80388879776001,289.9223937988281,-0.3043091297149658,283.71282958984375,0.4157008230686188,0.8520454168319702,-0.05530238151550293,1.0,1.0,12.303882598876953,0.1749873161315918
19.15468406677246,0.16893400251865387,1.0063505172729492,0.029269838705658913,0.012353513389825821,5.906572341918945,257.96673583984375,-0.16245770454406738,283.7129821777344,0.21921904385089874,0.8851523399353027,0.014269113540649414,1.0,1.0,12.303882598876953,0.2141556739807129
19.155183792114258,0.03027161955833435,1.0232640504837036,0.00026593171060085297,0.023517118766903877,6.035556316375732,257.96673583984375,-0.021039247512817383,283.69427490234375,0.13422183692455292,0.9580643773078918,-0.023728132247924805,1.0,1.0,12.303882598876953,0.22658967971801758
19.155683517456055,-0.11815643310546875,1.0164985656738281,-0.007790708914399147,0.015144414268434048,6.206848621368408,289.9223937988281,0.12081217765808105,283.6947021484375,-0.05606041103601456,0.9489817023277283,0.03285408020019531,1.0,1.0,12.303882598876953,0.19714879989624023
19.15618324279785,-0.2587720453739166,0.9860541224479675,-0.004568052478134632,0.018865616992115974,0.06862401962280273,289.9223937988281,0.26312923431396484,283.7144775390625,-0.1501021832227707,0.9436800479888916,-0.010906219482421875,1.0,1.0,12.303882598876953,0.1945052146911621
19.15668487548828,-0.40329381823539734,0.9454617500305176,-0.020681332796812057,0.022586818784475327,0.20357561111450195,282.5754089355469,0.40575194358825684,283.7468566894531,-0.3540480136871338,0.9177637100219727,0.05720925331115723,1.0,1.0,12.303882598876953,0.20217633247375488
19.157184600830078,-0.5273093581199646,0.8761168122291565,-0.015847349539399147,0.010492910631000996,0.3448634147644043,282.5754089355469,0.5470798015594482,283.7237548828125,-0.3935212194919586,0.8622109889984131,-0.024478435516357422,1.0,1.0,12.303882598876953,0.20221638679504395
19.157684326171875,-0.6435126662254333,0.8033890724182129,0.021213198080658913,0.026308024302124977,0.49623823165893555,289.9223937988281,0.6877748966217041,283.6748962402344,-0.5387965440750122,0.8503344058990479,-0.028597593307495117,1.0,1.0,12.303882598876953,0.19153666496276855
19.158184051513672,-0.755810022354126,0.6968340277671814,0.05021710321307182,0.06538064777851105,0.6411995887756348,289.9223937988281,0.8297848701477051,283.68212890625,-0.6426912546157837,0.7406789660453796,-0.020668745040893555,1.0,1.0,12.303882598876953,0.1885852813720703
19.15868377685547,-0.8495538234710693,0.5818226337432861,0.027658510953187943,0.011423211544752121,0.7531638145446777,265.8900146484375,0.9736769199371338,283.7682189941406,-0.7693120241165161,0.6173229217529297,0.015507698059082031,1.0,1.0,12.303882598876953,0.22051310539245605
19.159183502197266,-0.9169321656227112,0.451588898897171,-0.03357195854187012,0.011423211544752121,0.8861093521118164,265.8900146484375,1.1154673099517822,283.7641296386719,-0.7917181849479675,0.504362165927887,-0.017413616180419922,1.0,1.0,12.303882598876953,0.22935795783996582
19.159683227539062,-0.9784514904022217,0.324738085269928,0.021213196218013763,0.00025960232596844435,1.079261302947998,311.3981018066406,1.2566683292388916,283.73565673828125,-0.9170350432395935,0.3859946131706238,0.010301589965820312,1.0,1.0,12.303882598876953,0.17740702629089355
19.160184860229492,-1.007746696472168,0.18604785203933716,-0.019070005044341087,-0.004391900729387999,1.2349610328674316,311.3981018066406,1.3977305889129639,283.70166015625,-0.9387326836585999,0.3070777952671051,-0.04876089096069336,1.0,1.0,12.303882598876953,0.16276955604553223
19.16068458557129,-1.0360652208328247,0.04228346794843674,-0.015847349539399147,0.004911106079816818,1.348130702972412,279.4639587402344,1.5387465953826904,283.666748046875,-1.0198103189468384,0.122890405356884,0.0066661834716796875,1.0,1.0,12.303882598876953,0.19061589241027832
19.161184310913086,-1.0116525888442993,-0.10486353933811188,-0.031960628926754,-0.01183430664241314,1.4878630638122559,279.4639587402344,1.679581880569458,283.6246337890625,-0.9195763468742371,0.044940002262592316,-0.06338262557983398,1.0,1.0,12.303882598876953,0.19171881675720215
19.161684036254883,-0.9921227097511292,-0.24693641066551208,-0.019070005044341087,-0.0025312991347163916,1.5988125801086426,257.7087707519531,1.8196280002593994,283.5505065917969,-0.9361029863357544,-0.1175844594836235,-0.02952432632446289,1.0,1.0,12.303882598876953,0.22081542015075684
19.16218376159668,-0.9501332640647888,-0.3805524706840515,-0.031960628926754,-0.002531298203393817,1.7276673316955566,257.7087707519531,1.959960699081421,283.4897766113281,-0.917895495891571,-0.23647986352443695,-0.042738914489746094,1.0,1.0,12.303882598876953,0.23229336738586426
19.162683486938477,-0.8866608738899231,-0.5107863545417786,-0.020681332796812057,-0.0034615995828062296,1.913346767425537,300.6602478027344,2.100571870803833,283.442138671875,-0.8515985608100891,-0.3713924288749695,-0.024193286895751953,1.0,1.0,12.303882598876953,0.1872251033782959
19.163183212280273,-0.8026819229125977,-0.6224151253700256,-0.019070005044341087,-0.019276712089776993,2.063676357269287,300.6602478027344,2.2400925159454346,283.3494567871094,-0.8112619519233704,-0.4336588382720947,-0.08433866500854492,1.0,1.0,12.303882598876953,0.17641615867614746
19.163684844970703,-0.7187028527259827,-0.7272782921791077,0.030881166458129883,-0.01648581027984619,2.199800968170166,289.9223937988281,2.379579782485962,283.2574462890625,-0.764704167842865,-0.577650249004364,-0.06774759292602539,1.0,1.0,12.303882598876953,0.1797788143157959
19.1641845703125,-0.6161706447601318,-0.8169198036193848,-0.009402035735547543,-0.015555508434772491,2.344761848449707,289.9223937988281,2.5180437564849854,283.1243896484375,-0.733491063117981,-0.6958282589912415,-0.0942540168762207,1.0,1.0,12.303882598876953,0.17328190803527832
19.164684295654297,-0.48727282881736755,-0.8981041312217712,0.0018772603943943977,-0.0071828025393188,2.4901070594787598,290.21258544921875,2.658433675765991,283.0753173828125,-0.5359673500061035,-0.776221752166748,-0.026946544647216797,1.0,1.0,12.303882598876953,0.16832661628723145
19.165184020996094,-0.3622809946537018,-0.9589928984642029,-0.027126643806695938,-0.022067612037062645,2.6352131366729736,290.21258544921875,2.79829478263855,283.00482177734375,-0.46984270215034485,-0.8624230623245239,-0.06150341033935547,1.0,1.0,12.303882598876953,0.16308164596557617
19.165681838989258,-0.21580617129802704,-1.0029675960540771,0.008322573266923428,-0.018346410244703293,2.7370262145996094,257.7087707519531,2.939652681350708,282.99871826171875,-0.2627358138561249,-0.9001778960227966,0.012300491333007812,1.0,1.0,12.303882598876953,0.20262646675109863
19.166181564331055,-0.08300241082906723,-1.019881010055542,0.021213196218013763,-0.025788817554712296,2.8658809661865234,257.7087707519531,3.079210042953491,282.9171142578125,-0.193079873919487,-0.9446584582328796,-0.04515647888183594,1.0,1.0,12.303882598876953,0.21332907676696777
19.16668128967285,0.05761367455124855,-1.019881010055542,0.021213198080658913,-0.014625207521021366,3.051560401916504,300.6602478027344,-3.0635828971862793,282.8725891113281,-0.07091270387172699,-0.9541013836860657,-0.05819201469421387,1.0,1.0,12.303882598876953,0.16804218292236328
19.16718101501465,0.2060411125421524,-1.009732961654663,0.0018772613257169724,-0.022067615762352943,3.201889991760254,300.6602478027344,-2.9241602420806885,282.78826904296875,0.11719071865081787,-0.9742443561553955,-0.0035123825073242188,1.0,1.0,12.303882598876953,0.1571354866027832
19.167682647705078,0.3466569483280182,-0.9691409468650818,0.027658509090542793,-0.010904005728662014,3.3241775035858154,279.4639587402344,-2.783069372177124,282.7756042480469,0.266124963760376,-0.9257678985595703,0.015676021575927734,1.0,1.0,12.303882598876953,0.17593860626220703
19.168182373046875,0.4716489017009735,-0.9082521796226501,-0.0029567237943410873,-0.019276710227131844,3.46390962600708,279.4639587402344,-2.644441604614258,282.65960693359375,0.31754282116889954,-0.8884787559509277,-0.059970855712890625,1.0,1.0,12.303882598876953,0.1748342514038086
19.168682098388672,0.5868754982948303,-0.8270676732063293,0.005099915899336338,-0.01648581027984619,3.6317052841186523,300.6602478027344,-2.5041732788085938,282.6147766113281,0.39806067943573,-0.829322099685669,-0.09615159034729004,1.0,1.0,12.303882598876953,0.1473069190979004
19.16918182373047,0.7011260390281677,-0.7374265789985657,0.006711243651807308,-0.017416108399629593,3.7820358276367188,300.6602478027344,-2.364119291305542,282.5621337890625,0.5378260016441345,-0.7431119084358215,-0.05707907676696777,1.0,1.0,12.303882598876953,0.13703012466430664
19.169679641723633,0.8124468922615051,-0.6393285393714905,-0.0045680515468120575,-0.01276460662484169,3.875239849090576,257.7087707519531,-2.222994565963745,282.55572509765625,0.7640606164932251,-0.6663362979888916,0.02928018569946289,1.0,1.0,12.303882598876953,0.1849513053894043
19.17017936706543,0.8827547430992126,-0.5107861161231995,0.0018772594630718231,-0.01276460662484169,4.00409460067749,257.7087707519531,-2.0818138122558594,282.5513916015625,0.7149101495742798,-0.5519272685050964,-0.05250740051269531,1.0,1.0,12.303882598876953,0.19727706909179688
19.170679092407227,0.9520862102508545,-0.3907005786895752,0.0067112441174685955,-0.009973703883588314,4.175568103790283,289.9223937988281,-1.941534161567688,282.50946044921875,0.8891415596008301,-0.4688003659248352,-0.020428895950317383,1.0,1.0,12.303882598876953,0.16608333587646484
19.171180725097656,0.9872400760650635,-0.248627707362175,0.09533429145812988,0.04677463695406914,4.320528984069824,289.9223937988281,-1.8006113767623901,282.4954528808594,0.894528329372406,-0.3112839162349701,-0.010987043380737305,1.0,1.0,12.303882598876953,0.16204500198364258
19.171680450439453,1.0175118446350098,-0.10824616998434067,0.03410382196307182,-0.018346410244703293,4.479696273803711,300.6602478027344,-1.6618953943252563,282.38934326171875,0.9355222582817078,-0.19868066906929016,-0.024178504943847656,1.0,1.0,12.303882598876953,0.14159393310546875
19.17218017578125,1.018487811088562,0.03213558718562126,0.10177960246801376,0.05049583688378334,4.630026340484619,300.6602478027344,-1.5217541456222534,282.3450012207031,0.9668013453483582,-0.051681868731975555,-0.008409261703491211,1.0,1.0,12.303882598876953,0.13140487670898438
19.172679901123047,1.0038405656814575,0.1725173443555832,0.017990540713071823,0.00025960232596844435,4.76615047454834,289.9223937988281,-1.3827556371688843,282.2538146972656,0.9305241107940674,0.06729469448328018,-0.021895408630371094,1.0,1.0,12.303882598876953,0.1342792510986328
19.173179626464844,0.9764989018440247,0.307824969291687,0.022824525833129883,0.0030505049508064985,4.911111831665039,289.9223937988281,-1.2428666353225708,282.2017517089844,0.9682124853134155,0.19817723333835602,-0.03214311599731445,1.0,1.0,12.303882598876953,0.12920713424682617
19.17367935180664,0.9257209897041321,0.44313254952430725,0.021213198080658913,0.002120204269886017,4.999328136444092,247.21812438964844,-1.103252649307251,282.1392517089844,0.9428251385688782,0.34875839948654175,-0.01932048797607422,1.0,1.0,12.303882598876953,0.1806044578552246
19.174179077148438,0.8534600138664246,0.5682920813560486,0.017990540713071823,0.0021202038042247295,5.122937202453613,247.21812438964844,-0.9629840850830078,282.1054992675781,0.8681681156158447,0.46436625719070435,-0.02275228500366211,1.0,1.0,12.303882598876953,0.1972641944885254
19.174680709838867,0.774363100528717,0.6782295107841492,0.003488588146865368,0.0030505049508064985,5.3172502517700195,300.6602478027344,-0.8226029872894287,282.0771179199219,0.874333918094635,0.5871007442474365,-0.06314325332641602,1.0,1.0,12.303882598876953,0.14333200454711914
19.175180435180664,0.6591365933418274,0.7898581027984619,0.032492496073246,0.001189904985949397,5.467580318450928,300.6602478027344,-0.6831777095794678,282.0096435546875,0.6503559947013855,0.6973730325698853,0.02672553062438965,1.0,1.0,12.303882598876953,0.13242769241333008
19.17568016052246,0.539027214050293,0.8693513870239258,0.04699444770812988,0.015144414268434048,5.60370397567749,289.9223937988281,-0.5418455600738525,282.0234069824219,0.5512493252754211,0.7588845491409302,0.007622718811035156,1.0,1.0,12.303882598876953,0.1376357078552246
19.176179885864258,0.4130588471889496,0.9386964440345764,0.005099916830658913,0.013283812440931797,5.7486653327941895,289.9223937988281,-0.4005622863769531,282.0345764160156,0.45211008191108704,0.8396849036216736,0.0006196498870849609,1.0,1.0,12.303882598876953,0.1339578628540039
19.176679611206055,0.28025496006011963,0.9826716780662537,0.0018772594630718231,0.020726218819618225,5.894010066986084,290.21258544921875,-0.2601587772369385,282.0085754394531,0.379019170999527,0.8938403129577637,-0.04712939262390137,1.0,1.0,12.303882598876953,0.12901639938354492
19.17717933654785,0.12987418472766876,1.0164985656738281,0.006711243651807308,0.019795916974544525,6.039116382598877,290.21258544921875,-0.11851787567138672,282.03546142578125,0.17463266849517822,0.9219175577163696,0.025389432907104492,1.0,1.0,12.303882598876953,0.1255512237548828
19.17767906188965,-0.020506450906395912,1.0334117412567139,0.04699444770812988,0.015144414268434048,6.14093017578125,257.7087707519531,0.023742198944091797,282.0879211425781,-0.01274624839425087,0.966120719909668,0.08378887176513672,1.0,1.0,12.303882598876953,0.16599750518798828
19.178180694580078,-0.1572161316871643,1.009732961654663,-0.020681332796812057,0.015144413337111473,6.269784450531006,257.7087707519531,0.1666090488433838,282.1641845703125,-0.05606057867407799,0.9515062570571899,-0.013803720474243164,1.0,1.0,12.303882598876953,0.18001031875610352
19.178680419921875,-0.3036908507347107,0.9792888760566711,-0.017458677291870117,0.024447420611977577,0.19321370124816895,316.4844665527344,0.3077354431152344,282.1663513183594,-0.24198876321315765,0.9304163455963135,0.040899038314819336,1.0,1.0,12.303882598876953,0.11452174186706543
19.179180145263672,-0.4384479522705078,0.9251657724380493,-0.022292660549283028,0.021656520664691925,0.35145580768585205,316.4844665527344,0.44976329803466797,282.2060852050781,-0.33928629755973816,0.8964540958404541,0.006104469299316406,1.0,1.0,12.303882598876953,0.09830737113952637
19.17967987060547,-0.562463104724884,0.8558206558227539,-0.006179379299283028,0.021656520664691925,0.4145956039428711,247.21812438964844,0.5900936126708984,282.1735534667969,-0.42376816272735596,0.8445306420326233,-0.03113698959350586,1.0,1.0,12.303882598876953,0.17549800872802734
19.180179595947266,-0.6855020523071289,0.7712532877922058,0.08727765083312988,0.05142613872885704,0.5382044911384583,247.21812438964844,0.7307507991790771,282.1554870605469,-0.5408047437667847,0.7729578018188477,-0.026355266571044922,1.0,1.0,12.303882598876953,0.19254636764526367
19.180679321289062,-0.7792460322380066,0.6630073189735413,-0.014236021786928177,0.013283812440931797,0.7151970267295837,286.0706481933594,0.8731324672698975,282.2098693847656,-0.6648760437965393,0.690507709980011,-0.012667655944824219,1.0,1.0,12.303882598876953,0.15793538093566895
19.18117904663086,-0.8622481822967529,0.5463044047355652,-0.012624692171812057,0.006771707907319069,0.8582322597503662,286.0706481933594,1.0132415294647217,282.16802978515625,-0.7520236968994141,0.6005363464355469,-0.022386550903320312,1.0,1.0,12.303882598876953,0.15500926971435547
19.181678771972656,-0.9423211216926575,0.4279105067253113,0.03732647746801376,-0.00160099973436445,1.0060735940933228,289.9223937988281,1.1539905071258545,282.1541748046875,-0.8691927194595337,0.4796373248100281,0.006604671478271484,1.0,1.0,12.303882598876953,0.1479170322418213
19.182178497314453,-0.9784514904022217,0.28414615988731384,-0.030349303036928177,-0.0016009986866265535,1.1510348320007324,289.9223937988281,1.2947900295257568,282.1424255371094,-0.8737617135047913,0.3787824809551239,-0.039206504821777344,1.0,1.0,12.303882598876953,0.14375519752502441
19.18267822265625,-1.0145821571350098,0.14714699983596802,-0.040017269551754,0.0077020092867314816,1.3105895519256592,300.96124267578125,1.435034990310669,282.10791015625,-0.9342954754829407,0.23173405230045319,-0.013424873352050781,1.0,1.0,12.303882598876953,0.12444543838500977
19.183177947998047,-1.0223942995071411,0.0050741517916321754,-0.023903988301753998,-0.0034615995828062296,1.4610698223114014,300.96124267578125,1.575545072555542,282.0850524902344,-0.9658305644989014,0.11997666209936142,-0.03449392318725586,1.0,1.0,12.303882598876953,0.11447525024414062
19.183677673339844,-1.0155584812164307,-0.13869023323059082,0.005099915899336338,-0.01090400479733944,1.5969462394714355,289.9223937988281,1.7160184383392334,282.0612487792969,-0.9831739068031311,-0.03645636513829231,-0.014239311218261719,1.0,1.0,12.303882598876953,0.11907219886779785
19.18417739868164,-0.9862635731697083,-0.27738088369369507,-0.03518328815698624,-0.0006706981803290546,1.7419073581695557,289.9223937988281,1.8556678295135498,282.003173828125,-0.9481105208396912,-0.15345056354999542,-0.030581951141357422,1.0,1.0,12.303882598876953,0.11376047134399414
19.184677124023438,-0.9452509880065918,-0.4093054234981537,0.005099915899336338,-0.01090400479733944,1.844249963760376,257.7087707519531,1.9958083629608154,281.9669189453125,-0.9746760725975037,-0.29472479224205017,-0.037580013275146484,1.0,1.0,12.303882598876953,0.15155839920043945
