time_s,v_alpha_v,v_beta_v,i_alpha_a,i_beta_a,encoder_angle_rad,encoder_speed_rad_s,pll_angle_rad,pll_speed_rad_s,emf_alpha_v,emf_beta_v,phase_error_rad,locked,active,bus_voltage_v,angle_error_rad
9.724379539489746,1.331673502922058,0.17217962443828583,-0.04173186421394348,-0.24379180371761322,5.331831932067871,289.9223937988281,-0.9170300960540771,281.7642822265625,1.4486056566238403,0.7037240862846375,-0.10811948776245117,0.0,0.0,12.40139102935791,0.03432321548461914
9.72488021850586,1.304114580154419,0.34947359561920166,-0.004671317059546709,-0.24100090563297272,5.47679328918457,289.9223937988281,-0.7827627658843994,281.4861145019531,1.3403797149658203,0.7868478298187256,-0.16410136222839355,0.0,0.0,12.40139102935791,0.02362966537475586
9.725379943847656,1.2637606859207153,0.5080152750015259,0.009830635972321033,-0.1842525750398636,5.573390960693359,246.97091674804688,-0.6503608226776123,281.1354064941406,1.2611929178237915,0.8820288181304932,-0.217376708984375,0.0,0.0,12.40139102935791,0.0594334602355957
9.725879669189453,1.1810849905014038,0.678490161895752,0.02272126078605652,-0.176810160279274,5.69687557220459,246.97091674804688,-0.5195941925048828,280.7234802246094,1.0797810554504395,0.9925306439399719,-0.21524834632873535,0.0,0.0,12.40139102935791,0.06671571731567383
9.72637939453125,1.0826611518859863,0.8148700594902039,0.06622711569070816,-0.11634062230587006,5.856354713439941,279.18450927734375,-0.39084506034851074,280.2353515625,0.9318166971206665,0.9651539921760559,-0.28480076789855957,0.0,0.0,12.40139102935791,0.035985469818115234
9.726879119873047,0.9675053954124451,0.9461358785629272,0.08717438578605652,-0.08191949129104614,5.99594783782959,279.18450927734375,-0.2630789279937744,279.7162780761719,0.7926942706108093,1.0260142087936401,-0.3027951717376709,0.0,0.0,12.40139102935791,0.024158954620361328
9.727378845214844,0.8306965231895447,1.0603539943695068,0.13712555170059204,-0.047498371452093124,6.135540008544922,279.18450927734375,-0.13563156127929688,279.19476318359375,0.5998260974884033,1.0399812459945679,-0.29574108123779297,0.0,0.0,12.40139102935791,0.012013912200927734
9.72787857055664,0.684045135974884,1.1507056951522827,0.12745758891105652,0.0008772672154009342,6.27513313293457,279.18450927734375,-0.008289575576782227,278.67962646484375,0.45200440287590027,1.069730281829834,-0.2998969554901123,0.0,0.0,12.40139102935791,-0.00023698806762695312
9.728379249572754,0.530504047870636,1.2291240692138672,0.15968415141105652,0.043671101331710815,0.14394521713256836,290.21258544921875,0.11955928802490234,278.1968994140625,0.2593046724796295,1.1121972799301147,-0.25699591636657715,0.0,0.0,12.40139102935791,-0.024385929107666016
9.72887897491455,0.34940433502197266,1.2700380086898804,0.15646149218082428,0.07530132681131363,0.28905200958251953,290.21258544921875,0.2503359317779541,277.8475036621094,0.010901888832449913,0.99276202917099,-0.1694490909576416,0.0,0.0,12.40139102935791,-0.03871607780456543
9.729378700256348,0.16043074429035187,1.297314167022705,0.20802399516105652,0.11995575577020645,0.3736450672149658,236.4695281982422,0.3841972351074219,277.6351013183594,-0.20946483314037323,0.9281936883926392,-0.07003283500671387,0.0,0.0,12.40139102935791,0.010552167892456055
9.729879379272461,-0.024605965241789818,1.2939045429229736,0.20319001376628876,0.15065567195415497,0.4918787479400635,236.4695281982422,0.5223875045776367,277.6091003417969,-0.42395004630088806,0.8469830751419067,0.03433370590209961,0.0,0.0,12.40139102935791,0.030508756637573242
9.730378150939941,-0.21357931196689606,1.266628384590149,0.20319001376628876,0.18042531609535217,0.6697382926940918,289.6327819824219,0.6644976139068604,277.74822998046875,-0.6472802758216858,0.7334737777709961,0.1517345905303955,0.0,0.0,12.40139102935791,-0.005240678787231445
9.730877876281738,-0.3946790397167206,1.218895435333252,0.21285797655582428,0.2381039410829544,0.8145546913146973,289.6327819824219,0.8098700046539307,278.0216979980469,-0.8503804802894592,0.6699840426445007,0.18704605102539062,0.0,0.0,12.40139102935791,-0.0046846866607666016
9.731377601623535,-0.5619995594024658,1.1438868045806885,0.21608063578605652,0.2548493444919586,0.947932243347168,279.4639587402344,0.9575979709625244,278.38836669921875,-0.9914683103561401,0.5296674966812134,0.21620798110961914,0.0,0.0,12.40139102935791,0.009665727615356445
9.731878280639648,-0.7303040623664856,1.0501254796981812,0.2064126580953598,0.266012966632843,1.0876634120941162,279.4639587402344,1.1057207584381104,278.7633972167969,-1.1193288564682007,0.4339809715747833,0.18887567520141602,0.0,0.0,12.40139102935791,0.01805734634399414
9.732378005981445,-0.8789240717887878,0.9290884733200073,0.18546539545059204,0.32462191581726074,1.2512619495391846,300.6602478027344,1.2532641887664795,279.1064453125,-1.2495849132537842,0.2717289924621582,0.19723081588745117,0.0,0.0,12.40139102935791,0.002002239227294922
9.732877731323242,-1.0117961168289185,0.7944132685661316,0.17740875482559204,0.31066739559173584,1.401592493057251,300.6602478027344,1.4020168781280518,279.4928894042969,-1.363140344619751,0.10832441598176956,0.18337059020996094,0.0,0.0,12.40139102935791,0.00042438507080078125
9.733378410339355,-1.128920078277588,0.6460999250411987,0.19674469530582428,0.33857640624046326,1.4793779850006104,236.23304748535156,1.548435926437378,279.77313232421875,-1.4276260137557983,-0.00581717025488615,0.12015533447265625,0.0,0.0,12.40139102935791,0.06905794143676758
9.733878135681152,-1.2194701433181763,0.4824441075325012,0.14679352939128876,0.30787649750709534,1.5974948406219482,236.23304748535156,1.6933376789093018,279.9837341308594,-1.5004905462265015,-0.1839994490146637,0.09315299987792969,0.0,0.0,12.40139102935791,0.09584283828735352
9.734376907348633,-1.2863982915878296,0.31196898221969604,0.1097329780459404,0.30136439204216003,1.7757749557495117,289.9223937988281,1.836097002029419,280.0998840332031,-1.548284888267517,-0.3321559727191925,0.039519309997558594,0.0,0.0,12.40139102935791,0.06032204627990723
9.73487663269043,-1.3346258401870728,0.13978977501392365,0.08717438578605652,0.2585705518722534,1.9207348823547363,289.9223937988281,1.9760558605194092,280.0957336425781,-1.535902738571167,-0.4157840311527252,-0.047760963439941406,0.0,0.0,12.40139102935791,0.05532097816467285
9.735377311706543,-1.359231948852539,-0.04261856526136398,0.0775064155459404,0.2529887557029724,2.0539321899414062,279.4639587402344,2.1136443614959717,279.9923095703125,-1.5591295957565308,-0.6171420812606812,-0.07296085357666016,0.0,0.0,12.40139102935791,0.05971217155456543
9.73587703704834,-1.3464369773864746,-0.22843635082244873,0.02916657365858555,0.2269403487443924,2.1936633586883545,279.4639587402344,2.2491352558135986,279.8028869628906,-1.4079253673553467,-0.7189294099807739,-0.11347055435180664,0.0,0.0,12.40139102935791,0.05547189712524414
9.736376762390137,-1.3119882345199585,-0.4040254056453705,-0.011116629466414452,0.1962404102087021,2.345170497894287,289.9223937988281,2.3825595378875732,279.53045654296875,-1.3127601146697998,-0.7987377047538757,-0.1727457046508789,0.0,0.0,12.40139102935791,0.03738903999328613
9.73687744140625,-1.2578555345535278,-0.572795569896698,-0.028841238468885422,0.18042531609535217,2.4901320934295654,289.9223937988281,2.5141327381134033,279.1860656738281,-1.2313885688781738,-0.920619547367096,-0.20920848846435547,0.0,0.0,12.40139102935791,0.02400064468383789
9.737377166748047,-1.1781322956085205,-0.7313374280929565,-0.030452566221356392,0.17019198834896088,2.586731433868408,246.97091674804688,2.643784761428833,278.76824951171875,-1.0816428661346436,-0.9927428364753723,-0.23853492736816406,0.0,0.0,12.40139102935791,0.057053327560424805
9.737876892089844,-1.0659291744232178,-0.8779458999633789,-0.08846037834882736,0.09390734136104584,2.7102155685424805,246.97091674804688,2.772303819656372,278.31158447265625,-0.9014603495597839,-1.0263373851776123,-0.2597784996032715,0.0,0.0,12.40139102935791,0.0620882511138916
9.73837661743164,-0.9517577290534973,-1.0075067281723022,-0.11907561123371124,0.06320741772651672,2.882063627243042,289.9223937988281,2.9000017642974854,277.8299865722656,-0.7970837950706482,-1.1211209297180176,-0.2850813865661621,0.0,0.0,12.40139102935791,0.01793813705444336
9.738876342773438,-0.8011691570281982,-1.11831533908844,-0.14646819233894348,0.02506508305668831,3.0267348289489746,289.9223937988281,3.0276472568511963,277.3563537597656,-0.5551841855049133,-1.0987293720245361,-0.2626156806945801,0.0,0.0,12.40139102935791,0.0009124279022216797
9.739376068115234,-0.6446754336357117,-1.205257534980774,-0.13841155171394348,0.007389374077320099,3.1720235347747803,290.21258544921875,-3.1271042823791504,276.9259948730469,-0.34261178970336914,-1.097797155380249,-0.22567391395568848,0.0,0.0,12.40139102935791,-0.015942096710205078
9.739875793457031,-0.4616071283817291,-1.266628384590149,-0.18191741406917572,-0.07168619334697723,3.3171303272247314,290.21258544921875,-2.9969887733459473,276.575439453125,-0.11753010004758835,-1.0267512798309326,-0.16712212562561035,0.0,0.0,12.40139102935791,-0.030933856964111328
9.740375518798828,-0.2785389721393585,-1.3075424432754517,-0.20125333964824677,-0.09587400406599045,3.4619083404541016,289.9223937988281,-2.8638622760772705,276.3589172363281,0.09646814316511154,-0.9775780439376831,-0.08765387535095215,0.0,0.0,12.40139102935791,-0.042584896087646484
9.740876197814941,-0.09350239485502243,-1.3279997110366821,-0.20769865810871124,-0.13680723309516907,3.60686993598938,289.9223937988281,-2.727985143661499,276.26239013671875,0.3034510016441345,-0.9546071290969849,-0.013837337493896484,0.0,0.0,12.40139102935791,-0.05166959762573242
9.741375923156738,0.10334507375955582,-1.3143614530563354,-0.23025725781917572,-0.1907646805047989,3.7155590057373047,257.7087707519531,-2.5883328914642334,276.32666015625,0.5185412168502808,-0.8330486416816711,0.09598398208618164,0.0,0.0,12.40139102935791,-0.020706653594970703
9.741875648498535,0.29428723454475403,-1.2768570184707642,-0.22381193935871124,-0.2261161059141159,3.8444137573242188,257.7087707519531,-2.4438843727111816,276.591064453125,0.7484373450279236,-0.7284790277481079,0.19417285919189453,0.0,0.0,12.40139102935791,-0.005112648010253906
9.742376327514648,0.47538694739341736,-1.218895435333252,-0.22381193935871124,-0.23914030194282532,4.009541988372803,289.9223937988281,-2.296795606613159,276.96087646484375,0.9232054948806763,-0.6252095103263855,0.22394680976867676,0.0,0.0,12.40139102935791,-0.023151874542236328
9.742875099182129,0.6525493264198303,-1.1336581707000732,-0.22381193935871124,-0.26890993118286133,4.154212951660156,289.9223937988281,-2.1479456424713135,277.39678955078125,1.095555305480957,-0.4930679500102997,0.24770617485046387,0.0,0.0,12.40139102935791,-0.01897287368774414
9.743374824523926,0.8080587983131409,-1.0245543718338013,-0.20125333964824677,-0.28937652707099915,4.299172878265381,289.9223937988281,-1.9987435340881348,277.838134765625,1.2048208713531494,-0.3874760568141937,0.21024203300476074,0.0,0.0,12.40139102935791,-0.01473093032836914
9.743874549865723,0.9665214419364929,-0.9001074433326721,-0.18997405469417572,-0.29960983991622925,4.444134712219238,289.9223937988281,-1.849388599395752,278.27667236328125,1.3761059045791626,-0.21343044936656952,0.2183535099029541,0.0,0.0,12.40139102935791,-0.01033782958984375
9.744375228881836,1.0915194749832153,-0.7517940998077393,-0.17547209560871124,-0.29681894183158875,4.60151481628418,300.96124267578125,-1.7021125555038452,278.6185607910156,1.424350619316101,-0.07084175199270248,0.1751868724822998,0.0,0.0,12.40139102935791,-0.02044200897216797
9.744874954223633,1.2027381658554077,-0.5864337682723999,-0.15935881435871124,-0.30798256397247314,4.751994609832764,300.96124267578125,-1.5557591915130615,278.9146728515625,1.519152045249939,0.14985638856887817,0.17696142196655273,0.0,0.0,12.40139102935791,-0.02456808090209961
9.74537467956543,1.2873824834823608,-0.41936826705932617,-0.131966233253479,-0.29774925112724304,4.841681957244873,246.97091674804688,-1.4113105535507202,279.124267578125,1.5818333625793457,0.2623785734176636,0.09830021858215332,0.0,0.0,12.40139102935791,0.030192852020263672
9.745875358581543,1.3474211692810059,-0.24036958813667297,-0.1077963188290596,-0.29309776425361633,4.965167999267578,246.97091674804688,-1.2691447734832764,279.2334899902344,1.5900616645812988,0.38662853837013245,0.030036211013793945,0.0,0.0,12.40139102935791,0.04887247085571289
9.74637508392334,1.3887590169906616,-0.05284707993268967,-0.08846037834882736,-0.28565534949302673,5.137016773223877,289.9223937988281,-1.129312515258789,279.2424011230469,1.5875605344772339,0.5565797090530396,-0.01129150390625,0.0,0.0,12.40139102935791,0.01685619354248047
9.746874809265137,1.393680214881897,0.13297027349472046,-0.05623381584882736,-0.24658271670341492,5.281977653503418,289.9223937988281,-0.9920153617858887,279.1445617675781,1.5333209037780762,0.6585844159126282,-0.08042049407958984,0.0,0.0,12.40139102935791,0.009192466735839844
9.747373580932617,1.3720269203186035,0.3204929828643799,-0.028841238468885422,-0.23634940385818481,5.4266486167907715,289.9223937988281,-0.8568940162658691,278.9573974609375,1.4173383712768555,0.7670554518699646,-0.12542343139648438,0.0,0.0,12.40139102935791,-0.0003571510314941406
9.74787425994873,1.3287200927734375,0.5046058297157288,0.02110993303358555,-0.2112312912940979,5.571610450744629,289.9223937988281,-0.7239184379577637,278.6839904785156,1.310870885848999,0.8941876888275146,-0.15604209899902344,0.0,0.0,12.40139102935791,-0.012343406677246094
9.748373985290527,1.2578555345535278,0.6682616472244263,0.05494782328605652,-0.14890114963054657,5.716897964477539,290.21258544921875,-0.5924217700958252,278.3541564941406,1.188334584236145,0.9730608463287354,-0.20034122467041016,0.0,0.0,12.40139102935791,-0.026134014129638672
9.748873710632324,1.1554944515228271,0.8250986337661743,0.06300446391105652,-0.12192241847515106,5.862004280090332,290.21258544921875,-0.46277642250061035,277.9534912109375,1.0442084074020386,1.0230224132537842,-0.24126720428466797,0.0,0.0,12.40139102935791,-0.0415949821472168
9.749374389648438,1.0344334840774536,0.9734117984771729,0.11295563727617264,-0.09866490215063095,5.982602119445801,268.4466247558594,-0.33400559425354004,277.5246887207031,0.8250777125358582,1.081567406654358,-0.22614812850952148,0.0,0.0,12.40139102935791,-0.033421993255615234
9.749874114990234,0.9005771279335022,1.0893348455429077,0.1258462518453598,-0.03354386240243912,6.116825580596924,268.4466247558594,-0.20581579208374023,277.0802001953125,0.7018437385559082,1.0819982290267944,-0.2784571647644043,0.0,0.0,12.40139102935791,-0.03945589065551758
9.750373840332031,0.7440832257270813,1.1967339515686035,0.14518219232559204,0.02785598672926426,6.275556564331055,290.21258544921875,-0.07722210884094238,276.6623840332031,0.46851569414138794,1.1411188840866089,-0.22111082077026367,0.0,0.0,12.40139102935791,-0.06959295272827148
9.750873565673828,0.5718418955802917,1.2734476327896118,0.1419595330953598,0.018552975729107857,0.13747787475585938,290.21258544921875,0.052063703536987305,276.2824401855469,0.2526771128177643,1.1008021831512451,-0.1864185333251953,0.0,0.0,12.40139102935791,-0.08541417121887207
9.751373291015625,0.38483670353889465,1.3348184823989868,0.20802399516105652,0.09762854129076004,0.2819681167602539,289.9223937988281,0.1837449073791504,276.0112609863281,0.013697265647351742,1.0806972980499268,-0.10489225387573242,0.0,0.0,12.40139102935791,-0.09822320938110352
9.751873016357422,0.18405212461948395,1.35868501663208,0.21608063578605652,0.15065567195415497,0.4269289970397949,289.9223937988281,0.32018280029296875,275.9457092285156,-0.23121483623981476,0.9704394340515137,0.005681276321411133,0.0,0.0,12.40139102935791,-0.10674619674682617
9.752372741699219,-0.010826530866324902,1.3552753925323486,0.21124665439128876,0.17763440310955048,0.5839810371398926,300.6602478027344,0.4597630500793457,276.013427734375,-0.4265344738960266,0.8698804974555969,0.08846020698547363,0.0,0.0,12.40139102935791,-0.12421798706054688
9.752873420715332,-0.21161098778247833,1.3279997110366821,0.22897125780582428,0.2325221449136734,0.734311580657959,300.6602478027344,0.6047666072845459,276.30792236328125,-0.6700877547264099,0.7748085856437683,0.2011871337890625,0.0,0.0,12.40139102935791,-0.12954497337341309
9.753373146057129,-0.41830089688301086,1.2768570184707642,0.24830719828605652,0.2436857521533966,0.8362784385681152,257.7087707519531,0.7534580230712891,276.7508850097656,-0.9169496297836304,0.6155324578285217,0.31969547271728516,0.0,0.0,12.40139102935791,-0.08282041549682617
9.753872871398926,-0.595463752746582,1.1916197538375854,0.2563638389110565,0.29857346415519714,0.9651322364807129,257.7087707519531,0.9038746356964111,277.25689697265625,-1.0301947593688965,0.524657666683197,0.28946781158447266,0.0,0.0,12.40139102935791,-0.06125760078430176
9.754372596740723,-0.7755792140960693,1.0876299142837524,0.21769195795059204,0.32090067863464355,1.1423497200012207,300.6602478027344,1.056107759475708,277.82867431640625,-1.2470735311508179,0.34404391050338745,0.3394937515258789,0.0,0.0,12.40139102935791,-0.0862419605255127
9.754873275756836,-0.9291202425956726,0.9648879170417786,0.20319001376628876,0.32555222511291504,1.292680263519287,300.6602478027344,1.2078421115875244,278.36737060546875,-1.3456934690475464,0.20739509165287018,0.3040609359741211,0.0,0.0,12.40139102935791,-0.0848381519317627
9.755372047424316,-1.0708500146865845,0.8216889500617981,0.20319001376628876,0.32927340269088745,1.4427099227905273,300.6602478027344,1.3588435649871826,278.8639221191406,-1.4734073877334595,0.05933957174420357,0.26572704315185547,0.0,0.0,12.40139102935791,-0.08386635780334473
9.755871772766113,-1.1938797235488892,0.663147509098053,0.18385407328605652,0.31810981035232544,1.5930395126342773,300.6602478027344,1.5086276531219482,279.2987976074219,-1.5907293558120728,-0.10828793048858643,0.2241349220275879,0.0,0.0,12.40139102935791,-0.0844118595123291
9.756372451782227,-1.2903351783752441,0.4892633855342865,0.17096345126628876,0.32927340269088745,1.7437090873718262,300.96124267578125,1.6566803455352783,279.6518249511719,-1.6579523086547852,-0.27112072706222534,0.17009735107421875,0.0,0.0,12.40139102935791,-0.08702874183654785
9.756872177124023,-1.3552948236465454,0.2949218153953552,0.13229157030582428,0.33299463987350464,1.894188404083252,300.96124267578125,1.802091360092163,279.8863525390625,-1.5997226238250732,-0.396634042263031,0.10543966293334961,0.0,0.0,12.40139102935791,-0.09209704399108887
9.75737190246582,-1.3986011743545532,0.11080852895975113,0.09039703756570816,0.30508559942245483,1.9838757514953613,246.97091674804688,1.9450914859771729,280.01458740234375,-1.6301450729370117,-0.5403115749359131,0.03922128677368164,0.0,0.0,12.40139102935791,-0.03878426551818848
9.757871627807617,-1.4094280004501343,-0.08523756265640259,0.04850250855088234,0.26973414421081543,2.1073622703552246,246.97091674804688,2.085685968399048,280.0391540527344,-1.5299053192138672,-0.6632381677627563,-0.01257467269897461,0.0,0.0,12.40139102935791,-0.021676301956176758
9.75837230682373,-1.4025382995605469,-0.27446478605270386,0.02110993303358555,0.2706644833087921,2.2913012504577637,300.6602478027344,2.2240374088287354,279.9688415527344,-1.5061320066452026,-0.7944697737693787,-0.0748744010925293,0.0,0.0,12.40139102935791,-0.06726384162902832
9.758872032165527,-1.359231948852539,-0.465396523475647,-0.009505301713943481,0.20089192688465118,2.44163179397583,300.6602478027344,2.360626459121704,279.8259582519531,-1.3731982707977295,-0.9473307132720947,-0.09308815002441406,0.0,0.0,12.40139102935791,-0.08100533485412598
9.759371757507324,-1.2903351783752441,-0.6392810344696045,-0.0433431901037693,0.18507681787014008,2.59196138381958,300.6602478027344,2.4949071407318115,279.5891418457031,-1.2318001985549927,-0.9915367960929871,-0.15384674072265625,0.0,0.0,12.40139102935791,-0.09705424308776855
9.759870529174805,-1.1928956508636475,-0.8012323379516602,-0.07234709709882736,0.14600417017936707,2.7419915199279785,300.6602478027344,2.627394914627075,279.2818298339844,-1.0776190757751465,-1.0414389371871948,-0.19603824615478516,0.0,0.0,12.40139102935791,-0.11459660530090332
9.760371208190918,-1.0826609134674072,-0.9512500166893005,-0.11101897060871124,0.10879215598106384,2.880568027496338,290.21258544921875,2.758697271347046,278.93121337890625,-0.9466644525527954,-1.1383291482925415,-0.2188129425048828,0.0,0.0,12.40139102935791,-0.12187075614929199
9.760870933532715,-0.9350256323814392,-1.0842205286026,-0.1239096000790596,0.06785891205072403,3.025674343109131,290.21258544921875,2.8894660472869873,278.5657958984375,-0.665078341960907,-1.1329584121704102,-0.18666553497314453,0.0,0.0,12.40139102935791,-0.13620829582214355
9.761370658874512,-0.7795159816741943,-1.1899148225784302,-0.172249436378479,0.010180274024605751,3.1462721824645996,268.4466247558594,3.0194685459136963,278.1758117675781,-0.5047481060028076,-1.149585247039795,-0.1997528076171875,0.0,0.0,12.40139102935791,-0.12680363655090332
9.761871337890625,-0.6072743535041809,-1.2700380086898804,-0.17869475483894348,-0.05494077503681183,3.2804951667785645,268.4466247558594,-3.132472515106201,277.8460388183594,-0.2902156114578247,-1.1145026683807373,-0.17200589179992676,0.0,0.0,12.40139102935791,-0.12978219985961914
9.762371063232422,-0.4183007776737213,-1.331408977508545,-0.18675139546394348,-0.07261649519205093,3.4389004707336426,289.9223937988281,-2.997786283493042,277.6685485839844,0.0034881052561104298,-1.0502233505249023,-0.048169612884521484,0.0,0.0,12.40139102935791,-0.15350103378295898
9.762870788574219,-0.21751642227172852,-1.35868501663208,-0.22381193935871124,-0.13866783678531647,3.5838608741760254,289.9223937988281,-2.8597586154937744,277.6350402832031,0.2169799953699112,-0.9697685241699219,0.030919551849365234,0.0,0.0,12.40139102935791,-0.16043424606323242
9.763370513916016,-0.016732091084122658,-1.362094759941101,-0.23186857998371124,-0.1935555785894394,3.7412524223327637,300.96124267578125,-2.7176320552825928,277.7742919921875,0.44042614102363586,-0.9006286263465881,0.12393569946289062,0.0,0.0,12.40139102935791,-0.17569875717163086
9.763870239257812,0.18602092564105988,-1.331408977508545,-0.23831389844417572,-0.221464604139328,3.8914313316345215,300.96124267578125,-2.570387601852417,278.1258850097656,0.6702939867973328,-0.7297940850257874,0.2655010223388672,0.0,0.0,12.40139102935791,-0.1786332130432129
9.76436996459961,0.3868052661418915,-1.2802667617797852,-0.23831389844417572,-0.2493736296892166,4.02915620803833,289.6327819824219,-2.4194867610931396,278.6238708496094,0.9041057825088501,-0.6059846878051758,0.35251450538635254,0.0,0.0,12.40139102935791,-0.16545724868774414
9.764869689941406,0.5718421339988708,-1.2018479108810425,-0.23992522060871124,-0.27449172735214233,4.173973560333252,289.6327819824219,-2.266792058944702,279.1864318847656,1.072473168373108,-0.487493634223938,0.363908052444458,0.0,0.0,12.40139102935791,-0.15757989883422852
9.76537036895752,0.7430991530418396,-1.1029726266860962,-0.23831389844417572,-0.33496129512786865,4.295258045196533,268.7153625488281,-2.1127076148986816,279.7953796386719,1.2121562957763672,-0.40138059854507446,0.3166954517364502,0.0,0.0,12.40139102935791,-0.12478017807006836
9.765870094299316,0.9025457501411438,-0.9836402535438538,-0.22220061719417572,-0.33310067653656006,4.429614543914795,268.7153625488281,-1.9587815999984741,280.384765625,1.366087555885315,-0.2485252022743225,0.3027160167694092,0.0,0.0,12.40139102935791,-0.10521078109741211
9.766369819641113,1.0393545627593994,-0.8353269100189209,-0.20125333964824677,-0.33403098583221436,4.599942684173584,300.6602478027344,-1.805585503578186,280.93115234375,1.431909441947937,-0.09715607762336731,0.26174020767211914,0.0,0.0,12.40139102935791,-0.12234258651733398
9.76686954498291,1.1584471464157104,-0.676785409450531,-0.18514005839824677,-0.33217036724090576,4.75027322769165,300.6602478027344,-1.6546046733856201,281.3728942871094,1.5005871057510376,0.06426417827606201,0.2212839126586914,0.0,0.0,12.40139102935791,-0.12169218063354492
9.767370223999023,1.267697811126709,-0.5080152750015259,-0.15774749219417572,-0.32565829157829285,4.888512134552002,289.9223937988281,-1.505277156829834,281.7359924316406,1.6403656005859375,0.2643982768058777,0.1889503002166748,0.0,0.0,12.40139102935791,-0.11060380935668945
9.76786994934082,1.3434839248657227,-0.32219770550727844,-0.12874357402324677,-0.32751888036727905,5.033473491668701,289.9223937988281,-1.358275055885315,281.9936218261719,1.653435468673706,0.4240655303001404,0.1330556869506836,0.0,0.0,12.40139102935791,-0.10856294631958008
9.7683687210083,1.382853388786316,-0.13808463513851166,-0.10618498921394348,-0.31263405084609985,5.1902241706848145,300.6602478027344,-1.2137478590011597,282.1416931152344,1.6128109693527222,0.5177692770957947,0.04779934883117676,0.0,0.0,12.40139102935791,-0.12078666687011719
9.768869400024414,1.4064754247665405,0.0562567263841629,-0.05784514546394348,-0.30891287326812744,5.340555667877197,300.6602478027344,-1.0717976093292236,282.1784973144531,1.6004443168640137,0.6668406128883362,-0.010237932205200195,0.0,0.0,12.40139102935791,-0.12916803359985352
9.769369125366211,1.3848222494125366,0.2437790036201477,-0.06267912685871124,-0.2763523459434509,5.442854404449463,257.96673583984375,-0.9323523044586182,282.1091613769531,1.3993114233016968,0.7210286855697632,-0.06894516944885254,0.0,0.0,12.40139102935791,-0.09202146530151367
9.769868850708008,1.3533263206481934,0.43471094965934753,0.013053291477262974,-0.24007059633731842,5.571837902069092,257.96673583984375,-0.795093297958374,281.9495544433594,1.3743394613265991,0.9232218861579895,-0.0906214714050293,0.0,0.0,12.40139102935791,-0.08374547958374023
9.770368576049805,1.2942721843719482,0.6051860451698303,0.04205719754099846,-0.1954161822795868,5.748894214630127,300.6602478027344,-0.659970760345459,281.7034912109375,1.249648094177246,0.9902941584587097,-0.14745688438415527,0.0,0.0,12.40139102935791,-0.12567949295043945
9.770869255065918,1.2047063112258911,0.7671371698379517,0.05494782328605652,-0.14517994225025177,5.899224758148193,300.6602478027344,-0.5265200138092041,281.3923034667969,1.1317384243011475,1.075736403465271,-0.1912856101989746,0.0,0.0,12.40139102935791,-0.14255952835083008
9.771368980407715,1.0865981578826904,0.9171550273895264,0.1097329780459404,-0.12285272032022476,6.037463665008545,289.9223937988281,-0.39444613456726074,281.02996826171875,0.9310653805732727,1.093256950378418,-0.2182784080505371,0.0,0.0,12.40139102935791,-0.14872407913208008
9.771868705749512,0.9556947350502014,1.0484205484390259,0.11134430766105652,-0.06610438227653503,6.182425022125244,289.9223937988281,-0.26332736015319824,280.6349792480469,0.7544925212860107,1.1568243503570557,-0.22202420234680176,0.0,0.0,12.40139102935791,-0.1625666618347168
9.772368431091309,0.8031378388404846,1.1558198928833008,0.13229157030582428,-0.01121664047241211,0.043910980224609375,289.9223937988281,-0.13226675987243652,280.2460632324219,0.5308719873428345,1.1442515850067139,-0.2096264362335205,0.0,0.0,12.40139102935791,-0.1761777400970459
9.772868156433105,0.6368016600608826,1.2461715936660767,0.15646149218082428,0.019483281299471855,0.1888713836669922,289.9223937988281,-0.0008234977722167969,279.8814392089844,0.32229048013687134,1.1744353771209717,-0.17448115348815918,0.0,0.0,12.40139102935791,-0.18969488143920898
9.773367881774902,0.44585952162742615,1.3007233142852783,0.20319001376628876,0.09669824689626694,0.2978830337524414,257.96673583984375,0.13247466087341309,279.6025085449219,0.08484926074743271,1.056249976158142,-0.11997437477111816,0.0,0.0,12.40139102935791,-0.16540837287902832
9.7738676071167,0.2509804964065552,1.3348184823989868,0.21608063578605652,0.12832847237586975,0.4268674850463867,257.96673583984375,0.2697174549102783,279.49530029296875,-0.17999105155467987,0.9738075733184814,0.0062029361724853516,0.0,0.0,12.40139102935791,-0.1571500301361084
9.774368286132812,0.06003845855593681,1.3382278680801392,0.20802399516105652,0.17019198834896088,0.591832160949707,289.9223937988281,0.4098215103149414,279.5103454589844,-0.3598499894142151,0.8908728361129761,0.06748032569885254,0.0,0.0,12.40139102935791,-0.18201065063476562
9.77486801147461,-0.1387776881456375,1.3211805820465088,0.22897125780582428,0.2083343118429184,0.7367935180664062,289.9223937988281,0.555689811706543,279.76776123046875,-0.6146180629730225,0.7818195819854736,0.20461297035217285,0.0,0.0,12.40139102935791,-0.18110370635986328
9.775367736816406,-0.3316880166530609,1.2734476327896118,0.24186187982559204,0.2548493444919586,0.8938455581665039,300.6602478027344,0.7052414417266846,280.17413330078125,-0.8038954138755798,0.6709240674972534,0.26453232765197754,0.0,0.0,12.40139102935791,-0.18860411643981934
9.77586841583252,-0.5167246460914612,1.2018479108810425,0.254752516746521,0.2771765887737274,1.044175148010254,300.6602478027344,0.8575799465179443,280.68914794921875,-0.9877654910087585,0.532489538192749,0.3136260509490967,0.0,0.0,12.40139102935791,-0.18659520149230957
9.7763671875,-0.6860134601593018,1.1063820123672485,0.22091461718082428,0.3004341125488281,1.182124137878418,289.9223937988281,1.0111682415008545,281.2456359863281,-1.125791072845459,0.3976576626300812,0.3151087760925293,0.0,0.0,12.40139102935791,-0.17095589637756348
9.776866912841797,-0.8464441299438477,0.9921638369560242,0.21608063578605652,0.32183098793029785,1.3270864486694336,289.9223937988281,1.1653592586517334,281.8157653808594,-1.2864691019058228,0.2719496786594391,0.29223155975341797,0.0,0.0,12.40139102935791,-0.1617271900177002
9.777366638183594,-0.995063841342926,0.8574886918067932,0.20802399516105652,0.30229470133781433,1.4360952377319336,257.96673583984375,1.3185994625091553,282.33404541015625,-1.4285876750946045,0.06558212637901306,0.3016538619995117,0.0,0.0,12.40139102935791,-0.11749577522277832
9.777867317199707,-1.1151409149169922,0.7040613293647766,0.15485017001628876,0.31624922156333923,1.5650806427001953,257.96673583984375,1.4708502292633057,282.79974365234375,-1.5235356092453003,-0.08016655594110489,0.24777793884277344,0.0,0.0,12.40139102935791,-0.09423041343688965
9.778367042541504,-1.2165173292160034,0.5352913737297058,0.15323883295059204,0.35811272263526917,1.730046272277832,289.9223937988281,1.6213562488555908,283.1824035644531,-1.5976181030273438,-0.2391779124736786,0.1932063102722168,0.0,0.0,12.40139102935791,-0.10869002342224121
9.7788667678833,-1.2932876348495483,0.3614068329334259,0.13068024814128876,0.31717950105667114,1.8750076293945312,289.9223937988281,1.7690718173980713,283.439453125,-1.5988394021987915,-0.363238662481308,0.12006139755249023,0.0,0.0,12.40139102935791,-0.10593581199645996
9.779367446899414,-1.3405312299728394,0.18411284685134888,0.12262360006570816,0.30880680680274963,2.0320587158203125,300.6602478027344,1.9140818119049072,283.5776672363281,-1.6282613277435303,-0.4901493787765503,0.043779850006103516,0.0,0.0,12.40139102935791,-0.11797690391540527
9.779867172241211,-1.3641529083251953,-0.006819294765591621,0.10006500780582428,0.29950380325317383,2.182389259338379,300.6602478027344,2.056663751602173,283.6109313964844,-1.5114805698394775,-0.6253501772880554,0.0009207725524902344,0.0,0.0,12.40139102935791,-0.12572550773620605
9.780366897583008,-1.3621845245361328,-0.18752272427082062,0.04689118266105652,0.2650826871395111,2.2722644805908203,246.97091674804688,2.196843385696411,283.5424499511719,-1.4980888366699219,-0.7474794983863831,-0.06905174255371094,0.0,0.0,12.40139102935791,-0.07542109489440918
9.780865669250488,-1.3297046422958374,-0.37333962321281433,0.009830635972321033,0.2325221300125122,2.395503044128418,246.97091674804688,2.334718942642212,283.378662109375,-1.3616149425506592,-0.8619046211242676,-0.10561370849609375,0.0,0.0,12.40139102935791,-0.060784101486206055
9.781366348266602,-1.2804926633834839,-0.5472245812416077,-0.0062826452776789665,0.18972830474376678,2.5673093795776367,289.9223937988281,2.4707162380218506,283.1393127441406,-1.2563042640686035,-0.9806135296821594,-0.14341068267822266,0.0,0.0,12.40139102935791,-0.09659314155578613
9.781866073608398,-1.1948641538619995,-0.7023568749427795,-0.04656584933400154,0.17577378451824188,2.7122697830200195,289.9223937988281,2.6040689945220947,282.7937927246094,-1.1395130157470703,-0.9938191771507263,-0.22277164459228516,0.0,0.0,12.40139102935791,-0.1082007884979248
9.782365798950195,-1.0993931293487549,-0.8608983159065247,-0.08040373772382736,0.13763146102428436,2.869649887084961,300.96124267578125,2.7361438274383545,282.4019775390625,-0.9847474098205566,-1.1402982473373413,-0.21368169784545898,0.0,0.0,12.40139102935791,-0.13350605964660645
9.782865524291992,-0.9655368328094482,-0.990459144115448,-0.1239096000790596,0.07158011943101883,3.0201311111450195,300.96124267578125,2.867873430252075,282.00396728515625,-0.7548552751541138,-1.1154775619506836,-0.22819852828979492,0.0,0.0,12.40139102935791,-0.15225768089294434
9.783366203308105,-0.8306963443756104,-1.10126793384552,-0.14646819233894348,0.039949897676706314,3.1460914611816406,279.18450927734375,2.9982364177703857,281.55670166015625,-0.635278046131134,-1.1733249425888062,-0.2601637840270996,0.0,0.0,12.40139102935791,-0.14785504341125488
9.783865928649902,-0.6623918414115906,-1.1916197538375854,-0.15774749219417572,-0.013077243231236935,3.2856826782226562,279.18450927734375,3.129377603530884,281.15179443359375,-0.34903839230537415,-1.1178408861160278,-0.1975860595703125,0.0,0.0,12.40139102935791,-0.15630507469177246
9.7843656539917,-0.4871974289417267,-1.2564003467559814,-0.18675139546394348,-0.050289273262023926,3.4010934829711914,257.7087707519531,-3.019852876663208,280.8738098144531,-0.1021779477596283,-1.0627509355545044,-0.1245272159576416,0.0,0.0,12.40139102935791,-0.13776063919067383
9.784865379333496,-0.31003472208976746,-1.2904949188232422,-0.19319669902324677,-0.09866490215063095,3.529690742492676,257.7087707519531,-2.883403778076172,280.7063293457031,0.03957951441407204,-1.0206565856933594,-0.12643027305603027,0.0,0.0,12.40139102935791,-0.12990903854370117
9.785365104675293,-0.11515569686889648,-1.3075424432754517,-0.21736662089824677,-0.14611023664474487,3.6951112747192383,290.21258544921875,-2.744063377380371,280.6641540527344,0.3007507622241974,-0.9478870630264282,0.0032372474670410156,0.0,0.0,12.40139102935791,-0.1559891700744629
9.78586483001709,0.07578621059656143,-1.297314167022705,-0.21897795796394348,-0.186113178730011,3.8402185440063477,290.21258544921875,-2.60080885887146,280.787353515625,0.5326881408691406,-0.8312501907348633,0.12318682670593262,0.0,0.0,12.40139102935791,-0.15784215927124023
9.786364555358887,0.26672837138175964,-1.2564003467559814,-0.23992522060871124,-0.2149524837732315,3.9849977493286133,289.9223937988281,-2.4526472091674805,281.1142272949219,0.7414746880531311,-0.6831571459770203,0.23199915885925293,0.0,0.0,12.40139102935791,-0.15445947647094727
9.786865234375,0.44192275404930115,-1.2018479108810425,-0.22703459858894348,-0.2372797131538391,4.129960060119629,289.9223937988281,-2.3023622035980225,281.5229797363281,0.8973177075386047,-0.6376757621765137,0.20840191841125488,0.0,0.0,12.40139102935791,-0.14913702011108398
9.787364959716797,0.6053060293197632,-1.1166105270385742,-0.21092131733894348,-0.2503039240837097,4.274918556213379,289.9223937988281,-2.1522977352142334,281.91400146484375,1.0087331533432007,-0.5173980593681335,0.20234894752502441,0.0,0.0,12.40139102935791,-0.14403104782104492
9.787864685058594,0.773610532283783,-1.0092114210128784,-0.21414397656917572,-0.28751593828201294,4.4198808670043945,289.9223937988281,-2.0003387928009033,282.37652587890625,1.2041758298873901,-0.3315871059894562,0.25599241256713867,0.0,0.0,12.40139102935791,-0.13703393936157227
9.788365364074707,0.9153407216072083,-0.8864695429801941,-0.19803069531917572,-0.30240076780319214,4.516478538513184,246.97091674804688,-1.8488774299621582,282.8082580566406,1.3238383531570435,-0.1920110285282135,0.2292311191558838,0.0,0.0,12.40139102935791,-0.08217048645019531
9.788865089416504,1.0423073768615723,-0.7483848333358765,-0.16902677714824677,-0.32472795248031616,4.6399641036987305,246.97091674804688,-1.6979767084121704,283.2071838378906,1.436480164527893,-0.06981915235519409,0.17370152473449707,0.0,0.0,12.40139102935791,-0.054755210876464844
9.789363861083984,1.1456520557403564,-0.5966622829437256,-0.15452483296394348,-0.31263405084609985,4.811524391174316,289.9223937988281,-1.549811601638794,283.4828186035156,1.5059382915496826,0.0705827847123146,0.12080836296081543,0.0,0.0,12.40139102935791,-0.07815027236938477
9.789863586425781,1.238170862197876,-0.42959678173065186,-0.13841155171394348,-0.31077349185943604,4.956482887268066,289.9223937988281,-1.4032013416290283,283.687255859375,1.5723400115966797,0.26472651958465576,0.09411954879760742,0.0,0.0,12.40139102935791,-0.07649850845336914
9.790364265441895,1.2962409257888794,-0.2540075182914734,-0.11424162983894348,-0.30054017901420593,5.101771354675293,290.21258544921875,-1.2586288452148438,283.8017272949219,1.5751227140426636,0.4027739465236664,0.03287386894226074,0.0,0.0,12.40139102935791,-0.07721471786499023
9.790863990783691,1.3297046422958374,-0.07330432534217834,-0.08040373772382736,-0.2717008590698242,5.246878623962402,290.21258544921875,-1.116654634475708,283.80462646484375,1.541949987411499,0.545046329498291,-0.019895076751708984,0.0,0.0,12.40139102935791,-0.08034753799438477
9.791363716125488,1.3474208116531372,0.10398965328931808,-0.07879240810871124,-0.2800735533237457,5.391655921936035,289.9223937988281,-0.9772777557373047,283.6983337402344,1.5347610712051392,0.6954331994056702,-0.07385659217834473,0.0,0.0,12.40139102935791,-0.08574819564819336
9.791864395141602,1.3198623657226562,0.2881027162075043,-0.01917327009141445,-0.24193121492862701,5.536618232727051,289.9223937988281,-0.8401782512664795,283.49859619140625,1.3797945976257324,0.7806309461593628,-0.12180852890014648,0.0,0.0,12.40139102935791,-0.09361124038696289
9.792364120483398,1.2765556573867798,0.4517585337162018,0.004996651317924261,-0.2112312912940979,5.6453070640563965,257.7087707519531,-0.7054650783538818,283.20269775390625,1.2601131200790405,0.8365130424499512,-0.18570590019226074,0.0,0.0,12.40139102935791,-0.06758642196655273
9.792863845825195,1.2096278667449951,0.6222334504127502,0.04044586792588234,-0.1851828694343567,5.7741618156433105,257.7087707519531,-0.5727784633636475,282.8279724121094,1.14762544631958,0.9704546332359314,-0.20268559455871582,0.0,0.0,12.40139102935791,-0.06375455856323242
9.793362617492676,1.1180938482284546,0.7671369314193726,0.07267243415117264,-0.14424963295459747,5.938998699188232,289.9223937988281,-0.44135260581970215,282.40802001953125,1.010628581047058,1.0048820972442627,-0.2538638114929199,0.0,0.0,12.40139102935791,-0.09716558456420898
9.793863296508789,1.0196701288223267,0.9035168290138245,0.08717438578605652,-0.09680430591106415,6.083962917327881,289.9223937988281,-0.3119795322418213,281.91070556640625,0.8912671804428101,1.0977294445037842,-0.27721714973449707,0.0,0.0,12.40139102935791,-0.11275720596313477
9.794363021850586,0.8759711384773254,1.022849678993225,0.12906891107559204,-0.07447708398103714,6.216838359832764,279.18450927734375,-0.18303847312927246,281.40576171875,0.6459351181983948,1.0585758686065674,-0.2722194194793701,0.0,0.0,12.40139102935791,-0.11669111251831055
9.794862747192383,0.7391623854637146,1.1166105270385742,0.12906891107559204,-0.026101456955075264,0.07324600219726562,279.18450927734375,-0.054268836975097656,280.90411376953125,0.5216975212097168,1.0786652565002441,-0.3038914203643799,0.0,0.0,12.40139102935791,-0.12751483917236328
9.795363426208496,0.5738101601600647,1.1916197538375854,0.16774079203605652,0.007389374077320099,0.22524642944335938,290.21258544921875,0.07459640502929688,280.4173583984375,0.2941833734512329,1.0333020687103271,-0.2596139907836914,0.0,0.0,12.40139102935791,-0.1506500244140625
9.795863151550293,0.4045215845108032,1.2461715936660767,0.18063141405582428,0.07064981758594513,0.37035179138183594,290.21258544921875,0.20524144172668457,280.01544189453125,0.10190095007419586,1.023383617401123,-0.21207571029663086,0.0,0.0,12.40139102935791,-0.16511034965515137
9.79636287689209,0.22145305573940277,1.2734476327896118,0.1902993768453598,0.11902545392513275,0.47915077209472656,257.96673583984375,0.3389322757720947,279.7503662109375,-0.14175187051296234,0.9030697345733643,-0.09040427207946777,0.0,0.0,12.40139102935791,-0.14021849632263184
9.796862602233887,0.04625902697443962,1.2870856523513794,0.19513337314128876,0.14600417017936707,0.6081352233886719,257.96673583984375,0.4758760929107666,279.6275634765625,-0.3512320816516876,0.9118068814277649,-0.015083074569702148,0.0,0.0,12.40139102935791,-0.13225913047790527
9.797362327575684,-0.14665119349956512,1.266628384590149,0.20157867670059204,0.1962403953075409,0.7725143432617188,289.6327819824219,0.6176154613494873,279.7091369628906,-0.5938866138458252,0.7502242922782898,0.1457958221435547,0.0,0.0,12.40139102935791,-0.15489888191223145
9.79786205291748,-0.3297194540500641,1.222305178642273,0.19191071391105652,0.2185676395893097,0.9173316955566406,289.6327819824219,0.7638401985168457,279.9772644042969,-0.7809026837348938,0.6403891444206238,0.21428251266479492,0.0,0.0,12.40139102935791,-0.15349149703979492
9.798361778259277,-0.499008446931839,1.160934329032898,0.21930329501628876,0.2567099630832672,1.0503921508789062,279.18450927734375,0.9113523960113525,280.2935485839844,-0.916164755821228,0.574328601360321,0.19369220733642578,0.0,0.0,12.40139102935791,-0.1390397548675537
9.798861503601074,-0.6633759140968323,1.0705825090408325,0.20480133593082428,0.2483372539281845,1.1899852752685547,279.18450927734375,1.060784101486206,280.6837158203125,-1.072886347770691,0.4446660578250885,0.21151018142700195,0.0,0.0,12.40139102935791,-0.12920117378234863
9.799362182617188,-0.8159328103065491,0.9631832838058472,0.19191071391105652,0.2762462794780731,1.3419837951660156,290.21258544921875,1.209559679031372,281.0382080078125,-1.2133805751800537,0.3068041205406189,0.2080855369567871,0.0,0.0,12.40139102935791,-0.13242411613464355
9.799861907958984,-0.9537258744239807,0.8336222171783447,0.17740875482559204,0.29764315485954285,1.487091064453125,290.21258544921875,1.3587791919708252,281.4036865234375,-1.316920518875122,0.15164777636528015,0.19193220138549805,0.0,0.0,12.40139102935791,-0.1283118724822998
9.800361633300781,-1.0659290552139282,0.6938328146934509,0.1419595330953598,0.28647956252098083,1.5714149475097656,236.23304748535156,1.5059711933135986,281.6763000488281,-1.3983041048049927,0.026676515117287636,0.14018678665161133,0.0,0.0,12.40139102935791,-0.06544375419616699
9.800862312316895,-1.1702582836151123,0.5404053330421448,0.15162751078605652,0.28461897373199463,1.6895313262939453,236.23304748535156,1.6514160633087158,281.869873046875,-1.4770208597183228,-0.16076211631298065,0.1222224235534668,0.0,0.0,12.40139102935791,-0.03811526298522949
9.801362037658691,-1.2450600862503052,0.3767494857311249,0.1419595330953598,0.2827583849430084,1.8681049346923828,289.9223937988281,1.795710802078247,282.01104736328125,-1.5507946014404297,-0.2960704267024994,0.05793571472167969,0.0,0.0,12.40139102935791,-0.07239413261413574
9.801860809326172,-1.2923036813735962,0.19945551455020905,0.0775064155459404,0.2678735554218292,2.012777328491211,289.9223937988281,1.9370453357696533,282.0246887207031,-1.493734359741211,-0.3970074951648712,-0.012558460235595703,0.0,0.0,12.40139102935791,-0.07573199272155762
9.802360534667969,-1.324783444404602,0.027276325970888138,0.09039703756570816,0.2529887557029724,2.1456546783447266,279.18450927734375,2.0759470462799072,281.9358825683594,-1.5305168628692627,-0.5476813912391663,-0.06785440444946289,0.0,0.0,12.40139102935791,-0.06970763206481934
9.802861213684082,-1.3316731452941895,-0.15172259509563446,0.03561188653111458,0.2418251484632492,2.285245895385742,279.18450927734375,2.2126410007476807,281.7562255859375,-1.453082799911499,-0.6656351089477539,-0.11890745162963867,0.0,0.0,12.40139102935791,-0.07260489463806152
9.803360939025879,-1.3070672750473022,-0.3239021897315979,0.01788727566599846,0.2222888320684433,2.4251537322998047,279.4639587402344,2.346991777420044,281.4817810058594,-1.3689444065093994,-0.7603303790092468,-0.17615604400634766,0.0,0.0,12.40139102935791,-0.07816195487976074
9.803860664367676,-1.262776255607605,-0.48926296830177307,-0.02722991071641445,0.1981010138988495,2.5648860931396484,279.4639587402344,2.4795944690704346,281.1396179199219,-1.2915810346603394,-0.8354601860046387,-0.24198007583618164,0.0,0.0,12.40139102935791,-0.08529162406921387
9.804361343383789,-1.1948643922805786,-0.6546236872673035,-0.02561858296394348,0.14135266840457916,2.6801223754882812,257.7087707519531,2.609995126724243,280.7121276855469,-1.1362437009811401,-0.967891275882721,-0.241119384765625,0.0,0.0,12.40139102935791,-0.07012724876403809
9.804861068725586,-1.0964406728744507,-0.8046415448188782,-0.07234709709882736,0.11623454093933105,2.8089771270751953,257.7087707519531,2.7387754917144775,280.2256164550781,-0.973789632320404,-1.0155142545700073,-0.26936817169189453,0.0,0.0,12.40139102935791,-0.07020163536071777
9.805360794067383,-0.9852216839790344,-0.9359073638916016,-0.10457365959882736,0.06971951574087143,2.962015151977539,279.18450927734375,2.8669869899749756,279.7254333496094,-0.8496485352516174,-1.096919059753418,-0.2924618721008301,0.0,0.0,12.40139102935791,-0.09502816200256348
9.805859565734863,-0.8493970036506653,-1.0552396774291992,-0.1239096000790596,0.041810497641563416,3.1013259887695312,279.18450927734375,2.994828939437866,279.2203674316406,-0.6203557252883911,-1.091485619544983,-0.2781953811645508,0.0,0.0,12.40139102935791,-0.10649704933166504
9.806360244750977,-0.697824239730835,-1.1472958326339722,-0.17547209560871124,-0.0028439390007406473,3.2409191131591797,279.18450927734375,3.1218817234039307,278.6926574707031,-0.44586649537086487,-1.0867918729782104,-0.2779121398925781,0.0,0.0,12.40139102935791,-0.11903738975524902
9.806859970092773,-0.534440815448761,-1.218895435333252,-0.16902677714824677,-0.05121956765651703,3.380512237548828,279.18450927734375,-3.032252073287964,278.2601013183594,-0.23041945695877075,-1.0690476894378662,-0.22987771034240723,0.0,0.0,12.40139102935791,-0.1295790672302246
9.80735969543457,-0.36121535301208496,-1.2700380086898804,-0.18514005839824677,-0.09215279668569565,3.5321807861328125,289.9223937988281,-2.9010214805603027,277.9283447265625,-0.027120141312479973,-1.0336999893188477,-0.17492961883544922,0.0,0.0,12.40139102935791,-0.15001678466796875
9.807860374450684,-0.17617875337600708,-1.297314167022705,-0.19319669902324677,-0.13401632010936737,3.677145004272461,289.9223937988281,-2.7674455642700195,277.70208740234375,0.1967342048883438,-0.9714757204055786,-0.0821542739868164,0.0,0.0,12.40139102935791,-0.16140508651733398
9.80836009979248,0.014763406477868557,-1.297314167022705,-0.20608733594417572,-0.16378596425056458,3.7740612030029297,247.21812438964844,-2.629689931869507,277.6563720703125,0.4334549605846405,-0.8603512644767761,0.0475008487701416,0.0,0.0,12.40139102935791,-0.12056589126586914
9.808859825134277,0.19783180952072144,-1.2734476327896118,-0.21092131733894348,-0.2000676840543747,3.897672653198242,247.21812438964844,-2.48722767829895,277.80938720703125,0.6352547407150269,-0.7910290360450745,0.11529374122619629,0.0,0.0,12.40139102935791,-0.1017146110534668
9.809359550476074,0.3848365843296051,-1.222305178642273,-0.21736662089824677,-0.2242555022239685,4.069366455078125,289.9223937988281,-2.3415093421936035,278.09613037109375,0.8350025415420532,-0.6439691781997681,0.20729637145996094,0.0,0.0,12.40139102935791,-0.12769031524658203
9.809860229492188,0.5560938715934753,-1.1507056951522827,-0.20125333964824677,-0.2447221279144287,4.214328765869141,289.9223937988281,-2.194369077682495,278.4363098144531,0.9835633635520935,-0.5582866668701172,0.20091795921325684,0.0,0.0,12.40139102935791,-0.12551259994506836
9.810359001159668,0.7204617857933044,-1.053534984588623,-0.20286467671394348,-0.30147048830986023,4.346918106079102,279.18450927734375,-2.046229600906372,278.81134033203125,1.1339008808135986,-0.40998953580856323,0.22231173515319824,0.0,0.0,12.40139102935791,-0.10996198654174805
9.810858726501465,0.8661288619041443,-0.944430947303772,-0.19480803608894348,-0.28751593828201294,4.48651123046875,279.18450927734375,-1.8982129096984863,279.1728820800781,1.2432408332824707,-0.3218461275100708,0.16782069206237793,0.0,0.0,12.40139102935791,-0.10153865814208984
9.811359405517578,1.0019534826278687,-0.8046415448188782,-0.17386077344417572,-0.29588866233825684,4.611431121826172,266.1434631347656,-1.7509868144989014,279.49395751953125,1.3383668661117554,-0.11335761845111847,0.18961119651794434,0.0,0.0,12.40139102935791,-0.07923269271850586
9.811859130859375,1.1210463047027588,-0.6665571331977844,-0.15774749219417572,-0.29588866233825684,4.744501113891602,266.1434631347656,-1.6044358015060425,279.7796936035156,1.4794580936431885,-0.01166810654103756,0.11947226524353027,0.0,0.0,12.40139102935791,-0.06575155258178711
9.812358856201172,1.1958485841751099,-0.5029011368751526,-0.15291349589824677,-0.29123714566230774,4.903160095214844,289.9223937988281,-1.4604613780975342,279.951171875,1.4285104274749756,0.09159114956855774,0.04716801643371582,0.0,0.0,12.40139102935791,-0.08043622970581055
9.812858581542969,1.2873824834823608,-0.33072149753570557,-0.1158529594540596,-0.2921674847602844,5.048124313354492,289.9223937988281,-1.3181792497634888,280.04803466796875,1.5459623336791992,0.302937775850296,0.03433799743652344,0.0,0.0,12.40139102935791,-0.08311796188354492
9.813359260559082,1.3326575756072998,-0.15683674812316895,-0.0755697563290596,-0.27263113856315613,5.146867752075195,246.97091674804688,-1.1782084703445435,280.04559326171875,1.5639307498931885,0.4158051013946533,-0.039585113525390625,0.0,0.0,12.40139102935791,-0.041890621185302734
9.813858985900879,1.3582473993301392,0.023866677656769753,-0.06912443786859512,-0.2633281350135803,5.270355224609375,246.97091674804688,-1.0406835079193115,279.9404296875,1.5244522094726562,0.5582239627838135,-0.08618450164794922,0.0,0.0,12.40139102935791,-0.02785348892211914
9.814358711242676,1.356278896331787,0.20456989109516144,-0.03367522358894348,-0.24658271670341492,5.428503036499023,279.18450927734375,-0.9058916568756104,279.7225646972656,1.4681822061538696,0.6849387288093567,-0.13576388359069824,0.0,0.0,12.40139102935791,-0.0512089729309082
9.814858436584473,1.3208463191986084,0.3886827230453491,0.01627594791352749,-0.2084403932094574,5.567815780639648,279.18450927734375,-0.772620677947998,279.4455261230469,1.3246015310287476,0.8073335289955139,-0.15836024284362793,0.0,0.0,12.40139102935791,-0.0572509765625
9.81535816192627,1.2765557765960693,0.5540434718132019,0.008219307288527489,-0.1889040768146515,5.719259262084961,290.21258544921875,-0.6413323879241943,279.0908508300781,1.2932778596878052,0.9032930731773376,-0.22773957252502441,0.0,0.0,12.40139102935791,-0.07740640640258789
9.815857887268066,1.1889586448669434,0.7194040417671204,0.04850250855088234,-0.13215574622154236,5.86436653137207,290.21258544921875,-0.5119822025299072,278.66241455078125,1.0742034912109375,0.9875351786613464,-0.22351503372192383,0.0,0.0,12.40139102935791,-0.09316301345825195
9.816357612609863,1.0846296548843384,0.866012454032898,0.09200836718082428,-0.09401340782642365,6.009160995483398,289.9223937988281,-0.3835632801055908,278.2038269042969,0.9399794936180115,1.0536259412765503,-0.25325512886047363,0.0,0.0,12.40139102935791,-0.10953855514526367
9.816858291625977,0.9684897065162659,0.9921638369560242,0.10006500780582428,-0.05773167684674263,6.154123306274414,289.9223937988281,-0.25624585151672363,277.70843505859375,0.8139565587043762,1.0704318284988403,-0.3026137351989746,0.0,0.0,12.40139102935791,-0.1271834373474121
9.817358016967773,0.8208537697792053,1.1114964485168457,0.12423492968082428,-0.030752960592508316,6.252866744995117,246.97091674804688,-0.12851500511169434,277.2411804199219,0.5531703233718872,1.1083755493164062,-0.24303984642028809,0.0,0.0,12.40139102935791,-0.09819650650024414
9.81785774230957,0.6682971119880676,1.1984387636184692,0.15162751078605652,0.02785598672926426,0.09316873550415039,246.97091674804688,-0.0011148452758789062,276.7696533203125,0.41637882590293884,1.0969380140304565,-0.2705817222595215,0.0,0.0,12.40139102935791,-0.0942835807800293
9.818358421325684,0.48522937297821045,1.266628384590149,0.16451813280582428,0.06320741772651672,0.2631840705871582,290.21258544921875,0.12820839881896973,276.3890686035156,0.13612118363380432,1.0336511135101318,-0.1677553653717041,0.0,0.0,12.40139102935791,-0.13497567176818848
9.818857192993164,0.3060978353023529,1.3075424432754517,0.17740875482559204,0.061346810311079025,0.40799951553344727,290.21258544921875,0.2597465515136719,276.1095275878906,-0.057177990674972534,0.9772981405258179,-0.10976815223693848,0.0,0.0,12.40139102935791,-0.1482529640197754
9.819357872009277,0.12302982062101364,1.3279997110366821,0.21285797655582428,0.15065567195415497,0.5415177345275879,279.18450927734375,0.39406776428222656,275.95294189453125,-0.2326294332742691,0.9644020795822144,-0.06570219993591309,0.0,0.0,12.40139102935791,-0.14744997024536133
9.819856643676758,-0.07972320169210434,1.3177709579467773,0.21608063578605652,0.18786770105361938,0.6808323860168457,279.18450927734375,0.5335712432861328,276.0174255371094,-0.49591881036758423,0.8208669424057007,0.10228204727172852,0.0,0.0,12.40139102935791,-0.1472611427307129
9.820357322692871,-0.2667282521724701,1.2870856523513794,0.22735993564128876,0.2315918356180191,0.843529224395752,300.6602478027344,0.6767416000366211,276.2344970703125,-0.6867965459823608,0.7441146969795227,0.16133522987365723,0.0,0.0,12.40139102935791,-0.16678762435913086
9.820857048034668,-0.44782793521881104,1.2291240692138672,0.22897125780582428,0.2492675483226776,0.9938607215881348,300.6602478027344,0.8240933418273926,276.6227111816406,-0.8557602763175964,0.6330740451812744,0.20279216766357422,0.0,0.0,12.40139102935791,-0.1697673797607422
9.821356773376465,-0.6348332166671753,1.1438868045806885,0.2144692987203598,0.2669432759284973,1.086418628692627,246.97091674804688,0.9729855060577393,277.0675964355469,-1.071824550628662,0.4586847722530365,0.28696298599243164,0.0,0.0,12.40139102935791,-0.1134331226348877
9.821856498718262,-0.7992008328437805,1.039896845817566,0.20319001376628876,0.29578259587287903,1.2099080085754395,246.97091674804688,1.1231968402862549,277.5585021972656,-1.2353298664093018,0.34631890058517456,0.2678713798522949,0.0,0.0,12.40139102935791,-0.08671116828918457
9.822357177734375,-0.9527418613433838,0.917154848575592,0.19513337314128876,0.30415529012680054,1.3796067237854004,289.9223937988281,1.2720491886138916,277.9817199707031,-1.361467957496643,0.2132999151945114,0.2369537353515625,0.0,0.0,12.40139102935791,-0.10755753517150879
9.822855949401855,-1.0787240266799927,0.7671371698379517,0.17096345126628876,0.32183098793029785,1.5242810249328613,289.9223937988281,1.4207556247711182,278.3898620605469,-1.4246727228164673,0.0515165738761425,0.2075209617614746,0.0,0.0,12.40139102935791,-0.10352540016174316
9.823355674743652,-1.1919113397598267,0.6120047569274902,0.13068024814128876,0.29671287536621094,1.6692395210266113,289.9223937988281,1.5673701763153076,278.7014465332031,-1.5283228158950806,-0.09108540415763855,0.15646886825561523,0.0,0.0,12.40139102935791,-0.10186934471130371
9.823856353759766,-1.2745873928070068,0.4415300190448761,0.1258462518453598,0.31252798438072205,1.8142037391662598,289.9223937988281,1.7117602825164795,278.9131774902344,-1.5407453775405884,-0.21666449308395386,0.09205913543701172,0.0,0.0,12.40139102935791,-0.10244345664978027
9.824356079101562,-1.339546799659729,0.26082661747932434,0.09845367819070816,0.28368866443634033,1.9594731330871582,290.21258544921875,1.8544247150421143,279.0477600097656,-1.5613106489181519,-0.3876524567604065,0.05293416976928711,0.0,0.0,12.40139102935791,-0.10504841804504395
9.82485580444336,-1.3818693161010742,0.07159939408302307,0.08878571540117264,0.28740987181663513,2.1045804023742676,290.21258544921875,1.9946033954620361,279.0751647949219,-1.5563383102416992,-0.5444783568382263,0.005739688873291016,0.0,0.0,12.40139102935791,-0.10997700691223145
9.825355529785156,-1.3867906332015991,-0.11080896109342575,0.0533364936709404,0.2576402723789215,2.214712619781494,257.7087707519531,2.133079767227173,279.0302734375,-1.506919503211975,-0.6310974359512329,-0.07301092147827148,0.0,0.0,12.40139102935791,-0.08163285255432129
9.82585620880127,-1.372026801109314,-0.3000357449054718,0.008219307288527489,0.2371736317873001,2.343567371368408,257.7087707519531,2.268516778945923,278.85882568359375,-1.4196243286132812,-0.7789520621299744,-0.1033926010131836,0.0,0.0,12.40139102935791,-0.07505059242248535
9.826355934143066,-1.3316733837127686,-0.4790346622467041,-0.02400725521147251,0.2074040174484253,2.507082462310791,289.9223937988281,2.4022576808929443,278.61962890625,-1.3544983863830566,-0.885336697101593,-0.16037797927856445,0.0,0.0,12.40139102935791,-0.10482478141784668
9.826854705810547,-1.2608081102371216,-0.6563282012939453,-0.04012053459882736,0.17019198834896088,2.651756763458252,289.9223937988281,2.53437876701355,278.3174133300781,-1.1812094449996948,-0.9730778336524963,-0.18252849578857422,0.0,0.0,12.40139102935791,-0.11737799644470215
9.827356338500977,-1.1663215160369873,-0.8131654262542725,-0.0755697563290596,0.12367695569992065,2.7970051765441895,289.9223937988281,2.664443254470825,277.9350891113281,-1.099740743637085,-1.0636581182479858,-0.23329639434814453,0.0,0.0,12.40139102935791,-0.13256192207336426
9.827855110168457,-1.0472286939620972,-0.9580691456794739,-0.09812834858894348,0.08646493405103683,2.9416794776916504,289.9223937988281,2.7937138080596924,277.5276184082031,-0.8587113618850708,-1.0850824117660522,-0.23007535934448242,0.0,0.0,12.40139102935791,-0.147965669631958
9.828354835510254,-0.9104195237159729,-1.0859249830245972,-0.140022873878479,0.04925290495157242,3.0866360664367676,289.9223937988281,2.922349214553833,277.10198974609375,-0.6663528680801392,-1.112587571144104,-0.22901248931884766,0.0,0.0,12.40139102935791,-0.16428685188293457
9.82885456085205,-0.7539258003234863,-1.1865054368972778,-0.13518889248371124,-0.018659047782421112,3.231598377227783,289.9223937988281,3.051677942276001,276.7143859863281,-0.4725550711154938,-1.1214555501937866,-0.21759414672851562,0.0,0.0,12.40139102935791,-0.17992043495178223
9.829355239868164,-0.5777472853660583,-1.2700380086898804,-0.16741545498371124,-0.05773167684674263,3.3422093391418457,257.96673583984375,-3.1013057231903076,276.3719177246094,-0.22588512301445007,-1.0915230512619019,-0.15290570259094238,0.0,0.0,12.40139102935791,-0.16032934188842773
9.829854965209961,-0.39664745330810547,-1.331408977508545,-0.19964201748371124,-0.08750130236148834,3.4711899757385254,257.96673583984375,-2.9687299728393555,276.136474609375,0.005354896187782288,-1.095403790473938,-0.07628655433654785,0.0,0.0,12.40139102935791,-0.15673446655273438
9.830354690551758,-0.2017686814069748,-1.3518662452697754,-0.20769865810871124,-0.13866783678531647,3.6464381217956543,300.96124267578125,-2.8320400714874268,276.07879638671875,0.18908637762069702,-0.9869818687438965,-0.0283968448638916,0.0,0.0,12.40139102935791,-0.19529294967651367
9.830855369567871,0.0049212174490094185,-1.35868501663208,-0.212532639503479,-0.197276771068573,3.796919345855713,300.96124267578125,-2.691377639770508,276.1895446777344,0.48443251848220825,-0.8868625164031982,0.142350435256958,0.0,0.0,12.40139102935791,-0.20511150360107422
9.831355094909668,0.20373712480068207,-1.331408977508545,-0.21575529873371124,-0.2177433967590332,3.9467520713806152,300.3598937988281,-2.5466833114624023,276.4672546386719,0.6991915702819824,-0.7781352996826172,0.23018240928649902,0.0,0.0,12.40139102935791,-0.2102499008178711
9.831853866577148,0.4005845785140991,-1.2802667617797852,-0.24314787983894348,-0.2633281350135803,4.096632480621338,300.3598937988281,-2.398395299911499,276.8900451660156,0.8881311416625977,-0.6547824740409851,0.2857551574707031,0.0,0.0,12.40139102935791,-0.21184206008911133
9.832353591918945,0.5836527347564697,-1.2018479108810425,-0.228645920753479,-0.2679796516895294,4.235586643218994,289.9223937988281,-2.2475521564483643,277.41094970703125,1.0476127862930298,-0.5471881628036499,0.28905320167541504,0.0,0.0,12.40139102935791,-0.19995355606079102
9.832854270935059,0.756878674030304,-1.0995630025863647,-0.204475998878479,-0.31542497873306274,4.380550861358643,289.9223937988281,-2.0963966846466064,277.9342346191406,1.2070327997207642,-0.39380598068237305,0.3041071891784668,0.0,0.0,12.40139102935791,-0.19376230239868164
9.833353996276855,0.9094354510307312,-0.9717070460319519,-0.20608733594417572,-0.32379767298698425,4.491159915924072,257.96673583984375,-1.9445875883102417,278.47381591796875,1.2846651077270508,-0.24781031906604767,0.2771775722503662,0.0,0.0,12.40139102935791,-0.15256214141845703
9.833853721618652,1.0629760026931763,-0.8353271484375,-0.196419358253479,-0.32193705439567566,4.620142459869385,257.96673583984375,-1.7931488752365112,278.9864501953125,1.4786500930786133,-0.09572061896324158,0.25171637535095215,0.0,0.0,12.40139102935791,-0.13010597229003906
9.834354400634766,1.1801007986068726,-0.6733758449554443,-0.18352873623371124,-0.33310067653656006,4.783510684967041,289.9223937988281,-1.6437546014785767,279.4023742675781,1.5252355337142944,0.058789510279893875,0.20543694496154785,0.0,0.0,12.40139102935791,-0.14407968521118164
9.834854125976562,1.2795087099075317,-0.5011962056159973,-0.148079514503479,-0.31077349185943604,4.928472995758057,289.9223937988281,-1.4959901571273804,279.7410888671875,1.6272611618041992,0.22567157447338104,0.1568596363067627,0.0,0.0,12.40139102935791,-0.14127779006958008
9.83535385131836,1.3543105125427246,-0.31708332896232605,-0.13680021464824677,-0.32658857107162476,5.0734333992004395,289.9223937988281,-1.3512955904006958,279.943603515625,1.5697112083435059,0.3571302890777588,0.09788823127746582,0.0,0.0,12.40139102935791,-0.14154338836669922
9.83585262298584,1.4005697965621948,-0.12785612046718597,-0.09651701897382736,-0.30333104729652405,5.218105792999268,289.9223937988281,-1.2082496881484985,280.0726013183594,1.642316222190857,0.531921923160553,0.04417848587036133,0.0,0.0,12.40139102935791,-0.14316987991333008
9.836353302001953,1.4143494367599487,0.06307581067085266,-0.08040373772382736,-0.29960983991622925,5.363062381744385,289.9223937988281,-1.06803297996521,280.079833984375,1.5619839429855347,0.6290386915206909,-0.026708602905273438,0.0,0.0,12.40139102935791,-0.14790964126586914
9.83685302734375,1.4064751863479614,0.26082661747932434,-0.01917327009141445,-0.27170082926750183,5.508026599884033,289.9223937988281,-0.9298818111419678,280.0003662109375,1.493906855583191,0.8163928389549255,-0.047683000564575195,0.0,0.0,12.40139102935791,-0.1547226905822754
9.837352752685547,1.3612004518508911,0.4415300190448761,0.0017739951144903898,-0.2223948985338211,5.618635654449463,257.96673583984375,-0.7937755584716797,279.8365478515625,1.3600268363952637,0.8456643223762512,-0.1280229091644287,0.0,0.0,12.40139102935791,-0.1292257308959961
9.83785343170166,1.3011621236801147,0.6273477673530579,0.05172516778111458,-0.1935555636882782,5.747618198394775,257.96673583984375,-0.6599647998809814,279.57977294921875,1.2403013706207275,1.0050184726715088,-0.13726162910461426,0.0,0.0,12.40139102935791,-0.12439775466918945
9.838353157043457,1.2155331373214722,0.7892988920211792,0.07106110453605652,-0.17122836410999298,5.910986423492432,289.9223937988281,-0.5278184413909912,279.25836181640625,1.128082036972046,1.075309157371521,-0.1892714500427246,0.0,0.0,12.40139102935791,-0.15561914443969727
9.838852882385254,1.0974249839782715,0.9324976801872253,0.08072907477617264,-0.10424672067165375,6.055948734283447,289.9223937988281,-0.396881103515625,278.8929748535156,0.9452893733978271,1.093578577041626,-0.22392582893371582,0.0,0.0,12.40139102935791,-0.16964435577392578
9.83935260772705,0.9576632976531982,1.0654679536819458,0.11617828905582428,-0.07819828391075134,6.212464809417725,300.6602478027344,-0.26705121994018555,278.4888610839844,0.729625940322876,1.106172800064087,-0.22418713569641113,0.0,0.0,12.40139102935791,-0.19633054733276367
9.839852333068848,0.8051061630249023,1.1796865463256836,0.14679352939128876,-0.045637767761945724,0.07930946350097656,300.6602478027344,-0.13727927207946777,278.09088134765625,0.5178014039993286,1.1304317712783813,-0.20043492317199707,0.0,0.0,12.40139102935791,-0.21658873558044434
9.840353012084961,0.6289278864860535,1.2632192373275757,0.1580728143453598,0.04646199569106102,0.21869850158691406,290.21258544921875,-0.005997657775878906,277.76470947265625,0.27705636620521545,1.0975092649459839,-0.14935302734375,0.0,0.0,12.40139102935791,-0.22469615936279297
9.840851783752441,0.44192275404930115,1.3245900869369507,0.1983560174703598,0.09762853384017944,0.36351490020751953,290.21258544921875,0.12706255912780762,277.5203552246094,0.0610424168407917,1.0490463972091675,-0.09310746192932129,0.0,0.0,12.40139102935791,-0.23645234107971191
9.841351509094238,0.2509804964065552,1.35868501663208,0.21285797655582428,0.11344365030527115,0.4623556137084961,247.21812438964844,0.26410794258117676,277.4485778808594,-0.16285349428653717,0.9961877465248108,-0.009661436080932617,0.0,0.0,12.40139102935791,-0.19824767112731934
9.841852188110352,0.048227708786726,1.3655040264129639,0.22897125780582428,0.19531011581420898,0.585963249206543,247.21812438964844,0.4051988124847412,277.5482482910156,-0.3915901780128479,0.9196377396583557,0.09021115303039551,0.0,0.0,12.40139102935791,-0.18076443672180176
9.842351913452148,-0.16239918768405914,1.345047116279602,0.2644204795360565,0.2306615561246872,0.7552556991577148,289.6327819824219,0.5520079135894775,277.88629150390625,-0.6587516665458679,0.7624539136886597,0.25420427322387695,0.0,0.0,12.40139102935791,-0.2032477855682373
9.842851638793945,-0.351372629404068,1.2904949188232422,0.2305825799703598,0.2613614499568939,0.9000730514526367,289.6327819824219,0.7026469707489014,278.3778991699219,-0.8206615447998047,0.6689051389694214,0.2781972885131836,0.0,0.0,12.40139102935791,-0.19742608070373535
9.843352317810059,-0.5501885414123535,1.218895435333252,0.254752516746521,0.29392197728157043,1.0567550659179688,300.6602478027344,0.8557565212249756,278.9632263183594,-1.0546722412109375,0.5094920992851257,0.3594701290130615,0.0,0.0,12.40139102935791,-0.20099854469299316
9.843851089477539,-0.7184932231903076,1.1183154582977295,0.22091461718082428,0.30973711609840393,1.2067852020263672,300.6602478027344,1.0100219249725342,279.58447265625,-1.1832369565963745,0.40161898732185364,0.3280792236328125,0.0,0.0,12.40139102935791,-0.196763277053833
9.844351768493652,-0.8838452696800232,0.9955735206604004,0.22897125780582428,0.34043699502944946,1.345860481262207,289.9223937988281,1.1642754077911377,280.192138671875,-1.3228071928024292,0.24044282734394073,0.32141828536987305,0.0,0.0,12.40139102935791,-0.18158507347106934
9.844850540161133,-1.0275436639785767,0.8489648699760437,0.19352203607559204,0.34415820240974426,1.4905328750610352,289.9223937988281,1.317842721939087,280.75823974609375,-1.4146864414215088,0.06994624435901642,0.29834413528442383,0.0,0.0,12.40139102935791,-0.17269015312194824
9.845351219177246,-1.154510498046875,0.6972423195838928,0.18385407328605652,0.34229764342308044,1.5895843505859375,247.21812438964844,1.4695312976837158,281.2334289550781,-1.523658037185669,-0.08140868693590164,0.2493910789489746,0.0,0.0,12.40139102935791,-0.12005305290222168
9.845850944519043,-1.2539185285568237,0.5250626802444458,0.15485017001628876,0.32927340269088745,1.7131919860839844,247.21812438964844,1.619419813156128,281.6229248046875,-1.5871237516403198,-0.24224227666854858,0.1974964141845703,0.0,0.0,12.40139102935791,-0.09377217292785645
9.84635066986084,-1.324783444404602,0.3477690815925598,0.1339028924703598,0.30973708629608154,1.8827524185180664,289.9223937988281,1.7660410404205322,281.86688232421875,-1.594880223274231,-0.36486825346946716,0.12409305572509766,0.0,0.0,12.40139102935791,-0.11671137809753418
9.846851348876953,-1.378916621208191,0.15854187309741974,0.10489899665117264,0.33020371198654175,2.027714729309082,289.9223937988281,1.9111082553863525,282.0404968261719,-1.6113097667694092,-0.5294601917266846,0.07143449783325195,0.0,0.0,12.40139102935791,-0.11660647392272949
9.84735107421875,-1.3966330289840698,-0.03239026293158531,0.0613931342959404,0.29578256607055664,2.172675132751465,289.9223937988281,2.0540173053741455,282.11962890625,-1.553040862083435,-0.6551874279975891,0.010039806365966797,0.0,0.0,12.40139102935791,-0.11865782737731934
9.84784984588623,-1.3887590169906616,-0.2165031135082245,0.0372232124209404,0.2613614797592163,2.317347526550293,289.9223937988281,2.1939594745635986,282.0723571777344,-1.5058910846710205,-0.748940110206604,-0.0679464340209961,0.0,0.0,12.40139102935791,-0.12338805198669434
9.848350524902344,-1.3543108701705933,-0.40573033690452576,0.009830635972321033,0.2567099332809448,2.4510459899902344,279.18450927734375,2.3309428691864014,281.90191650390625,-1.3756341934204102,-0.8479028344154358,-0.11432743072509766,0.0,0.0,12.40139102935791,-0.12010312080383301
9.84885025024414,-1.302146077156067,-0.5847288370132446,-0.0433431901037693,0.1962404102087021,2.590357780456543,279.18450927734375,2.46642804145813,281.6720275878906,-1.304310917854309,-1.014736533164978,-0.14119911193847656,0.0,0.0,12.40139102935791,-0.12392973899841309
9.849349975585938,-1.2155331373214722,-0.7483845949172974,-0.0675131157040596,0.15065567195415497,2.6955862045288086,247.21812438964844,2.6000802516937256,281.3699645996094,-1.1424298286437988,-1.0757617950439453,-0.1809391975402832,0.0,0.0,12.40139102935791,-0.09550595283508301
9.849849700927734,-1.0993930101394653,-0.9018121957778931,-0.09490568935871124,0.11809515953063965,2.8191957473754883,247.21812438964844,2.732168436050415,281.0087585449219,-0.9208213686943054,-1.1086522340774536,-0.1908550262451172,0.0,0.0,12.40139102935791,-0.08702731132507324
9.850350379943848,-0.9684895873069763,-1.0330777168273926,-0.11907561123371124,0.06878921389579773,3.000308036804199,300.6602478027344,2.8637802600860596,280.6350402832031,-0.7360724806785583,-1.14457368850708,-0.20103120803833008,0.0,0.0,12.40139102935791,-0.13652777671813965
9.850850105285645,-0.814948320388794,-1.1421819925308228,-0.14969085156917572,0.02692568488419056,3.150636672973633,300.6602478027344,2.9951088428497314,280.2572937011719,-0.5385003685951233,-1.1269558668136597,-0.20676231384277344,0.0,0.0,12.40139102935791,-0.15552783012390137
9.851349830627441,-0.6486125588417053,-1.2291240692138672,-0.140022873878479,-0.008425739593803883,3.289727210998535,290.21258544921875,3.127164125442505,279.9180603027344,-0.3167317807674408,-1.1127604246139526,-0.1703205108642578,0.0,0.0,12.40139102935791,-0.16256308555603027
9.851849555969238,-0.4694812595844269,-1.2939045429229736,-0.20125333964824677,-0.07726798951625824,3.4348316192626953,290.21258544921875,-3.022853136062622,279.6330871582031,-0.10148759186267853,-1.0998718738555908,-0.11807417869567871,0.0,0.0,12.40139102935791,-0.1744990348815918
9.852350234985352,-0.2864132225513458,-1.3279997110366821,-0.180306077003479,-0.09122249484062195,3.579625129699707,289.9223937988281,-2.8864572048187256,279.489501953125,0.09461616724729538,-1.0155105590820312,-0.06939983367919922,0.0,0.0,12.40139102935791,-0.18289709091186523
9.852849006652832,-0.08562863618135452,-1.3382278680801392,-0.22220061719417572,-0.15262235701084137,3.7242956161499023,289.9223937988281,-2.746094226837158,279.5159912109375,0.32888859510421753,-0.9058856964111328,0.04608583450317383,0.0,0.0,12.40139102935791,-0.18720436096191406
9.853348731994629,0.11121857911348343,-1.3279997110366821,-0.23025725781917572,-0.1944858878850937,3.82277774810791,246.72418212890625,-2.601569175720215,279.7166748046875,0.5858696103096008,-0.8455179929733276,0.15979695320129395,0.0,0.0,12.40139102935791,-0.14116144180297852
9.853849411010742,0.3080665171146393,-1.2836761474609375,-0.23509123921394348,-0.24193121492862701,3.946138381958008,246.72418212890625,-2.451904773712158,280.1291198730469,0.8053814768791199,-0.704138994216919,0.25709056854248047,0.0,0.0,12.40139102935791,-0.11485767364501953
9.854349136352539,0.48719754815101624,-1.2120766639709473,-0.228645920753479,-0.2698402404785156,4.116250991821289,290.21258544921875,-2.300692558288574,280.5976867675781,0.929847002029419,-0.5987122058868408,0.2523813247680664,0.0,0.0,12.40139102935791,-0.1337580680847168
9.854848861694336,0.6742028594017029,-1.1200203895568848,-0.21736662089824677,-0.32286736369132996,4.261356353759766,290.21258544921875,-2.1478631496429443,281.1243591308594,1.1311094760894775,-0.4246624708175659,0.31288766860961914,0.0,0.0,12.40139102935791,-0.12603425979614258
9.855348587036133,0.8326651453971863,-1.0092111825942993,-0.21897795796394348,-0.29588866233825684,4.406152725219727,289.9223937988281,-1.9938148260116577,281.6910705566406,1.3027632236480713,-0.2790262997150421,0.30716681480407715,0.0,0.0,12.40139102935791,-0.11678218841552734
9.855849266052246,0.9812847971916199,-0.8745365142822266,-0.20608733594417572,-0.34612488746643066,4.551112174987793,289.9223937988281,-1.840567946434021,282.212158203125,1.4183439016342163,-0.13436514139175415,0.2704803943634033,0.0,0.0,12.40139102935791,-0.10849475860595703
9.856348991394043,1.1072672605514526,-0.7245181798934937,-0.18675139546394348,-0.34240370988845825,4.696075439453125,289.9223937988281,-1.6883480548858643,282.6791076660156,1.530239462852478,0.03392521291971207,0.23488545417785645,0.0,0.0,12.40139102935791,-0.10123777389526367
9.856847763061523,1.211596131324768,-0.5642719864845276,-0.16097013652324677,-0.31821587681770325,4.840746879577637,289.9223937988281,-1.538512945175171,283.0359191894531,1.5784096717834473,0.17494525015354156,0.17313027381896973,0.0,0.0,12.40139102935791,-0.09607458114624023
9.857348442077637,1.2923039197921753,-0.38356858491897583,-0.12874357402324677,-0.32565829157829285,4.9397993087768555,247.21812438964844,-1.3905515670776367,283.30657958984375,1.6304670572280884,0.3362177312374115,0.11800169944763184,0.0,0.0,12.40139102935791,-0.0471653938293457
9.857848167419434,1.344468116760254,-0.20456989109516144,-0.11424162983894348,-0.29867953062057495,5.063408851623535,247.21812438964844,-1.2452541589736938,283.45953369140625,1.5982972383499146,0.4585266709327698,0.04848647117614746,0.0,0.0,12.40139102935791,-0.02547740936279297
9.85834789276123,1.3680897951126099,-0.020457031205296516,-0.08040373772382736,-0.29774925112724304,5.232968807220459,289.9223937988281,-1.1029322147369385,283.4842224121094,1.5783374309539795,0.558038592338562,-0.03370857238769531,0.0,0.0,12.40139102935791,-0.05271577835083008
9.858847618103027,1.3759640455245972,0.17729398608207703,-0.03206389397382736,-0.27542203664779663,5.377928733825684,289.9223937988281,-0.9629909992218018,283.408447265625,1.4852162599563599,0.767968475818634,-0.036315202713012695,0.0,0.0,12.40139102935791,-0.057734012603759766
9.85934829711914,1.3552948236465454,0.34947359561920166,-0.030452566221356392,-0.2521645426750183,5.511336326599121,279.18450927734375,-0.8252925872802734,283.2397766113281,1.4580663442611694,0.8483238220214844,-0.12471342086791992,0.0,0.0,12.40139102935791,-0.05344343185424805
9.859848022460938,1.2873821258544922,0.5284723043441772,0.03238922730088234,-0.221464604139328,5.650927543640137,279.18450927734375,-0.6900322437286377,282.9724426269531,1.2493025064468384,0.9132709503173828,-0.15588760375976562,0.0,0.0,12.40139102935791,-0.05777406692504883
9.860347747802734,1.2234071493148804,0.6938328146934509,0.0452798530459404,-0.176810160279274,5.76741361618042,257.7087707519531,-0.556448221206665,282.6401062011719,1.1872771978378296,1.04232656955719,-0.20053720474243164,0.0,0.0,12.40139102935791,-0.04067659378051758
9.860846519470215,1.1161253452301025,0.8387365341186523,0.06622711569070816,-0.12936483323574066,5.89600944519043,257.7087707519531,-0.4243948459625244,282.25054931640625,1.0009821653366089,1.0539880990982056,-0.2421858310699463,0.0,0.0,12.40139102935791,-0.037218570709228516
9.861347198486328,0.9930953979492188,0.9768213629722595,0.10489899665117264,-0.11634062230587006,6.059493064880371,289.9223937988281,-0.29360389709472656,281.8161926269531,0.8126204013824463,1.083309531211853,-0.2571568489074707,0.0,0.0,12.40139102935791,-0.06991147994995117
9.861846923828125,0.8523495197296143,1.0910394191741943,0.12745758891105652,-0.03261355310678482,6.20445442199707,289.9223937988281,-0.1631336212158203,281.37744140625,0.6374567747116089,1.1425368785858154,-0.2530853748321533,0.0,0.0,12.40139102935791,-0.08440256118774414
9.862346649169922,0.6810920238494873,1.1762769222259521,0.14679352939128876,0.008319679647684097,0.06685495376586914,290.5033874511719,-0.03280043601989746,280.9422607421875,0.3853661119937897,1.031215786933899,-0.23219513893127441,0.0,0.0,12.40139102935791,-0.0996553897857666
9.862847328186035,0.5206616520881653,1.252990484237671,0.19674469530582428,0.06320741027593613,0.21210718154907227,290.5033874511719,0.09905362129211426,280.5803527832031,0.195671945810318,1.1058435440063477,-0.1814572811126709,0.0,0.0,12.40139102935791,-0.11305356025695801
9.863347053527832,0.3415304720401764,1.297314167022705,0.19996735453605652,0.11158305406570435,0.3567314147949219,289.9223937988281,0.23290038108825684,280.3096008300781,-0.006942022126168013,1.037562608718872,-0.13337135314941406,0.0,0.0,12.40139102935791,-0.12383103370666504
9.863846778869629,0.14074601233005524,1.3109521865844727,0.20963531732559204,0.15065567195415497,0.5016932487487793,289.9223937988281,0.3713865280151367,280.2398681640625,-0.28518831729888916,0.8891530632972717,0.03249764442443848,0.0,0.0,12.40139102935791,-0.13030672073364258
9.864346504211426,-0.04232202470302582,1.3075424432754517,0.22574859857559204,0.1990313082933426,0.6001296043395996,246.72418212890625,0.5136399269104004,280.32977294921875,-0.45818933844566345,0.8627024292945862,0.06827282905578613,0.0,0.0,12.40139102935791,-0.08648967742919922
9.864846229553223,-0.23326443135738373,1.2734476327896118,0.22091461718082428,0.2278706431388855,0.7232451438903809,246.72418212890625,0.6602282524108887,280.60003662109375,-0.676598310470581,0.741429328918457,0.17370176315307617,0.0,0.0,12.40139102935791,-0.06301689147949219
9.86534595489502,-0.42026934027671814,1.2154862880706787,0.22574859857559204,0.2622917592525482,0.8930454254150391,289.9223937988281,0.8096029758453369,280.98150634765625,-0.866956353187561,0.6018942594528198,0.24899077415466309,0.0,0.0,12.40139102935791,-0.08344244956970215
9.865845680236816,-0.5895581841468811,1.1336581707000732,0.22897125780582428,0.2827583849430084,1.0380072593688965,289.9223937988281,0.9610555171966553,281.4420166015625,-1.0161865949630737,0.4983718991279602,0.24858856201171875,0.0,0.0,12.40139102935791,-0.07695174217224121
9.86634635925293,-0.7539258003234863,1.036487340927124,0.22897125780582428,0.30880680680274963,1.1832804679870605,290.21258544921875,1.112793207168579,281.9049072265625,-1.1761733293533325,0.37010082602500916,0.24811172485351562,0.0,0.0,12.40139102935791,-0.07048726081848145
9.866846084594727,-0.9045142531394958,0.9120408892631531,0.19674469530582428,0.31252798438072205,1.328385829925537,290.21258544921875,1.2648866176605225,282.37310791015625,-1.3447422981262207,0.1806304007768631,0.26758766174316406,0.0,0.0,12.40139102935791,-0.06349921226501465
9.867345809936523,-1.0324651002883911,0.772251546382904,0.17579743266105652,0.2929916977882385,1.4616265296936035,279.18450927734375,1.416156530380249,282.7967224121094,-1.4167306423187256,0.039717331528663635,0.22176408767700195,0.0,0.0,12.40139102935791,-0.04546999931335449
9.86784553527832,-1.1446678638458252,0.6188240051269531,0.14357087016105652,0.28927046060562134,1.6012177467346191,279.18450927734375,1.5650303363800049,283.1109313964844,-1.5062830448150635,-0.12837067246437073,0.18589019775390625,0.0,0.0,12.40139102935791,-0.03618741035461426
9.868346214294434,-1.2253755331039429,0.4517587721347809,0.1258462518453598,0.29950380325317383,1.7061495780944824,246.97091674804688,1.7123701572418213,283.3539123535156,-1.503593921661377,-0.24638764560222626,0.11574220657348633,0.0,0.0,12.40139102935791,0.006220579147338867
9.868844985961914,-1.2893511056900024,0.27957913279533386,0.12262360006570816,0.27717655897140503,1.8293871879577637,246.97091674804688,1.857722520828247,283.5080871582031,-1.534088134765625,-0.3841782808303833,0.05313825607299805,0.0,0.0,12.40139102935791,0.0283353328704834
9.869345664978027,-1.333641529083252,0.10058022290468216,0.10006500780582428,0.29950380325317383,1.999335765838623,289.9223937988281,1.9998714923858643,283.5245361328125,-1.5287307500839233,-0.5285292267799377,-0.0017499923706054688,0.0,0.0,12.40139102935791,0.0005357265472412109
9.869845390319824,-1.3415151834487915,-0.08012319356203079,0.04850250855088234,0.2678735554218292,2.1440072059631348,289.9223937988281,2.140054941177368,283.45794677734375,-1.4824159145355225,-0.6452510952949524,-0.06454753875732422,0.0,0.0,12.40139102935791,-0.0039522647857666016
9.870345115661621,-1.3257675170898438,-0.2574171721935272,0.03883454203605652,0.2492675483226776,2.289280652999878,290.21258544921875,2.2776873111724854,283.28558349609375,-1.3932749032974243,-0.7363379597663879,-0.12685251235961914,0.0,0.0,12.40139102935791,-0.011593341827392578
9.870844841003418,-1.2932876348495483,-0.4364156723022461,0.0017739951144903898,0.2501978576183319,2.4343857765197754,290.21258544921875,2.413243532180786,283.02972412109375,-1.3111841678619385,-0.8913758397102356,-0.15172290802001953,0.0,0.0,12.40139102935791,-0.021142244338989258
9.871344566345215,-1.2283283472061157,-0.5966625213623047,-0.03367522358894348,0.18693740665912628,2.5533220767974854,265.8900146484375,2.5466148853302,282.687255859375,-1.2345153093338013,-0.9485864639282227,-0.2274165153503418,0.0,0.0,12.40139102935791,-0.006707191467285156
9.871845245361328,-1.1426994800567627,-0.7517942786216736,-0.05623381584882736,0.14600417017936707,2.686267375946045,265.8900146484375,2.6777966022491455,282.2601013183594,-1.0491108894348145,-1.02946138381958,-0.2380056381225586,0.0,0.0,12.40139102935791,-0.008470773696899414
9.872344970703125,-1.0314805507659912,-0.8898789286613464,-0.08846037834882736,0.09948913753032684,2.8131377696990967,259.9693603515625,2.808149576187134,281.80706787109375,-0.8956828117370605,-1.0582903623580933,-0.27618837356567383,0.0,0.0,12.40139102935791,-0.004988193511962891
9.872844696044922,-0.9025455117225647,-1.0177350044250488,-0.12068694084882736,0.06971951574087143,2.943122386932373,259.9693603515625,2.93755841255188,281.3241271972656,-0.6636602282524109,-1.0890380144119263,-0.2505831718444824,0.0,0.0,12.40139102935791,-0.005563974380493164
9.873345375061035,-0.7558943629264832,-1.114905834197998,-0.15291349589824677,-0.008425739593803883,3.105649471282959,290.21258544921875,3.0667479038238525,280.8419189453125,-0.5136545896530151,-1.119910717010498,-0.2627105712890625,0.0,0.0,12.40139102935791,-0.038901567459106445
9.873844146728516,-0.6013689637184143,-1.1950290203094482,-0.14163421094417572,-0.020519651472568512,3.2504642009735107,290.21258544921875,-3.0873215198516846,280.36688232421875,-0.3240712583065033,-1.0874242782592773,-0.2515451908111572,0.0,0.0,12.40139102935791,-0.05460023880004883
9.874343872070312,-0.4242064654827118,-1.252990484237671,-0.18514005839824677,-0.09587400406599045,3.383404493331909,278.90557861328125,-2.9555158615112305,280.01519775390625,-0.07492055743932724,-1.0272778272628784,-0.1662769317626953,0.0,0.0,12.40139102935791,-0.055735111236572266
9.87484359741211,-0.24113817512989044,-1.2870856523513794,-0.19480803608894348,-0.13122543692588806,3.5228569507598877,278.90557861328125,-2.8206655979156494,279.79864501953125,0.14229953289031982,-0.9832748174667358,-0.08433175086975098,0.0,0.0,12.40139102935791,-0.060337066650390625
9.875344276428223,-0.05807026848196983,-1.297314167022705,-0.23831389844417572,-0.176810160279274,3.6744658946990967,290.21258544921875,-2.68264102935791,279.7200927734375,0.33601251244544983,-0.9349263310432434,-0.02081441879272461,0.0,0.0,12.40139102935791,-0.07392168045043945
9.87584400177002,0.13680924475193024,-1.2768570184707642,-0.21736662089824677,-0.1944858878850937,3.819571018218994,290.21258544921875,-2.5389957427978516,279.87933349609375,0.5778399705886841,-0.784263014793396,0.12617874145507812,0.0,0.0,12.40139102935791,-0.07538127899169922
9.876343727111816,0.3159402906894684,-1.2393527030944824,-0.20769865810871124,-0.2075100988149643,3.9065957069396973,236.23304748535156,-2.392910957336426,280.1377868652344,0.7817610502243042,-0.6943937540054321,0.18996667861938477,0.0,0.0,12.40139102935791,-0.016321182250976562
9.87684440612793,0.49310314655303955,-1.1711626052856445,-0.21736662089824677,-0.2205342948436737,4.024710655212402,236.23304748535156,-2.244448184967041,280.49072265625,0.9438813924789429,-0.5732237100601196,0.22226476669311523,0.0,0.0,12.40139102935791,0.014026641845703125
9.877344131469727,0.6545179486274719,-1.0859252214431763,-0.21092131733894348,-0.24658271670341492,4.200599670410156,289.9223937988281,-2.0951616764068604,280.8707275390625,1.0521221160888672,-0.4761236011981964,0.19379782676696777,0.0,0.0,12.40139102935791,-0.012575626373291016
9.877842903137207,0.8070747256278992,-0.9717070460319519,-0.196419358253479,-0.262397825717926,4.34527063369751,289.9223937988281,-1.9454619884490967,281.2602233886719,1.1830240488052368,-0.3056243658065796,0.21646952629089355,0.0,0.0,12.40139102935791,-0.007546901702880859
9.878342628479004,0.9517577290534973,-0.850669801235199,-0.18191741406917572,-0.29309776425361633,4.478986740112305,279.4639587402344,-1.79655122756958,281.6083068847656,1.3404396772384644,-0.181039497256279,0.18611454963684082,0.0,0.0,12.40139102935791,0.007647514343261719
9.878843307495117,1.0659290552139282,-0.7074708342552185,-0.156136155128479,-0.28565534949302673,4.618720054626465,279.4639587402344,-1.6481707096099854,281.9266357421875,1.414740800857544,-0.04666570574045181,0.1389164924621582,0.0,0.0,12.40139102935791,0.01629495620727539
9.879343032836914,1.1741949319839478,-0.5540434718132019,-0.15291349589824677,-0.29495835304260254,4.758152008056641,279.18450927734375,-1.5017569065093994,282.155517578125,1.510704517364502,0.0967123880982399,0.08927536010742188,0.0,0.0,12.40139102935791,0.023276805877685547
9.879842758178711,1.2519499063491821,-0.385273277759552,-0.12874357402324677,-0.29216742515563965,4.897743225097656,279.18450927734375,-1.3578135967254639,282.2757873535156,1.5363584756851196,0.24866241216659546,0.0417025089263916,0.0,0.0,12.40139102935791,0.027628421783447266
9.880343437194824,1.3050986528396606,-0.21138896048069,-0.1077963188290596,-0.29681897163391113,5.014227867126465,257.7087707519531,-1.2157117128372192,282.3160095214844,1.5386769771575928,0.37162289023399353,-0.024138689041137695,0.0,0.0,12.40139102935791,0.05324602127075195
9.880843162536621,1.3385628461837769,-0.0306855458766222,-0.0675131157040596,-0.2661190330982208,5.143080711364746,257.7087707519531,-1.0764548778533936,282.2359924316406,1.5289109945297241,0.5533173680305481,-0.05328798294067383,0.0,0.0,12.40139102935791,0.06364965438842773
9.881342887878418,1.3365944623947144,0.14319878816604614,-0.04012053459882736,-0.24286150932312012,5.295045375823975,279.18450927734375,-0.9396452903747559,282.05474853515625,1.469638705253601,0.6371541023254395,-0.12862610816955566,0.0,0.0,12.40139102935791,0.048494815826416016
9.881841659545898,1.3169097900390625,0.32731184363365173,0.00016266702732536942,-0.2307676076889038,5.434357643127441,279.18450927734375,-0.8046915531158447,281.7993469238281,1.3587687015533447,0.7866434454917908,-0.14804291725158691,0.0,0.0,12.40139102935791,0.04413652420043945
9.882342338562012,1.2775400876998901,0.49096786975860596,0.00016266702732536942,-0.1954161822795868,5.574249267578125,279.4639587402344,-0.6721267700195312,281.4488830566406,1.30503511428833,0.8851410150527954,-0.2097921371459961,0.0,0.0,12.40139102935791,0.036809444427490234
9.882842063903809,1.1997853517532349,0.6597378253936768,0.05817047879099846,-0.16750715672969818,5.713981628417969,279.4639587402344,-0.5415952205657959,281.0205383300781,1.1206979751586914,0.9809789061546326,-0.21746206283569336,0.0,0.0,12.40139102935791,0.027608394622802734
9.883341789245605,1.1092356443405151,0.8029369115829468,0.0533364936709404,-0.15169203281402588,5.818752288818359,246.97091674804688,-0.4119100570678711,280.5653991699219,1.00209379196167,0.991231381893158,-0.2866551876068115,0.0,0.0,12.40139102935791,0.052523136138916016
9.883841514587402,0.989158570766449,0.9359073638916016,0.08717438578605652,-0.07819829136133194,5.942236423492432,246.97091674804688,-0.2835209369659424,280.0655517578125,0.8040030002593994,1.0332146883010864,-0.28563809394836426,0.0,0.0,12.40139102935791,0.05742788314819336
9.884342193603516,0.8592393398284912,1.0518300533294678,0.1258462518453598,-0.04470746964216232,6.111939907073975,289.9223937988281,-0.15585827827453613,279.5456237792969,0.6563329696655273,1.0682740211486816,-0.30319857597351074,0.0,0.0,12.40139102935791,0.01538705825805664
9.884841918945312,0.7086508870124817,1.1490010023117065,0.14518219232559204,0.011110571213066578,6.256899833679199,289.9223937988281,-0.027866125106811523,279.0505065917969,0.4582682251930237,1.0810712575912476,-0.28127360343933105,0.0,0.0,12.40139102935791,-0.0015807151794433594
9.88534164428711,0.5501883029937744,1.2257148027420044,0.15646149218082428,0.041810497641563416,0.118988037109375,290.21258544921875,0.10035085678100586,278.5752868652344,0.2757755517959595,1.0998387336730957,-0.2542724609375,0.0,0.0,12.40139102935791,-0.01863718032836914
9.885841369628906,0.3789311647415161,1.2802667617797852,0.16451813280582428,0.039019595831632614,0.26380276679992676,290.21258544921875,0.23117899894714355,278.2200012207031,0.056198541074991226,1.0654375553131104,-0.19197940826416016,0.0,0.0,12.40139102935791,-0.0326237678527832
9.886341094970703,0.18405212461948395,1.3007233142852783,0.19513337314128876,0.10693155229091644,0.38549113273620605,268.4466247558594,0.36510229110717773,278.0024108886719,-0.19148896634578705,0.9405147433280945,-0.07192015647888184,0.0,0.0,12.40139102935791,-0.02038884162902832
9.8868408203125,-0.006889778655022383,1.3041331768035889,0.20319001376628876,0.15995869040489197,0.5197131633758545,268.4466247558594,0.5032622814178467,277.9674072265625,-0.42310476303100586,0.8504734039306641,0.05120849609375,0.0,0.0,12.40139102935791,-0.016450881958007812
9.887340545654297,-0.19389480352401733,1.2802667617797852,0.21930329501628876,0.2046131193637848,0.6423828601837158,257.7087707519531,0.6457533836364746,278.11505126953125,-0.6396718621253967,0.7829158306121826,0.13251042366027832,0.0,0.0,12.40139102935791,0.003370523452758789
9.88784122467041,-0.3749946355819702,1.2325336933135986,0.21608063578605652,0.2381039410829544,0.7712359428405762,257.7087707519531,0.7918083667755127,278.4091796875,-0.8206711411476135,0.6941977143287659,0.17036056518554688,0.0,0.0,12.40139102935791,0.020572423934936523
9.888340950012207,-0.5521569848060608,1.1541149616241455,0.20963531732559204,0.2567099332809448,0.9347543716430664,289.9223937988281,0.9391157627105713,278.7496032714844,-0.9412094354629517,0.526442289352417,0.2154841423034668,0.0,0.0,12.40139102935791,0.004361391067504883
9.888840675354004,-0.712587833404541,1.0603537559509277,0.19674469530582428,0.2771765887737274,1.079714298248291,289.9223937988281,1.088301420211792,279.1617736816406,-1.0956791639328003,0.42712685465812683,0.20465803146362305,0.0,0.0,12.40139102935791,0.008587121963500977
9.889341354370117,-0.8730185031890869,0.9461356997489929,0.19513337314128876,0.29671287536621094,1.2246758937835693,289.9223937988281,1.2362821102142334,279.51470947265625,-1.2572740316390991,0.25666162371635437,0.22722196578979492,0.0,0.0,12.40139102935791,0.011606216430664062
9.889840126037598,-0.9999852180480957,0.8080510497093201,0.17096345126628876,0.30880680680274963,1.369347095489502,289.9223937988281,1.3849847316741943,279.89056396484375,-1.339363694190979,0.09936293959617615,0.20587873458862305,0.0,0.0,12.40139102935791,0.015637636184692383
9.890340805053711,-1.121046543121338,0.6665569543838501,0.17257477343082428,0.31904011964797974,1.5033454895019531,279.4639587402344,1.5315306186676025,280.16778564453125,-1.4477161169052124,-0.012158242985606194,0.14160490036010742,0.0,0.0,12.40139102935791,0.028185129165649414
9.890839576721191,-1.2145487070083618,0.4977867603302002,0.1258462518453598,0.31438857316970825,1.6427979469299316,279.4639587402344,1.676670789718628,280.38018798828125,-1.4930245876312256,-0.20377127826213837,0.12370681762695312,0.0,0.0,12.40139102935791,0.03387284278869629
9.891340255737305,-1.2883669137954712,0.3290165960788727,0.11295563727617264,0.31066739559173584,1.7475666999816895,246.97091674804688,1.820160150527954,280.5185241699219,-1.507028341293335,-0.3173808753490448,0.051886558532714844,0.0,0.0,12.40139102935791,0.07259345054626465
9.891839981079102,-1.327736258506775,0.1517230123281479,0.10006500780582428,0.29392197728157043,1.8710508346557617,246.97091674804688,1.9610955715179443,280.546630859375,-1.483994722366333,-0.4337979257106781,-0.012482643127441406,0.0,0.0,12.40139102935791,0.09004473686218262
9.892339706420898,-1.352342128753662,-0.027276325970888138,0.04044586792588234,0.2501978576183319,2.0523083209991455,300.6602478027344,2.099334955215454,280.4609069824219,-1.4744799137115479,-0.5797137022018433,-0.0607457160949707,0.0,0.0,12.40139102935791,0.047026634216308594
9.892840385437012,-1.3533262014389038,-0.20968423783779144,0.04205719754099846,0.2455463409423828,2.202637195587158,300.6602478027344,2.235412836074829,280.28631591796875,-1.4443144798278809,-0.7306420207023621,-0.10332393646240234,0.0,0.0,12.40139102935791,0.0327756404876709
9.893340110778809,-1.3208465576171875,-0.38186389207839966,-0.0062826452776789665,0.2027525156736374,2.315553665161133,265.8900146484375,2.369093179702759,280.0145568847656,-1.4023023843765259,-0.8133063912391663,-0.18018436431884766,0.0,0.0,12.40139102935791,0.05353951454162598
9.893839836120605,-1.267697811126709,-0.5557484030723572,-0.028841238468885422,0.18600711226463318,2.4484989643096924,265.8900146484375,2.50075364112854,279.6637878417969,-1.234906554222107,-0.9057064652442932,-0.20482635498046875,0.0,0.0,12.40139102935791,0.052254676818847656
9.894339561462402,-1.1850217580795288,-0.7125851511955261,-0.07879240810871124,0.11251334100961685,2.5950844287872314,279.18450927734375,2.630758047103882,279.2507019042969,-1.1554416418075562,-1.0100007057189941,-0.24962806701660156,0.0,0.0,12.40139102935791,0.03567361831665039
9.8948392868042,-1.0826610326766968,-0.8626032471656799,-0.08523771911859512,0.11065275967121124,2.734398365020752,279.18450927734375,2.7592947483062744,278.78472900390625,-0.934340238571167,-1.0211025476455688,-0.26698780059814453,0.0,0.0,12.40139102935791,0.02489638328552246
9.895339012145996,-0.9675053954124451,-0.9938687682151794,-0.10618498921394348,0.06692861765623093,2.8661720752716064,271.5582275390625,2.8871548175811768,278.3000183105469,-0.8069195747375488,-1.0926347970962524,-0.29015445709228516,0.0,0.0,12.40139102935791,0.020982742309570312
9.895838737487793,-0.8198698163032532,-1.1063822507858276,-0.13518889248371124,0.03343779221177101,3.001951217651367,271.5582275390625,3.0145938396453857,277.8079528808594,-0.5656180381774902,-1.0845921039581299,-0.2622361183166504,0.0,0.0,12.40139102935791,0.012642621994018555
9.896339416503906,-0.6604232788085938,-1.2018479108810425,-0.15452483296394348,-0.01679844968020916,3.157804250717163,290.21258544921875,-3.139651298522949,277.3892517089844,-0.36871036887168884,-1.1140238046646118,-0.2301037311553955,0.0,0.0,12.40139102935791,-0.014270305633544922
9.896839141845703,-0.4852290153503418,-1.2632192373275757,-0.17869475483894348,-0.06610438227653503,3.3029093742370605,290.21258544921875,-3.009796619415283,277.01788330078125,-0.15477994084358215,-1.0375334024429321,-0.18837189674377441,0.0,0.0,12.40139102935791,-0.029520511627197266
9.8973388671875,-0.30412915349006653,-1.3109521865844727,-0.18997405469417572,-0.08936190605163574,3.447702407836914,289.9223937988281,-2.87793231010437,276.7388610839844,0.07318352162837982,-1.0232415199279785,-0.10047364234924316,0.0,0.0,12.40139102935791,-0.0424494743347168
9.897838592529297,-0.11121881753206253,-1.3245900869369507,-0.19319669902324677,-0.13587692379951477,3.5926640033721924,289.9223937988281,-2.741738796234131,276.64776611328125,0.3072601854801178,-0.9170536994934082,0.015685081481933594,0.0,0.0,12.40139102935791,-0.05121755599975586
9.89833927154541,0.08169176429510117,-1.3177709579467773,-0.220589280128479,-0.1870434731245041,3.7373135089874268,289.6327819824219,-2.601318359375,276.73602294921875,0.5045799612998962,-0.8579209446907043,0.0839385986328125,0.0,0.0,12.40139102935791,-0.05544614791870117
9.89883804321289,0.27657079696655273,-1.2802667617797852,-0.22381193935871124,-0.2298372983932495,3.8818411827087402,289.6327819824219,-2.4565412998199463,277.0055847167969,0.7226101756095886,-0.7206625938415527,0.1948072910308838,0.0,0.0,12.40139102935791,-0.05519723892211914
9.899337768554688,0.4557020664215088,-1.2291240692138672,-0.21575529873371124,-0.2103009819984436,3.981062412261963,247.21812438964844,-2.309870719909668,277.34906005859375,0.9252878427505493,-0.6434385776519775,0.22479772567749023,0.0,0.0,12.40139102935791,-0.007747650146484375
9.8998384475708,0.6387699842453003,-1.1472961902618408,-0.22703459858894348,-0.28565534949302673,4.104671001434326,247.21812438964844,-2.1611127853393555,277.7730712890625,1.1011160612106323,-0.5180014371871948,0.24417376518249512,0.0,0.0,12.40139102935791,0.017401695251464844
9.900338172912598,0.8021535277366638,-1.0347826480865479,-0.21414397656917572,-0.29681894183158875,4.274229049682617,289.9223937988281,-2.0111842155456543,278.23712158203125,1.232187032699585,-0.35512179136276245,0.253554105758667,0.0,0.0,12.40139102935791,-0.002227783203125
9.900837898254395,0.9497890472412109,-0.9086312651634216,-0.17386077344417572,-0.30891287326812744,4.419190883636475,289.9223937988281,-1.8614907264709473,278.6814270019531,1.3469504117965698,-0.21610811352729797,0.2254045009613037,0.0,0.0,12.40139102935791,0.0025038719177246094
9.901337623596191,1.0728185176849365,-0.770546555519104,-0.17386077344417572,-0.29960983991622925,4.575705528259277,300.6602478027344,-1.713770866394043,279.0333557128906,1.4431792497634888,-0.12703675031661987,0.14876890182495117,0.0,0.0,12.40139102935791,-0.006290912628173828
9.901838302612305,1.1889586448669434,-0.603481113910675,-0.164192795753479,-0.32193705439567566,4.726036071777344,300.6602478027344,-1.5672727823257446,279.32672119140625,1.4829647541046143,0.09421712905168533,0.15363574028015137,0.0,0.0,12.40139102935791,-0.010123252868652344
9.902338027954102,1.2775400876998901,-0.4364158809185028,-0.13518889248371124,-0.31263408064842224,4.864811897277832,289.9223937988281,-1.422197937965393,279.5539855957031,1.5721606016159058,0.235254168510437,0.09347271919250488,0.0,0.0,12.40139102935791,-0.0038242340087890625
9.902836799621582,1.3405309915542603,-0.2591218948364258,-0.11424162983894348,-0.29123714566230774,5.0094828605651855,289.9223937988281,-1.279776930809021,279.6648864746094,1.5841878652572632,0.3636382818222046,0.027912378311157227,0.0,0.0,12.40139102935791,-0.006074428558349609
9.903336524963379,1.3769482374191284,-0.07330410927534103,-0.08846037834882736,-0.28751593828201294,5.10827112197876,246.97091674804688,-1.1393506526947021,279.6896057128906,1.570039987564087,0.5044922828674316,-0.027467012405395508,0.0,0.0,12.40139102935791,0.03556394577026367
9.903837203979492,1.3907275199890137,0.11080874502658844,-0.05623381584882736,-0.2577463388442993,5.231757164001465,246.97091674804688,-1.0020287036895752,279.5833740234375,1.5444421768188477,0.6453177332878113,-0.08016443252563477,0.0,0.0,12.40139102935791,0.04939985275268555
9.904336929321289,1.373995304107666,0.3034451901912689,-0.012727958150207996,-0.23634940385818481,5.4014153480529785,289.9223937988281,-0.8664846420288086,279.40472412109375,1.4468368291854858,0.7906810641288757,-0.11153936386108398,0.0,0.0,12.40139102935791,0.015285491943359375
9.904836654663086,1.3287206888198853,0.4841488003730774,0.01949860341846943,-0.212161585688591,5.5463762283325195,289.9223937988281,-0.7331793308258057,279.1357116699219,1.3154901266098022,0.8962787389755249,-0.14714360237121582,0.0,0.0,12.40139102935791,0.0036301612854003906
9.9053373336792,1.2716346979141235,0.651214063167572,0.02755524404346943,-0.1758798509836197,5.691648960113525,290.21258544921875,-0.6017446517944336,278.793701171875,1.2599667310714722,0.9975441694259644,-0.20735406875610352,0.0,0.0,12.40139102935791,-0.0102081298828125
9.905837059020996,1.1663212776184082,0.8063461184501648,0.0613931342959404,-0.13215573132038116,5.836755752563477,290.21258544921875,-0.4723238945007324,278.3743591308594,1.0636143684387207,1.0078068971633911,-0.24829602241516113,0.0,0.0,12.40139102935791,-0.0258941650390625
9.906336784362793,1.0560870170593262,0.9563641548156738,0.07106110453605652,-0.13587692379951477,6.004657745361328,311.3981018066406,-0.3433051109313965,277.9469909667969,0.8828147053718567,1.0837229490280151,-0.24871373176574707,0.0,0.0,12.40139102935791,-0.06477737426757812
9.906835556030273,0.9163248538970947,1.0756967067718506,0.11134430766105652,-0.05308017134666443,6.160045146942139,311.3981018066406,-0.2150728702545166,277.4954833984375,0.7147204279899597,1.0913039445877075,-0.2734401226043701,0.0,0.0,12.40139102935791,-0.09193277359008789
9.907337188720703,0.7558942437171936,1.1830960512161255,0.1339028924703598,-0.0028439390007406473,6.2469987869262695,247.21812438964844,-0.08560371398925781,277.1058349609375,0.4144710898399353,1.093204379081726,-0.18523168563842773,0.0,0.0,12.40139102935791,-0.04941701889038086
9.907835960388184,0.5797157287597656,1.2632192373275757,0.20319001376628876,0.05390441045165062,0.08717489242553711,247.21812438964844,0.0437464714050293,276.7191467285156,0.2673194110393524,1.0810456275939941,-0.19477605819702148,0.0,0.0,12.40139102935791,-0.04342842102050781
9.90833568572998,0.3986160457134247,1.3177709579467773,0.19674469530582428,0.11158304661512375,0.26828813552856445,300.6602478027344,0.17542648315429688,276.4385070800781,0.035785842686891556,1.0613737106323242,-0.11751437187194824,0.0,0.0,12.40139102935791,-0.09286165237426758
9.908836364746094,0.2017689347267151,1.348456621170044,0.19674469530582428,0.12460725754499435,0.41861867904663086,300.6602478027344,0.3112204074859619,276.3370361328125,-0.2377864271402359,0.9653304219245911,0.02246546745300293,0.0,0.0,12.40139102935791,-0.10739827156066895
9.90933609008789,0.006889901589602232,1.348456621170044,0.24347321689128876,0.2092646360397339,0.557706356048584,290.21258544921875,0.4505753517150879,276.38726806640625,-0.41036784648895264,0.877371072769165,0.07934236526489258,0.0,0.0,12.40139102935791,-0.1071310043334961
9.909835815429688,-0.18798913061618805,1.3245900869369507,0.2386392205953598,0.2101949155330658,0.7028131484985352,290.21258544921875,0.5954177379608154,276.6668701171875,-0.627885639667511,0.796813428401947,0.16483330726623535,0.0,0.0,12.40139102935791,-0.10739541053771973
9.910335540771484,-0.3887738287448883,1.2768570184707642,0.22735993564128876,0.2557796537876129,0.8704004287719727,311.0870056152344,0.7430546283721924,277.0581359863281,-0.8786115050315857,0.6579023003578186,0.2784891128540039,0.0,0.0,12.40139102935791,-0.12734580039978027
9.910835266113281,-0.5619994401931763,1.2018479108810425,0.2064126580953598,0.2418251484632492,1.025632381439209,311.0870056152344,0.8936402797698975,277.56494140625,-1.026532530784607,0.5667465925216675,0.2662997245788574,0.0,0.0,12.40139102935791,-0.13199210166931152
9.911335945129395,-0.7440834045410156,1.10126793384552,0.22413727641105652,0.28927046060562134,1.1124987602233887,246.97091674804688,1.0440700054168701,278.0546875,-1.1933530569076538,0.3971996605396271,0.299314022064209,0.0,0.0,12.40139102935791,-0.06842875480651855
9.911834716796875,-0.9035298824310303,0.975116491317749,0.2064126580953598,0.32555222511291504,1.2357373237609863,246.97091674804688,1.1956989765167236,278.5842590332031,-1.3035888671875,0.2418312281370163,0.2856874465942383,0.0,0.0,12.40139102935791,-0.040038347244262695
9.912335395812988,-1.0511656999588013,0.8353271484375,0.21124665439128876,0.35253092646598816,1.417262077331543,300.96124267578125,1.3460400104522705,279.0483093261719,-1.424819827079773,0.09722644090652466,0.25064849853515625,0.0,0.0,12.40139102935791,-0.07122206687927246
9.912835121154785,-1.1663213968276978,0.6767852306365967,0.17902009189128876,0.34508851170539856,1.5677428245544434,300.96124267578125,1.4958717823028564,279.481201171875,-1.5071499347686768,-0.058746639639139175,0.20787286758422852,0.0,0.0,12.40139102935791,-0.07187104225158691
9.913334846496582,-1.265729308128357,0.5046055912971497,0.1419595330953598,0.33113399147987366,1.706345558166504,289.9223937988281,1.6436808109283447,279.8200988769531,-1.5619263648986816,-0.23821024596691132,0.17241430282592773,0.0,0.0,12.40139102935791,-0.06266474723815918
9.913834571838379,-1.3395471572875977,0.32219770550727844,0.13229157030582428,0.32555222511291504,1.8513073921203613,289.9223937988281,1.7893593311309814,280.0623779296875,-1.5972148180007935,-0.4005475640296936,0.12096786499023438,0.0,0.0,12.40139102935791,-0.06194806098937988
9.914335250854492,-1.3877745866775513,0.1363799273967743,0.08717438578605652,0.31252798438072205,1.9731602668762207,268.4466247558594,1.93251633644104,280.19354248046875,-1.5917859077453613,-0.525749683380127,0.050858497619628906,0.0,0.0,12.40139102935791,-0.040643930435180664
9.914834976196289,-1.4025381803512573,-0.0562567263841629,0.0533364936709404,0.2725250720977783,2.107384204864502,268.4466247558594,2.073465585708618,280.2291564941406,-1.5746486186981201,-0.6962057948112488,0.007022857666015625,0.0,0.0,12.40139102935791,-0.03391861915588379
9.915334701538086,-1.393680214881897,-0.24207450449466705,0.04205719754099846,0.2325221300125122,2.2531609535217285,279.18450927734375,2.211817979812622,280.1548767089844,-1.4889882802963257,-0.7897171974182129,-0.06028032302856445,0.0,0.0,12.40139102935791,-0.041342973709106445
9.915834426879883,-1.3543105125427246,-0.433006227016449,-0.004671317059546709,0.2222888469696045,2.3924736976623535,279.18450927734375,2.347857713699341,279.9850769042969,-1.3562498092651367,-0.8806208968162537,-0.10833930969238281,0.0,0.0,12.40139102935791,-0.044615983963012695
9.91633415222168,-1.2942723035812378,-0.605185866355896,-0.0433431901037693,0.18507681787014008,2.5400547981262207,286.6160583496094,2.481914758682251,279.7355041503906,-1.2912490367889404,-0.9952570199966431,-0.1619281768798828,0.0,0.0,12.40139102935791,-0.05814003944396973
9.916833877563477,-1.2027379274368286,-0.7705463767051697,-0.06267912685871124,0.14228297770023346,2.683363437652588,286.6160583496094,2.6143229007720947,279.4218444824219,-1.0986264944076538,-1.04833984375,-0.18923711776733398,0.0,0.0,12.40139102935791,-0.06904053688049316
9.917333602905273,-1.0964404344558716,-0.9205646514892578,-0.10135100036859512,0.10321034491062164,2.8457188606262207,305.18145751953125,2.7453086376190186,279.0550842285156,-0.9692965149879456,-1.1272906064987183,-0.2218480110168457,0.0,0.0,12.40139102935791,-0.10041022300720215
9.917834281921387,-0.9576628804206848,-1.0518300533294678,-0.140022873878479,0.05111350864171982,2.99830961227417,305.18145751953125,2.8754665851593018,278.66131591796875,-0.7366107106208801,-1.1256458759307861,-0.2214069366455078,0.0,0.0,12.40139102935791,-0.12284302711486816
9.918334007263184,-0.8060906529426575,-1.1643437147140503,-0.14485685527324677,0.0018075731350108981,3.1113734245300293,268.4466247558594,3.005772829055786,278.281982421875,-0.5394142866134644,-1.1525944471359253,-0.21005964279174805,0.0,0.0,12.40139102935791,-0.10560059547424316
9.91883373260498,-0.6328645348548889,-1.2461715936660767,-0.15452483296394348,-0.044707465916872025,3.2455973625183105,268.4466247558594,3.136033296585083,277.908935546875,-0.30260342359542847,-1.093846321105957,-0.1724567413330078,0.0,0.0,12.40139102935791,-0.10956406593322754
9.919334411621094,-0.4576702415943146,-1.3143614530563354,-0.196419358253479,-0.08005888760089874,3.414482593536377,300.6602478027344,-3.0137786865234375,277.6747741699219,-0.08940016478300095,-1.1034642457962036,-0.1166238784790039,0.0,0.0,12.40139102935791,-0.14507579803466797
9.919833183288574,-0.2549174726009369,-1.348456621170044,-0.21736662089824677,-0.13308602571487427,3.564511775970459,300.6602478027344,-2.877073287963867,277.5854187011719,0.16109903156757355,-0.9986617565155029,-0.012143850326538086,0.0,0.0,12.40139102935791,-0.1583995819091797
9.920333862304688,-0.06397533416748047,-1.35868501663208,-0.22381193935871124,-0.16843745112419128,3.7039008140563965,290.21258544921875,-2.7368593215942383,277.645263671875,0.35623428225517273,-0.9776610732078552,0.037354469299316406,0.0,0.0,12.40139102935791,-0.15757465362548828
9.920832633972168,0.14271432161331177,-1.3382278680801392,-0.22381193935871124,-0.2075100988149643,3.848717212677002,290.21258544921875,-2.5918638706207275,277.90521240234375,0.6290296912193298,-0.8062363862991333,0.2062835693359375,0.0,0.0,12.40139102935791,-0.1573958396911621
9.921333312988281,0.3415304720401764,-1.2939045429229736,-0.236702561378479,-0.2354191094636917,3.9935107231140137,289.9223937988281,-2.442702293395996,278.3344421386719,0.8491160273551941,-0.6861128211021423,0.2862224578857422,0.0,0.0,12.40139102935791,-0.15302753448486328
9.921833038330078,0.5305039286613464,-1.222305178642273,-0.244759202003479,-0.27170082926750183,4.138472080230713,289.9223937988281,-2.291620969772339,278.8354187011719,1.0299807786941528,-0.5623425841331482,0.31530189514160156,0.0,0.0,12.40139102935791,-0.14690732955932617
9.922332763671875,0.7066824436187744,-1.1251343488693237,-0.23509123921394348,-0.31449466943740845,4.260324954986572,268.4466247558594,-2.139099359512329,279.38616943359375,1.1725239753723145,-0.43334099650382996,0.3086726665496826,0.0,0.0,12.40139102935791,-0.11623907089233398
9.922833442687988,0.8690816760063171,-1.0075069665908813,-0.19964201748371124,-0.32379767298698425,4.3945488929748535,268.4466247558594,-1.9858155250549316,279.9573059082031,1.3275994062423706,-0.2798883616924286,0.30177998542785645,0.0,0.0,12.40139102935791,-0.09717893600463867
9.923333168029785,1.014748454093933,-0.8711268305778503,-0.20286467671394348,-0.32007649540901184,4.551879405975342,289.9223937988281,-1.8333667516708374,280.4812316894531,1.456220269203186,-0.1252613216638565,0.27135157585144043,0.0,0.0,12.40139102935791,-0.10206079483032227
9.923831939697266,1.1407312154769897,-0.7142899036407471,-0.19803069531917572,-0.33775219321250916,4.6965508460998535,289.9223937988281,-1.6825687885284424,280.9247741699219,1.5147160291671753,0.03530190885066986,0.22963571548461914,0.0,0.0,12.40139102935791,-0.09593439102172852
9.924331665039062,1.2450603246688843,-0.5472245812416077,-0.14485685527324677,-0.33496129512786865,4.841511249542236,289.9223937988281,-1.5332494974136353,281.2968444824219,1.6123212575912476,0.1805374175310135,0.16839146614074707,0.0,0.0,12.40139102935791,-0.09157514572143555
9.924832344055176,1.3228150606155396,-0.36481648683547974,-0.13680021464824677,-0.32286736369132996,4.986473560333252,289.9223937988281,-1.3861218690872192,281.5689392089844,1.6084349155426025,0.34224939346313477,0.11929726600646973,0.0,0.0,12.40139102935791,-0.08940982818603516
9.925332069396973,1.3739954233169556,-0.18070341646671295,-0.11907561123371124,-0.33310067653656006,5.143301486968994,300.96124267578125,-1.2416239976882935,281.7248229980469,1.6316337585449219,0.4577818810939789,0.03838944435119629,0.0,0.0,12.40139102935791,-0.10173988342285156
9.92583179473877,1.3995856046676636,0.013637949712574482,-0.08846037834882736,-0.29309776425361633,5.293781757354736,300.96124267578125,-1.099498987197876,281.77764892578125,1.5776821374893188,0.6320036053657532,0.003617525100708008,0.0,0.0,12.40139102935791,-0.11009550094604492
9.926331520080566,1.3966327905654907,0.20286516845226288,-0.04012053459882736,-0.2540251314640045,5.386168956756592,246.97091674804688,-0.959827184677124,281.7263488769531,1.510861873626709,0.7631955742835999,-0.049558162689208984,0.0,0.0,12.40139102935791,-0.06281042098999023
9.92683219909668,1.3730112314224243,0.3937970995903015,0.0066079795360565186,-0.2493736296892166,5.509654521942139,246.97091674804688,-0.822493314743042,281.577880859375,1.4490431547164917,0.9074498414993286,-0.09539246559143066,0.0,0.0,12.40139102935791,-0.04896211624145508
9.927331924438477,1.3159254789352417,0.5676814317703247,-0.004671317059546709,-0.2223948836326599,5.702463626861572,311.3981018066406,-0.6875598430633545,281.3315734863281,1.3215442895889282,0.9744422435760498,-0.15479087829589844,0.0,0.0,12.40139102935791,-0.10683774948120117
9.927830696105957,1.2263597249984741,0.7364516258239746,0.06783844530582428,-0.1879737675189972,5.857851505279541,311.3981018066406,-0.5547823905944824,280.9999694824219,1.1354291439056396,1.0319713354110718,-0.18546295166015625,0.0,0.0,12.40139102935791,-0.12944841384887695
9.92833137512207,1.1171096563339233,0.884764552116394,0.09039703756570816,-0.12471333146095276,5.990463733673096,289.9223937988281,-0.4225490093231201,280.65234375,0.9842111468315125,1.0747374296188354,-0.22634673118591309,0.0,0.0,12.40139102935791,-0.12982702255249023
9.928831100463867,0.9842376112937927,1.0194400548934937,0.12262360006570816,-0.07819829136133194,6.135425090789795,289.9223937988281,-0.2916579246520996,280.25579833984375,0.7693502306938171,1.1045451164245605,-0.22429609298706055,0.0,0.0,12.40139102935791,-0.14389753341674805
9.929330825805664,0.8366015553474426,1.1319533586502075,0.16451813280582428,-0.022380251437425613,6.280698299407959,290.21258544921875,-0.1608881950378418,279.86236572265625,0.60418301820755,1.1265734434127808,-0.23913002014160156,0.0,0.0,12.40139102935791,-0.1584010124206543
9.929830551147461,0.6702659726142883,1.218895435333252,0.15162751078605652,0.012971174903213978,0.14262008666992188,290.21258544921875,-0.029607295989990234,279.4989318847656,0.36258867383003235,1.0956463813781738,-0.19768452644348145,0.0,0.0,12.40139102935791,-0.1722273826599121
9.930331230163574,0.48916614055633545,1.2939045429229736,0.18063141405582428,0.07809222489595413,0.26459407806396484,268.7153625488281,0.10253334045410156,279.1794738769531,0.11914670467376709,1.0887506008148193,-0.11901187896728516,0.0,0.0,12.40139102935791,-0.16206073760986328
9.930830955505371,0.3001921772956848,1.3279997110366821,0.19996735453605652,0.10786184668540955,0.3989524841308594,268.7153625488281,0.23845458030700684,279.025634765625,-0.09817585349082947,1.003359317779541,-0.04815053939819336,0.0,0.0,12.40139102935791,-0.16049790382385254
9.931330680847168,0.1053130254149437,1.345047116279602,0.21285797655582428,0.13949206471443176,0.5561494827270508,289.9223937988281,0.37795472145080566,279.0255432128906,-0.34630265831947327,0.9150930047035217,0.07711458206176758,0.0,0.0,12.40139102935791,-0.17819476127624512
9.931830406188965,-0.08956563472747803,1.3279997110366821,0.22897125780582428,0.2083343118429184,0.7008209228515625,289.9223937988281,0.5216200351715088,279.2002868652344,-0.5235339403152466,0.8195832967758179,0.14044189453125,0.0,0.0,12.40139102935791,-0.1792008876800537
9.932331085205078,-0.2942871153354645,1.2939045429229736,0.2386392205953598,0.2288009226322174,0.8460721969604492,289.9223937988281,0.6702516078948975,279.5802307128906,-0.8072393536567688,0.6836140751838684,0.2922556400299072,0.0,0.0,12.40139102935791,-0.17582058906555176
9.932829856872559,-0.4694812595844269,1.222305178642273,0.23541657626628876,0.27345535159111023,0.9907436370849609,289.9223937988281,0.8215408325195312,280.0636291503906,-0.9026164412498474,0.5810738801956177,0.2717256546020508,0.0,0.0,12.40139102935791,-0.1692028045654297
9.933329582214355,-0.6466442346572876,1.1370677947998047,0.23380523920059204,0.2725250720977783,1.1472587585449219,300.6602478027344,0.9737308025360107,280.57440185546875,-1.0716800689697266,0.4730861783027649,0.2759890556335449,0.0,0.0,12.40139102935791,-0.17352795600891113
9.933830261230469,-0.8188855051994324,1.0262590646743774,0.20157867670059204,0.31904011964797974,1.2975883483886719,300.6602478027344,1.1270391941070557,281.1217956542969,-1.3080450296401978,0.28664064407348633,0.32304811477661133,0.0,0.0,12.40139102935791,-0.1705491542816162
9.934329986572266,-0.9635686278343201,0.8915838599205017,0.18868805468082428,0.33764612674713135,1.4017019271850586,257.7087707519531,1.2806189060211182,281.6689147949219,-1.3870517015457153,0.13828271627426147,0.2858548164367676,0.0,0.0,12.40139102935791,-0.12108302116394043
9.934829711914062,-1.0905349254608154,0.7398608326911926,0.17257477343082428,0.35439151525497437,1.5305566787719727,257.7087707519531,1.4327971935272217,282.1454772949219,-1.4708893299102783,-0.028385933488607407,0.25235795974731445,0.0,0.0,12.40139102935791,-0.09775948524475098
9.935330390930176,-1.1948643922805786,0.5796144604682922,0.14357087016105652,0.30787649750709534,1.6825199127197266,279.18450927734375,1.5831687450408936,282.53594970703125,-1.5274142026901245,-0.16694232821464539,0.19143056869506836,0.0,0.0,12.40139102935791,-0.09935116767883301
9.935830116271973,-1.2785242795944214,0.40743526816368103,0.13068024814128876,0.31345829367637634,1.8221120834350586,279.18450927734375,1.7309658527374268,282.810302734375,-1.5779774188995361,-0.3244844079017639,0.13744020462036133,0.0,0.0,12.40139102935791,-0.09114623069763184
9.93632984161377,-1.3326572179794312,0.2250269055366516,0.07428375631570816,0.29392197728157043,1.984811782836914,300.6602478027344,1.8766252994537354,282.9888916015625,-1.5691595077514648,-0.46628516912460327,0.07762956619262695,0.0,0.0,12.40139102935791,-0.10818648338317871
9.93682861328125,-1.3651371002197266,0.03920913115143776,0.0936196967959404,0.31066739559173584,2.1348419189453125,300.6602478027344,2.0197250843048096,283.05615234375,-1.535197138786316,-0.6004420518875122,0.018283367156982422,0.0,0.0,12.40139102935791,-0.11511683464050293
9.937329292297363,-1.3671059608459473,-0.14490371942520142,0.06783844530582428,0.271594762802124,2.273940086364746,290.21258544921875,2.1603400707244873,283.017578125,-1.4663593769073486,-0.7237948775291443,-0.036885738372802734,0.0,0.0,12.40139102935791,-0.11360001564025879
9.93782901763916,-1.3395471572875977,-0.3290165960788727,0.011441963724792004,0.2464766651391983,2.4190473556518555,290.21258544921875,2.298933744430542,282.8949890136719,-1.399145245552063,-0.8415993452072144,-0.09273958206176758,0.0,0.0,12.40139102935791,-0.12011361122131348
9.938328742980957,-1.2962406873703003,-0.5063105821609497,-0.02400725521147251,0.2111252248287201,2.548985481262207,276.1165771484375,2.4348995685577393,282.66455078125,-1.3347338438034058,-0.947351336479187,-0.15331268310546875,0.0,0.0,12.40139102935791,-0.11408591270446777
9.93882942199707,-1.22242271900177,-0.6750807762145996,-0.05462248995900154,0.17670409381389618,2.687044143676758,276.1165771484375,2.5692031383514404,282.3691711425781,-1.158647894859314,-1.0365053415298462,-0.17524433135986328,0.0,0.0,12.40139102935791,-0.11784100532531738
9.939329147338867,-1.1289201974868774,-0.823393702507019,-0.0836263969540596,0.12460726499557495,2.820132255554199,271.27239990234375,2.701953649520874,282.01458740234375,-1.043699860572815,-1.0907689332962036,-0.2307119369506836,0.0,0.0,12.40139102935791,-0.1181786060333252
9.939828872680664,-1.004906415939331,-0.9563641548156738,-0.11263030022382736,0.09483763575553894,2.955768585205078,271.27239990234375,2.8327667713165283,281.58599853515625,-0.8629012107849121,-1.088695764541626,-0.2686896324157715,0.0,0.0,12.40139102935791,-0.1230018138885498
9.940328598022461,-0.8690814971923828,-1.0756964683532715,-0.13357757031917572,0.03250748664140701,3.111471176147461,289.9223937988281,2.96327805519104,281.1538391113281,-0.6705981492996216,-1.1349490880966187,-0.26278018951416016,0.0,0.0,12.40139102935791,-0.1481931209564209
9.940828323364258,-0.7106192111968994,-1.1728672981262207,-0.13518889248371124,-0.003774236422032118,3.2561445236206055,289.9223937988281,3.094167947769165,280.74688720703125,-0.42670804262161255,-1.1227388381958008,-0.22316646575927734,0.0,0.0,12.40139102935791,-0.16197657585144043
9.941328048706055,-0.5324726104736328,-1.2495813369750977,-0.18191741406917572,-0.051219575107097626,3.3667526245117188,257.96673583984375,-3.0580832958221436,280.35015869140625,-0.21840085089206696,-1.113781213760376,-0.18450379371643066,0.0,0.0,12.40139102935791,-0.14165067672729492
9.941827774047852,-0.35137292742729187,-1.2939045429229736,-0.19480803608894348,-0.12378302961587906,3.4957361221313477,257.96673583984375,-2.9229226112365723,280.13970947265625,0.045950520783662796,-1.0441062450408936,-0.08169126510620117,0.0,0.0,12.40139102935791,-0.13547325134277344
9.942327499389648,-0.16436786949634552,-1.3109521865844727,-0.20769865810871124,-0.13308602571487427,3.6706552505493164,300.6602478027344,-2.7843382358551025,280.0776062011719,0.2371809184551239,-0.9400982856750488,-0.016869783401489258,0.0,0.0,12.40139102935791,-0.17180776596069336
9.942828178405762,0.02263740263879299,-1.3109521865844727,-0.220589280128479,-0.16285565495491028,3.820986747741699,300.6602478027344,-2.642364025115967,280.1591796875,0.44603171944618225,-0.879542887210846,0.06370949745178223,0.0,0.0,12.40139102935791,-0.18016529083251953
9.943327903747559,0.22145305573940277,-1.2802667617797852,-0.252815842628479,-0.2223948836326599,3.948208808898926,279.18450927734375,-2.4961464405059814,280.4175720214844,0.691194474697113,-0.7392873167991638,0.20061564445495605,0.0,0.0,12.40139102935791,-0.16116952896118164
9.943827629089355,0.40648964047431946,-1.2257148027420044,-0.22703459858894348,-0.2372797131538391,4.087801933288574,279.18450927734375,-2.346707820892334,280.8054504394531,0.8831003308296204,-0.6304342150688171,0.2505347728729248,0.0,0.0,12.40139102935791,-0.15132427215576172
9.944328308105469,0.5738102793693542,-1.1438868045806885,-0.22381193935871124,-0.2763523459434509,4.238947868347168,289.9223937988281,-2.1963236331939697,281.2248840332031,0.9879334568977356,-0.5270020961761475,0.23015141487121582,0.0,0.0,12.40139102935791,-0.1520857810974121
9.94482707977295,0.7342413067817688,-1.0501253604888916,-0.212532639503479,-0.28286445140838623,4.383620262145996,289.9223937988281,-2.0437662601470947,281.7268371582031,1.15382981300354,-0.4329671561717987,0.2087266445159912,0.0,0.0,12.40139102935791,-0.14420080184936523
9.945326805114746,0.8877821564674377,-0.927383542060852,-0.18675139546394348,-0.2921674847602844,4.493950843811035,257.7087707519531,-1.892828106880188,282.1502380371094,1.3037306070327759,-0.25039681792259216,0.22723984718322754,0.0,0.0,12.40139102935791,-0.10359334945678711
9.945826530456543,1.0167174339294434,-0.7858892679214478,-0.18675139546394348,-0.31263405084609985,4.622803688049316,257.7087707519531,-1.7420645952224731,282.557373046875,1.3622229099273682,-0.09777621179819107,0.19457268714904785,0.0,0.0,12.40139102935791,-0.08168268203735352
9.946327209472656,1.1338413953781128,-0.6375761032104492,-0.16741545498371124,-0.32379767298698425,4.7866010665893555,290.21258544921875,-1.5929765701293945,282.8854064941406,1.5080355405807495,0.04255029559135437,0.145249605178833,0.0,0.0,12.40139102935791,-0.09639215469360352
9.946826934814453,1.2312809228897095,-0.4688059091567993,-0.15130217373371124,-0.30891287326812744,4.931708335876465,290.21258544921875,-1.4459517002105713,283.119873046875,1.5428597927093506,0.24729230999946594,0.12895655632019043,0.0,0.0,12.40139102935791,-0.09447431564331055
9.94732666015625,1.2942720651626587,-0.29833105206489563,-0.12713225185871124,-0.31356436014175415,5.07650089263916,289.9223937988281,-1.3006041049957275,283.2788391113281,1.581048846244812,0.3627183735370636,0.04991507530212402,0.0,0.0,12.40139102935791,-0.09391927719116211
9.947827339172363,1.3405312299728394,-0.11592289060354233,-0.10457365959882736,-0.28565534949302673,5.221463203430176,289.9223937988281,-1.1581840515136719,283.3115539550781,1.5698848962783813,0.5265094041824341,0.0053980350494384766,0.0,0.0,12.40139102935791,-0.09646177291870117
9.94832706451416,1.3533262014389038,0.059666164219379425,-0.08040373772382736,-0.28286445140838623,5.366423606872559,289.9223937988281,-1.0182054042816162,283.24078369140625,1.5319234132766724,0.6114063858985901,-0.07880926132202148,0.0,0.0,12.40139102935791,-0.10144376754760742
9.94882583618164,1.34250009059906,0.2488933801651001,-0.01756194233894348,-0.25774630904197693,5.511096000671387,289.9223937988281,-0.8810465335845947,283.0531005859375,1.4339611530303955,0.7490475177764893,-0.11454224586486816,0.0,0.0,12.40139102935791,-0.10895681381225586
9.949325561523438,1.3001774549484253,0.41766357421875,0.0033853233326226473,-0.2158827930688858,5.621705532073975,257.96673583984375,-0.7456200122833252,282.79644775390625,1.327396035194397,0.811926543712616,-0.18276143074035645,0.0,0.0,12.40139102935791,-0.08414030075073242
9.94982624053955,1.2450603246688843,0.5881384611129761,0.03883454203605652,-0.1935555785894394,5.750686168670654,257.96673583984375,-0.6123387813568115,282.4551696777344,1.240046739578247,0.9510092735290527,-0.21099114418029785,0.0,0.0,12.40139102935791,-0.07983922958374023
9.950325965881348,1.158447504043579,0.7449754476547241,0.0775064155459404,-0.14517994225025177,5.9140543937683105,289.9223937988281,-0.48088741302490234,282.04412841796875,1.073644995689392,1.001096487045288,-0.2465214729309082,0.0,0.0,12.40139102935791,-0.1117563247680664
9.950825691223145,1.05018150806427,0.8847647905349731,0.08717438578605652,-0.10052551329135895,6.059018611907959,289.9223937988281,-0.3508033752441406,281.5843200683594,0.899649977684021,1.054566502571106,-0.26276588439941406,0.0,0.0,12.40139102935791,-0.12663650512695312
9.951326370239258,0.9261673092842102,1.0109161138534546,0.10489899665117264,-0.06982558965682983,6.203975200653076,289.9223937988281,-0.22144818305969238,281.10369873046875,0.7288815379142761,1.1110796928405762,-0.26659631729125977,0.0,0.0,12.40139102935791,-0.14223814010620117
9.951826095581055,0.7785316109657288,1.10979163646698,0.13873688876628876,-0.013077243231236935,0.06575202941894531,289.9223937988281,-0.09230732917785645,280.6240234375,0.5698164701461792,1.091251254081726,-0.29665708541870117,0.0,0.0,12.40139102935791,-0.15805935859680176
9.952325820922852,0.6210536360740662,1.1984387636184692,0.17096345126628876,0.03529839590191841,0.2110271453857422,290.21258544921875,0.03702259063720703,280.16259765625,0.3522990643978119,1.1301758289337158,-0.24688267707824707,0.0,0.0,12.40139102935791,-0.17400455474853516
9.952824592590332,0.4399539530277252,1.2564003467559814,0.20319001376628876,0.08739524334669113,0.35584259033203125,290.21258544921875,0.16836166381835938,279.7952880859375,0.10710310935974121,1.0265997648239136,-0.1798408031463623,0.0,0.0,12.40139102935791,-0.18748092651367188
9.953326225280762,0.2568860352039337,1.2870856523513794,0.1983560174703598,0.13856175541877747,0.4546680450439453,246.97091674804688,0.30215001106262207,279.5386962890625,-0.11929523199796677,0.9467592239379883,-0.08401870727539062,0.0,0.0,12.40139102935791,-0.15251803398132324
9.953824996948242,0.07578632980585098,1.3007233142852783,0.20319001376628876,0.15995869040489197,0.5779075622558594,246.97091674804688,0.4400472640991211,279.460205078125,-0.32424482703208923,0.9151488542556763,-0.006453275680541992,0.0,0.0,12.40139102935791,-0.13786029815673828
9.954324722290039,-0.12499812990427017,1.2836761474609375,0.21930329501628876,0.1990313082933426,0.7476081848144531,289.9223937988281,0.5819408893585205,279.55157470703125,-0.59404456615448,0.754538893699646,0.17889690399169922,0.0,0.0,12.40139102935791,-0.16566729545593262
9.954825401306152,-0.30019253492355347,1.2495813369750977,0.20319001376628876,0.2232191413640976,0.8925704956054688,289.9223937988281,0.7284946441650391,279.8364562988281,-0.7747044563293457,0.7312683463096619,0.17972826957702637,0.0,0.0,12.40139102935791,-0.1640758514404297
9.95532512664795,-0.4753865897655487,1.1813910007476807,0.20319001376628876,0.2474069595336914,1.037527084350586,289.9223937988281,0.8765003681182861,280.1763916015625,-0.8856814503669739,0.5897857546806335,0.20100831985473633,0.0,0.0,12.40139102935791,-0.1610267162322998
9.955824851989746,-0.6407386660575867,1.096153736114502,0.20802399516105652,0.2427554577589035,1.1824913024902344,289.9223937988281,1.026348352432251,280.58673095703125,-1.066986322402954,0.45150884985923767,0.23862123489379883,0.0,0.0,12.40139102935791,-0.1561429500579834
9.956324577331543,-0.8031377196311951,0.9853450059890747,0.1983560174703598,0.29857346415519714,1.3158988952636719,279.18450927734375,1.1768972873687744,281.0178527832031,-1.2185606956481934,0.2842941880226135,0.2594127655029297,0.0,0.0,12.40139102935791,-0.13900160789489746
9.956825256347656,-0.9350253939628601,0.866012454032898,0.17257477343082428,0.30229470133781433,1.4554920196533203,279.18450927734375,1.3266479969024658,281.4060974121094,-1.3165525197982788,0.20760199427604675,0.18227386474609375,0.0,0.0,12.40139102935791,-0.1288440227508545
9.957324981689453,-1.0659290552139282,0.7211087346076965,0.16935211420059204,0.31345829367637634,1.5604190826416016,246.97091674804688,1.47554612159729,281.7502746582031,-1.424498438835144,0.04262470826506615,0.1598806381225586,0.0,0.0,12.40139102935791,-0.08487296104431152
9.957823753356934,-1.160415768623352,0.5642722249031067,0.14357087016105652,0.29485228657722473,1.6836605072021484,246.97091674804688,1.6224453449249268,282.003173828125,-1.4551700353622437,-0.09879250079393387,0.11055994033813477,0.0,0.0,12.40139102935791,-0.06121516227722168
9.958324432373047,-1.2450600862503052,0.39720654487609863,0.11940094828605652,0.2864795923233032,1.8533172607421875,289.9223937988281,1.7671992778778076,282.1607360839844,-1.496694564819336,-0.26932165026664734,0.07596635818481445,0.0,0.0,12.40139102935791,-0.08611798286437988
9.958824157714844,-1.2962406873703003,0.22673140466213226,0.10328766703605652,0.28089776635169983,1.998281478881836,289.9223937988281,1.9100182056427002,282.2336120605469,-1.5139240026474,-0.39539867639541626,0.010325908660888672,0.0,0.0,12.40139102935791,-0.08826327323913574
9.95932388305664,-1.327736258506775,0.049437861889600754,0.0613931342959404,0.260431170463562,2.1319942474365234,279.4639587402344,2.049586534500122,282.1683654785156,-1.4841783046722412,-0.5122733116149902,-0.0526423454284668,0.0,0.0,12.40139102935791,-0.08240771293640137
9.959823608398438,-1.3365942239761353,-0.12956105172634125,0.04205719754099846,0.2585705518722534,2.271728515625,279.4639587402344,2.1874887943267822,282.0344543457031,-1.463283896446228,-0.6580165028572083,-0.10055065155029297,0.0,0.0,12.40139102935791,-0.08423972129821777
9.96032428741455,-1.3149410486221313,-0.3034451901912689,0.01949860341846943,0.2232191413640976,2.4078598022460938,276.1165771484375,2.3231089115142822,281.8073425292969,-1.4155110120773315,-0.7625346183776855,-0.16498279571533203,0.0,0.0,12.40139102935791,-0.08475089073181152
9.960824012756348,-1.2696659564971924,-0.47732973098754883,-0.004671317059546709,0.2074040323495865,2.5459156036376953,276.1165771484375,2.4563992023468018,281.4872741699219,-1.2541166543960571,-0.8542020320892334,-0.1946878433227539,0.0,0.0,12.40139102935791,-0.08951640129089355
9.961323738098145,-1.2106118202209473,-0.6409859657287598,-0.04817717522382736,0.16740107536315918,2.698139190673828,289.9223937988281,2.5877697467803955,281.09320068359375,-1.222942590713501,-0.9832395315170288,-0.2471785545349121,0.0,0.0,12.40139102935791,-0.11036944389343262
9.961822509765625,-1.1171092987060547,-0.7961177825927734,-0.07718107849359512,0.13391026854515076,2.842813491821289,289.9223937988281,2.717664957046509,280.64556884765625,-1.0109292268753052,-1.0353801250457764,-0.25709009170532227,0.0,0.0,12.40139102935791,-0.12514853477478027
9.962323188781738,-1.006874918937683,-0.9256788492202759,-0.07395842671394348,0.07437101751565933,2.9573535919189453,260.2433166503906,2.8466298580169678,280.1681213378906,-0.8699408173561096,-1.0842870473861694,-0.2890486717224121,0.0,0.0,12.40139102935791,-0.11072373390197754
9.962822914123535,-0.8680973649024963,-1.043306589126587,-0.12552092969417572,0.05018320307135582,3.087474822998047,260.2433166503906,2.9744675159454346,279.6535339355469,-0.6633864045143127,-1.0664160251617432,-0.29743099212646484,0.0,0.0,12.40139102935791,-0.1130073070526123
9.963323593139648,-0.7234144806861877,-1.143886685371399,-0.13841155171394348,0.001807564520277083,3.2498207092285156,289.9223937988281,3.1027567386627197,279.1686706542969,-0.4967385530471802,-1.1275705099105835,-0.28429508209228516,0.0,0.0,12.40139102935791,-0.1470639705657959
9.963823318481445,-0.5541255474090576,-1.222305178642273,-0.156136155128479,-0.01772874779999256,3.3944950103759766,289.9223937988281,-3.0513486862182617,278.72747802734375,-0.2320428043603897,-1.060896635055542,-0.21360039710998535,0.0,0.0,12.40139102935791,-0.1626582145690918
9.964323043823242,-0.37499451637268066,-1.2768570184707642,-0.19803069531917572,-0.07168619334697723,3.5278987884521484,279.18450927734375,-2.9196434020996094,278.4059143066406,-0.006293115671724081,-1.059144139289856,-0.1356964111328125,0.0,0.0,12.40139102935791,-0.16435670852661133
9.964822769165039,-0.19783155620098114,-1.3007233142852783,-0.20286467671394348,-0.12843453884124756,3.667490005493164,279.18450927734375,-2.7852938175201416,278.2020568847656,0.16154202818870544,-0.9814748764038086,-0.10089778900146484,0.0,0.0,12.40139102935791,-0.16959810256958008
9.965323448181152,-0.0049212174490094185,-1.3007233142852783,-0.22703459858894348,-0.1814616620540619,3.7726879119873047,247.21812438964844,-2.6463897228240967,278.1940002441406,0.38584038615226746,-0.8921293616294861,0.005713701248168945,0.0,0.0,12.40139102935791,-0.13589239120483398
9.965822219848633,0.18995755910873413,-1.2734476327896118,-0.22703459858894348,-0.1963464766740799,3.896047592163086,247.21812438964844,-2.5032129287719727,278.3656921386719,0.6182250380516052,-0.7449445128440857,0.14769196510314941,0.0,0.0,12.40139102935791,-0.11607503890991211
9.96632194519043,0.3690893352031708,-1.2291240692138672,-0.21736662089824677,-0.24100090563297272,4.065298080444336,289.6327819824219,-2.3578717708587646,278.6246032714844,0.806061863899231,-0.6815314888954163,0.17877817153930664,0.0,0.0,12.40139102935791,-0.1399846076965332
9.966821670532227,0.540346622467041,-1.157524585723877,-0.212532639503479,-0.2493736296892166,4.210113525390625,289.6327819824219,-2.209839344024658,278.9911193847656,0.9544176459312439,-0.5547642111778259,0.20633769035339355,0.0,0.0,12.40139102935791,-0.13676738739013672
9.96732234954834,0.7086508870124817,-1.067172884941101,-0.20608733594417572,-0.262397825717926,4.343997955322266,279.4639587402344,-2.061309814453125,279.3706970214844,1.1375428438186646,-0.42763686180114746,0.22495198249816895,0.0,0.0,12.40139102935791,-0.12212228775024414
9.967822074890137,0.8621919751167297,-0.9512498378753662,-0.19319669902324677,-0.27542200684547424,4.483732223510742,279.4639587402344,-1.9126367568969727,279.74847412109375,1.2525758743286133,-0.25801634788513184,0.23287653923034668,0.0,0.0,12.40139102935791,-0.11318349838256836
9.968321800231934,0.9970325827598572,-0.819984495639801,-0.19480803608894348,-0.30426135659217834,4.634712219238281,289.9223937988281,-1.764237642288208,280.106689453125,1.3689477443695068,-0.13550445437431335,0.18889689445495605,0.0,0.0,12.40139102935791,-0.11576414108276367
9.96882152557373,1.1210463047027588,-0.6597378253936768,-0.13841155171394348,-0.30333104729652405,4.77967643737793,289.9223937988281,-1.6164759397506714,280.4306640625,1.4635299444198608,0.10986117273569107,0.21494054794311523,0.0,0.0,12.40139102935791,-0.11296701431274414
9.969322204589844,1.2096277475357056,-0.5131296515464783,-0.131966233253479,-0.30333104729652405,4.878419876098633,246.97091674804688,-1.4708446264266968,280.6579895019531,1.5449297428131104,0.13553649187088013,0.08140683174133301,0.0,0.0,12.40139102935791,-0.06607913970947266
9.969820976257324,1.28639817237854,-0.339245080947876,-0.1239096000790596,-0.28565534949302673,5.00166130065918,246.97091674804688,-1.3276066780090332,280.7800598144531,1.5532011985778809,0.31398478150367737,0.05003762245178223,0.0,0.0,12.40139102935791,-0.046082496643066406
9.970320701599121,1.3316731452941895,-0.16536074876785278,-0.08846037834882736,-0.28565534949302673,5.1597747802734375,279.18450927734375,-1.1872434616088867,280.77874755859375,1.5608618259429932,0.4210590720176697,-0.026623249053955078,0.0,0.0,12.40139102935791,-0.06383275985717773
9.970821380615234,1.3552947044372559,0.015342666767537594,-0.07234709709882736,-0.2577463388442993,5.299367904663086,279.18450927734375,-1.0493192672729492,280.6749267578125,1.517981767654419,0.5515104532241821,-0.0798032283782959,0.0,0.0,12.40139102935791,-0.06550168991088867
9.971321105957031,1.3562792539596558,0.19775080680847168,-0.04656584933400154,-0.2558857202529907,5.439260482788086,279.4639587402344,-0.9137489795684814,280.47442626953125,1.4670730829238892,0.6783917546272278,-0.13101673126220703,0.0,0.0,12.40139102935791,-0.0698237419128418
9.971820831298828,1.3267515897750854,0.3784542381763458,0.0066079795360565186,-0.227046400308609,5.57899284362793,279.4639587402344,-0.7799637317657471,280.2030944824219,1.3647533655166626,0.8130443096160889,-0.1608600616455078,0.0,0.0,12.40139102935791,-0.07577085494995117
9.972320556640625,1.285414218902588,0.5455197095870972,0.014664620161056519,-0.1814616620540619,5.695314407348633,257.7087707519531,-0.6482765674591064,279.8492126464844,1.3334304094314575,0.9437803030014038,-0.21424198150634766,0.0,0.0,12.40139102935791,-0.06040525436401367
9.972821235656738,1.2007697820663452,0.7057662606239319,0.04044586792588234,-0.14611025154590607,5.824169158935547,257.7087707519531,-0.5185842514038086,279.41912841796875,1.1416826248168945,0.9679956436157227,-0.25693225860595703,0.0,0.0,12.40139102935791,-0.059567928314208984
9.973320960998535,1.0944721698760986,0.8557839393615723,0.0775064155459404,-0.11541032046079636,5.98768424987793,289.9223937988281,-0.39053940773010254,278.9288330078125,0.9654666781425476,1.0169860124588013,-0.2770993709564209,0.0,0.0,12.40139102935791,-0.09503793716430664
9.973819732666016,0.9753789901733398,0.9870496988296509,0.1016763374209404,-0.07726799696683884,6.132356643676758,289.9223937988281,-0.2624948024749756,278.44879150390625,0.815723717212677,1.0788096189498901,-0.29337024688720703,0.0,0.0,12.40139102935791,-0.11166620254516602
9.974321365356445,0.833649218082428,1.1029726266860962,0.1258462518453598,-0.04284686967730522,6.277606964111328,289.9223937988281,-0.13536405563354492,277.9405822753906,0.6008334755897522,1.083661675453186,-0.2794487476348877,0.0,0.0,12.40139102935791,-0.12978553771972656
9.974820137023926,0.6761708855628967,1.1984387636184692,0.15162751078605652,0.016692381352186203,0.13909578323364258,289.9223937988281,-0.007277011871337891,277.48333740234375,0.40518516302108765,1.1413614749908447,-0.24240541458129883,0.0,0.0,12.40139102935791,-0.14637279510498047
9.975319862365723,0.508850634098053,1.266628384590149,0.17740875482559204,0.059486210346221924,0.2728123664855957,279.4639587402344,0.12170577049255371,277.07342529296875,0.21899957954883575,1.125503659248352,-0.22249531745910645,0.0,0.0,12.40139102935791,-0.151106595993042
9.97581958770752,0.319877028465271,1.3109521865844727,0.2064126580953598,0.09669823944568634,0.41254472732543945,279.4639587402344,0.25306177139282227,276.7719421386719,-0.03236577659845352,1.0259864330291748,-0.1298511028289795,0.0,0.0,12.40139102935791,-0.1594829559326172
9.976320266723633,0.1309036910533905,1.331408977508545,0.20963531732559204,0.14507387578487396,0.529146671295166,257.96673583984375,0.3888816833496094,276.6643981933594,-0.25965434312820435,0.9440832138061523,-0.02842092514038086,0.0,0.0,12.40139102935791,-0.14026498794555664
9.97681999206543,-0.06397533416748047,1.3245900869369507,0.22574859857559204,0.16740110516548157,0.6581292152404785,257.96673583984375,0.5282588005065918,276.7084045410156,-0.4651949405670166,0.8755452632904053,0.05254697799682617,0.0,0.0,12.40139102935791,-0.12987041473388672
9.977319717407227,-0.2667282521724701,1.2939045429229736,0.23541657626628876,0.2269403338432312,0.8212170600891113,289.6327819824219,0.6722695827484131,276.9466247558594,-0.7448800206184387,0.7150259613990784,0.22680044174194336,0.0,0.0,12.40139102935791,-0.14894747734069824
9.97782039642334,-0.45176517963409424,1.2325336933135986,0.254752516746521,0.2641523480415344,0.9660325050354004,289.6327819824219,0.8196730613708496,277.3219299316406,-0.9045969843864441,0.615523099899292,0.24708175659179688,0.0,0.0,12.40139102935791,-0.14635944366455078
9.978320121765137,-0.6171168088912964,1.1507056951522827,0.20963531732559204,0.2511281669139862,1.1111607551574707,289.9223937988281,0.9680993556976318,277.7320556640625,-0.9919798374176025,0.5194991230964661,0.21370220184326172,0.0,0.0,12.40139102935791,-0.14306139945983887
9.978818893432617,-0.7873898148536682,1.0467158555984497,0.20157867670059204,0.30415529012680054,1.2558331489562988,289.9223937988281,1.117224931716919,278.1632995605469,-1.2151291370391846,0.37545064091682434,0.24761390686035156,0.0,0.0,12.40139102935791,-0.13860821723937988
9.979318618774414,-0.9389625191688538,0.9205646514892578,0.1983560174703598,0.29485228657722473,1.389549732208252,279.4639587402344,1.2672054767608643,278.6213684082031,-1.3280152082443237,0.19866152107715607,0.24897432327270508,0.0,0.0,12.40139102935791,-0.1223442554473877
9.979819297790527,-1.0678974390029907,0.7790701985359192,0.17257477343082428,0.33206433057785034,1.5292840003967285,279.4639587402344,1.4155967235565186,279.0028991699219,-1.4344770908355713,0.07675618678331375,0.19552183151245117,0.0,0.0,12.40139102935791,-0.11368727684020996
