time_s,v_alpha_v,v_beta_v,i_alpha_a,i_beta_a,encoder_angle_rad,encoder_speed_rad_s,pll_angle_rad,pll_speed_rad_s,emf_alpha_v,emf_beta_v,phase_error_rad,locked,active,bus_voltage_v,angle_error_rad
6.092199802398682,3.0017566680908203,0.0,0.8043186664581299,0.020726218819618225,-0.0,-0.0,-2.105837821960449,-4.705097675323486,0.22175933420658112,-0.08561842888593674,0.1657111644744873,0.0,0.0,12.303882598876953,-2.105837821960449
6.092700004577637,3.0017566680908203,0.0,0.810763955116272,0.03747163712978363,-0.0,-0.0,-2.1025497913360596,-4.468446731567383,0.1166965514421463,-0.07883162796497345,-0.06411552429199219,0.0,0.0,12.303882598876953,-2.1025497913360596
6.093200206756592,3.0017566680908203,0.0,0.8091526627540588,0.025377722457051277,-0.0,-0.0,-2.102754592895508,-4.38200569152832,0.1911281943321228,-0.06205027177929878,0.21748948097229004,0.0,0.0,12.303882598876953,-2.102754592895508
6.093699932098389,3.0017566680908203,0.0,0.8075413107872009,0.028168631717562675,-0.0,-0.0,-2.10149884223938,-4.237679958343506,0.15463528037071228,-0.08890122175216675,0.007555484771728516,0.0,0.0,12.303882598876953,-2.10149884223938
6.094200134277344,3.0017566680908203,0.0,0.7994846701622009,0.025377722457051277,-0.0,-0.0,-2.0993106365203857,-4.054941654205322,0.161227747797966,-0.013489368371665478,0.445554256439209,0.0,0.0,12.303882598876953,-2.0993106365203857
6.094698905944824,3.0017566680908203,0.0,0.7882053852081299,0.03747163712978363,-0.0,-0.0,-2.0971643924713135,-3.879995822906494,0.17180737853050232,-0.08552481234073639,0.06345820426940918,0.0,0.0,12.303882598876953,-2.0971643924713135
6.095199108123779,3.0017566680908203,0.0,0.7801487445831299,0.023517128080129623,-0.0,-0.0,-2.0959954261779785,-3.7488083839416504,0.20882299542427063,-0.05556843802332878,0.2649815082550049,0.0,0.0,12.303882598876953,-2.0959954261779785
6.095698833465576,3.0017566680908203,0.0,0.8317112326622009,0.012353525497019291,-0.0,-0.0,-2.094684362411499,-3.615812301635742,0.10563795268535614,-0.07781463116407394,-0.11266875267028809,0.0,0.0,12.303882598876953,-2.094684362411499
6.096199035644531,3.0017566680908203,0.0,0.8623265027999878,0.046774644404649734,-0.0,-0.0,-2.093106746673584,-3.472099781036377,0.2051672488451004,-0.06816498190164566,0.20122742652893066,0.0,0.0,12.303882598876953,-2.093106746673584
6.096698760986328,3.0017566680908203,0.0,0.7656468152999878,0.02630803734064102,-0.0,-0.0,-2.0907726287841797,-3.29963755607605,0.17360201478004456,-0.06526894867420197,0.1599256992340088,0.0,0.0,12.303882598876953,-2.0907726287841797
6.097198963165283,3.0017566680908203,0.0,0.8558811545372009,0.031889818608760834,-0.0,-0.0,-2.0868375301361084,-3.0651485919952393,0.174678236246109,-0.07028212398290634,0.13304352760314941,0.0,0.0,12.303882598876953,-2.0868375301361084
6.097699165344238,3.0017566680908203,0.0,0.7430881857872009,0.009562617167830467,-0.0,-0.0,-2.0874927043914795,-3.0269572734832764,0.20287193357944489,-0.08279246091842651,0.1287543773651123,0.0,0.0,12.303882598876953,-2.0874927043914795
6.098198890686035,3.0017566680908203,0.0,0.8043186664581299,0.024447442963719368,-0.0,-0.0,-2.0835049152374268,-2.7962918281555176,0.1831779032945633,-0.06344535946846008,0.17909789085388184,0.0,0.0,12.303882598876953,-2.0835049152374268
6.098698139190674,3.0017566680908203,0.0,0.8397678732872009,0.007702022325247526,-0.0,-0.0,-2.084099054336548,-2.7632060050964355,0.15730054676532745,-0.09964889287948608,-0.052521705627441406,0.0,0.0,12.303882598876953,-2.084099054336548
6.099197864532471,3.0017566680908203,0.0,0.8236545920372009,0.02258681319653988,-0.0,-0.0,-2.083998680114746,-2.700190544128418,0.1728074550628662,-0.08695413917303085,0.046303510665893555,0.0,0.0,12.303882598876953,-2.083998680114746
6.099698066711426,3.0017566680908203,0.0,0.8123753070831299,0.030959540978074074,-0.0,-0.0,-2.081911563873291,-2.5549466609954834,0.2556324303150177,-0.08780514448881149,0.1801607608795166,0.0,0.0,12.303882598876953,-2.081911563873291
6.100197792053223,3.0017566680908203,0.0,0.7962620258331299,0.016074715182185173,-0.0,-0.0,-2.0782852172851562,-2.3496739864349365,0.14868469536304474,-0.0816570594906807,0.004498720169067383,0.0,0.0,12.303882598876953,-2.0782852172851562
6.100697994232178,3.0017566680908203,0.0,0.7849827408790588,0.03002922609448433,-0.0,-0.0,-2.0766282081604004,-2.2308099269866943,0.13313505053520203,-0.0859697163105011,-0.06856846809387207,0.0,0.0,12.303882598876953,-2.0766282081604004
6.101198196411133,3.0017566680908203,0.0,0.8010960221290588,0.020726218819618225,-0.0,-0.0,-2.0789737701416016,-2.2835092544555664,0.12567593157291412,-0.0926055759191513,-0.1281583309173584,0.0,0.0,12.303882598876953,-2.0789737701416016
6.10169792175293,3.0017566680908203,0.0,0.7994846701622009,0.02723831683397293,-0.0,-0.0,-2.079535722732544,-2.259431838989258,0.14538522064685822,-0.06766584515571594,0.07268357276916504,0.0,0.0,12.303882598876953,-2.079535722732544
6.102198123931885,3.0017566680908203,0.0,0.7882053852081299,0.01886562444269657,-0.0,-0.0,-2.0803842544555664,-2.24800443649292,0.14281946420669556,-0.09118115901947021,-0.059613943099975586,0.0,0.0,12.303882598876953,-2.0803842544555664
6.102696895599365,3.0017566680908203,0.0,0.8204319477081299,0.011423211544752121,-0.0,-0.0,-2.0804340839385986,-2.203040838241577,0.15515156090259552,-0.08181370049715042,0.023743152618408203,0.0,0.0,12.303882598876953,-2.0804340839385986
6.103198051452637,3.0017566680908203,0.0,0.8010959625244141,0.018865589052438736,-0.0,-0.0,-2.081031084060669,-2.181889772415161,0.15568386018276215,-0.08150626718997955,0.02732229232788086,0.0,0.0,12.303882598876953,-2.081031084060669
6.103696823120117,3.0017566680908203,0.0,0.818820595741272,0.02723831683397293,-0.0,-0.0,-2.0805015563964844,-2.1133508682250977,0.16640327870845795,-0.07789818197488785,0.0714724063873291,0.0,0.0,12.303882598876953,-2.0805015563964844
6.104197025299072,3.0017566680908203,0.0,0.7720921039581299,0.03002922609448433,-0.0,-0.0,-2.079211473464966,-2.0141375064849854,0.19855673611164093,-0.06315206736326218,0.20064473152160645,0.0,0.0,12.303882598876953,-2.079211473464966
6.104696750640869,3.0017566680908203,0.0,0.7882053852081299,0.02258681319653988,-0.0,-0.0,-2.075841188430786,-1.830626368522644,0.12565873563289642,-0.07059220969676971,-0.007436513900756836,0.0,0.0,12.303882598876953,-2.075841188430786
6.105196952819824,3.0017566680908203,0.0,0.7962620258331299,0.02165653370320797,-0.0,-0.0,-2.0720815658569336,-1.6336462497711182,0.16290722787380219,-0.02385418303310871,0.3568384647369385,0.0,0.0,12.303882598876953,-2.0720815658569336
6.105697154998779,3.0017566680908203,0.0,0.7753147482872009,0.017005030065774918,-0.0,-0.0,-2.0636792182922363,-1.2465088367462158,0.1891414225101471,-0.07547369599342346,0.11326861381530762,0.0,0.0,12.303882598876953,-2.0636792182922363
6.106196880340576,3.0017566680908203,0.0,0.794650673866272,0.028168631717562675,-0.0,-0.0,-2.0609726905822754,-1.1068742275238037,0.17557784914970398,-0.08516188710927963,0.038361549377441406,0.0,0.0,12.303882598876953,-2.0609726905822754
6.106697082519531,3.0017566680908203,0.0,0.802707314491272,0.03095950558781624,-0.0,-0.0,-2.06036114692688,-1.057513952255249,0.19804316759109497,-0.07804106175899506,0.11431431770324707,0.0,0.0,12.303882598876953,-2.06036114692688
6.107196807861328,3.0017566680908203,0.0,0.7882053852081299,0.01886562444269657,-0.0,-0.0,-2.056626319885254,-0.8781281113624573,0.20408965647220612,-0.08359143137931824,0.09720468521118164,0.0,0.0,12.303882598876953,-2.056626319885254
6.107696056365967,3.0017566680908203,0.0,0.8010959625244141,0.015144400298595428,-0.0,-0.0,-2.056983470916748,-0.8750462532043457,0.14312708377838135,-0.0775686502456665,-0.010796546936035156,0.0,0.0,12.303882598876953,-2.056983470916748
6.108195781707764,3.0017566680908203,0.0,0.8300999402999878,0.013283840380609035,-0.0,-0.0,-2.0571820735931396,-0.8663788437843323,0.12919971346855164,-0.09710406512022018,-0.15908074378967285,0.0,0.0,12.303882598876953,-2.0571820735931396
6.108695983886719,3.0017566680908203,0.0,0.8252659440040588,0.006771707907319069,-0.0,-0.0,-2.0574843883514404,-0.8598202466964722,0.16357341408729553,-0.0702781155705452,0.08094334602355957,0.0,0.0,12.303882598876953,-2.0574843883514404
6.109196186065674,3.0017566680908203,0.0,0.794650673866272,0.013283805921673775,-0.0,-0.0,-2.057345390319824,-0.8370929956436157,0.11954746395349503,-0.07227205485105515,-0.05772757530212402,0.0,0.0,12.303882598876953,-2.057345390319824
6.109695911407471,3.0017566680908203,0.0,0.7914280295372009,0.02258681319653988,-0.0,-0.0,-2.0615808963775635,-0.9983846545219421,0.16208171844482422,-0.0986834466457367,-0.0566868782043457,0.0,0.0,12.303882598876953,-2.0615808963775635
6.110196113586426,3.0017566680908203,0.0,0.7882053852081299,0.017005030065774918,-0.0,-0.0,-2.062326431274414,-1.009065866470337,0.14180316030979156,-0.07688981294631958,-0.0056874752044677734,0.0,0.0,12.303882598876953,-2.062326431274414
6.110695838928223,3.0017566680908203,0.0,0.7882053852081299,0.02258681319653988,-0.0,-0.0,-2.059440851211548,-0.866727888584137,0.18575464189052582,-0.10321418195962906,-0.018892288208007812,0.0,0.0,12.303882598876953,-2.059440851211548
6.111196041107178,3.0017566680908203,0.0,0.8139866590499878,0.02630803734064102,-0.0,-0.0,-2.0589141845703125,-0.8262720108032227,0.17192615568637848,-0.08832378685474396,0.013326168060302734,0.0,0.0,12.303882598876953,-2.0589141845703125
6.111694812774658,3.0017566680908203,0.0,0.7527561187744141,0.007701987866312265,-0.0,-0.0,-2.0544779300689697,-0.6219480633735657,0.14867110550403595,-0.08108583092689514,-0.015900135040283203,0.0,0.0,12.303882598876953,-2.0544779300689697
6.112195014953613,3.0017566680908203,0.0,0.7753147482872009,0.024447407573461533,-0.0,-0.0,-2.053119421005249,-0.5523201823234558,0.13500696420669556,-0.07923823595046997,-0.04881143569946289,0.0,0.0,12.303882598876953,-2.053119421005249
6.112695217132568,3.0017566680908203,0.0,0.7801487445831299,0.02723831683397293,-0.0,-0.0,-2.0540287494659424,-0.579590916633606,0.13593120872974396,-0.08538762480020523,-0.07816195487976074,0.0,0.0,12.303882598876953,-2.0540287494659424
6.113194942474365,3.0017566680908203,0.0,0.830099880695343,0.03933223336935043,-0.0,-0.0,-2.056425094604492,-0.6684228777885437,0.14500953257083893,-0.1032777652144432,-0.13403081893920898,0.0,0.0,12.303882598876953,-2.056425094604492
6.11369514465332,3.0017566680908203,0.0,0.7898167371749878,0.02165653370320797,-0.0,-0.0,-2.0578925609588623,-0.7149346470832825,0.173055499792099,-0.07786216586828232,0.06433463096618652,0.0,0.0,12.303882598876953,-2.0578925609588623
6.114194869995117,3.0017566680908203,0.0,0.818820595741272,0.010492896661162376,-0.0,-0.0,-2.0581791400909424,-0.7117927670478821,0.15934714674949646,-0.06251813471317291,0.11373639106750488,0.0,0.0,12.303882598876953,-2.0581791400909424
6.114695072174072,3.0017566680908203,0.0,0.8155979514122009,0.016074715182185173,-0.0,-0.0,-2.054046869277954,-0.523438572883606,0.10583686828613281,-0.07555416226387024,-0.13747549057006836,0.0,0.0,12.303882598876953,-2.054046869277954
6.115194797515869,3.0017566680908203,0.0,0.7898167371749878,0.019795939326286316,-0.0,-0.0,-2.0529351234436035,-0.4657745063304901,0.16500194370746613,-0.06504172086715698,0.10694527626037598,0.0,0.0,12.303882598876953,-2.0529351234436035
6.115694046020508,3.0017566680908203,0.0,0.8139866590499878,0.03747163712978363,-0.0,-0.0,-2.0503671169281006,-0.34851476550102234,0.15251292288303375,-0.09195666015148163,-0.06339120864868164,0.0,0.0,12.303882598876953,-2.0503671169281006
6.116193771362305,3.0017566680908203,0.0,0.7833713889122009,0.016074715182185173,-0.0,-0.0,-2.0551960468292236,-0.5441269278526306,0.10620427876710892,-0.07006651908159256,-0.09938478469848633,0.0,0.0,12.303882598876953,-2.0551960468292236
6.11669397354126,3.0017566680908203,0.0,0.7849826812744141,0.02258681319653988,-0.0,-0.0,-2.050497055053711,-0.33484336733818054,0.17303046584129333,-0.06810681521892548,0.1050412654876709,0.0,0.0,12.303882598876953,-2.050497055053711
6.117194175720215,3.0017566680908203,0.0,0.813986599445343,0.03002922609448433,-0.0,-0.0,-2.0501887798309326,-0.31524577736854553,0.17797650396823883,-0.08527772128582001,0.032593488693237305,0.0,0.0,12.303882598876953,-2.0501887798309326
6.117693901062012,3.0017566680908203,0.0,0.8397678732872009,0.007702022325247526,-0.0,-0.0,-2.047783613204956,-0.2072005718946457,0.18358179926872253,-0.08003052324056625,0.06609487533569336,0.0,0.0,12.303882598876953,-2.047783613204956
6.118194103240967,3.0017566680908203,0.0,0.786594033241272,0.017935309559106827,-0.0,-0.0,-2.049251079559326,-0.26495814323425293,0.1407274603843689,-0.09054571390151978,-0.09375548362731934,0.0,0.0,12.303882598876953,-2.049251079559326
6.118693828582764,3.0017566680908203,0.0,0.7978733777999878,0.02630803734064102,-0.0,-0.0,-2.0419299602508545,0.048717767000198364,0.12176012247800827,-0.05659758299589157,0.03618454933166504,0.0,0.0,12.303882598876953,-2.0419299602508545
6.119194030761719,3.0017566680908203,0.0,0.8719944357872009,0.04119282588362694,-0.0,-0.0,-2.0434799194335938,-0.017858607694506645,0.13527145981788635,-0.08253385126590729,-0.07547640800476074,0.0,0.0,12.303882598876953,-2.0434799194335938
6.119692802429199,3.0017566680908203,0.0,0.7898167371749878,0.023517128080129623,-0.0,-0.0,-2.0508363246917725,-0.32524386048316956,0.14597371220588684,-0.10479459911584854,-0.14330673217773438,0.0,0.0,12.303882598876953,-2.0508363246917725
6.120193004608154,3.0017566680908203,0.0,0.7849826812744141,0.02258681319653988,-0.0,-0.0,-2.0506861209869385,-0.31259864568710327,0.14185431599617004,-0.08254630118608475,-0.0474238395690918,0.0,0.0,12.303882598876953,-2.0506861209869385
6.120693206787109,3.0017566680908203,0.0,0.7898167371749878,0.02165653370320797,-0.0,-0.0,-2.049514055252075,-0.25694018602371216,0.16420051455497742,-0.08237464725971222,0.013705730438232422,0.0,0.0,12.303882598876953,-2.049514055252075
6.121192932128906,3.0017566680908203,0.0,0.7898167371749878,0.012353525497019291,-0.0,-0.0,-2.0517966747283936,-0.3479562997817993,0.12628057599067688,-0.06920415163040161,-0.020522356033325195,0.0,0.0,12.303882598876953,-2.0517966747283936
6.121693134307861,3.0017566680908203,0.0,0.794650673866272,0.020726218819618225,-0.0,-0.0,-2.048489809036255,-0.20237907767295837,0.15933188796043396,-0.08598404377698898,-0.017311573028564453,0.0,0.0,12.303882598876953,-2.048489809036255
6.122192859649658,3.0017566680908203,0.0,0.8059300184249878,0.027238350361585617,-0.0,-0.0,-2.0456197261810303,-0.076712965965271,0.11841204762458801,-0.02883022651076317,0.23696208000183105,0.0,0.0,12.303882598876953,-2.0456197261810303
6.122693061828613,3.0017566680908203,0.0,0.794650673866272,0.026308001950383186,-0.0,-0.0,-2.048549175262451,-0.19874870777130127,0.12582948803901672,-0.08674308657646179,-0.12639808654785156,0.0,0.0,12.303882598876953,-2.048549175262451
6.12319278717041,3.0017566680908203,0.0,0.778537392616272,0.02258681319653988,-0.0,-0.0,-2.0487122535705566,-0.20132996141910553,0.1780354380607605,-0.0772651880979538,0.06867742538452148,0.0,0.0,12.303882598876953,-2.0487122535705566
6.123692035675049,3.0017566680908203,0.0,0.781760036945343,0.020726218819618225,-0.0,-0.0,-2.0443270206451416,-0.012841248884797096,0.16466306149959564,-0.09661439061164856,-0.05732560157775879,0.0,0.0,12.303882598876953,-2.0443270206451416
6.12419319152832,3.0017566680908203,0.0,0.8123753070831299,0.02909894473850727,-0.0,-0.0,-2.0435099601745605,0.021282071247696877,0.15400436520576477,-0.08069119602441788,-0.009947538375854492,0.0,0.0,12.303882598876953,-2.0435099601745605
6.124691963195801,3.0017566680908203,0.0,0.794650673866272,0.028168631717562675,-0.0,-0.0,-2.0442416667938232,-0.009211941622197628,0.15915994346141815,-0.07197459787130356,0.048952341079711914,0.0,0.0,12.303882598876953,-2.0442416667938232
6.125192165374756,3.0017566680908203,0.0,0.8043186664581299,0.009562617167830467,-0.0,-0.0,-2.045140027999878,-0.04796561226248741,0.08485320210456848,-0.07016390562057495,-0.21750283241271973,0.0,0.0,12.303882598876953,-2.045140027999878
6.125691890716553,3.0017566680908203,0.0,0.8220432996749878,0.01421412080526352,-0.0,-0.0,-2.0452065467834473,-0.04985955357551575,0.13179326057434082,-0.09100084006786346,-0.1304614543914795,0.0,0.0,12.303882598876953,-2.0452065467834473
6.126192092895508,3.0017566680908203,0.0,0.802707314491272,0.016074715182185173,-0.0,-0.0,-2.0469985008239746,-0.12449581921100616,0.14471207559108734,-0.10999699681997299,-0.17450881004333496,0.0,0.0,12.303882598876953,-2.0469985008239746
6.126691818237305,3.0017566680908203,0.0,0.8043186664581299,0.03002922609448433,-0.0,-0.0,-2.0470852851867676,-0.12552925944328308,0.15921245515346527,-0.07148442417383194,0.05446314811706543,0.0,0.0,12.303882598876953,-2.0470852851867676
6.12719202041626,3.0017566680908203,0.0,0.802707314491272,0.023517128080129623,-0.0,-0.0,-2.0468127727508545,-0.11145170032978058,0.2005247324705124,-0.09889359772205353,0.017882108688354492,0.0,0.0,12.303882598876953,-2.0468127727508545
6.127692222595215,3.0017566680908203,0.0,0.8284885883331299,0.016074715182185173,-0.0,-0.0,-2.044618606567383,-0.016875559464097023,0.19121064245700836,-0.08810433000326157,0.04221844673156738,0.0,0.0,12.303882598876953,-2.044618606567383
6.128191947937012,3.0017566680908203,0.0,0.8059300184249878,0.027238350361585617,-0.0,-0.0,-2.0441665649414062,0.0025321748107671738,0.15208469331264496,-0.08200912922620773,-0.02125716209411621,0.0,0.0,12.303882598876953,-2.0441665649414062
6.12869119644165,3.0017566680908203,0.0,0.797873318195343,0.03933223336935043,-0.0,-0.0,-2.0431020259857178,0.04740123823285103,0.1300944685935974,-0.06642790138721466,0.0002205371856689453,0.0,0.0,12.303882598876953,-2.0431020259857178
6.129190921783447,3.0017566680908203,0.0,0.8123753070831299,0.016074715182185173,-0.0,-0.0,-2.0421342849731445,0.08710630238056183,0.17983022332191467,-0.10246341675519943,-0.04672980308532715,0.0,0.0,12.303882598876953,-2.0421342849731445
6.129691123962402,3.0017566680908203,0.0,0.8075413107872009,0.009562617167830467,-0.0,-0.0,-2.0415406227111816,0.11031264066696167,0.18036417663097382,-0.09031308442354202,0.006580352783203125,0.0,0.0,12.303882598876953,-2.0415406227111816
6.130190849304199,3.0017566680908203,0.0,0.8091526031494141,0.03282010182738304,-0.0,-0.0,-2.042368173599243,0.07242004573345184,0.13933324813842773,-0.0900290384888649,-0.10249090194702148,0.0,0.0,12.303882598876953,-2.042368173599243
6.130691051483154,3.0017566680908203,0.0,0.7914280295372009,0.020726218819618225,-0.0,-0.0,-2.046828269958496,-0.11702415347099304,0.1347729116678238,-0.10610386729240417,-0.19174480438232422,0.0,0.0,12.303882598876953,-2.046828269958496
6.131190776824951,3.0017566680908203,0.0,0.7930393218994141,0.012353491969406605,-0.0,-0.0,-2.0453076362609863,-0.05104872211813927,0.1477675884962082,-0.08259323984384537,-0.03533458709716797,0.0,0.0,12.303882598876953,-2.0453076362609863
6.131690979003906,3.0017566680908203,0.0,0.826877236366272,0.026308001950383186,-0.0,-0.0,-2.04968523979187,-0.23645883798599243,0.07798208296298981,-0.1032264307141304,-0.44687724113464355,0.0,0.0,12.303882598876953,-2.04968523979187
6.132191181182861,3.0017566680908203,0.0,0.7898167371749878,0.023517128080129623,-0.0,-0.0,-2.0554521083831787,-0.4702175259590149,0.21992503106594086,-0.023072481155395508,0.38156676292419434,0.0,0.0,12.303882598876953,-2.0554521083831787
6.132689952850342,3.0017566680908203,0.0,0.7978733777999878,0.02630803734064102,-0.0,-0.0,-2.05460786819458,-0.4264531433582306,0.1012926772236824,-0.07301117479801178,-0.14146828651428223,0.0,0.0,12.303882598876953,-2.05460786819458
6.133190155029297,3.0017566680908203,0.0,0.7994846701622009,0.02165653370320797,-0.0,-0.0,-2.0529134273529053,-0.3465345799922943,0.16347917914390564,-0.08462627977132797,0.004345893859863281,0.0,0.0,12.303882598876953,-2.0529134273529053
6.133689880371094,3.0017566680908203,0.0,0.8155979514122009,0.023517128080129623,-0.0,-0.0,-2.0511887073516846,-0.26646721363067627,0.14979758858680725,-0.063139408826828,0.08174490928649902,0.0,0.0,12.303882598876953,-2.0511887073516846
6.134190082550049,3.0017566680908203,0.0,0.8075413107872009,0.024447407573461533,-0.0,-0.0,-2.0501649379730225,-0.21740557253360748,0.20687337219715118,-0.06911030411720276,0.15754103660583496,0.0,0.0,12.303882598876953,-2.0501649379730225
6.134689807891846,3.0017566680908203,0.0,0.7495335340499878,0.03188985586166382,-0.0,-0.0,-2.0470852851867676,-0.08356425911188126,0.1563970446586609,-0.08542956411838531,-0.023786544799804688,0.0,0.0,12.303882598876953,-2.0470852851867676
6.135190010070801,3.0017566680908203,0.0,0.770480751991272,0.025377722457051277,-0.0,-0.0,-2.0467159748077393,-0.06615886837244034,0.1632082760334015,-0.06919652223587036,0.07520842552185059,0.0,0.0,12.303882598876953,-2.0467159748077393
6.135690212249756,3.0017566680908203,0.0,0.7592014670372009,0.015144400298595428,-0.0,-0.0,-2.044461965560913,0.029582427814602852,0.16012164950370789,-0.06692605465650558,0.07810091972351074,0.0,0.0,12.303882598876953,-2.044461965560913
6.136189937591553,3.0017566680908203,0.0,0.797873318195343,0.020726218819618225,-0.0,-0.0,-2.0410051345825195,0.17353297770023346,0.09444060176610947,-0.06668855994939804,-0.14517736434936523,0.0,0.0,12.303882598876953,-2.0410051345825195
6.136689186096191,3.0017566680908203,0.0,0.802707314491272,0.021656498312950134,-0.0,-0.0,-2.0421767234802246,0.1200929805636406,0.12729457020759583,-0.09688958525657654,-0.17992782592773438,0.0,0.0,12.303882598876953,-2.0421767234802246
6.137188911437988,3.0017566680908203,0.0,0.7914280295372009,0.013283805921673775,-0.0,-0.0,-2.0464398860931396,-0.06114606186747551,0.10440637916326523,-0.05614610016345978,-0.017852783203125,0.0,0.0,12.303882598876953,-2.0464398860931396
6.137689113616943,3.0017566680908203,0.0,0.8397678732872009,0.03747163712978363,-0.0,-0.0,-2.042062282562256,0.12331339716911316,0.13141044974327087,-0.08088899403810501,-0.08080172538757324,0.0,0.0,12.303882598876953,-2.042062282562256
6.13818883895874,3.0017566680908203,0.0,0.802707314491272,0.03095950558781624,-0.0,-0.0,-2.0446949005126953,0.011955678462982178,0.19460415840148926,-0.06990442425012589,0.12958550453186035,0.0,0.0,12.303882598876953,-2.0446949005126953
6.138689041137695,3.0017566680908203,0.0,0.794650673866272,-0.0071828025393188,-0.0,-0.0,-2.0438945293426514,0.04530544951558113,0.1761094182729721,-0.0764741450548172,0.06370711326599121,0.0,0.0,12.303882598876953,-2.0438945293426514
6.139188766479492,3.0017566680908203,0.0,0.8155979514122009,0.016074715182185173,-0.0,-0.0,-2.0415220260620117,0.14245928823947906,0.18204060196876526,-0.11244663596153259,-0.08290672302246094,0.0,0.0,12.303882598876953,-2.0415220260620117
6.139688968658447,3.0017566680908203,0.0,0.7978733777999878,0.022586846724152565,-0.0,-0.0,-2.0389413833618164,0.2483009696006775,0.17081564664840698,-0.08321499079465866,0.014965295791625977,0.0,0.0,12.303882598876953,-2.0389413833618164
6.140189170837402,3.0017566680908203,0.0,0.8123753070831299,0.030959540978074074,-0.0,-0.0,-2.0452308654785156,-0.0215752050280571,0.12929236888885498,-0.07567572593688965,-0.05534982681274414,0.0,0.0,12.303882598876953,-2.0452308654785156
6.140687942504883,3.0017566680908203,0.0,0.8155979514122009,0.012353525497019291,-0.0,-0.0,-2.0441904067993164,0.02309056743979454,0.1287383884191513,-0.05597498640418053,0.06352853775024414,0.0,0.0,12.303882598876953,-2.0441904067993164
6.141188144683838,3.0017566680908203,0.0,0.802707314491272,0.023517128080129623,-0.0,-0.0,-2.044924020767212,-0.008437834680080414,0.1443956196308136,-0.07295525074005127,0.006316184997558594,0.0,0.0,12.303882598876953,-2.044924020767212
6.141687870025635,3.0017566680908203,0.0,0.842990517616272,0.01886562444269657,-0.0,-0.0,-2.0441861152648926,0.022982463240623474,0.17955578863620758,-0.07185783982276917,0.0931098461151123,0.0,0.0,12.303882598876953,-2.0441861152648926
6.14218807220459,3.0017566680908203,0.0,0.7930393218994141,0.021656498312950134,-0.0,-0.0,-2.045542001724243,-0.034889139235019684,0.09285524487495422,-0.060910724103450775,-0.10627460479736328,0.0,0.0,12.303882598876953,-2.045542001724243
6.142687797546387,3.0017566680908203,0.0,0.7994846701622009,0.02165653370320797,-0.0,-0.0,-2.040950059890747,0.15869858860969543,0.15770292282104492,-0.081485316157341,-0.0067408084869384766,0.0,0.0,12.303882598876953,-2.040950059890747
6.143187999725342,3.0017566680908203,0.0,0.8043186664581299,0.028168631717562675,-0.0,-0.0,-2.0363035202026367,0.350443035364151,0.088943712413311,-0.04416287690401077,0.004779338836669922,0.0,0.0,12.303882598876953,-2.0363035202026367
6.143688201904297,3.0017566680908203,0.0,0.7994846701622009,0.01979590393602848,-0.0,-0.0,-2.032695770263672,0.49482712149620056,0.19615322351455688,-0.0770832970738411,0.0879967212677002,0.0,0.0,12.303882598876953,-2.032695770263672
6.144187927246094,3.0017566680908203,0.0,0.7962620258331299,0.030959540978074074,-0.0,-0.0,-2.0335934162139893,0.44586092233657837,0.14397715032100677,-0.08748160302639008,-0.08339762687683105,0.0,0.0,12.303882598876953,-2.0335934162139893
6.144687175750732,3.0017566680908203,0.0,0.8155979514122009,0.029098911210894585,-0.0,-0.0,-2.0316011905670166,0.520517110824585,0.19588838517665863,-0.08564075827598572,0.049031972885131836,0.0,0.0,12.303882598876953,-2.0316011905670166
6.145187854766846,3.0017566680908203,0.0,0.794650673866272,0.02258681319653988,-0.0,-0.0,-2.0333404541015625,0.43570438027381897,0.16428668797016144,-0.08622387051582336,-0.020717382431030273,0.0,0.0,12.303882598876953,-2.0333404541015625
6.145687103271484,3.0017566680908203,0.0,0.810763955116272,0.015144400298595428,-0.0,-0.0,-2.0301012992858887,0.5630428791046143,0.22949394583702087,-0.0969347432255745,0.06009054183959961,0.0,0.0,12.303882598876953,-2.0301012992858887
6.146186828613281,3.0017566680908203,0.0,0.810763955116272,0.028168631717562675,-0.0,-0.0,-2.027160406112671,0.6752309203147888,0.22049330174922943,-0.05504898726940155,0.21281790733337402,0.0,0.0,12.303882598876953,-2.027160406112671
6.146687030792236,3.0017566680908203,0.0,0.7849826812744141,0.02258681319653988,-0.0,-0.0,-2.028916358947754,0.5870917439460754,0.16401457786560059,-0.08511904627084732,-0.020479917526245117,0.0,0.0,12.303882598876953,-2.028916358947754
6.147186756134033,3.0017566680908203,0.0,0.7978733777999878,0.024447442963719368,-0.0,-0.0,-2.0308239459991455,0.49361494183540344,0.07401905208826065,-0.06087670847773552,-0.22904467582702637,0.0,0.0,12.303882598876953,-2.0308239459991455
6.147686958312988,3.0017566680908203,0.0,0.8043186664581299,0.02258681319653988,-0.0,-0.0,-2.0324392318725586,0.4160205125808716,0.19180171191692352,-0.07267733663320541,0.09999752044677734,0.0,0.0,12.303882598876953,-2.0324392318725586
6.148187160491943,3.0017566680908203,0.0,0.810763955116272,0.031889818608760834,-0.0,-0.0,-2.032050609588623,0.42420923709869385,0.09107894450426102,-0.04710988700389862,-0.016017436981201172,0.0,0.0,12.303882598876953,-2.032050609588623
6.14868688583374,3.0017566680908203,0.0,0.830099880695343,0.011423211544752121,-0.0,-0.0,-2.0361979007720947,0.2413373738527298,0.14520345628261566,-0.07216165959835052,0.0042798519134521484,0.0,0.0,12.303882598876953,-2.0361979007720947
6.149187088012695,3.0017566680908203,0.0,0.8075413107872009,0.024447407573461533,-0.0,-0.0,-2.033358097076416,0.35560518503189087,0.1440102458000183,-0.06479673832654953,0.0400393009185791,0.0,0.0,12.303882598876953,-2.033358097076416
6.149685859680176,3.0017566680908203,0.0,0.8333225250244141,-0.003461613552644849,-0.0,-0.0,-1.9510184526443481,0.0,0.1175137385725975,-0.04696674644947052,0.0,0.0,0.0,12.303882598876953,-1.9510184526443481
6.150186061859131,3.0017566680908203,0.0,0.794650673866272,0.015144400298595428,-0.0,-0.0,-1.9541704654693604,-0.13363756239414215,0.1692247837781906,-0.09760686755180359,-0.14043474197387695,0.0,0.0,12.303882598876953,-1.9541704654693604
6.150685787200928,3.0017566680908203,0.0,0.8075413107872009,0.031889818608760834,-0.0,-0.0,-1.957365870475769,-0.2654191553592682,0.1606319546699524,-0.08690039813518524,-0.1098783016204834,0.0,0.0,12.303882598876953,-1.957365870475769
6.151185989379883,3.0017566680908203,0.0,0.7930393218994141,0.01979590393602848,-0.0,-0.0,-1.9647955894470215,-0.5714426040649414,0.15291012823581696,-0.0909910649061203,-0.14357280731201172,0.0,0.0,12.303882598876953,-1.9647955894470215
6.151686191558838,3.0017566680908203,0.0,0.8075413107872009,0.028168631717562675,-0.0,-0.0,-1.967807650566101,-0.6863711476325989,0.13644950091838837,-0.08332429826259613,-0.15207457542419434,0.0,0.0,12.303882598876953,-1.967807650566101
6.152185916900635,3.0017566680908203,0.0,0.778537392616272,0.005841393489390612,-0.0,-0.0,-1.972307562828064,-0.8603948950767517,0.18892554938793182,-0.10151080787181854,-0.09220623970031738,0.0,0.0,12.303882598876953,-1.972307562828064
6.15268611907959,3.0017566680908203,0.0,0.7978733777999878,0.013283840380609035,-0.0,-0.0,-1.9741417169570923,-0.9200195670127869,0.14939028024673462,-0.09390132874250412,-0.1587831974029541,0.0,0.0,12.303882598876953,-1.9741417169570923
6.153185844421387,3.0017566680908203,0.0,0.8317112326622009,0.017935309559106827,-0.0,-0.0,-1.9752012491226196,-0.9453713893890381,0.18687358498573303,-0.10065769404172897,-0.09036850929260254,0.0,0.0,12.303882598876953,-1.9752012491226196
6.153685092926025,3.0017566680908203,0.0,0.826877236366272,0.007701987866312265,-0.0,-0.0,-1.9791322946548462,-1.0909161567687988,0.1333286315202713,-0.07444827258586884,-0.10170865058898926,0.0,0.0,12.303882598876953,-1.9791322946548462
6.154184818267822,3.0017566680908203,0.0,0.781760036945343,0.020726218819618225,-0.0,-0.0,-1.9838335514068604,-1.2653865814208984,0.13351327180862427,-0.09923156350851059,-0.2274925708770752,0.0,0.0,12.303882598876953,-1.9838335514068604
6.154685020446777,3.0017566680908203,0.0,0.8155979514122009,0.02723831683397293,-0.0,-0.0,-1.9894888401031494,-1.4768588542938232,0.09317417442798615,-0.08479416370391846,-0.3214902877807617,0.0,0.0,12.303882598876953,-1.9894888401031494
6.155185222625732,3.0017566680908203,0.0,0.810763955116272,0.028168631717562675,-0.0,-0.0,-1.9970191717147827,-1.7611114978790283,0.18269231915473938,-0.080375075340271,0.01121973991394043,0.0,0.0,12.303882598876953,-1.9970191717147827
6.155684947967529,3.0017566680908203,0.0,0.8059300184249878,0.027238350361585617,-0.0,-0.0,-1.9978410005569458,-1.758516550064087,0.16501210629940033,-0.08363910764455795,-0.0428464412689209,0.0,0.0,12.303882598876953,-1.9978410005569458
6.156185150146484,3.0017566680908203,0.0,0.7688694000244141,0.02258681319653988,-0.0,-0.0,-2.0027716159820557,-1.9283288717269897,0.14718979597091675,-0.06464184820652008,0.01759195327758789,0.0,0.0,12.303882598876953,-2.0027716159820557
6.156684875488281,3.0017566680908203,0.0,0.826877236366272,0.03933223336935043,-0.0,-0.0,-2.000911235809326,-1.810093641281128,0.11896924674510956,-0.0801820307970047,-0.16421890258789062,0.0,0.0,12.303882598876953,-2.000911235809326
6.157185077667236,3.0017566680908203,0.0,0.7801487445831299,0.01421412080526352,-0.0,-0.0,-2.0122828483581543,-2.2490122318267822,0.1342613846063614,-0.07562129944562912,-0.07251739501953125,0.0,0.0,12.303882598876953,-2.0122828483581543
6.157683849334717,3.0017566680908203,0.0,0.7753147482872009,0.020726218819618225,-0.0,-0.0,-2.0075523853302,-2.0029242038726807,0.19010500609874725,-0.06508202105760574,0.10669350624084473,0.0,0.0,12.303882598876953,-2.0075523853302
6.158184051513672,3.0017566680908203,0.0,0.7914280295372009,0.01886562444269657,-0.0,-0.0,-2.0080695152282715,-1.9829822778701782,0.1546892374753952,-0.06981394439935684,0.012716531753540039,0.0,0.0,12.303882598876953,-2.0080695152282715
6.158683776855469,3.0017566680908203,0.0,0.8010959625244141,0.018865589052438736,-0.0,-0.0,-2.0100812911987305,-2.0271148681640625,0.09819963574409485,-0.07933729887008667,-0.24195361137390137,0.0,0.0,12.303882598876953,-2.0100812911987305
6.159183979034424,3.0017566680908203,0.0,0.8043186664581299,0.024447442963719368,-0.0,-0.0,-2.0127878189086914,-2.0984275341033936,0.15528951585292816,-0.10497043281793594,-0.153764009475708,0.0,0.0,12.303882598876953,-2.0127878189086914
6.159684181213379,3.0017566680908203,0.0,0.8075413107872009,0.028168631717562675,-0.0,-0.0,-2.0129010677337646,-2.05841064453125,0.19908468425273895,-0.07567573338747025,0.07849669456481934,0.0,0.0,12.303882598876953,-2.0129010677337646
6.160183906555176,3.0017566680908203,0.0,0.818820595741272,0.03468072786927223,-0.0,-0.0,-2.0156702995300293,-2.131598711013794,0.16568799316883087,-0.08732560276985168,-0.04105973243713379,0.0,0.0,12.303882598876953,-2.0156702995300293
6.160684108734131,3.0017566680908203,0.0,0.8155979514122009,0.008632302284240723,-0.0,-0.0,-2.0163838863372803,-2.1161489486694336,0.15434125065803528,-0.07618311792612076,-0.013690948486328125,0.0,0.0,12.303882598876953,-2.0163838863372803
6.161183834075928,3.0017566680908203,0.0,0.7978733777999878,0.01514443475753069,-0.0,-0.0,-2.0183210372924805,-2.1533024311065674,0.15633302927017212,-0.06398943811655045,0.058541297912597656,0.0,0.0,12.303882598876953,-2.0183210372924805
6.161683082580566,3.0017566680908203,0.0,0.8075413107872009,0.020726218819618225,-0.0,-0.0,-2.014866828918457,-1.9629465341567993,0.12316913902759552,-0.07439476251602173,-0.10036253929138184,0.0,0.0,12.303882598876953,-2.014866828918457
6.162182807922363,3.0017566680908203,0.0,0.8139866590499878,0.02630803734064102,-0.0,-0.0,-2.018771171569824,-2.085150718688965,0.21054182946681976,-0.07087603956460953,0.12307429313659668,0.0,0.0,12.303882598876953,-2.018771171569824
6.162683010101318,3.0017566680908203,0.0,0.7978733777999878,0.02630803734064102,-0.0,-0.0,-2.0175158977508545,-1.988369107246399,0.10527650266885757,-0.04964890703558922,0.005404949188232422,0.0,0.0,12.303882598876953,-2.0175158977508545
6.163183212280273,3.0017566680908203,0.0,0.8172092437744141,0.03375041484832764,-0.0,-0.0,-2.0268964767456055,-2.341200590133667,0.17125356197357178,-0.11435787379741669,-0.13400650024414062,0.0,0.0,12.303882598876953,-2.0268964767456055
6.16368293762207,3.0017566680908203,0.0,0.8155979514122009,0.036541324108839035,-0.0,-0.0,-2.028806686401367,-2.3717501163482666,0.14844968914985657,-0.08107578009366989,-0.04284167289733887,0.0,0.0,12.303882598876953,-2.028806686401367
6.164183139801025,3.0017566680908203,0.0,0.794650673866272,0.01886562444269657,-0.0,-0.0,-2.0310263633728027,-2.414503574371338,0.16521957516670227,-0.09239799529314041,-0.05069899559020996,0.0,0.0,12.303882598876953,-2.0310263633728027
6.164682865142822,3.0017566680908203,0.0,0.8172092437744141,0.037471603602170944,-0.0,-0.0,-2.026550769805908,-2.1756696701049805,0.16182126104831696,-0.07183419167995453,0.03740715980529785,0.0,0.0,12.303882598876953,-2.026550769805908
6.165183067321777,3.0017566680908203,0.0,0.802707314491272,0.01979590393602848,-0.0,-0.0,-2.0317912101745605,-2.349501848220825,0.1768406480550766,-0.08246229588985443,0.02397918701171875,0.0,0.0,12.303882598876953,-2.0317912101745605
6.165681838989258,3.0017566680908203,0.0,0.746310830116272,0.03375041484832764,-0.0,-0.0,-2.029977560043335,-2.223431348800659,0.19655980169773102,-0.06545431166887283,0.13756537437438965,0.0,0.0,12.303882598876953,-2.029977560043335
6.166182994842529,3.0017566680908203,0.0,0.778537392616272,0.02258681319653988,-0.0,-0.0,-2.0347108840942383,-2.3770651817321777,0.11714684963226318,-0.09915979206562042,-0.24031662940979004,0.0,0.0,12.303882598876953,-2.0347108840942383
6.16668176651001,3.0017566680908203,0.0,0.8317112326622009,0.02723831683397293,-0.0,-0.0,-2.040022134780884,-2.549978256225586,0.17833760380744934,-0.0884963721036911,0.007781505584716797,0.0,0.0,12.303882598876953,-2.040022134780884
6.167181968688965,3.0017566680908203,0.0,0.7737034559249878,0.023517128080129623,-0.0,-0.0,-2.0441110134124756,-2.66778826713562,0.12076596170663834,-0.06321939826011658,-0.009875774383544922,0.0,0.0,12.303882598876953,-2.0441110134124756
6.16768217086792,3.0017566680908203,0.0,0.842990517616272,0.02258681319653988,-0.0,-0.0,-2.040417432785034,-2.4563755989074707,0.15727676451206207,-0.033289920538663864,0.2613093852996826,0.0,0.0,12.303882598876953,-2.040417432785034
6.168181896209717,3.0017566680908203,0.0,0.7882053852081299,0.020726218819618225,-0.0,-0.0,-2.043959379196167,-2.5547640323638916,0.1210237592458725,-0.09988389164209366,-0.2185962200164795,0.0,0.0,12.303882598876953,-2.043959379196167
6.168682098388672,3.0017566680908203,0.0,0.8043186664581299,0.03002922609448433,-0.0,-0.0,-2.04826283454895,-2.6816978454589844,0.17667178809642792,-0.08226673305034637,0.0409541130065918,0.0,0.0,12.303882598876953,-2.04826283454895
6.169181823730469,3.0017566680908203,0.0,0.7962620258331299,0.02723831683397293,-0.0,-0.0,-2.0487582683563232,-2.6454110145568848,0.2159147560596466,-0.09041993319988251,0.08083105087280273,0.0,0.0,12.303882598876953,-2.0487582683563232
6.169682025909424,3.0017566680908203,0.0,0.7930393218994141,0.02723831683397293,-0.0,-0.0,-2.0475380420684814,-2.53837251663208,0.1380889117717743,-0.07446437329053879,-0.018734455108642578,0.0,0.0,12.303882598876953,-2.0475380420684814
6.170181751251221,3.0017566680908203,0.0,0.8478245139122009,0.023517128080129623,-0.0,-0.0,-2.049572229385376,-2.570169687271118,0.19234192371368408,-0.08699066936969757,0.05340170860290527,0.0,0.0,12.303882598876953,-2.049572229385376
6.170680999755859,3.0017566680908203,0.0,0.7914280295372009,0.002120204269886017,-0.0,-0.0,-2.052455186843872,-2.636876344680786,0.11394153535366058,-0.07979393750429153,-0.13069820404052734,0.0,0.0,12.303882598876953,-2.052455186843872
6.1711812019348145,3.0017566680908203,0.0,0.8204319477081299,0.013283805921673775,-0.0,-0.0,-2.051638126373291,-2.5475008487701416,0.1361682265996933,-0.06809926778078079,0.01632404327392578,0.0,0.0,12.303882598876953,-2.051638126373291
6.171680927276611,3.0017566680908203,0.0,0.7559788227081299,0.031889818608760834,-0.0,-0.0,-2.0487728118896484,-2.3728179931640625,0.20693187415599823,-0.056593157351017,0.21110963821411133,0.0,0.0,12.303882598876953,-2.0487728118896484
6.172181129455566,3.0017566680908203,0.0,0.818820595741272,0.03468072786927223,-0.0,-0.0,-2.048834800720215,-2.3264987468719482,0.13673318922519684,-0.08891089260578156,-0.09970569610595703,0.0,0.0,12.303882598876953,-2.048834800720215
6.172680854797363,3.0017566680908203,0.0,0.826877236366272,0.0002596098347567022,-0.0,-0.0,-2.0541341304779053,-2.5002684593200684,0.1391669362783432,-0.08037041872739792,-0.04138779640197754,0.0,0.0,12.303882598876953,-2.0541341304779053
6.173181056976318,3.0017566680908203,0.0,0.781760036945343,0.011423211544752121,-0.0,-0.0,-2.0585711002349854,-2.6343889236450195,0.11557364463806152,-0.06695111095905304,-0.038318634033203125,0.0,0.0,12.303882598876953,-2.0585711002349854
6.173680782318115,3.0017566680908203,0.0,0.7833713889122009,0.023517128080129623,-0.0,-0.0,-2.0562405586242676,-2.4812870025634766,0.1913301646709442,-0.0768977701663971,0.10289454460144043,0.0,0.0,12.303882598876953,-2.0562405586242676
6.17418098449707,3.0017566680908203,0.0,0.8317112326622009,0.017935309559106827,-0.0,-0.0,-2.05534029006958,-2.3914122581481934,0.19098341464996338,-0.07472286373376846,0.11126875877380371,0.0,0.0,12.303882598876953,-2.05534029006958
6.174679756164551,3.0017566680908203,0.0,0.802707314491272,0.029098911210894585,-0.0,-0.0,-2.0517563819885254,-2.1904518604278564,0.18127258121967316,-0.07692508399486542,0.07923173904418945,0.0,0.0,12.303882598876953,-2.0517563819885254
6.175179958343506,3.0017566680908203,0.0,0.7753147482872009,0.024447407573461533,-0.0,-0.0,-2.054755687713623,-2.270116090774536,0.16587895154953003,-0.07889920473098755,0.039394378662109375,0.0,0.0,12.303882598876953,-2.054755687713623
6.175680160522461,3.0017566680908203,0.0,0.802707314491272,0.01421412080526352,-0.0,-0.0,-2.0522284507751465,-2.116410255432129,0.18005749583244324,-0.09119594842195511,0.01195669174194336,0.0,0.0,12.303882598876953,-2.0522284507751465
6.176179885864258,3.0017566680908203,0.0,0.8091526627540588,0.016074715182185173,-0.0,-0.0,-2.05580472946167,-2.2225918769836426,0.1410219669342041,-0.07321658730506897,0.005411863327026367,0.0,0.0,12.303882598876953,-2.05580472946167
6.176680088043213,3.0017566680908203,0.0,0.778537392616272,0.02258681319653988,-0.0,-0.0,-2.0496091842651367,-1.915676474571228,0.2001677006483078,-0.07665566354990005,0.11291813850402832,0.0,0.0,12.303882598876953,-2.0496091842651367
6.17717981338501,3.0017566680908203,0.0,0.7801487445831299,0.03468072786927223,-0.0,-0.0,-2.0474305152893066,-1.784106731414795,0.13868041336536407,-0.05156869441270828,0.12053513526916504,0.0,0.0,12.303882598876953,-2.0474305152893066
6.177680015563965,3.0017566680908203,0.0,0.8043186664581299,0.02258681319653988,-0.0,-0.0,-2.04470157623291,-1.6314276456832886,0.13005013763904572,-0.061589062213897705,0.031203269958496094,0.0,0.0,12.303882598876953,-2.04470157623291
6.17818021774292,3.0017566680908203,0.0,0.8155979514122009,0.03468072786927223,-0.0,-0.0,-2.0437324047088623,-1.5567686557769775,0.10957089066505432,-0.07425016909837723,-0.12366461753845215,0.0,0.0,12.303882598876953,-2.0437324047088623
6.1786789894104,3.0017566680908203,0.0,0.8043186664581299,0.02630803734064102,-0.0,-0.0,-2.0441384315490723,-1.5399833917617798,0.15140895545482635,-0.0856190025806427,-0.04199814796447754,0.0,0.0,12.303882598876953,-2.0441384315490723
6.1791791915893555,3.0017566680908203,0.0,0.7898167371749878,0.017935343086719513,-0.0,-0.0,-2.0531606674194336,-1.8872137069702148,0.12623649835586548,-0.09312056750059128,-0.15447258949279785,0.0,0.0,12.303882598876953,-2.0531606674194336
6.179678916931152,3.0017566680908203,0.0,0.7753147482872009,0.020726218819618225,-0.0,-0.0,-2.0494115352630615,-1.6892863512039185,0.1851157248020172,-0.0703357681632042,0.11542677879333496,0.0,0.0,12.303882598876953,-2.0494115352630615
6.180179119110107,3.0017566680908203,0.0,0.7930393218994141,0.014214086346328259,-0.0,-0.0,-2.0541832447052,-1.8549351692199707,0.10435456782579422,-0.07065889984369278,-0.11289739608764648,0.0,0.0,12.303882598876953,-2.0541832447052
6.180678844451904,3.0017566680908203,0.0,0.8139866590499878,0.04491405189037323,-0.0,-0.0,-2.050464630126953,-1.6598252058029175,0.1434023082256317,-0.08597298711538315,-0.061209678649902344,0.0,0.0,12.303882598876953,-2.050464630126953
6.181179046630859,3.0017566680908203,0.0,0.7817600965499878,0.024447442963719368,-0.0,-0.0,-2.053575038909912,-1.7547162771224976,0.1738894134759903,-0.0871908962726593,0.017487287521362305,0.0,0.0,12.303882598876953,-2.053575038909912
6.181678771972656,3.0017566680908203,0.0,0.7914280295372009,0.011423211544752121,-0.0,-0.0,-2.0522425174713135,-1.6619601249694824,0.12421335279941559,-0.08690457791090012,-0.13013625144958496,0.0,0.0,12.303882598876953,-2.0522425174713135
6.182178974151611,3.0017566680908203,0.0,0.818820595741272,0.02723831683397293,-0.0,-0.0,-2.053250312805176,-1.6693981885910034,0.17919234931468964,-0.08742702007293701,0.028098344802856445,0.0,0.0,12.303882598876953,-2.053250312805176
6.18267822265625,3.0017566680908203,0.0,0.810763955116272,0.020726218819618225,-0.0,-0.0,-2.0561635494232178,-1.7569793462753296,0.19535447657108307,-0.10757793486118317,-0.018662214279174805,0.0,0.0,12.303882598876953,-2.0561635494232178
6.183177947998047,3.0017566680908203,0.0,0.7914280295372009,0.013283805921673775,-0.0,-0.0,-2.060114622116089,-1.8865091800689697,0.08597584813833237,-0.12111732363700867,-0.4667491912841797,0.0,0.0,12.303882598876953,-2.060114622116089
6.183678150177002,3.0017566680908203,0.0,0.7882053852081299,0.02258681319653988,-0.0,-0.0,-2.062643051147461,-1.9531787633895874,0.15490859746932983,-0.08736126124858856,-0.02239084243774414,0.0,0.0,12.303882598876953,-2.062643051147461
6.184177875518799,3.0017566680908203,0.0,0.7978733777999878,0.01514443475753069,-0.0,-0.0,-2.0626308917999268,-1.911655068397522,0.15759536623954773,-0.08433893322944641,-0.00018286705017089844,0.0,0.0,12.303882598876953,-2.0626308917999268
6.184678077697754,3.0017566680908203,0.0,0.7817600965499878,0.024447442963719368,-0.0,-0.0,-2.057107925415039,-1.6393063068389893,0.14441083371639252,-0.07804914563894272,-0.009769678115844727,0.0,0.0,12.303882598876953,-2.057107925415039
6.185177803039551,3.0017566680908203,0.0,0.8220432996749878,0.023517128080129623,-0.0,-0.0,-2.0553159713745117,-1.5289615392684937,0.21877820789813995,-0.07668014615774155,0.14751338958740234,0.0,0.0,12.303882598876953,-2.0553159713745117
6.185678005218506,3.0017566680908203,0.0,0.7962620258331299,0.010492931120097637,-0.0,-0.0,-2.0603318214416504,-1.708032488822937,0.12646877765655518,-0.07931699603796005,-0.07148861885070801,0.0,0.0,12.303882598876953,-2.0603318214416504
6.186178207397461,3.0017566680908203,0.0,0.802707314491272,0.025377722457051277,-0.0,-0.0,-2.0594871044158936,-1.6365410089492798,0.2163429707288742,-0.07414941489696503,0.158616304397583,0.0,0.0,12.303882598876953,-2.0594871044158936
6.186676979064941,3.0017566680908203,0.0,0.8155979514122009,0.02165653370320797,-0.0,-0.0,-2.057438850402832,-1.516720175743103,0.17024466395378113,-0.08304217457771301,0.03244733810424805,0.0,0.0,12.303882598876953,-2.057438850402832
6.187178134918213,3.0017566680908203,0.0,0.8043186664581299,0.024447442963719368,-0.0,-0.0,-2.05953049659729,-1.5724821090698242,0.18255615234375,-0.09161701053380966,0.02317500114440918,0.0,0.0,12.303882598876953,-2.05953049659729
6.187676906585693,3.0017566680908203,0.0,0.8333225846290588,0.011423211544752121,-0.0,-0.0,-2.060746908187866,-1.590761423110962,0.16934753954410553,-0.09266720712184906,-0.01131892204284668,0.0,0.0,12.303882598876953,-2.060746908187866
6.188177108764648,3.0017566680908203,0.0,0.8317112326622009,0.017935309559106827,-0.0,-0.0,-2.0617849826812744,-1.5998377799987793,0.21608062088489532,-0.048962026834487915,0.2687506675720215,0.0,0.0,12.303882598876953,-2.0617849826812744
6.188676834106445,3.0017566680908203,0.0,0.786594033241272,0.0011898898519575596,-0.0,-0.0,-2.061378002166748,-1.5499337911605835,0.12539806962013245,-0.07551955431699753,-0.05221724510192871,0.0,0.0,12.303882598876953,-2.061378002166748
6.1891770362854,3.0017566680908203,0.0,0.778537392616272,0.011423211544752121,-0.0,-0.0,-2.0600578784942627,-1.4625037908554077,0.15504781901836395,-0.07713649421930313,0.027241230010986328,0.0,0.0,12.303882598876953,-2.0600578784942627
6.189676761627197,3.0017566680908203,0.0,0.7898167371749878,0.02909894473850727,-0.0,-0.0,-2.057971715927124,-1.344480276107788,0.1911839246749878,-0.08234234899282455,0.08037734031677246,0.0,0.0,12.303882598876953,-2.057971715927124
6.190176963806152,3.0017566680908203,0.0,0.7898167371749878,0.019795939326286316,-0.0,-0.0,-2.0571885108947754,-1.2837772369384766,0.1425832360982895,-0.07601627707481384,-0.0038559436798095703,0.0,0.0,12.303882598876953,-2.0571885108947754
6.190677165985107,3.0017566680908203,0.0,0.7656468152999878,0.035611044615507126,-0.0,-0.0,-2.0577023029327393,-1.2786197662353516,0.17865918576717377,-0.08647201955318451,0.03585958480834961,0.0,0.0,12.303882598876953,-2.0577023029327393
6.191176891326904,3.0017566680908203,0.0,0.7914280295372009,0.020726218819618225,-0.0,-0.0,-2.0565712451934814,-1.203897476196289,0.19521214067935944,-0.0878288745880127,0.06285309791564941,0.0,0.0,12.303882598876953,-2.0565712451934814
6.191676139831543,3.0017566680908203,0.0,0.8091526031494141,0.021656498312950134,-0.0,-0.0,-2.0525667667388916,-1.010424256324768,0.11291637271642685,-0.07110519707202911,-0.0808875560760498,0.0,0.0,12.303882598876953,-2.0525667667388916
6.19217586517334,3.0017566680908203,0.0,0.8542698621749878,0.030959540978074074,-0.0,-0.0,-2.0569534301757812,-1.1723103523254395,0.2056145817041397,-0.0853070542216301,0.0928800106048584,0.0,0.0,12.303882598876953,-2.0569534301757812
6.192676067352295,3.0017566680908203,0.0,0.8333225846290588,0.011423211544752121,-0.0,-0.0,-2.059277057647705,-1.2450007200241089,0.15074345469474792,-0.0831112489104271,-0.01587367057800293,0.0,0.0,12.303882598876953,-2.059277057647705
6.193175792694092,3.0017566680908203,0.0,0.7914280295372009,0.01886562444269657,-0.0,-0.0,-2.0609819889068604,-1.2908546924591064,0.14032068848609924,-0.10656145960092545,-0.1604142189025879,0.0,0.0,12.303882598876953,-2.0609819889068604
6.193675994873047,3.0017566680908203,0.0,0.7898167371749878,0.02165653370320797,-0.0,-0.0,-2.058931589126587,-1.1777167320251465,0.15403494238853455,-0.07385420054197311,0.04082942008972168,0.0,0.0,12.303882598876953,-2.058931589126587
6.194176197052002,3.0017566680908203,0.0,0.7640354633331299,-0.009973711334168911,-0.0,-0.0,-1.8380134105682373,-0.030977925285696983,0.12551583349704742,-0.05841108411550522,-0.16906094551086426,0.0,0.0,12.303882598876953,-1.8380134105682373
6.194675922393799,3.0017566680908203,0.0,0.834933876991272,0.012353491969406605,-0.0,-0.0,-1.8449825048446655,-0.32471156120300293,0.18073998391628265,-0.08587262779474258,-0.17017745971679688,0.0,0.0,12.303882598876953,-1.8449825048446655
6.195176124572754,3.0017566680908203,0.0,0.794650673866272,0.01886562444269657,-0.0,-0.0,-1.8540719747543335,-0.7000268697738647,0.10421301424503326,-0.05191471800208092,-0.1798841953277588,0.0,0.0,12.303882598876953,-1.8540719747543335
6.195674896240234,3.0017566680908203,0.0,0.813986599445343,0.03002922609448433,-0.0,-0.0,-1.8616929054260254,-1.006569743156433,0.11973556131124496,-0.0832083523273468,-0.3180873394012451,0.0,0.0,12.303882598876953,-1.8616929054260254
6.1961750984191895,3.0017566680908203,0.0,0.7817600965499878,0.024447442963719368,-0.0,-0.0,-1.8727176189422607,-1.4479042291641235,0.14782609045505524,-0.06817882508039474,-0.13124680519104004,0.0,0.0,12.303882598876953,-1.8727176189422607
6.196674823760986,3.0017566680908203,0.0,0.7914280295372009,0.03002922609448433,-0.0,-0.0,-1.8768351078033447,-1.590522289276123,0.16214822232723236,-0.0650760605931282,-0.07646965980529785,0.0,0.0,12.303882598876953,-1.8768351078033447
6.197175025939941,3.0017566680908203,0.0,0.786594033241272,0.010492896661162376,-0.0,-0.0,-1.8845618963241577,-1.8818340301513672,0.12652592360973358,-0.05712663754820824,-0.11142945289611816,0.0,0.0,12.303882598876953,-1.8845618963241577
6.197674751281738,3.0017566680908203,0.0,0.794650673866272,0.01886562444269657,-0.0,-0.0,-1.8940767049789429,-2.24351167678833,0.11545783281326294,-0.09973596036434174,-0.3915736675262451,0.0,0.0,12.303882598876953,-1.8940767049789429
6.198174953460693,3.0017566680908203,0.0,0.7753147482872009,0.024447407573461533,-0.0,-0.0,-1.900732159614563,-2.476480007171631,0.14816738665103912,-0.07856614142656326,-0.15911078453063965,0.0,0.0,12.303882598876953,-1.900732159614563
6.198675155639648,3.0017566680908203,0.0,0.7962620258331299,0.03468072786927223,-0.0,-0.0,-1.9045298099517822,-2.584111213684082,0.18039771914482117,-0.07050132006406784,-0.039853811264038086,0.0,0.0,12.303882598876953,-1.9045298099517822
6.199174880981445,3.0017566680908203,0.0,0.8043186664581299,0.024447442963719368,-0.0,-0.0,-1.9128336906433105,-2.878791332244873,0.16136732697486877,-0.09262648224830627,-0.18076848983764648,0.0,0.0,12.303882598876953,-1.9128336906433105
6.1996750831604,3.0017566680908203,0.0,0.802707314491272,0.03095950558781624,-0.0,-0.0,-1.9201161861419678,-3.124354839324951,0.1621561348438263,-0.09688917547464371,-0.19110417366027832,0.0,0.0,12.303882598876953,-1.9201161861419678
6.200173854827881,3.0017566680908203,0.0,0.8043186664581299,0.024447442963719368,-0.0,-0.0,-1.9256582260131836,-3.291476011276245,0.16948287189006805,-0.09058135002851486,-0.13764309883117676,0.0,0.0,12.303882598876953,-1.9256582260131836
6.200674057006836,3.0017566680908203,0.0,0.8333225846290588,0.011423211544752121,-0.0,-0.0,-1.9308395385742188,-3.440052032470703,0.18742936849594116,-0.09206371009349823,-0.09808993339538574,0.0,0.0,12.303882598876953,-1.9308395385742188
6.201173782348633,3.0017566680908203,0.0,0.7882053852081299,0.01886562444269657,-0.0,-0.0,-1.93882417678833,-3.7034525871276855,0.14985084533691406,-0.10006394237279892,-0.22289633750915527,0.0,0.0,12.303882598876953,-1.93882417678833
6.201673984527588,3.0017566680908203,0.0,0.7978733777999878,0.024447442963719368,-0.0,-0.0,-1.9487096071243286,-4.042237281799316,0.11682692915201187,-0.08282948285341263,-0.2411792278289795,0.0,0.0,12.303882598876953,-1.9487096071243286
6.202174186706543,3.0017566680908203,0.0,0.7962620258331299,0.025377722457051277,-0.0,-0.0,-1.9577125310897827,-4.336658000946045,0.18924382328987122,-0.1084369421005249,-0.13542675971984863,0.0,0.0,12.303882598876953,-1.9577125310897827
6.20267391204834,3.0017566680908203,0.0,0.8236545920372009,0.009562617167830467,-0.0,-0.0,-1.9654080867767334,-4.5698676109313965,0.10313130915164948,-0.10074269771575928,-0.38219285011291504,0.0,0.0,12.303882598876953,-1.9654080867767334
6.203174114227295,3.0017566680908203,0.0,0.7914280295372009,0.020726218819618225,-0.0,-0.0,-1.972157597541809,-4.758052349090576,0.16653260588645935,-0.11022854596376419,-0.185699462890625,0.0,0.0,12.303882598876953,-1.972157597541809
6.203672885894775,3.0017566680908203,0.0,0.8010959625244141,0.024447407573461533,-0.0,-0.0,-1.9751193523406982,-4.782127380371094,0.11685238033533096,-0.06540833413600922,-0.10802221298217773,0.0,0.0,12.303882598876953,-1.9751193523406982
6.2041730880737305,3.0017566680908203,0.0,0.802707314491272,0.008632302284240723,-0.0,-0.0,-1.980679988861084,-4.915027141571045,0.14820975065231323,-0.07053165137767792,-0.03608059883117676,0.0,0.0,12.303882598876953,-1.980679988861084
6.204672813415527,3.0017566680908203,0.0,0.7801487445831299,0.02723831683397293,-0.0,-0.0,-1.9831935167312622,-4.917858123779297,0.19401344656944275,-0.09272035211324692,-0.03520679473876953,0.0,0.0,12.303882598876953,-1.9831935167312622
6.205173015594482,3.0017566680908203,0.0,0.786594033241272,0.01421412080526352,-0.0,-0.0,-1.9888665676116943,-5.052784442901611,0.15341684222221375,-0.07067061215639114,-0.015348434448242188,0.0,0.0,12.303882598876953,-1.9888665676116943
6.2056732177734375,3.0017566680908203,0.0,0.7930393218994141,0.03840191662311554,-0.0,-0.0,-1.9914066791534424,-5.053877353668213,0.16306576132774353,-0.07530802488327026,-0.013776540756225586,0.0,0.0,12.303882598876953,-1.9914066791534424
6.206172943115234,3.0017566680908203,0.0,0.8317112326622009,0.017935309559106827,-0.0,-0.0,-1.9958500862121582,-5.133496284484863,0.22902131080627441,-0.09413853287696838,0.03348946571350098,0.0,0.0,12.303882598876953,-1.9958500862121582
6.2066731452941895,3.0017566680908203,0.0,0.8091526031494141,0.029098911210894585,-0.0,-0.0,-1.999495506286621,-5.179100513458252,0.1684553176164627,-0.11931273341178894,-0.1900804042816162,0.0,0.0,12.303882598876953,-1.999495506286621
6.207172870635986,3.0017566680908203,0.0,0.773703396320343,0.006771707907319069,-0.0,-0.0,-2.0050339698791504,-5.302190780639648,0.18170785903930664,-0.06752466410398483,0.0769960880279541,0.0,0.0,12.303882598876953,-2.0050339698791504
6.207672119140625,3.0017566680908203,0.0,0.7898167371749878,0.02165653370320797,-0.0,-0.0,-2.0058045387268066,-5.224216938018799,0.1595013439655304,-0.08498942852020264,-0.05654644966125488,0.0,0.0,12.303882598876953,-2.0058045387268066
6.208172798156738,3.0017566680908203,0.0,0.8574924468994141,0.03282010182738304,-0.0,-0.0,-2.0074844360351562,-5.184343338012695,0.1545913815498352,-0.05393213406205177,0.09971022605895996,0.0,0.0,12.303882598876953,-2.0074844360351562
6.208672046661377,3.0017566680908203,0.0,0.797873318195343,0.020726218819618225,-0.0,-0.0,-2.0168046951293945,-5.467180252075195,0.09352453798055649,-0.09199950844049454,-0.33439087867736816,0.0,0.0,12.303882598876953,-2.0168046951293945
6.209171772003174,3.0017566680908203,0.0,0.7882053852081299,0.017005030065774918,-0.0,-0.0,-2.0181713104248047,-5.409337043762207,0.22460836172103882,-0.0837680771946907,0.08897042274475098,0.0,0.0,12.303882598876953,-2.0181713104248047
6.209671974182129,3.0017566680908203,0.0,0.7898167371749878,0.04956555366516113,-0.0,-0.0,-2.0224692821502686,-5.477411270141602,0.07731831073760986,-0.07725141942501068,-0.33652567863464355,0.0,0.0,12.303882598876953,-2.0224692821502686
6.210172176361084,3.0017566680908203,0.0,0.7769260406494141,0.012353491969406605,-0.0,-0.0,-2.0270321369171143,-5.554205894470215,0.15012837946414948,-0.08197730034589767,-0.04561042785644531,0.0,0.0,12.303882598876953,-2.0270321369171143
6.210671901702881,3.0017566680908203,0.0,0.8284885883331299,0.016074715182185173,-0.0,-0.0,-2.028428316116333,-5.496715545654297,0.14629870653152466,-0.06616710871458054,0.031186819076538086,0.0,0.0,12.303882598876953,-2.028428316116333
6.211172103881836,3.0017566680908203,0.0,0.7720921039581299,0.009562617167830467,-0.0,-0.0,-2.0337324142456055,-5.603087902069092,0.18613024055957794,-0.09484391659498215,-0.010237932205200195,0.0,0.0,12.303882598876953,-2.0337324142456055
6.211671829223633,3.0017566680908203,0.0,0.7882053852081299,0.02258681319653988,-0.0,-0.0,-2.036228895187378,-5.591002464294434,0.15359185636043549,-0.08529035747051239,-0.043520212173461914,0.0,0.0,12.303882598876953,-2.036228895187378
6.212172031402588,3.0017566680908203,0.0,0.810763955116272,0.028168631717562675,-0.0,-0.0,-2.039419651031494,-5.607466697692871,0.16338057816028595,-0.09248209744691849,-0.04853343963623047,0.0,0.0,12.303882598876953,-2.039419651031494
6.212670803070068,3.0017566680908203,0.0,0.8333225846290588,0.011423211544752121,-0.0,-0.0,-2.041712760925293,-5.586048603057861,0.13244597613811493,-0.09498676657676697,-0.1537477970123291,0.0,0.0,12.303882598876953,-2.041712760925293
6.213171005249023,3.0017566680908203,0.0,0.8446018695831299,0.025377722457051277,-0.0,-0.0,-2.0461015701293945,-5.65191650390625,0.18171651661396027,-0.0630362257361412,0.14010310173034668,0.0,0.0,12.303882598876953,-2.0461015701293945
6.2136712074279785,3.0017566680908203,0.0,0.7898167371749878,0.02165653370320797,-0.0,-0.0,-2.05047869682312,-5.717278957366943,0.1439216136932373,-0.08297708630561829,-0.04540681838989258,0.0,0.0,12.303882598876953,-2.05047869682312
6.214170932769775,3.0017566680908203,0.0,0.7930393218994141,0.014214086346328259,-0.0,-0.0,-2.0559587478637695,-5.827633857727051,0.14177092909812927,-0.06754123419523239,0.03878331184387207,0.0,0.0,12.303882598876953,-2.0559587478637695
6.2146711349487305,3.0017566680908203,0.0,0.8397678732872009,0.007702022325247526,-0.0,-0.0,-2.058295965194702,-5.803893566131592,0.15618494153022766,-0.08235834538936615,0.0003077983856201172,0.0,0.0,12.303882598876953,-2.058295965194702
6.215170860290527,3.0017566680908203,0.0,0.7930393218994141,0.014214086346328259,-0.0,-0.0,-2.064995050430298,-5.963410377502441,0.1931491643190384,-0.09703060984611511,0.02678847312927246,0.0,0.0,12.303882598876953,-2.064995050430298
6.215671062469482,3.0017566680908203,0.0,0.8043186664581299,0.04305345565080643,-0.0,-0.0,-2.0657410621643066,-5.869908809661865,0.18767084181308746,-0.09853507578372955,0.009548187255859375,0.0,0.0,12.303882598876953,-2.0657410621643066
6.216170787811279,3.0017566680908203,0.0,0.7882053852081299,0.01886562444269657,-0.0,-0.0,-2.0702710151672363,-5.9365129470825195,0.1628158837556839,-0.09538017213344574,-0.03256559371948242,0.0,0.0,12.303882598876953,-2.0702710151672363
6.216670036315918,3.0017566680908203,0.0,0.778537392616272,0.01886562444269657,-0.0,-0.0,-2.066253185272217,-5.642993450164795,0.14083023369312286,-0.06577155739068985,0.05689048767089844,0.0,0.0,12.303882598876953,-2.066253185272217
6.217169761657715,3.0017566680908203,0.0,0.8204319477081299,0.011423211544752121,-0.0,-0.0,-2.064131021499634,-5.435206413269043,0.17821824550628662,-0.0610186904668808,0.16232991218566895,0.0,0.0,12.303882598876953,-2.064131021499634
6.21766996383667,3.0017566680908203,0.0,0.794650673866272,0.028168631717562675,-0.0,-0.0,-2.0623414516448975,-5.246024131774902,0.1405937820672989,-0.0883023664355278,-0.0713040828704834,0.0,0.0,12.303882598876953,-2.0623414516448975
6.218170166015625,3.0017566680908203,0.0,0.794650673866272,0.02258681319653988,-0.0,-0.0,-2.063319683074951,-5.176970481872559,0.14273680746555328,-0.08016107231378555,-0.0209963321685791,0.0,0.0,12.303882598876953,-2.063319683074951
6.218669891357422,3.0017566680908203,0.0,0.7656468152999878,0.01514443475753069,-0.0,-0.0,-2.0616517066955566,-4.997300624847412,0.14683839678764343,-0.0610576830804348,0.09552359580993652,0.0,0.0,12.303882598876953,-2.0616517066955566
6.219170093536377,3.0017566680908203,0.0,0.8010959625244141,0.02258681319653988,-0.0,-0.0,-2.062310218811035,-4.920682907104492,0.12125366181135178,-0.07274428009986877,-0.05070996284484863,0.0,0.0,12.303882598876953,-2.062310218811035
6.219669818878174,3.0017566680908203,0.0,0.802707314491272,0.03095950558781624,-0.0,-0.0,-2.0633246898651123,-4.860016345977783,0.1633448451757431,-0.08203341066837311,0.025601625442504883,0.0,0.0,12.303882598876953,-2.0633246898651123
6.220170021057129,3.0017566680908203,0.0,0.8317112326622009,0.017935309559106827,-0.0,-0.0,-2.0643980503082275,-4.8021955490112305,0.1700197011232376,-0.06459082663059235,0.12948107719421387,0.0,0.0,12.303882598876953,-2.0643980503082275
6.220668792724609,3.0017566680908203,0.0,0.8204319477081299,0.003980799112468958,-0.0,-0.0,-2.062346935272217,-4.614814758300781,0.1971272975206375,-0.0821741372346878,0.09545731544494629,0.0,0.0,12.303882598876953,-2.062346935272217
6.2211689949035645,3.0017566680908203,0.0,0.8043186664581299,0.03002922609448433,-0.0,-0.0,-2.0605876445770264,-4.443417072296143,0.17383117973804474,-0.04721789062023163,0.2240159511566162,0.0,0.0,12.303882598876953,-2.0605876445770264
6.2216691970825195,3.0017566680908203,0.0,0.7882053852081299,0.02258681319653988,-0.0,-0.0,-2.0619595050811768,-4.4080810546875,0.15001478791236877,-0.11292418092489243,-0.1562209129333496,0.0,0.0,12.303882598876953,-2.0619595050811768
6.222168922424316,3.0017566680908203,0.0,0.7833713889122009,0.008632302284240723,-0.0,-0.0,-2.064208745956421,-4.409192085266113,0.1934232860803604,-0.08624571561813354,0.0728156566619873,0.0,0.0,12.303882598876953,-2.064208745956421
6.2226691246032715,3.0017566680908203,0.0,0.8155979514122009,0.02165653370320797,-0.0,-0.0,-2.0593717098236084,-4.113795757293701,0.1497189700603485,-0.06634987890720367,0.07034492492675781,0.0,0.0,12.303882598876953,-2.0593717098236084
6.223168849945068,3.0017566680908203,0.0,0.786594033241272,0.021656498312950134,-0.0,-0.0,-2.0652356147766113,-4.274941444396973,0.13526120781898499,-0.10283476114273071,-0.1576855182647705,0.0,0.0,12.303882598876953,-2.0652356147766113
6.223669052124023,3.0017566680908203,0.0,0.7769260406494141,0.004911079071462154,-0.0,-0.0,-2.066443920135498,-4.23636531829834,0.12304674834012985,-0.09112194180488586,-0.14379000663757324,0.0,0.0,12.303882598876953,-2.066443920135498
6.22416877746582,3.0017566680908203,0.0,0.8574924468994141,0.03282010182738304,-0.0,-0.0,-2.0663082599639893,-4.141322135925293,0.18501274287700653,-0.07048044353723526,0.13070225715637207,0.0,0.0,12.303882598876953,-2.0663082599639893
6.224668025970459,3.0017566680908203,0.0,0.8284885883331299,0.012353525497019291,-0.0,-0.0,-2.0755727291107178,-4.443994045257568,0.08781801909208298,-0.09583572298288345,-0.3271002769470215,0.0,0.0,12.303882598876953,-2.0755727291107178
6.225167751312256,3.0017566680908203,0.0,0.7962620258331299,0.023517128080129623,-0.0,-0.0,-2.0769119262695312,-4.406415939331055,0.19277247786521912,-0.08976944535970688,0.0691227912902832,0.0,0.0,12.303882598876953,-2.0769119262695312
6.225667953491211,3.0017566680908203,0.0,0.7737034559249878,0.038401953876018524,-0.0,-0.0,-2.0769202709198,-4.314706325531006,0.16349278390407562,-0.0868157371878624,0.016611099243164062,0.0,0.0,12.303882598876953,-2.0769202709198
6.226168155670166,3.0017566680908203,0.0,0.8317112326622009,0.029098911210894585,-0.0,-0.0,-2.0788538455963135,-4.304547309875488,0.1813272386789322,-0.07381778210401535,0.12051749229431152,0.0,0.0,12.303882598876953,-2.0788538455963135
6.226667881011963,3.0017566680908203,0.0,0.7898167371749878,0.023517128080129623,-0.0,-0.0,-2.0803678035736084,-4.277892589569092,0.13713650405406952,-0.10643909871578217,-0.15252351760864258,0.0,0.0,12.303882598876953,-2.0803678035736084
6.227168083190918,3.0017566680908203,0.0,0.778537392616272,0.026308001950383186,-0.0,-0.0,-2.082599401473999,-4.2813568115234375,0.16215775907039642,-0.08754032105207443,0.015426158905029297,0.0,0.0,12.303882598876953,-2.082599401473999
6.227667808532715,3.0017566680908203,0.0,0.778537392616272,0.02258681319653988,-0.0,-0.0,-2.080353260040283,-4.096619129180908,0.21557609736919403,-0.07376082241535187,0.17927074432373047,0.0,0.0,12.303882598876953,-2.080353260040283
6.22816801071167,3.0017566680908203,0.0,0.8446018695831299,0.025377722457051277,-0.0,-0.0,-2.0770726203918457,-3.8725171089172363,0.18803490698337555,-0.07748766988515854,0.1145780086517334,0.0,0.0,12.303882598876953,-2.0770726203918457
6.22866678237915,3.0017566680908203,0.0,0.8139866590499878,0.03747163712978363,-0.0,-0.0,-2.0787367820739746,-3.861337423324585,0.140480637550354,-0.08488523960113525,-0.03703927993774414,0.0,0.0,12.303882598876953,-2.0787367820739746
6.229167938232422,3.0017566680908203,0.0,0.8542698621749878,0.030959540978074074,-0.0,-0.0,-2.085146188735962,-4.050239562988281,0.08708079904317856,-0.13562288880348206,-0.48905467987060547,0.0,0.0,12.303882598876953,-2.085146188735962
6.2296671867370605,3.0017566680908203,0.0,0.8155979514122009,0.023517128080129623,-0.0,-0.0,-2.0890114307403564,-4.126079559326172,0.1817701756954193,-0.09088467061519623,0.05341768264770508,0.0,0.0,12.303882598876953,-2.0890114307403564
6.230166912078857,3.0017566680908203,0.0,0.810763955116272,0.02258681319653988,-0.0,-0.0,-2.0894033908843994,-4.055176734924316,0.1938357949256897,-0.08584998548030853,0.10074257850646973,0.0,0.0,12.303882598876953,-2.0894033908843994
6.2306671142578125,3.0017566680908203,0.0,0.7898167371749878,0.012353525497019291,-0.0,-0.0,-2.0890541076660156,-3.95552659034729,0.1265544444322586,-0.08557326346635818,-0.07794499397277832,0.0,0.0,12.303882598876953,-2.0890541076660156
6.231166839599609,3.0017566680908203,0.0,0.8091526031494141,0.03282010182738304,-0.0,-0.0,-2.0655272006988525,0.010211405344307423,0.15518131852149963,-0.08235744386911392,0.006844520568847656,0.0,0.0,12.303882598876953,-2.0655272006988525
6.2316670417785645,3.0017566680908203,0.0,0.7753147482872009,0.020726218819618225,-0.0,-0.0,-2.0660128593444824,-0.010323242284357548,0.1773836761713028,-0.08397304266691208,0.05329561233520508,0.0,0.0,12.303882598876953,-2.0660128593444824
6.232166767120361,3.0017566680908203,0.0,0.7914280295372009,0.02630803734064102,-0.0,-0.0,-2.0636165142059326,0.08983790874481201,0.11654870957136154,-0.06875652074813843,-0.04030656814575195,0.0,0.0,12.303882598876953,-2.0636165142059326
6.232666969299316,3.0017566680908203,0.0,0.8172093033790588,0.011423211544752121,-0.0,-0.0,-2.062500476837158,0.13454844057559967,0.16302141547203064,-0.08564286679029465,0.008063554763793945,0.0,0.0,12.303882598876953,-2.062500476837158
6.2331671714782715,3.0017566680908203,0.0,0.810763955116272,0.013283805921673775,-0.0,-0.0,-2.058633327484131,0.29457926750183105,0.12656690180301666,-0.06833155453205109,-0.007138490676879883,0.0,0.0,12.303882598876953,-2.058633327484131
6.233665943145752,3.0017566680908203,0.0,0.7527561187744141,0.04119282588362694,-0.0,-0.0,-2.058143377304077,0.308663010597229,0.14807502925395966,-0.08566170930862427,-0.03716754913330078,0.0,0.0,12.303882598876953,-2.058143377304077
6.234166145324707,3.0017566680908203,0.0,0.794650673866272,0.028168631717562675,-0.0,-0.0,-2.0555121898651123,0.4124607741832733,0.1568579375743866,-0.07657817751169205,0.030818462371826172,0.0,0.0,12.303882598876953,-2.0555121898651123
6.234665870666504,3.0017566680908203,0.0,0.781760036945343,0.03002922609448433,-0.0,-0.0,-2.0573155879974365,0.32681477069854736,0.0634307861328125,-0.06649668514728546,-0.3237168788909912,0.0,0.0,12.303882598876953,-2.0573155879974365
6.235166072845459,3.0017566680908203,0.0,0.8155979514122009,0.008632302284240723,-0.0,-0.0,-2.058326244354248,0.2783389985561371,0.2125415802001953,-0.07176940888166428,0.16265225410461426,0.0,0.0,12.303882598876953,-2.058326244354248
6.235665798187256,3.0017566680908203,0.0,0.7914280295372009,0.03002922609448433,-0.0,-0.0,-2.2535269260406494,0.14092682301998138,0.15472036600112915,-0.08483289927244186,0.18200325965881348,0.0,0.0,12.303882598876953,-2.2535269260406494
6.236166000366211,3.0017566680908203,0.0,0.7962620258331299,0.017935309559106827,-0.0,-0.0,-2.2422170639038086,0.6135420799255371,0.12932609021663666,-0.055921800434589386,0.2646024227142334,0.0,0.0,12.303882598876953,-2.2422170639038086
6.236666202545166,3.0017566680908203,0.0,0.8220432996749878,0.01421412080526352,-0.0,-0.0,-2.231196403503418,1.0631039142608643,0.17102237045764923,-0.08255896717309952,0.2118980884552002,0.0,0.0,12.303882598876953,-2.231196403503418
6.237165927886963,3.0017566680908203,0.0,0.8059300184249878,0.023517128080129623,-0.0,-0.0,-2.219273090362549,1.5420680046081543,0.11484585702419281,-0.030627969652414322,0.3900001049041748,0.0,0.0,12.303882598876953,-2.219273090362549
6.237665176391602,3.0017566680908203,0.0,0.7882053852081299,0.03002922609448433,-0.0,-0.0,-2.207526683807373,2.0030643939971924,0.18738555908203125,-0.07493989169597626,0.25803685188293457,0.0,0.0,12.303882598876953,-2.207526683807373
6.238164901733398,3.0017566680908203,0.0,0.805929958820343,0.025377722457051277,-0.0,-0.0,-2.2004406452178955,2.258476734161377,0.1644861102104187,-0.08697638660669327,0.14459896087646484,0.0,0.0,12.303882598876953,-2.2004406452178955
6.2386651039123535,3.0017566680908203,0.0,0.794650673866272,0.017004994675517082,-0.0,-0.0,-2.19356107711792,2.4997763633728027,0.13733653724193573,-0.08684073388576508,0.060002803802490234,0.0,0.0,12.303882598876953,-2.19356107711792
6.23916482925415,3.0017566680908203,0.0,0.8091526627540588,0.025377722457051277,-0.0,-0.0,-2.184518337249756,2.827408790588379,0.18878073990345,-0.07448083162307739,0.23988056182861328,0.0,0.0,12.303882598876953,-2.184518337249756
6.2396650314331055,3.0017566680908203,0.0,0.7849826812744141,0.02258681319653988,-0.0,-0.0,-2.177323818206787,3.069467306137085,0.16887953877449036,-0.11034487932920456,0.028914213180541992,0.0,0.0,12.303882598876953,-2.177323818206787
6.240164756774902,3.0017566680908203,0.0,0.838156521320343,0.006771707907319069,-0.0,-0.0,-2.1700310707092285,3.3107187747955322,0.17337529361248016,-0.09934327751398087,0.08034777641296387,0.0,0.0,12.303882598876953,-2.1700310707092285
6.240664958953857,3.0017566680908203,0.0,0.7849826812744141,0.02258681319653988,-0.0,-0.0,-2.1635053157806396,3.5151944160461426,0.14258705079555511,-0.06557812541723251,0.16349458694458008,0.0,0.0,12.303882598876953,-2.1635053157806396
6.2411651611328125,3.0017566680908203,0.0,0.7898167371749878,0.019795939326286316,-0.0,-0.0,-2.1539981365203857,3.8404431343078613,0.19714123010635376,-0.09714729338884354,0.12715888023376465,0.0,0.0,12.303882598876953,-2.1539981365203857
6.241663932800293,3.0017566680908203,0.0,0.794650673866272,0.02258681319653988,-0.0,-0.0,-2.1457393169403076,4.106334209442139,0.16035610437393188,-0.07844844460487366,0.12183976173400879,0.0,0.0,12.303882598876953,-2.1457393169403076
6.242164134979248,3.0017566680908203,0.0,0.810763955116272,0.04119282588362694,-0.0,-0.0,-2.1386992931365967,4.3153300285339355,0.16615164279937744,-0.09551875293254852,0.0477902889251709,0.0,0.0,12.303882598876953,-2.1386992931365967
6.242663860321045,3.0017566680908203,0.0,0.834933876991272,0.02723831683397293,-0.0,-0.0,-2.139418363571167,4.194427490234375,0.17177142202854156,-0.10626337677240372,0.016080141067504883,0.0,0.0,12.303882598876953,-2.139418363571167
6.2431640625,3.0017566680908203,0.0,0.7994846701622009,0.017935309559106827,-0.0,-0.0,-2.134834051132202,4.299398899078369,0.22372271120548248,-0.11140842735767365,0.10387873649597168,0.0,0.0,12.303882598876953,-2.134834051132202
6.243663787841797,3.0017566680908203,0.0,0.8317112326622009,0.03468072786927223,-0.0,-0.0,-2.125500440597534,4.601020336151123,0.21538841724395752,-0.08637214452028275,0.1755986213684082,0.0,0.0,12.303882598876953,-2.125500440597534
6.244163990020752,3.0017566680908203,0.0,0.8010959625244141,0.018865589052438736,-0.0,-0.0,-2.1194891929626465,4.757821559906006,0.1341635137796402,-0.06358859688043594,0.10812878608703613,0.0,0.0,12.303882598876953,-2.1194891929626465
6.244664192199707,3.0017566680908203,0.0,0.8284885883331299,0.025377722457051277,-0.0,-0.0,-2.1123898029327393,4.956169128417969,0.18995895981788635,-0.0615207776427269,0.23100829124450684,0.0,0.0,12.303882598876953,-2.1123898029327393
6.245163917541504,3.0017566680908203,0.0,0.797873318195343,0.020726218819618225,-0.0,-0.0,-2.112234115600586,4.857831954956055,0.08169365674257278,-0.12464556097984314,-0.4494516849517822,0.0,0.0,12.303882598876953,-2.112234115600586
6.245663166046143,3.0017566680908203,0.0,0.794650673866272,0.028168631717562675,-0.0,-0.0,-2.108684778213501,4.9062418937683105,0.1489318311214447,-0.05615999922156334,0.17967772483825684,0.0,0.0,12.303882598876953,-2.108684778213501
6.2461628913879395,3.0017566680908203,0.0,0.8365452289581299,0.04119282588362694,-0.0,-0.0,-2.102522611618042,5.062484264373779,0.21624945104122162,-0.09673798084259033,0.11324429512023926,0.0,0.0,12.303882598876953,-2.102522611618042
6.2466630935668945,3.0017566680908203,0.0,0.826877236366272,0.011423211544752121,-0.0,-0.0,-2.099820137023926,5.07070779800415,0.17721204459667206,-0.045087117701768875,0.2827579975128174,0.0,0.0,12.303882598876953,-2.099820137023926
6.247162818908691,3.0017566680908203,0.0,0.7833713889122009,0.010492896661162376,-0.0,-0.0,-2.093125104904175,5.24547815322876,0.1588001549243927,-0.06703697890043259,0.12514901161193848,0.0,0.0,12.303882598876953,-2.093125104904175
6.2476630210876465,3.0017566680908203,0.0,0.8075413107872009,0.03933223336935043,-0.0,-0.0,-2.0834274291992188,5.542313575744629,0.15121249854564667,-0.0648956373333931,0.10954070091247559,0.0,0.0,12.303882598876953,-2.0834274291992188
6.248162746429443,3.0017566680908203,0.0,0.7930393218994141,0.02723831683397293,-0.0,-0.0,-2.081677198410034,5.499723434448242,0.1934881955385208,-0.09988009184598923,0.036336660385131836,0.0,0.0,12.303882598876953,-2.081677198410034
6.248662948608398,3.0017566680908203,0.0,0.7753147482872009,0.020726218819618225,-0.0,-0.0,-2.077204704284668,5.571638107299805,0.15431848168373108,-0.0714106410741806,0.07517528533935547,0.0,0.0,12.303882598876953,-2.077204704284668
6.2491631507873535,3.0017566680908203,0.0,0.7978733777999878,0.024447442963719368,-0.0,-0.0,-2.069420099258423,5.781376838684082,0.14342117309570312,-0.07520978897809982,0.01764965057373047,0.0,0.0,12.303882598876953,-2.069420099258423
6.249661922454834,3.0017566680908203,0.0,0.797873318195343,0.020726218819618225,-0.0,-0.0,-2.062544107437134,5.9494781494140625,0.2106727957725525,-0.06410925090312958,0.19916033744812012,0.0,0.0,12.303882598876953,-2.062544107437134
6.2501630783081055,3.0017566680908203,0.0,0.794650673866272,0.02258681319653988,-0.0,-0.0,-2.054805278778076,6.149191379547119,0.10082294046878815,-0.06702771037817001,-0.10107755661010742,0.0,0.0,12.303882598876953,-2.054805278778076
6.250661849975586,3.0017566680908203,0.0,0.7962620258331299,0.0011899243108928204,-0.0,-0.0,-2.0500829219818115,6.217988967895508,0.1777237057685852,-0.08029729872941971,0.057240962982177734,0.0,0.0,12.303882598876953,-2.0500829219818115
6.251162052154541,3.0017566680908203,0.0,0.7882053852081299,0.01886562444269657,-0.0,-0.0,-2.040860652923584,6.474946975708008,0.13817329704761505,-0.051437634974718094,0.11633515357971191,0.0,0.0,12.303882598876953,-2.040860652923584
6.251661777496338,3.0017566680908203,0.0,0.8155979514122009,0.016074715182185173,-0.0,-0.0,-2.0320470333099365,6.709395408630371,0.14744383096694946,-0.05984792485833168,0.07822942733764648,0.0,0.0,12.303882598876953,-2.0320470333099365
6.252161979675293,3.0017566680908203,0.0,0.8123753070831299,0.04584433138370514,-0.0,-0.0,-2.0280585289001465,6.736263275146484,0.16319222748279572,-0.04481872171163559,0.19228267669677734,0.0,0.0,12.303882598876953,-2.0280585289001465
6.252662181854248,3.0017566680908203,0.0,0.8139866590499878,0.046774644404649734,-0.0,-0.0,-2.027984857559204,6.597921371459961,0.1847524642944336,-0.0830298438668251,0.03717923164367676,0.0,0.0,12.303882598876953,-2.027984857559204
6.253161907196045,3.0017566680908203,0.0,0.810763955116272,0.03747163712978363,-0.0,-0.0,-2.0270564556121826,6.498331069946289,0.11016596853733063,-0.06349663436412811,-0.06470918655395508,0.0,0.0,12.303882598876953,-2.0270564556121826
6.253662109375,3.0017566680908203,0.0,0.802707314491272,0.01979590393602848,-0.0,-0.0,-2.0298335552215576,6.244534969329834,0.11207490414381027,-0.10354910790920258,-0.28595614433288574,0.0,0.0,12.303882598876953,-2.0298335552215576
6.254161834716797,3.0017566680908203,0.0,0.810763955116272,0.03747163712978363,-0.0,-0.0,-2.0997419357299805,0.013018198311328888,0.10242515802383423,-0.079229436814785,-0.1299877166748047,0.0,0.0,12.303882598876953,-2.0997419357299805
6.2546610832214355,3.0017566680908203,0.0,0.8526585102081299,0.01514443475753069,-0.0,-0.0,-2.1002399921417236,-0.007695751264691353,0.1683034896850586,-0.08590173721313477,0.05775165557861328,0.0,0.0,12.303882598876953,-2.1002399921417236
6.255160808563232,3.0017566680908203,0.0,0.813986599445343,0.03002922609448433,-0.0,-0.0,-2.1010684967041016,-0.0409356951713562,0.19181832671165466,-0.05640197545289993,0.24530577659606934,0.0,0.0,12.303882598876953,-2.1010684967041016
6.2556610107421875,3.0017566680908203,0.0,0.8317112326622009,0.03468072786927223,-0.0,-0.0,-2.099497079849243,0.025527125224471092,0.16537347435951233,-0.10420232266187668,-0.033692121505737305,0.0,0.0,12.303882598876953,-2.099497079849243
6.256161212921143,3.0017566680908203,0.0,0.7882053852081299,0.01886562444269657,-0.0,-0.0,-2.0988686084747314,0.05254799500107765,0.1670115888118744,-0.07047730684280396,0.12931180000305176,0.0,0.0,12.303882598876953,-2.0988686084747314
6.2566609382629395,3.0017566680908203,0.0,0.8381565809249878,0.01421412080526352,-0.0,-0.0,-1.6768275499343872,-0.3689810633659363,0.12429594993591309,-0.08755890280008316,-0.5099236965179443,0.0,0.0,12.303882598876953,-1.6768275499343872
6.2571611404418945,3.0017566680908203,0.0,0.802707314491272,0.016074715182185173,-0.0,-0.0,-1.6915113925933838,-0.9779815673828125,0.1589476615190506,-0.06709622591733932,-0.28021836280822754,0.0,0.0,12.303882598876953,-1.6915113925933838
6.257660865783691,3.0017566680908203,0.0,0.8172093033790588,0.011423211544752121,-0.0,-0.0,-1.7044130563735962,-1.4999189376831055,0.10344883799552917,-0.07153434306383133,-0.4738602638244629,0.0,0.0,12.303882598876953,-1.7044130563735962
6.2581610679626465,3.0017566680908203,0.0,0.7817600965499878,0.017005030065774918,-0.0,-0.0,-1.7247048616409302,-2.3203933238983154,0.14303328096866608,-0.08717431128025055,-0.3958735466003418,0.0,0.0,12.303882598876953,-1.7247048616409302
6.258659839630127,3.0017566680908203,0.0,0.810763955116272,0.013283805921673775,-0.0,-0.0,-1.7350172996520996,-2.7043964862823486,0.20292848348617554,-0.0748962014913559,-0.19104719161987305,0.0,0.0,12.303882598876953,-1.7350172996520996
6.259160041809082,3.0017566680908203,0.0,0.826877236366272,0.03002922609448433,-0.0,-0.0,-1.7477959394454956,-3.184394121170044,0.18704372644424438,-0.055041659623384476,-0.1107180118560791,0.0,0.0,12.303882598876953,-1.7477959394454956
6.259659767150879,3.0017566680908203,0.0,0.8300999402999878,0.028168631717562675,-0.0,-0.0,-1.7594581842422485,-3.6075098514556885,0.13826672732830048,-0.08500181138515472,-0.36527514457702637,0.0,0.0,12.303882598876953,-1.7594581842422485
6.260159969329834,3.0017566680908203,0.0,0.794650673866272,0.03002922609448433,-0.0,-0.0,-1.7783782482147217,-4.325746536254883,0.1705133467912674,-0.10116135329008102,-0.3307034969329834,0.0,0.0,12.303882598876953,-1.7783782482147217
6.260660171508789,3.0017566680908203,0.0,0.7978733777999878,0.02630803734064102,-0.0,-0.0,-1.790952205657959,-4.762778282165527,0.17879082262516022,-0.0670916736125946,-0.14101338386535645,0.0,0.0,12.303882598876953,-1.790952205657959
6.261159896850586,3.0017566680908203,0.0,0.7914280295372009,0.015144400298595428,-0.0,-0.0,-1.8023954629898071,-5.143872261047363,0.17143580317497253,-0.09399280697107315,-0.2727692127227783,0.0,0.0,12.303882598876953,-1.8023954629898071
6.261660099029541,3.0017566680908203,0.0,0.8010959625244141,0.015144400298595428,-0.0,-0.0,-1.8163045644760132,-5.621189594268799,0.13688348233699799,-0.08317365497350693,-0.30364203453063965,0.0,0.0,12.303882598876953,-1.8163045644760132
6.262159824371338,3.0017566680908203,0.0,0.7898167371749878,0.023517128080129623,-0.0,-0.0,-1.825850009918213,-5.904195785522461,0.13891781866550446,-0.08834614604711533,-0.31467223167419434,0.0,0.0,12.303882598876953,-1.825850009918213
6.262659072875977,3.0017566680908203,0.0,0.826877236366272,0.026308001950383186,-0.0,-0.0,-1.834227204322815,-6.131948471069336,0.2262938767671585,-0.07802538573741913,-0.07094168663024902,0.0,0.0,12.303882598876953,-1.834227204322815
6.263158798217773,3.0017566680908203,0.0,0.7962620258331299,0.025377722457051277,-0.0,-0.0,-1.8470598459243774,-6.543471813201904,0.1412886679172516,-0.09753096103668213,-0.33148741722106934,0.0,0.0,12.303882598876953,-1.8470598459243774
6.2636590003967285,3.0017566680908203,0.0,0.7849826812744141,0.018865589052438736,-0.0,-0.0,-1.8573956489562988,-6.840140342712402,0.2213546633720398,-0.0808308869600296,-0.06607723236083984,0.0,0.0,12.303882598876953,-1.8573956489562988
6.264159202575684,3.0017566680908203,0.0,0.7994846701622009,0.02165653370320797,-0.0,-0.0,-1.8648868799209595,-7.011629581451416,0.189069002866745,-0.10626586526632309,-0.22121787071228027,0.0,0.0,12.303882598876953,-1.8648868799209595
6.2646589279174805,3.0017566680908203,0.0,0.7882053852081299,0.017005030065774918,-0.0,-0.0,-1.8749371767044067,-7.286810398101807,0.12532004714012146,-0.071335569024086,-0.21667933464050293,0.0,0.0,12.303882598876953,-1.8749371767044067
6.2651591300964355,3.0017566680908203,0.0,0.818820595741272,0.017935309559106827,-0.0,-0.0,-1.8826960325241089,-7.458996772766113,0.1952410638332367,-0.061894070357084274,0.002432107925415039,0.0,0.0,12.303882598876953,-1.8826960325241089
6.265658855438232,3.0017566680908203,0.0,0.7849826812744141,0.018865589052438736,-0.0,-0.0,-1.8935586214065552,-7.75954008102417,0.16287271678447723,-0.11218465119600296,-0.28417372703552246,0.0,0.0,12.303882598876953,-1.8935586214065552
6.2661590576171875,3.0017566680908203,0.0,0.7962620258331299,0.023517128080129623,-0.0,-0.0,-1.9024797677993774,-7.971036434173584,0.16306942701339722,-0.06976611912250519,-0.07555556297302246,0.0,0.0,12.303882598876953,-1.9024797677993774
6.266657829284668,3.0017566680908203,0.0,0.7849826812744141,0.018865589052438736,-0.0,-0.0,-1.908982276916504,-8.076870918273926,0.18086682260036469,-0.04344804212450981,0.1001584529876709,0.0,0.0,12.303882598876953,-1.908982276916504
6.267158031463623,3.0017566680908203,0.0,0.805929958820343,0.025377722457051277,-0.0,-0.0,-1.9156770706176758,-8.189019203186035,0.14799892902374268,-0.06690654903650284,-0.08277297019958496,0.0,0.0,12.303882598876953,-1.9156770706176758
6.26765775680542,3.0017566680908203,0.0,0.7833713889122009,0.02723831683397293,-0.0,-0.0,-1.9250060319900513,-8.408982276916504,0.2050757259130478,-0.08823833614587784,-0.05515146255493164,0.0,0.0,12.303882598876953,-1.9250060319900513
6.268157958984375,3.0017566680908203,0.0,0.8010959625244141,0.02258681319653988,-0.0,-0.0,-1.9340720176696777,-8.614038467407227,0.10771767050027847,-0.10338689386844635,-0.40618062019348145,0.0,0.0,12.303882598876953,-1.9340720176696777
6.26865816116333,3.0017566680908203,0.0,0.8172092437744141,0.02816859632730484,-0.0,-0.0,-1.941630244255066,-8.750078201293945,0.23724818229675293,-0.08093702048063278,0.039313554763793945,0.0,0.0,12.303882598876953,-1.941630244255066
6.269157886505127,3.0017566680908203,0.0,0.8333225250244141,0.018865589052438736,-0.0,-0.0,-1.9485015869140625,-8.854480743408203,0.1510714292526245,-0.07508587837219238,-0.08687233924865723,0.0,0.0,12.303882598876953,-1.9485015869140625
6.269658088684082,3.0017566680908203,0.0,0.826877236366272,0.026308001950383186,-0.0,-0.0,-1.953920841217041,-8.895841598510742,0.20332226157188416,-0.0889366939663887,-0.03231692314147949,0.0,0.0,12.303882598876953,-1.953920841217041
6.270157814025879,3.0017566680908203,0.0,0.8010960221290588,0.020726218819618225,-0.0,-0.0,-1.9620163440704346,-9.047905921936035,0.18073707818984985,-0.05835586041212082,0.07621216773986816,0.0,0.0,12.303882598876953,-1.9620163440704346
6.270657062530518,3.0017566680908203,0.0,0.826877236366272,0.026308001950383186,-0.0,-0.0,-1.9725492000579834,-9.301600456237793,0.15476953983306885,-0.07462643831968307,-0.050848960876464844,0.0,0.0,12.303882598876953,-1.9725492000579834
6.271158218383789,3.0017566680908203,0.0,0.7914280295372009,0.017005030065774918,-0.0,-0.0,-1.9804643392562866,-9.437755584716797,0.17363779246807098,-0.06656011939048767,0.040640830993652344,0.0,0.0,12.303882598876953,-1.9804643392562866
6.2716569900512695,3.0017566680908203,0.0,0.802707314491272,0.012353491969406605,-0.0,-0.0,-1.9864367246627808,-9.490409851074219,0.20982234179973602,-0.0792691558599472,0.051476240158081055,0.0,0.0,12.303882598876953,-1.9864367246627808
6.272157192230225,3.0017566680908203,0.0,0.810763955116272,0.024447407573461533,-0.0,-0.0,-1.9933063983917236,-9.581062316894531,0.13410638272762299,-0.13887034356594086,-0.38514256477355957,0.0,0.0,12.303882598876953,-1.9933063983917236
6.2726569175720215,3.0017566680908203,0.0,0.826877236366272,0.026308001950383186,-0.0,-0.0,-2.0024750232696533,-9.764972686767578,0.16343525052070618,-0.07948704808950424,-0.024347782135009766,0.0,0.0,12.303882598876953,-2.0024750232696533
6.273157119750977,3.0017566680908203,0.0,0.7898167371749878,0.02909894473850727,-0.0,-0.0,-2.015183925628662,-10.093951225280762,0.11726287752389908,-0.09880276024341583,-0.26023316383361816,0.0,0.0,12.303882598876953,-2.015183925628662
6.273656845092773,3.0017566680908203,0.0,0.7978733777999878,0.01886562444269657,-0.0,-0.0,-2.019766330718994,-10.074043273925781,0.14248646795749664,-0.06716296821832657,0.005156278610229492,0.0,0.0,12.303882598876953,-2.019766330718994
6.2741570472717285,3.0017566680908203,0.0,0.7656468152999878,0.03747163712978363,-0.0,-0.0,-2.025491952896118,-10.102265357971191,0.19237633049488068,-0.08999540656805038,0.013821125030517578,0.0,0.0,12.303882598876953,-2.025491952896118
6.274656772613525,3.0017566680908203,0.0,0.7978733777999878,0.02630803734064102,-0.0,-0.0,-2.0305399894714355,-10.102115631103516,0.2370193600654602,-0.11153773963451385,0.016605615615844727,0.0,0.0,12.303882598876953,-2.0305399894714355
6.2751569747924805,3.0017566680908203,0.0,0.8204319477081299,0.031889818608760834,-0.0,-0.0,-2.0361268520355225,-10.12492561340332,0.17368456721305847,-0.10504089295864105,-0.08231520652770996,0.0,0.0,12.303882598876953,-2.0361268520355225
6.275655746459961,3.0017566680908203,0.0,0.7994846701622009,0.05328674241900444,-0.0,-0.0,-2.1742026805877686,-0.1287192851305008,0.05080639198422432,-0.06870542466640472,-0.33208656311035156,0.0,0.0,12.303882598876953,-2.1742026805877686
6.276155948638916,3.0017566680908203,0.0,0.8139866590499878,-0.0016009847167879343,-0.0,-0.0,-2.176053285598755,-0.2025757133960724,0.16925016045570374,-0.08582281321287155,0.13646721839904785,0.0,0.0,12.303882598876953,-2.176053285598755
6.276656150817871,3.0017566680908203,0.0,0.7882053852081299,0.007702022325247526,-0.0,-0.0,-2.1680781841278076,0.13578909635543823,0.1621081531047821,-0.08123554289340973,0.13334226608276367,0.0,0.0,12.303882598876953,-2.1680781841278076
6.277155876159668,3.0017566680908203,0.0,0.8139866590499878,0.01514443475753069,-0.0,-0.0,-2.160351276397705,0.4572926461696625,0.12679268419742584,-0.06711599975824356,0.10329890251159668,0.0,0.0,12.303882598876953,-2.160351276397705
6.277656078338623,3.0017566680908203,0.0,0.802707314491272,0.01979590393602848,-0.0,-0.0,-2.154346466064453,0.6995152235031128,0.17289330065250397,-0.10408754646778107,0.04204583168029785,0.0,0.0,12.303882598876953,-2.154346466064453
6.27815580368042,3.0017566680908203,0.0,0.851047158241272,0.04584433138370514,-0.0,-0.0,-2.1480610370635986,0.9487500190734863,0.1768626570701599,-0.08643675595521927,0.12351274490356445,0.0,0.0,12.303882598876953,-2.1480610370635986
6.278656005859375,3.0017566680908203,0.0,0.810763955116272,0.02258681319653988,-0.0,-0.0,-2.1433987617492676,1.1264119148254395,0.19714269042015076,-0.0812191441655159,0.18295073509216309,0.0,0.0,12.303882598876953,-2.1433987617492676
6.27915620803833,3.0017566680908203,0.0,0.786594033241272,0.01421412080526352,-0.0,-0.0,-2.1369612216949463,1.3734419345855713,0.22083500027656555,-0.08039490878582001,0.218400239944458,0.0,0.0,12.303882598876953,-2.1369612216949463
6.2796549797058105,3.0017566680908203,0.0,0.7882053852081299,0.02258681319653988,-0.0,-0.0,-2.128734588623047,1.6898213624954224,0.1005171611905098,-0.06613953411579132,-0.02357029914855957,0.0,0.0,12.303882598876953,-2.128734588623047
6.280155181884766,3.0017566680908203,0.0,0.810763955116272,0.028168631717562675,-0.0,-0.0,-2.123828649520874,1.860395073890686,0.1345096081495285,-0.056185752153396606,0.15863776206970215,0.0,0.0,12.303882598876953,-2.123828649520874
6.2806549072265625,3.0017566680908203,0.0,0.842990517616272,0.009562617167830467,-0.0,-0.0,-2.117225170135498,2.098576545715332,0.15825393795967102,-0.10573827475309372,-0.04208040237426758,0.0,0.0,12.303882598876953,-2.117225170135498
6.281155109405518,3.0017566680908203,0.0,0.7769261002540588,0.03468072786927223,-0.0,-0.0,-2.1170654296875,2.062333345413208,0.16560474038124084,-0.06519859284162521,0.17261505126953125,0.0,0.0,12.303882598876953,-2.1170654296875
6.2816548347473145,3.0017566680908203,0.0,0.7930393218994141,0.023517092689871788,-0.0,-0.0,-2.1141676902770996,2.140188217163086,0.17889373004436493,-0.09746479243040085,0.04541754722595215,0.0,0.0,12.303882598876953,-2.1141676902770996
6.2821550369262695,3.0017566680908203,0.0,0.802707314491272,0.016074715182185173,-0.0,-0.0,-2.107452154159546,2.377453327178955,0.1399204581975937,-0.07029666006565094,0.07218098640441895,0.0,0.0,12.303882598876953,-2.107452154159546
6.282654762268066,3.0017566680908203,0.0,0.8043186664581299,0.02258681319653988,-0.0,-0.0,-2.1021339893341064,2.551023244857788,0.17683477699756622,-0.07665856927633286,0.12365365028381348,0.0,0.0,12.303882598876953,-2.1021339893341064
6.2831549644470215,3.0017566680908203,0.0,0.7978733777999878,0.022586846724152565,-0.0,-0.0,-2.100813627243042,2.552621364593506,0.14269721508026123,-0.061548005789518356,0.1241769790649414,0.0,0.0,12.303882598876953,-2.100813627243042
6.28365421295166,3.0017566680908203,0.0,0.7978733777999878,0.02630803734064102,-0.0,-0.0,-2.0934195518493652,2.810011386871338,0.16185730695724487,-0.07822285592556,0.07368350028991699,0.0,0.0,12.303882598876953,-2.0934195518493652
6.284154891967773,3.0017566680908203,0.0,0.7672581076622009,0.04212314262986183,-0.0,-0.0,-2.0910274982452393,2.8513455390930176,0.14101850986480713,-0.1096622571349144,-0.1403656005859375,0.0,0.0,12.303882598876953,-2.0910274982452393
6.284654140472412,3.0017566680908203,0.0,0.802707314491272,0.029098911210894585,-0.0,-0.0,-2.085773229598999,3.0127153396606445,0.2051064819097519,-0.08443022519350052,0.1260068416595459,0.0,0.0,12.303882598876953,-2.085773229598999
6.285153865814209,3.0017566680908203,0.0,0.8091526031494141,0.021656498312950134,-0.0,-0.0,-2.0796542167663574,3.2063353061676025,0.14172373712062836,-0.05336993187665939,0.15040278434753418,0.0,0.0,12.303882598876953,-2.0796542167663574
6.285654067993164,3.0017566680908203,0.0,0.7833713889122009,0.029098911210894585,-0.0,-0.0,-2.0758302211761475,3.299121379852295,0.12181297689676285,-0.08216430246829987,-0.0876471996307373,0.0,0.0,12.303882598876953,-2.0758302211761475
6.286153793334961,3.0017566680908203,0.0,0.8172092437744141,0.005841393489390612,-0.0,-0.0,-2.071978807449341,3.3915810585021973,0.13938668370246887,-0.09054064750671387,-0.0740659236907959,0.0,0.0,12.303882598876953,-2.071978807449341
6.286653995513916,3.0017566680908203,0.0,0.8172093033790588,0.04863524064421654,-0.0,-0.0,-2.064999580383301,3.613588571548462,0.18019120395183563,-0.07618697732686996,0.09579277038574219,0.0,0.0,12.303882598876953,-2.064999580383301
6.287154197692871,3.0017566680908203,0.0,0.8397678732872009,0.024447407573461533,-0.0,-0.0,-2.0599076747894287,3.7527058124542236,0.22163604199886322,-0.07845756411552429,0.15076541900634766,0.0,0.0,12.303882598876953,-2.0599076747894287
6.287652969360352,3.0017566680908203,0.0,0.8204319477081299,0.01886562444269657,-0.0,-0.0,-2.0560779571533203,3.8341550827026367,0.08803939074277878,-0.07318995893001556,-0.20786571502685547,0.0,0.0,12.303882598876953,-2.0560779571533203
6.288154125213623,3.0017566680908203,0.0,0.8139866590499878,0.01886562444269657,-0.0,-0.0,-2.057960271835327,3.674663543701172,0.16895657777786255,-0.09813572466373444,-0.03797769546508789,0.0,0.0,12.303882598876953,-2.057960271835327
6.2886528968811035,3.0017566680908203,0.0,0.7930393815040588,0.025377722457051277,-0.0,-0.0,-2.0544257164001465,3.7464447021484375,0.13770486414432526,-0.07206455618143082,0.0027556419372558594,0.0,0.0,12.303882598876953,-2.0544257164001465
6.289153099060059,3.0017566680908203,0.0,0.810763955116272,0.02258681319653988,-0.0,-0.0,-2.052220582962036,3.7604434490203857,0.15097513794898987,-0.0557071678340435,0.12973594665527344,0.0,0.0,12.303882598876953,-2.052220582962036
6.2896528244018555,3.0017566680908203,0.0,0.8091526031494141,0.02723831683397293,-0.0,-0.0,-2.046232223510742,3.933312177658081,0.1815970540046692,-0.06669006496667862,0.125319242477417,0.0,0.0,12.303882598876953,-2.046232223510742
6.2901530265808105,3.0017566680908203,0.0,0.794650673866272,0.01886562444269657,-0.0,-0.0,-2.0442392826080322,3.935112714767456,0.17587220668792725,-0.06603953242301941,0.11603355407714844,0.0,0.0,12.303882598876953,-2.0442392826080322
6.290652751922607,3.0017566680908203,0.0,0.8172093033790588,0.020726218819618225,-0.0,-0.0,-2.0415148735046387,3.9662299156188965,0.1947312206029892,-0.09451454877853394,0.02025914192199707,0.0,0.0,12.303882598876953,-2.0415148735046387
6.2911529541015625,3.0017566680908203,0.0,0.8317112326622009,0.012353525497019291,-0.0,-0.0,-2.037541389465332,4.049798011779785,0.19385209679603577,-0.08130332082509995,0.07126736640930176,0.0,0.0,12.303882598876953,-2.037541389465332
6.291652202606201,3.0017566680908203,0.0,0.8204319477081299,0.01886562444269657,-0.0,-0.0,-2.033874750137329,4.118999004364014,0.18881277740001678,-0.08414328843355179,0.04541587829589844,0.0,0.0,12.303882598876953,-2.033874750137329
6.2921528816223145,3.0017566680908203,0.0,0.842990517616272,0.026308001950383186,-0.0,-0.0,-2.0296480655670166,4.209924697875977,0.15980535745620728,-0.0814051628112793,-0.01093149185180664,0.0,0.0,12.303882598876953,-2.0296480655670166
6.292652130126953,3.0017566680908203,0.0,0.8059300184249878,0.017935343086719513,-0.0,-0.0,-2.0282769203186035,4.1789398193359375,0.08069977164268494,-0.06917345523834229,-0.25081753730773926,0.0,0.0,12.303882598876953,-2.0282769203186035
6.29315185546875,3.0017566680908203,0.0,0.826877236366272,0.017004994675517082,-0.0,-0.0,-2.027698040008545,4.116451740264893,0.17007459700107574,-0.059672921895980835,0.1213376522064209,0.0,0.0,12.303882598876953,-2.027698040008545
6.293652057647705,3.0017566680908203,0.0,0.8043186664581299,0.02258681319653988,-0.0,-0.0,-2.020817279815674,4.319143772125244,0.20179863274097443,-0.08311039954423904,0.061037540435791016,0.0,0.0,12.303882598876953,-2.020817279815674
6.294151782989502,3.0017566680908203,0.0,0.7962620258331299,0.012353525497019291,-0.0,-0.0,-2.0176830291748047,4.360579013824463,0.17808501422405243,-0.06501269340515137,0.09872055053710938,0.0,0.0,12.303882598876953,-2.0176830291748047
6.294651985168457,3.0017566680908203,0.0,0.834933876991272,0.036541324108839035,-0.0,-0.0,-2.0129220485687256,4.468443393707275,0.18116889894008636,-0.0939222052693367,-0.034807682037353516,0.0,0.0,12.303882598876953,-2.0129220485687256
6.295152187347412,3.0017566680908203,0.0,0.802707314491272,0.021656498312950134,-0.0,-0.0,-2.013615369796753,4.3459978103637695,0.14283590018749237,-0.08112027496099472,-0.07253789901733398,0.0,0.0,12.303882598876953,-2.013615369796753
6.295651912689209,3.0017566680908203,0.0,0.7978733777999878,0.035611044615507126,-0.0,-0.0,-2.0097689628601074,4.416787147521973,0.18413181602954865,-0.06967643648386002,0.07902264595031738,0.0,0.0,12.303882598876953,-2.0097689628601074
6.296152114868164,3.0017566680908203,0.0,0.7688694000244141,0.017004994675517082,-0.0,-0.0,-2.0120232105255127,4.228625774383545,0.1118498295545578,-0.10058361291885376,-0.29099440574645996,0.0,0.0,12.303882598876953,-2.0120232105255127
6.2966508865356445,3.0017566680908203,0.0,0.778537392616272,0.031889818608760834,-0.0,-0.0,-2.0051422119140625,4.429743766784668,0.17987404763698578,-0.04327487573027611,0.20056414604187012,0.0,0.0,12.303882598876953,-2.0051422119140625
6.2971510887146,3.0017566680908203,0.0,0.8075413107872009,0.011423211544752121,-0.0,-0.0,-2.0063633918762207,4.2851786613464355,0.10934345424175262,-0.05957312509417534,-0.06212639808654785,0.0,0.0,12.303882598876953,-2.0063633918762207
6.2976508140563965,3.0017566680908203,0.0,0.8365452289581299,0.031889818608760834,-0.0,-0.0,-2.004619598388672,4.267688751220703,0.16456463932991028,-0.08940411359071732,-0.0626828670501709,0.0,0.0,12.303882598876953,-2.004619598388672
6.298151016235352,3.0017566680908203,0.0,0.8413792252540588,0.025377722457051277,-0.0,-0.0,-2.0075225830078125,4.057145595550537,0.17869031429290771,-0.07586536556482315,0.03673148155212402,0.0,0.0,12.303882598876953,-2.0075225830078125
6.298651218414307,3.0017566680908203,0.0,0.794650673866272,0.02258681319653988,-0.0,-0.0,-2.0044543743133545,4.101970195770264,0.19816374778747559,-0.06726210564374924,0.10825324058532715,0.0,0.0,12.303882598876953,-2.0044543743133545
6.2991509437561035,3.0017566680908203,0.0,0.7672581076622009,0.03468072786927223,-0.0,-0.0,-2.005415916442871,3.9755208492279053,0.15718477964401245,-0.07421539723873138,-0.005200862884521484,0.0,0.0,12.303882598876953,-2.005415916442871
6.299651145935059,3.0017566680908203,0.0,0.8204319477081299,0.03375044837594032,-0.0,-0.0,-1.9983257055282593,4.190189361572266,0.19847536087036133,-0.06850513070821762,0.09697794914245605,0.0,0.0,12.303882598876953,-1.9983257055282593
6.3001508712768555,3.0017566680908203,0.0,0.8284885883331299,0.017935309559106827,-0.0,-0.0,-1.995063066482544,4.239740371704102,0.18083445727825165,-0.07296491414308548,0.04234576225280762,0.0,0.0,12.303882598876953,-1.995063066482544
6.300650119781494,3.0017566680908203,0.0,0.7753147482872009,0.003980799112468958,-0.0,-0.0,-1.9957932233810425,4.120116710662842,0.22894932329654694,-0.09445921331644058,0.03521609306335449,0.0,0.0,12.303882598876953,-1.9957932233810425
6.301149845123291,3.0017566680908203,0.0,0.8381565809249878,0.023517128080129623,-0.0,-0.0,-1.9911565780639648,4.227584362030029,0.17062146961688995,-0.07281376421451569,0.018489599227905273,0.0,0.0,12.303882598876953,-1.9911565780639648
6.301650047302246,3.0017566680908203,0.0,0.8043186664581299,0.028168631717562675,-0.0,-0.0,-1.9917832612991333,4.113492012023926,0.1514810174703598,-0.08664116263389587,-0.09759712219238281,0.0,0.0,12.303882598876953,-1.9917832612991333
6.302149772644043,3.0017566680908203,0.0,0.8252659440040588,0.016074715182185173,-0.0,-0.0,-1.98915696144104,4.137931823730469,0.19577482342720032,-0.0806441456079483,0.029119253158569336,0.0,0.0,12.303882598876953,-1.98915696144104
6.302649974822998,3.0017566680908203,0.0,0.7914280295372009,0.02630803734064102,-0.0,-0.0,-1.9884504079818726,4.081040859222412,0.13142867386341095,-0.059782397001981735,-0.007911443710327148,0.0,0.0,12.303882598876953,-1.9884504079818726
6.303150177001953,3.0017566680908203,0.0,0.834933876991272,0.023517128080129623,-0.0,-0.0,-1.9867172241210938,4.067995548248291,0.16636225581169128,-0.07333901524543762,0.0020759105682373047,0.0,0.0,12.303882598876953,-1.9867172241210938
6.30364990234375,3.0017566680908203,0.0,0.7962620258331299,0.023517128080129623,-0.0,-0.0,-1.9879958629608154,3.929206609725952,0.1803196370601654,-0.08265779167413712,-0.011352300643920898,0.0,0.0,12.303882598876953,-1.9879958629608154
6.304150104522705,3.0017566680908203,0.0,0.7882053852081299,0.017005030065774918,-0.0,-0.0,-1.986228108406067,3.920867919921875,0.20400647819042206,-0.08849216997623444,0.007493734359741211,0.0,0.0,12.303882598876953,-1.986228108406067
6.3046488761901855,3.0017566680908203,0.0,0.8155979514122009,0.004911113530397415,-0.0,-0.0,-1.9858675003051758,3.8532209396362305,0.21234749257564545,-0.10254357755184174,-0.033663034439086914,0.0,0.0,12.303882598876953,-1.9858675003051758
6.305150032043457,3.0017566680908203,0.0,0.8300999402999878,0.01886562444269657,-0.0,-0.0,-1.9847502708435059,3.8191280364990234,0.16358119249343872,-0.07368000596761703,-0.008008480072021484,0.0,0.0,12.303882598876953,-1.9847502708435059
6.3056488037109375,3.0017566680908203,0.0,0.8333225250244141,0.02258681319653988,-0.0,-0.0,-1.9894272089004517,3.5416553020477295,0.13516540825366974,-0.10135804116725922,-0.22455286979675293,0.0,0.0,12.303882598876953,-1.9894272089004517
6.306149005889893,3.0017566680908203,0.0,0.8139866590499878,0.03188985586166382,-0.0,-0.0,-1.9954725503921509,3.214690685272217,0.18145976960659027,-0.07793201506137848,0.020179271697998047,0.0,0.0,12.303882598876953,-1.9954725503921509
6.306649208068848,3.0017566680908203,0.0,0.7994846701622009,0.01979590393602848,-0.0,-0.0,-1.99724280834198,3.073720932006836,0.1811278760433197,-0.08533848077058792,-0.012885570526123047,0.0,0.0,12.303882598876953,-1.99724280834198
6.3071489334106445,3.0017566680908203,0.0,0.8139866590499878,0.017005030065774918,-0.0,-0.0,-1.9945337772369385,3.1226518154144287,0.18612371385097504,-0.08145453035831451,0.01230478286743164,0.0,0.0,12.303882598876953,-1.9945337772369385
6.3076491355896,3.0017566680908203,0.0,0.8043186664581299,0.02258681319653988,-0.0,-0.0,-1.9893821477890015,3.273571252822876,0.19647158682346344,-0.08172407001256943,0.02559638023376465,0.0,0.0,12.303882598876953,-1.9893821477890015
6.3081488609313965,3.0017566680908203,0.0,0.8300999402999878,0.01886562444269657,-0.0,-0.0,-1.9872431755065918,3.2949798107147217,0.2341233789920807,-0.09488897770643234,0.03261923789978027,0.0,0.0,12.303882598876953,-1.9872431755065918
6.308648109436035,3.0017566680908203,0.0,0.8236545920372009,0.035611044615507126,-0.0,-0.0,-1.9825726747512817,3.422565460205078,0.2194162905216217,-0.06700483709573746,0.11702370643615723,0.0,0.0,12.303882598876953,-1.9825726747512817
6.309148788452148,3.0017566680908203,0.0,0.8381565809249878,0.023517128080129623,-0.0,-0.0,-1.9796791076660156,3.4727683067321777,0.23326809704303741,-0.09186902642250061,0.03500676155090332,0.0,0.0,12.303882598876953,-1.9796791076660156
6.309648036956787,3.0017566680908203,0.0,0.7849826812744141,0.0002595754340291023,-0.0,-0.0,-1.9804292917251587,3.368173599243164,0.09966055303812027,-0.052415672689676285,-0.07373785972595215,0.0,0.0,12.303882598876953,-1.9804292917251587
6.310147762298584,3.0017566680908203,0.0,0.810763955116272,0.02258681319653988,-0.0,-0.0,-1.9791674613952637,3.350036382675171,0.1474042683839798,-0.04226255416870117,0.1308133602142334,0.0,0.0,12.303882598876953,-1.9791674613952637
6.310647964477539,3.0017566680908203,0.0,0.8123753070831299,0.030959540978074074,-0.0,-0.0,-1.9765866994857788,3.388249635696411,0.1935316026210785,-0.07521436363458633,0.03639578819274902,0.0,0.0,12.303882598876953,-1.9765866994857788
6.311148166656494,3.0017566680908203,0.0,0.7978733777999878,0.013283840380609035,-0.0,-0.0,-1.9780312776565552,3.25685453414917,0.2201303243637085,-0.07325264811515808,0.08744335174560547,0.0,0.0,12.303882598876953,-1.9780312776565552
6.311647891998291,3.0017566680908203,0.0,0.794650673866272,0.028168631717562675,-0.0,-0.0,-1.974209189414978,3.3491687774658203,0.20867130160331726,-0.06527083367109299,0.10180354118347168,0.0,0.0,12.303882598876953,-1.974209189414978
6.312148094177246,3.0017566680908203,0.0,0.8300999402999878,0.01886562444269657,-0.0,-0.0,-1.9740262031555176,3.2869925498962402,0.22541405260562897,-0.08344371616840363,0.04999661445617676,0.0,0.0,12.303882598876953,-1.9740262031555176
6.312646865844727,3.0017566680908203,0.0,0.8091526031494141,0.029098911210894585,-0.0,-0.0,-1.9759904146194458,3.135280132293701,0.18966113030910492,-0.09093794971704483,-0.04102635383605957,0.0,0.0,12.303882598876953,-1.9759904146194458
6.313148021697998,3.0017566680908203,0.0,0.8010959625244141,0.018865589052438736,-0.0,-0.0,-1.9757083654403687,3.081634044647217,0.17525088787078857,-0.0552261583507061,0.10108637809753418,0.0,0.0,12.303882598876953,-1.9757083654403687
6.3136467933654785,3.0017566680908203,0.0,0.8220432996749878,0.008632336743175983,-0.0,-0.0,-1.9758741855621338,3.009087324142456,0.17797981202602386,-0.08046463131904602,-0.01859569549560547,0.0,0.0,12.303882598876953,-1.9758741855621338
6.314146995544434,3.0017566680908203,0.0,0.8091526031494141,0.01979590393602848,-0.0,-0.0,-1.9747127294540405,2.994797945022583,0.21375901997089386,-0.07504546642303467,0.0675652027130127,0.0,0.0,12.303882598876953,-1.9747127294540405
6.314647197723389,3.0017566680908203,0.0,0.818820595741272,0.025377722457051277,-0.0,-0.0,-1.974049687385559,2.9593207836151123,0.19664913415908813,-0.07625138759613037,0.034479379653930664,0.0,0.0,12.303882598876953,-1.974049687385559
6.3151469230651855,3.0017566680908203,0.0,0.7978733777999878,0.01514443475753069,-0.0,-0.0,-1.9753568172454834,2.8424718379974365,0.15273389220237732,-0.05393282324075699,0.06633734703063965,0.0,0.0,12.303882598876953,-1.9753568172454834
6.315647125244141,3.0017566680908203,0.0,0.7833713889122009,0.030959540978074074,-0.0,-0.0,-1.970267653465271,2.9960689544677734,0.18428659439086914,-0.08335037529468536,-0.024385690689086914,0.0,0.0,12.303882598876953,-1.970267653465271
6.3161468505859375,3.0017566680908203,0.0,0.8139866590499878,0.017005030065774918,-0.0,-0.0,-1.9685949087142944,3.0034828186035156,0.18762429058551788,-0.07266069948673248,0.029441356658935547,0.0,0.0,12.303882598876953,-1.9685949087142944
6.316647052764893,3.0017566680908203,0.0,0.8075413107872009,0.020726218819618225,-0.0,-0.0,-1.9688711166381836,2.9279072284698486,0.1709623634815216,-0.10866522043943405,-0.16784310340881348,0.0,0.0,12.303882598876953,-1.9688711166381836
6.3171467781066895,3.0017566680908203,0.0,0.810763955116272,0.009562617167830467,-0.0,-0.0,-1.9696835279464722,2.832321882247925,0.1679837703704834,-0.10204065591096878,-0.14665675163269043,0.0,0.0,12.303882598876953,-1.9696835279464722
6.317646026611328,3.0017566680908203,0.0,0.802707314491272,0.016074715182185173,-0.0,-0.0,-1.973875880241394,2.595714807510376,0.08793231844902039,-0.07675930857658386,-0.3150327205657959,0.0,0.0,12.303882598876953,-1.973875880241394
6.318145751953125,3.0017566680908203,0.0,0.8043186664581299,0.01514443475753069,-0.0,-0.0,-1.9747908115386963,2.5034730434417725,0.20734934508800507,-0.08368374407291412,0.02132248878479004,0.0,0.0,12.303882598876953,-1.9747908115386963
6.31864595413208,3.0017566680908203,0.0,0.8172092437744141,0.024447407573461533,-0.0,-0.0,-1.9738174676895142,2.4909963607788086,0.11815935373306274,-0.11461501568555832,-0.3678600788116455,0.0,0.0,12.303882598876953,-1.9738174676895142
6.319146156311035,3.0017566680908203,0.0,0.802707314491272,0.010492896661162376,-0.0,-0.0,-1.983810544013977,2.0198850631713867,0.16991855204105377,-0.06497818976640701,0.04864168167114258,0.0,0.0,12.303882598876953,-1.983810544013977
6.319645881652832,3.0017566680908203,0.0,0.7898167371749878,0.02165653370320797,-0.0,-0.0,-1.9870961904525757,1.8386807441711426,0.10612603276968002,-0.08212380856275558,-0.24268269538879395,0.0,0.0,12.303882598876953,-1.9870961904525757
6.320146083831787,3.0017566680908203,0.0,0.8043186664581299,0.017005030065774918,-0.0,-0.0,-1.98505699634552,1.8864680528640747,0.2153823971748352,-0.052859824150800705,0.17495489120483398,0.0,0.0,12.303882598876953,-1.98505699634552
6.320645809173584,3.0017566680908203,0.0,0.8010959625244141,0.005841393489390612,-0.0,-0.0,-1.9831056594848633,1.928314208984375,0.235592782497406,-0.06337832659482956,0.1507880687713623,0.0,0.0,12.303882598876953,-1.9831056594848633
6.321146011352539,3.0017566680908203,0.0,0.8300999402999878,0.01886562444269657,-0.0,-0.0,-1.9832873344421387,1.8799995183944702,0.1719435453414917,-0.048317134380340576,0.13976120948791504,0.0,0.0,12.303882598876953,-1.9832873344421387
6.3216447830200195,3.0017566680908203,0.0,0.7801487445831299,0.02723831683397293,-0.0,-0.0,-1.9865387678146362,1.7024543285369873,0.144687682390213,-0.10218032449483871,-0.19940781593322754,0.0,0.0,12.303882598876953,-1.9865387678146362
6.322144985198975,3.0017566680908203,0.0,0.794650673866272,0.013283805921673775,-0.0,-0.0,-1.9872794151306152,1.6356770992279053,0.14649106562137604,-0.0744805708527565,-0.053565263748168945,0.0,0.0,12.303882598876953,-1.9872794151306152
6.32264518737793,3.0017566680908203,0.0,0.7914280295372009,0.024447407573461533,-0.0,-0.0,-1.9882586002349854,1.5602854490280151,0.109899140894413,-0.07180465012788773,-0.16143250465393066,0.0,0.0,12.303882598876953,-1.9882586002349854
6.323144912719727,3.0017566680908203,0.0,0.7978733777999878,0.022586846724152565,-0.0,-0.0,-1.9901933670043945,1.4462119340896606,0.1485007256269455,-0.07344165444374084,-0.03956794738769531,0.0,0.0,12.303882598876953,-1.9901933670043945
6.323645114898682,3.0017566680908203,0.0,0.8091526031494141,0.021656498312950134,6.280208110809326,-10.748614311218262,-1.9932056665420532,1.2889076471328735,0.13019399344921112,-0.08302062004804611,-0.14542651176452637,0.0,0.0,12.303882598876953,-1.9902279376983643
6.3241448402404785,3.0017566680908203,0.0,0.8091526031494141,0.021656498312950134,6.274833679199219,-10.748614311218262,-1.9927338361740112,1.2820408344268799,0.16030138731002808,-0.061953142285346985,0.05379343032836914,0.0,0.0,12.303882598876953,-1.984381914138794
6.324645042419434,3.0017566680908203,0.0,0.7930393218994141,0.03282010182738304,0.0029744505882263184,10.737865447998047,-1.9911433458328247,1.3223518133163452,0.16004452109336853,-0.04615725576877594,0.1405925750732422,0.0,0.0,12.303882598876953,-1.9941177368164062
6.3251447677612305,3.0017566680908203,0.0,0.7882053852081299,0.013283805921673775,0.008343398571014404,10.737865447998047,-1.9915133714675903,1.2789798974990845,0.16255365312099457,-0.05851224809885025,0.0759439468383789,0.0,0.0,12.303882598876953,-1.99985671043396
6.325644016265869,3.0017566680908203,0.0,0.8252658843994141,0.021656498312950134,-0.0,-0.0,-1.9906771183013916,1.287418246269226,0.21654517948627472,-0.07754653692245483,0.0767514705657959,0.0,0.0,12.303882598876953,-1.9906771183013916
6.326145172119141,3.0017566680908203,0.0,0.8317112326622009,0.01979590393602848,-0.0,-0.0,-1.9888941049575806,1.335872769355774,0.1773163378238678,-0.060393162071704865,0.09064984321594238,0.0,0.0,12.303882598876953,-1.9888941049575806
6.326643943786621,3.0017566680908203,0.0,0.818820595741272,0.025377722457051277,-0.0,-0.0,-1.9854263067245483,1.454062819480896,0.11640546470880508,-0.03130896016955376,0.15300822257995605,0.0,0.0,12.303882598876953,-1.9854263067245483
6.327144145965576,3.0017566680908203,0.0,0.8172092437744141,0.03375041484832764,-0.0,-0.0,-1.9864709377288818,1.379767894744873,0.1805771291255951,-0.08665627241134644,-0.031423330307006836,0.0,0.0,12.303882598876953,-1.9864709377288818
6.327643871307373,3.0017566680908203,0.0,0.8139866590499878,0.022586846724152565,-0.0,-0.0,-1.9908900260925293,1.1646162271499634,0.11403152346611023,-0.08937182277441025,-0.24529552459716797,0.0,0.0,12.303882598876953,-1.9908900260925293
6.328144073486328,3.0017566680908203,0.0,0.8091526031494141,0.003050484461709857,-0.0,-0.0,-1.9916750192642212,1.1078925132751465,0.19226139783859253,-0.07469848543405533,0.05088496208190918,0.0,0.0,12.303882598876953,-1.9916750192642212
6.328643798828125,3.0017566680908203,0.0,0.8091526031494141,0.03282010182738304,-0.0,-0.0,-1.9879504442214966,1.2408512830734253,0.23059701919555664,-0.09805415570735931,0.015577077865600586,0.0,0.0,12.303882598876953,-1.9879504442214966
6.32914400100708,3.0017566680908203,0.0,0.8607151508331299,0.03282013535499573,-0.0,-0.0,-1.9898827075958252,1.1336541175842285,0.14903701841831207,-0.0823090597987175,-0.085479736328125,0.0,0.0,12.303882598876953,-1.9898827075958252
6.3296427726745605,3.0017566680908203,0.0,0.8172092437744141,0.024447407573461533,-0.0,-0.0,-1.9956456422805786,0.8693143129348755,0.1904631406068802,-0.07950292527675629,0.029832124710083008,0.0,0.0,12.303882598876953,-1.9956456422805786
6.330143928527832,3.0017566680908203,0.0,0.8236545920372009,0.009562617167830467,-0.0,-0.0,-1.994193434715271,0.9120599627494812,0.21215708553791046,-0.09585186839103699,-0.00064849853515625,0.0,0.0,12.303882598876953,-1.994193434715271
6.330643177032471,3.0017566680908203,0.0,0.8172092437744141,0.024447407573461533,-0.0,-0.0,-1.9948368072509766,0.8654088377952576,0.15554864704608917,-0.0965905636548996,-0.13191676139831543,0.0,0.0,12.303882598876953,-1.9948368072509766
6.331142902374268,3.0017566680908203,0.0,0.7575901746749878,0.03654135763645172,-0.0,-0.0,-1.9972773790359497,0.7449909448623657,0.1718880981206894,-0.08136478811502457,-0.015444040298461914,0.0,0.0,12.303882598876953,-1.9972773790359497
6.331643104553223,3.0017566680908203,0.0,0.8043186664581299,0.031889818608760834,-0.0,-0.0,-1.9971340894699097,0.7357178330421448,0.16219203174114227,-0.05748360976576805,0.08633971214294434,0.0,0.0,12.303882598876953,-1.9971340894699097
6.3321428298950195,3.0017566680908203,0.0,0.826877236366272,0.017004994675517082,-0.0,-0.0,-1.9956774711608887,0.7820279598236084,0.21409140527248383,-0.08443207293748856,0.04970288276672363,0.0,0.0,12.303882598876953,-1.9956774711608887
6.332643032073975,3.0017566680908203,0.0,0.8236545920372009,0.03002922609448433,-0.0,-0.0,-1.995194911956787,0.7850831747055054,0.1939833164215088,-0.09004838019609451,-0.009986639022827148,0.0,0.0,12.303882598876953,-1.995194911956787
6.3331427574157715,3.0017566680908203,0.0,0.7882053852081299,0.024447442963719368,-0.0,-0.0,-1.998917579650879,0.6121304035186768,0.12592636048793793,-0.06749828159809113,-0.06398415565490723,0.0,0.0,12.303882598876953,-1.998917579650879
6.33364200592041,3.0017566680908203,0.0,0.7898167371749878,0.03282013535499573,-0.0,-0.0,-1.998977541923523,0.5967131853103638,0.20652300119400024,-0.07205985486507416,0.09305787086486816,0.0,0.0,12.303882598876953,-1.998977541923523
6.334143161773682,3.0017566680908203,0.0,0.8300999402999878,0.01886562444269657,-0.0,-0.0,-1.9977588653564453,0.6356737613677979,0.2093162089586258,-0.08108966052532196,0.05781674385070801,0.0,0.0,12.303882598876953,-1.9977588653564453
6.334641933441162,3.0017566680908203,0.0,0.794650673866272,0.026308001950383186,-0.0,-0.0,-2.0017950534820557,0.4524408280849457,0.16949677467346191,-0.09661312401294708,-0.08728384971618652,0.0,0.0,12.303882598876953,-2.0017950534820557
6.335142135620117,3.0017566680908203,0.0,0.8300999402999878,0.01886562444269657,-0.0,-0.0,-2.000271797180176,0.5075283050537109,0.22338730096817017,-0.07369356602430344,0.11146092414855957,0.0,0.0,12.303882598876953,-2.000271797180176
6.335641860961914,3.0017566680908203,0.0,0.7833713889122009,0.0011898898519575596,-0.0,-0.0,-2.0022571086883545,0.41320595145225525,0.18675296008586884,-0.08491571992635727,0.0048673152923583984,0.0,0.0,12.303882598876953,-2.0022571086883545
6.336142063140869,3.0017566680908203,0.0,0.7753147482872009,0.024447407573461533,-0.0,-0.0,-1.9991304874420166,0.5349574089050293,0.16953012347221375,-0.09620393812656403,-0.08801531791687012,0.0,0.0,12.303882598876953,-1.9991304874420166
6.336641788482666,3.0017566680908203,0.0,0.7962620258331299,0.023517128080129623,-0.0,-0.0,-2.0034940242767334,0.3399140238761902,0.17248095571994781,-0.08021771162748337,-0.0025243759155273438,0.0,0.0,12.303882598876953,-2.0034940242767334
6.337141990661621,3.0017566680908203,0.0,0.7978733777999878,0.017005030065774918,-0.0,-0.0,-2.003469705581665,0.3335559070110321,0.14701251685619354,-0.0792495608329773,-0.06188464164733887,0.0,0.0,12.303882598876953,-2.003469705581665
6.337642192840576,3.0017566680908203,0.0,0.7914280295372009,0.02630803734064102,-0.0,-0.0,-1.9986391067504883,0.5292232632637024,0.22619958221912384,-0.08260894566774368,0.07819151878356934,0.0,0.0,12.303882598876953,-1.9986391067504883
6.338141918182373,3.0017566680908203,0.0,0.8010959625244141,0.009562582708895206,-0.0,-0.0,-1.99674391746521,0.5976740717887878,0.21840956807136536,-0.08271715044975281,0.06438374519348145,0.0,0.0,12.303882598876953,-1.99674391746521
6.338641166687012,3.0017566680908203,0.0,0.810763955116272,0.024447407573461533,-0.0,-0.0,-1.996565580368042,0.5917357206344604,0.13712376356124878,-0.07468563318252563,-0.07307219505310059,0.0,0.0,12.303882598876953,-1.996565580368042
6.339140892028809,3.0017566680908203,0.0,0.794650673866272,0.028168631717562675,-0.0,-0.0,-1.9989428520202637,0.4797477722167969,0.14202375710010529,-0.05533742904663086,0.05700564384460449,0.0,0.0,12.303882598876953,-1.9989428520202637
6.339641094207764,3.0017566680908203,0.0,0.8333225250244141,0.03375041484832764,-0.0,-0.0,-1.9996793270111084,0.43836984038352966,0.09774353355169296,-0.06612064689397812,-0.166426420211792,0.0,0.0,12.303882598876953,-1.9996793270111084
6.3401408195495605,3.0017566680908203,0.0,0.8397678732872009,0.024447407573461533,-0.0,-0.0,-2.004660129547119,0.22129838168621063,0.1788211613893509,-0.07549084722995758,0.03462100028991699,0.0,0.0,12.303882598876953,-2.004660129547119
6.340641021728516,3.0017566680908203,0.0,0.8091526031494141,0.03840191662311554,-0.0,-0.0,-2.010756015777588,-0.03803534060716629,0.1623639613389969,-0.08906280249357224,-0.06203269958496094,0.0,0.0,12.303882598876953,-2.010756015777588
6.3411407470703125,3.0017566680908203,0.0,0.7898167371749878,0.027238350361585617,-0.0,-0.0,-2.014150619506836,-0.17964553833007812,0.17199662327766418,-0.09618720412254333,-0.0668940544128418,0.0,0.0,12.303882598876953,-2.014150619506836
6.341640949249268,3.0017566680908203,0.0,0.7914280295372009,0.011423211544752121,-0.0,-0.0,-2.0187299251556396,-0.3689213693141937,0.17411141097545624,-0.08178802579641342,0.008694648742675781,0.0,0.0,12.303882598876953,-2.0187299251556396
6.342141151428223,3.0017566680908203,0.0,0.7898167371749878,0.023517128080129623,-0.0,-0.0,-2.0193123817443848,-0.3862970769405365,0.16743460297584534,-0.09168398380279541,-0.052817583084106445,0.0,0.0,12.303882598876953,-2.0193123817443848
6.342639923095703,3.0017566680908203,0.0,0.7962620258331299,0.012353525497019291,-0.0,-0.0,-1.9422131776809692,-0.05296946316957474,0.13964734971523285,-0.09441075474023819,-0.22401928901672363,0.0,0.0,12.303882598876953,-1.9422131776809692
6.343140125274658,3.0017566680908203,0.0,0.8043186664581299,0.017005030065774918,-0.0,-0.0,-1.946587324142456,-0.23556333780288696,0.19581474363803864,-0.09545964002609253,-0.07821226119995117,0.0,0.0,12.303882598876953,-1.946587324142456
6.343639850616455,3.0017566680908203,0.0,0.8010959625244141,0.024447407573461533,-0.0,-0.0,-1.6434141397476196,-0.3622482717037201,0.09909188002347946,-0.08094243705272675,-0.615001916885376,0.0,0.0,12.303882598876953,-1.6434141397476196
6.34414005279541,3.0017566680908203,0.0,0.7930393218994141,0.021656498312950134,-0.0,-0.0,-1.6613683700561523,-1.1093835830688477,0.13552603125572205,-0.1135181337594986,-0.6096053123474121,0.0,0.0,12.303882598876953,-1.6613683700561523
6.344639778137207,3.0017566680908203,0.0,0.8252658843994141,0.008632302284240723,-0.0,-0.0,-1.6778208017349243,-1.7776843309402466,0.12541049718856812,-0.09460656344890594,-0.542130708694458,0.0,0.0,12.303882598876953,-1.6778208017349243
6.345139980316162,3.0017566680908203,0.0,0.8010959625244141,0.03561101108789444,-0.0,-0.0,-1.6933616399765015,-2.393498659133911,0.15627136826515198,-0.07231900840997696,-0.3129711151123047,0.0,0.0,12.303882598876953,-1.6933616399765015
6.345640182495117,3.0017566680908203,0.0,0.826877236366272,0.03002922609448433,-0.0,-0.0,-2.552121877670288,0.4534705877304077,0.1000978872179985,-0.0862259790301323,0.2715277671813965,0.0,0.0,12.303882598876953,-2.552121877670288
6.346139907836914,3.0017566680908203,0.0,0.8059300184249878,0.017935343086719513,-0.0,-0.0,-2.5330140590667725,1.247336506843567,0.18029186129570007,-0.10247769206762314,0.4476466178894043,0.0,0.0,12.303882598876953,-2.5330140590667725
6.346639156341553,3.0017566680908203,0.0,0.7801487445831299,0.0030505189206451178,-0.0,-0.0,-2.517662763595581,1.865792155265808,0.09867706149816513,-0.08779577910900116,0.22130298614501953,0.0,0.0,12.303882598876953,-2.517662763595581
6.347139835357666,3.0017566680908203,0.0,0.8010959625244141,0.02258681319653988,-0.0,-0.0,-2.496154308319092,2.729180097579956,0.15924176573753357,-0.11171998083591461,0.31580662727355957,0.0,0.0,12.303882598876953,-2.496154308319092
6.347639083862305,3.0017566680908203,0.0,0.8091526031494141,0.01979590393602848,-0.0,-0.0,-2.477309465408325,3.4643540382385254,0.13169145584106445,-0.05426279082894325,0.5189921855926514,0.0,0.0,12.303882598876953,-2.477309465408325
