time_s,v_alpha_v,v_beta_v,i_alpha_a,i_beta_a,encoder_angle_rad,encoder_speed_rad_s,pll_angle_rad,pll_speed_rad_s,emf_alpha_v,emf_beta_v,phase_error_rad,locked,active,bus_voltage_v,angle_error_rad
18.340980529785156,-0.35251596570014954,-0.9589928984642029,-0.014930552802979946,-0.01964431069791317,nan,nan,2.7833802700042725,282.7137756347656,-0.37189292907714844,-0.846522867679596,0.0386347770690918,1.0,1.0,12.303882598876953,nan
18.341480255126953,-0.2060413509607315,-0.9995852112770081,-0.01815320923924446,-0.02150491438806057,nan,nan,2.927201509475708,282.8173522949219,-0.2380979359149933,-0.8757466077804565,0.043340206146240234,1.0,1.0,12.303882598876953,nan
18.34197998046875,-0.06737848371267319,-1.0232640504837036,-0.02782117761671543,-0.01220190804451704,nan,nan,3.0693180561065674,282.846923828125,-0.15743397176265717,-0.9483397006988525,0.00201416015625,1.0,1.0,12.303882598876953,nan
18.342477798461914,0.08300241082906723,-1.0266464948654175,-0.011707896366715431,-0.02150491438806057,nan,nan,-3.0698909759521484,282.95416259765625,0.03191825747489929,-0.9929887652397156,0.05493736267089844,1.0,1.0,12.303882598876953,nan
18.34297752380371,0.2236184924840927,-0.9962021708488464,0.03663194924592972,-0.015923108905553818,nan,nan,-2.9267706871032715,283.0231628417969,0.11983969062566757,-0.9417473673820496,0.006075143814086914,1.0,1.0,12.303882598876953,nan
18.343477249145508,0.37399911880493164,-0.962375283241272,-0.0020399270579218864,-0.01778371073305607,nan,nan,-2.784722328186035,283.0460510253906,0.3163908123970032,-0.9051185846328735,0.07402682304382324,1.0,1.0,12.303882598876953,nan
18.343978881835938,0.4989910423755646,-0.8981041312217712,-0.011707896366715431,-0.01964431069791317,nan,nan,-2.6418375968933105,283.10302734375,0.37867090106010437,-0.8889903426170349,-0.002760171890258789,1.0,1.0,12.303882598876953,nan
18.344478607177734,0.6161704063415527,-0.8101545572280884,0.010850699618458748,-0.04011093080043793,nan,nan,-2.5002613067626953,283.103759765625,0.42861315608024597,-0.8057768940925598,-0.058388710021972656,1.0,1.0,12.303882598876953,nan
18.34497833251953,0.7333504557609558,-0.7222043871879578,-0.005262583494186401,-0.012201906181871891,nan,nan,-2.357647657394409,283.14849853515625,0.6395397186279297,-0.7363178133964539,0.025677204132080078,1.0,1.0,12.303882598876953,nan
18.345478057861328,0.8241649270057678,-0.6055015921592712,0.0511339008808136,0.005473806988447905,nan,nan,-2.2148873805999756,283.1982727050781,0.7337014079093933,-0.638983428478241,0.022035598754882812,1.0,1.0,12.303882598876953,nan
18.345977783203125,0.9100964069366455,-0.490490198135376,-0.006873911712318659,0.005473806988447905,nan,nan,-2.073885440826416,283.1732177734375,0.8442730903625488,-0.5315548777580261,0.03568696975708008,1.0,1.0,12.303882598876953,nan
18.34647560119629,0.9686868190765381,-0.35518234968185425,0.004405384883284569,-0.006620102562010288,nan,nan,-1.9313939809799194,283.21124267578125,0.8964186906814575,-0.42553019523620605,0.011805295944213867,1.0,1.0,12.303882598876953,nan
18.346975326538086,1.0126289129257202,-0.21818344295024872,0.001182729029096663,0.0008223031763918698,nan,nan,-1.7895163297653198,283.2225646972656,0.9627074599266052,-0.31330645084381104,-0.0015530586242675781,1.0,1.0,12.303882598876953,nan
18.347475051879883,1.022394061088562,-0.06596248596906662,0.0011827293783426285,0.013846512883901596,nan,nan,-1.6480910778045654,283.2146911621094,0.8944235444068909,-0.17525635659694672,-0.021925687789916992,1.0,1.0,12.303882598876953,nan
18.347976684570312,1.0321589708328247,0.06934511661529541,0.01568468101322651,0.01105561014264822,nan,nan,-1.50763738155365,283.166259765625,0.9810540676116943,-0.04429998621344566,-0.013995170593261719,1.0,1.0,12.303882598876953,nan
18.34847640991211,1.0067700147628784,0.21480081975460052,0.0350206196308136,0.016637414693832397,nan,nan,-1.3669873476028442,283.1270446777344,0.9725585579872131,0.08661951869726181,-0.020732641220092773,1.0,1.0,12.303882598876953,nan
18.348976135253906,0.968686580657959,0.34841713309288025,0.004405384883284569,0.01198591198772192,nan,nan,-1.226800560951233,283.069091796875,0.9550994634628296,0.19623224437236786,-0.0472409725189209,1.0,1.0,12.303882598876953,nan
18.349475860595703,0.8964255452156067,0.4871073365211487,0.01729601062834263,0.015707114711403847,nan,nan,-1.0862271785736084,283.02880859375,0.8093815445899963,0.32238349318504333,-0.011267662048339844,1.0,1.0,12.303882598876953,nan
18.3499755859375,0.8388122916221619,0.6004274487495422,-0.008485238999128342,0.01198591198772192,nan,nan,-0.9459707736968994,282.975830078125,0.8798003196716309,0.46235042810440063,-0.04688525199890137,1.0,1.0,12.303882598876953,nan
18.350475311279297,0.7372562885284424,0.7154390811920166,-0.027821175754070282,0.01198591198772192,nan,nan,-0.8040726184844971,282.99322509765625,0.7112832069396973,0.5770089030265808,0.00915074348449707,1.0,1.0,12.303882598876953,nan
18.350975036621094,0.6308181881904602,0.8118456602096558,0.007628042250871658,0.0231495201587677,nan,nan,-0.6639683246612549,282.9346008300781,0.7052770256996155,0.6858813166618347,-0.04127383232116699,1.0,1.0,12.303882598876953,nan
18.351476669311523,0.5028968453407288,0.8947216868400574,0.010850698687136173,0.019428318366408348,nan,nan,-0.5231118202209473,282.90899658203125,0.5347486734390259,0.7501195669174194,-0.0019559860229492188,1.0,1.0,12.303882598876953,nan
18.35197639465332,0.3857167959213257,0.9488445520401001,-0.011707895435392857,0.02128891833126545,nan,nan,-0.38127756118774414,282.92474365234375,0.47829198837280273,0.8405041694641113,-0.041985273361206055,1.0,1.0,12.303882598876953,nan
18.352476119995117,0.24314796924591064,0.9995852112770081,-0.0004285993054509163,0.016637414693832397,nan,nan,-0.23992276191711426,282.92022705078125,0.3381926119327545,0.9107202887535095,-0.021465301513671875,1.0,1.0,12.303882598876953,nan
18.352975845336914,0.09862658381462097,1.0266464948654175,0.007628041319549084,0.015707112848758698,nan,nan,-0.09929513931274414,282.88507080078125,0.19812077283859253,0.9425294399261475,-0.013693571090698242,1.0,1.0,12.303882598876953,nan
18.35347557067871,-0.04003642126917839,1.0232640504837036,-0.008485239930450916,0.019428318366408348,nan,nan,0.04216933250427246,282.8861389160156,0.07074343413114548,0.9629557132720947,-0.02133798599243164,1.0,1.0,12.303882598876953,nan
18.353975296020508,-0.1826051026582718,1.009732961654663,-0.008485238999128342,0.015707112848758698,nan,nan,0.18142366409301758,282.7940673828125,-0.027096828445792198,0.9631550312042236,-0.05932259559631348,1.0,1.0,12.303882598876953,nan
18.354475021362305,-0.3232210576534271,0.9725233912467957,-0.011707895435392857,0.0231495201587677,nan,nan,0.3219108581542969,282.75579833984375,-0.17266429960727692,0.9113102555274963,-0.04062175750732422,1.0,1.0,12.303882598876953,nan
18.354976654052734,-0.45211878418922424,0.9150176644325256,-0.02298719249665737,0.02221922017633915,nan,nan,0.4625704288482666,282.7255554199219,-0.2870940566062927,0.8963797092437744,-0.058656930923461914,1.0,1.0,12.303882598876953,nan
18.35547637939453,-0.5751577019691467,0.8405986428260803,-0.0213758647441864,0.0268707238137722,nan,nan,0.6030046939849854,282.6864929199219,-0.38640883564949036,0.8427887558937073,-0.07925844192504883,1.0,1.0,12.303882598876953,nan
18.355976104736328,-0.6962435841560364,0.7526484131813049,-0.02459852024912834,0.015707112848758698,nan,nan,0.7436535358428955,282.6575927734375,-0.5912482142448425,0.7248322367668152,0.03491330146789551,1.0,1.0,12.303882598876953,nan
18.356475830078125,-0.7958464026451111,0.6545507311820984,-0.0004285993054509163,0.01105561014264822,nan,nan,0.8850038051605225,282.6583557128906,-0.7012434005737305,0.675752580165863,0.013137340545654297,1.0,1.0,12.303882598876953,nan
18.356975555419922,-0.8798251748085022,0.5293910503387451,-0.013319223187863827,0.01105561014264822,nan,nan,1.0270106792449951,282.6866760253906,-0.7567313313484192,0.5549319386482239,0.005249977111816406,1.0,1.0,12.303882598876953,nan
18.35747528076172,-0.9403681755065918,0.4042317271232605,-0.03426649048924446,0.004543505609035492,nan,nan,1.1677415370941162,282.66082763671875,-0.8130027055740356,0.47920745611190796,-0.03552532196044922,1.0,1.0,12.303882598876953,nan
18.357975006103516,-0.9882165789604187,0.26723259687423706,-0.0213758647441864,-0.0010382984764873981,nan,nan,1.308408498764038,282.6330261230469,-0.8930370807647705,0.3377757966518402,-0.005065441131591797,1.0,1.0,12.303882598876953,nan
18.358476638793945,-1.0145819187164307,0.12008558213710785,-0.03587781637907028,-0.00010799798474181443,nan,nan,1.449955701828003,282.6428527832031,-0.9517431855201721,0.20229946076869965,0.005597114562988281,1.0,1.0,12.303882598876953,nan
18.35897445678711,-1.0184880495071411,-0.025370333343744278,-0.04232312738895416,-0.00010799583833431825,nan,nan,1.5906970500946045,282.6184997558594,-0.9285014867782593,0.07234805077314377,-0.0035123825073242188,1.0,1.0,12.303882598876953,nan
18.359474182128906,-1.002864122390747,-0.1674432009458542,-0.027821175754070282,-0.006620101630687714,nan,nan,1.7316181659698486,282.6022644042969,-0.9251434206962585,-0.05539877712726593,-0.006881237030029297,1.0,1.0,12.303882598876953,nan
18.359973907470703,-0.9774754047393799,-0.3061334490776062,0.004405385348945856,-0.0010382982436567545,nan,nan,1.8726060390472412,282.5892333984375,-0.8954569697380066,-0.19691753387451172,0.008844375610351562,1.0,1.0,12.303882598876953,nan
18.3604736328125,-0.9188851714134216,-0.43467578291893005,-0.04715711250901222,-0.014062508009374142,nan,nan,2.0134403705596924,282.56976318359375,-0.8776123523712158,-0.2977367639541626,-0.021512508392333984,1.0,1.0,12.303882598876953,nan
18.360973358154297,-0.8436947464942932,-0.5649092793464661,-0.03104383312165737,-0.014062508940696716,nan,nan,2.154423952102661,282.5572509765625,-0.7659609317779541,-0.4348701238632202,0.026993751525878906,1.0,1.0,12.303882598876953,nan
18.361473083496094,-0.7587392926216125,-0.6782293319702148,-0.027821175754070282,-0.01778371073305607,nan,nan,2.29640793800354,282.5869445800781,-0.7031393647193909,-0.5480605363845825,0.03075408935546875,1.0,1.0,12.303882598876953,nan
18.361974716186523,-0.6552305817604065,-0.7695621848106384,-0.005262583494186401,-0.014062508009374142,nan,nan,2.437251329421997,282.5680847167969,-0.6603325605392456,-0.6087765693664551,-0.02762603759765625,1.0,1.0,12.303882598876953,nan
18.36247444152832,-0.5419566631317139,-0.8575117588043213,-0.02298719249665737,-0.01871401257812977,nan,nan,2.578822374343872,282.58026123046875,-0.5821930170059204,-0.738283634185791,-0.010859966278076172,1.0,1.0,12.303882598876953,nan
18.362974166870117,-0.4267299175262451,-0.9251657724380493,-0.013319225050508976,-0.01871401257812977,nan,nan,2.7200982570648193,282.57940673828125,-0.5470465421676636,-0.8586616516113281,-0.051817893981933594,1.0,1.0,12.303882598876953,nan
18.36347198486328,-0.2841610014438629,-0.9792888760566711,-0.014930551871657372,-0.02150491438806057,nan,nan,2.8621933460235596,282.6134033203125,-0.3584691882133484,-0.9084147214889526,-0.0022978782653808594,1.0,1.0,12.303882598876953,nan
18.363971710205078,-0.13768628239631653,-1.009732961654663,-0.011707896366715431,-0.02150491438806057,nan,nan,3.004263162612915,282.64544677734375,-0.22514955699443817,-0.9463828802108765,-0.0020685195922851562,1.0,1.0,12.303882598876953,nan
18.364471435546875,0.004882278852164745,-1.0164985656738281,0.0269639790058136,-0.014062508940696716,nan,nan,-3.13673996925354,282.6815185546875,-0.06956987828016281,-0.9649286866188049,0.01743173599243164,1.0,1.0,12.303882598876953,nan
18.364971160888672,0.14745132625102997,-1.0029675960540771,0.004405384883284569,-0.03638972342014313,nan,nan,-2.995098114013672,282.69427490234375,0.02469993382692337,-0.9590344429016113,-0.026666879653930664,1.0,1.0,12.303882598876953,nan
18.3654727935791,0.2841610014438629,-0.9826716780662537,-0.011707896366715431,-0.01220190804451704,nan,nan,-2.853645086288452,282.6986999511719,0.1560017317533493,-1.0021495819091797,-0.039493560791015625,1.0,1.0,12.303882598876953,nan
18.3659725189209,0.42672979831695557,-0.9251657724380493,0.007628041319549084,-0.02150491252541542,nan,nan,-2.7118499279022217,282.71759033203125,0.32789814472198486,-0.9121487736701965,0.009589433670043945,1.0,1.0,12.303882598876953,nan
18.366472244262695,0.5507453680038452,-0.8558206558227539,0.0027940571308135986,-0.02243521437048912,nan,nan,-2.5706114768981934,282.7124328613281,0.42510145902633667,-0.8741002678871155,-0.024234294891357422,1.0,1.0,12.303882598876953,nan
18.366971969604492,0.6718308925628662,-0.7678708434104919,0.03179796040058136,-0.029877619817852974,nan,nan,-2.42891526222229,282.72686767578125,0.5713607668876648,-0.7676377296447754,0.02146291732788086,1.0,1.0,12.303882598876953,nan
18.36747169494629,0.7606923580169678,-0.6613157987594604,0.0189073383808136,0.007334408350288868,nan,nan,-2.288348436355591,282.6932373046875,0.5682232975959778,-0.686922550201416,-0.06823158264160156,1.0,1.0,12.303882598876953,nan
18.367971420288086,0.8583424091339111,-0.5530695915222168,0.04629991576075554,-0.014062508940696716,nan,nan,-2.147920846939087,282.6548156738281,0.7821840643882751,-0.5798110961914062,0.03355002403259277,1.0,1.0,12.303882598876953,nan
18.368471145629883,0.926697313785553,-0.42791032791137695,0.0011827293783426285,-0.012201906181871891,nan,nan,-2.0066704750061035,282.6517028808594,0.8292434811592102,-0.48276063799858093,0.0028557777404785156,1.0,1.0,12.303882598876953,nan
18.368972778320312,0.9716160297393799,-0.2959853410720825,0.007628041785210371,0.008264708332717419,nan,nan,-1.865552544593811,282.64276123046875,0.8544684648513794,-0.3937392830848694,-0.04305005073547363,1.0,1.0,12.303882598876953,nan
18.36947250366211,1.0116524696350098,-0.1589866280555725,0.004405385348945856,0.004543506074696779,nan,nan,-1.725358247756958,282.595458984375,0.9382944107055664,-0.26124900579452515,-0.022928953170776367,1.0,1.0,12.303882598876953,nan
18.369972229003906,1.022394061088562,-0.01860487088561058,-0.0020399275235831738,0.008264708332717419,nan,nan,-1.5850852727890015,282.5523681640625,0.941195011138916,-0.12947890162467957,-0.028397560119628906,1.0,1.0,12.303882598876953,nan
18.370471954345703,1.0136052370071411,0.12177688628435135,0.0011827293783426285,0.013846512883901596,nan,nan,-1.4456707239151,282.47418212890625,0.9820185303688049,-0.007722293026745319,-0.03903555870056152,1.0,1.0,12.303882598876953,nan
18.3709716796875,0.9872400164604187,0.26215842366218567,0.012462025508284569,0.01105561014264822,nan,nan,-1.3061167001724243,282.40350341796875,0.9524433016777039,0.13181354105472565,-0.033203840255737305,1.0,1.0,12.303882598876953,nan
18.371471405029297,0.9335324764251709,0.4025402069091797,0.0060167135670781136,-0.00010799744632095098,nan,nan,-1.1664372682571411,282.3395080566406,0.8547167778015137,0.26098015904426575,-0.013996124267578125,1.0,1.0,12.303882598876953,nan
18.371971130371094,0.8768957257270813,0.5209340453147888,0.004405384883284569,0.01198591198772192,nan,nan,-1.0267901420593262,282.27545166015625,0.8949738144874573,0.39326566457748413,-0.036089181900024414,1.0,1.0,12.303882598876953,nan
18.372472763061523,0.793893575668335,0.6376370191574097,0.05274523049592972,0.015707116574048996,nan,nan,-0.887322187423706,282.2052001953125,0.849658727645874,0.5017305016517639,-0.05627131462097168,1.0,1.0,12.303882598876953,nan
18.37297248840332,0.7040553092956543,0.7391180992126465,-0.008485239930450916,0.019428318366408348,nan,nan,-0.747516393661499,282.1506042480469,0.7797073721885681,0.6165317893028259,-0.06046581268310547,1.0,1.0,12.303882598876953,nan
18.373472213745117,0.5937111973762512,0.8287591934204102,-0.0004285993054509163,0.005473806522786617,nan,nan,-0.6088478565216064,282.04925537109375,0.7004875540733337,0.6969286203384399,-0.0854792594909668,1.0,1.0,12.303882598876953,nan
18.373971939086914,0.4716489017009735,0.9048697352409363,-0.0213758647441864,0.015707112848758698,nan,nan,-0.4680516719818115,282.03961181640625,0.557135820388794,0.7852728366851807,-0.0552678108215332,1.0,1.0,12.303882598876953,nan
18.37447166442871,0.3329862356185913,0.962375283241272,0.03018663451075554,0.013846512883901596,nan,nan,-0.3286275863647461,281.9726867675781,0.39992645382881165,0.8283575773239136,-0.02732563018798828,1.0,1.0,12.303882598876953,nan
18.374971389770508,0.20213507115840912,0.9995852112770081,-0.008485238999128342,0.0231495201587677,nan,nan,-0.1882932186126709,281.9450378417969,0.3008074462413788,0.9043890237808228,-0.03902769088745117,1.0,1.0,12.303882598876953,nan
18.375471115112305,0.0634721890091896,1.0131157636642456,-0.005262583494186401,0.0231495201587677,nan,nan,-0.047489166259765625,281.9381408691406,0.16225777566432953,0.9448760747909546,-0.02875804901123047,1.0,1.0,12.303882598876953,nan
18.3759708404541,-0.08104944974184036,1.0164985656738281,-0.005262583494186401,0.008264708332717419,nan,nan,0.09191107749938965,281.8722839355469,0.0325402095913887,0.9478513598442078,-0.03244733810424805,1.0,1.0,12.303882598876953,nan
18.3764705657959,-0.2275242954492569,0.9962021708488464,0.001182729029096663,-0.0028988998383283615,nan,nan,0.23138952255249023,281.810791015625,-0.10840145498514175,0.9222022294998169,-0.02057027816772461,1.0,1.0,12.303882598876953,nan
18.376970291137695,-0.35251596570014954,0.9488445520401001,0.0027940571308135986,0.0240798220038414,nan,nan,0.3696479797363281,281.6994934082031,-0.18433864414691925,0.9105464220046997,-0.07635998725891113,1.0,1.0,12.303882598876953,nan
18.377470016479492,-0.4853196144104004,0.8913388848304749,0.012462025508284569,0.0259404219686985,nan,nan,0.5098412036895752,281.6717529296875,-0.3246590495109558,0.8698869943618774,-0.059029579162597656,1.0,1.0,12.303882598876953,nan
18.37796974182129,-0.6054292321205139,0.8152282238006592,-0.02782117761671543,0.017567716538906097,nan,nan,0.6498627662658691,281.6375732421875,-0.48934853076934814,0.8065535426139832,-0.010726690292358398,1.0,1.0,12.303882598876953,nan
18.378469467163086,-0.7138204574584961,0.7222043871879578,-0.02782117761671543,0.015707114711403847,nan,nan,0.7898495197296143,281.6026611328125,-0.5916486382484436,0.728065013885498,-0.013684272766113281,1.0,1.0,12.303882598876953,nan
18.378969192504883,-0.8104940056800842,0.6088842749595642,-0.02298719249665737,0.014776812866330147,nan,nan,0.9306447505950928,281.6026611328125,-0.703270673751831,0.5859670639038086,0.03948211669921875,1.0,1.0,12.303882598876953,nan
18.379470825195312,-0.8778722286224365,0.4921817183494568,-0.03426649048924446,0.004543505609035492,nan,nan,1.0701148509979248,281.5465393066406,-0.7159276008605957,0.5324261784553528,-0.045148372650146484,1.0,1.0,12.303882598876953,nan
18.379968643188477,-0.9452506899833679,0.3687130808830261,-0.011707895435392857,0.01198591198772192,nan,nan,1.2096831798553467,281.4959411621094,-0.8343061208724976,0.4191257357597351,-0.010677814483642578,1.0,1.0,12.303882598876953,nan
18.380468368530273,-0.9794281125068665,0.2350969910621643,-0.027821175754070282,-0.002898899372667074,nan,nan,1.3492825031280518,281.4476013183594,-0.8550517559051514,0.3219069540500641,-0.044963836669921875,1.0,1.0,12.303882598876953,nan
18.38096809387207,-1.0038405656814575,0.09133260697126389,-0.0455457866191864,0.005473806988447905,nan,nan,1.4888837337493896,281.4005126953125,-0.9022183418273926,0.17302486300468445,-0.01386260986328125,1.0,1.0,12.303882598876953,nan
18.381467819213867,-1.0077463388442993,-0.05074024572968483,-0.022987190634012222,0.007334408350288868,nan,nan,1.628953218460083,281.3741149902344,-0.9263966679573059,0.028785647824406624,0.004549980163574219,1.0,1.0,12.303882598876953,nan
18.381967544555664,-0.9862635731697083,-0.18943047523498535,-0.018153207376599312,-0.006620102096349001,nan,nan,1.769012212753296,281.34765625,-0.8783483505249023,-0.06680969148874283,-0.02867746353149414,1.0,1.0,12.303882598876953,nan
18.38246726989746,-0.9559921622276306,-0.3230469822883606,-0.03426648676395416,-0.0028988984413444996,nan,nan,1.908268690109253,281.2880554199219,-0.9169669151306152,-0.1991916298866272,-0.029970645904541016,1.0,1.0,12.303882598876953,nan
18.38296890258789,-0.9003319144248962,-0.45328041911125183,-0.02459852211177349,-0.01220190804451704,nan,nan,2.0481369495391846,281.2554931640625,-0.847290575504303,-0.32375970482826233,-0.018716812133789062,1.0,1.0,12.303882598876953,nan
18.383468627929688,-0.8319768905639648,-0.5716747045516968,0.009239370003342628,-0.00010799744632095098,nan,nan,2.188401460647583,281.2402648925781,-0.8030675053596497,-0.44656920433044434,-0.016469478607177734,1.0,1.0,12.303882598876953,nan
18.383968353271484,-0.7450683116912842,-0.681611955165863,-0.013319223187863827,-0.00941100437194109,nan,nan,2.3268816471099854,281.1502990722656,-0.7460373640060425,-0.5444294810295105,-0.03212165832519531,1.0,1.0,12.303882598876953,nan
18.38446807861328,-0.6425359845161438,-0.7780185341835022,-0.03426649048924446,-0.017783712595701218,nan,nan,2.4666788578033447,281.1175842285156,-0.6917173862457275,-0.6633378863334656,-0.0379185676574707,1.0,1.0,12.303882598876953,nan
18.384967803955078,-0.5282859206199646,-0.8608947992324829,-0.0213758647441864,-0.002898899372667074,nan,nan,2.607485055923462,281.12786865234375,-0.5868245363235474,-0.7647420167922974,-0.02684926986694336,1.0,1.0,12.303882598876953,nan
18.385467529296875,-0.4013408422470093,-0.921782910823822,-0.014930551871657372,-0.02150491438806057,nan,nan,2.747699022293091,281.113037109375,-0.477435439825058,-0.8155845403671265,-0.042227745056152344,1.0,1.0,12.303882598876953,nan
18.385967254638672,-0.2607249915599823,-0.9725233912467957,0.01568468287587166,-0.014992807991802692,nan,nan,2.888493776321411,281.12298583984375,-0.2926466166973114,-0.8710305094718933,0.02273273468017578,1.0,1.0,12.303882598876953,nan
18.3864688873291,-0.12206210941076279,-1.0029675960540771,-0.01815320923924446,-0.01964431069791317,nan,nan,3.0290262699127197,281.1217346191406,-0.18710149824619293,-0.9208269715309143,0.005797386169433594,1.0,1.0,12.303882598876953,nan
18.3869686126709,0.018553489819169044,-1.009732961654663,0.009239370003342628,-0.029877619817852974,nan,nan,-3.1138336658477783,281.11163330078125,-0.07658272236585617,-0.9584550261497498,-0.013887166976928711,1.0,1.0,12.303882598876953,nan
18.387468338012695,0.15331044793128967,-0.9962021708488464,-0.011707895435392857,-0.015923108905553818,nan,nan,-2.9740748405456543,281.0780029296875,0.018738778308033943,-0.9578650593757629,-0.05453348159790039,1.0,1.0,12.303882598876953,nan
18.387968063354492,0.2900198996067047,-0.9657580852508545,0.014073354192078114,-0.01220190804451704,nan,nan,-2.8338265419006348,281.0657958984375,0.16806870698928833,-0.9492671489715576,-0.0390467643737793,1.0,1.0,12.303882598876953,nan
18.38846778869629,0.4247768223285675,-0.9184005260467529,0.004405385814607143,-0.014062508940696716,nan,nan,-2.695887327194214,280.9568176269531,0.30962204933166504,-0.9011567831039429,-0.021235942840576172,1.0,1.0,12.303882598876953,nan
18.388967514038086,0.5468389391899109,-0.8490553498268127,0.0060167135670781136,-0.013132207095623016,nan,nan,-2.555506706237793,280.9526672363281,0.4381738305091858,-0.8526743054389954,-0.017859220504760742,1.0,1.0,12.303882598876953,nan
18.389467239379883,0.6552305817604065,-0.7627967000007629,0.03018663451075554,-0.0028989005368202925,nan,nan,-2.416163682937622,280.9049377441406,0.5172197222709656,-0.7836306095123291,-0.048644304275512695,1.0,1.0,12.303882598876953,nan
18.389968872070312,0.7626455426216125,-0.6646986603736877,0.007628041785210371,-0.012201906181871891,nan,nan,-2.275981903076172,280.8936767578125,0.6635914444923401,-0.686866044998169,-0.0038712024688720703,1.0,1.0,12.303882598876953,nan
18.39046859741211,0.8515066504478455,-0.5513784885406494,0.014073354192078114,-0.014062508940696716,nan,nan,-2.1364500522613525,280.85516357421875,0.741604208946228,-0.5790781378746033,-0.003735780715942383,1.0,1.0,12.303882598876953,nan
18.390968322753906,0.9149789810180664,-0.43467578291893005,0.004405385348945856,0.0008223031763918698,nan,nan,-1.9968053102493286,280.822265625,0.8356416821479797,-0.5134310126304626,-0.03150749206542969,1.0,1.0,12.303882598876953,nan
18.391468048095703,0.9667333960533142,-0.29767686128616333,0.0011827291455119848,-0.004759501200169325,nan,nan,-1.856492280960083,280.8182067871094,0.8795951008796692,-0.3819705545902252,-0.030551671981811523,1.0,1.0,12.303882598876953,nan
18.3919677734375,1.0067702531814575,-0.1606777161359787,0.001182729029096663,0.0026829044800251722,nan,nan,-1.716934084892273,280.7824401855469,0.9321388602256775,-0.23984745144844055,-0.012205362319946289,1.0,1.0,12.303882598876953,nan
18.392467498779297,1.0204410552978516,-0.021987497806549072,0.004405385348945856,0.004543506074696779,nan,nan,-1.577646017074585,280.7361755371094,0.9819955825805664,-0.107510507106781,-0.008695840835571289,1.0,1.0,12.303882598876953,nan
18.39296531677246,1.0096997022628784,0.12177688628435135,0.014073353260755539,0.008264708332717419,nan,nan,-1.4388458728790283,280.6702575683594,0.9384827613830566,0.01171575766056776,-0.026060104370117188,1.0,1.0,12.303882598876953,nan
18.393465042114258,0.9804044365882874,0.2604673504829407,0.006016712635755539,0.018498016521334648,nan,nan,-1.299939513206482,280.61029052734375,0.9164727926254272,0.1575097292661667,-0.007188320159912109,1.0,1.0,12.303882598876953,nan
18.393966674804688,0.9393916726112366,0.3856266438961029,0.006016713101416826,0.007334408350288868,nan,nan,-1.161519169807434,280.531005859375,0.9306166172027588,0.24342729151248932,-0.06021523475646973,1.0,1.0,12.303882598876953,nan
18.394466400146484,0.8768959045410156,0.5141689777374268,-0.0004285983741283417,0.02035861648619175,nan,nan,-1.0227289199829102,280.46905517578125,0.8873013257980347,0.39240726828575134,-0.038390159606933594,1.0,1.0,12.303882598876953,nan
18.39496612548828,0.7968227863311768,0.6257977485656738,-0.008485238999128342,0.01198591198772192,nan,nan,-0.8836963176727295,280.41839599609375,0.8348841071128845,0.4873805046081543,-0.06554126739501953,1.0,1.0,12.303882598876953,nan
18.395465850830078,0.6972199082374573,0.7374263405799866,-0.011707894504070282,0.013846512883901596,nan,nan,-0.7435812950134277,280.4146423339844,0.6779419183731079,0.6182585954666138,0.005625486373901367,1.0,1.0,12.303882598876953,nan
18.395965576171875,0.5956640839576721,0.8186110854148865,-0.003651253879070282,0.027801023796200752,nan,nan,-0.6045963764190674,280.3630676269531,0.7120926976203918,0.7090017199516296,-0.08993935585021973,1.0,1.0,12.303882598876953,nan
18.396465301513672,0.46188393235206604,0.9082521796226501,0.04952257126569748,0.0194283165037632,nan,nan,-0.4658992290496826,280.3008728027344,0.47521454095840454,0.7996244430541992,0.02317357063293457,1.0,1.0,12.303882598876953,nan
18.396963119506836,0.33884525299072266,0.9589928984642029,-0.005262582562863827,0.015707112848758698,nan,nan,-0.32530927658081055,280.3188171386719,0.42287683486938477,0.8537294864654541,-0.04136824607849121,1.0,1.0,12.303882598876953,nan
18.397464752197266,0.20213507115840912,0.9962021708488464,-0.014930551871657372,0.015707114711403847,nan,nan,-0.18585896492004395,280.28912353515625,0.2744769752025604,0.9021178483963013,-0.016178369522094727,1.0,1.0,12.303882598876953,nan
18.397964477539062,0.06347231566905975,1.009732961654663,-0.005262583494186401,0.030591925606131554,nan,nan,-0.04771995544433594,280.2048645019531,0.1682276725769043,0.9251993894577026,-0.03894519805908203,1.0,1.0,12.303882598876953,nan
18.39846420288086,-0.0790962427854538,1.009732961654663,-0.011707894504070282,0.013846512883901596,nan,nan,0.09207272529602051,280.19219970703125,-0.011117761954665184,0.9276357293128967,0.013324499130249023,1.0,1.0,12.303882598876953,nan
18.398963928222656,-0.211899995803833,0.9860541224479675,0.0011827293783426285,0.0194283165037632,nan,nan,0.2313992977142334,280.15960693359375,-0.04326357692480087,0.9388620257377625,-0.0923912525177002,1.0,1.0,12.303882598876953,nan
18.399465560913086,-0.34860992431640625,0.9454617500305176,-0.04071180149912834,0.026870721951127052,nan,nan,0.3701348304748535,280.10302734375,-0.20939385890960693,0.9149978756904602,-0.05205273628234863,1.0,1.0,12.303882598876953,nan
18.39996337890625,-0.4716487228870392,0.887956440448761,-0.013319223187863827,0.01105561014264822,nan,nan,0.5077269077301025,279.9997253417969,-0.29761824011802673,0.8566264510154724,-0.08038616180419922,1.0,1.0,12.303882598876953,nan
18.400463104248047,-0.5927345156669617,0.8169195652008057,-0.02459852024912834,0.02128891833126545,nan,nan,0.6450786590576172,279.88836669921875,-0.4356776475906372,0.8258090615272522,-0.06663680076599121,1.0,1.0,12.303882598876953,nan
18.400964736938477,-0.7001495361328125,0.7255874276161194,-0.011707896366715431,0.0268707238137722,nan,nan,0.783607006072998,279.8289794921875,-0.5568402409553528,0.7227253913879395,-0.03403782844543457,1.0,1.0,12.303882598876953,nan
18.401464462280273,-0.7948700785636902,0.6224151253700256,-0.03104383312165737,0.01384651381522417,nan,nan,0.9220898151397705,279.76885986328125,-0.6693603992462158,0.644129753112793,-0.02437114715576172,1.0,1.0,12.303882598876953,nan
18.40196418762207,-0.87201327085495,0.5090945959091187,-0.02298719249665737,0.01291621197015047,nan,nan,1.0607812404632568,279.71875,-0.7386528849601746,0.5536341071128845,-0.0401463508605957,1.0,1.0,12.303882598876953,nan
18.402463912963867,-0.9442741274833679,0.3907007873058319,0.02857530489563942,0.007334406953305006,nan,nan,1.1997487545013428,279.681396484375,-0.8852569460868835,0.42787966132164,0.014062881469726562,1.0,1.0,12.303882598876953,nan
18.402963638305664,-0.99212247133255,0.25370165705680847,-0.0294325053691864,0.0017526029841974378,nan,nan,1.3398997783660889,279.69439697265625,-0.9783878922462463,0.29551172256469727,0.030890464782714844,1.0,1.0,12.303882598876953,nan
18.40346336364746,-1.0057934522628784,0.10824616998434067,-0.01654187962412834,-0.001968598458915949,nan,nan,1.4794423580169678,279.681640625,-0.9355193376541138,0.17997168004512787,-0.005536079406738281,1.0,1.0,12.303882598876953,nan
18.403963088989258,-1.008723258972168,-0.02875296212732792,-0.0213758647441864,-0.010341305285692215,nan,nan,1.6184484958648682,279.6465759277344,-0.9421202540397644,0.0842595249414444,-0.043859004974365234,1.0,1.0,12.303882598876953,nan
18.404464721679688,-1.0038405656814575,-0.1657520830631256,0.014073353260755539,0.000822303059976548,nan,nan,1.7573120594024658,279.6064147949219,-0.973569393157959,-0.07342080026865005,-0.018157958984375,1.0,1.0,12.303882598876953,nan
18.404964447021484,-0.9589216709136963,-0.3112071454524994,-0.02782117761671543,-0.014062508940696716,nan,nan,1.8971498012542725,279.6077880859375,-0.879784107208252,-0.20887340605258942,-9.250640869140625e-05,1.0,1.0,12.303882598876953,nan
18.40546417236328,-0.9100966453552246,-0.4431321322917938,-0.02459852024912834,-0.008480703458189964,nan,nan,2.03686261177063,279.6039733886719,-0.8517780900001526,-0.34012094140052795,0.007032871246337891,1.0,1.0,12.303882598876953,nan
18.405963897705078,-0.8368594646453857,-0.5632179379463196,-0.01654187962412834,-0.007550403010100126,nan,nan,2.1757547855377197,279.5655822753906,-0.7990216016769409,-0.42507225275039673,-0.022994041442871094,1.0,1.0,12.303882598876953,nan
18.406463623046875,-0.747021496295929,-0.6714641451835632,0.004405385348945856,0.0008223031763918698,nan,nan,2.3159849643707275,279.5843811035156,-0.7093965411186218,-0.515288770198822,-0.02392435073852539,1.0,1.0,12.303882598876953,nan
18.406963348388672,-0.652301013469696,-0.7746363282203674,-0.00203992729075253,-0.0010382982436567545,nan,nan,2.4556219577789307,279.5780029296875,-0.6667041778564453,-0.6696476340293884,-0.00408935546875,1.0,1.0,12.303882598876953,nan
18.40746307373047,-0.5312153697013855,-0.8558208346366882,-0.0374891459941864,-0.008480704389512539,nan,nan,2.595899820327759,279.5986328125,-0.5654887557029724,-0.735556960105896,-0.016635894775390625,1.0,1.0,12.303882598876953,nan
18.4079647064209,-0.4150119125843048,-0.9184005260467529,-0.04715711623430252,-0.028947321698069572,nan,nan,2.736304521560669,279.62384033203125,-0.5345783829689026,-0.829535961151123,-0.07430505752563477,1.0,1.0,12.303882598876953,nan
18.408464431762695,-0.27049025893211365,-0.9759061932563782,-0.01654187962412834,-0.02057461254298687,nan,nan,2.8773138523101807,279.67431640625,-0.28966039419174194,-0.8874428272247314,0.04214334487915039,1.0,1.0,12.303882598876953,nan
18.408964157104492,-0.12987443804740906,-1.0063505172729492,-0.011707895435392857,-0.01034130435436964,nan,nan,3.01804518699646,279.71185302734375,-0.17473413050174713,-0.9414792656898499,0.03337669372558594,1.0,1.0,12.303882598876953,nan
18.409461975097656,0.014647326432168484,-1.0131157636642456,-0.005262583494186401,0.000822303059976548,nan,nan,-3.1243443489074707,279.7513122558594,-0.050489332526922226,-0.9330569505691528,0.021994590759277344,1.0,1.0,12.303882598876953,nan
18.409961700439453,0.15526317059993744,-1.0029675960540771,-0.014930551871657372,-0.010341305285692215,nan,nan,-2.9825379848480225,279.83233642578125,0.06509528309106827,-0.9545801281929016,0.002279520034790039,1.0,1.0,12.303882598876953,nan
18.41046142578125,0.2958792448043823,-0.9725233912467957,0.0011827293783426285,-0.01964431069791317,nan,nan,-2.842299461364746,279.84588623046875,0.22131206095218658,-0.9533193111419678,0.02214956283569336,1.0,1.0,12.303882598876953,nan
18.410961151123047,0.4247768223285675,-0.9184005260467529,0.014073354192078114,-0.01220190804451704,nan,nan,-2.7018978595733643,279.8659973144531,0.3110654652118683,-0.9153138995170593,-0.01892542839050293,1.0,1.0,12.303882598876953,nan
18.411462783813477,0.5546513199806213,-0.8490553498268127,0.006016714498400688,-0.028017017990350723,nan,nan,-2.5622963905334473,279.8521423339844,0.4290107488632202,-0.8131179809570312,-0.0005624294281005859,1.0,1.0,12.303882598876953,nan
18.411962509155273,0.6679249405860901,-0.7678706645965576,0.009239370003342628,-0.007550403010100126,nan,nan,-2.4231810569763184,279.8180236816406,0.5685252547264099,-0.7655627727508545,0.013641595840454102,1.0,1.0,12.303882598876953,nan
18.41246223449707,0.7606923580169678,-0.6613157987594604,0.03340929001569748,-0.025226116180419922,nan,nan,-2.2841365337371826,279.7813720703125,0.5984957814216614,-0.6951152682304382,-0.05361318588256836,1.0,1.0,12.303882598876953,nan
18.412961959838867,0.8524835109710693,-0.5564524531364441,0.01568468101322651,-0.00568980211392045,nan,nan,-2.1445391178131104,279.7691650390625,0.7809352874755859,-0.5949251651763916,0.016008615493774414,1.0,1.0,12.303882598876953,nan
18.413461685180664,0.9188849925994873,-0.42791032791137695,0.007628040853887796,-0.006620102562010288,nan,nan,-2.0042824745178223,279.7848205566406,0.8156470656394958,-0.4920693337917328,-0.016193151473999023,1.0,1.0,12.303882598876953,nan
18.413959503173828,0.9686865210533142,-0.29429399967193604,0.02374132350087166,-0.0010382974287495017,nan,nan,-1.8645390272140503,279.77850341796875,0.844702959060669,-0.3620893657207489,-0.018079042434692383,1.0,1.0,12.303882598876953,nan
18.414459228515625,1.002864122390747,-0.1606777161359787,0.010850697755813599,0.000822303059976548,nan,nan,-1.7253105640411377,279.750732421875,0.9139714241027832,-0.2581560015678406,-0.027675390243530273,1.0,1.0,12.303882598876953,nan
18.414960861206055,1.0194646120071411,-0.02367880940437317,0.010850697755813599,0.013846512883901596,nan,nan,-1.5861656665802002,279.72003173828125,0.9702950716018677,-0.11890929937362671,-0.013428449630737305,1.0,1.0,12.303882598876953,nan
18.41546058654785,1.0067700147628784,0.12008558213710785,0.004405385348945856,0.004543506074696779,nan,nan,-1.4475932121276855,279.66595458984375,0.9316813945770264,-0.009839276783168316,-0.04075217247009277,1.0,1.0,12.303882598876953,nan
18.41596031188965,0.9891932606697083,0.2520105540752411,-0.0020399270579218864,0.0008223031763918698,nan,nan,-1.308988094329834,279.6142883300781,0.9815477728843689,0.12206444144248962,-0.04510831832885742,1.0,1.0,12.303882598876953,nan
18.416460037231445,0.938414990901947,0.3940834105014801,-0.0020399270579218864,0.01198591198772192,nan,nan,-1.1700752973556519,279.5767517089844,0.8956841826438904,0.27372676134109497,-0.011022806167602539,1.0,1.0,12.303882598876953,nan
18.416959762573242,0.8837314248085022,0.5158603191375732,-0.008485239930450916,0.019428318366408348,nan,nan,-1.0320677757263184,279.50189208984375,0.900728166103363,0.3870048522949219,-0.03995919227600098,1.0,1.0,12.303882598876953,nan
18.41745948791504,0.7987757325172424,0.6359456777572632,0.0269639790058136,0.015707114711403847,nan,nan,-0.8931469917297363,279.4673156738281,0.7702838182449341,0.5280762314796448,0.016504764556884766,1.0,1.0,12.303882598876953,nan
18.417959213256836,0.7099146246910095,0.7357352375984192,-0.008485239930450916,0.019428318366408348,nan,nan,-0.7542970180511475,279.4300842285156,0.766730785369873,0.6235683560371399,-0.04077911376953125,1.0,1.0,12.303882598876953,nan
18.418460845947266,0.5976171493530273,0.8287591934204102,0.010850697755813599,0.028731325641274452,nan,nan,-0.6163947582244873,279.3538818359375,0.6549173593521118,0.698445200920105,-0.04395771026611328,1.0,1.0,12.303882598876953,nan
18.418960571289062,0.47750750184059143,0.9048697352409363,-0.005262582562863827,0.015707112848758698,nan,nan,-0.4765501022338867,279.36083984375,0.5422055125236511,0.7990589141845703,-0.02666926383972168,1.0,1.0,12.303882598876953,nan
18.41946029663086,0.342751145362854,0.9657580852508545,0.01729600876569748,0.02314951829612255,nan,nan,-0.3367905616760254,279.3641052246094,0.39669477939605713,0.8826210498809814,0.007506132125854492,1.0,1.0,12.303882598876953,nan
18.419960021972656,0.20799420773983002,0.9995852112770081,0.007628042250871658,0.0231495201587677,nan,nan,-0.19794058799743652,279.3289794921875,0.29204609990119934,0.9026553630828857,-0.021993398666381836,1.0,1.0,12.303882598876953,nan
18.420459747314453,0.06933119148015976,1.0164985656738281,-0.006873912177979946,0.018498016521334648,nan,nan,-0.056723833084106445,279.3943176269531,0.1453363597393036,0.9366121888160706,-0.0041468143463134766,1.0,1.0,12.303882598876953,nan
18.42095947265625,-0.07714340835809708,1.019881010055542,0.0060167135670781136,-0.00010799744632095098,nan,nan,0.08162403106689453,279.3375244140625,0.02767833136022091,0.950175404548645,-0.017747163772583008,1.0,1.0,12.303882598876953,nan
18.421459197998047,-0.2158062905073166,0.9962021708488464,-0.013319223187863827,0.02035861648619175,nan,nan,0.22049760818481445,279.3040466308594,-0.0871981829404831,0.9306960105895996,-0.03416037559509277,1.0,1.0,12.303882598876953,nan
18.421960830688477,-0.34275102615356445,0.9522274136543274,-0.014930551871657372,0.0194283165037632,nan,nan,0.3592712879180908,279.2671203613281,-0.1632833182811737,0.9335693717002869,-0.09346222877502441,1.0,1.0,12.303882598876953,nan
18.422460556030273,-0.4775078594684601,0.8947216868400574,-0.027821175754070282,0.013846512883901596,nan,nan,0.4978444576263428,279.22247314453125,-0.31576964259147644,0.8671488165855408,-0.05582165718078613,1.0,1.0,12.303882598876953,nan
18.42296028137207,-0.5976172685623169,0.8287590146064758,-0.02298719249665737,0.02035861648619175,nan,nan,0.6360254287719727,279.162353515625,-0.4867209792137146,0.83085036277771,-0.01314544677734375,1.0,1.0,12.303882598876953,nan
18.423460006713867,-0.7050319314002991,0.7306613922119141,-0.010096566751599312,0.01291621197015047,nan,nan,0.7743921279907227,279.11138916015625,-0.5550493597984314,0.7147431969642639,-0.021192312240600586,1.0,1.0,12.303882598876953,nan
18.423959732055664,-0.8017054200172424,0.6241064667701721,-0.03104383312165737,0.015707114711403847,nan,nan,0.9141643047332764,279.1204833984375,-0.682948887348175,0.6269810199737549,0.006963253021240234,1.0,1.0,12.303882598876953,nan
18.42445945739746,-0.8778722286224365,0.5057122111320496,-0.02782117761671543,0.008264708332717419,nan,nan,1.0529797077178955,279.089111328125,-0.716008186340332,0.5177193284034729,-0.015295028686523438,1.0,1.0,12.303882598876953,nan
18.424959182739258,-0.9462270736694336,0.3873181641101837,-0.0294325053691864,0.007334408350288868,nan,nan,1.1927263736724854,279.0977478027344,-0.8872693181037903,0.43637531995773315,0.014040470123291016,1.0,1.0,12.303882598876953,nan
18.425460815429688,-0.9852870106697083,0.2452453076839447,-0.01815320923924446,0.01198591198772192,nan,nan,1.3316457271575928,279.07135009765625,-0.8789383172988892,0.2964536249637604,0.006859302520751953,1.0,1.0,12.303882598876953,nan
18.425960540771484,-1.001887559890747,0.10148091614246368,-0.07454968988895416,-0.011271604336798191,nan,nan,1.4711740016937256,279.0710144042969,-0.896756649017334,0.17684581875801086,-0.0021104812622070312,1.0,1.0,12.303882598876953,nan
18.42645835876465,-1.0116525888442993,-0.03720974177122116,-0.027821175754070282,0.004543505609035492,nan,nan,1.6103107929229736,279.0544738769531,-0.9205695986747742,0.05292791873216629,-0.0039844512939453125,1.0,1.0,12.303882598876953,nan
18.426958084106445,-0.9970049858093262,-0.1775915026664734,-0.04393445700407028,-0.006620102562010288,nan,nan,1.7495739459991455,279.04339599609375,-0.903437614440918,-0.07422323524951935,-0.0038466453552246094,1.0,1.0,12.303882598876953,nan
18.427457809448242,-0.9569684863090515,-0.3145902156829834,-0.03426648676395416,-0.0028988984413444996,nan,nan,1.889110803604126,279.0440368652344,-0.8606269955635071,-0.1920107752084732,-0.0058536529541015625,1.0,1.0,12.303882598876953,nan
18.42795753479004,-0.9100966453552246,-0.4431321322917938,-0.01654187962412834,-0.007550403010100126,nan,nan,2.029182195663452,279.0671691894531,-0.8518492579460144,-0.3344626724720001,0.008771419525146484,1.0,1.0,12.303882598876953,nan
18.428457260131836,-0.8388121724128723,-0.5666005611419678,-0.04232312738895416,0.005473806988447905,nan,nan,2.1695663928985596,279.1029052734375,-0.8126900792121887,-0.46186724305152893,0.011069774627685547,1.0,1.0,12.303882598876953,nan
18.428958892822266,-0.7460448145866394,-0.6799206733703613,-0.018153207376599312,-0.006620102096349001,nan,nan,2.3088629245758057,279.09228515625,-0.7138538360595703,-0.5570258498191833,0.017615318298339844,1.0,1.0,12.303882598876953,nan
18.429458618164062,-0.6493714451789856,-0.7729448080062866,-0.01654187962412834,-0.007550403010100126,nan,nan,2.44820237159729,279.0834655761719,-0.6681790351867676,-0.6521841883659363,-0.011180400848388672,1.0,1.0,12.303882598876953,nan
18.42995834350586,-0.5370742678642273,-0.8524377942085266,-0.014930551871657372,-0.008480703458189964,nan,nan,2.588637113571167,279.1209716796875,-0.6021077036857605,-0.7478176355361938,-0.03205299377441406,1.0,1.0,12.303882598876953,nan
18.430456161499023,-0.4052468538284302,-0.9251657724380493,-0.02782117761671543,-0.014062508940696716,nan,nan,2.7301809787750244,279.2046203613281,-0.4300031065940857,-0.8286146521568298,0.025861740112304688,1.0,1.0,12.303882598876953,nan
18.43095588684082,-0.27439597249031067,-0.9725233912467957,-0.008485240861773491,-0.02336551435291767,nan,nan,2.8717195987701416,279.285888671875,-0.3453948199748993,-0.9052136540412903,-0.0015888214111328125,1.0,1.0,12.303882598876953,nan
18.431455612182617,-0.1337801069021225,-1.0029675960540771,-0.0004285993054509163,-0.009411005303263664,nan,nan,3.012244462966919,279.32305908203125,-0.2109130322933197,-0.9376257658004761,0.00115966796875,1.0,1.0,12.303882598876953,nan
18.431955337524414,0.020506450906395912,-1.0164985656738281,-0.03104383312165737,-0.02336551621556282,nan,nan,-3.1301076412200928,279.3724670410156,-0.02204963192343712,-0.9432429671287537,0.0584712028503418,1.0,1.0,12.303882598876953,nan
18.43245506286621,0.15526293218135834,-0.9995852112770081,-0.002039926126599312,-0.02150491438806057,nan,nan,-2.988426446914673,279.4560852050781,0.04243448004126549,-0.9652597904205322,-0.016188383102416992,1.0,1.0,12.303882598876953,nan
18.43295669555664,0.2978317439556122,-0.9657580852508545,0.007628042250871658,-0.027086718007922173,nan,nan,-2.8477115631103516,279.49749755859375,0.18372422456741333,-0.9233718514442444,-0.0043675899505615234,1.0,1.0,12.303882598876953,nan
18.433456420898438,0.4364948570728302,-0.9150176644325256,0.0011827293783426285,-0.02336551435291767,nan,nan,-2.706559896469116,279.556640625,0.3534187972545624,-0.8745045065879822,0.04235672950744629,1.0,1.0,12.303882598876953,nan
18.433956146240234,0.5595335364341736,-0.8473636507987976,0.0060167135670781136,-0.013132207095623016,nan,nan,-2.565887928009033,279.5940856933594,0.4468809962272644,-0.8317515850067139,0.010519742965698242,1.0,1.0,12.303882598876953,nan
18.43445587158203,0.6620662808418274,-0.7577223181724548,0.03663194924592972,-0.0028988984413444996,nan,nan,-2.427288055419922,279.5437927246094,0.5189122557640076,-0.7791017889976501,-0.033736467361450195,1.0,1.0,12.303882598876953,nan
18.434955596923828,0.7724103927612305,-0.6613162159919739,-0.0004285993054509163,-0.009411005303263664,nan,nan,-2.2872326374053955,279.55584716796875,0.6706304550170898,-0.6678517460823059,0.026369571685791016,1.0,1.0,12.303882598876953,nan
18.435455322265625,0.8554125428199768,-0.544613242149353,0.0027940566651523113,-0.00941100437194109,nan,nan,-2.145886182785034,279.6217956542969,0.7633052468299866,-0.5788447856903076,0.019521236419677734,1.0,1.0,12.303882598876953,nan
18.435955047607422,0.9227914214134216,-0.4143795967102051,0.012462025508284569,-0.003829200053587556,nan,nan,-2.0053815841674805,279.6507873535156,0.7904015779495239,-0.45368239283561707,0.006715297698974609,1.0,1.0,12.303882598876953,nan
18.43645668029785,0.9716159701347351,-0.28922009468078613,-0.0004285993054509163,-0.01127160619944334,nan,nan,-1.8666887283325195,279.6031799316406,0.8566562533378601,-0.3766922652721405,-0.02532792091369629,1.0,1.0,12.303882598876953,nan
18.43695640563965,1.005793571472168,-0.1556037813425064,0.010850697755813599,0.0026829044800251722,nan,nan,-1.7271744012832642,279.591064453125,0.9353135228157043,-0.24521929025650024,-0.00690150260925293,1.0,1.0,12.303882598876953,nan
18.437456130981445,1.0155588388442993,-0.016913557425141335,0.0011827289126813412,0.006404107436537743,nan,nan,-1.5884099006652832,279.5477600097656,0.9653332829475403,-0.13660745322704315,-0.029948949813842773,1.0,1.0,12.303882598876953,nan
18.437955856323242,1.0077468156814575,0.12515951693058014,0.010850697755813599,0.006404107436537743,nan,nan,-1.4496798515319824,279.50390625,0.933048665523529,0.00969223864376545,-0.017675161361694336,1.0,1.0,12.303882598876953,nan
18.43845558166504,0.9764988422393799,0.26046714186668396,0.03663194552063942,0.026870721951127052,nan,nan,-1.3109548091888428,279.4606018066406,0.9454591870307922,0.10647391527891159,-0.05481362342834473,1.0,1.0,12.303882598876953,nan
18.438955307006836,0.9364621639251709,0.3907007873058319,-0.0020399270579218864,0.01198591198772192,nan,nan,-1.1731107234954834,279.3813781738281,0.914415717124939,0.2534123361110687,-0.03439664840698242,1.0,1.0,12.303882598876953,nan
18.439455032348633,0.8681071400642395,0.5158600807189941,0.009239369072020054,0.018498016521334648,nan,nan,-1.0338358879089355,279.36376953125,0.8714103698730469,0.36092785000801086,-0.051416873931884766,1.0,1.0,12.303882598876953,nan
18.439956665039062,0.7948698401451111,0.6291804313659668,0.0027940571308135986,0.018498016521334648,nan,nan,-0.8959541320800781,279.2882385253906,0.8270086646080017,0.49219995737075806,-0.045124053955078125,1.0,1.0,12.303882598876953,nan
18.44045639038086,0.6952671408653259,0.7340439558029175,0.05596788227558136,0.013846512883901596,nan,nan,-0.7577230930328369,279.2288818359375,0.7334964275360107,0.5899662971496582,-0.0428462028503418,1.0,1.0,12.303882598876953,nan
18.440956115722656,0.591758131980896,0.8253763318061829,0.014073354192078114,0.019428318366408348,nan,nan,-0.619002103805542,279.1911926269531,0.6586549282073975,0.7135394215583801,-0.03353619575500488,1.0,1.0,12.303882598876953,nan
18.441455841064453,0.46969592571258545,0.8913388848304749,-0.005262585356831551,0.036173731088638306,nan,nan,-0.48043203353881836,279.1478576660156,0.5503775477409363,0.758206844329834,-0.05468106269836426,1.0,1.0,12.303882598876953,nan
18.44195556640625,0.3466569483280182,0.9522274136543274,0.014073355123400688,0.0268707238137722,nan,nan,-0.342667818069458,279.07177734375,0.4505871832370758,0.8657103180885315,-0.0444331169128418,1.0,1.0,12.303882598876953,nan
18.442455291748047,0.20994752645492554,0.9860541224479675,0.0027940571308135986,0.018498016521334648,nan,nan,-0.20435285568237305,279.0202331542969,0.3320850431919098,0.874603807926178,-0.06583857536315918,1.0,1.0,12.303882598876953,nan
18.44295310974121,0.0732373595237732,1.009732961654663,0.0027940571308135986,0.01291621197015047,nan,nan,-0.06705427169799805,278.9273376464844,0.17494124174118042,0.9182898998260498,-0.028380393981933594,1.0,1.0,12.303882598876953,nan
18.44345474243164,-0.0732373595237732,1.009732961654663,0.004405386745929718,0.032452527433633804,nan,nan,0.07382893562316895,278.9873352050781,-0.033095747232437134,0.9494136571884155,0.054198503494262695,1.0,1.0,12.303882598876953,nan
18.443954467773438,-0.20213520526885986,0.9860541224479675,0.007628041319549084,0.015707112848758698,nan,nan,0.21337413787841797,278.98907470703125,-0.00762810418382287,0.9571477174758911,-0.11292028427124023,1.0,1.0,12.303882598876953,nan
18.444454193115234,-0.34470412135124207,0.9488445520401001,-0.018153207376599312,0.008264708332717419,nan,nan,0.35051584243774414,278.8904113769531,-0.22217252850532532,0.8908445835113525,-0.013238191604614258,1.0,1.0,12.303882598876953,nan
18.44495391845703,-0.4618838131427765,0.8913388848304749,-0.019764535129070282,0.0240798220038414,nan,nan,0.4884181022644043,278.8255920410156,-0.28397536277770996,0.8636706471443176,-0.07817745208740234,1.0,1.0,12.303882598876953,nan
18.445453643798828,-0.583946168422699,0.8186108469963074,-0.0374891459941864,0.010125311091542244,nan,nan,0.6272475719451904,278.8011474609375,-0.4479658603668213,0.7993171215057373,-0.02363276481628418,1.0,1.0,12.303882598876953,nan
18.445953369140625,-0.6923374533653259,0.725587010383606,-0.02298719249665737,0.016637414693832397,nan,nan,0.766338586807251,278.7882995605469,-0.5461394786834717,0.7116439342498779,-0.018962621688842773,1.0,1.0,12.303882598876953,nan
18.446453094482422,-0.7958464026451111,0.6342545747756958,-0.02298719249665737,0.01291621197015047,nan,nan,0.9049246311187744,278.75445556640625,-0.7155909538269043,0.6479916572570801,0.02298259735107422,1.0,1.0,12.303882598876953,nan
18.44695472717285,-0.8749427795410156,0.5107861161231995,-0.005262582562863827,0.015707112848758698,nan,nan,1.044283151626587,278.753662109375,-0.7646729350090027,0.5157176852226257,0.026143550872802734,1.0,1.0,12.303882598876953,nan
18.447452545166016,-0.9315800070762634,0.3856266438961029,-0.02782117761671543,0.008264708332717419,nan,nan,1.183452844619751,278.7446594238281,-0.7914537787437439,0.43658697605133057,-0.02397298812866211,1.0,1.0,12.303882598876953,nan
18.447952270507812,-0.9725926518440247,0.2537020742893219,-0.02459852024912834,-0.014062508009374142,nan,nan,1.3223845958709717,278.7260437011719,-0.8491249680519104,0.3191738426685333,-0.018342971801757812,1.0,1.0,12.303882598876953,nan
18.44845199584961,-0.9970049858093262,0.11670252680778503,-0.026209848001599312,0.00547380605712533,nan,nan,1.4610512256622314,278.69677734375,-0.9131825566291809,0.22015854716300964,-0.034113407135009766,1.0,1.0,12.303882598876953,nan
18.448951721191406,-1.0057934522628784,-0.02706143632531166,-0.04393445700407028,-0.004759501665830612,nan,nan,1.5999724864959717,278.6788024902344,-0.935996413230896,0.05577412247657776,0.004177093505859375,1.0,1.0,12.303882598876953,nan
18.449451446533203,-0.9891932010650635,-0.16406014561653137,-0.0374891459941864,0.0026829044800251722,nan,nan,1.7380363941192627,278.62530517578125,-0.9126318097114563,-0.05554984509944916,-0.013668537139892578,1.0,1.0,12.303882598876953,nan
18.449951171875,-0.9579451084136963,-0.2993681728839874,-0.011707896366715431,-0.002898900071159005,nan,nan,1.8765051364898682,278.5898132324219,-0.8552119731903076,-0.17850936949253082,-0.007138729095458984,1.0,1.0,12.303882598876953,nan
18.45045280456543,-0.9042375683784485,-0.42621898651123047,-0.02459852024912834,-0.008480703458189964,nan,nan,2.0153582096099854,278.5711364746094,-0.8665212988853455,-0.30402621626853943,-0.014365196228027344,1.0,1.0,12.303882598876953,nan
18.450952529907227,-0.8368592262268066,-0.5429217219352722,-0.005262583494186401,-0.014062508009374142,nan,nan,2.1542999744415283,278.55670166015625,-0.8072532415390015,-0.4082333743572235,-0.0225830078125,1.0,1.0,12.303882598876953,nan
18.451452255249023,-0.7685043811798096,-0.6477852463722229,0.03018663451075554,-0.015923108905553818,nan,nan,2.292597532272339,278.5154724121094,-0.8442942500114441,-0.5324456691741943,-0.06663656234741211,1.0,1.0,12.303882598876953,nan
18.45195198059082,-0.6581600308418274,-0.7577226161956787,-0.0213758647441864,-0.015923108905553818,nan,nan,2.4299962520599365,278.437744140625,-0.6503356099128723,-0.6523147225379944,0.02057647705078125,1.0,1.0,12.303882598876953,nan
18.452451705932617,-0.5478157997131348,-0.8405986428260803,-0.0374891459941864,-0.008480704389512539,nan,nan,2.5697805881500244,278.46142578125,-0.5789433717727661,-0.7174647450447083,-0.0144195556640625,1.0,1.0,12.303882598876953,nan
18.452951431274414,-0.4345420300960541,-0.9082521796226501,-0.010096568614244461,-0.02057461254298687,nan,nan,2.70947003364563,278.4804382324219,-0.5047032237052917,-0.847104012966156,-0.012466907501220703,1.0,1.0,12.303882598876953,nan
18.45345115661621,-0.29197320342063904,-0.9589928984642029,-0.01815320923924446,-0.01964431069791317,nan,nan,2.848597764968872,278.4757995605469,-0.3335268795490265,-0.8546373844146729,0.013760089874267578,1.0,1.0,12.303882598876953,nan
18.45395278930664,-0.15331044793128967,-0.9928197264671326,-0.008485240861773491,-0.02336551435291767,nan,nan,2.9878389835357666,278.4758605957031,-0.20416949689388275,-0.8991134166717529,0.02334451675415039,1.0,1.0,12.303882598876953,nan
18.454452514648438,-0.018553489819169044,-1.0029675960540771,0.010850697755813599,-0.01778371073305607,nan,nan,3.1263773441314697,278.4465026855469,-0.0908580869436264,-0.9234481453895569,0.009958744049072266,1.0,1.0,12.303882598876953,nan
18.454952239990234,0.11620322614908218,-0.98943692445755,0.03179796412587166,-0.013132207095623016,nan,nan,-3.0172529220581055,278.4604187011719,0.004148060455918312,-0.9148183465003967,-0.027138471603393555,1.0,1.0,12.303882598876953,nan
18.45545196533203,0.2548660933971405,-0.9691409468650818,0.004405384883284569,-0.02150491438806057,nan,nan,-2.878148078918457,278.45538330078125,0.14369100332260132,-0.9265871644020081,-0.016886234283447266,1.0,1.0,12.303882598876953,nan
18.455951690673828,0.3818107545375824,-0.9184005260467529,0.04146593436598778,-0.02243521437048912,nan,nan,-2.7389283180236816,278.4550476074219,0.2434755563735962,-0.9089526534080505,-0.048368215560913086,1.0,1.0,12.303882598876953,nan
18.456451416015625,0.5116854310035706,-0.8693513870239258,0.007628040853887796,-0.006620102562010288,nan,nan,-2.6011691093444824,278.3935241699219,0.4230276048183441,-0.8728810548782349,0.0036292076110839844,1.0,1.0,12.303882598876953,nan
18.456951141357422,0.6308179497718811,-0.7847842574119568,0.014073353260755539,-0.01778371073305607,nan,nan,-2.4612789154052734,278.4226379394531,0.5348252654075623,-0.7814671397209167,0.012677192687988281,1.0,1.0,12.303882598876953,nan
18.45745277404785,0.7274916172027588,-0.6917600631713867,0.0060167135670781136,-0.016853410750627518,nan,nan,-2.3225414752960205,278.4024963378906,0.5959767699241638,-0.7568262815475464,-0.05948591232299805,1.0,1.0,12.303882598876953,nan
18.45795249938965,0.8251416087150574,-0.5835141539573669,0.004405385348945856,-0.010341305285692215,nan,nan,-2.1832315921783447,278.4072265625,0.7392797470092773,-0.6044891476631165,0.01985621452331543,1.0,1.0,12.303882598876953,nan
18.458452224731445,0.8983785510063171,-0.4634285569190979,0.004405385348945856,-0.010341305285692215,nan,nan,-2.043348550796509,278.4357604980469,0.8081777691841125,-0.5187445878982544,-0.00533604621887207,1.0,1.0,12.303882598876953,nan
18.458951950073242,0.9511098265647888,-0.3382689952850342,0.007628040853887796,-0.006620102562010288,nan,nan,-1.90475332736969,278.4094543457031,0.8750399351119995,-0.43532073497772217,-0.035060882568359375,1.0,1.0,12.303882598876953,nan
18.45945167541504,0.9940754771232605,-0.20296141505241394,0.010850697755813599,0.000822303059976548,nan,nan,-1.7659533023834229,278.39251708984375,0.935451090335846,-0.28260618448257446,-0.0054967403411865234,1.0,1.0,12.303882598876953,nan
18.459949493408203,1.008723258972168,-0.06257964670658112,0.01729600876569748,-0.008480703458189964,nan,nan,-1.6281245946884155,278.3349914550781,0.9065507054328918,-0.16144460439682007,-0.02628183364868164,1.0,1.0,12.303882598876953,nan
18.46044921875,1.005793809890747,0.0811847373843193,0.004405385348945856,0.004543506074696779,nan,nan,-1.4897546768188477,278.30145263671875,0.9164406061172485,-0.010436047799885273,0.0003001689910888672,1.0,1.0,12.303882598876953,nan
18.46095085144043,0.9882165789604187,0.21310949325561523,0.004405384883284569,0.008264708332717419,nan,nan,-1.351783275604248,278.251708984375,0.9308748841285706,0.09689197689294815,-0.022683382034301758,1.0,1.0,12.303882598876953,nan
18.461450576782227,0.9501335024833679,0.33996033668518066,0.009239370003342628,0.02221922017633915,nan,nan,-1.214506983757019,278.17388916015625,0.9411249756813049,0.21232075989246368,-0.041890859603881836,1.0,1.0,12.303882598876953,nan
18.461950302124023,0.8915433287620544,0.4685026705265045,0.0027940571308135986,0.01291621197015047,nan,nan,-1.0772321224212646,278.09783935546875,0.874592125415802,0.3323351740837097,-0.03792595863342285,1.0,1.0,12.303882598876953,nan
18.46245002746582,0.8144000172615051,0.5885882377624512,0.02051866613328457,0.019428318366408348,nan,nan,-0.9394240379333496,278.0458068847656,0.7722610831260681,0.4474886953830719,-0.013612508773803711,1.0,1.0,12.303882598876953,nan
18.462949752807617,0.7362801432609558,0.690068781375885,-0.008485239930450916,0.019428318366408348,nan,nan,-0.8024764060974121,277.9584655761719,0.7842109799385071,0.5551474094390869,-0.059945106506347656,1.0,1.0,12.303882598876953,nan
18.463449478149414,0.6327710747718811,0.7881670594215393,0.01085069589316845,0.032452523708343506,nan,nan,-0.6657941341400146,277.8621520996094,0.6652553677558899,0.6930233240127563,-0.006609916687011719,1.0,1.0,12.303882598876953,nan
18.463947296142578,0.5194975137710571,0.8625859022140503,0.0189073383808136,0.03896463289856911,nan,nan,-0.528723955154419,277.78369140625,0.6160741448402405,0.7463208436965942,-0.06909632682800293,1.0,1.0,12.303882598876953,nan
18.464447021484375,0.3993878662586212,0.921782910823822,0.02374132163822651,0.034313127398490906,nan,nan,-0.3908970355987549,277.7386779785156,0.538936197757721,0.8159463405609131,-0.1007082462310791,1.0,1.0,12.303882598876953,nan
18.464948654174805,0.26853707432746887,0.9759061932563782,-0.010096567682921886,0.0036132056266069412,nan,nan,-0.252960205078125,277.6993408203125,0.37008583545684814,0.8858528137207031,-0.05045747756958008,1.0,1.0,12.303882598876953,nan
18.4654483795166,0.13768614828586578,0.9962021708488464,-0.014930551871657372,0.015707114711403847,nan,nan,-0.11665987968444824,277.5920715332031,0.27182120084762573,0.9137961268424988,-0.08031296730041504,1.0,1.0,12.303882598876953,nan
18.4659481048584,-0.004882278852164745,1.009732961654663,-0.013319223187863827,0.01105561014264822,nan,nan,0.020274877548217773,277.5138854980469,0.09757298976182938,0.9295194149017334,-0.032533884048461914,1.0,1.0,12.303882598876953,nan
18.466447830200195,-0.14549824595451355,0.9962021708488464,-0.014930552802979946,0.0250101201236248,nan,nan,0.1577894687652588,277.461669921875,-0.04104994609951973,0.9242826700210571,-0.021045923233032227,1.0,1.0,12.303882598876953,nan
18.466947555541992,-0.2724429965019226,0.962375283241272,0.0027940571308135986,0.022219218313694,nan,nan,0.29481983184814453,277.3902282714844,-0.11216429620981216,0.8973767757415771,-0.07837700843811035,1.0,1.0,12.303882598876953,nan
18.46744728088379,-0.4032939374446869,0.9251657724380493,-0.01654187962412834,0.02221922017633915,nan,nan,0.4309508800506592,277.2823791503906,-0.274755597114563,0.9140968918800354,-0.04677295684814453,1.0,1.0,12.303882598876953,nan
18.467947006225586,-0.5253562331199646,0.85243821144104,-0.008485238999128342,0.0250101201236248,nan,nan,0.569077730178833,277.2607116699219,-0.3725295662879944,0.8318182826042175,-0.05586600303649902,1.0,1.0,12.303882598876953,nan
18.468448638916016,-0.6415594816207886,0.7797098755836487,-0.014930551871657372,0.015707114711403847,nan,nan,0.7048037052154541,277.1386413574219,-0.506452739238739,0.7704262137413025,-0.031056642532348633,1.0,1.0,12.303882598876953,nan
18.468948364257812,-0.7401860356330872,0.6833034753799438,-0.013319225050508976,0.0240798220038414,nan,nan,0.8417763710021973,277.07159423828125,-0.6208715438842773,0.6902949213981628,-0.017029762268066406,1.0,1.0,12.303882598876953,nan
18.46944808959961,-0.8270943760871887,0.5733658075332642,-0.014930551871657372,0.017567716538906097,nan,nan,0.9800775051116943,277.061767578125,-0.7116139531135559,0.5893468856811523,-0.008693695068359375,1.0,1.0,12.303882598876953,nan
18.469947814941406,-0.9042375683784485,0.45328041911125183,0.0027940571308135986,0.029661623761057854,nan,nan,1.119314432144165,277.0913391113281,-0.7919972538948059,0.4779956042766571,0.0007977485656738281,1.0,1.0,12.303882598876953,nan
18.470447540283203,-0.9491568207740784,0.3213554322719574,-0.0294325053691864,0.009195009246468544,nan,nan,1.2574903964996338,277.07568359375,-0.8067323565483093,0.3585304021835327,-0.012633323669433594,1.0,1.0,12.303882598876953,nan
18.470947265625,-0.9813808798789978,0.19112199544906616,-0.03104383312165737,0.0250101201236248,nan,nan,1.3953888416290283,277.0486755371094,-0.8733364343643188,0.29517510533332825,-0.05845832824707031,1.0,1.0,12.303882598876953,nan
18.47144889831543,-1.001887559890747,0.054123297333717346,-0.027821175754070282,0.004543505609035492,nan,nan,1.5326640605926514,276.9961242675781,-0.9152849316596985,0.14047002792358398,-0.02194976806640625,1.0,1.0,12.303882598876953,nan
18.471948623657227,-0.9999343752861023,-0.0845673605799675,-0.0536024272441864,-0.006620102562010288,nan,nan,1.6707932949066162,276.9806213378906,-0.9601038098335266,-0.01118528749793768,0.003956794738769531,1.0,1.0,12.303882598876953,nan
18.472448348999023,-0.9696630835533142,-0.22494912147521973,-0.031043831259012222,-0.00475950026884675,nan,nan,1.8085381984710693,276.94940185546875,-0.8749246001243591,-0.11149396002292633,-0.018793582916259766,1.0,1.0,12.303882598876953,nan
18.47294807434082,-0.9354856610298157,-0.35856521129608154,-0.03265516087412834,0.009195009246468544,nan,nan,1.946960210800171,276.94732666015625,-0.8605062961578369,-0.26599499583244324,0.01597738265991211,1.0,1.0,12.303882598876953,nan
18.473447799682617,-0.87591952085495,-0.4820334017276764,-0.05199109762907028,-0.009411005303263664,nan,nan,2.08593487739563,276.96820068359375,-0.8461996912956238,-0.3615989685058594,-0.019099712371826172,1.0,1.0,12.303882598876953,nan
18.473947525024414,-0.8046348690986633,-0.5919710397720337,-0.014930551871657372,-0.008480703458189964,nan,nan,2.2250759601593018,276.99578857421875,-0.8056199550628662,-0.47620949149131775,-0.02824878692626953,1.0,1.0,12.303882598876953,nan
18.47444725036621,-0.7118675112724304,-0.7052911520004272,-0.02298719249665737,-0.005689801648259163,nan,nan,2.3624022006988525,276.94659423828125,-0.7404481172561646,-0.5933155417442322,-0.02390003204345703,1.0,1.0,12.303882598876953,nan
18.47494888305664,-0.6142176985740662,-0.7932409644126892,-0.008485239930450916,-0.004759501200169325,nan,nan,2.500847101211548,276.9453125,-0.6625901460647583,-0.6967111825942993,-0.02739429473876953,1.0,1.0,12.303882598876953,nan
18.475448608398438,-0.4911787211894989,-0.8744252920150757,-0.0068739112466573715,-0.026156418025493622,nan,nan,2.6397335529327393,276.96270751953125,-0.5126675963401794,-0.7767378091812134,0.010794639587402344,1.0,1.0,12.303882598876953,nan
18.475948333740234,-0.36814001202583313,-0.9285486340522766,-0.006873911712318659,-0.00568980211392045,nan,nan,2.7787253856658936,276.9842224121094,-0.43270695209503174,-0.8295460939407349,-0.02574443817138672,1.0,1.0,12.303882598876953,nan
18.47644805908203,-0.22947712242603302,-0.9792888760566711,-0.014930551871657372,-0.014062508940696716,nan,nan,2.917280435562134,276.9868469238281,-0.264011412858963,-0.8855230212211609,0.02696371078491211,1.0,1.0,12.303882598876953,nan
18.476945877075195,-0.0849553644657135,-1.0029675960540771,-0.014930551871657372,-0.014062508940696716,nan,nan,3.0569965839385986,277.0382385253906,-0.1035458967089653,-0.9223500490188599,0.06538152694702148,1.0,1.0,12.303882598876953,nan
18.477445602416992,0.04589518532156944,-0.9995852112770081,-0.014930552802979946,-0.01778371073305607,nan,nan,-3.0873770713806152,277.05029296875,-0.0642983540892601,-0.9436256885528564,-0.030065059661865234,1.0,1.0,12.303882598876953,nan
18.47794532775879,0.19041718542575836,-0.98943692445755,-0.026209848001599312,-0.00941100437194109,nan,nan,-2.9477179050445557,277.0980224609375,0.11886705458164215,-0.9401872754096985,0.024315834045410156,1.0,1.0,12.303882598876953,nan
18.478445053100586,0.32517364621162415,-0.9522274136543274,-0.008485239930450916,-0.014062508940696716,nan,nan,-2.80897855758667,277.10601806640625,0.23748470842838287,-0.8969824910163879,0.018614530563354492,1.0,1.0,12.303882598876953,nan
18.478946685791016,0.4443071782588959,-0.8913388848304749,0.006016712635755539,-0.014992807991802692,nan,nan,-2.669804096221924,277.1319274902344,0.28655365109443665,-0.881826639175415,-0.06553363800048828,1.0,1.0,12.303882598876953,nan
18.479446411132812,0.5663692951202393,-0.8219937086105347,0.02374132163822651,-0.014062508009374142,nan,nan,-2.5322437286376953,277.08966064453125,0.4092469811439514,-0.8095805644989014,-0.04918861389160156,1.0,1.0,12.303882598876953,nan
18.47994613647461,0.6825723052024841,-0.7425007224082947,0.012462025508284569,-0.01871401071548462,nan,nan,-2.3942580223083496,277.06634521484375,0.6091036796569824,-0.7596140503883362,0.020943164825439453,1.0,1.0,12.303882598876953,nan
18.480445861816406,0.7772932052612305,-0.6393283009529114,0.012462027370929718,-0.029877619817852974,nan,nan,-2.2559735774993896,277.0557861328125,0.6570055484771729,-0.6675416827201843,-0.015928983688354492,1.0,1.0,12.303882598876953,nan
18.48094367980957,0.8466246128082275,-0.5192427635192871,0.0753038227558136,-0.01220190804451704,nan,nan,-2.1171789169311523,277.0667724609375,0.6989510655403137,-0.5838744044303894,-0.05747342109680176,1.0,1.0,12.303882598876953,nan
18.481443405151367,0.9218148589134216,-0.4025402069091797,0.007628041319549084,-0.002898899372667074,nan,nan,-1.979095458984375,277.0481872558594,0.8399161100387573,-0.45903587341308594,0.0004394054412841797,1.0,1.0,12.303882598876953,nan
18.481943130493164,0.9628278613090515,-0.27061522006988525,0.01729600876569748,0.0008223025361075997,nan,nan,-1.8408970832824707,277.0343933105469,0.8504431247711182,-0.3616604506969452,-0.03985190391540527,1.0,1.0,12.303882598876953,nan
18.482444763183594,0.9979814887046814,-0.13530781865119934,0.007628041319549084,-0.004759501200169325,nan,nan,-1.70280122756958,277.01678466796875,0.9146788120269775,-0.22131812572479248,-0.01314997673034668,1.0,1.0,12.303882598876953,nan
18.48294448852539,1.0077463388442993,0.003382626688107848,0.03340929001569748,0.0008223035838454962,nan,nan,-1.5645118951797485,277.007568359375,0.9098695516586304,-0.09051232039928436,-0.013194799423217773,1.0,1.0,12.303882598876953,nan
18.483444213867188,0.9940754771232605,0.14207307994365692,0.01729600876569748,0.0008223025361075997,nan,nan,-1.4261322021484375,277.00238037109375,0.914100170135498,0.012766199186444283,-0.03856539726257324,1.0,1.0,12.303882598876953,nan
18.483943939208984,0.9735689759254456,0.27230674028396606,0.01729601062834263,0.004543506074696779,nan,nan,-1.2884695529937744,276.9671325683594,0.9853060245513916,0.15730303525924683,-0.03186392784118652,1.0,1.0,12.303882598876953,nan
18.48444366455078,0.922791063785553,0.4076143503189087,-0.0294325053691864,0.0036132039967924356,nan,nan,-1.1504863500595093,276.9461669921875,0.8719011545181274,0.2880537807941437,-0.008986234664916992,1.0,1.0,12.303882598876953,nan
18.484943389892578,0.8661543726921082,0.5260081887245178,0.004405384883284569,0.01198591198772192,nan,nan,-1.0127747058868408,276.9142150878906,0.8861273527145386,0.41837388277053833,-0.024749279022216797,1.0,1.0,12.303882598876953,nan
18.485443115234375,0.7821755409240723,0.6444026827812195,0.04952257126569748,0.010125311091542244,nan,nan,-0.8753018379211426,276.872802734375,0.8261869549751282,0.5141173601150513,-0.0467991828918457,1.0,1.0,12.303882598876953,nan
18.485944747924805,0.682572603225708,0.7492657899856567,0.0027940571308135986,0.005473806522786617,nan,nan,-0.7363317012786865,276.89544677734375,0.672400951385498,0.6442270278930664,0.021889209747314453,1.0,1.0,12.303882598876953,nan
18.4864444732666,0.573204517364502,0.8372160196304321,-0.011707896366715431,0.008264708332717419,nan,nan,-0.5984597206115723,276.8710632324219,0.5937565565109253,0.7267150282859802,0.005688667297363281,1.0,1.0,12.303882598876953,nan
18.4869441986084,0.450165718793869,0.9082521796226501,0.02212999388575554,0.0017526040319353342,nan,nan,-0.4601142406463623,276.8673400878906,0.47537270188331604,0.7846465706825256,0.007691860198974609,1.0,1.0,12.303882598876953,nan
18.487443923950195,0.3251737654209137,0.9589928984642029,-0.008485239930450916,0.019428318366408348,nan,nan,-0.31946706771850586,276.96038818359375,0.37387874722480774,0.8743583559989929,0.007706642150878906,1.0,1.0,12.303882598876953,nan
18.487943649291992,0.172840416431427,0.9995852112770081,0.03985460475087166,0.011985912919044495,nan,nan,-0.17958283424377441,277.01947021484375,0.19748921692371368,0.8888435363769531,0.053472280502319336,1.0,1.0,12.303882598876953,nan
18.48844337463379,0.043942708522081375,1.009732961654663,-0.008485238999128342,0.015707112848758698,nan,nan,-0.0411374568939209,277.0165100097656,0.15005509555339813,0.933862566947937,-0.02599191665649414,1.0,1.0,12.303882598876953,nan
18.488943099975586,-0.09276732802391052,1.0063505172729492,-0.011707896366715431,0.0268707238137722,nan,nan,0.09552907943725586,276.9390563964844,0.028613723814487457,0.9443948864936829,-0.03368496894836426,1.0,1.0,12.303882598876953,nan
18.489444732666016,-0.23143021762371063,0.98943692445755,-0.003651255276054144,0.0017526037991046906,nan,nan,0.23308777809143066,276.90093994140625,-0.14697760343551636,0.9481866955757141,0.013013362884521484,1.0,1.0,12.303882598876953,nan
18.489944458007812,-0.36228087544441223,0.9454617500305176,-0.010096568614244461,0.016637414693832397,nan,nan,0.3703460693359375,276.8506164550781,-0.22319753468036652,0.9159462451934814,-0.03924417495727539,1.0,1.0,12.303882598876953,nan
18.49044418334961,-0.4892258644104004,0.887956440448761,-0.02459852211177349,0.017567716538906097,nan,nan,0.5068886280059814,276.7715148925781,-0.3705154061317444,0.8509798049926758,-0.004042148590087891,1.0,1.0,12.303882598876953,nan
18.490943908691406,-0.6054292321205139,0.8152282238006592,-0.011707895435392857,0.0231495201587677,nan,nan,0.6449928283691406,276.75982666015625,-0.5162909626960754,0.8320559859275818,0.0025894641876220703,1.0,1.0,12.303882598876953,nan
18.491443634033203,-0.7147969603538513,0.7205130457878113,-0.01815320923924446,0.02128891833126545,nan,nan,0.7836833000183105,276.7730712890625,-0.6344199776649475,0.715812623500824,0.033867835998535156,1.0,1.0,12.303882598876953,nan
18.491943359375,-0.7948698997497559,0.6088844537734985,0.01568468287587166,0.02221922017633915,nan,nan,0.9222385883331299,276.77996826171875,-0.5952818393707275,0.6672627925872803,-0.10199666023254395,1.0,1.0,12.303882598876953,nan
18.492443084716797,-0.8788487911224365,0.490490198135376,-0.02298719249665737,0.009195010177791119,nan,nan,1.0612061023712158,276.8044128417969,-0.7581510543823242,0.5261588096618652,-0.00489044189453125,1.0,1.0,12.303882598876953,nan
18.492944717407227,-0.9413447976112366,0.36871349811553955,-0.04715711623430252,0.0008223014301620424,nan,nan,1.1991093158721924,276.7834777832031,-0.830808162689209,0.4195740818977356,-0.00376129150390625,1.0,1.0,12.303882598876953,nan
18.49344253540039,-0.9804046750068665,0.2334054708480835,-0.02298719249665737,0.0017526040319353342,nan,nan,1.3372046947479248,276.7710876464844,-0.8561137914657593,0.30094870924949646,-0.012277603149414062,1.0,1.0,12.303882598876953,nan
18.493942260742188,-1.001887559890747,0.09471523761749268,-0.03587781637907028,0.0036132060922682285,nan,nan,1.474888563156128,276.7416687011719,-0.8505231738090515,0.1762617975473404,-0.016298770904541016,1.0,1.0,12.303882598876953,nan
18.494441986083984,-1.0038405656814575,-0.043974995613098145,-0.027821175754070282,0.004543505609035492,nan,nan,1.6131794452667236,276.73834228515625,-0.8968038558959961,0.04358641803264618,0.0012655258178710938,1.0,1.0,12.303882598876953,nan
18.49494171142578,-0.9891929626464844,-0.18435674905776978,-0.0294325053691864,0.007334408350288868,nan,nan,1.7518446445465088,276.7507629394531,-0.8990039825439453,-0.08530036360025406,0.005786895751953125,1.0,1.0,12.303882598876953,nan
18.495441436767578,-0.9511098265647888,-0.3179728388786316,-0.0213758647441864,-0.002898899372667074,nan,nan,1.8911631107330322,276.7904052734375,-0.8468014001846313,-0.21619586646556854,0.021918296813964844,1.0,1.0,12.303882598876953,nan
18.495941162109375,-0.9013082385063171,-0.45158934593200684,-0.05521375313401222,0.014776813797652721,nan,nan,2.02946400642395,276.7864074707031,-0.8783376216888428,-0.35051974654197693,0.013317584991455078,1.0,1.0,12.303882598876953,nan
18.496442794799805,-0.8368592262268066,-0.569983184337616,-0.01654187962412834,-0.001968598458915949,nan,nan,2.168894052505493,276.8298034667969,-0.8488897681236267,-0.48139673471450806,0.010051727294921875,1.0,1.0,12.303882598876953,nan
18.4969425201416,-0.7509274482727051,-0.6782293319702148,-0.010096567682921886,-0.003829200519248843,nan,nan,2.3068249225616455,276.8093566894531,-0.7634038329124451,-0.5598819851875305,-0.011050224304199219,1.0,1.0,12.303882598876953,nan
18.4974422454834,-0.6483950018882751,-0.7746360898017883,-0.0294325053691864,-0.007550403010100126,nan,nan,2.4461309909820557,276.84735107421875,-0.6763240694999695,-0.668703556060791,-0.003372669219970703,1.0,1.0,12.303882598876953,nan
18.497940063476562,-0.531215250492096,-0.8625859022140503,-0.03910047560930252,-0.014992809854447842,nan,nan,2.5857975482940674,276.8995056152344,-0.5712023973464966,-0.7828805446624756,0.017803192138671875,1.0,1.0,12.303882598876953,nan
18.49843978881836,-0.4052468538284302,-0.9251657724380493,-0.01654187962412834,-0.02057461254298687,nan,nan,2.7259743213653564,276.9719543457031,-0.46627891063690186,-0.8272632956504822,-0.005374431610107422,1.0,1.0,12.303882598876953,nan
18.498939514160156,-0.27049025893211365,-0.9759061932563782,0.014073354192078114,-0.014062508940696716,nan,nan,2.8659660816192627,277.0352478027344,-0.29483503103256226,-0.8801818490028381,0.04489707946777344,1.0,1.0,12.303882598876953,nan
18.499439239501953,-0.1279212385416031,-1.0063505172729492,-0.0294325053691864,-0.026156418025493622,nan,nan,3.0064356327056885,277.1175842285156,-0.17602598667144775,-0.9336400628089905,0.04131364822387695,1.0,1.0,12.303882598876953,nan
18.499940872192383,0.02245916612446308,-1.0164985656738281,-0.027821175754070282,-0.028947317972779274,nan,nan,-3.1364285945892334,277.1914978027344,-0.021104278042912483,-0.9336788058280945,0.0648655891418457,1.0,1.0,12.303882598876953,nan
18.50044059753418,0.15916956961154938,-1.0063505172729492,-0.011707895435392857,-0.015923108905553818,nan,nan,-2.995344877243042,277.2960510253906,0.10394664853811264,-0.9749594926834106,0.05258035659790039,1.0,1.0,12.303882598876953,nan
18.500940322875977,0.3017381429672241,-0.9691409468650818,0.010850697755813599,-0.01778371073305607,nan,nan,-2.854863405227661,277.3731994628906,0.22907932102680206,-0.921188473701477,0.04963088035583496,1.0,1.0,12.303882598876953,nan
18.501440048217773,0.4306359589099884,-0.9184005260467529,-0.008485239930450916,-0.014062508940696716,nan,nan,-2.715456247329712,277.4034423828125,0.3140312135219574,-0.8989784717559814,0.002371072769165039,1.0,1.0,12.303882598876953,nan
18.50193977355957,0.5546513199806213,-0.8490553498268127,0.0011827293783426285,-0.015923108905553818,nan,nan,-2.575758695602417,277.4453430175781,0.4475446045398712,-0.8350251317024231,0.018691301345825195,1.0,1.0,12.303882598876953,nan
18.502439498901367,0.6659722328186035,-0.7644882202148438,-0.010096567682921886,-0.007550403010100126,nan,nan,-2.436188220977783,277.4809265136719,0.5416369438171387,-0.7864508032798767,-0.009882450103759766,1.0,1.0,12.303882598876953,nan
18.502939224243164,0.7743633389472961,-0.6646986603736877,0.007628041785210371,-0.012201906181871891,nan,nan,-2.2962582111358643,277.5308837890625,0.6811959147453308,-0.6725978851318359,0.03904914855957031,1.0,1.0,12.303882598876953,nan
18.503440856933594,0.8563894629478455,-0.5496872067451477,0.0011827293783426285,-0.012201906181871891,nan,nan,-2.1567163467407227,277.5635681152344,0.7473459839820862,-0.5840483903884888,0.015109062194824219,1.0,1.0,12.303882598876953,nan
18.50394058227539,0.9364619851112366,-0.43129315972328186,-0.03587781637907028,-0.024295814335346222,nan,nan,-2.016035318374634,277.6434020996094,0.9001404047012329,-0.4794972836971283,0.0484926700592041,1.0,1.0,12.303882598876953,nan
18.504440307617188,0.9784517288208008,-0.29091140627861023,0.01568468101322651,-0.001968598924577236,nan,nan,-1.8755518198013306,277.7131042480469,0.890588641166687,-0.3567248284816742,0.01637578010559082,1.0,1.0,12.303882598876953,nan
18.504940032958984,1.0126290321350098,-0.1572951078414917,0.014073353260755539,0.008264708332717419,nan,nan,-1.7361820936203003,277.73468017578125,0.9459726810455322,-0.2397920787334442,0.009707212448120117,1.0,1.0,12.303882598876953,nan
18.50543975830078,1.0175118446350098,-0.013530930504202843,0.014073353260755539,0.002682904014363885,nan,nan,-1.5979504585266113,277.7078857421875,0.9192654490470886,-0.13164928555488586,-0.02265477180480957,1.0,1.0,12.303882598876953,nan
18.505939483642578,1.0165349245071411,0.12346820533275604,0.004405385348945856,0.010125311091542244,nan,nan,-1.459464192390442,277.69244384765625,0.9606570601463318,0.0024781529791653156,-0.016295671463012695,1.0,1.0,12.303882598876953,nan
18.506439208984375,0.9784519076347351,0.27061522006988525,0.01568468101322651,0.007334407418966293,nan,nan,-1.3210383653640747,277.67486572265625,0.8636777997016907,0.1446460336446762,0.008734464645385742,1.0,1.0,12.303882598876953,nan
18.506940841674805,0.938414990901947,0.3940834105014801,0.0011827293783426285,0.013846512883901596,nan,nan,-1.1829549074172974,277.64300537109375,0.9197037220001221,0.24353241920471191,-0.03663277626037598,1.0,1.0,12.303882598876953,nan
18.5074405670166,0.870060384273529,0.5260083675384521,0.0430772602558136,0.0250101201236248,nan,nan,-1.0439012050628662,277.65301513671875,0.8246303200721741,0.4039686322212219,0.021223068237304688,1.0,1.0,12.303882598876953,nan
18.5079402923584,0.7977995276451111,0.6308717131614685,-0.013319224119186401,0.018498016521334648,nan,nan,-0.9058821201324463,277.6189880371094,0.8476866483688354,0.49072209000587463,-0.047857046127319336,1.0,1.0,12.303882598876953,nan
18.508440017700195,0.7011260390281677,0.7374265789985657,0.04629991576075554,0.019428318366408348,nan,nan,-0.7688157558441162,277.5457458496094,0.7544465065002441,0.5967131853103638,-0.04048895835876465,1.0,1.0,12.303882598876953,nan
18.508939743041992,0.5937111973762512,0.8287591934204102,0.020518667995929718,0.02314952202141285,nan,nan,-0.6306664943695068,277.5194396972656,0.6567005515098572,0.7033782601356506,-0.028075695037841797,1.0,1.0,12.303882598876953,nan
18.50943946838379,0.45993074774742126,0.9116352200508118,0.06563585251569748,0.028731321915984154,nan,nan,-0.49143147468566895,277.5393371582031,0.46182796359062195,0.7741594314575195,0.046216726303100586,1.0,1.0,12.303882598876953,nan
18.509939193725586,0.34079793095588684,0.9589928984642029,0.009239370003342628,0.02221922017633915,nan,nan,-0.35122108459472656,277.5993347167969,0.4272412359714508,0.8421103358268738,-0.02590036392211914,1.0,1.0,12.303882598876953,nan
18.51043701171875,0.2040882706642151,0.9995852112770081,-0.005262583494186401,0.02128891833126545,nan,nan,-0.21203136444091797,277.6156311035156,0.3018345832824707,0.9038593173027039,-0.017840147018432617,1.0,1.0,12.303882598876953,nan
18.51093864440918,0.06542527675628662,1.0164985656738281,-0.005262582562863827,0.015707112848758698,nan,nan,-0.07430267333984375,277.5702209472656,0.16191431879997253,0.91644287109375,-0.008119344711303711,1.0,1.0,12.303882598876953,nan
18.511438369750977,-0.07519044727087021,1.019881010055542,0.01729600876569748,0.006404106505215168,nan,nan,0.06653165817260742,277.6566162109375,-0.012623069807887077,0.9795827269554138,0.03903007507324219,1.0,1.0,12.303882598876953,nan
18.511938095092773,-0.2158062905073166,0.9962021708488464,-0.008485238999128342,0.0250101201236248,nan,nan,0.20461511611938477,277.625,-0.08071473985910416,0.957852840423584,-0.028162717819213867,1.0,1.0,12.303882598876953,nan
18.51243782043457,-0.3466571867465973,0.9522274136543274,-0.03910047188401222,0.0240798220038414,nan,nan,0.342449426651001,277.5838623046875,-0.2009671926498413,0.8992202877998352,-0.030210018157958984,1.0,1.0,12.303882598876953,nan
18.512937545776367,-0.47555479407310486,0.8913388848304749,-0.013319224119186401,0.027801023796200752,nan,nan,0.4813807010650635,277.58990478515625,-0.3152864873409271,0.8583323955535889,-0.03702044486999512,1.0,1.0,12.303882598876953,nan
18.513437271118164,-0.599570095539093,0.8186113834381104,-0.01815320923924446,0.0231495201587677,nan,nan,0.6208686828613281,277.6190185546875,-0.4626689851284027,0.7948635816574097,-0.0012395381927490234,1.0,1.0,12.303882598876953,nan
18.513938903808594,-0.7147968411445618,0.7340437173843384,0.02051866613328457,0.019428318366408348,nan,nan,0.7604424953460693,277.6512145996094,-0.611638605594635,0.7247930765151978,0.03313779830932617,1.0,1.0,12.303882598876953,nan
18.514436721801758,-0.7997522950172424,0.6207236051559448,-0.03426649048924446,0.01198591198772192,nan,nan,0.8993351459503174,277.65380859375,-0.6555197238922119,0.6509360074996948,-0.01799154281616211,1.0,1.0,12.303882598876953,nan
18.514936447143555,-0.8778722286224365,0.5057122111320496,-0.011707896366715431,-0.002898900071159005,nan,nan,1.0382568836212158,277.6578674316406,-0.7417013645172119,0.5331739187240601,0.0017933845520019531,1.0,1.0,12.303882598876953,nan
18.51543617248535,-0.9393916130065918,0.3788613975048065,-0.02782117761671543,0.008264708332717419,nan,nan,1.1778018474578857,277.6879577636719,-0.8201446533203125,0.443450927734375,-0.010198593139648438,1.0,1.0,12.303882598876953,nan
18.51593589782715,-0.9794281125068665,0.2418626844882965,-0.04715711623430252,0.004543505609035492,nan,nan,1.316361665725708,277.6759948730469,-0.8415399789810181,0.3081401288509369,-0.004062652587890625,1.0,1.0,12.303882598876953,nan
18.516435623168945,-1.0048171281814575,0.10993727296590805,-0.027821175754070282,-0.002898899372667074,nan,nan,1.454829454421997,277.66046142578125,-0.908961832523346,0.2087092399597168,-0.017292022705078125,1.0,1.0,12.303882598876953,nan
18.516935348510742,-1.002863883972168,-0.03213558718562126,-0.05682508274912834,-0.0010382974287495017,nan,nan,1.5931379795074463,277.6386413574219,-0.9020505547523499,0.0850888192653656,-0.023984909057617188,1.0,1.0,12.303882598876953,nan
18.51743507385254,-0.99309903383255,-0.17759107053279877,-0.03426649048924446,0.004543505609035492,nan,nan,1.7323248386383057,277.6542053222656,-0.93049556016922,-0.08611030131578445,0.0233612060546875,1.0,1.0,12.303882598876953,nan
18.51793670654297,-0.9589216709136963,-0.3112071454524994,-0.03587781637907028,-0.00941100437194109,nan,nan,1.871901273727417,277.68560791015625,-0.8814195394515991,-0.20584681630134583,0.020933151245117188,1.0,1.0,12.303882598876953,nan
18.518436431884766,-0.9022848606109619,-0.43636733293533325,-0.03587781637907028,-0.02057461254298687,nan,nan,2.0111191272735596,277.7013244628906,-0.8475892543792725,-0.2845538556575775,-0.02399730682373047,1.0,1.0,12.303882598876953,nan
18.518936157226562,-0.8368592858314514,-0.5564524531364441,-0.010096567682921886,-0.003829200519248843,nan,nan,2.150003671646118,277.7026672363281,-0.8073839545249939,-0.40451300144195557,-0.02231121063232422,1.0,1.0,12.303882598876953,nan
18.51943588256836,-0.7519040703773499,-0.6630073189735413,-0.04393446072936058,-0.027086719870567322,nan,nan,2.288363218307495,277.6820068359375,-0.8094600439071655,-0.5226621031761169,-0.05192136764526367,1.0,1.0,12.303882598876953,nan
18.519935607910156,-0.6542539596557617,-0.7644879817962646,0.004405386745929718,-0.027086718007922173,nan,nan,2.427217721939087,277.6826477050781,-0.6780895590782166,-0.645952582359314,-0.002780437469482422,1.0,1.0,12.303882598876953,nan
18.520435333251953,-0.539027214050293,-0.8490551710128784,-0.0213758647441864,-0.02150491438806057,nan,nan,2.5663697719573975,277.6958312988281,-0.5677352547645569,-0.721771776676178,0.0012464523315429688,1.0,1.0,12.303882598876953,nan
18.52093505859375,-0.4228239953517914,-0.9082521796226501,0.010850697755813599,-0.008480703458189964,nan,nan,2.705078363418579,277.6897888183594,-0.5182867646217346,-0.7846177220344543,-0.05495452880859375,1.0,1.0,12.303882598876953,nan
18.52143669128418,-0.284161239862442,-0.9691409468650818,-0.02782117761671543,-0.02150491438806057,nan,nan,2.844228982925415,277.70281982421875,-0.3303655982017517,-0.8751410245895386,0.029052734375,1.0,1.0,12.303882598876953,nan
18.521936416625977,-0.14940452575683594,-0.9962021708488464,0.02374132350087166,-0.015923108905553818,nan,nan,2.9842569828033447,277.7521057128906,-0.20475514233112335,-0.9087335467338562,0.028380393981933594,1.0,1.0,12.303882598876953,nan
18.522436141967773,-0.010741405189037323,-1.009732961654663,0.014073354192078114,-0.02150491438806057,nan,nan,3.1237709522247314,277.77886962890625,-0.09933951497077942,-0.9493705630302429,0.006143093109130859,1.0,1.0,12.303882598876953,nan
18.52293586730957,0.13182739913463593,-0.9928197264671326,-0.005262583494186401,-0.03825032711029053,nan,nan,-3.018876791000366,277.8482360839844,0.012385990470647812,-0.9243247509002686,-0.016810178756713867,1.0,1.0,12.303882598876953,nan
18.523435592651367,0.27439621090888977,-0.9759061932563782,-0.011707895435392857,-0.015923108905553818,nan,nan,-2.87980318069458,277.8545227050781,0.18460367619991302,-0.9436025619506836,0.024087190628051758,1.0,1.0,12.303882598876953,nan
18.523935317993164,0.4013410806655884,-0.921782910823822,0.012462027370929718,-0.029877619817852974,nan,nan,-2.7392351627349854,277.9234619140625,0.2903129458427429,-0.9087765216827393,-0.0005497932434082031,1.0,1.0,12.303882598876953,nan
18.52443504333496,0.5331682562828064,-0.8592032790184021,0.014073353260755539,-0.01778371073305607,nan,nan,-2.5999019145965576,277.939208984375,0.4323465824127197,-0.8381688594818115,0.027255773544311523,1.0,1.0,12.303882598876953,nan
18.52493667602539,0.6493716835975647,-0.779710054397583,0.0011827293783426285,-0.015923108905553818,nan,nan,-2.459925413131714,277.9814758300781,0.560822606086731,-0.7797048091888428,0.034644365310668945,1.0,1.0,12.303882598876953,nan
18.525436401367188,0.7440921664237976,-0.6765382289886475,-0.0020399270579218864,-0.01034130435436964,nan,nan,-2.320542335510254,277.9978332519531,0.5908079147338867,-0.6915919780731201,-0.021544694900512695,1.0,1.0,12.303882598876953,nan
18.525936126708984,0.8407652378082275,-0.569983184337616,0.0011827293783426285,-0.012201906181871891,nan,nan,-2.1799919605255127,278.0630798339844,0.7619349956512451,-0.5985739827156067,0.03609800338745117,1.0,1.0,12.303882598876953,nan
18.52643585205078,0.9081434607505798,-0.44651520252227783,0.0027940571308135986,-0.003829200519248843,nan,nan,-2.0399892330169678,278.1038513183594,0.8208072185516357,-0.509126603603363,0.006688117980957031,1.0,1.0,12.303882598876953,nan
18.526933670043945,0.9530625343322754,-0.307824969291687,0.02535264939069748,-0.01127160619944334,nan,nan,-1.9006770849227905,278.1145935058594,0.7757975459098816,-0.3870912194252014,-0.04043745994567871,1.0,1.0,12.303882598876953,nan
18.527433395385742,0.9979814887046814,-0.18266543745994568,0.01568468287587166,0.0036132056266069412,nan,nan,-1.7614914178848267,278.1199645996094,0.9556160569190979,-0.2786206603050232,-0.00033593177795410156,1.0,1.0,12.303882598876953,nan
18.52793312072754,1.0028643608093262,-0.03890105336904526,0.04791124165058136,0.005473805125802755,nan,nan,-1.6234012842178345,278.0791320800781,0.8684496879577637,-0.1593562364578247,-0.03636956214904785,1.0,1.0,12.303882598876953,nan
18.52843475341797,1.0077463388442993,0.09809808433055878,-0.003651255741715431,0.007334408350288868,nan,nan,-1.4858601093292236,278.0160827636719,0.9121026396751404,-0.016106119379401207,-0.010001897811889648,1.0,1.0,12.303882598876953,nan
18.528934478759766,0.9862638115882874,0.2300228476524353,0.010850697755813599,0.008264708332717419,nan,nan,-1.3477227687835693,277.97943115234375,0.9622002243995667,0.09543492645025253,-0.031725168228149414,1.0,1.0,12.303882598876953,nan
18.529434204101562,0.9413444399833679,0.36194783449172974,0.02535264939069748,0.009195009246468544,nan,nan,-1.210012435913086,277.92572021484375,0.8856410980224609,0.2061929702758789,-0.03960418701171875,1.0,1.0,12.303882598876953,nan
18.52993392944336,0.885684072971344,0.4854160249233246,0.006016713101416826,0.007334408350288868,nan,nan,-1.0722277164459229,277.8761901855469,0.8948202729225159,0.34576863050460815,-0.037401676177978516,1.0,1.0,12.303882598876953,nan
18.530433654785156,0.8056111931800842,0.610575795173645,0.0430772602558136,0.0250101201236248,nan,nan,-0.93359375,277.8636779785156,0.7672239542007446,0.4869215488433838,0.020978212356567383,1.0,1.0,12.303882598876953,nan
18.530933380126953,0.7255384922027588,0.7086738348007202,-0.005262583494186401,0.02128891833126545,nan,nan,-0.7954277992248535,277.83135986328125,0.780465841293335,0.5948471426963806,-0.031685829162597656,1.0,1.0,12.303882598876953,nan
18.531431198120117,0.6142176985740662,0.8000062108039856,0.014073355123400688,0.028731321915984154,nan,nan,-0.6587865352630615,277.7357482910156,0.6810065507888794,0.6587380170822144,-0.05090522766113281,1.0,1.0,12.303882598876953,nan
18.531932830810547,0.500943660736084,0.8778080940246582,-0.013319223187863827,0.022219218313694,nan,nan,-0.5202486515045166,277.7220764160156,0.5166394114494324,0.7508679032325745,0.01016092300415039,1.0,1.0,12.303882598876953,nan
18.532432556152344,0.3739989995956421,0.9420793056488037,-0.002039927989244461,0.0231495201587677,nan,nan,-0.3824961185455322,277.67535400390625,0.4371064603328705,0.8424564599990845,-0.0036115646362304688,1.0,1.0,12.303882598876953,nan
18.53293228149414,0.23924218118190765,0.9792888760566711,-0.013319223187863827,0.02035861648619175,nan,nan,-0.24394965171813965,277.66314697265625,0.2993963956832886,0.865419864654541,0.0034122467041015625,1.0,1.0,12.303882598876953,nan
18.533432006835938,0.10253250598907471,1.0029675960540771,-0.005262582562863827,0.017567714676260948,nan,nan,-0.1060333251953125,277.62493896484375,0.17855168879032135,0.9006770253181458,0.0028433799743652344,1.0,1.0,12.303882598876953,nan
18.533931732177734,-0.0302713755518198,1.0131157636642456,-0.0004285983741283417,0.018498016521334648,nan,nan,0.031522274017333984,277.572021484375,0.0816756933927536,0.9529660940170288,-0.02463841438293457,1.0,1.0,12.303882598876953,nan
18.53443145751953,-0.1728401780128479,0.9962021708488464,0.0269639790058136,0.034313127398490906,nan,nan,0.16945838928222656,277.53631591796875,-0.041706301271915436,0.9379040002822876,-0.0326840877532959,1.0,1.0,12.303882598876953,nan
18.534931182861328,-0.30564406514167786,0.962375283241272,-0.01654187962412834,0.02035861648619175,nan,nan,0.30820703506469727,277.5352783203125,-0.1774500161409378,0.9291921854019165,-0.027147769927978516,1.0,1.0,12.303882598876953,nan
18.535432815551758,-0.43844807147979736,0.9048697352409363,0.010850697755813599,0.0231495201587677,nan,nan,0.4465446472167969,277.5174255371094,-0.29678580164909363,0.8507339954376221,-0.018497943878173828,1.0,1.0,12.303882598876953,nan
18.535932540893555,-0.561486542224884,0.8439812660217285,0.01729601062834263,0.015707114711403847,nan,nan,0.5851142406463623,277.50958251953125,-0.45369675755500793,0.8183464407920837,0.013626813888549805,1.0,1.0,12.303882598876953,nan
18.53643226623535,-0.6747605800628662,0.7627967000007629,-0.01654187962412834,0.014776813797652721,nan,nan,0.7231178283691406,277.4779968261719,-0.602654755115509,0.7725406885147095,0.03195452690124512,1.0,1.0,12.303882598876953,nan
18.53693199157715,-0.7665514349937439,0.6511678695678711,-0.0068739112466573715,0.0240798182785511,nan,nan,0.861530065536499,277.464111328125,-0.6066314578056335,0.6420597434043884,-0.012098550796508789,1.0,1.0,12.303882598876953,nan
18.537431716918945,-0.8524832725524902,0.5429215431213379,-0.04393445700407028,0.017567716538906097,nan,nan,1.0008947849273682,277.4908447265625,-0.7622900605201721,0.5562394857406616,0.03211498260498047,1.0,1.0,12.303882598876953,nan
18.537931442260742,-0.9169321656227112,0.4245279133319855,-0.07293836027383804,-0.006620100233703852,nan,nan,1.1394212245941162,277.4817810058594,-0.8487455248832703,0.48590242862701416,0.0038967132568359375,1.0,1.0,12.303882598876953,nan
18.53843116760254,-0.9628276228904724,0.29091140627861023,-0.03426649048924446,0.004543505609035492,nan,nan,1.276839017868042,277.4264221191406,-0.8554964065551758,0.3643760085105896,-0.016326904296875,1.0,1.0,12.303882598876953,nan
18.53893280029297,-0.9950520396232605,0.1539122611284256,-0.03910047188401222,0.005473806988447905,nan,nan,1.4154150485992432,277.4207763671875,-0.891261637210846,0.21043625473976135,0.016018390655517578,1.0,1.0,12.303882598876953,nan
18.539432525634766,-1.002864122390747,0.018604658544063568,-0.027821175754070282,0.004543505609035492,nan,nan,1.5526974201202393,277.3608093261719,-0.8923062682151794,0.1122073233127594,-0.01464080810546875,1.0,1.0,12.303882598876953,nan
18.539932250976562,-1.002863883972168,-0.11332032084465027,-0.02298719249665737,0.016637414693832397,nan,nan,1.6912634372711182,277.35601806640625,-0.9998429417610168,-0.010318337939679623,-0.017809391021728516,1.0,1.0,12.303882598876953,nan
18.54043197631836,-0.9735689759254456,-0.2587758004665375,-0.03426648676395416,-0.0028988984413444996,nan,nan,1.8297736644744873,277.3490295410156,-0.9366377592086792,-0.1635899394750595,0.0063724517822265625,1.0,1.0,12.303882598876953,nan
18.540931701660156,-0.9247439503669739,-0.3907007873058319,-0.04071180149912834,-0.014062508009374142,nan,nan,1.968682050704956,277.3587341308594,-0.889952540397644,-0.2762378752231598,-0.004523754119873047,1.0,1.0,12.303882598876953,nan
18.541431427001953,-0.8651778697967529,-0.5141689777374268,-0.02782117761671543,-0.010341305285692215,nan,nan,2.106931447982788,277.3404846191406,-0.8801589012145996,-0.40503770112991333,-0.012486457824707031,1.0,1.0,12.303882598876953,nan
18.54193115234375,-0.7948700785636902,-0.6224151253700256,-0.03426649048924446,-0.010341305285692215,nan,nan,2.2445785999298096,277.2974548339844,-0.8609938025474548,-0.5137551426887512,-0.04358196258544922,1.0,1.0,12.303882598876953,nan
18.54243278503418,-0.6923375725746155,-0.7323523759841919,-0.027821175754070282,-0.025226116180419922,nan,nan,2.382636308670044,277.2727966308594,-0.7007381916046143,-0.6323672533035278,0.014763355255126953,1.0,1.0,12.303882598876953,nan
18.542932510375977,-0.5829698443412781,-0.8135371804237366,0.009239370003342628,-0.007550403010100126,nan,nan,2.5216305255889893,277.2878723144531,-0.5841541290283203,-0.6608899235725403,-0.011538982391357422,1.0,1.0,12.303882598876953,nan
18.543432235717773,-0.46969565749168396,-0.8913388848304749,-0.003651255276054144,-0.007550403010100126,nan,nan,2.661120653152466,277.3233642578125,-0.5246533155441284,-0.7804176807403564,-0.019079208374023438,1.0,1.0,12.303882598876953,nan
18.543930053710938,-0.3329862356185913,-0.9522274136543274,-0.011707896366715431,-0.02150491438806057,nan,nan,2.801117181777954,277.37969970703125,-0.34509897232055664,-0.8620960116386414,0.05234813690185547,1.0,1.0,12.303882598876953,nan
18.544429779052734,-0.200182244181633,-0.98943692445755,0.0011827284470200539,-0.01034130435436964,nan,nan,2.9402525424957275,277.3984375,-0.23471027612686157,-0.8985428214073181,0.03842449188232422,1.0,1.0,12.303882598876953,nan
18.54492950439453,-0.05956639349460602,-1.0029675960540771,-0.006873910315334797,-0.02057461254298687,nan,nan,3.0799591541290283,277.44085693359375,-0.13576622307300568,-0.9164574146270752,0.007030963897705078,1.0,1.0,12.303882598876953,nan
18.545429229736328,0.08690833300352097,-1.009732961654663,-0.008485238999128342,-0.01778371073305607,nan,nan,-3.0647385120391846,277.43084716796875,0.021624742075800896,-0.9414694905281067,0.038710594177246094,1.0,1.0,12.303882598876953,nan
18.545930862426758,0.2119002342224121,-0.9792888760566711,0.01729600876569748,-0.028947317972779274,nan,nan,-2.925912857055664,277.4353942871094,0.0801854357123375,-0.9401122331619263,-0.03831338882446289,1.0,1.0,12.303882598876953,nan
18.546430587768555,0.34860992431640625,-0.9454617500305176,0.0011827293783426285,-0.01964431069791317,nan,nan,-2.7888786792755127,277.3645324707031,0.2101198136806488,-0.9073961973190308,-0.0328829288482666,1.0,1.0,12.303882598876953,nan
18.54693031311035,0.48141416907310486,-0.887956440448761,-0.003651255276054144,-0.001968598924577236,nan,nan,-2.649693250656128,277.3858642578125,0.3929251730442047,-0.8396416902542114,0.03837895393371582,1.0,1.0,12.303882598876953,nan
18.54743003845215,0.5898050665855408,-0.8152285218238831,0.01729600876569748,-0.004759501665830612,nan,nan,-2.5122733116149902,277.3321533203125,0.4429830312728882,-0.8163447976112366,-0.03990483283996582,1.0,1.0,12.303882598876953,nan
18.547927856445312,0.7060084939002991,-0.7289698123931885,0.0060167135670781136,-0.013132207095623016,nan,nan,-2.3741800785064697,277.3081359863281,0.6217737793922424,-0.7373968958854675,0.025624990463256836,1.0,1.0,12.303882598876953,nan
18.54842758178711,0.7880346179008484,-0.6207236051559448,0.02212999388575554,0.005473806522786617,nan,nan,-2.235517978668213,277.30828857421875,0.6499962210655212,-0.661011278629303,-0.036835432052612305,1.0,1.0,12.303882598876953,nan
18.548927307128906,0.8759190440177917,-0.5090950727462769,0.0269639790058136,-0.014062508940696716,nan,nan,-2.0967419147491455,277.3135986328125,0.7934128046035767,-0.5551767349243164,0.007830381393432617,1.0,1.0,12.303882598876953,nan
18.549427032470703,0.9354857802391052,-0.3788613975048065,0.014073354192078114,-0.008480704389512539,nan,nan,-1.9573839902877808,277.3430480957031,0.8469381332397461,-0.43638280034065247,0.0032384395599365234,1.0,1.0,12.303882598876953,nan
18.549928665161133,0.9745454788208008,-0.2435537725687027,0.0591905415058136,0.004543505609035492,nan,nan,-1.8185667991638184,277.3490295410156,0.8925338387489319,-0.32985010743141174,-0.013875007629394531,1.0,1.0,12.303882598876953,nan
18.55042839050293,1.0038405656814575,-0.11162880063056946,0.0011827289126813412,0.006404107436537743,nan,nan,-1.6804194450378418,277.326904296875,0.9168002009391785,-0.20878979563713074,-0.021984100341796875,1.0,1.0,12.303882598876953,nan
18.550928115844727,1.0116525888442993,0.030444275587797165,0.04629991576075554,0.004543505609035492,nan,nan,-1.5430166721343994,277.27386474609375,0.950771152973175,-0.08419036120176315,-0.02381277084350586,1.0,1.0,12.303882598876953,nan
18.551427841186523,0.9970049858093262,0.16406035423278809,0.01568468101322651,0.014776812866330147,nan,nan,-1.405478596687317,277.2276306152344,0.9437205195426941,0.03898787498474121,-0.031790971755981445,1.0,1.0,12.303882598876953,nan
18.55192756652832,0.9755220413208008,0.28922009468078613,0.009239370003342628,0.009195009246468544,nan,nan,-1.2679877281188965,277.180419921875,1.0093262195587158,0.1514965146780014,-0.06172776222229004,1.0,1.0,12.303882598876953,nan
18.552427291870117,0.9091202616691589,0.43805840611457825,0.04791124537587166,0.007334408350288868,nan,nan,-1.130500078201294,277.13427734375,0.8044109344482422,0.3051700294017792,0.014701128005981445,1.0,1.0,12.303882598876953,nan
18.552927017211914,0.851506769657135,0.5513784885406494,0.004405384883284569,0.01198591198772192,nan,nan,-0.9925127029418945,277.1097717285156,0.8518753051757812,0.4394666254520416,-0.009721755981445312,1.0,1.0,12.303882598876953,nan
18.553428649902344,0.7675277590751648,0.6630073189735413,0.0350206196308136,0.012916212901473045,nan,nan,-0.8548684120178223,277.0714111328125,0.8097081184387207,0.5422386527061462,-0.03367042541503906,1.0,1.0,12.303882598876953,nan
18.55392837524414,0.6708545088768005,0.7627964615821838,0.004405384883284569,0.013846512883901596,nan,nan,-0.7168762683868408,277.048583984375,0.7162377238273621,0.6564712524414062,-0.0198056697845459,1.0,1.0,12.303882598876953,nan
18.554428100585938,0.5526983141899109,0.8524379730224609,0.02374132163822651,0.034313127398490906,nan,nan,-0.5783255100250244,277.0494689941406,0.5808753371238708,0.7490993142127991,0.011102914810180664,1.0,1.0,12.303882598876953,nan
18.554927825927734,0.42672979831695557,0.921782910823822,0.02212999388575554,0.0017526040319353342,nan,nan,-0.4387204647064209,277.0948181152344,0.4296320676803589,0.7973182797431946,0.03696131706237793,1.0,1.0,12.303882598876953,nan
18.55542755126953,0.3017383813858032,0.962375283241272,0.01568468101322651,0.0240798182785511,nan,nan,-0.30065464973449707,277.0739440917969,0.4295623302459717,0.8329182267189026,-0.08352923393249512,1.0,1.0,12.303882598876953,nan
18.555927276611328,0.16502821445465088,1.0029675960540771,-0.010096566751599312,0.01291621197015047,nan,nan,-0.16278648376464844,277.0458679199219,0.21346023678779602,0.9107687473297119,0.024982452392578125,1.0,1.0,12.303882598876953,nan
18.556427001953125,0.03027174435555935,1.009732961654663,-0.01815320923924446,0.028731325641274452,nan,nan,-0.02521824836730957,277.0057067871094,0.16015732288360596,0.9253541827201843,-0.05409097671508789,1.0,1.0,12.303882598876953,nan
18.556928634643555,-0.11034446954727173,1.0131157636642456,0.010850697755813599,0.0250101201236248,nan,nan,0.11159777641296387,276.9350280761719,-0.025587817654013634,0.9625163078308105,0.007283449172973633,1.0,1.0,12.303882598876953,nan
18.55742835998535,-0.25095993280410767,0.9860541224479675,0.0189073383808136,0.02221922017633915,nan,nan,0.2508704662322998,276.9688415527344,-0.15149883925914764,0.9397954940795898,0.0012476444244384766,1.0,1.0,12.303882598876953,nan
18.55792808532715,-0.3837639391422272,0.9386964440345764,-0.0213758647441864,0.015707112848758698,nan,nan,0.3900480270385742,276.9980163574219,-0.2828984558582306,0.8832765817642212,0.012256383895874023,1.0,1.0,12.303882598876953,nan
18.558427810668945,-0.5068028569221497,0.8811909556388855,-0.003651255276054144,0.0017526037991046906,nan,nan,0.5271050930023193,276.93743896484375,-0.38316646218299866,0.8750279545783997,-0.022186279296875,1.0,1.0,12.303882598876953,nan
18.558927536010742,-0.6249591708183289,0.8016975522041321,0.014073353260755539,0.015707112848758698,nan,nan,0.6643960475921631,276.88800048828125,-0.49156680703163147,0.7887664437294006,-0.014890432357788086,1.0,1.0,12.303882598876953,nan
18.55942726135254,-0.7313974499702454,0.7120562195777893,-0.01654187962412834,0.016637414693832397,nan,nan,0.802764892578125,276.8849792480469,-0.6656962633132935,0.7209362983703613,0.03522014617919922,1.0,1.0,12.303882598876953,nan
18.55992889404297,-0.8231883645057678,0.6004274487495422,0.009239369072020054,0.018498016521334648,nan,nan,0.941946268081665,276.916015625,-0.7017577290534973,0.6070883870124817,0.00795602798461914,1.0,1.0,12.303882598876953,nan
18.560428619384766,-0.8895902633666992,0.4718855023384094,-0.0374891459941864,0.017567716538906097,nan,nan,1.0802586078643799,276.9097900390625,-0.7284749150276184,0.5092378854751587,-0.02739858627319336,1.0,1.0,12.303882598876953,nan
18.56092643737793,-0.9550157189369202,0.35179951786994934,-0.014930551871657372,0.010125309228897095,nan,nan,1.2182319164276123,276.8898010253906,-0.8849770426750183,0.39434394240379333,0.025742530822753906,1.0,1.0,12.303882598876953,nan
18.561426162719727,-0.9901695251464844,0.20972667634487152,-0.03587781637907028,0.014776813797652721,nan,nan,1.3578083515167236,276.9373474121094,-0.8688008189201355,0.25236305594444275,0.022663116455078125,1.0,1.0,12.303882598876953,nan
18.561925888061523,-1.0077463388442993,0.0710364282131195,-0.0213758647441864,0.006404106505215168,nan,nan,1.496624231338501,276.9519348144531,-0.892433226108551,0.13966505229473114,0.011257648468017578,1.0,1.0,12.303882598876953,nan
18.56242561340332,-1.0077463388442993,-0.0710364282131195,-0.022987190634012222,0.007334408350288868,nan,nan,1.635822057723999,276.9822082519531,-0.8983580470085144,0.01134746614843607,0.014693737030029297,1.0,1.0,12.303882598876953,nan
18.562925338745117,-0.9911461472511292,-0.20803512632846832,0.01568468101322651,-0.01871401071548462,nan,nan,1.7749783992767334,277.0102844238281,-0.9097883105278015,-0.1387612372636795,0.039635658264160156,1.0,1.0,12.303882598876953,nan
18.563425064086914,-0.9462273120880127,-0.34672579169273376,-0.05682508274912834,-0.008480703458189964,nan,nan,1.9136736392974854,277.0184020996094,-0.8816782236099243,-0.2464592605829239,0.022092342376708984,1.0,1.0,12.303882598876953,nan
18.563926696777344,-0.9013082385063171,-0.4651198387145996,0.001182729029096663,0.0008223031763918698,nan,nan,2.053030252456665,277.0538635253906,-0.9221817255020142,-0.3614046275615692,-0.016484737396240234,1.0,1.0,12.303882598876953,nan
18.56442642211914,-0.822211742401123,-0.5953533053398132,-0.03104383312165737,0.006404107436537743,nan,nan,2.1912291049957275,277.0401916503906,-0.8111007809638977,-0.49738582968711853,0.022052764892578125,1.0,1.0,12.303882598876953,nan
18.564924240112305,-0.7450684905052185,-0.6951431035995483,-0.010096567682921886,-0.003829200519248843,nan,nan,2.330479860305786,277.0706787109375,-0.8364406228065491,-0.6013771295547485,-0.044205665588378906,1.0,1.0,12.303882598876953,nan
18.5654239654541,-0.6269121766090393,-0.7983149290084839,-0.03104383312165737,-0.015923108905553818,nan,nan,2.4695403575897217,277.09307861328125,-0.6332771182060242,-0.7022236585617065,0.03068828582763672,1.0,1.0,12.303882598876953,nan
18.5659236907959,-0.5077792406082153,-0.8761168122291565,0.0011827284470200539,-0.01034130435436964,nan,nan,2.609992265701294,277.173095703125,-0.5011066198348999,-0.7473033666610718,0.033403873443603516,1.0,1.0,12.303882598876953,nan
18.566423416137695,-0.38181087374687195,-0.9420793056488037,-0.0374891459941864,-0.012201906181871891,nan,nan,2.7508537769317627,277.2688293457031,-0.43985697627067566,-0.853129506111145,0.00711822509765625,1.0,1.0,12.303882598876953,nan
18.566923141479492,-0.23924241960048676,-0.98943692445755,0.04952257126569748,-0.008480705320835114,nan,nan,2.892881155014038,277.4114685058594,-0.22954267263412476,-0.9001631140708923,0.09184646606445312,1.0,1.0,12.303882598876953,nan
18.567424774169922,-0.09862633794546127,-1.0131157636642456,-0.02298719249665737,-0.02057461254298687,nan,nan,3.0330049991607666,277.4712829589844,-0.15640956163406372,-0.9405774474143982,0.0364079475402832,1.0,1.0,12.303882598876953,nan
18.56792449951172,0.04784838855266571,-1.0232640504837036,-0.02459852024912834,-0.01778371073305607,nan,nan,-3.1110384464263916,277.48834228515625,-0.010740888305008411,-0.9472664594650269,0.05077648162841797,1.0,1.0,12.303882598876953,nan
18.568424224853516,0.18065214157104492,-0.9995852112770081,-0.011707895435392857,-0.015923108905553818,nan,nan,-2.9709420204162598,277.545166015625,0.06405926495790482,-0.9634155035018921,-0.011830329895019531,1.0,1.0,12.303882598876953,nan
18.568923950195312,0.33103278279304504,-0.9657580852508545,-0.008485239930450916,-0.02150491438806057,nan,nan,-2.829711437225342,277.648681640625,0.27131110429763794,-0.898725152015686,0.07412385940551758,1.0,1.0,12.303882598876953,nan
18.56942367553711,0.45211902260780334,-0.9116352200508118,-0.008485239930450916,-0.014062508940696716,nan,nan,-2.6898272037506104,277.6930236816406,0.3104592263698578,-0.9084433317184448,-0.030061006546020508,1.0,1.0,12.303882598876953,nan
18.569923400878906,0.5878523588180542,-0.8389071226119995,-0.008485239930450916,-0.014062508940696716,nan,nan,-2.550081968307495,277.730712890625,0.4916321635246277,-0.8151821494102478,0.04390263557434082,1.0,1.0,12.303882598876953,nan
18.570423126220703,0.6864784359931946,-0.7357350587844849,0.0511339008808136,-0.024295814335346222,nan,nan,-2.409651279449463,277.7962951660156,0.5429161190986633,-0.7210614085197449,0.006023406982421875,1.0,1.0,12.303882598876953,nan
18.570924758911133,0.7987759709358215,-0.6494765877723694,-0.0036512548103928566,-0.014992807991802692,nan,nan,-2.2697741985321045,277.837646484375,0.7474441528320312,-0.6614097356796265,0.06742620468139648,1.0,1.0,12.303882598876953,nan
18.57142448425293,0.8739662766456604,-0.5260081887245178,0.0060167135670781136,-0.013132207095623016,nan,nan,-2.129786968231201,277.88238525390625,0.7670336365699768,-0.5807808637619019,0.003514528274536133,1.0,1.0,12.303882598876953,nan
18.571924209594727,0.9374384880065918,-0.4025402069091797,-0.011707896366715431,-0.02150491438806057,nan,nan,-1.990145206451416,277.9117431640625,0.8274727463722229,-0.49835360050201416,-0.030259370803833008,1.0,1.0,12.303882598876953,nan
18.572423934936523,0.9891929626464844,-0.26554128527641296,-0.0004285993054509163,-0.01127160619944334,nan,nan,-1.8498029708862305,277.9699401855469,0.9069736003875732,-0.34537485241889954,0.007811307907104492,1.0,1.0,12.303882598876953,nan
18.57292366027832,1.0175113677978516,-0.12854214012622833,0.04629991576075554,0.004543505609035492,nan,nan,-1.7112256288528442,277.9526672363281,0.9483224749565125,-0.22994214296340942,-0.004861116409301758,1.0,1.0,12.303882598876953,nan
18.573423385620117,1.0292292833328247,0.01353071816265583,0.0011827291455119848,-0.004759501200169325,nan,nan,-1.5722461938858032,277.952880859375,0.9825465679168701,-0.08482379466295242,0.007977724075317383,1.0,1.0,12.303882598876953,nan
18.573923110961914,1.0155584812164307,0.1522211730480194,0.009239370003342628,0.007334408350288868,nan,nan,-1.432926893234253,277.9671936035156,0.9661625623703003,0.027862142771482468,-0.016492128372192383,1.0,1.0,12.303882598876953,nan
18.574424743652344,0.9784514307975769,0.2976766526699066,0.02212999388575554,-0.026156416162848473,nan,nan,-1.294517993927002,277.9429626464844,0.8918313980102539,0.15142016112804413,-0.01555323600769043,1.0,1.0,12.303882598876953,nan
18.57492446899414,0.93646240234375,0.42452767491340637,0.009239369072020054,0.016637414693832397,nan,nan,-1.1544424295425415,277.9892578125,0.9392147064208984,0.31506821513175964,-6.794929504394531e-05,1.0,1.0,12.303882598876953,nan
18.575424194335938,0.8612720966339111,0.5547611117362976,0.05274522677063942,0.008264707401394844,nan,nan,-1.0155236721038818,277.9861755371094,0.8544613122940063,0.42453625798225403,-0.0015347003936767578,1.0,1.0,12.303882598876953,nan
18.575923919677734,0.7743633389472961,0.6646986603736877,0.0027940571308135986,0.018498016521334648,nan,nan,-0.875758171081543,278.0185546875,0.7671800851821899,0.5324735641479492,0.00434565544128418,1.0,1.0,12.303882598876953,nan
18.57642364501953,0.6796430945396423,0.7678704261779785,0.04952257126569748,0.010125311091542244,nan,nan,-0.7375762462615967,277.98370361328125,0.7358014583587646,0.6381330490112305,-0.02627730369567871,1.0,1.0,12.303882598876953,nan
18.576923370361328,0.5683223605155945,0.8524377942085266,-0.013319223187863827,0.022219218313694,nan,nan,-0.5982921123504639,277.9958190917969,0.6318529844284058,0.7442939877510071,-0.013008594512939453,1.0,1.0,12.303882598876953,nan
18.577421188354492,0.4384478032588959,0.9285486340522766,0.04791124537587166,0.007334408350288868,nan,nan,-0.45935893058776855,277.99298095703125,0.5059695243835449,0.7998567819595337,-0.012094736099243164,1.0,1.0,12.303882598876953,nan
18.577922821044922,0.3095499575138092,0.9759061932563782,-0.010096567682921886,0.005473806522786617,nan,nan,-0.3185582160949707,278.0687255859375,0.37520503997802734,0.8571953177452087,-0.0013861656188964844,1.0,1.0,12.303882598876953,nan
18.57842254638672,0.17088733613491058,1.009732961654663,-0.005262583494186401,0.02128891833126545,nan,nan,-0.17973971366882324,278.0596008300781,0.27642831206321716,0.9207915663719177,-0.019340991973876953,1.0,1.0,12.303882598876953,nan
18.578922271728516,0.026365211233496666,1.030029296875,0.03663194924592972,0.0064041088335216045,nan,nan,-0.04058265686035156,278.06500244140625,0.10568471252918243,0.9528514742851257,0.022864580154418945,1.0,1.0,12.303882598876953,nan
18.579421997070312,-0.1181563064455986,1.019881010055542,-0.02298719435930252,0.029661623761057854,nan,nan,0.10045170783996582,278.14923095703125,-0.05269531533122063,0.9757898449897766,0.04636955261230469,1.0,1.0,12.303882598876953,nan
18.57992172241211,-0.2587722837924957,0.9928197264671326,0.0011827275156974792,0.0231495201587677,nan,nan,0.2397761344909668,278.1596374511719,-0.1390843540430069,0.9269857406616211,0.001840353012084961,1.0,1.0,12.303882598876953,nan
18.580421447753906,-0.3935287296772003,0.9454617500305176,-0.02620984986424446,0.018498016521334648,nan,nan,0.38016200065612793,278.2146301269531,-0.28074681758880615,0.9092105031013489,0.012080192565917969,1.0,1.0,12.303882598876953,nan
18.580921173095703,-0.528285562992096,0.8811907172203064,0.009239370003342628,0.02035861648619175,nan,nan,0.5200560092926025,278.2478942871094,-0.41362476348876953,0.8496146202087402,0.025824546813964844,1.0,1.0,12.303882598876953,nan
18.581422805786133,-0.6386300325393677,0.7983151078224182,-0.02459852024912834,0.010125311091542244,nan,nan,0.6599788665771484,278.28125,-0.48769503831863403,0.7931197285652161,-0.016016483306884766,1.0,1.0,12.303882598876953,nan
18.581920623779297,-0.7519039511680603,0.7035994529724121,0.0269639790058136,0.015707114711403847,nan,nan,0.7994117736816406,278.2936706542969,-0.6248555183410645,0.6981885433197021,0.023438453674316406,1.0,1.0,12.303882598876953,nan
18.582420349121094,-0.8388121724128723,0.5868967175483704,-0.014930551871657372,0.015707114711403847,nan,nan,0.9397323131561279,278.3428955078125,-0.6925155520439148,0.5859225988388062,0.021683216094970703,1.0,1.0,12.303882598876953,nan
18.58292007446289,-0.9149792194366455,0.4685024619102478,-0.0068739112466573715,0.009195009246468544,nan,nan,1.0800111293792725,278.38958740234375,-0.8162649869918823,0.48110321164131165,0.05117034912109375,1.0,1.0,12.303882598876953,nan
18.583419799804688,-0.9677100777626038,0.329812228679657,-0.03104383312165737,0.006404107436537743,nan,nan,1.2209866046905518,278.4643859863281,-0.8547348976135254,0.36781367659568787,0.036371707916259766,1.0,1.0,12.303882598876953,nan
18.583919525146484,-1.001887559890747,0.18943047523498535,-0.027821175754070282,0.0026829044800251722,nan,nan,1.3615658283233643,278.5211486816406,-0.9048625826835632,0.2601602077484131,0.022161483764648438,1.0,1.0,12.303882598876953,nan
18.58441925048828,-1.019464373588562,0.05074024572968483,-0.019764535129070282,-0.00010799690790008754,nan,nan,1.501049280166626,278.53045654296875,-0.9056193232536316,0.13568302989006042,0.013892173767089844,1.0,1.0,12.303882598876953,nan
18.58492088317871,-1.0145819187164307,-0.09302413463592529,-0.03587781637907028,-0.001968598924577236,nan,nan,1.640669584274292,278.5454406738281,-0.9014645218849182,0.0053633288480341434,0.017057418823242188,1.0,1.0,12.303882598876953,nan
18.585420608520508,-0.9833343029022217,-0.2350969910621643,-0.0374891459941864,-0.004759501665830612,nan,nan,1.78055739402771,278.57135009765625,-0.8400291800498962,-0.10983210802078247,0.013121604919433594,1.0,1.0,12.303882598876953,nan
18.585920333862305,-0.9501332640647888,-0.36702197790145874,-0.008485239930450916,-0.004759501200169325,nan,nan,1.92091965675354,278.6167297363281,-0.8971744179725647,-0.27147769927978516,0.03669548034667969,1.0,1.0,12.303882598876953,nan
18.5864200592041,-0.8827547430992126,-0.49725541472435,-0.03104383312165737,-0.012201906181871891,nan,nan,2.060802698135376,278.640869140625,-0.8199800252914429,-0.3671499192714691,0.02391958236694336,1.0,1.0,12.303882598876953,nan
18.5869197845459,-0.8183057904243469,-0.615649938583374,0.0011827289126813412,0.004543505609035492,nan,nan,2.201519250869751,278.69952392578125,-0.8411770462989807,-0.5154519081115723,0.011946678161621094,1.0,1.0,12.303882598876953,nan
18.587419509887695,-0.7216324806213379,-0.7289698123931885,-0.010096567682921886,-0.00010799744632095098,nan,nan,2.3417322635650635,278.73590087890625,-0.7462582588195801,-0.6381397247314453,0.029518604278564453,1.0,1.0,12.303882598876953,nan
18.587919235229492,-0.6054292321205139,-0.8219939470291138,-0.01654187962412834,-0.005689801648259163,nan,nan,2.4825422763824463,278.796630859375,-0.6035974621772766,-0.7127941250801086,0.049513816833496094,1.0,1.0,12.303882598876953,nan
18.588420867919922,-0.4833667576313019,-0.8947216868400574,-0.02782117761671543,-0.014062508940696716,nan,nan,2.6244232654571533,278.9009704589844,-0.5208632946014404,-0.7758764624595642,0.018956661224365234,1.0,1.0,12.303882598876953,nan
18.58892059326172,-0.3486100435256958,-0.9589928984642029,-0.02298719249665737,-0.013132207095623016,nan,nan,2.766408681869507,279.0074768066406,-0.36892521381378174,-0.847877562046051,0.05798149108886719,1.0,1.0,12.303882598876953,nan
18.589420318603516,-0.20799432694911957,-0.9962021708488464,0.0027940571308135986,-0.01127160619944334,nan,nan,2.908536672592163,279.11773681640625,-0.23450995981693268,-0.8997244238853455,0.071380615234375,1.0,1.0,12.303882598876953,nan
18.589920043945312,-0.06542552262544632,-1.019881010055542,0.0350206196308136,-0.01871401071548462,nan,nan,3.0506279468536377,279.2242431640625,-0.1092730462551117,-0.9492902159690857,0.06968498229980469,1.0,1.0,12.303882598876953,nan
18.59041976928711,0.08104944974184036,-1.0232640504837036,-0.008485239930450916,-0.014062508940696716,nan,nan,-3.0925397872924805,279.2412414550781,0.00958697497844696,-0.9486929178237915,0.05431985855102539,1.0,1.0,12.303882598876953,nan
18.590919494628906,0.217759370803833,-0.9962021708488464,-0.003651255741715431,-0.024295814335346222,nan,nan,-2.9504928588867188,279.3431091308594,0.1069188341498375,-0.9570364356040955,0.01328730583190918,1.0,1.0,12.303882598876953,nan
18.591419219970703,0.36032816767692566,-0.9556100368499756,0.0011827293783426285,-0.02336551435291767,nan,nan,-2.809433937072754,279.4013366699219,0.24515503644943237,-0.9137951731681824,0.023142099380493164,1.0,1.0,12.303882598876953,nan
18.591920852661133,0.4911787211894989,-0.8981041312217712,-0.018153207376599312,-0.014062508009374142,nan,nan,-2.667956829071045,279.47601318359375,0.3726423978805542,-0.892005980014801,0.015267133712768555,1.0,1.0,12.303882598876953,nan
18.59242057800293,0.6083590388298035,-0.8169195652008057,0.007628041319549084,0.0026829044800251722,nan,nan,-2.527495861053467,279.5062561035156,0.47583287954330444,-0.7860777974128723,0.02345585823059082,1.0,1.0,12.303882598876953,nan
18.592920303344727,0.7265152335166931,-0.7272782921791077,0.0027940571308135986,-0.01127160619944334,nan,nan,-2.386260986328125,279.5685729980469,0.6525118947029114,-0.7280917763710022,0.06881451606750488,1.0,1.0,12.303882598876953,nan
18.593420028686523,0.8153762817382812,-0.6139581799507141,0.007628041319549084,-0.0010382984764873981,nan,nan,-2.2448747158050537,279.6358337402344,0.700622022151947,-0.6375774145126343,0.029050350189208984,1.0,1.0,12.303882598876953,nan
18.59391975402832,0.8925197720527649,-0.49387258291244507,0.012462025508284569,-0.003829200053587556,nan,nan,-2.1036875247955322,279.6931457519531,0.7580649256706238,-0.5667180418968201,-0.015938520431518555,1.0,1.0,12.303882598876953,nan
18.594417572021484,0.9569684863090515,-0.36194783449172974,0.01568468287587166,-0.003829200053587556,nan,nan,-1.9623900651931763,279.7541198730469,0.8486388325691223,-0.4388924241065979,0.0075457096099853516,1.0,1.0,12.303882598876953,nan
18.59491729736328,0.9989579319953918,-0.22833174467086792,0.05435655638575554,0.0017526029841974378,nan,nan,-1.8216732740402222,279.7894287109375,0.9269368648529053,-0.32745906710624695,0.004534006118774414,1.0,1.0,12.303882598876953,nan
18.595417022705078,1.0223942995071411,-0.08625845611095428,0.01568468101322651,-0.001968598924577236,nan,nan,-1.6816381216049194,279.7953186035156,0.9449493288993835,-0.18821541965007782,0.007490873336791992,1.0,1.0,12.303882598876953,nan
18.595918655395508,1.023370385169983,0.057505711913108826,0.05274522677063942,0.008264707401394844,nan,nan,-1.5411163568496704,279.8215637207031,0.9689203500747681,-0.04889340698719025,0.013190031051635742,1.0,1.0,12.303882598876953,nan
18.596418380737305,1.002864122390747,0.20127010345458984,0.0269639790058136,0.006404107436537743,nan,nan,-1.401689052581787,279.8012390136719,0.9221817851066589,0.05881565809249878,-0.012239217758178711,1.0,1.0,12.303882598876953,nan
