time_s,v_alpha_v,v_beta_v,i_alpha_a,i_beta_a,encoder_angle_rad,encoder_speed_rad_s,pll_angle_rad,pll_speed_rad_s,emf_alpha_v,emf_beta_v,phase_error_rad,locked,active,bus_voltage_v,angle_error_rad
11.418827056884766,0.8812658190727234,-0.663723886013031,0.07495881617069244,-0.2395189106464386,nan,nan,-1.3252284526824951,163.4366455078125,0.5902068614959717,0.13846153020858765,0.039499521255493164,1.0,0.0,12.1620512008667,nan
11.419326782226562,0.9353196024894714,-0.5901626944541931,0.13135530054569244,-0.22928562760353088,nan,nan,-1.2430769205093384,163.4547882080078,0.6206787824630737,0.17987634241580963,0.00887298583984375,1.0,0.0,12.1620512008667,nan
11.41982650756836,0.9845468401908875,-0.5115855932235718,0.09912875294685364,-0.21254020929336548,nan,nan,-1.1598455905914307,163.51768493652344,0.6056787967681885,0.21811461448669434,-0.01083993911743164,1.0,0.0,12.1620512008667,nan
11.420327186584473,1.0163997411727905,-0.4296649098396301,0.12652131915092468,-0.20788870751857758,nan,nan,-1.0783812999725342,163.50538635253906,0.5124949216842651,0.2293819785118103,-0.017154216766357422,1.0,0.0,12.1620512008667,nan
11.42082691192627,1.0492182970046997,-0.34607258439064026,0.14102327823638916,-0.21254020929336548,nan,nan,-0.9958715438842773,163.53726196289062,0.496430367231369,0.25490209460258484,-0.046248435974121094,1.0,0.0,12.1620512008667,nan
11.421326637268066,1.072383999824524,-0.2524491548538208,0.16197052597999573,-0.17067667841911316,nan,nan,-0.9129440784454346,163.5861358642578,0.42872878909111023,0.33038997650146484,0.053464412689208984,1.0,0.0,12.1620512008667,nan
11.42182731628418,1.0965150594711304,-0.16384099423885345,0.18936310708522797,-0.16416457295417786,nan,nan,-0.831118106842041,163.58746337890625,0.4776434302330017,0.37331223487854004,-0.021846294403076172,1.0,0.0,12.1620512008667,nan
11.42232608795166,1.107132911682129,-0.07188959419727325,0.19097444415092468,-0.15021006762981415,nan,nan,-0.749657392501831,163.57334899902344,0.44027039408683777,0.4141063988208771,-0.01188802719116211,1.0,0.0,12.1620512008667,nan
11.422825813293457,1.1042369604110718,0.023405855521559715,0.26187288761138916,-0.13160403072834015,nan,nan,-0.6703870296478271,163.46766662597656,0.38276785612106323,0.44400179386138916,0.013455390930175781,1.0,0.0,12.1620512008667,nan
11.423325538635254,1.1023067235946655,0.11368585377931595,0.23125764727592468,-0.12695254385471344,nan,nan,-0.5876221656799316,163.51075744628906,0.35342761874198914,0.48391324281692505,0.01135706901550293,1.0,0.0,12.1620512008667,nan
11.423826217651367,1.089758038520813,0.20229361951351166,0.23931428790092468,-0.09253141283988953,nan,nan,-0.5070674419403076,163.4600067138672,0.2901908755302429,0.47629737854003906,0.01440286636352539,1.0,0.0,12.1620512008667,nan
11.424325942993164,1.0733493566513062,0.2909016013145447,0.22158966958522797,-0.07113450020551682,nan,nan,-0.42678165435791016,163.39926147460938,0.2749689817428589,0.5133795738220215,-0.010528564453125,1.0,0.0,12.1620512008667,nan
11.424825668334961,1.04535710811615,0.3795095682144165,0.22803498804569244,-0.050667889416217804,nan,nan,-0.34577012062072754,163.37054443359375,0.19729609787464142,0.5288289785385132,0.043312788009643555,1.0,0.0,12.1620512008667,nan
11.425326347351074,1.0086780786514282,0.4631020724773407,0.2328689694404602,-0.031131569296121597,nan,nan,-0.26053738594055176,163.5199432373047,0.1215745285153389,0.5289279818534851,0.08948349952697754,1.0,0.0,12.1620512008667,nan
11.425826072692871,0.9642767906188965,0.5466943979263306,0.24575960636138916,-0.021828562021255493,nan,nan,-0.1774578094482422,163.5758056640625,0.07422947883605957,0.5289857387542725,0.09294986724853516,1.0,0.0,12.1620512008667,nan
11.426325798034668,0.9160149693489075,0.6235994100570679,0.24737092852592468,0.008871358819305897,nan,nan,-0.09311723709106445,163.68356323242188,0.024232739582657814,0.5647131204605103,0.1052250862121582,1.0,0.0,12.1620512008667,nan
11.426824569702148,0.8629267811775208,0.7021762728691101,0.2328689694404602,0.015383457764983177,nan,nan,-0.009672880172729492,163.75106811523438,-0.014603320509195328,0.5730257630348206,0.09010434150695801,1.0,0.0,12.1620512008667,nan
11.427325248718262,0.8040466904640198,0.7640348076820374,0.24737092852592468,0.05910760164260864,nan,nan,0.07421422004699707,163.8360137939453,-0.0297611765563488,0.563865065574646,0.03326058387756348,1.0,0.0,12.1620512008667,nan
11.427824974060059,0.7335838675498962,0.825893223285675,0.2554275691509247,0.07492270320653915,nan,nan,0.15619230270385742,163.8384552001953,-0.05462123826146126,0.5429108142852783,-0.0013225078582763672,1.0,0.0,12.1620512008667,nan
11.428324699401855,0.6747041344642639,0.881064236164093,0.22964631021022797,0.08980751782655716,nan,nan,0.23981618881225586,163.90980529785156,-0.03962324932217598,0.528821587562561,-0.11086368560791016,1.0,0.0,12.1620512008667,nan
11.428825378417969,0.5897629857063293,0.9345632791519165,0.22642366588115692,0.11771654337644577,nan,nan,0.32140493392944336,163.8946075439453,-0.14650779962539673,0.5172848701477051,0.009253740310668945,1.0,0.0,12.1620512008667,nan
11.429325103759766,0.5144740343093872,0.9780313372612,0.20386506617069244,0.13074074685573578,nan,nan,0.40595555305480957,164.00387573242188,-0.15935911238193512,0.4949229955673218,-0.03995776176452637,1.0,0.0,12.1620512008667,nan
11.429824829101562,0.41408881545066833,1.018155813217163,0.2393142729997635,0.1493467539548874,nan,nan,0.4903299808502197,164.10421752929688,-0.32234305143356323,0.43968990445137024,0.19779729843139648,1.0,0.0,12.1620512008667,nan
11.43032455444336,0.3368694484233856,1.0482488870620728,0.20708772540092468,0.1698133796453476,nan,nan,0.5772645473480225,164.3087158203125,-0.27072492241859436,0.45238789916038513,0.016835689544677734,1.0,0.0,12.1620512008667,nan
11.430824279785156,0.24806739389896393,1.0716547966003418,0.17324984073638916,0.1819072812795639,nan,nan,0.6603691577911377,164.3487548828125,-0.3499147891998291,0.41160932183265686,0.09938168525695801,1.0,0.0,12.1620512008667,nan
11.431324005126953,0.1554039567708969,1.0883734226226807,0.1845291256904602,0.197722390294075,nan,nan,0.7460918426513672,164.49769592285156,-0.3895440995693207,0.3972461223602295,0.08469605445861816,1.0,0.0,12.1620512008667,nan
11.43182373046875,0.06660190224647522,1.0950605869293213,0.14263460040092468,0.201443612575531,nan,nan,0.8310897350311279,164.61293029785156,-0.4061354398727417,0.361365407705307,0.06772065162658691,1.0,0.0,12.1620512008667,nan
11.432324409484863,-0.02799197845160961,1.0984046459197998,0.13135528564453125,0.21725870668888092,nan,nan,0.9173891544342041,164.78082275390625,-0.47765621542930603,0.3323681950569153,0.10082483291625977,1.0,0.0,12.1620512008667,nan
11.43282413482666,-0.11872472614049911,1.0883734226226807,0.1120193675160408,0.2060951143503189,nan,nan,1.0026485919952393,164.9015655517578,-0.47903895378112793,0.2693478465080261,0.11136007308959961,1.0,0.0,12.1620512008667,nan
11.433323860168457,-0.21138827502727509,1.0749986171722412,0.0878494530916214,0.23865564167499542,nan,nan,1.0896055698394775,165.09115600585938,-0.548685610294342,0.250329852104187,0.10864019393920898,1.0,0.0,12.1620512008667,nan
11.433823585510254,-0.307912141084671,1.054936408996582,0.10557405650615692,0.23958592116832733,nan,nan,1.1755273342132568,165.2330322265625,-0.5616216659545898,0.20375165343284607,0.10274362564086914,1.0,0.0,12.1620512008667,nan
11.434324264526367,-0.3909231722354889,1.0248429775238037,0.052400216460227966,0.24795864522457123,nan,nan,1.261094331741333,165.3568572998047,-0.5639215707778931,0.17420104146003723,0.0654754638671875,1.0,0.0,12.1620512008667,nan
11.434823036193848,-0.47779467701911926,0.9914060831069946,0.07818146049976349,0.24981923401355743,nan,nan,1.3461296558380127,165.4556884765625,-0.5703932046890259,0.15184392035007477,0.019717693328857422,1.0,0.0,12.1620512008667,nan
11.435322761535645,-0.5550143122673035,0.9479380249977112,0.01211702823638916,0.24516773223876953,nan,nan,1.4301927089691162,165.5115966796875,-0.5586328506469727,0.10560949146747589,0.008958816528320312,1.0,0.0,12.1620512008667,nan
11.435823440551758,-0.6418860554695129,0.8977828621864319,0.036286935210227966,0.25167983770370483,nan,nan,1.5146210193634033,165.5821075439453,-0.6160624623298645,0.025560570880770683,0.07018852233886719,1.0,0.0,12.1620512008667,nan
11.436323165893555,-0.711383581161499,0.8375961780548096,-0.026554852724075317,0.26563435792922974,nan,nan,1.5991151332855225,165.65359497070312,-0.5762606859207153,-0.011616438627243042,0.047243595123291016,1.0,0.0,12.1620512008667,nan
11.436822891235352,-0.7866722941398621,0.7807531952857971,-0.045890793204307556,0.24144653975963593,nan,nan,1.6826422214508057,165.68270874023438,-0.6586521863937378,-0.039314042776823044,0.0030035972595214844,1.0,0.0,12.1620512008667,nan
11.437322616577148,-0.8532739281654358,0.7122073769569397,-0.06361539661884308,0.23679503798484802,nan,nan,1.766181230545044,165.7120819091797,-0.6502670645713806,-0.10362416505813599,0.01794719696044922,1.0,0.0,12.1620512008667,nan
11.437823295593262,-0.9160148501396179,0.6369742155075073,-0.06683807075023651,0.25167983770370483,nan,nan,1.8485453128814697,165.6912384033203,-0.6541335582733154,-0.15700098872184753,0.01308584213256836,1.0,0.0,12.1620512008667,nan
11.438323020935059,-0.961381196975708,0.5583973526954651,-0.10389861464500427,0.23958593606948853,nan,nan,1.9319584369659424,165.7149658203125,-0.6072945594787598,-0.1873190999031067,-0.006770610809326172,1.0,0.0,12.1620512008667,nan
11.438822746276855,-1.00192129611969,0.47480523586273193,-0.11195524036884308,0.21446780860424042,nan,nan,2.014721155166626,165.71084594726562,-0.5465759038925171,-0.24202248454093933,0.028270721435546875,1.0,0.0,12.1620512008667,nan
11.439321517944336,-1.0453572273254395,0.3928843140602112,-0.1216232106089592,0.21260720491409302,nan,nan,2.0971453189849854,165.6924285888672,-0.5799884796142578,-0.2657967805862427,-0.04158306121826172,1.0,0.0,12.1620512008667,nan
11.43982219696045,-1.0772103071212769,0.30427610874176025,-0.12323454022407532,0.20795570313930511,nan,nan,2.1798818111419678,165.6878204345703,-0.5415933728218079,-0.31198152899742126,-0.031377315521240234,1.0,0.0,12.1620512008667,nan
11.440321922302246,-1.0945848226547241,0.21399633586406708,-0.17157438397407532,0.1781860888004303,nan,nan,2.2614176273345947,165.63284301757812,-0.4902588129043579,-0.34689173102378845,-0.01971435546875,1.0,0.0,12.1620512008667,nan
11.440821647644043,-1.1148545742034912,0.1253889948129654,-0.14901578426361084,0.1465558558702469,nan,nan,2.3431007862091064,165.58522033691406,-0.48983004689216614,-0.37813690304756165,-0.059950828552246094,1.0,0.0,12.1620512008667,nan
11.441322326660156,-1.1119590997695923,0.030093124136328697,-0.1699630469083786,0.14004375040531158,nan,nan,2.424882173538208,165.5430908203125,-0.3787769675254822,-0.40441155433654785,0.019285202026367188,1.0,0.0,12.1620512008667,nan
11.441822052001953,-1.127402663230896,-0.06353029608726501,-0.21185758709907532,0.13260135054588318,nan,nan,2.5060112476348877,165.47373962402344,-0.48572438955307007,-0.4698992073535919,-0.1116933822631836,1.0,0.0,12.1620512008667,nan
11.44232177734375,-1.113889455795288,-0.15381008386611938,-0.19091032445430756,0.10190142691135406,nan,nan,2.58618426322937,165.365966796875,-0.37872210144996643,-0.4819437861442566,-0.05574655532836914,1.0,0.0,12.1620512008667,nan
11.442821502685547,-1.0984456539154053,-0.24743349850177765,-0.21346890926361084,0.07399240136146545,nan,nan,2.66778302192688,165.32057189941406,-0.32577046751976013,-0.5330202579498291,-0.019773006439208984,1.0,0.0,12.1620512008667,nan
11.443321228027344,-1.0733493566513062,-0.33771371841430664,-0.19735562801361084,0.06841059774160385,nan,nan,2.746995687484741,165.175537109375,-0.29456421732902527,-0.5300984382629395,-0.05778646469116211,1.0,0.0,12.1620512008667,nan
11.44382095336914,-1.0376352071762085,-0.42632147669792175,-0.2505294680595398,0.04329247027635574,nan,nan,2.8293983936309814,165.16802978515625,-0.21625195443630219,-0.5290987491607666,-0.020844459533691406,1.0,0.0,12.1620512008667,nan
11.444320678710938,-0.999025821685791,-0.513257622718811,-0.21346890926361084,0.018174367025494576,nan,nan,2.911714792251587,165.15687561035156,-0.13263016939163208,-0.5642203688621521,0.05427265167236328,1.0,0.0,12.1620512008667,nan
11.44482135772705,-0.955589771270752,-0.595177948474884,-0.2505294680595398,0.006080441642552614,nan,nan,2.99320912361145,165.11135864257812,-0.13943353295326233,-0.5683485269546509,-0.037322998046875,1.0,0.0,12.1620512008667,nan
11.445321083068848,-0.9053969979286194,-0.6687393188476562,-0.22958219051361084,-0.024619461968541145,nan,nan,3.0749852657318115,165.07876586914062,-0.09461565315723419,-0.5668173432350159,-0.04395771026611328,1.0,0.0,12.1620512008667,nan
11.445820808410645,-0.8503783345222473,-0.7372852563858032,-0.24730680882930756,-0.0367133803665638,nan,nan,-3.1252317428588867,165.096923828125,-0.07484952360391617,-0.5405800938606262,-0.09933876991271973,1.0,0.0,12.1620512008667,nan
11.446320533752441,-0.7712284922599792,-0.8141903281211853,-0.2424728274345398,-0.058110300451517105,nan,nan,-3.042710065841675,165.09637451171875,0.08926668763160706,-0.57122802734375,0.11162590980529785,1.0,0.0,12.1620512008667,nan
11.446821212768555,-0.7055919170379639,-0.8743768334388733,-0.2569747865200043,-0.08322842419147491,nan,nan,-2.9589507579803467,165.14710998535156,0.07756147533655167,-0.5643166899681091,0.009023904800415039,1.0,0.0,12.1620512008667,nan
11.447320938110352,-0.6225811839103699,-0.9312198162078857,-0.24408414959907532,-0.10183443129062653,nan,nan,-2.87528920173645,165.19273376464844,0.1840842217206955,-0.5294334888458252,0.12389540672302246,1.0,0.0,12.1620512008667,nan
11.447819709777832,-0.5472924113273621,-0.9780313372612,-0.2601974308490753,-0.11857984215021133,nan,nan,-2.7898826599121094,165.31057739257812,0.18043608963489532,-0.5157365798950195,0.040103912353515625,1.0,0.0,12.1620512008667,nan
11.448320388793945,-0.45655953884124756,-1.0214991569519043,-0.23280484974384308,-0.14183735847473145,nan,nan,-2.7055163383483887,165.38253784179688,0.2783856987953186,-0.49900022149086,0.12845826148986816,1.0,0.0,12.1620512008667,nan
11.448820114135742,-0.37934041023254395,-1.0515927076339722,-0.19735562801361084,-0.14555856585502625,nan,nan,-2.6217262744903564,165.4287872314453,0.2806623876094818,-0.485647976398468,0.05953788757324219,1.0,0.0,12.1620512008667,nan
11.449319839477539,-0.28088560700416565,-1.081686019897461,-0.23602750897407532,-0.17904938757419586,nan,nan,-2.537614345550537,165.48782348632812,0.3356771469116211,-0.4471610486507416,0.09551501274108887,1.0,0.0,12.1620512008667,nan
11.449819564819336,-0.18822216987609863,-1.1017481088638306,-0.17640835046768188,-0.19114328920841217,nan,nan,-2.44960880279541,165.7090606689453,0.4469318091869354,-0.42456990480422974,0.17502784729003906,1.0,0.0,12.1620512008667,nan
11.45032024383545,-0.10521122813224792,-1.1084352731704712,-0.16674038767814636,-0.19672510027885437,nan,nan,-2.363215923309326,165.857666015625,0.3654847741127014,-0.3825470209121704,0.03965926170349121,1.0,0.0,12.1620512008667,nan
11.450819969177246,-0.0009653447777964175,-1.1151230335235596,-0.1619064211845398,-0.21067962050437927,nan,nan,-2.278055191040039,165.95188903808594,0.47384509444236755,-0.34259217977523804,0.13714218139648438,1.0,0.0,12.1620512008667,nan
11.451319694519043,0.08783718943595886,-1.1084352731704712,-0.09584195911884308,-0.2302159070968628,nan,nan,-2.1920344829559326,166.0796356201172,0.46969306468963623,-0.3059937655925751,0.0995938777923584,1.0,0.0,12.1620512008667,nan
11.45181941986084,0.18049991130828857,-1.09171724319458,-0.11195522546768188,-0.2376583218574524,nan,nan,-2.1047990322113037,166.25595092773438,0.482634037733078,-0.25289613008499146,0.10720515251159668,1.0,0.0,12.1620512008667,nan
11.452319145202637,0.26544156670570374,-1.0716547966003418,-0.08295132219791412,-0.2432401329278946,nan,nan,-2.0173377990722656,166.43809509277344,0.47261035442352295,-0.230874702334404,0.04779934883117676,1.0,0.0,12.1620512008667,nan
11.452818870544434,0.36389610171318054,-1.0515927076339722,-0.07811735570430756,-0.2534734308719635,nan,nan,-1.9300206899642944,166.6103515625,0.5728078484535217,-0.21749922633171082,0.05207943916320801,1.0,0.0,12.1620512008667,nan
11.45331859588623,0.4546290636062622,-1.0081244707107544,-0.0571700781583786,-0.2841733694076538,nan,nan,-1.8431956768035889,166.7584686279297,0.58456951379776,-0.13268041610717773,0.10522723197937012,1.0,0.0,12.1620512008667,nan
11.453819274902344,0.5376400351524353,-0.9680002331733704,-0.04427945613861084,-0.2544037401676178,nan,nan,-1.7552303075790405,166.9508056640625,0.5682467818260193,-0.09562797099351883,0.07366013526916504,1.0,0.0,12.1620512008667,nan
11.45431900024414,0.6158247590065002,-0.922860324382782,-0.0023849308490753174,-0.2525431513786316,nan,nan,-1.6695969104766846,167.04147338867188,0.588217556476593,-0.07876784354448318,0.02144455909729004,1.0,0.0,12.1620512008667,nan
11.454818725585938,0.6891829967498779,-0.8626738786697388,0.002449050545692444,-0.2534734308719635,nan,nan,-1.583855152130127,167.13470458984375,0.5484820008277893,-0.0169586930423975,0.03801131248474121,1.0,0.0,12.1620512008667,nan
11.45531940460205,0.7635063529014587,-0.8008156418800354,0.0636795312166214,-0.2664976418018341,nan,nan,-1.4972336292266846,167.26316833496094,0.5743164420127869,0.04810640588402748,0.06602692604064941,1.0,0.0,12.1620512008667,nan
11.455818176269531,0.8339694142341614,-0.7389569282531738,0.04595491290092468,-0.2488219439983368,nan,nan,-1.4113178253173828,167.3588104248047,0.6161463260650635,0.07372011244297028,0.015444755554199219,1.0,0.0,12.1620512008667,nan
11.456317901611328,0.8870578408241272,-0.6603802442550659,0.09429475665092468,-0.2488219439983368,nan,nan,-1.3269940614700317,167.3859100341797,0.5735337734222412,0.13110825419425964,0.03687429428100586,1.0,0.0,12.1620512008667,nan
11.456817626953125,0.9469027519226074,-0.5834749937057495,0.08140411972999573,-0.2357977330684662,nan,nan,-1.2407270669937134,167.49398803710938,0.6039570569992065,0.20129546523094177,0.0476682186126709,1.0,0.0,12.1620512008667,nan
11.457318305969238,0.9951648712158203,-0.5065699815750122,0.11524201184511185,-0.20695841312408447,nan,nan,-1.1567997932434082,167.50140380859375,0.6002781987190247,0.21956486999988556,-0.007547140121459961,1.0,0.0,12.1620512008667,nan
11.457818031311035,1.0337742567062378,-0.41963401436805725,0.1361892819404602,-0.20416750013828278,nan,nan,-1.074059247970581,167.4589080810547,0.5796582102775574,0.2579808831214905,-0.022283554077148438,1.0,0.0,12.1620512008667,nan
11.458317756652832,1.0675580501556396,-0.3276821970939636,0.1587478667497635,-0.19858570396900177,nan,nan,-0.9884021282196045,167.5400848388672,0.5379223227500916,0.3373502194881439,0.03371834754943848,1.0,0.0,12.1620512008667,nan
11.458818435668945,1.0868624448776245,-0.24074624478816986,0.13296662271022797,-0.17811909317970276,nan,nan,-0.9029076099395752,167.6123809814453,0.45276039838790894,0.29991453886032104,-0.027087688446044922,1.0,0.0,12.1620512008667,nan
11.459318161010742,1.1100285053253174,-0.1471228152513504,0.17163851857185364,-0.16137367486953735,nan,nan,-0.8197197914123535,167.5867919921875,0.47296592593193054,0.3829423487186432,-0.014679908752441406,1.0,0.0,12.1620512008667,nan
11.459817886352539,1.1090632677078247,-0.048483528196811676,0.2393142729997635,-0.15951307117938995,nan,nan,-0.7354722023010254,167.60614013671875,0.37789133191108704,0.4074796140193939,0.043773651123046875,1.0,0.0,12.1620512008667,nan
11.46031665802002,1.1206458806991577,0.041796259582042694,0.19580842554569244,-0.13067375123500824,nan,nan,-0.653064489364624,167.54710388183594,0.4484684467315674,0.45487460494041443,-0.06969308853149414,1.0,0.0,12.1620512008667,nan
11.460817337036133,1.1023064851760864,0.140435129404068,0.2328689694404602,-0.11113742738962173,nan,nan,-0.5706629753112793,167.48976135253906,0.29987093806266785,0.47751978039741516,0.0660238265991211,1.0,0.0,12.1620512008667,nan
11.46131706237793,1.099410891532898,0.22569946944713593,0.2167556881904602,-0.09067081660032272,nan,nan,-0.4887206554412842,167.4134063720703,0.37954309582710266,0.47732463479042053,-0.1277925968170166,1.0,0.0,12.1620512008667,nan
11.461816787719727,1.0704535245895386,0.322666734457016,0.2505936026573181,-0.07857690006494522,nan,nan,-0.4066581726074219,167.34461975097656,0.23386983573436737,0.49968209862709045,0.024782657623291016,1.0,0.0,12.1620512008667,nan
11.462316513061523,1.0386006832122803,0.4112747013568878,0.2554275691509247,-0.053458791226148605,nan,nan,-0.32355403900146484,167.32041931152344,0.2205246537923813,0.5297795534133911,-0.015186786651611328,1.0,0.0,12.1620512008667,nan
11.462817192077637,0.9999908804893494,0.4982108771800995,0.24253694713115692,-0.027410371229052544,nan,nan,-0.2390291690826416,167.3569793701172,0.11577454209327698,0.5436428785324097,0.08533716201782227,1.0,0.0,12.1620512008667,nan
11.463316917419434,0.9536593556404114,0.5784595012664795,0.24737092852592468,-0.007874052040278912,nan,nan,-0.1529216766357422,167.4594268798828,0.06754782795906067,0.5200139880180359,0.0798943042755127,1.0,0.0,12.1620512008667,nan
11.46381664276123,0.900570809841156,0.6570363640785217,0.2634842097759247,0.00328954984433949,nan,nan,-0.06872868537902832,167.4789276123047,0.05474645271897316,0.5564788579940796,0.02659296989440918,1.0,0.0,12.1620512008667,nan
11.464316368103027,0.8416911959648132,0.7322694063186646,0.25220489501953125,0.033989470452070236,nan,nan,0.018250465393066406,167.61557006835938,-0.04958426207304001,0.5569082498550415,0.12694454193115234,1.0,0.0,12.1620512008667,nan
11.464816093444824,0.7741242051124573,0.8024869561195374,0.2586502134799957,0.03957127407193184,nan,nan,0.10354328155517578,167.67811584472656,-0.08065532147884369,0.5465819239616394,0.09926176071166992,1.0,0.0,12.1620512008667,nan
11.465315818786621,0.7065573334693909,0.8593300580978394,0.22642366588115692,0.08794692158699036,nan,nan,0.19080138206481934,167.8217010498047,-0.09526176750659943,0.5627612471580505,0.03295421600341797,1.0,0.0,12.1620512008667,nan
11.465815544128418,0.6322336792945862,0.9145012497901917,0.19580842554569244,0.10748323053121567,nan,nan,0.276686429977417,167.9048614501953,-0.15335150063037872,0.543035626411438,0.05473184585571289,1.0,0.0,12.1620512008667,nan
11.466316223144531,0.5530838370323181,0.9646565318107605,0.22642366588115692,0.11771654337644577,nan,nan,0.36037731170654297,167.8939971923828,-0.15112656354904175,0.5204401016235352,-0.021903038024902344,1.0,0.0,12.1620512008667,nan
11.466815948486328,0.4681423008441925,1.011468529701233,0.20547640323638916,0.13353165984153748,nan,nan,0.4460563659667969,167.96728515625,-0.24380840361118317,0.5265864729881287,0.043717145919799805,1.0,0.0,12.1620512008667,nan
11.467315673828125,0.37547925114631653,1.0515927076339722,0.19580842554569244,0.1595800817012787,nan,nan,0.5317022800445557,168.03724670410156,-0.33337387442588806,0.5195092558860779,0.09522438049316406,1.0,0.0,12.1620512008667,nan
11.467816352844238,0.2866768538951874,1.0716547966003418,0.1845291256904602,0.1716739684343338,nan,nan,0.6175994873046875,168.11610412597656,-0.3198256194591522,0.4499521851539612,0.05660414695739746,1.0,0.0,12.1620512008667,nan
11.468316078186035,0.19208307564258575,1.09171724319458,0.21192172169685364,0.1837678849697113,nan,nan,0.7042331695556641,168.2240753173828,-0.3605222702026367,0.42895105481147766,0.05098366737365723,1.0,0.0,12.1620512008667,nan
11.468814849853516,0.10328078269958496,1.1084352731704712,0.15713655948638916,0.1949315071105957,nan,nan,0.7917134761810303,168.365234375,-0.3962440490722656,0.4378787577152252,-7.557868957519531e-05,1.0,0.0,12.1620512008667,nan
11.469314575195312,0.006756930146366358,1.1017481088638306,0.1603592038154602,0.22842231392860413,nan,nan,0.8781211376190186,168.45855712890625,-0.3892616033554077,0.3399983048439026,0.031000614166259766,1.0,0.0,12.1620512008667,nan
11.469815254211426,-0.09169784933328629,1.1017481088638306,0.13941192626953125,0.22377081215381622,nan,nan,0.9669463634490967,168.65182495117188,-0.5028275847434998,0.3171123266220093,0.0978097915649414,1.0,0.0,12.1620512008667,nan
11.470314979553223,-0.18822230398654938,1.0883734226226807,0.09751741588115692,0.23307381570339203,nan,nan,1.0564782619476318,168.8707275390625,-0.5478978157043457,0.2656247019767761,0.11968040466308594,1.0,0.0,12.1620512008667,nan
11.47081470489502,-0.28088560700416565,1.068311333656311,0.09751740097999573,0.24609802663326263,nan,nan,1.1444065570831299,169.0177001953125,-0.5504692196846008,0.22996786236763,0.0873570442199707,1.0,0.0,12.1620512008667,nan
11.471315383911133,-0.3735487163066864,1.0415616035461426,0.0636795163154602,0.24516773223876953,nan,nan,1.2306926250457764,169.0921630859375,-0.5582462549209595,0.20284828543663025,0.0481266975402832,1.0,0.0,12.1620512008667,nan
11.47181510925293,-0.4604206383228302,1.0047810077667236,0.08140413463115692,0.25167983770370483,nan,nan,1.3187215328216553,169.23861694335938,-0.5644769668579102,0.13444580137729645,0.07497119903564453,1.0,0.0,12.1620512008667,nan
11.472314834594727,-0.5453619360923767,0.9613127112388611,0.01695100963115692,0.25354042649269104,nan,nan,1.405627965927124,169.33456420898438,-0.5828971266746521,0.09745802730321884,0.05617570877075195,1.0,0.0,12.1620512008667,nan
11.472813606262207,-0.6303030848503113,0.9111573696136475,0.0395096093416214,0.2572616636753082,nan,nan,1.4941046237945557,169.49478149414062,-0.6286420226097107,0.03546742722392082,0.07714462280273438,1.0,0.0,12.1620512008667,nan
11.47331428527832,-0.7046267986297607,0.8559861779212952,-0.00399625301361084,0.23586472868919373,nan,nan,1.5796968936920166,169.5299835205078,-0.5952262282371521,0.021563608199357986,0.01143646240234375,1.0,0.0,12.1620512008667,nan
11.473814010620117,-0.7789504528045654,0.787440836429596,-0.03944547474384308,0.26935556530952454,nan,nan,1.665764570236206,169.5848388671875,-0.6312131881713867,-0.06383286416530609,0.06259727478027344,1.0,0.0,12.1620512008667,nan
11.474313735961914,-0.8494133353233337,0.7255823612213135,-0.0732833594083786,0.24237681925296783,nan,nan,1.7523338794708252,169.65907287597656,-0.696747362613678,-0.06311894208192825,-0.03479480743408203,1.0,0.0,12.1620512008667,nan
11.474814414978027,-0.9053969979286194,0.6486771106719971,-0.05072477459907532,0.23865564167499542,nan,nan,1.8374907970428467,169.6727294921875,-0.6078081727027893,-0.12432383000850677,-0.008419990539550781,1.0,0.0,12.1620512008667,nan
11.475314140319824,-0.965242326259613,0.5717722773551941,-0.07972867786884308,0.22377081215381622,nan,nan,1.9221899509429932,169.66673278808594,-0.6532971262931824,-0.17137621343135834,-0.03846311569213867,1.0,0.0,12.1620512008667,nan
11.475813865661621,-1.0125389099121094,0.48316410183906555,-0.10873256623744965,0.23493441939353943,nan,nan,2.0063507556915283,169.6385040283203,-0.609584629535675,-0.2449580579996109,0.0030908584594726562,1.0,0.0,12.1620512008667,nan
11.476313591003418,-1.0521138906478882,0.394555926322937,-0.13129118084907532,0.1995829939842224,nan,nan,2.0916378498077393,169.657958984375,-0.6071963906288147,-0.2977154850959778,-0.008466720581054688,1.0,0.0,12.1620512008667,nan
11.476813316345215,-1.0801060199737549,0.3059481680393219,-0.17157438397407532,0.1912102997303009,nan,nan,2.1760094165802,169.6387176513672,-0.5654978156089783,-0.31177327036857605,-0.04500436782836914,1.0,0.0,12.1620512008667,nan
11.477313041687012,-1.1032716035842896,0.21232473850250244,-0.16674038767814636,0.1791163831949234,nan,nan,2.2598488330841064,169.59725952148438,-0.5362371206283569,-0.35901498794555664,-0.042740821838378906,1.0,0.0,12.1620512008667,nan
11.477812767028809,-1.1196807622909546,0.12371654808521271,-0.19091030955314636,0.14283466339111328,nan,nan,2.343313455581665,169.5410614013672,-0.527886688709259,-0.3748244345188141,-0.09898853302001953,1.0,0.0,12.1620512008667,nan
11.478313446044922,-1.1274031400680542,0.023405855521559715,-0.14740446209907532,0.14190435409545898,nan,nan,2.4265291690826416,169.4758758544922,-0.4453524947166443,-0.4394723176956177,-0.020583152770996094,1.0,0.0,12.1620512008667,nan
11.478813171386719,-1.1254721879959106,-0.0668739303946495,-0.22797086834907532,0.12329834699630737,nan,nan,2.5102455615997314,169.43299865722656,-0.4300207793712616,-0.425083726644516,-0.103790283203125,1.0,0.0,12.1620512008667,nan
11.479312896728516,-1.118715763092041,-0.1655130237340927,-0.19574429094791412,0.10283172875642776,nan,nan,2.5929720401763916,169.3492431640625,-0.38936448097229004,-0.49275097250938416,-0.0639338493347168,1.0,0.0,12.1620512008667,nan
11.479812622070312,-1.1013412475585938,-0.26248008012771606,-0.2263595312833786,0.07957421243190765,nan,nan,2.6761529445648193,169.2865753173828,-0.3349927067756653,-0.5272857546806335,-0.04430818557739258,1.0,0.0,12.1620512008667,nan
11.480313301086426,-1.0762449502944946,-0.35275986790657043,-0.18285368382930756,0.06934090703725815,nan,nan,2.7578022480010986,169.16070556640625,-0.2972029745578766,-0.5259164571762085,-0.07451677322387695,1.0,0.0,12.1620512008667,nan
11.480813026428223,-1.0376354455947876,-0.4463837146759033,-0.25375211238861084,0.04143187403678894,nan,nan,2.8395721912384033,169.04273986816406,-0.20802254974842072,-0.5500296354293823,-0.0032291412353515625,1.0,0.0,12.1620512008667,nan
11.481311798095703,-0.9951646327972412,-0.5333198308944702,-0.23925015330314636,0.0014289553510025144,nan,nan,2.922562837600708,168.97850036621094,-0.1359318047761917,-0.5806017518043518,0.04555797576904297,1.0,0.0,12.1620512008667,nan
11.4818115234375,-0.9546244144439697,-0.6102244853973389,-0.2424728125333786,0.014453159645199776,nan,nan,3.0053179264068604,168.90516662597656,-0.18361987173557281,-0.5633379817008972,-0.12303733825683594,1.0,0.0,12.1620512008667,nan
11.482312202453613,-0.901536226272583,-0.6888013482093811,-0.18768766522407532,-0.0413648821413517,nan,nan,3.0870888233184814,168.7928466796875,-0.07706078886985779,-0.573655366897583,-0.02287006378173828,1.0,0.0,12.1620512008667,nan
11.48281192779541,-0.840725839138031,-0.7606909871101379,-0.18929898738861084,-0.05717999115586281,nan,nan,-3.11354660987854,168.7154541015625,-0.05821765959262848,-0.5916132926940918,-0.07019925117492676,1.0,0.0,12.1620512008667,nan
11.483311653137207,-0.777985155582428,-0.8292369246482849,-0.2424728274345398,-0.07299511134624481,nan,nan,-3.033083438873291,168.55206298828125,-0.0628528967499733,-0.5847585797309875,-0.1600782871246338,1.0,0.0,12.1620512008667,nan
11.48381233215332,-0.7007659077644348,-0.8961105942726135,-0.2569747865200043,-0.08694963157176971,nan,nan,-2.950617551803589,168.4761962890625,0.020931974053382874,-0.5851830244064331,-0.0994863510131836,1.0,0.0,12.1620512008667,nan
11.484312057495117,-0.6109983921051025,-0.9512818455696106,-0.22797086834907532,-0.11113743484020233,nan,nan,-2.866114616394043,168.4871826171875,0.1541438102722168,-0.5571563839912415,0.050798654556274414,1.0,0.0,12.1620512008667,nan
11.484811782836914,-0.5279874205589294,-1.0014371871948242,-0.24086149036884308,-0.12602224946022034,nan,nan,-2.7784533500671387,168.63084411621094,0.21114927530288696,-0.5402700901031494,0.06590676307678223,1.0,0.0,12.1620512008667,nan
11.485310554504395,-0.4314633309841156,-1.0415616035461426,-0.24730680882930756,-0.15207065641880035,nan,nan,-2.6917970180511475,168.7293243408203,0.2899753153324127,-0.49839138984680176,0.13394546508789062,1.0,0.0,12.1620512008667,nan
11.485811233520508,-0.3484523594379425,-1.0716547966003418,-0.20541226863861084,-0.16509488224983215,nan,nan,-2.6035261154174805,168.89279174804688,0.28058505058288574,-0.4828282296657562,0.044837236404418945,1.0,0.0,12.1620512008667,nan
11.486310958862305,-0.25964996218681335,-1.0950605869293213,-0.15868376195430756,-0.14927977323532104,nan,nan,-2.517031669616699,168.9789581298828,0.32773369550704956,-0.4448483884334564,0.06699156761169434,1.0,0.0,12.1620512008667,nan
11.486810684204102,-0.16119566559791565,-1.1151230335235596,-0.17640835046768188,-0.20044629275798798,nan,nan,-2.4314165115356445,169.02667236328125,0.37545251846313477,-0.43381714820861816,0.05980992317199707,1.0,0.0,12.1620512008667,nan
11.487311363220215,-0.0646713376045227,-1.1218105554580688,-0.1619064211845398,-0.19021300971508026,nan,nan,-2.3436262607574463,169.16464233398438,0.41480275988578796,-0.35786154866218567,0.11786556243896484,1.0,0.0,12.1620512008667,nan
11.487811088562012,0.02799209952354431,-1.12515389919281,-0.14418178796768188,-0.2190522998571396,nan,nan,-2.255730390548706,169.30384826660156,0.4331192672252655,-0.398711234331131,-0.0027091503143310547,1.0,0.0,12.1620512008667,nan
11.488310813903809,0.13416866958141327,-1.1151230335235596,-0.09423063695430756,-0.22928562760353088,nan,nan,-2.167593479156494,169.45068359375,0.5483348369598389,-0.30939289927482605,0.14014720916748047,1.0,0.0,12.1620512008667,nan
11.488810539245605,0.22490142285823822,-1.0950605869293213,-0.08617399632930756,-0.2376583218574524,nan,nan,-2.077883243560791,169.66015625,0.49945470690727234,-0.25573939085006714,0.09078001976013184,1.0,0.0,12.1620512008667,nan
11.489311218261719,0.32721683382987976,-1.0716547966003418,-0.08295132219791412,-0.2432401329278946,nan,nan,-1.9890021085739136,169.8306121826172,0.5902828574180603,-0.19888469576835632,0.1504514217376709,1.0,0.0,12.1620512008667,nan
11.4898099899292,0.412158727645874,-1.0382177829742432,-0.049113452434539795,-0.2664976418018341,nan,nan,-1.8988929986953735,170.04876708984375,0.5329857468605042,-0.17346103489398956,0.07042479515075684,1.0,0.0,12.1620512008667,nan
11.490309715270996,0.5086825489997864,-0.9980933666229248,-0.062004074454307556,-0.2720794379711151,nan,nan,-1.8098989725112915,170.215576171875,0.6097187399864197,-0.11934252083301544,0.10297274589538574,1.0,0.0,12.1620512008667,nan
11.49081039428711,0.5887977480888367,-0.9496097564697266,-0.0249435156583786,-0.2618461549282074,nan,nan,-1.7206116914749146,170.39111328125,0.5766768455505371,-0.06629230082035065,0.09253716468811035,1.0,0.0,12.1620512008667,nan
11.491310119628906,0.6718084812164307,-0.8994544744491577,0.029841631650924683,-0.245100736618042,nan,nan,-1.6316890716552734,170.54769897460938,0.6566473245620728,-0.0447533093392849,0.04989266395568848,1.0,0.0,12.1620512008667,nan
11.491809844970703,0.7480626702308655,-0.8342525959014893,0.052400216460227966,-0.2525431513786316,nan,nan,-1.5434716939926147,170.67152404785156,0.6534649729728699,0.02931472659111023,0.07469964027404785,1.0,0.0,12.1620512008667,nan
11.4923095703125,0.8185256123542786,-0.7657064199447632,0.04595491290092468,-0.250682532787323,nan,nan,-1.4549627304077148,170.80465698242188,0.6176273822784424,0.07197172939777374,0.05733823776245117,1.0,0.0,12.1620512008667,nan
11.492810249328613,0.8803007006645203,-0.6921451687812805,0.039509594440460205,-0.245100736618042,nan,nan,-1.367460012435913,170.89271545410156,0.5839251279830933,0.10828316956758499,0.037131547927856445,1.0,0.0,12.1620512008667,nan
11.49330997467041,0.9430418014526367,-0.6102249026298523,0.1200760155916214,-0.2413795441389084,nan,nan,-1.279463291168213,171.00003051757812,0.6368836760520935,0.20553171634674072,0.07814812660217285,1.0,0.0,12.1620512008667,nan
11.49380874633789,0.9874424934387207,-0.5266321897506714,0.1200760155916214,-0.22463412582874298,nan,nan,-1.1913578510284424,171.10948181152344,0.5819770097732544,0.23800185322761536,0.06606650352478027,1.0,0.0,12.1620512008667,nan
11.494309425354004,1.0357047319412231,-0.4430396556854248,0.11846467852592468,-0.21812200546264648,nan,nan,-1.104032278060913,171.18389892578125,0.5782023072242737,0.2629026770591736,0.01710653305053711,1.0,0.0,12.1620512008667,nan
11.4948091506958,1.0675581693649292,-0.3477446138858795,0.1281326413154602,-0.20323720574378967,nan,nan,-1.0164406299591064,171.26800537109375,0.5051383376121521,0.31463566422462463,0.06004214286804199,1.0,0.0,12.1620512008667,nan
11.495308876037598,1.0907233953475952,-0.25412097573280334,0.17486116290092468,-0.19300389289855957,nan,nan,-0.9309830665588379,171.2607879638672,0.48735085129737854,0.35028016567230225,0.04062938690185547,1.0,0.0,12.1620512008667,nan
11.495808601379395,1.113889217376709,-0.16049735248088837,0.18291780352592468,-0.16788576543331146,nan,nan,-0.8443727493286133,171.3018341064453,0.5000964999198914,0.39021196961402893,-0.00676417350769043,1.0,0.0,12.1620512008667,nan
11.496309280395508,1.127402901649475,-0.0635300949215889,0.17808382213115692,-0.15765248239040375,nan,nan,-0.7583644390106201,171.31675720214844,0.46975910663604736,0.44138872623443604,-0.0010688304901123047,1.0,0.0,12.1620512008667,nan
11.496809005737305,1.1245070695877075,0.035108782351017,0.22320100665092468,-0.10927683115005493,nan,nan,-0.6734092235565186,171.2871551513672,0.4037895202636719,0.46580156683921814,0.0163571834564209,1.0,0.0,12.1620512008667,nan
11.497308731079102,1.1167851686477661,0.12873220443725586,0.21997834742069244,-0.10369502007961273,nan,nan,-0.5876138210296631,171.29364013671875,0.3669966161251068,0.47831469774246216,-0.009801387786865234,1.0,0.0,12.1620512008667,nan
11.497807502746582,1.102306842803955,0.22737129032611847,0.2554275691509247,-0.08322840929031372,nan,nan,-0.5041258335113525,171.2030029296875,0.3178481161594391,0.5130369663238525,0.006546497344970703,1.0,0.0,12.1620512008667,nan
11.498308181762695,1.0849324464797974,0.31765130162239075,0.2248123288154602,-0.06927389651536942,nan,nan,-0.4191462993621826,171.17660522460938,0.3202575445175171,0.5188150405883789,-0.07716012001037598,1.0,0.0,12.1620512008667,nan
11.498807907104492,1.0463224649429321,0.4112747013568878,0.2570388913154602,-0.0357830747961998,nan,nan,-0.33554530143737793,171.09339904785156,0.2073037475347519,0.5440613627433777,0.028640270233154297,1.0,0.0,12.1620512008667,nan
11.499307632446289,1.010608434677124,0.49988266825675964,0.24575960636138916,-0.025549769401550293,nan,nan,-0.2469463348388672,171.22128295898438,0.17276260256767273,0.5575840473175049,0.0035648345947265625,1.0,0.0,12.1620512008667,nan
11.499808311462402,0.959450900554657,0.5818033814430237,0.2505935728549957,0.010731954127550125,nan,nan,-0.16247820854187012,171.17352294921875,0.08842030167579651,0.5348339080810547,0.055919647216796875,1.0,0.0,12.1620512008667,nan
11.5003080368042,0.9121540188789368,0.663723886013031,0.23609162867069244,0.007941053248941898,nan,nan,-0.07706022262573242,171.16616821289062,0.09050260484218597,0.5681925415992737,-0.02394843101501465,1.0,0.0,12.1620512008667,nan
11.500807762145996,0.8494131565093994,0.7389571070671082,0.22158966958522797,0.04236217960715294,nan,nan,0.010771989822387695,171.26126098632812,-0.006935466546565294,0.5775507092475891,0.05855870246887207,1.0,0.0,12.1620512008667,nan
11.50130844116211,0.7799158096313477,0.812518298625946,0.22642365097999573,0.05817728489637375,nan,nan,0.09748983383178711,171.30722045898438,-0.06802035123109818,0.5885753631591797,0.07497429847717285,1.0,0.0,12.1620512008667,nan
11.501808166503906,0.7094530463218689,0.8743768334388733,0.22158968448638916,0.07771361619234085,nan,nan,0.18329477310180664,171.31353759765625,-0.07329516857862473,0.5781430006027222,-9.584426879882812e-05,1.0,0.0,12.1620512008667,nan
11.502306938171387,0.6235465407371521,0.9295478463172913,0.21353302896022797,0.10655292868614197,nan,nan,0.26886487007141113,171.31007385253906,-0.1800733357667923,0.5188107490539551,0.12282180786132812,1.0,0.0,12.1620512008667,nan
11.502806663513184,0.5453616976737976,0.9780313372612,0.22320100665092468,0.11585593968629837,nan,nan,0.35594725608825684,171.37042236328125,-0.20764780044555664,0.5183082818984985,0.08255815505981445,1.0,0.0,12.1620512008667,nan
11.503307342529297,0.45848986506462097,1.0248429775238037,0.19097444415092468,0.13446195423603058,nan,nan,0.4436497688293457,171.4552001953125,-0.26930901408195496,0.5258625149726868,0.08716034889221191,1.0,0.0,12.1620512008667,nan
11.503807067871094,0.3735487163066864,1.0582802295684814,0.18614044785499573,0.1521376669406891,nan,nan,0.529900312423706,171.47705078125,-0.2620663046836853,0.5123504996299744,5.340576171875e-05,1.0,0.0,12.1620512008667,nan
11.50430679321289,0.27509427070617676,1.0850294828414917,0.16197054088115692,0.1586497724056244,nan,nan,0.6172940731048584,171.5468292236328,-0.348053514957428,0.4503794312477112,0.09822440147399902,1.0,0.0,12.1620512008667,nan
11.504806518554688,0.18243072926998138,1.10509192943573,0.17002716660499573,0.1874890923500061,nan,nan,0.7042796611785889,171.5980682373047,-0.3713876008987427,0.4320663809776306,0.06319355964660645,1.0,0.0,12.1620512008667,nan
11.5053071975708,0.07625389844179153,1.1184663772583008,0.17163848876953125,0.21260720491409302,nan,nan,0.7929167747497559,171.71731567382812,-0.4646015763282776,0.4064866006374359,0.11681652069091797,1.0,0.0,12.1620512008667,nan
11.505806922912598,-0.01061770599335432,1.1184663772583008,0.1523025631904602,0.21446780860424042,nan,nan,0.8843767642974854,171.95237731933594,-0.4330439567565918,0.3815239667892456,0.021584033966064453,1.0,0.0,12.1620512008667,nan
11.506305694580078,-0.11679428070783615,1.1117792129516602,0.11040803790092468,0.22563141584396362,nan,nan,0.9733412265777588,172.07785034179688,-0.4925144612789154,0.31399229168891907,0.08761358261108398,1.0,0.0,12.1620512008667,nan
11.506806373596191,-0.20945747196674347,1.0950605869293213,0.11363068222999573,0.23679502308368683,nan,nan,1.0624144077301025,172.20541381835938,-0.5078478455543518,0.3028745949268341,0.028131961822509766,1.0,0.0,12.1620512008667,nan
11.507306098937988,-0.3098428249359131,1.0749986171722412,0.0878494381904602,0.24237681925296783,nan,nan,1.152454137802124,172.37091064453125,-0.5667316317558289,0.2290792614221573,0.09204339981079102,1.0,0.0,12.1620512008667,nan
11.507805824279785,-0.40829744935035706,1.0415616035461426,0.10718537867069244,0.25912225246429443,nan,nan,1.243255853652954,172.5648651123047,-0.6043245792388916,0.17626844346523285,0.10167312622070312,1.0,0.0,12.1620512008667,nan
11.508305549621582,-0.500960648059845,1.0014371871948242,0.04112093150615692,0.26005256175994873,nan,nan,1.3338663578033447,172.7467803955078,-0.6677591800689697,0.11603138595819473,0.12297248840332031,1.0,0.0,12.1620512008667,nan
11.508806228637695,-0.5839715003967285,0.9512820243835449,0.05884552001953125,0.26098284125328064,nan,nan,1.4244568347930908,172.92381286621094,-0.5960806608200073,0.07496632635593414,0.0791940689086914,1.0,0.0,12.1620512008667,nan
11.509305953979492,-0.6650517582893372,0.8977826237678528,-0.013664230704307556,0.26191315054893494,nan,nan,1.5148804187774658,173.09022521972656,-0.6220481395721436,0.03131544217467308,0.0635690689086914,1.0,0.0,12.1620512008667,nan
11.509805679321289,-0.7451669573783875,0.8392680287361145,-0.012052908539772034,0.23865564167499542,nan,nan,1.6046555042266846,173.22576904296875,-0.6876475811004639,0.007604670245200396,0.012868881225585938,1.0,0.0,12.1620512008667,nan
11.510306358337402,-0.814664363861084,0.7657065987586975,-0.04266813397407532,0.24888893961906433,nan,nan,1.6933271884918213,173.31253051757812,-0.6201512217521667,-0.07463720440864563,0.05523824691772461,1.0,0.0,12.1620512008667,nan
11.510805130004883,-0.8783705234527588,0.6888015270233154,-0.06361539661884308,0.24609804153442383,nan,nan,1.7820212841033936,173.39822387695312,-0.6256184577941895,-0.13660569489002228,0.06180238723754883,1.0,0.0,12.1620512008667,nan
11.51130485534668,-0.9382152557373047,0.6118965148925781,-0.09261929988861084,0.23493443429470062,nan,nan,1.870373010635376,173.46762084960938,-0.6021129488945007,-0.1644715666770935,0.024992942810058594,1.0,0.0,12.1620512008667,nan
11.511804580688477,-0.9951646327972412,0.5266321897506714,-0.0893966555595398,0.23121322691440582,nan,nan,1.957258939743042,173.4737548828125,-0.6610329151153564,-0.23980960249900818,0.019448280334472656,1.0,0.0,12.1620512008667,nan
11.51230525970459,-1.0308785438537598,0.4380244016647339,-0.1216232180595398,0.22004961967468262,nan,nan,2.0445854663848877,173.4985809326172,-0.5537765622138977,-0.25838783383369446,0.020686626434326172,1.0,0.0,12.1620512008667,nan
11.512804985046387,-1.0743147134780884,0.34941622614860535,-0.12001187354326248,0.1930709034204483,nan,nan,2.1314117908477783,173.5015411376953,-0.6191731691360474,-0.30900514125823975,-0.04006242752075195,1.0,0.0,12.1620512008667,nan
11.513304710388184,-1.0955499410629272,0.2524491548538208,-0.16351774334907532,0.1884194016456604,nan,nan,2.2169816493988037,173.45191955566406,-0.5349891185760498,-0.3419981598854065,-0.019670486450195312,1.0,0.0,12.1620512008667,nan
11.513805389404297,-1.1196807622909546,0.15715372562408447,-0.19574430584907532,0.1791163831949234,nan,nan,2.303483247756958,173.4425811767578,-0.525026261806488,-0.3992866575717926,-0.02479410171508789,1.0,0.0,12.1620512008667,nan
11.514305114746094,-1.1322290897369385,0.06185869127511978,-0.19735562801361084,0.1502770632505417,nan,nan,2.3894970417022705,173.4126434326172,-0.5020889043807983,-0.42072877287864685,-0.06371212005615234,1.0,0.0,12.1620512008667,nan
11.514803886413574,-1.135124683380127,-0.036780811846256256,-0.20863492786884308,0.13074074685573578,nan,nan,2.4747936725616455,173.3533935546875,-0.46628060936927795,-0.4585593640804291,-0.06946325302124023,1.0,0.0,12.1620512008667,nan
11.515303611755371,-1.1293331384658813,-0.133747860789299,-0.20541228353977203,0.11213473230600357,nan,nan,2.559495210647583,173.27041625976562,-0.4279329180717468,-0.4919506311416626,-0.07639169692993164,1.0,0.0,12.1620512008667,nan
11.515804290771484,-1.11099374294281,-0.23238696157932281,-0.24086149036884308,0.08980751782655716,nan,nan,2.6463711261749268,173.28065490722656,-0.3548319935798645,-0.5362972617149353,-0.03167009353637695,1.0,0.0,12.1620512008667,nan
11.516304016113281,-1.0849323272705078,-0.3243383467197418,-0.23925016820430756,0.07027120143175125,nan,nan,2.7315542697906494,173.2191619873047,-0.3194587528705597,-0.5186108946800232,-0.08467912673950195,1.0,0.0,12.1620512008667,nan
11.516803741455078,-1.0569401979446411,-0.41963380575180054,-0.24086149036884308,0.060037899762392044,nan,nan,2.8167946338653564,173.1614227294922,-0.282163143157959,-0.5671339631080627,-0.07948923110961914,1.0,0.0,12.1620512008667,nan
11.517304420471191,-1.007712960243225,-0.5115855932235718,-0.23119351267814636,0.030268274247646332,nan,nan,2.90331768989563,173.15916442871094,-0.15249501168727875,-0.5726611614227295,0.03588294982910156,1.0,0.0,12.1620512008667,nan
11.517804145812988,-0.9662073254585266,-0.5901622772216797,-0.22474820911884308,0.004219855647534132,nan,nan,2.9904253482818604,173.18128967285156,-0.1827954649925232,-0.5766251683235168,-0.09851503372192383,1.0,0.0,12.1620512008667,nan
11.518303871154785,-0.9082929491996765,-0.6770983934402466,-0.2424728125333786,-0.015316455624997616,nan,nan,3.0737316608428955,173.0435028076172,-0.08826517313718796,-0.5780916810035706,-0.02608966827392578,1.0,0.0,12.1620512008667,nan
11.518802642822266,-0.8455520272254944,-0.7523316144943237,-0.2730880379676819,-0.0367133691906929,nan,nan,-3.1241958141326904,172.99014282226562,-0.06397359818220139,-0.5794641971588135,-0.0699923038482666,1.0,0.0,12.1620512008667,nan
11.519303321838379,-0.7808809280395508,-0.8242212533950806,-0.23119351267814636,-0.05904059112071991,nan,nan,-3.0394060611724854,172.9183807373047,0.010813826695084572,-0.5913176536560059,-0.026381254196166992,1.0,0.0,12.1620512008667,nan
11.519803047180176,-0.7036616206169128,-0.8844079375267029,-0.25375211238861084,-0.08136781305074692,nan,nan,-2.9541819095611572,172.8665313720703,0.050652194768190384,-0.5698046684265137,-0.04130983352661133,1.0,0.0,12.1620512008667,nan
11.520302772521973,-0.6187200546264648,-0.9445943832397461,-0.2505294680595398,-0.10183443874120712,nan,nan,-2.8696541786193848,172.78634643554688,0.13033443689346313,-0.5556206107139587,0.01612377166748047,1.0,0.0,12.1620512008667,nan
11.52080249786377,-0.5357094407081604,-0.994749903678894,-0.2666427493095398,-0.13346464931964874,nan,nan,-2.780993938446045,172.88156127929688,0.17884574830532074,-0.5290562510490417,0.0231020450592041,1.0,0.0,12.1620512008667,nan
11.521303176879883,-0.4391850233078003,-1.0382177829742432,-0.24086149036884308,-0.14834944903850555,nan,nan,-2.6914608478546143,173.0115966796875,0.3023753762245178,-0.5115177035331726,0.1419978141784668,1.0,0.0,12.1620512008667,nan
11.52180290222168,-0.3542439639568329,-1.0716547966003418,-0.21185758709907532,-0.15765246748924255,nan,nan,-2.6013271808624268,173.1634521484375,0.28458350896835327,-0.5096549987792969,0.02681589126586914,1.0,0.0,12.1620512008667,nan
11.522302627563477,-0.2519284188747406,-1.0984046459197998,-0.21185757219791412,-0.17997968196868896,nan,nan,-2.5126731395721436,173.2506103515625,0.36160847544670105,-0.47113221883773804,0.08379840850830078,1.0,0.0,12.1620512008667,nan
11.52280330657959,-0.16505657136440277,-1.1151230335235596,-0.17157438397407532,-0.19021300971508026,nan,nan,-2.424116611480713,173.3312530517578,0.3305380642414093,-0.45781049132347107,-0.0345156192779541,1.0,0.0,12.1620512008667,nan
11.52330207824707,-0.06853223592042923,-1.1151230335235596,-0.14740444719791412,-0.20788870751857758,nan,nan,-2.334846019744873,173.4409942626953,0.3509891927242279,-0.3818545341491699,-0.005660533905029297,1.0,0.0,12.1620512008667,nan
11.523801803588867,0.03957527130842209,-1.12515389919281,-0.14095914363861084,-0.21533112227916718,nan,nan,-2.246537208557129,173.50765991210938,0.46269962191581726,-0.36541181802749634,0.06538820266723633,1.0,0.0,12.1620512008667,nan
11.524301528930664,0.1322379857301712,-1.1151230335235596,-0.12001186609268188,-0.22370381653308868,nan,nan,-2.157954216003418,173.58432006835938,0.46873751282691956,-0.3156946897506714,0.052510738372802734,1.0,0.0,12.1620512008667,nan
11.524802207946777,0.22490142285823822,-1.0950605869293213,-0.10067594051361084,-0.2311462163925171,nan,nan,-2.0678458213806152,173.7236785888672,0.4576457738876343,-0.2607341408729553,0.037239789962768555,1.0,0.0,12.1620512008667,nan
11.525301933288574,0.32721683382987976,-1.0749986171722412,-0.10389861464500427,-0.2441704422235489,nan,nan,-1.979452133178711,173.78811645507812,0.5196331739425659,-0.23175941407680511,0.04724574089050293,1.0,0.0,12.1620512008667,nan
11.525801658630371,0.4140889346599579,-1.0382177829742432,-0.07489471137523651,-0.2516128420829773,nan,nan,-1.889807939529419,173.90371704101562,0.4909461438655853,-0.1916375607252121,0.004836082458496094,1.0,0.0,12.1620512008667,nan
11.526302337646484,0.5183348059654236,-1.0014371871948242,-0.044279471039772034,-0.256264328956604,nan,nan,-1.8006483316421509,173.99673461914062,0.6620360016822815,-0.12377376109361649,0.10344862937927246,1.0,0.0,12.1620512008667,nan
11.526802062988281,0.5994153618812561,-0.9445943832397461,-0.026554852724075317,-0.2609158456325531,nan,nan,-1.710052728652954,174.14794921875,0.6081633567810059,-0.06099613383412361,0.09774374961853027,1.0,0.0,12.1620512008667,nan
11.527300834655762,0.677600085735321,-0.8894231915473938,0.020173653960227966,-0.2711491584777832,nan,nan,-1.6213667392730713,174.21539306640625,0.6134268045425415,-0.05023577809333801,0.027034282684326172,1.0,0.0,12.1620512008667,nan
11.527800559997559,0.7606109976768494,-0.8325803279876709,0.021784991025924683,-0.2571946382522583,nan,nan,-1.5325688123703003,174.28623962402344,0.6784718632698059,-0.005030322819948196,0.012496471405029297,1.0,0.0,12.1620512008667,nan
11.528301239013672,0.837830126285553,-0.7590193152427673,0.04273226857185364,-0.2674279510974884,nan,nan,-1.4436031579971313,174.36288452148438,0.6592289805412292,0.08109928667545319,0.053548336029052734,1.0,0.0,12.1620512008667,nan
11.528800964355469,0.9044318795204163,-0.6837859153747559,0.044343575835227966,-0.2423098236322403,nan,nan,-1.3538321256637573,174.47166442871094,0.6564961671829224,0.1441570371389389,0.05757880210876465,1.0,0.0,12.1620512008667,nan
11.529300689697266,0.9642770290374756,-0.6068810820579529,0.044343575835227966,-0.21998262405395508,nan,nan,-1.265141248703003,174.53271484375,0.6709461808204651,0.1687023639678955,-0.0011589527130126953,1.0,0.0,12.1620512008667,nan
11.529801368713379,0.999991238117218,-0.5115855932235718,0.12329865992069244,-0.22277352213859558,nan,nan,-1.176998257637024,174.57000732421875,0.5485771298408508,0.23354192078113556,0.06714606285095215,1.0,0.0,12.1620512008667,nan
11.530301094055176,1.0443922281265259,-0.4213058054447174,0.12329866737127304,-0.21347050368785858,nan,nan,-1.0877201557159424,174.65367126464844,0.5554677844047546,0.2757638990879059,0.036089181900024414,1.0,0.0,12.1620512008667,nan
11.530800819396973,1.0830016136169434,-0.32768240571022034,0.1361892819404602,-0.19858570396900177,nan,nan,-0.9999001026153564,174.67425537109375,0.5609586834907532,0.32574591040611267,0.013478755950927734,1.0,0.0,12.1620512008667,nan
11.53130054473877,1.1090633869171143,-0.22904309630393982,0.15552522242069244,-0.18184027075767517,nan,nan,-0.9123761653900146,174.68212890625,0.5430835485458374,0.3814150393009186,0.012125253677368164,1.0,0.0,12.1620512008667,nan
11.531800270080566,1.1254725456237793,-0.133747860789299,0.15552522242069244,-0.16881607472896576,nan,nan,-0.8257358074188232,174.6525115966797,0.48130911588668823,0.37918028235435486,-0.019671201705932617,1.0,0.0,12.1620512008667,nan
11.532299995422363,1.135124683380127,-0.036780599504709244,0.18614046275615692,-0.14927975833415985,nan,nan,-0.7396390438079834,174.60101318359375,0.4799383878707886,0.4310351312160492,-0.04137253761291504,1.0,0.0,12.1620512008667,nan
11.53279972076416,1.1360901594161987,0.06854575127363205,0.18130648136138916,-0.13346464931964874,nan,nan,-0.6540050506591797,174.53109741210938,0.4058045446872711,0.48503968119621277,0.015549659729003906,1.0,0.0,12.1620512008667,nan
11.533300399780273,1.1283680200576782,0.16216938197612762,0.21353302896022797,-0.10369502007961273,nan,nan,-0.5667948722839355,174.52886962890625,0.38956117630004883,0.4929305911064148,-0.04401850700378418,1.0,0.0,12.1620512008667,nan
11.53380012512207,1.1032718420028687,0.26582393050193787,0.2586502134799957,-0.08136781305074692,nan,nan,-0.4815375804901123,174.44468688964844,0.3115256130695343,0.5156198740005493,-0.003824949264526367,1.0,0.0,12.1620512008667,nan
11.534299850463867,1.0801060199737549,0.35944733023643494,0.2328689694404602,-0.06276179850101471,nan,nan,-0.39484071731567383,174.42237854003906,0.2901926338672638,0.5362801551818848,-0.04321002960205078,1.0,0.0,12.1620512008667,nan
11.534799575805664,1.0434266328811646,0.4564146101474762,0.24253693222999573,-0.0441557839512825,nan,nan,-0.310504674911499,174.3013916015625,0.22487762570381165,0.5735785961151123,-0.005069255828857422,1.0,0.0,12.1620512008667,nan
11.535300254821777,0.9941990375518799,0.5416789650917053,0.24253694713115692,-0.01810736395418644,nan,nan,-0.22305536270141602,174.3137969970703,0.13965848088264465,0.546779453754425,0.03120732307434082,1.0,0.0,12.1620512008667,nan
11.535799026489258,0.9478675723075867,0.6219276785850525,0.2505935728549957,0.02003496140241623,nan,nan,-0.13379788398742676,174.40249633789062,0.1122802123427391,0.5584954023361206,-0.006500720977783203,1.0,0.0,12.1620512008667,nan
11.536298751831055,0.8880230784416199,0.70551997423172,0.2328689694404602,0.02468646503984928,nan,nan,-0.04665088653564453,174.4002685546875,0.057826459407806396,0.5874051451683044,0.006674766540527344,1.0,0.0,12.1620512008667,nan
11.536799430847168,0.8262472748756409,0.7790815830230713,0.2409256100654602,0.04422278329730034,nan,nan,0.04065394401550293,174.405029296875,0.032308947294950485,0.5770665407180786,-0.0386199951171875,1.0,0.0,12.1620512008667,nan
11.537299156188965,0.7509585022926331,0.8492989540100098,0.22964632511138916,0.060037899762392044,nan,nan,0.12830424308776855,174.4241180419922,-0.05806397274136543,0.5871180891990662,0.028522968292236328,1.0,0.0,12.1620512008667,nan
11.537798881530762,0.672773540019989,0.9111576080322266,0.21514436602592468,0.09073781967163086,nan,nan,0.21597886085510254,174.44384765625,-0.12250921875238419,0.5628541111946106,0.05671095848083496,1.0,0.0,12.1620512008667,nan
11.538298606872559,0.5907283425331116,0.9663283824920654,0.23448030650615692,0.11306504160165787,nan,nan,0.30473852157592773,174.50872802734375,-0.14576157927513123,0.548175573348999,0.01336669921875,1.0,0.0,12.1620512008667,nan
11.538799285888672,0.5028913617134094,1.011468529701233,0.17486116290092468,0.13632255792617798,nan,nan,0.39435839653015137,174.60809326171875,-0.22153718769550323,0.5382588505744934,0.05451250076293945,1.0,0.0,12.1620512008667,nan
11.539299011230469,0.4082973301410675,1.054936408996582,0.18775178492069244,0.1493467539548874,nan,nan,0.4830801486968994,174.66815185546875,-0.2897873520851135,0.5186354517936707,0.08502435684204102,1.0,0.0,12.1620512008667,nan
11.53979778289795,0.31563428044319153,1.0883734226226807,0.18936312198638916,0.1670224815607071,nan,nan,0.5698909759521484,174.64578247070312,-0.28859949111938477,0.5066033005714417,0.006163835525512695,1.0,0.0,12.1620512008667,nan
11.540297508239746,0.21138827502727509,1.1084352731704712,0.17324984073638916,0.1837678849697113,nan,nan,0.6613006591796875,174.81771850585938,-0.3959765136241913,0.43039461970329285,0.1413259506225586,1.0,0.0,12.1620512008667,nan
11.54079818725586,0.11486383527517319,1.1218105554580688,0.15391388535499573,0.19307087361812592,nan,nan,0.7521188259124756,174.96087646484375,-0.40828901529312134,0.4130547046661377,0.08614802360534668,1.0,0.0,12.1620512008667,nan
11.541297912597656,0.008687136694788933,1.12515389919281,0.12652131915092468,0.20516479015350342,nan,nan,0.8447394371032715,175.17694091796875,-0.49453920125961304,0.3625586926937103,0.1524639129638672,1.0,0.0,12.1620512008667,nan
11.541797637939453,-0.08783707022666931,1.1218105554580688,0.13296662271022797,0.22563140094280243,nan,nan,0.9365570545196533,175.35462951660156,-0.5066486597061157,0.3567250072956085,0.07954978942871094,1.0,0.0,12.1620512008667,nan
11.542298316955566,-0.1901528686285019,1.1151230335235596,0.11685335636138916,0.23121322691440582,nan,nan,1.0274384021759033,175.4890899658203,-0.5478219985961914,0.3274722993373871,0.06333017349243164,1.0,0.0,12.1620512008667,nan
11.542798042297363,-0.29246842861175537,1.0883734226226807,0.07495881617069244,0.23865564167499542,nan,nan,1.1197102069854736,175.67974853515625,-0.6274713277816772,0.23438119888305664,0.15279150009155273,1.0,0.0,12.1620512008667,nan
11.54329776763916,-0.3851315975189209,1.0582802295684814,0.09751740097999573,0.23865561187267303,nan,nan,1.210602045059204,175.8077850341797,-0.5444303750991821,0.2235865294933319,0.029230117797851562,1.0,0.0,12.1620512008667,nan
11.543798446655273,-0.4797251224517822,1.0214991569519043,0.08462677896022797,0.25354042649269104,nan,nan,1.3021047115325928,175.95919799804688,-0.6098291277885437,0.1696210652589798,0.05628204345703125,1.0,0.0,12.1620512008667,nan
11.544297218322754,-0.5714234709739685,0.9730159044265747,0.018562331795692444,0.24888892471790314,nan,nan,1.392956018447876,176.07986450195312,-0.6254547834396362,0.11019736528396606,0.06238698959350586,1.0,0.0,12.1620512008667,nan
11.54479694366455,-0.6573299765586853,0.9178448915481567,0.04112093150615692,0.25819194316864014,nan,nan,1.4828112125396729,176.15614318847656,-0.6176331043243408,0.06320179253816605,0.044907569885253906,1.0,0.0,12.1620512008667,nan
11.545296669006348,-0.7355145812034607,0.8559863567352295,-0.010441571474075317,0.26191315054893494,nan,nan,1.5728304386138916,176.2375030517578,-0.6033712029457092,0.01963905431330204,0.024265766143798828,1.0,0.0,12.1620512008667,nan
11.545797348022461,-0.8136992454528809,0.787440836429596,0.0008377283811569214,0.23865564167499542,nan,nan,1.662682294845581,176.31024169921875,-0.6799803972244263,-0.040815211832523346,0.026938915252685547,1.0,0.0,12.1620512008667,nan
11.546297073364258,-0.8831967711448669,0.713879406452179,-0.06200405955314636,0.24516773223876953,nan,nan,1.7508270740509033,176.30984497070312,-0.6535232067108154,-0.07901854813098907,-0.0009469985961914062,1.0,0.0,12.1620512008667,nan
11.546796798706055,-0.9430415034294128,0.630286693572998,-0.07006071507930756,0.22749203443527222,nan,nan,1.8398106098175049,176.34469604492188,-0.676457941532135,-0.16069139540195465,0.02307891845703125,1.0,0.0,12.1620512008667,nan
11.547296524047852,-0.9990255832672119,0.546694815158844,-0.10712124407291412,0.23400413990020752,nan,nan,1.9278738498687744,176.34024047851562,-0.6303386688232422,-0.18800142407417297,-0.008488655090332031,1.0,0.0,12.1620512008667,nan
11.547797203063965,-1.0501835346221924,0.45808660984039307,-0.12323452532291412,0.22470112144947052,nan,nan,2.015106439590454,176.300537109375,-0.6990094184875488,-0.22810906171798706,-0.07041215896606445,1.0,0.0,12.1620512008667,nan
11.548295974731445,-1.0839667320251465,0.35944753885269165,-0.12484586983919144,0.2144678235054016,nan,nan,2.1029303073883057,176.28688049316406,-0.5801600217819214,-0.29263514280319214,-0.006243228912353516,1.0,0.0,12.1620512008667,nan
11.548795700073242,-1.1119588613510132,0.2641521096229553,-0.14095914363861084,0.186558797955513,nan,nan,2.1909658908843994,176.28233337402344,-0.5469310283660889,-0.33242663741111755,-0.015345573425292969,1.0,0.0,12.1620512008667,nan
11.549296379089355,-1.1331942081451416,0.16049735248088837,-0.1699630618095398,0.1698133796453476,nan,nan,2.2779953479766846,176.23570251464844,-0.524817168712616,-0.4015774130821228,0.004698753356933594,1.0,0.0,12.1620512008667,nan
11.549796104431152,-1.1418815851211548,0.05851463973522186,-0.15223844349384308,0.1595800817012787,nan,nan,2.366935968399048,176.27037048339844,-0.4473915100097656,-0.42652973532676697,0.024239540100097656,1.0,0.0,12.1620512008667,nan
11.55029582977295,-1.1524991989135742,-0.04012444615364075,-0.21185758709907532,0.14190435409545898,nan,nan,2.45292592048645,176.17994689941406,-0.5242084860801697,-0.477713406085968,-0.08474159240722656,1.0,0.0,12.1620512008667,nan
11.550795555114746,-1.1389857530593872,-0.1437791883945465,-0.24730679392814636,0.10469233244657516,nan,nan,2.5413897037506104,176.1957244873047,-0.41803276538848877,-0.5177479982376099,-0.0204010009765625,1.0,0.0,12.1620512008667,nan
11.55129623413086,-1.1245070695877075,-0.2424178421497345,-0.20863492786884308,0.09538931399583817,nan,nan,2.627148389816284,176.0971221923828,-0.38530460000038147,-0.5290951132774353,-0.056527137756347656,1.0,0.0,12.1620512008667,nan
11.551795959472656,-1.1003761291503906,-0.344400554895401,-0.2505294680595398,0.06561969220638275,nan,nan,2.7141306400299072,176.05239868164062,-0.33326974511146545,-0.5801042318344116,-0.03547048568725586,1.0,0.0,12.1620512008667,nan
11.552295684814453,-1.061766505241394,-0.4380244016647339,-0.22958219051361084,0.04980458691716194,nan,nan,2.799907922744751,175.95765686035156,-0.24192094802856445,-0.5703209042549133,-0.0008554458618164062,1.0,0.0,12.1620512008667,nan
11.55279541015625,-1.0173653364181519,-0.5283042192459106,-0.25375211238861084,0.030268274247646332,nan,nan,2.8870184421539307,175.92138671875,-0.17907360196113586,-0.556306004524231,0.001789093017578125,1.0,0.0,12.1620512008667,nan
11.553295135498047,-0.976824939250946,-0.6185837388038635,-0.23602750897407532,0.010731962509453297,nan,nan,2.971205949783325,175.76278686523438,-0.1810096800327301,-0.6051762700080872,-0.06192779541015625,1.0,0.0,12.1620512008667,nan
11.553794860839844,-0.917945384979248,-0.700504720211029,-0.2424728274345398,-0.020898273214697838,nan,nan,3.0588347911834717,175.75230407714844,-0.1203397810459137,-0.5971217155456543,-0.05777883529663086,1.0,0.0,12.1620512008667,nan
11.55429458618164,-0.8523088097572327,-0.7807533740997314,-0.24408414959907532,-0.0367133803665638,nan,nan,-3.1386115550994873,175.66259765625,-0.058528099209070206,-0.6197364330291748,-0.03876042366027832,1.0,0.0,12.1620512008667,nan
11.554795265197754,-0.7750895619392395,-0.8543148040771484,-0.2666427493095398,-0.06648300588130951,nan,nan,-3.0499930381774902,175.6959991455078,0.0255908016115427,-0.5980694890022278,0.009759664535522461,1.0,0.0,12.1620512008667,nan
11.55529499053955,-0.6911135315895081,-0.9195167422294617,-0.23280483484268188,-0.08601930737495422,nan,nan,-2.9601004123687744,175.7818145751953,0.12463194876909256,-0.5914285182952881,0.08513951301574707,1.0,0.0,12.1620512008667,nan
11.555794715881348,-0.6119635701179504,-0.976359486579895,-0.2569747567176819,-0.10927682369947433,nan,nan,-2.8706181049346924,175.8486785888672,0.1215464398264885,-0.5927512645721436,-0.010159730911254883,1.0,0.0,12.1620512008667,nan
11.556295394897461,-0.5144740343093872,-1.0248429775238037,-0.22797085344791412,-0.12602223455905914,nan,nan,-2.7793471813201904,175.98956298828125,0.2427636831998825,-0.5560771226882935,0.10848689079284668,1.0,0.0,12.1620512008667,nan
11.556794166564941,-0.42374131083488464,-1.0649675130844116,-0.2344161868095398,-0.15207065641880035,nan,nan,-2.6878700256347656,176.13572692871094,0.24957844614982605,-0.5323776006698608,0.043538808822631836,1.0,0.0,12.1620512008667,nan
11.557293891906738,-0.3272171914577484,-1.0950605869293213,-0.2021896243095398,-0.18928268551826477,nan,nan,-2.5966637134552,176.26742553710938,0.28808706998825073,-0.5050742626190186,0.032311201095581055,1.0,0.0,12.1620512008667,nan
11.557793617248535,-0.2210402637720108,-1.1218105554580688,-0.1860763430595398,-0.18742209672927856,nan,nan,-2.5061473846435547,176.36764526367188,0.3780531585216522,-0.4579201936721802,0.11396002769470215,1.0,0.0,12.1620512008667,nan
11.558294296264648,-0.12451642751693726,-1.1351850032806396,-0.14257046580314636,-0.20695838332176208,nan,nan,-2.413820266723633,176.5419464111328,0.4329257905483246,-0.44281283020973206,0.10561513900756836,1.0,0.0,12.1620512008667,nan
11.558794021606445,-0.022200515493750572,-1.1351850032806396,-0.16674038767814636,-0.20602810382843018,nan,nan,-2.3216288089752197,176.70704650878906,0.44023939967155457,-0.3532879650592804,0.13402748107910156,1.0,0.0,12.1620512008667,nan
11.559293746948242,0.07818471640348434,-1.1318411827087402,-0.1216232031583786,-0.2227734923362732,nan,nan,-2.230837345123291,176.80918884277344,0.45562121272087097,-0.3544410169124603,0.058072566986083984,1.0,0.0,12.1620512008667,nan
11.559794425964355,0.17663925886154175,-1.1218105554580688,-0.12484584748744965,-0.2302159070968628,nan,nan,-2.138948440551758,176.95542907714844,0.4553877115249634,-0.3084021210670471,0.03198099136352539,1.0,0.0,12.1620512008667,nan
11.560294151306152,0.2828158140182495,-1.10509192943573,-0.07006070017814636,-0.245100736618042,nan,nan,-2.047961711883545,177.0609893798828,0.5790207982063293,-0.2807093858718872,0.08511781692504883,1.0,0.0,12.1620512008667,nan
11.560792922973633,0.38513123989105225,-1.0749986171722412,-0.09906460344791412,-0.245100736618042,nan,nan,-1.9555822610855103,177.22274780273438,0.579925537109375,-0.2189301699399948,0.08322501182556152,1.0,0.0,12.1620512008667,nan
11.56129264831543,0.47972536087036133,-1.0348743200302124,-0.06683804094791412,-0.2525431513786316,nan,nan,-1.8630878925323486,177.3858184814453,0.6308624744415283,-0.1825638860464096,0.07001042366027832,1.0,0.0,12.1620512008667,nan
11.561793327331543,0.5665972232818604,-0.9813751578330994,-0.03138884902000427,-0.2544037401676178,nan,nan,-1.7699520587921143,177.57275390625,0.6195932030677795,-0.09837941080331802,0.10129380226135254,1.0,0.0,12.1620512008667,nan
11.56229305267334,0.6534690856933594,-0.9245321750640869,0.008894354104995728,-0.2683582603931427,nan,nan,-1.6780612468719482,177.70314025878906,0.6105770468711853,-0.05293931066989899,0.0803375244140625,1.0,0.0,12.1620512008667,nan
11.562792778015137,0.7335842251777649,-0.8660174608230591,0.00406038761138916,-0.2488219439983368,nan,nan,-1.58651864528656,177.81590270996094,0.633735179901123,-0.04140082746744156,0.009789228439331055,1.0,0.0,12.1620512008667,nan
11.563292503356934,0.8136991858482361,-0.7941279411315918,0.03306429088115692,-0.2730097472667694,nan,nan,-1.4947824478149414,177.93499755859375,0.6358752846717834,0.045902151614427567,0.055582284927368164,1.0,0.0,12.1620512008667,nan
11.563793182373047,0.8860922455787659,-0.7222384810447693,0.04917755722999573,-0.245100736618042,nan,nan,-1.4032251834869385,178.04367065429688,0.668039858341217,0.09270577877759933,0.029783010482788086,1.0,0.0,12.1620512008667,nan
11.564292907714844,0.9517289996147156,-0.641990065574646,0.04917757213115692,-0.2376583218574524,nan,nan,-1.3126254081726074,178.10995483398438,0.6816677451133728,0.13708843290805817,-0.00035262107849121094,1.0,0.0,12.1620512008667,nan
11.56479263305664,1.0009559392929077,-0.5500380396842957,0.10718537867069244,-0.2357977330684662,nan,nan,-1.2229593992233276,178.13571166992188,0.6349683403968811,0.18581868708133698,-0.0037915706634521484,1.0,0.0,12.1620512008667,nan
11.565292358398438,1.052113652229309,-0.46143007278442383,0.11201934516429901,-0.2255644053220749,nan,nan,-1.1333448886871338,178.15850830078125,0.6674008369445801,0.23864318430423737,-0.03481769561767578,1.0,0.0,12.1620512008667,nan
11.565792083740234,1.0858978033065796,-0.36279118061065674,0.1039627194404602,-0.19858570396900177,nan,nan,-1.0429222583770752,178.2152557373047,0.5579907894134521,0.2994520962238312,0.024166584014892578,1.0,0.0,12.1620512008667,nan
11.566291809082031,1.1129239797592163,-0.26248008012771606,0.18291780352592468,-0.19951599836349487,nan,nan,-0.9545531272888184,178.1841583251953,0.5790236592292786,0.33509454131126404,-0.032366275787353516,1.0,0.0,12.1620512008667,nan
11.566791534423828,1.1389859914779663,-0.16384120285511017,0.15552522242069244,-0.16881607472896576,nan,nan,-0.8656232357025146,178.1771240234375,0.544537365436554,0.383829802274704,-0.03193545341491699,1.0,0.0,12.1620512008667,nan
11.567292213439941,1.1476727724075317,-0.061858274042606354,0.18291780352592468,-0.14741915464401245,nan,nan,-0.7777535915374756,178.1259307861328,0.5222764015197754,0.4286099970340729,-0.046662330627441406,1.0,0.0,12.1620512008667,nan
11.567791938781738,1.1447771787643433,0.04681171104311943,0.21353302896022797,-0.12974345684051514,nan,nan,-0.6894679069519043,178.09349060058594,0.4219377934932709,0.47504687309265137,0.02265787124633789,1.0,0.0,12.1620512008667,nan
11.568291664123535,1.1418813467025757,0.14545080065727234,0.20386506617069244,-0.11113743484020233,nan,nan,-0.6002724170684814,178.0996551513672,0.41024523973464966,0.5021533966064453,-0.025482177734375,1.0,0.0,12.1620512008667,nan
11.568792343139648,1.1206461191177368,0.2491053342819214,0.22964631021022797,-0.09811322391033173,nan,nan,-0.5130634307861328,178.0224609375,0.3288702666759491,0.5175464153289795,0.006348133087158203,1.0,0.0,12.1620512008667,nan
11.569291114807129,1.0955497026443481,0.35276007652282715,0.23448029160499573,-0.07299510389566422,nan,nan,-0.42258572578430176,178.08462524414062,0.2540149390697479,0.5899285078048706,0.07566070556640625,1.0,0.0,12.1620512008667,nan
11.569790840148926,1.0579054355621338,0.45139893889427185,0.26187288761138916,-0.05717997997999191,nan,nan,-0.33414649963378906,178.05958557128906,0.19957438111305237,0.6043311357498169,0.07483839988708496,1.0,0.0,12.1620512008667,nan
11.570290565490723,1.0154345035552979,0.5383353233337402,0.24737092852592468,-0.0283406600356102,nan,nan,-0.2438974380493164,178.1104278564453,0.1930547058582306,0.5903909802436829,-0.012831449508666992,1.0,0.0,12.1620512008667,nan
11.570791244506836,0.9681376814842224,0.6202560067176819,0.23125764727592468,0.008871358819305897,nan,nan,-0.1544351577758789,178.12757873535156,0.18163824081420898,0.5909392237663269,-0.08476018905639648,1.0,0.0,12.1620512008667,nan
11.571290969848633,0.9025013446807861,0.7071919441223145,0.24414826929569244,0.014453159645199776,nan,nan,-0.0660395622253418,178.099609375,0.08328862488269806,0.6028291583061218,-0.011948108673095703,1.0,0.0,12.1620512008667,nan
11.57179069519043,0.8320390582084656,0.7891122698783875,0.24575960636138916,0.041431885212659836,nan,nan,0.02371835708618164,178.12982177734375,-0.022762661799788475,0.6248132586479187,0.07236576080322266,1.0,0.0,12.1620512008667,nan
11.572291374206543,0.7625412940979004,0.8559863567352295,0.22642365097999573,0.05817728489637375,nan,nan,0.11425518989562988,178.19154357910156,-0.019190944731235504,0.5997494459152222,-0.022977113723754883,1.0,0.0,12.1620512008667,nan
11.57279109954834,0.6737388968467712,0.9228601455688477,0.24575959146022797,0.07492269575595856,nan,nan,0.2038860321044922,178.2142791748047,-0.12980321049690247,0.5747264623641968,0.07795977592468262,1.0,0.0,12.1620512008667,nan
11.573290824890137,0.5965197682380676,0.976359486579895,0.21031036972999573,0.10469232499599457,nan,nan,0.29571104049682617,178.32835388183594,-0.13546817004680634,0.5625916719436646,1.5974044799804688e-05,1.0,0.0,12.1620512008667,nan
11.573789596557617,0.4990299940109253,1.0248429775238037,0.21192170679569244,0.12236803770065308,nan,nan,0.38619375228881836,178.3842010498047,-0.23445548117160797,0.5379189252853394,0.0846414566040039,1.0,0.0,12.1620512008667,nan
11.57429027557373,0.40636691451072693,1.068311333656311,0.21353302896022797,0.1530679613351822,nan,nan,0.47759389877319336,178.47727966308594,-0.277322918176651,0.5431788563728333,0.054170846939086914,1.0,0.0,12.1620512008667,nan
11.574790000915527,0.29826000332832336,1.0984046459197998,0.1845291256904602,0.1716739684343338,nan,nan,0.5702273845672607,178.62033081054688,-0.41000229120254517,0.48673516511917114,0.19013500213623047,1.0,0.0,12.1620512008667,nan
11.575289726257324,0.2075272649526596,1.1184663772583008,0.1684158444404602,0.1865587830543518,nan,nan,0.6632480621337891,178.7758331298828,-0.33797773718833923,0.47775429487228394,0.012079238891601562,1.0,0.0,12.1620512008667,nan
11.575790405273438,0.09941976517438889,1.1351850032806396,0.1523025631904602,0.197722390294075,nan,nan,0.7544786930084229,178.85342407226562,-0.42764657735824585,0.43327322602272034,0.08434414863586426,1.0,0.0,12.1620512008667,nan
11.576290130615234,-0.0028956718742847443,1.1351850032806396,0.16197052597999573,0.20888599753379822,nan,nan,0.8487558364868164,179.05734252929688,-0.46019044518470764,0.38301265239715576,0.08796024322509766,1.0,0.0,12.1620512008667,nan
11.576789855957031,-0.10714167356491089,1.1318411827087402,0.13941192626953125,0.22377081215381622,nan,nan,0.9413540363311768,179.18629455566406,-0.5094530582427979,0.36240431666374207,0.07114887237548828,1.0,0.0,12.1620512008667,nan
11.577289581298828,-0.2133186012506485,1.1184663772583008,0.11040803790092468,0.23493443429470062,nan,nan,1.0357329845428467,179.3872833251953,-0.561284601688385,0.30497074127197266,0.09753751754760742,1.0,0.0,12.1620512008667,nan
11.577789306640625,-0.31563428044319153,1.0883734226226807,0.10718537867069244,0.24051623046398163,nan,nan,1.128469705581665,179.51516723632812,-0.5858813524246216,0.2485457956790924,0.1013641357421875,1.0,0.0,12.1620512008667,nan
11.578289031982422,-0.41215837001800537,1.0582802295684814,0.0717361718416214,0.24795864522457123,nan,nan,1.2218306064605713,179.66641235351562,-0.5917686820030212,0.21055997908115387,0.06727933883666992,1.0,0.0,12.1620512008667,nan
11.578788757324219,-0.5028911232948303,1.011468529701233,0.07818146049976349,0.2572616636753082,nan,nan,1.314697504043579,179.79397583007812,-0.5671138763427734,0.14100401103496552,0.07262992858886719,1.0,0.0,12.1620512008667,nan
11.579289436340332,-0.5945890545845032,0.9663282036781311,0.03628695011138916,0.24981923401355743,nan,nan,1.4073598384857178,179.91000366210938,-0.5903087854385376,0.10728176683187485,0.043802738189697266,1.0,0.0,12.1620512008667,nan
11.579789161682129,-0.6853218078613281,0.9094855785369873,0.034675613045692444,0.25261014699935913,nan,nan,1.4996883869171143,180.00961303710938,-0.6522168517112732,0.06053852662444115,0.03870820999145508,1.0,0.0,12.1620512008667,nan
11.580288887023926,-0.7635066509246826,0.8409398198127747,-0.02333219349384308,0.25261014699935913,nan,nan,1.5919601917266846,180.10470581054688,-0.6351976990699768,0.001191849703900516,0.037138938903808594,1.0,0.0,12.1620512008667,nan
11.580788612365723,-0.837830126285553,0.7657064199447632,-0.021720871329307556,0.25167983770370483,nan,nan,1.6843698024749756,180.20391845703125,-0.6234598159790039,-0.07596005499362946,0.06800699234008789,1.0,0.0,12.1620512008667,nan
11.581289291381836,-0.9092580676078796,0.6888013482093811,-0.08617399632930756,0.23865564167499542,nan,nan,1.77614426612854,180.27407836914062,-0.6700455546379089,-0.11552251875400543,0.025571346282958984,1.0,0.0,12.1620512008667,nan
11.581788063049316,-0.9700682163238525,0.6035372018814087,-0.07167205214500427,0.22656172513961792,nan,nan,1.866774320602417,180.2947235107422,-0.6802170872688293,-0.17199477553367615,0.011820793151855469,1.0,0.0,12.1620512008667,nan
11.582287788391113,-1.0212260484695435,0.5149292349815369,-0.1135665774345398,0.22284051775932312,nan,nan,1.9577052593231201,180.32778930664062,-0.6103604435920715,-0.21751616895198822,0.015596389770507812,1.0,0.0,12.1620512008667,nan
11.58278751373291,-1.0675578117370605,0.4213058054447174,-0.10873258113861084,0.21260720491409302,nan,nan,2.0477707386016846,180.3233642578125,-0.6513361930847168,-0.254455029964447,-0.044629573822021484,1.0,0.0,12.1620512008667,nan
11.583288192749023,-1.0984456539154053,0.32099470496177673,-0.1538497805595398,0.1977224051952362,nan,nan,2.137094736099243,180.28839111328125,-0.5606348514556885,-0.3152696490287781,0.006083488464355469,1.0,0.0,12.1620512008667,nan
11.58378791809082,-1.127402901649475,0.22402764856815338,-0.13290250301361084,0.1912102997303009,nan,nan,2.22749924659729,180.29934692382812,-0.5625621676445007,-0.3523266315460205,-0.037244319915771484,1.0,0.0,12.1620512008667,nan
11.584287643432617,-1.142846703529358,0.11702927947044373,-0.17640836536884308,0.1623709797859192,nan,nan,2.316716432571411,180.26019287109375,-0.5116688013076782,-0.41619768738746643,-0.00299072265625,1.0,0.0,12.1620512008667,nan
11.58478832244873,-1.1524989604949951,0.020062223076820374,-0.20541226863861084,0.13632255792617798,nan,nan,2.4071505069732666,180.2727508544922,-0.5167956948280334,-0.42498913407325745,-0.08841991424560547,1.0,0.0,12.1620512008667,nan
11.585288047790527,-1.1505687236785889,-0.09027978777885437,-0.18929898738861084,0.13260135054588318,nan,nan,2.4956581592559814,180.20445251464844,-0.4483930170536041,-0.5014810562133789,-0.023673534393310547,1.0,0.0,12.1620512008667,nan
11.585787773132324,-1.1389857530593872,-0.19059088826179504,-0.22152554988861084,0.10097112506628036,nan,nan,2.585292100906372,180.18478393554688,-0.40828391909599304,-0.5140263438224792,-0.05512666702270508,1.0,0.0,12.1620512008667,nan
11.586286544799805,-1.1177504062652588,-0.2942456305027008,-0.21185758709907532,0.08980752527713776,nan,nan,2.672477960586548,180.0625457763672,-0.3669220209121704,-0.5464861989021301,-0.062422752380371094,1.0,0.0,12.1620512008667,nan
11.586787223815918,-1.0820364952087402,-0.3962279260158539,-0.24086149036884308,0.060037899762392044,nan,nan,2.76188588142395,180.0364532470703,-0.25589075684547424,-0.5664451122283936,0.015465736389160156,1.0,0.0,12.1620512008667,nan
11.587286949157715,-1.0424615144729614,-0.4915233850479126,-0.24569547176361084,0.04608337953686714,nan,nan,2.8502633571624756,179.9674072265625,-0.22344794869422913,-0.5911617875099182,-0.010116100311279297,1.0,0.0,12.1620512008667,nan
11.587786674499512,-0.9990255832672119,-0.5801311731338501,-0.2601974308490753,0.01910465583205223,nan,nan,2.939744710922241,179.94607543945312,-0.21647655963897705,-0.6023764610290527,-0.08352851867675781,1.0,0.0,12.1620512008667,nan
11.588287353515625,-0.9324237704277039,-0.6687393188476562,-0.2601974308490753,-0.006943754386156797,nan,nan,3.028031587600708,179.87535095214844,-0.08813545107841492,-0.5923610329627991,0.025914669036865234,1.0,0.0,12.1620512008667,nan
11.588787078857422,-0.8822314143180847,-0.7489882111549377,-0.2505294680595398,-0.012525564059615135,nan,nan,3.116520643234253,179.81427001953125,-0.1273794025182724,-0.6099756956100464,-0.12137651443481445,1.0,0.0,12.1620512008667,nan
11.589286804199219,-0.8127339482307434,-0.8225496411323547,-0.23119351267814636,-0.047876980155706406,nan,nan,-3.079874277114868,179.6830596923828,-0.1028718650341034,-0.6128059029579163,-0.16886067390441895,1.0,0.0,12.1620512008667,nan
11.589786529541016,-0.7326188683509827,-0.8944390416145325,-0.23119352757930756,-0.07020420581102371,nan,nan,-2.9939894676208496,179.51699829101562,-0.0005403400864452124,-0.604101836681366,-0.08904147148132324,1.0,0.0,12.1620512008667,nan
11.590286254882812,-0.6428512334823608,-0.962984561920166,-0.24086149036884308,-0.08881021291017532,nan,nan,-2.9035232067108154,179.5469207763672,0.12837611138820648,-0.6120030283927917,0.028654813766479492,1.0,0.0,12.1620512008667,nan
11.59078598022461,-0.5492227077484131,-1.0148118734359741,-0.22958220541477203,-0.13067375123500824,nan,nan,-2.811283588409424,179.6507110595703,0.20662041008472443,-0.5891184210777283,0.06716799736022949,1.0,0.0,12.1620512008667,nan
11.591285705566406,-0.4526984989643097,-1.0582802295684814,-0.21185757219791412,-0.13532523810863495,nan,nan,-2.719208002090454,179.74526977539062,0.277139812707901,-0.5444105863571167,0.10884761810302734,1.0,0.0,12.1620512008667,nan
11.59178638458252,-0.36003541946411133,-1.09171724319458,-0.19735564291477203,-0.15858277678489685,nan,nan,-2.626863956451416,179.8489227294922,0.2739218473434448,-0.5270283818244934,0.02463388442993164,1.0,0.0,12.1620512008667,nan
11.592286109924316,-0.2577197551727295,-1.1184663772583008,-0.18768766522407532,-0.18090999126434326,nan,nan,-2.5347418785095215,179.94125366210938,0.31098708510398865,-0.48139384388923645,0.02679920196533203,1.0,0.0,12.1620512008667,nan
11.592785835266113,-0.14575159549713135,-1.1452163457870483,-0.1860763430595398,-0.18184027075767517,nan,nan,-2.4415011405944824,180.07901000976562,0.46824371814727783,-0.46930232644081116,0.14479875564575195,1.0,0.0,12.1620512008667,nan
11.59328556060791,-0.05308840796351433,-1.1418722867965698,-0.11840055882930756,-0.2395189106464386,nan,nan,-2.34782338142395,180.2317352294922,0.4034765362739563,-0.44285669922828674,0.0052204132080078125,1.0,0.0,12.1620512008667,nan
11.593786239624023,0.056949302554130554,-1.1418722867965698,-0.15223845839500427,-0.21626143157482147,nan,nan,-2.2550528049468994,180.3436737060547,0.457389235496521,-0.34995144605636597,0.091644287109375,1.0,0.0,12.1620512008667,nan
11.59428596496582,0.16119566559791565,-1.1318411827087402,-0.10873256623744965,-0.2302159070968628,nan,nan,-2.1627185344696045,180.43434143066406,0.4992656111717224,-0.33921998739242554,0.0554962158203125,1.0,0.0,12.1620512008667,nan
11.5947847366333,0.25964996218681335,-1.1151230335235596,-0.1055099219083786,-0.241379514336586,nan,nan,-2.0689733028411865,180.58248901367188,0.5245841145515442,-0.3286663591861725,-0.0013420581817626953,1.0,0.0,12.1620512008667,nan
11.595285415649414,0.36968791484832764,-1.0850294828414917,-0.07489471137523651,-0.2516128420829773,nan,nan,-1.9762972593307495,180.68283081054688,0.6109002828598022,-0.2332812249660492,0.10136628150939941,1.0,0.0,12.1620512008667,nan
11.595785140991211,0.47200310230255127,-1.0482488870620728,-0.05555877089500427,-0.2497522383928299,nan,nan,-1.881839394569397,180.855712890625,0.663148820400238,-0.1875956505537033,0.09603619575500488,1.0,0.0,12.1620512008667,nan
11.596284866333008,0.5627360939979553,-0.994749903678894,-0.04266813397407532,-0.2553340494632721,nan,nan,-1.7881478071212769,180.99290466308594,0.6300052404403687,-0.11539498716592789,0.09691977500915527,1.0,0.0,12.1620512008667,nan
11.596784591674805,0.6525037288665771,-0.9395789504051208,-0.010441571474075317,-0.2460310310125351,nan,nan,-1.6938837766647339,181.1513214111328,0.6500770449638367,-0.05315065756440163,0.1023092269897461,1.0,0.0,12.1620512008667,nan
11.597285270690918,0.7345491051673889,-0.8710329532623291,-0.005607590079307556,-0.269288569688797,nan,nan,-1.6008081436157227,181.25657653808594,0.6191073656082153,0.011762415058910847,0.10987591743469238,1.0,0.0,12.1620512008667,nan
11.597784996032715,0.8030818104743958,-0.8058310747146606,0.026618987321853638,-0.2544037401676178,nan,nan,-1.507971167564392,181.34901428222656,0.590922474861145,-0.006005491595715284,-0.012601613998413086,1.0,0.0,12.1620512008667,nan
11.598284721374512,0.890918493270874,-0.7272541522979736,0.042732253670692444,-0.2488219290971756,nan,nan,-1.4146742820739746,181.45933532714844,0.6838761568069458,0.11360593140125275,0.0692603588104248,1.0,0.0,12.1620512008667,nan
11.598784446716309,0.9507638812065125,-0.643661618232727,0.08301545679569244,-0.2348674088716507,nan,nan,-1.322136640548706,181.5351104736328,0.6685171127319336,0.14059987664222717,0.019216299057006836,1.0,0.0,12.1620512008667,nan
11.599284172058105,1.010608434677124,-0.5533818602561951,0.09107209742069244,-0.2339371293783188,nan,nan,-1.2289551496505737,181.6363983154297,0.6644142866134644,0.21219860017299652,0.02794790267944336,1.0,0.0,12.1620512008667,nan
11.599783897399902,1.0530790090560913,-0.4597582519054413,0.11524203419685364,-0.22184321284294128,nan,nan,-1.1369709968566895,181.68527221679688,0.6357932090759277,0.23502004146575928,-0.019284486770629883,1.0,0.0,12.1620512008667,nan
11.6002836227417,1.0955499410629272,-0.35944733023643494,0.1361892819404602,-0.20416750013828278,nan,nan,-1.045206069946289,181.72425842285156,0.5932973027229309,0.3250170350074768,0.036289215087890625,1.0,0.0,12.1620512008667,nan
11.600784301757812,1.1235417127609253,-0.25746482610702515,0.14746859669685364,-0.19021299481391907,nan,nan,-0.9530479907989502,181.77862548828125,0.5798540711402893,0.3574764132499695,-0.00472712516784668,1.0,0.0,12.1620512008667,nan
11.60128402709961,1.138985514640808,-0.1504664570093155,0.21031036972999573,-0.18370088934898376,nan,nan,-0.8621690273284912,181.77835083007812,0.5325604677200317,0.41096094250679016,0.009219169616699219,1.0,0.0,12.1620512008667,nan
11.601783752441406,1.1563600301742554,-0.04681171104311943,0.17808380722999573,-0.15207065641880035,nan,nan,-0.771766185760498,181.7574920654297,0.556139349937439,0.4716339409351349,-0.03524184226989746,1.0,0.0,12.1620512008667,nan
11.60228443145752,1.1534645557403564,0.05851463973522186,0.20225374400615692,-0.13997675478458405,nan,nan,-0.6821472644805908,181.70472717285156,0.4717373251914978,0.4831261932849884,-0.03089618682861328,1.0,0.0,12.1620512008667,nan
11.602783203125,1.1428465843200684,0.16384099423885345,0.24575959146022797,-0.12602224946022034,nan,nan,-0.5924127101898193,181.6577606201172,0.3996635377407074,0.5002003312110901,-0.021270036697387695,1.0,0.0,12.1620512008667,nan
11.603282928466797,1.1293333768844604,0.267495721578598,0.21353302896022797,-0.08881021291017532,nan,nan,-0.5004594326019287,181.70480346679688,0.37239792943000793,0.5490154027938843,-0.035144805908203125,1.0,0.0,12.1620512008667,nan
11.603782653808594,1.0897586345672607,0.3694784641265869,0.2505936026573181,-0.07857690006494522,nan,nan,-0.4115784168243408,181.62220764160156,0.24358311295509338,0.5382912158966064,0.047365427017211914,1.0,0.0,12.1620512008667,nan
11.604283332824707,1.0540447235107422,0.46477392315864563,0.24737092852592468,-0.030201273038983345,nan,nan,-0.31974148750305176,181.66526794433594,0.22436678409576416,0.5844487547874451,0.013797521591186523,1.0,0.0,12.1620512008667,nan
11.604783058166504,1.0086778402328491,0.5634129643440247,0.26026153564453125,-0.022758876904845238,nan,nan,-0.22992205619812012,181.62261962890625,0.19789473712444305,0.6115440726280212,-0.022606372833251953,1.0,0.0,12.1620512008667,nan
11.6052827835083,0.9546246528625488,0.650348961353302,0.2328689694404602,0.006080450490117073,nan,nan,-0.13752007484436035,181.68955993652344,0.10190766304731369,0.6113616228103638,0.03303933143615723,1.0,0.0,12.1620512008667,nan
11.605782508850098,0.8909187316894531,0.7339412569999695,0.24575960636138916,0.022825870662927628,nan,nan,-0.04555225372314453,181.73704528808594,0.0575987845659256,0.6257436275482178,0.01439046859741211,1.0,0.0,12.1620512008667,nan
11.606283187866211,0.8136990070343018,0.8141903281211853,0.2489822506904602,0.04515308141708374,nan,nan,0.04662466049194336,181.79234313964844,-0.04073356091976166,0.6159009337425232,0.0803382396697998,1.0,0.0,12.1620512008667,nan
11.606782913208008,0.739375650882721,0.8827359080314636,0.21192169189453125,0.04794398322701454,nan,nan,0.1372683048248291,181.78152465820312,-0.058318689465522766,0.59572434425354,0.02098679542541504,1.0,0.0,12.1620512008667,nan
11.607281684875488,0.6553993821144104,0.9479382038116455,0.22320100665092468,0.08980752527713776,nan,nan,0.22813963890075684,181.78094482421875,-0.11728044599294662,0.5957003831863403,0.026947975158691406,1.0,0.0,12.1620512008667,nan
11.607782363891602,0.5704582333564758,1.0014371871948242,0.23448030650615692,0.12608924508094788,nan,nan,0.3184010982513428,181.75440979003906,-0.1293143928050995,0.5999850034713745,-0.04573655128479004,1.0,0.0,12.1620512008667,nan
11.608282089233398,0.46814242005348206,1.0449050664901733,0.2070877104997635,0.1493467539548874,nan,nan,0.41298627853393555,181.9105987548828,-0.271971732378006,0.5301697850227356,0.12213563919067383,1.0,0.0,12.1620512008667,nan
11.608781814575195,0.37161800265312195,1.0883734226226807,0.19419710338115692,0.15306797623634338,nan,nan,0.507349967956543,182.0535888671875,-0.29309239983558655,0.5473136901855469,0.045163631439208984,1.0,0.0,12.1620512008667,nan
11.609281539916992,0.2693025767803192,1.1117792129516602,0.1845291256904602,0.1660921722650528,nan,nan,0.6021602153778076,182.2124786376953,-0.3187655806541443,0.4940553307533264,0.03169369697570801,1.0,0.0,12.1620512008667,nan
11.609782218933105,0.16891734302043915,1.1351850032806396,0.1684158444404602,0.1902799904346466,nan,nan,0.6950674057006836,182.2881317138672,-0.38542184233665466,0.5137303471565247,0.009379148483276367,1.0,0.0,12.1620512008667,nan
11.610281944274902,0.05501861497759819,1.138528823852539,0.1361892819404602,0.2033042013645172,nan,nan,0.7912940979003906,182.50198364257812,-0.46525299549102783,0.4002595841884613,0.13042402267456055,1.0,0.0,12.1620512008667,nan
11.6107816696167,-0.05308828875422478,1.1452163457870483,0.1845291256904602,0.21446780860424042,nan,nan,0.8858568668365479,182.64102172851562,-0.47685953974723816,0.387604683637619,0.06356000900268555,1.0,0.0,12.1620512008667,nan
11.611281394958496,-0.15733428299427032,1.1318411827087402,0.11685335636138916,0.23121322691440582,nan,nan,0.9814050197601318,182.81863403320312,-0.5411229729652405,0.33915942907333374,0.09082841873168945,1.0,0.0,12.1620512008667,nan
11.611781120300293,-0.26158052682876587,1.1117792129516602,0.0878494381904602,0.24237681925296783,nan,nan,1.0759837627410889,182.9519500732422,-0.5746882557868958,0.2939591407775879,0.08332014083862305,1.0,0.0,12.1620512008667,nan
11.61228084564209,-0.36582687497138977,1.081686019897461,0.08140411972999573,0.24609802663326263,nan,nan,1.1710727214813232,183.10385131835938,-0.6152244806289673,0.23875971138477325,0.09093379974365234,1.0,0.0,12.1620512008667,nan
11.612780570983887,-0.46235084533691406,1.0382177829742432,0.0475662499666214,0.25261014699935913,nan,nan,1.2668015956878662,183.27957153320312,-0.6161952614784241,0.15920746326446533,0.11270570755004883,1.0,0.0,12.1620512008667,nan
11.61328125,-0.56080561876297,0.9914060831069946,0.05401155352592468,0.25447073578834534,nan,nan,1.362032175064087,183.43051147460938,-0.617215096950531,0.10838192701339722,0.09647369384765625,1.0,0.0,12.1620512008667,nan
11.613780975341797,-0.6573298573493958,0.9379069209098816,0.008894369006156921,0.26005256175994873,nan,nan,1.4565765857696533,183.54934692382812,-0.7165890336036682,0.07303650677204132,0.07413005828857422,1.0,0.0,12.1620512008667,nan
11.614280700683594,-0.7403407692909241,0.8743765950202942,0.008894369006156921,0.2507495582103729,nan,nan,1.5504100322723389,183.63571166992188,-0.6513592004776001,0.02180466055870056,0.04832601547241211,1.0,0.0,12.1620512008667,nan
11.614781379699707,-0.8175600171089172,0.8008151650428772,-0.024943530559539795,0.2535404562950134,nan,nan,1.6447269916534424,183.74075317382812,-0.6563918590545654,-0.04614732041954994,0.057735443115234375,1.0,0.0,12.1620512008667,nan
11.615281105041504,-0.8928489685058594,0.7239103317260742,-0.06361539661884308,0.24795864522457123,nan,nan,1.7378242015838623,183.79229736328125,-0.6948093175888062,-0.09388807415962219,0.02865886688232422,1.0,0.0,12.1620512008667,nan
11.615779876708984,-0.9517285823822021,0.6353023648262024,-0.08778533339500427,0.23958593606948853,nan,nan,1.831080675125122,183.84933471679688,-0.6578454971313477,-0.1544257402420044,0.03168964385986328,1.0,0.0,12.1620512008667,nan
11.616279602050781,-1.0135042667388916,0.5483664274215698,-0.10067594051361084,0.23772531747817993,nan,nan,1.9243443012237549,183.90542602539062,-0.6920318603515625,-0.1957213431596756,-0.016704082489013672,1.0,0.0,12.1620512008667,nan
11.616780281066895,-1.0579053163528442,0.45139893889427185,-0.12001188099384308,0.21911931037902832,nan,nan,2.0157558917999268,183.8824462890625,-0.6242978572845459,-0.23988774418830872,-0.01689004898071289,1.0,0.0,12.1620512008667,nan
11.617280006408691,-1.1003761291503906,0.3510882258415222,-0.14095914363861084,0.2051648199558258,nan,nan,2.108024835586548,183.8959197998047,-0.6580569744110107,-0.31517019867897034,-0.029405593872070312,1.0,0.0,12.1620512008667,nan
11.617779731750488,-1.1254726648330688,0.24743349850177765,-0.16029508411884308,0.1958617866039276,nan,nan,2.2009060382843018,183.93528747558594,-0.5545713901519775,-0.36038631200790405,0.007489204406738281,1.0,0.0,12.1620512008667,nan
11.618280410766602,-1.143811821937561,0.14210715889930725,-0.17963102459907532,0.1753951758146286,nan,nan,2.293532609939575,183.9628143310547,-0.5225318074226379,-0.40638723969459534,-0.00041675567626953125,1.0,0.0,12.1620512008667,nan
11.618780136108398,-1.151533842086792,0.035108782351017,-0.17157438397407532,0.1633012592792511,nan,nan,2.384826421737671,183.9336700439453,-0.4827478528022766,-0.4449513852596283,-0.00808572769165039,1.0,0.0,12.1620512008667,nan
11.619279861450195,-1.1553949117660522,-0.06854595988988876,-0.17963102459907532,0.13818314671516418,nan,nan,2.474562883377075,183.8398895263672,-0.4548976719379425,-0.4834754765033722,-0.02676677703857422,1.0,0.0,12.1620512008667,nan
11.619778633117676,-1.1438120603561401,-0.1755439192056656,-0.2344161719083786,0.11585593968629837,nan,nan,2.5658819675445557,183.81471252441406,-0.41092389822006226,-0.53011155128479,-0.022536754608154297,1.0,0.0,12.1620512008667,nan
11.620279312133789,-1.1293331384658813,-0.2808707058429718,-0.20541228353977203,0.09352871775627136,nan,nan,2.6554081439971924,183.71446228027344,-0.4024755358695984,-0.5843385457992554,-0.055973052978515625,1.0,0.0,12.1620512008667,nan
11.620779037475586,-1.094584584236145,-0.3811817765235901,-0.2505294680595398,0.07306209951639175,nan,nan,2.746227502822876,183.67095947265625,-0.3202987015247345,-0.5721628069877625,-0.05398702621459961,1.0,0.0,12.1620512008667,nan
11.621278762817383,-1.0588706731796265,-0.48316410183906555,-0.22474822402000427,0.04515308141708374,nan,nan,2.835279703140259,183.5537872314453,-0.2619756758213043,-0.6101142168045044,-0.038254737854003906,1.0,0.0,12.1620512008667,nan
11.621779441833496,-1.0009559392929077,-0.576787531375885,-0.2601974308490753,0.015383466146886349,nan,nan,2.9259889125823975,183.50942993164062,-0.1436104029417038,-0.6009633541107178,0.04237174987792969,1.0,0.0,12.1620512008667,nan
11.622279167175293,-0.9488329291343689,-0.667067289352417,-0.24086149036884308,-0.005083151161670685,nan,nan,3.0179741382598877,183.51870727539062,-0.12138771265745163,-0.6343923807144165,-0.0042972564697265625,1.0,0.0,12.1620512008667,nan
11.62277889251709,-0.8909186720848083,-0.7473163604736328,-0.2424728125333786,-0.01903766207396984,nan,nan,3.109041452407837,183.48931884765625,-0.12332100421190262,-0.6244551539421082,-0.1016993522644043,1.0,0.0,12.1620512008667,nan
11.623278617858887,-0.8185255527496338,-0.825893223285675,-0.17640836536884308,-0.06462239474058151,nan,nan,-3.0858206748962402,183.34593200683594,-0.020342329517006874,-0.6289254426956177,-0.0271148681640625,1.0,0.0,12.1620512008667,nan
11.623778343200684,-0.7403407096862793,-0.8944390416145325,-0.25536343455314636,-0.08415870368480682,nan,nan,-2.9976887702941895,183.19737243652344,-0.029534408822655678,-0.6169945597648621,-0.13122987747192383,1.0,0.0,12.1620512008667,nan
11.62427806854248,-0.6457470059394836,-0.9646565318107605,-0.22958219051361084,-0.08229810744524002,nan,nan,-2.905423641204834,183.22586059570312,0.15596212446689606,-0.6006671786308289,0.07926511764526367,1.0,0.0,12.1620512008667,nan
11.624777793884277,-0.5492228269577026,-1.018155813217163,-0.23119352757930756,-0.11671923846006393,nan,nan,-2.8134312629699707,183.2419891357422,0.21915890276432037,-0.5775435566902161,0.09599089622497559,1.0,0.0,12.1620512008667,nan
11.625277519226074,-0.45655977725982666,-1.068311333656311,-0.20863492786884308,-0.13346464931964874,nan,nan,-2.7175910472869873,183.41912841796875,0.27404043078422546,-0.5971758961677551,0.06763529777526855,1.0,0.0,12.1620512008667,nan
11.625778198242188,-0.34652194380760193,-1.10509192943573,-0.20541226863861084,-0.15765246748924255,nan,nan,-2.6236462593078613,183.51351928710938,0.3832644522190094,-0.5358752608299255,0.1647651195526123,1.0,0.0,12.1620512008667,nan
11.626277923583984,-0.24999772012233734,-1.12515389919281,-0.15062710642814636,-0.17439787089824677,nan,nan,-2.5278639793395996,183.68251037597656,0.35581254959106445,-0.4942304491996765,0.07176613807678223,1.0,0.0,12.1620512008667,nan
11.626777648925781,-0.1476822942495346,-1.1452163457870483,-0.1699630618095398,-0.17997968196868896,nan,nan,-2.433861255645752,183.77371215820312,0.3871639370918274,-0.4761601686477661,0.036342620849609375,1.0,0.0,12.1620512008667,nan
11.627278327941895,-0.0337834432721138,-1.1519036293029785,-0.16029506921768188,-0.20974929630756378,nan,nan,-2.339564085006714,183.87510681152344,0.449697881937027,-0.4355708062648773,0.06086111068725586,1.0,0.0,12.1620512008667,nan
11.627778053283691,0.06853223592042923,-1.148559808731079,-0.14257046580314636,-0.21812200546264648,nan,nan,-2.2447471618652344,183.99627685546875,0.4760296940803528,-0.3819131851196289,0.05938529968261719,1.0,0.0,12.1620512008667,nan
11.628276824951172,0.17663900554180145,-1.138528823852539,-0.1216232180595398,-0.2264947146177292,nan,nan,-2.150111198425293,184.10726928710938,0.5338316559791565,-0.33275294303894043,0.08362531661987305,1.0,0.0,12.1620512008667,nan
11.628776550292969,0.2866767346858978,-1.1151230335235596,-0.10873258113861084,-0.2357977330684662,nan,nan,-2.0541887283325195,184.269775390625,0.5817520022392273,-0.2853749394416809,0.08912277221679688,1.0,0.0,12.1620512008667,nan
11.629277229309082,0.3832012712955475,-1.0783421993255615,-0.08295135200023651,-0.256264328956604,nan,nan,-1.9602653980255127,184.34463500976562,0.5453730225563049,-0.2517664432525635,0.018491029739379883,1.0,0.0,12.1620512008667,nan
11.629776954650879,0.4855166971683502,-1.0415616035461426,-0.04750211536884308,-0.2581249177455902,nan,nan,-1.865073323249817,184.47154235839844,0.6263673305511475,-0.19596965610980988,0.05275750160217285,1.0,0.0,12.1620512008667,nan
11.630276679992676,0.5791454911231995,-0.9863905906677246,-0.033000171184539795,-0.2590552568435669,nan,nan,-1.7699905633926392,184.59120178222656,0.6018016934394836,-0.11838691681623459,0.06675171852111816,1.0,0.0,12.1620512008667,nan
11.630777359008789,0.6766349673271179,-0.9312193989753723,-0.0023849308490753174,-0.2655673325061798,nan,nan,-1.6743755340576172,184.73069763183594,0.6874445676803589,-0.06537208706140518,0.07063078880310059,1.0,0.0,12.1620512008667,nan
11.631277084350586,0.7635068297386169,-0.8610017895698547,0.03789827227592468,-0.2516128420829773,nan,nan,-1.5778108835220337,184.90713500976562,0.7370278835296631,0.02666112594306469,0.10523676872253418,1.0,0.0,12.1620512008667,nan
11.631776809692383,0.8426566123962402,-0.7840971946716309,0.044343575835227966,-0.2571946382522583,nan,nan,-1.480563759803772,185.1083984375,0.6937000155448914,0.08487381041049957,0.09359431266784668,1.0,0.0,12.1620512008667,nan
11.632275581359863,0.9140846133232117,-0.7071919441223145,0.026618972420692444,-0.2506825625896454,nan,nan,-1.3850929737091064,185.23085021972656,0.7068051695823669,0.11456827819347382,0.036878347396850586,1.0,0.0,12.1620512008667,nan
11.632776260375977,0.9681381583213806,-0.6135685443878174,0.08623813092708588,-0.2516128420829773,nan,nan,-1.2904636859893799,185.31552124023438,0.6173279285430908,0.17212316393852234,0.053565263748168945,1.0,0.0,12.1620512008667,nan
11.633275985717773,1.0386006832122803,-0.5249603390693665,0.05723421275615692,-0.2460310459136963,nan,nan,-1.1964932680130005,185.37046813964844,0.7263959050178528,0.22412313520908356,-0.013305902481079102,1.0,0.0,12.1620512008667,nan
11.63377571105957,1.0685230493545532,-0.41963401436805725,0.1200760155916214,-0.21533112227916718,nan,nan,-1.1031651496887207,185.39767456054688,0.5682457685470581,0.28070762753486633,0.0532069206237793,1.0,0.0,12.1620512008667,nan
11.634276390075684,1.1061673164367676,-0.32099470496177673,0.16519320011138916,-0.18556147813796997,nan,nan,-1.0080831050872803,185.49757385253906,0.6040796041488647,0.3444887101650238,0.017453432083129883,1.0,0.0,12.1620512008667,nan
11.63477611541748,1.1293331384658813,-0.2139965444803238,0.18291780352592468,-0.19765539467334747,nan,nan,-0.9142322540283203,185.54380798339844,0.5577554702758789,0.3773716986179352,0.00011372566223144531,1.0,0.0,12.1620512008667,nan
11.635275840759277,1.1505687236785889,-0.11034201085567474,0.15552522242069244,-0.16881607472896576,nan,nan,-0.8207709789276123,185.5726318359375,0.5393375754356384,0.4348231256008148,-0.009699821472167969,1.0,0.0,12.1620512008667,nan
11.635775566101074,1.1515337228775024,-0.0016718169208616018,0.19741974771022797,-0.14834947884082794,nan,nan,-0.7286605834960938,185.54437255859375,0.4780105948448181,0.46367669105529785,-0.010164022445678711,1.0,0.0,12.1620512008667,nan
11.636276245117188,1.149603247642517,0.10532635450363159,0.21997834742069244,-0.13718584179878235,nan,nan,-0.6365623474121094,185.51614379882812,0.4375551640987396,0.4968186914920807,-0.02376723289489746,1.0,0.0,12.1620512008667,nan
11.636775016784668,1.1302984952926636,0.21901220083236694,0.20708772540092468,-0.10927683115005493,nan,nan,-0.5435445308685303,185.52725219726562,0.3104892373085022,0.5652444362640381,0.10350179672241211,1.0,0.0,12.1620512008667,nan
11.637274742126465,1.1148545742034912,0.3193230926990509,0.22964631021022797,-0.07950720936059952,nan,nan,-0.44999217987060547,185.5604248046875,0.33576980233192444,0.587661623954773,-0.0072956085205078125,1.0,0.0,12.1620512008667,nan
11.637775421142578,1.076244831085205,0.41963380575180054,0.22642366588115692,-0.06090119481086731,nan,nan,-0.3581557273864746,185.5209503173828,0.24751338362693787,0.5771011114120483,0.01488494873046875,1.0,0.0,12.1620512008667,nan
11.638275146484375,1.0289478302001953,0.5149294137954712,0.2586502134799957,-0.029270974919199944,nan,nan,-0.2636990547180176,185.59222412109375,0.1937071681022644,0.6094096302986145,0.01786518096923828,1.0,0.0,12.1620512008667,nan
11.638774871826172,0.9816510677337646,0.610224723815918,0.24414828419685364,-0.007874052040278912,nan,nan,-0.17084026336669922,185.59495544433594,0.16958893835544586,0.6255086064338684,-0.032198190689086914,1.0,0.0,12.1620512008667,nan
11.639274597167969,0.9150493741035461,0.698832631111145,0.24737092852592468,0.008871358819305897,nan,nan,-0.07760405540466309,185.61383056640625,0.05662944167852402,0.6360604763031006,0.05087900161743164,1.0,0.0,12.1620512008667,nan
11.639775276184082,0.852308988571167,0.7807531952857971,0.23931428790092468,0.026547076180577278,nan,nan,0.015668153762817383,185.63336181640625,0.04780163615942001,0.6335159540176392,-0.0292360782623291,1.0,0.0,12.1620512008667,nan
11.640275001525879,0.773158848285675,0.8509706854820251,0.23609161376953125,0.06748029589653015,nan,nan,0.10773396492004395,185.6018524169922,-0.011543381959199905,0.603826105594635,-0.026875972747802734,1.0,0.0,12.1620512008667,nan
11.64077377319336,0.6911135315895081,0.9195167422294617,0.21353302896022797,0.08050450682640076,nan,nan,0.20062828063964844,185.60606384277344,-0.08737806975841522,0.6136772632598877,0.002673625946044922,1.0,0.0,12.1620512008667,nan
11.641273498535156,0.6061720252037048,0.9797031283378601,0.2167556881904602,0.09724991768598557,nan,nan,0.2928123474121094,185.5802001953125,-0.1001841202378273,0.6000398993492126,-0.06580281257629395,1.0,0.0,12.1620512008667,nan
11.64177417755127,0.5086824297904968,1.0315302610397339,0.18130648136138916,0.11399533599615097,nan,nan,0.3852202892303467,185.56454467773438,-0.21856842935085297,0.5731374025344849,0.041124820709228516,1.0,0.0,12.1620512008667,nan
11.642273902893066,0.4121584892272949,1.0749986171722412,0.19741974771022797,0.13446193933486938,nan,nan,0.4781763553619385,185.57176208496094,-0.22551611065864563,0.5632220506668091,-0.03562569618225098,1.0,0.0,12.1620512008667,nan
11.642773628234863,0.30405110120773315,1.10509192943573,0.19741974771022797,0.1679527759552002,nan,nan,0.570422887802124,185.5491180419922,-0.3115145266056061,0.5107578635215759,0.03925132751464844,1.0,0.0,12.1620512008667,nan
11.643274307250977,0.20173567533493042,1.1284977197647095,0.18130648136138916,0.1791163831949234,nan,nan,0.6657900810241699,185.65794372558594,-0.35324975848197937,0.48042812943458557,0.030225038528442383,1.0,0.0,12.1620512008667,nan
11.643774032592773,0.09362878650426865,1.148559808731079,0.17163848876953125,0.1958617866039276,nan,nan,0.7595169544219971,185.6953887939453,-0.4133152961730957,0.48131227493286133,0.011957883834838867,1.0,0.0,12.1620512008667,nan
11.64427375793457,-0.018339617177844048,1.148559808731079,0.1361892819404602,0.2107466161251068,nan,nan,0.8560755252838135,185.85162353515625,-0.5116117000579834,0.40288257598876953,0.1100611686706543,1.0,0.0,12.1620512008667,nan
11.64477252960205,-0.12451642751693726,1.138528823852539,0.11685335636138916,0.22191022336483002,nan,nan,0.9535753726959229,186.04373168945312,-0.5444865226745605,0.38466402888298035,0.0644373893737793,1.0,0.0,12.1620512008667,nan
11.645273208618164,-0.23455365002155304,1.12515389919281,0.10879671573638916,0.23400413990020752,nan,nan,1.0480725765228271,186.10581970214844,-0.5718188881874084,0.3346811830997467,0.05544424057006836,1.0,0.0,12.1620512008667,nan
11.645772933959961,-0.3368694484233856,1.0950605869293213,0.07334749400615692,0.24144653975963593,nan,nan,1.1442949771881104,186.23915100097656,-0.6014930605888367,0.2711838483810425,0.06528091430664062,1.0,0.0,12.1620512008667,nan
11.646272659301758,-0.43918514251708984,1.0582802295684814,0.06529085338115692,0.24609804153442383,nan,nan,1.2393362522125244,186.3198699951172,-0.5780819654464722,0.21271772682666779,0.041132450103759766,1.0,0.0,12.1620512008667,nan
11.646773338317871,-0.5337790250778198,1.011468529701233,0.03628695011138916,0.24609802663326263,nan,nan,1.3350636959075928,186.42788696289062,-0.611337423324585,0.15948663651943207,0.042849063873291016,1.0,0.0,12.1620512008667,nan
11.647273063659668,-0.6303030848503113,0.9579691290855408,0.06851351261138916,0.24609802663326263,nan,nan,1.4296867847442627,186.48712158203125,-0.6267101764678955,0.11222292482852936,0.026180744171142578,1.0,0.0,12.1620512008667,nan
11.647772789001465,-0.721035897731781,0.8944388031959534,0.012117013335227966,0.26191315054893494,nan,nan,1.5253050327301025,186.58702087402344,-0.6711516380310059,0.054373037070035934,0.02694988250732422,1.0,0.0,12.1620512008667,nan
11.648272514343262,-0.8059771060943604,0.8208773732185364,-0.033000171184539795,0.25819194316864014,nan,nan,1.6206820011138916,186.67428588867188,-0.6866253614425659,-0.0020905903074890375,0.015436172485351562,1.0,0.0,12.1620512008667,nan
11.648773193359375,-0.8841618895530701,0.7389569282531738,-0.03622281551361084,0.26005253195762634,nan,nan,1.7154338359832764,186.73373413085938,-0.7153509259223938,-0.09594807773828506,0.05114030838012695,1.0,0.0,12.1620512008667,nan
11.649271965026855,-0.9517288208007812,0.6553645730018616,-0.06200405955314636,0.24516773223876953,nan,nan,1.811103105545044,186.83045959472656,-0.6684066653251648,-0.14401979744434357,0.03432416915893555,1.0,0.0,12.1620512008667,nan
11.649771690368652,-1.0067476034164429,0.5600693225860596,-0.10389859974384308,0.22284053266048431,nan,nan,1.9054052829742432,186.86770629882812,-0.6809485554695129,-0.20353446900844574,0.018190383911132812,1.0,0.0,12.1620512008667,nan
11.650272369384766,-1.0579053163528442,0.46477392315864563,-0.09423063695430756,0.20981630682945251,nan,nan,1.999474287033081,186.89437866210938,-0.6337525844573975,-0.2558746635913849,0.017412185668945312,1.0,0.0,12.1620512008667,nan
11.650772094726562,-1.0984454154968262,0.3611191511154175,-0.13451382517814636,0.2107466161251068,nan,nan,2.0936319828033447,186.9243621826172,-0.6076473593711853,-0.31492701172828674,0.017693519592285156,1.0,0.0,12.1620512008667,nan
11.65127182006836,-1.1245070695877075,0.2557927966117859,-0.14418178796768188,0.1884194016456604,nan,nan,2.188433885574341,186.98062133789062,-0.5453196167945862,-0.35305923223495483,0.019328594207763672,1.0,0.0,12.1620512008667,nan
11.651771545410156,-1.1467078924179077,0.1504664570093155,-0.17318570613861084,0.1698133796453476,nan,nan,2.2828762531280518,187.0206756591797,-0.5571931600570679,-0.4190635085105896,-0.0049304962158203125,1.0,0.0,12.1620512008667,nan
11.65227222442627,-1.1582905054092407,0.04346807673573494,-0.15868374705314636,0.14283466339111328,nan,nan,2.3764517307281494,187.02337646484375,-0.5196414589881897,-0.46480199694633484,-0.013633251190185547,1.0,0.0,12.1620512008667,nan
11.652771949768066,-1.1611863374710083,-0.06520190834999084,-0.21508024632930756,0.13446195423603058,nan,nan,2.4687659740448,186.97317504882812,-0.48879215121269226,-0.4814138114452362,-0.058106422424316406,1.0,0.0,12.1620512008667,nan
11.653270721435547,-1.151533842086792,-0.1755439192056656,-0.19091032445430756,0.12981045246124268,nan,nan,2.5594475269317627,186.855224609375,-0.4408484697341919,-0.5333917737007141,-0.04646873474121094,1.0,0.0,12.1620512008667,nan
11.65377140045166,-1.12161123752594,-0.2808707058429718,-0.24086149036884308,0.08980751782655716,nan,nan,2.6526081562042236,186.84408569335938,-0.3292508125305176,-0.5208274722099304,-0.012536048889160156,1.0,0.0,12.1620512008667,nan
11.654271125793457,-1.094584584236145,-0.38786864280700684,-0.20541226863861084,0.06375909596681595,nan,nan,2.7437479496002197,186.7481231689453,-0.2803405225276947,-0.5897400975227356,0.01640605926513672,1.0,0.0,12.1620512008667,nan
11.654770851135254,-1.0579053163528442,-0.4848361015319824,-0.23763883113861084,0.04515308141708374,nan,nan,2.8366854190826416,186.72972106933594,-0.26073405146598816,-0.5907673239707947,-0.04870128631591797,1.0,0.0,12.1620512008667,nan
11.65527057647705,-1.0028865337371826,-0.5801313519477844,-0.23925015330314636,0.010731962509453297,nan,nan,2.9277641773223877,186.63388061523438,-0.17465420067310333,-0.6037757396697998,-0.005579948425292969,1.0,0.0,12.1620512008667,nan
11.655771255493164,-0.9440066814422607,-0.6754266023635864,-0.24891811609268188,-0.006013448815792799,nan,nan,3.0210649967193604,186.6334228515625,-0.08680381625890732,-0.6339268088340759,0.046839237213134766,1.0,0.0,12.1620512008667,nan
11.656270980834961,-0.8745095133781433,-0.7623629570007324,-0.2585861086845398,-0.02275886759161949,nan,nan,3.114349603652954,186.632080078125,-0.03453855961561203,-0.6390992999076843,0.035601139068603516,1.0,0.0,12.1620512008667,nan
11.656770706176758,-0.7953594326972961,-0.8392677903175354,-0.25375211238861084,-0.047876980155706406,nan,nan,-3.072882652282715,186.74278259277344,0.04542475566267967,-0.6254575848579407,0.06630206108093262,1.0,0.0,12.1620512008667,nan
11.657271385192871,-0.7133138179779053,-0.9078137874603271,-0.24730679392814636,-0.07764660567045212,nan,nan,-2.9784979820251465,186.78500366210938,0.07576577365398407,-0.6073068380355835,0.023368358612060547,1.0,0.0,12.1620512008667,nan
11.657770156860352,-0.627407431602478,-0.9696722030639648,-0.22152554988861084,-0.09625262022018433,nan,nan,-2.884110450744629,186.82679748535156,0.14598706364631653,-0.6080912351608276,0.040566205978393555,1.0,0.0,12.1620512008667,nan
11.658269882202148,-0.5318485498428345,-1.0248429775238037,-0.22797086834907532,-0.11857984215021133,nan,nan,-2.7917017936706543,186.78451538085938,0.19730648398399353,-0.5773617625236511,0.04182910919189453,1.0,0.0,12.1620512008667,nan
11.658769607543945,-0.43532422184944153,-1.0716547966003418,-0.21185758709907532,-0.13160406053066254,nan,nan,-2.696549415588379,186.858642578125,0.272533655166626,-0.5685735940933228,0.06447482109069824,1.0,0.0,12.1620512008667,nan
11.659270286560059,-0.34459149837493896,-1.10509192943573,-0.19574430584907532,-0.15579186379909515,nan,nan,-2.601555585861206,186.92384338378906,0.2135118842124939,-0.5762472152709961,-0.12341880798339844,1.0,0.0,12.1620512008667,nan
11.659770011901855,-0.22297096252441406,-1.1351850032806396,-0.15868376195430756,-0.16788576543331146,nan,nan,-2.5071613788604736,186.96337890625,0.4069470167160034,-0.5082519054412842,0.10346579551696777,1.0,0.0,12.1620512008667,nan
11.660269737243652,-0.11872484534978867,-1.1452163457870483,-0.1699630618095398,-0.20044629275798798,nan,nan,-2.411423444747925,187.0583038330078,0.40089794993400574,-0.46707624197006226,0.041646718978881836,1.0,0.0,12.1620512008667,nan
11.660770416259766,-0.012548033148050308,-1.1552469730377197,-0.15062712132930756,-0.17625848948955536,nan,nan,-2.3154425621032715,187.16128540039062,0.4285534918308258,-0.45318785309791565,-0.0063343048095703125,1.0,0.0,12.1620512008667,nan
11.661270141601562,0.09941988438367844,-1.1452163457870483,-0.11195524036884308,-0.20974929630756378,nan,nan,-2.2199482917785645,187.24191284179688,0.5082511901855469,-0.3780790865421295,0.0722818374633789,1.0,0.0,12.1620512008667,nan
11.661768913269043,0.20752738416194916,-1.1318411827087402,-0.12323452532291412,-0.22928562760353088,nan,nan,-2.1233952045440674,187.36521911621094,0.5415082573890686,-0.3440478444099426,0.049239397048950195,1.0,0.0,12.1620512008667,nan
11.66226863861084,0.31756436824798584,-1.10509192943573,-0.06039273738861084,-0.2357977330684662,nan,nan,-2.029095411300659,187.3910675048828,0.5890114903450012,-0.27350324392318726,0.0863950252532959,1.0,0.0,12.1620512008667,nan
11.662769317626953,0.421810507774353,-1.0716547966003418,-0.07489471137523651,-0.2516128420829773,nan,nan,-1.9321421384811401,187.52810668945312,0.634527325630188,-0.21412046253681183,0.09880661964416504,1.0,0.0,12.1620512008667,nan
11.66326904296875,0.5299182534217834,-1.0315302610397339,-0.06844937801361084,-0.2516128420829773,nan,nan,-1.836081624031067,187.62454223632812,0.6819909811019897,-0.1763635277748108,0.07507157325744629,1.0,0.0,12.1620512008667,nan
11.663768768310547,0.6177546977996826,-0.9730159044265747,-0.026554852724075317,-0.2516128420829773,nan,nan,-1.7394232749938965,187.7440948486328,0.643044114112854,-0.11255715787410736,0.058156728744506836,1.0,0.0,12.1620512008667,nan
11.66426944732666,0.7094528079032898,-0.9145010709762573,-0.0168868750333786,-0.2516128420829773,nan,nan,-1.6439286470413208,187.81198120117188,0.6882907748222351,-0.08929697424173355,0.006735801696777344,1.0,0.0,12.1620512008667,nan
11.664769172668457,0.7895679473876953,-0.8359243273735046,0.021784991025924683,-0.2516128420829773,nan,nan,-1.548272967338562,187.88552856445312,0.662085771560669,0.007619751617312431,0.051817893981933594,1.0,0.0,12.1620512008667,nan
11.665268898010254,0.8745095729827881,-0.7623627185821533,0.01695100963115692,-0.22277352213859558,nan,nan,-1.4527980089187622,187.94993591308594,0.7076711058616638,0.06875500082969666,0.041666507720947266,1.0,0.0,12.1620512008667,nan
11.665767669677734,0.9343547224998474,-0.6720831394195557,0.055622875690460205,-0.2395189255475998,nan,nan,-1.358215570449829,187.97564697265625,0.6036908626556396,0.10781420767307281,0.026906728744506836,1.0,0.0,12.1620512008667,nan
11.666268348693848,1.0106087923049927,-0.586819052696228,0.03306429088115692,-0.2283553183078766,nan,nan,-1.263832449913025,187.9922332763672,0.7074168920516968,0.17261382937431335,-0.005003690719604492,1.0,0.0,12.1620512008667,nan
11.666768074035645,1.0463228225708008,-0.4781486392021179,0.12974397838115692,-0.2376583218574524,nan,nan,-1.170042634010315,187.983642578125,0.5858566164970398,0.2276773303747177,0.03269219398498535,1.0,0.0,12.1620512008667,nan
11.667267799377441,1.0945848226547241,-0.38118135929107666,0.13296660780906677,-0.21347050368785858,nan,nan,-1.0759196281433105,187.98904418945312,0.598141610622406,0.27492785453796387,-0.0013928413391113281,1.0,0.0,12.1620512008667,nan
11.667767524719238,1.1322293281555176,-0.28254249691963196,0.14102326333522797,-0.19207359850406647,nan,nan,-0.9819784164428711,187.98670959472656,0.5878925323486328,0.3121933043003082,-0.03815889358520508,1.0,0.0,12.1620512008667,nan
11.668268203735352,1.1582907438278198,-0.17052845656871796,0.1523025631904602,-0.18742209672927856,nan,nan,-0.8893930912017822,187.92752075195312,0.6091669797897339,0.39568254351615906,-0.04289555549621582,1.0,0.0,12.1620512008667,nan
11.668767929077148,1.1631168127059937,-0.05517100542783737,0.19903108477592468,-0.15114036202430725,nan,nan,-0.7950220108032227,187.94482421875,0.4842993915081024,0.4591471254825592,0.04579782485961914,1.0,0.0,12.1620512008667,nan
11.669267654418945,1.1689081192016602,0.05182737112045288,0.18936312198638916,-0.14741915464401245,nan,nan,-0.7011826038360596,187.93922424316406,0.47468942403793335,0.4731605648994446,-0.023291587829589844,1.0,0.0,12.1620512008667,nan
11.669768333435059,1.1582902669906616,0.16384120285511017,0.21031038463115692,-0.12974345684051514,nan,nan,-0.6090455055236816,187.86209106445312,0.4327177107334137,0.5102242231369019,-0.03186511993408203,1.0,0.0,12.1620512008667,nan
11.670267105102539,1.1389859914779663,0.2708395719528198,0.21031038463115692,-0.09811322391033173,nan,nan,-0.5153837203979492,187.85089111328125,0.3768256902694702,0.55322265625,-0.020055770874023438,1.0,0.0,12.1620512008667,nan
11.670766830444336,1.1080979108810425,0.37783774733543396,0.22964631021022797,-0.08508900552988052,nan,nan,-0.42334866523742676,187.7712860107422,0.33136114478111267,0.5773382782936096,-0.0352625846862793,1.0,0.0,12.1620512008667,nan
11.671266555786133,1.0665924549102783,0.48316431045532227,0.22642365097999573,-0.049737583845853806,nan,nan,-0.3293430805206299,187.7766571044922,0.20566897094249725,0.6022511720657349,0.06310439109802246,1.0,0.0,12.1620512008667,nan
11.671767234802246,1.0183302164077759,0.5801313519477844,0.23609161376953125,-0.029270974919199944,nan,nan,-0.23803281784057617,187.66851806640625,0.19444639980793,0.6182109713554382,-0.004174470901489258,1.0,0.0,12.1620512008667,nan
11.672266960144043,0.9604162573814392,0.6737547516822815,0.22964632511138916,-0.003222548170015216,nan,nan,-0.14510369300842285,187.63050842285156,0.12952393293380737,0.6356135010719299,0.0066373348236083984,1.0,0.0,12.1620512008667,nan
11.67276668548584,0.8947792053222656,0.7606911659240723,0.23931428790092468,0.020965266972780228,nan,nan,-0.050685882568359375,187.6560821533203,0.0878530815243721,0.65470951795578,-0.0202484130859375,1.0,0.0,12.1620512008667,nan
11.673267364501953,0.8088729977607727,0.8426118493080139,0.23125764727592468,0.04794399067759514,nan,nan,0.04387021064758301,187.68714904785156,-0.03832074627280235,0.6296114921569824,0.0798029899597168,1.0,0.0,12.1620512008667,nan
11.67376708984375,0.7355143427848816,0.9161730408668518,0.2409256100654602,0.057246990501880646,nan,nan,0.13728880882263184,187.6692657470703,-0.03222736716270447,0.6381099820137024,-0.02438497543334961,1.0,0.0,12.1620512008667,nan
11.67426586151123,0.6389904618263245,0.9763593077659607,0.2248123288154602,0.08887721598148346,nan,nan,0.23290467262268066,187.744384765625,-0.12812493741512299,0.5892168879508972,0.04396462440490723,1.0,0.0,12.1620512008667,nan
