time_s,v_alpha_v,v_beta_v,i_alpha_a,i_beta_a,encoder_angle_rad,encoder_speed_rad_s,pll_angle_rad,pll_speed_rad_s,emf_alpha_v,emf_beta_v,phase_error_rad,locked,active,bus_voltage_v,angle_error_rad
5.493143081665039,2.9985456466674805,0.0,0.8496370315551758,-0.03237077221274376,0.1216658353805542,146.939208984375,-0.9177348613739014,23.99041748046875,0.077670156955719,0.14348100125789642,0.43137574195861816,0.0,0.0,12.179779052734375,-1.0394008159637451
5.503140926361084,2.9985456466674805,0.0,0.8383577466011047,0.05228660628199577,6.233060836791992,-64.42719268798828,-2.3589375019073486,-15.784452438354492,0.16986560821533203,-0.1592310518026352,0.029909610748291016,0.0,0.0,12.179779052734375,-2.308812379837036
5.5131378173828125,2.9985456466674805,0.0,0.8544710874557495,0.003910975530743599,0.008342981338500977,10.737865447998047,-1.773118257522583,0.0780876874923706,0.12849785387516022,-0.020709456875920296,0.04273486137390137,0.0,0.0,12.179779052734375,-1.781461238861084
5.523136138916016,2.9985456466674805,0.0,0.8109651803970337,0.03833209350705147,6.274839878082275,-10.72713851928711,-2.8548574447631836,4.219963550567627,0.11397603899240494,-0.09911652654409409,0.5720822811126709,0.0,0.0,12.179779052734375,-2.8465120792388916
5.533133029937744,2.9985456466674805,0.0,0.8157991766929626,0.00949275866150856,-0.0,-0.0,-1.9158940315246582,-0.4186342656612396,0.1705620437860489,-0.06283904612064362,-0.008068084716796875,0.0,0.0,12.179779052734375,-1.9158940315246582
5.543130874633789,2.9985456466674805,0.0,0.7980745434761047,0.01972608081996441,-0.0,-0.0,-2.107560396194458,-1.792189598083496,0.026248963549733162,-0.08869926631450653,-0.7500462532043457,0.0,0.0,12.179779052734375,-2.107560396194458
5.553129196166992,2.9985456466674805,0.0,0.8319124579429626,0.013213982805609703,-0.0,-0.0,-2.151348829269409,-2.5509257316589355,0.1588328331708908,-0.09285078942775726,0.05090975761413574,0.0,0.0,12.179779052734375,-2.151348829269409
5.563126087188721,2.9985456466674805,0.0,0.8141878843307495,0.02716849371790886,-0.0,-0.0,-2.1133861541748047,1.341988444328308,0.08806411921977997,-0.05326671525835991,-0.0009543895721435547,0.0,0.0,12.179779052734375,-2.1133861541748047
5.573123931884766,2.9985456466674805,0.0,0.8222444653511047,0.01693517155945301,6.274842262268066,-10.737865447998047,-2.138535976409912,-0.05256598815321922,0.15402571856975555,-0.06161026656627655,0.1880021095275879,0.0,0.0,12.179779052734375,-2.1301920413970947
5.583120822906494,2.9985456466674805,0.0,0.8093538284301758,0.018795765936374664,-0.0,-0.0,-2.4555749893188477,-0.05556957423686981,0.056021276861429214,-0.08508829027414322,-0.10422134399414062,0.0,0.0,12.179779052734375,-2.4555749893188477
5.593119144439697,2.9985456466674805,0.0,0.7916292548179626,0.03833209350705147,-0.0,-0.0,-2.0460424423217773,-1.5691521167755127,0.15456736087799072,-0.07642064988613129,0.015617609024047852,0.0,0.0,12.179779052734375,-2.0460424423217773
5.603116989135742,2.9985456466674805,0.0,0.8141878843307495,0.025307899340987206,0.008342981338500977,10.737865447998047,-2.0974185466766357,-2.7499747276306152,0.12948507070541382,-0.08459722995758057,-0.05323362350463867,0.0,0.0,12.179779052734375,-2.1057615280151367
5.613113880157471,2.9985456466674805,0.0,0.8319124579429626,0.026238178834319115,-0.0,-0.0,-1.9989839792251587,-0.6932156085968018,0.12345273047685623,-0.04405864700675011,0.08551764488220215,0.0,0.0,12.179779052734375,-1.9989839792251587
5.623112201690674,2.9985456466674805,0.0,0.8157991766929626,0.02437758445739746,-0.0,-0.0,-2.119051933288574,0.45900559425354004,0.0955565944314003,-0.039110906422138214,0.16058611869812012,0.0,0.0,12.179779052734375,-2.119051933288574
5.633110046386719,2.9985456466674805,0.0,0.8528597354888916,0.017865486443042755,-0.0,-0.0,-2.091984987258911,1.2396241426467896,0.13322435319423676,-0.06125994399189949,0.0909876823425293,0.0,0.0,12.179779052734375,-2.091984987258911
5.643106937408447,2.9985456466674805,0.0,0.8303011059761047,0.04019268974661827,-0.0,-0.0,-2.10768985748291,0.3499303162097931,0.14868977665901184,-0.08087973296642303,0.038987159729003906,0.0,0.0,12.179779052734375,-2.10768985748291
5.653104782104492,2.9985456466674805,0.0,0.8254671096801758,0.050425976514816284,-0.0,-0.0,-2.1570913791656494,0.7182061672210693,0.1474522203207016,-0.06664000451564789,0.16274666786193848,0.0,0.0,12.179779052734375,-2.1570913791656494
5.663102149963379,2.9985456466674805,0.0,0.8061311841011047,0.015074577182531357,6.275389671325684,-10.737865447998047,-2.106813907623291,2.1660962104797363,0.12193373590707779,-0.08856728672981262,-0.09184074401855469,0.0,0.0,12.179779052734375,-2.0990183353424072
5.673099994659424,2.9985456466674805,0.0,0.8109651803970337,0.02530786395072937,-0.0,-0.0,-2.0590314865112305,-0.6089361906051636,0.1878208965063095,-0.09286656975746155,0.028961658477783203,0.0,0.0,12.179779052734375,-2.0590314865112305
5.683097839355469,2.9985456466674805,0.0,0.8012971878051758,0.034610871225595474,-0.0,-0.0,-2.087604284286499,-1.4447894096374512,0.13278502225875854,-0.07849068939685822,-0.017605304718017578,0.0,0.0,12.179779052734375,-2.087604284286499
5.6930952072143555,2.9985456466674805,0.0,0.8061312437057495,0.028098806738853455,6.275371551513672,-10.748614311218262,-2.018411159515381,-2.7793312072753906,0.14423440396785736,-0.07972247898578644,-0.05849194526672363,0.0,0.0,12.179779052734375,-2.0105974674224854
5.7030930519104,2.9985456466674805,0.0,0.8270784616470337,0.01972608081996441,-0.0,-0.0,-2.095240831375122,-4.398865699768066,0.10676281154155731,-0.08928271383047104,-0.17422032356262207,0.0,0.0,12.179779052734375,-2.095240831375122
5.713090896606445,2.9985456466674805,0.0,0.8238558173179626,0.03275027498602867,-0.0,-0.0,-2.1622154712677,1.9598618745803833,0.12100766599178314,-0.08689727634191513,-0.03083634376525879,0.0,0.0,12.179779052734375,-2.1622154712677
5.723089218139648,2.9985456466674805,0.0,0.7835726141929626,0.02437758445739746,-0.0,-0.0,-2.12072491645813,2.659252882003784,0.1401936411857605,-0.07926709204912186,0.036368608474731445,0.0,0.0,12.179779052734375,-2.12072491645813
5.733086109161377,2.9985456466674805,0.0,0.8367464542388916,0.051356326788663864,-0.0,-0.0,-2.079984664916992,3.1053261756896973,0.15595225989818573,-0.05948185175657272,0.14645695686340332,0.0,0.0,12.179779052734375,-2.079984664916992
5.7430830001831055,2.9985456466674805,0.0,0.8415803909301758,0.04856538027524948,-0.0,-0.0,-2.0881900787353516,1.8199777603149414,0.09401791542768478,-0.0670308917760849,-0.10179543495178223,0.0,0.0,12.179779052734375,-2.0881900787353516
5.75308084487915,2.9985456466674805,0.0,0.8335237503051758,0.03275027498602867,-0.0,-0.0,-2.1227879524230957,0.01907513290643692,0.14156799018383026,-0.06090414896607399,0.14633393287658691,0.0,0.0,12.179779052734375,-2.1227879524230957
5.7630791664123535,2.9985456466674805,0.0,0.8464144468307495,0.014144296757876873,-0.0,-0.0,-2.1074435710906982,0.5695893168449402,0.16541078686714172,-0.06744252890348434,0.150315523147583,0.0,0.0,12.179779052734375,-2.1074435710906982
5.773076057434082,2.9985456466674805,0.0,0.7996858954429626,0.018795765936374664,-0.0,-0.0,-2.075155735015869,1.4783563613891602,0.10875396430492401,-0.08559149503707886,-0.16260385513305664,0.0,0.0,12.179779052734375,-2.075155735015869
5.783073902130127,2.9985456466674805,0.0,0.7948518991470337,-0.0026011571753770113,-0.0,-0.0,-2.06494140625,-2.074582099914551,0.16479812562465668,-0.08371327817440033,0.023545026779174805,0.0,0.0,12.179779052734375,-2.06494140625
5.7930707931518555,2.9985456466674805,0.0,0.8174104690551758,0.019726045429706573,-0.0,-0.0,-2.10546875,-2.8224594593048096,0.15073080360889435,-0.10976724326610565,-0.09609484672546387,0.0,0.0,12.179779052734375,-2.10546875
5.803069114685059,2.9985456466674805,0.0,0.8077425360679626,0.023447269573807716,0.00781393051147461,10.748614311218262,-2.1420021057128906,-3.128234386444092,0.1145712211728096,-0.09663709998130798,-0.1310746669769287,0.0,0.0,12.179779052734375,-2.1498160362243652
5.8130669593811035,2.9985456466674805,0.0,0.8174104690551758,0.03275027498602867,-0.0,-0.0,-2.1622395515441895,2.267335891723633,0.14499837160110474,-0.09029485285282135,0.03538155555725098,0.0,0.0,12.179779052734375,-2.1622395515441895
5.823064804077148,2.9985456466674805,0.0,0.8206331729888916,0.00670188432559371,-0.0,-0.0,-2.1424176692962646,2.0253753662109375,0.128422811627388,-0.10975377261638641,-0.13544487953186035,0.0,0.0,12.179779052734375,-2.1424176692962646
5.833062171936035,2.9985456466674805,0.0,0.8093538284301758,0.018795765936374664,0.00781393051147461,10.748614311218262,-2.1033616065979004,2.642258405685425,0.1186327412724495,-0.08242886513471603,-0.07410764694213867,0.0,0.0,12.179779052734375,-2.111175537109375
5.84306001663208,2.9985456466674805,0.0,0.8222444653511047,0.033680591732263565,-0.0,-0.0,-2.471428871154785,5.895092487335205,0.12641790509223938,-0.07430458813905716,0.37277889251708984,0.0,0.0,12.179779052734375,-2.471428871154785
5.853057861328125,2.9985456466674805,0.0,0.8335237503051758,0.04577447474002838,-0.0,-0.0,-1.9714369773864746,-5.2771830558776855,0.1418115496635437,-0.10301589220762253,-0.23032546043395996,0.0,0.0,12.179779052734375,-1.9714369773864746
5.8630547523498535,2.9985456466674805,0.0,0.8319124579429626,0.03181999549269676,-0.0,-0.0,-2.4486207962036133,2.7720816135406494,0.09563581645488739,-0.06074569374322891,0.314178466796875,0.0,0.0,12.179779052734375,-2.4486207962036133
5.87305212020874,2.9985456466674805,0.0,0.8206331729888916,0.021586675196886063,-0.0,-0.0,-2.172664165496826,0.019873321056365967,0.16094870865345,-0.09522352367639542,0.06790947914123535,0.0,0.0,12.179779052734375,-2.172664165496826
5.883049964904785,2.9985456466674805,0.0,0.8077425360679626,0.014144262298941612,-0.0,-0.0,-2.127969741821289,1.556067943572998,0.15311823785305023,-0.08568035811185837,0.04773092269897461,0.0,0.0,12.179779052734375,-2.127969741821289
5.893046855926514,2.9985456466674805,0.0,0.8222445249557495,0.022516990080475807,-0.0,-0.0,-2.067336320877075,3.080206871032715,0.1012716293334961,-0.08188580721616745,-0.18314766883850098,0.0,0.0,12.179779052734375,-2.067336320877075
5.903046131134033,2.9985456466674805,0.0,0.8093538284301758,0.029959367588162422,-0.0,-0.0,-2.114725112915039,0.34476011991500854,0.16392658650875092,-0.07303781807422638,0.12541961669921875,0.0,0.0,12.179779052734375,-2.114725112915039
5.913043022155762,2.9985456466674805,0.0,0.8351351022720337,0.044844191521406174,-0.0,-0.0,-2.1192092895507812,0.1648755520582199,0.10932741314172745,-0.07839955389499664,-0.07395720481872559,0.0,0.0,12.179779052734375,-2.1192092895507812
5.92303991317749,2.9985456466674805,0.0,0.8061312437057495,0.028098806738853455,-0.0,-0.0,-1.9777642488479614,-1.0100886821746826,0.16583329439163208,-0.0493185929954052,0.1180565357208252,0.0,0.0,12.179779052734375,-1.9777642488479614
5.933037757873535,2.9985456466674805,0.0,0.8157991766929626,0.033680591732263565,6.275908946990967,-10.748614311218262,-2.0791804790496826,-0.37682676315307617,0.13351207971572876,-0.08908893913030624,-0.08050012588500977,0.0,0.0,12.179779052734375,-2.0719034671783447
5.943036079406738,2.9985456466674805,0.0,0.8431917428970337,0.01972608081996441,-0.0,-0.0,-2.0392751693725586,0.2867976725101471,0.16782964766025543,-0.07596710324287415,0.043706655502319336,0.0,0.0,12.179779052734375,-2.0392751693725586
5.953032970428467,2.9985456466674805,0.0,0.7900179624557495,0.03926241025328636,6.27592658996582,-10.737865447998047,-2.0910067558288574,-1.562577486038208,0.20581328868865967,-0.08465816080570221,0.12999391555786133,0.0,0.0,12.179779052734375,-2.0837481021881104
5.963030815124512,2.9985456466674805,0.0,0.8174104690551758,0.04019268974661827,-0.0,-0.0,-2.0859267711639404,-0.7685199975967407,0.2296937108039856,-0.05748308449983597,0.2707839012145996,0.0,0.0,12.179779052734375,-2.0859267711639404
5.973028182983398,2.9985456466674805,0.0,0.8061311841011047,0.01693517155945301,-0.0,-0.0,-2.0353996753692627,-1.5950596332550049,0.1675741821527481,-0.05959150940179825,0.12291932106018066,0.0,0.0,12.179779052734375,-2.0353996753692627
5.983026027679443,2.9985456466674805,0.0,0.8673616647720337,0.033680591732263565,-0.0,-0.0,-2.084540605545044,-2.7549214363098145,0.1372298300266266,-0.08876445889472961,-0.06157565116882324,0.0,0.0,12.179779052734375,-2.084540605545044
5.993023872375488,2.9985456466674805,0.0,0.8415803909301758,0.018795765936374664,-0.0,-0.0,-2.0944409370422363,-2.0671792030334473,0.16643060743808746,-0.09484566748142242,0.004997730255126953,0.0,0.0,12.179779052734375,-2.0944409370422363
6.003022193908691,2.9985456466674805,0.0,0.8480256795883179,0.029959367588162422,-0.0,-0.0,-2.119431734085083,-2.159137725830078,0.13761042058467865,-0.07476205378770828,0.05045175552368164,0.0,0.0,12.179779052734375,-2.119431734085083
6.01301908493042,2.9985456466674805,0.0,0.8544710278511047,0.026238178834319115,-0.0,-0.0,-2.12682843208313,-1.5456923246383667,0.15426932275295258,-0.07280084490776062,0.11507630348205566,0.0,0.0,12.179779052734375,-2.12682843208313
6.023016929626465,2.9985456466674805,0.0,0.8319124579429626,0.01693517155945301,-0.0,-0.0,-2.0562632083892822,-0.8521074652671814,0.10810236632823944,-0.09895234555006027,-0.2571284770965576,0.0,0.0,12.179779052734375,-2.0562632083892822
6.033013820648193,2.9985456466674805,0.0,0.8222445249557495,0.022516990080475807,-0.0,-0.0,-2.1269044876098633,4.100776672363281,0.1609572470188141,-0.07825370132923126,0.10538768768310547,0.0,0.0,12.179779052734375,-2.1269044876098633
6.0430121421813965,2.9985456466674805,0.0,0.8174104690551758,0.034610871225595474,-0.0,-0.0,-2.082550048828125,4.178831100463867,0.1245599240064621,-0.09038709849119186,-0.11506986618041992,0.0,0.0,12.179779052734375,-2.082550048828125
6.053009033203125,2.9985456466674805,0.0,0.7916292548179626,0.023447269573807716,-0.0,-0.0,-2.0576155185699463,3.7251017093658447,0.15864811837673187,-0.060303494334220886,0.12534332275390625,0.0,0.0,12.179779052734375,-2.0576155185699463
6.063007831573486,2.9985456466674805,0.0,0.8125765323638916,-0.003531437134370208,6.275905609130859,-10.737865447998047,-2.2003591060638428,4.320786952972412,0.09466995298862457,-0.06692802160978317,0.0156857967376709,0.0,0.0,12.179779052734375,-2.1930792331695557
6.073005199432373,2.9985456466674805,0.0,0.8077425360679626,0.029029088094830513,-0.0,-0.0,-2.0980865955352783,0.5510261058807373,0.15063393115997314,-0.1204051598906517,-0.14747071266174316,0.0,0.0,12.179779052734375,-2.0980865955352783
6.083002090454102,2.9985456466674805,0.0,0.8125765323638916,0.015074577182531357,-0.0,-0.0,-2.0633108615875244,1.5961629152297974,0.17067690193653107,-0.061619196087121964,0.14719653129577637,0.0,0.0,12.179779052734375,-2.0633108615875244
6.0929999351501465,2.9985456466674805,0.0,0.8157991766929626,0.015074577182531357,-0.0,-0.0,-2.0655555725097656,0.9458327889442444,0.12753869593143463,-0.08909507840871811,-0.11517500877380371,0.0,0.0,12.179779052734375,-2.0655555725097656
6.102996826171875,2.9985456466674805,0.0,0.7964632511138916,0.02437758445739746,-0.0,-0.0,-2.057023286819458,0.8102574944496155,0.19724828004837036,-0.0784304067492485,0.10849547386169434,0.0,0.0,12.179779052734375,-2.057023286819458
6.112995147705078,2.9985456466674805,0.0,0.7932405471801758,0.020656360313296318,-0.0,-0.0,-2.0151214599609375,-1.01548433303833,0.19694022834300995,-0.06992990523576736,0.10322356224060059,0.0,0.0,12.179779052734375,-2.0151214599609375
6.122992992401123,2.9985456466674805,0.0,0.7835726141929626,0.022516990080475807,6.276453018188477,-10.737865447998047,-2.052854061126709,-1.9856846332550049,0.15359379351139069,-0.08935081213712692,-0.04567599296569824,0.0,0.0,12.179779052734375,-2.046121835708618
6.132989883422852,2.9985456466674805,0.0,0.7867952585220337,0.022516990080475807,-0.0,-0.0,-2.0763566493988037,-2.028766632080078,0.16136063635349274,-0.0763341411948204,0.06328010559082031,0.0,0.0,12.179779052734375,-2.0763566493988037
6.142988204956055,2.9985456466674805,0.0,0.8351351022720337,0.007632164284586906,-0.0,-0.0,-2.087923526763916,-1.8061431646347046,0.1399064064025879,-0.07566455006599426,0.020842552185058594,0.0,0.0,12.179779052734375,-2.087923526763916
6.1529860496521,2.9985456466674805,0.0,0.8141878843307495,0.03461090475320816,-0.0,-0.0,-2.0949997901916504,-1.3363492488861084,0.17080682516098022,-0.08416911959648132,0.06618499755859375,0.0,0.0,12.179779052734375,-2.0949997901916504
6.162982940673828,2.9985456466674805,0.0,0.8109651803970337,0.03833209350705147,-0.0,-0.0,-2.084322690963745,-0.41585806012153625,0.1651129275560379,-0.09617918729782104,-0.014127731323242188,0.0,0.0,12.179779052734375,-2.084322690963745
6.172980785369873,2.9985456466674805,0.0,0.7996858954429626,0.026238178834319115,-0.0,-0.0,-2.0603253841400146,0.6005053520202637,0.18241086602210999,-0.07923761010169983,0.08026719093322754,0.0,0.0,12.179779052734375,-2.0603253841400146
6.18297815322876,2.9985456466674805,0.0,0.7900179028511047,0.03554118424654007,-0.0,-0.0,-2.2313921451568604,5.045082092285156,0.1859394758939743,-0.08672621846199036,0.22680020332336426,0.0,0.0,12.179779052734375,-2.2313921451568604
6.192975997924805,1.4992728233337402,2.5968165397644043,0.4758089482784271,0.7621060013771057,0.07405877113342285,118.11652374267578,-0.0834648609161377,78.34105682373047,-0.19195285439491272,-0.06430204212665558,2.012028932571411,0.0,0.0,12.179779052734375,-0.15752363204956055
6.20297384262085,1.4992728233337402,2.5968165397644043,0.4419710636138916,0.7816423773765564,6.2561845779418945,-42.99445724487305,-0.5843532085418701,28.611167907714844,-0.02570703811943531,-0.14654035866260529,-2.7327921390533447,0.0,0.0,12.179779052734375,-0.5573525428771973
6.212971210479736,1.4992728233337402,2.5968165397644043,0.4258577823638916,0.76303631067276,0.00870513916015625,11.957533836364746,2.7400496006011963,-0.3205275535583496,-0.10227595269680023,-0.08265123516321182,-0.4917445182800293,0.0,0.0,12.179779052734375,2.73134446144104
6.222969055175781,1.4992728233337402,2.5968165397644043,0.40652185678482056,0.7704787850379944,6.276442050933838,-10.737865447998047,-3.0213515758514404,-2.175841808319092,0.010665832087397575,-0.12967030704021454,-0.03906106948852539,0.0,0.0,12.179779052734375,-3.0146076679229736
6.23296594619751,1.4992728233337402,2.5968165397644043,0.47097498178482056,0.7611757516860962,-0.0,-0.0,3.0397799015045166,-0.10454923659563065,-0.05574604496359825,-0.10724644362926483,-0.3791651725769043,0.0,0.0,12.179779052734375,3.0397799015045166
6.242963790893555,1.4992728233337402,2.5968165397644043,0.4178011119365692,0.7751302123069763,-0.0,-0.0,-3.1022226810455322,-2.1106841564178467,-0.04807762801647186,-0.0980830192565918,-0.4979116916656494,0.0,0.0,12.179779052734375,-3.1022226810455322
6.252962112426758,1.4992728233337402,2.5968165397644043,0.4419710636138916,0.7593151330947876,-0.0,-0.0,2.686441659927368,-0.06802233308553696,-0.04405328631401062,-0.10649798065423965,0.06317138671875,0.0,0.0,12.179779052734375,2.686441659927368
6.262959003448486,1.4992728233337402,2.5968165397644043,0.41296711564064026,0.7686181664466858,6.276453018188477,-10.737865447998047,2.6802265644073486,-0.017147855833172798,-0.05419398471713066,-0.07378557324409485,-0.17285633087158203,0.0,0.0,12.179779052734375,2.6869590282440186
6.272956848144531,1.4992728233337402,2.5968165397644043,0.42263510823249817,0.7686181664466858,-0.0,-0.0,-2.98582124710083,-0.7250605821609497,-0.024920986965298653,-0.1264634132385254,-0.3520538806915283,0.0,0.0,12.179779052734375,-2.98582124710083
6.282955169677734,1.4992728233337402,2.5968165397644043,0.4097444713115692,0.7555938959121704,6.277274131774902,-10.226539611816406,2.8158628940582275,0.19294394552707672,-0.016232995316386223,-0.09973714500665665,0.16514158248901367,0.0,0.0,12.179779052734375,2.8217742443084717
6.292952060699463,1.4992728233337402,2.5968165397644043,0.44519367814064026,0.7723393440246582,-0.0,-0.0,2.9710943698883057,0.47202956676483154,-0.007848938927054405,-0.11760465800762177,0.10445165634155273,0.0,0.0,12.179779052734375,2.9710943698883057
6.302949905395508,1.4992728233337402,2.5968165397644043,0.4258577525615692,0.779781699180603,-0.0,-0.0,2.4520647525787354,4.021186351776123,-0.06548836827278137,-0.13268722593784332,0.2333664894104004,0.0,0.0,12.179779052734375,2.4520647525787354
6.312946796417236,1.4992728233337402,2.5968165397644043,0.42908042669296265,0.7648968696594238,-0.0,-0.0,3.002479314804077,-0.6087216734886169,-0.026615865528583527,-0.10558547079563141,-0.10847759246826172,0.0,0.0,12.179779052734375,3.002479314804077
6.3229451179504395,1.4992728233337402,2.5968165397644043,0.4339143931865692,0.7658272385597229,0.0061959028244018555,10.737865447998047,2.84470534324646,1.4707697629928589,0.014859702438116074,-0.1346295177936554,0.40901803970336914,0.0,0.0,12.179779052734375,2.8385097980499268
6.332942962646484,1.4992728233337402,2.5968165397644043,0.42102375626564026,0.7676878571510315,-0.0,-0.0,2.4608194828033447,3.8240573406219482,-0.06722695380449295,-0.10151355713605881,0.0975193977355957,0.0,0.0,12.179779052734375,2.4608194828033447
6.342939853668213,1.4992728233337402,2.5968165397644043,0.4194124639034271,0.7704787254333496,-0.0,-0.0,2.9971506595611572,-0.5276069045066833,-0.010483949445188046,-0.08824937045574188,0.026130199432373047,0.0,0.0,12.179779052734375,2.9971506595611572
6.352938175201416,1.4992728233337402,2.5968165397644043,0.4161898195743561,0.7648969888687134,-0.0,-0.0,-3.0962460041046143,-1.3699498176574707,-0.05214216932654381,-0.10888491570949554,-0.4944756031036377,0.0,0.0,12.179779052734375,-3.0962460041046143
6.362936019897461,1.4992728233337402,2.5968165397644043,0.46130698919296265,0.7704787850379944,-0.0,-0.0,3.001187562942505,-4.416252613067627,-0.059228405356407166,-0.08315066248178482,-0.48201799392700195,0.0,0.0,12.179779052734375,3.001187562942505
6.3729329109191895,1.4992728233337402,2.5968165397644043,0.4306917190551758,0.7621060013771057,-0.0,-0.0,2.582061529159546,0.15911690890789032,0.038369208574295044,-0.11551135778427124,0.8839828968048096,0.0,0.0,12.179779052734375,2.582061529159546
6.382930755615234,1.4992728233337402,2.5968165397644043,0.4645296633243561,0.7648969888687134,-0.0,-0.0,2.583052396774292,0.023561038076877594,-0.06723447889089584,-0.09181439876556396,-0.07382869720458984,0.0,0.0,12.179779052734375,2.583052396774292
6.392928123474121,1.4992728233337402,2.5968165397644043,0.42263510823249817,0.7648969888687134,-0.0,-0.0,3.0691349506378174,-0.9048053622245789,-0.12180094420909882,-0.07708094269037247,-0.9383454322814941,0.0,0.0,12.179779052734375,3.0691349506378174
6.402925968170166,1.4992728233337402,2.5968165397644043,0.43874841928482056,0.7611757516860962,0.0061959028244018555,10.737865447998047,2.839434862136841,2.3853647708892822,-0.008121603168547153,-0.10137008130550385,0.22394227981567383,0.0,0.0,12.179779052734375,2.8332388401031494
6.412923812866211,1.4992728233337402,2.5968165397644043,0.43713706731796265,0.7695484161376953,-0.0,-0.0,-2.949387311935425,-1.8987021446228027,-0.03594673052430153,-0.09694786369800568,-0.5502092838287354,0.0,0.0,12.179779052734375,-2.949387311935425
6.422921180725098,1.4992728233337402,2.5968165397644043,0.4097444713115692,0.774199903011322,-0.0,-0.0,3.1360514163970947,0.022891558706760406,0.00830074679106474,-0.08952245116233826,0.0984187126159668,0.0,0.0,12.179779052734375,3.1360514163970947
6.432919025421143,1.4992728233337402,2.5968165397644043,0.45325034856796265,0.7695484161376953,-0.0,-0.0,-2.941793441772461,0.0,0.017156127840280533,-0.08472122251987457,0.0,0.0,0.0,12.179779052734375,-2.941793441772461
6.442915916442871,1.4992728233337402,2.5968165397644043,0.41135579347610474,0.7602453827857971,-0.0,-0.0,3.044862985610962,0.196176677942276,0.022395825013518333,-0.09913284331560135,0.32032251358032227,0.0,0.0,12.179779052734375,3.044862985610962
6.452913761138916,1.4992728233337402,2.5968165397644043,0.4677523076534271,0.7667575478553772,0.006212592124938965,10.748614311218262,-2.79095721244812,-0.16977383196353912,-0.010671153664588928,-0.1116894781589508,-0.4478189945220947,0.0,0.0,12.179779052734375,-2.7971696853637695
6.462912082672119,1.4992728233337402,2.5968165397644043,0.43069174885749817,0.7602454423904419,-0.0,-0.0,3.0272762775421143,-1.6651984453201294,-0.05498992279171944,-0.11192299425601959,-0.344357967376709,0.0,0.0,12.179779052734375,3.0272762775421143
6.472908973693848,1.4992728233337402,2.5968165397644043,0.4145784378051758,0.7621060013771057,-0.0,-0.0,2.8593556880950928,0.0,-0.022814031690359116,-0.07867507636547089,0.0,0.0,0.0,12.179779052734375,2.8593556880950928
6.482906818389893,1.4992728233337402,2.5968165397644043,0.42263510823249817,0.7648969888687134,-0.0,-0.0,2.7347195148468018,0.7281346917152405,-0.021793333813548088,-0.08069019019603729,0.14392518997192383,0.0,0.0,12.179779052734375,2.7347195148468018
6.492905139923096,1.4992728233337402,2.5968165397644043,0.41296717524528503,0.7667575478553772,-0.0,-0.0,3.06215500831604,-1.0238856077194214,-0.03069646842777729,-0.10303810238838196,-0.21132898330688477,0.0,0.0,12.179779052734375,3.06215500831604
6.502902030944824,1.4992728233337402,2.5968165397644043,0.41296711564064026,0.7816423773765564,-0.0,-0.0,-2.920776605606079,-2.8494186401367188,0.050755541771650314,-0.09618518501520157,0.2648923397064209,0.0,0.0,12.179779052734375,-2.920776605606079
6.512899875640869,1.4992728233337402,2.5968165397644043,0.4194124639034271,0.76303631067276,-0.0,-0.0,2.8290998935699463,0.15259648859500885,0.007550326641649008,-0.0890931487083435,0.3987560272216797,0.0,0.0,12.179779052734375,2.8290998935699463
6.522896766662598,1.4992728233337402,2.5968165397644043,0.41296717524528503,0.7667575478553772,-0.0,-0.0,2.932837724685669,0.5306968092918396,-0.019037235528230667,-0.13464157283306122,0.06875896453857422,0.0,0.0,12.179779052734375,2.932837724685669
6.532895088195801,1.4992728233337402,2.5968165397644043,0.4661409854888916,0.7639666199684143,-0.0,-0.0,2.960106134414673,0.2802867889404297,-0.004939876031130552,-0.1174146756529808,0.14011859893798828,0.0,0.0,12.179779052734375,2.960106134414673
6.542892932891846,1.4992728233337402,2.5968165397644043,0.4194124639034271,0.7704787254333496,-0.0,-0.0,2.7839324474334717,0.5712620615959167,0.019154153764247894,-0.10583341121673584,0.539151668548584,0.0,0.0,12.179779052734375,2.7839324474334717
6.552889823913574,1.4992728233337402,2.5968165397644043,0.41296717524528503,0.7667575478553772,-0.0,-0.0,-3.081566333770752,-2.3146793842315674,-0.021029775962233543,-0.09013567119836807,-0.2912285327911377,0.0,0.0,12.179779052734375,-3.081566333770752
6.562888145446777,1.4992728233337402,2.5968165397644043,0.43552571535110474,0.7593151330947876,6.277510166168213,-10.748614311218262,-2.795478105545044,0.0,0.029852891340851784,-0.08277949690818787,0.0,0.0,0.0,12.179779052734375,-2.7898027896881104
6.572885990142822,1.4992728233337402,2.5968165397644043,0.4065217971801758,0.7667575478553772,-0.0,-0.0,-2.9013559818267822,-1.4108387231826782,-0.012483453378081322,-0.0892275720834732,-0.3813049793243408,0.0,0.0,12.179779052734375,-2.9013559818267822
6.582882881164551,1.4992728233337402,2.5968165397644043,0.3936311900615692,0.7667575478553772,-0.0,-0.0,2.5325281620025635,0.22525011003017426,0.010636609047651291,-0.0930502861738205,0.7259926795959473,0.0,0.0,12.179779052734375,2.5325281620025635
6.592881202697754,1.4992728233337402,2.5968165397644043,0.4226350784301758,0.7667575478553772,-0.0,-0.0,2.9079535007476807,-0.28379523754119873,-0.003375046653673053,-0.1114804744720459,0.2041330337524414,0.0,0.0,12.179779052734375,2.9079535007476807
6.602878093719482,1.4992728233337402,2.5968165397644043,0.42263510823249817,0.7648969888687134,-0.0,-0.0,-3.043872356414795,-1.5496238470077515,-0.004690972622483969,-0.08882145583629608,-0.15163540840148926,0.0,0.0,12.179779052734375,-3.043872356414795
6.612875938415527,1.4992728233337402,2.5968165397644043,0.42263510823249817,0.7648969888687134,-0.0,-0.0,3.027061700820923,0.4010513126850128,0.00442058639600873,-0.11005114763975143,0.15546178817749023,0.0,0.0,12.179779052734375,3.027061700820923
6.622873783111572,1.4992728233337402,2.5968165397644043,0.45325037837028503,0.7714090347290039,-0.0,-0.0,-2.807286500930786,-1.9093214273452759,0.007445809431374073,-0.10068748146295547,-0.2622239589691162,0.0,0.0,12.179779052734375,-2.807286500930786
6.632871150970459,1.4992728233337402,2.5968165397644043,0.4677523076534271,0.7481514811515808,-0.0,-0.0,2.724278688430786,0.816247820854187,0.01708739809691906,-0.08794388920068741,0.6120543479919434,0.0,0.0,12.179779052734375,2.724278688430786
6.642868995666504,1.4992728233337402,2.5968165397644043,0.4645296633243561,0.7648969888687134,-0.0,-0.0,2.685866594314575,2.9527602195739746,0.08460401743650436,-0.07449676096439362,1.3110344409942627,0.0,0.0,12.179779052734375,2.685866594314575
6.652865886688232,1.4992728233337402,2.5968165397644043,0.41457846760749817,0.7546636462211609,-0.0,-0.0,2.936570405960083,0.11587435007095337,0.0037393744569271803,-0.10250911861658096,0.2425379753112793,0.0,0.0,12.179779052734375,2.936570405960083
6.6628642082214355,1.4992728233337402,2.5968165397644043,0.4387483596801758,0.757454514503479,-0.0,-0.0,2.939575433731079,0.9746190905570984,0.026125119999051094,-0.09410299360752106,0.47513246536254883,0.0,0.0,12.179779052734375,2.939575433731079
6.6728620529174805,1.4992728233337402,2.5968165397644043,0.4194124639034271,0.7667575478553772,-0.0,-0.0,2.8757221698760986,0.0,-0.015475179068744183,-0.0743657574057579,0.0,0.0,0.0,12.179779052734375,2.8757221698760986
6.682858943939209,1.4992728233337402,2.5968165397644043,0.4161898195743561,0.7648969888687134,-0.0,-0.0,-2.5586743354797363,-0.09575842320919037,0.028384627774357796,-0.10789879411458969,-0.32707953453063965,0.0,0.0,12.179779052734375,-2.5586743354797363
6.692856788635254,1.4992728233337402,2.5968165397644043,0.4226350784301758,0.7667575478553772,6.27723503112793,-11.291131019592285,2.953735589981079,0.3736286163330078,0.01574687846004963,-0.10343434661626816,0.3404865264892578,0.0,0.0,12.179779052734375,2.959686040878296
6.702855110168457,1.4992728233337402,2.5968165397644043,0.38879722356796265,0.7695484161376953,-0.0,-0.0,2.924743890762329,0.26995569467544556,-0.04527772217988968,-0.09039844572544098,-0.2484426498413086,0.0,0.0,12.179779052734375,2.924743890762329
6.7128520011901855,1.4992728233337402,2.5968165397644043,0.3936312198638916,0.7593151330947876,-0.0,-0.0,2.7189557552337646,0.0,-0.038687847554683685,-0.0668022483587265,0.0,0.0,0.0,12.179779052734375,2.7189557552337646
6.7228498458862305,1.4992728233337402,2.5968165397644043,0.4242464601993561,0.7732696533203125,-0.0,-0.0,3.0408623218536377,-0.17218269407749176,-0.09382536262273788,-0.10941891372203827,-0.6107063293457031,0.0,0.0,12.179779052734375,3.0408623218536377
6.732847213745117,1.4992728233337402,2.5968165397644043,0.4596956670284271,0.7676878571510315,-0.0,-0.0,-3.020955801010132,-0.760760486125946,0.004740160424262285,-0.09764469414949417,-0.07268738746643066,0.0,0.0,12.179779052734375,-3.020955801010132
6.742845058441162,1.4992728233337402,2.5968165397644043,0.4226350784301758,0.7667575478553772,-0.0,-0.0,3.0474579334259033,-0.2036714106798172,-0.027389701455831528,-0.10322749614715576,-0.1659846305847168,0.0,0.0,12.179779052734375,3.0474579334259033
6.752842903137207,1.4992728233337402,2.5968165397644043,0.4580843448638916,0.7686181664466858,-0.0,-0.0,2.8826744556427,-0.33165353536605835,-0.03454462066292763,-0.10563665628433228,-0.057485103607177734,0.0,0.0,12.179779052734375,2.8826744556427
6.7628397941589355,1.4992728233337402,2.5968165397644043,0.4258577525615692,0.7667575478553772,-0.0,-0.0,3.012674570083618,-0.14531271159648895,-0.016811326146125793,-0.10354007035493851,-0.032225608825683594,0.0,0.0,12.179779052734375,3.012674570083618
6.772838115692139,1.4992728233337402,2.5968165397644043,0.44358235597610474,0.7602453827857971,-0.0,-0.0,-2.9849419593811035,0.0,0.014976011589169502,-0.09481807798147202,0.0,0.0,0.0,12.179779052734375,-2.9849419593811035
6.782835960388184,1.4992728233337402,2.5968165397644043,0.3871859014034271,0.7481514811515808,-0.0,-0.0,2.9666330814361572,0.0,-0.009241106919944286,-0.07227998226881027,0.0,0.0,0.0,12.179779052734375,2.9666330814361572
6.792832851409912,1.4992728233337402,2.5968165397644043,0.4113558232784271,0.7658272385597229,-0.0,-0.0,2.384195566177368,0.018701648339629173,-0.07630101591348648,-0.09955260902643204,0.1038980484008789,0.0,0.0,12.179779052734375,2.384195566177368
6.802831172943115,1.4992728233337402,2.5968165397644043,0.42908045649528503,0.7667575478553772,-0.0,-0.0,2.6068203449249268,0.36677706241607666,-0.011157511733472347,-0.11199227720499039,0.4374246597290039,0.0,0.0,12.179779052734375,2.6068203449249268
6.812828063964844,1.4992728233337402,2.5968165397644043,0.4645296633243561,0.7648969888687134,-0.0,-0.0,3.0745937824249268,-1.7466869354248047,-0.021673349663615227,-0.09262218326330185,-0.16413116455078125,0.0,0.0,12.179779052734375,3.0745937824249268
6.822825908660889,1.4992728233337402,2.5968165397644043,0.4306917190551758,0.7528030276298523,-0.0,-0.0,2.8339407444000244,0.669849157333374,-0.007927213795483112,-0.0862642228603363,0.2171459197998047,0.0,0.0,12.179779052734375,2.8339407444000244
6.832823753356934,1.4992728233337402,2.5968165397644043,0.4258577823638916,0.7593151330947876,-0.0,-0.0,3.1209471225738525,-0.15843769907951355,-0.08322496712207794,-0.10936736315488815,-0.6325359344482422,0.0,0.0,12.179779052734375,3.1209471225738525
6.84282112121582,1.4992728233337402,2.5968165397644043,0.41457846760749817,0.7639666199684143,-0.0,-0.0,-3.0233423709869385,-0.3555860221385956,-0.06361304968595505,-0.07318420708179474,-0.8374178409576416,0.0,0.0,12.179779052734375,-3.0233423709869385
6.852818965911865,1.4992728233337402,2.5968165397644043,0.42908039689064026,0.7593151330947876,-0.0,-0.0,-2.8175220489501953,-0.5596792697906494,-0.0009512637043371797,-0.09353101998567581,-0.335831880569458,0.0,0.0,12.179779052734375,-2.8175220489501953
6.862815856933594,1.4992728233337402,2.5968165397644043,0.4242464005947113,0.7658272385597229,-0.0,-0.0,2.664036512374878,-0.003152217948809266,-0.03314279019832611,-0.11297448724508286,0.19300365447998047,0.0,0.0,12.179779052734375,2.664036512374878
6.872814178466797,1.4992728233337402,2.5968165397644043,0.4258577525615692,0.7648968696594238,-0.0,-0.0,2.7270286083221436,0.2942538559436798,0.004959355108439922,-0.08747531473636627,0.47327566146850586,0.0,0.0,12.179779052734375,2.7270286083221436
6.882812023162842,1.4992728233337402,2.5968165397644043,0.4580843448638916,0.7686181664466858,-0.0,-0.0,-3.0851364135742188,-0.36266449093818665,-6.943492189748213e-05,-0.09806026518344879,-0.0575258731842041,0.0,0.0,12.179779052734375,-3.0851364135742188
6.89280891418457,-1.4992728233337402,2.5968165397644043,-0.33630043268203735,0.7751302719116211,0.05639815330505371,118.2347640991211,2.25590443611145,-31.284257888793945,-0.28017157316207886,-0.18266551196575165,-0.11826705932617188,0.0,0.0,12.179779052734375,2.1995060443878174
6.902806758880615,-1.4992728233337402,2.5968165397644043,-0.3636930286884308,0.7369879484176636,6.26499080657959,-33.94477844238281,-0.2960388660430908,0.0,-0.06463247537612915,-0.020275866612792015,0.0,0.0,0.0,12.179779052734375,-0.2778439521789551
6.912805080413818,-1.4992728233337402,2.5968165397644043,-0.37013834714889526,0.7518727779388428,0.004585385322570801,10.737865447998047,1.820155382156372,5.894367218017578,-0.12101058661937714,-0.027103491127490997,-0.02716827392578125,0.0,0.0,12.179779052734375,1.8155701160430908
6.922801971435547,-1.4992728233337402,2.5968165397644043,-0.3636929988861084,0.740709125995636,6.279013156890869,-9.770578384399414,1.8677151203155518,-0.01814984157681465,-0.09694255888462067,-0.019299639388918877,-0.10083246231079102,0.0,0.0,12.179779052734375,1.871887445449829
6.932799816131592,-1.4992728233337402,2.5968165397644043,-0.39753085374832153,0.7509424090385437,0.004585385322570801,10.737865447998047,2.059955358505249,-1.0780038833618164,-0.11642482876777649,-0.024996468797326088,-0.27919626235961914,0.0,0.0,12.179779052734375,2.0553696155548096
6.9427971839904785,-1.4992728233337402,2.5968165397644043,-0.36852699518203735,0.7509424090385437,-0.0,-0.0,1.7975804805755615,-0.2842063307762146,-0.1350715160369873,-0.01573496311903,-0.1113739013671875,0.0,0.0,12.179779052734375,1.7975804805755615
6.952795028686523,-1.4992728233337402,2.5968165397644043,-0.40075352787971497,0.7453606128692627,-0.0,-0.0,1.9032275676727295,-0.10313894599676132,-0.14069734513759613,-0.0416535884141922,-0.04482316970825195,0.0,0.0,12.179779052734375,1.9032275676727295
6.962792873382568,-1.4992728233337402,2.5968165397644043,-0.4055875539779663,0.740709125995636,-0.0,-0.0,1.9147050380706787,-0.5882512331008911,-0.12702424824237823,-0.033693984150886536,-0.08517599105834961,0.0,0.0,12.179779052734375,1.9147050380706787
6.972789764404297,-1.4992728233337402,2.5968165397644043,-0.371749609708786,0.7565242052078247,0.004158139228820801,9.761695861816406,1.5941517353057861,1.3236340284347534,-0.10580514371395111,-0.03302659094333649,0.2808218002319336,0.0,0.0,12.179779052734375,1.5899937152862549
6.9827880859375,-1.4992728233337402,2.5968165397644043,-0.4281461536884308,0.746290922164917,-0.0,-0.0,1.8881862163543701,-0.5662781000137329,-0.08769193291664124,-0.035721298307180405,0.06953859329223633,0.0,0.0,12.179779052734375,1.8881862163543701
6.992785930633545,-1.4992728233337402,2.5968165397644043,-0.4265347719192505,0.7528030276298523,0.004576206207275391,10.716432571411133,1.7945921421051025,0.26332253217697144,-0.10060592740774155,-0.04285121709108353,0.1797027587890625,0.0,0.0,12.179779052734375,1.7900159358978271
7.002782821655273,-1.4992728233337402,2.5968165397644043,-0.39753085374832153,0.7509424090385437,-0.0,-0.0,1.8357136249542236,0.27316296100616455,-0.15929967164993286,-0.0539141409099102,0.061776161193847656,0.0,0.0,12.179779052734375,1.8357136249542236
7.012781143188477,-1.4992728233337402,2.5968165397644043,-0.3943082392215729,0.7416394352912903,0.004585385322570801,10.737865447998047,1.8626010417938232,0.2319697141647339,-0.07966054230928421,-0.048709675669670105,0.2581596374511719,0.0,0.0,12.179779052734375,1.858015775680542
7.022778034210205,-1.4992728233337402,2.5968165397644043,-0.3701382875442505,0.7444303035736084,-0.0,-0.0,1.9150621891021729,-0.7574851512908936,-0.11789699643850327,-0.014146910049021244,-0.22604084014892578,0.0,0.0,12.179779052734375,1.9150621891021729
7.03277587890625,-1.4992728233337402,2.5968165397644043,-0.39269688725471497,0.7444303035736084,-0.0,-0.0,1.834289789199829,0.14974382519721985,-0.14546772837638855,-0.05388094112277031,0.09167003631591797,0.0,0.0,12.179779052734375,1.834289789199829
7.042774200439453,-1.4992728233337402,2.5968165397644043,-0.38302895426750183,0.76303631067276,0.004585385322570801,10.737865447998047,1.8971073627471924,0.031316615641117096,-0.0872359424829483,-0.02375960350036621,-0.06064414978027344,0.0,0.0,12.179779052734375,1.8925220966339111
7.052771091461182,-1.4992728233337402,2.5968165397644043,-0.3701382875442505,0.7444303035736084,-0.0,-0.0,1.8737318515777588,-0.09148530662059784,-0.0872282013297081,-0.032988615334033966,0.05884218215942383,0.0,0.0,12.179779052734375,1.8737318515777588
7.062768936157227,-1.4992728233337402,2.5968165397644043,-0.3943082392215729,0.7453606128692627,6.278636932373047,-10.652644157409668,2.030271291732788,-0.024605683982372284,-0.07669726014137268,-0.030398942530155182,-0.08247232437133789,0.0,0.0,12.179779052734375,2.0348198413848877
7.072765827178955,-1.4992728233337402,2.5968165397644043,-0.3878629207611084,0.7434999942779541,6.278611183166504,-10.737865447998047,1.8775770664215088,0.3312278985977173,-0.10850676149129868,-0.04285208135843277,0.06974506378173828,0.0,0.0,12.179779052734375,1.8821508884429932
7.082764148712158,-1.4992728233337402,2.5968165397644043,-0.39914223551750183,0.7444303035736084,0.004172325134277344,9.770578384399414,1.9365828037261963,-0.009249886497855186,-0.10272809118032455,-0.03675077110528946,-0.02232217788696289,0.0,0.0,12.179779052734375,1.932410478591919
7.092761993408203,-1.4992728233337402,2.5968165397644043,-0.379806250333786,0.7425696849822998,6.278604984283447,-10.72713851928711,1.935962438583374,-0.18522217869758606,-0.15624253451824188,-0.03304886817932129,-0.15743637084960938,0.0,0.0,12.179779052734375,1.940542459487915
7.102758884429932,-1.4992728233337402,2.5968165397644043,-0.379806250333786,0.7425696849822998,6.278580188751221,-10.759384155273438,2.112182855606079,-0.009615611284971237,-0.08022350817918777,-0.04260433092713356,-0.053420066833496094,0.0,0.0,12.179779052734375,2.116788148880005
7.112757205963135,-1.4992728233337402,2.5968165397644043,-0.39269691705703735,0.7648968696594238,-0.0,-0.0,1.5695912837982178,2.0162155628204346,-0.13435441255569458,-0.037255655974149704,0.27351903915405273,0.0,0.0,12.179779052734375,1.5695912837982178
7.12275505065918,-1.4992728233337402,2.5968165397644043,-0.3572476804256439,0.7425696849822998,0.004047989845275879,10.737865447998047,1.8342864513397217,0.6016178131103516,-0.09423082321882248,-0.04847782477736473,0.21274757385253906,0.0,0.0,12.179779052734375,1.8302385807037354
7.132751941680908,-1.4992728233337402,2.5968165397644043,-0.3894742727279663,0.740709125995636,6.279148101806641,-10.737865447998047,2.1445705890655518,-1.6796246767044067,-0.13214954733848572,-0.04250382259488106,-0.2642545700073242,0.0,0.0,12.179779052734375,2.1486074924468994
7.142749786376953,-1.4992728233337402,2.5968165397644043,-0.395919531583786,0.7425696849822998,-0.0,-0.0,1.8532884120941162,0.622261106967926,-0.15412938594818115,-0.039475325495004654,-0.031688690185546875,0.0,0.0,12.179779052734375,1.8532884120941162
7.15274715423584,-1.4992728233337402,2.5968165397644043,-0.395919531583786,0.7425696849822998,-0.0,-0.0,1.8250977993011475,0.0,-0.06539904326200485,-0.04445299133658409,0.0,0.0,0.0,12.179779052734375,1.8250977993011475
7.162744998931885,-1.4992728233337402,2.5968165397644043,-0.37013834714889526,0.7518727779388428,-0.0,-0.0,1.936830759048462,-1.4486562013626099,-0.09606260061264038,-0.014508441090583801,-0.217529296875,0.0,0.0,12.179779052734375,1.936830759048462
7.17274284362793,-1.4992728233337402,2.5968165397644043,-0.39269688725471497,0.7444303035736084,0.004047989845275879,10.737865447998047,1.7719533443450928,2.4579896926879883,-0.12223614752292633,-0.012073228135704994,-0.10231494903564453,0.0,0.0,12.179779052734375,1.7679054737091064
7.182740211486816,-1.4992728233337402,2.5968165397644043,-0.39914223551750183,0.7444303035736084,6.279133319854736,-10.748614311218262,1.7124378681182861,0.10109497606754303,-0.1270866096019745,-0.029834624379873276,0.08934879302978516,0.0,0.0,12.179779052734375,1.7164900302886963
7.192738056182861,-1.4992728233337402,2.5968165397644043,-0.428146094083786,0.7425696849822998,-0.0,-0.0,1.8376848697662354,0.19306646287441254,-0.18952694535255432,-0.004894203972071409,-0.2420186996459961,0.0,0.0,12.179779052734375,1.8376848697662354
7.202735900878906,-1.4992728233337402,2.5968165397644043,-0.39914223551750183,0.7444303035736084,-0.0,-0.0,1.8303749561309814,-0.16364985704421997,-0.12372074276208878,-0.034082818776369095,0.009219646453857422,0.0,0.0,12.179779052734375,1.8303749561309814
7.212732791900635,-1.4992728233337402,2.5968165397644043,-0.395919531583786,0.7425696849822998,-0.0,-0.0,1.966726541519165,-0.04737604781985283,-0.151138573884964,-0.05197959020733833,-0.06496953964233398,0.0,0.0,12.179779052734375,1.966726541519165
7.222731113433838,-1.4992728233337402,2.5968165397644043,-0.3975309133529663,0.7490818500518799,-0.0,-0.0,1.7603237628936768,0.7614856362342834,-0.1468772441148758,-0.022910064086318016,-0.034684181213378906,0.0,0.0,12.179779052734375,1.7603237628936768
7.232728004455566,-1.4992728233337402,2.5968165397644043,-0.38464024662971497,0.7490818500518799,-0.0,-0.0,1.8248770236968994,2.7056491374969482,-0.12842464447021484,-0.052560947835445404,0.1358656883239746,0.0,0.0,12.179779052734375,1.8248770236968994
7.242725849151611,-1.4992728233337402,2.5968165397644043,-0.3943082094192505,0.7490818500518799,-0.0,-0.0,1.8883287906646729,-0.790747344493866,-0.089508555829525,-0.039382386952638626,0.09710407257080078,0.0,0.0,12.179779052734375,1.8883287906646729
7.2527241706848145,-1.4992728233337402,2.5968165397644043,-0.3781949579715729,0.7453606128692627,-0.0,-0.0,1.8320372104644775,0.07700758427381516,-0.13292530179023743,-0.026470601558685303,-0.06491899490356445,0.0,0.0,12.179779052734375,1.8320372104644775
7.262721061706543,-1.4992728233337402,2.5968165397644043,-0.36047035455703735,0.7555938959121704,-0.0,-0.0,1.8410322666168213,0.2297971099615097,-0.13906478881835938,-0.03683619201183319,-0.011268138885498047,0.0,0.0,12.179779052734375,1.8410322666168213
7.272718906402588,-1.4992728233337402,2.5968165397644043,-0.38464027643203735,0.7472212910652161,-0.0,-0.0,1.8633244037628174,-0.0246526338160038,-0.11859150975942612,-0.009474752470850945,-0.21370601654052734,0.0,0.0,12.179779052734375,1.8633244037628174
7.282715797424316,-1.4992728233337402,2.5968165397644043,-0.3862515687942505,0.7444303035736084,-0.0,-0.0,1.9064223766326904,-0.1351565569639206,-0.13235537707805634,-0.03249415010213852,-0.09532451629638672,0.0,0.0,12.179779052734375,1.9064223766326904
7.2927141189575195,-1.4992728233337402,2.5968165397644043,-0.37497231364250183,0.7397788166999817,-0.0,-0.0,1.7713615894317627,1.593282699584961,-0.167709618806839,-0.010399739257991314,-0.13868331909179688,0.0,0.0,12.179779052734375,1.7713615894317627
7.3027119636535645,-1.4992728233337402,2.5968165397644043,-0.37658360600471497,0.7444303035736084,-0.0,-0.0,1.8236000537872314,2.7828574180603027,-0.13209551572799683,-0.01566133461892605,-0.1344285011291504,0.0,0.0,12.179779052734375,1.8236000537872314
7.312708854675293,-1.4992728233337402,2.5968165397644043,-0.39914223551750183,0.7444303035736084,-0.0,-0.0,1.828669786453247,-0.2090981900691986,-0.17571260035037994,-0.04477420076727867,-0.008472919464111328,0.0,0.0,12.179779052734375,1.828669786453247
7.322707176208496,-1.4992728233337402,2.5968165397644043,-0.35724765062332153,0.7369878888130188,6.279674053192139,-10.737865447998047,1.9185512065887451,-2.086956739425659,-0.22571799159049988,-0.05038336664438248,-0.1293778419494629,0.0,0.0,12.179779052734375,1.9220621585845947
7.332705020904541,-1.4992728233337402,2.5968165397644043,-0.3975309133529663,0.7453606128692627,-0.0,-0.0,1.5571181774139404,0.8853678703308105,-0.1570693850517273,-0.03315121680498123,0.2229137420654297,0.0,0.0,12.179779052734375,1.5571181774139404
7.3427019119262695,-1.4992728233337402,2.5968165397644043,-0.39269691705703735,0.7481514811515808,-0.0,-0.0,1.9046423435211182,-2.1218249797821045,-0.10243361443281174,-0.026647426187992096,-0.08038711547851562,0.0,0.0,12.179779052734375,1.9046423435211182
7.3526997566223145,-1.4992728233337402,2.5968165397644043,-0.3878629207611084,0.7434999942779541,-0.0,-0.0,1.8298184871673584,0.7491439580917358,-0.14388026297092438,-0.02199314720928669,-0.10753917694091797,0.0,0.0,12.179779052734375,1.8298184871673584
7.362697124481201,-1.4992728233337402,2.5968165397644043,-0.37658363580703735,0.7518727779388428,-0.0,-0.0,1.822425127029419,0.27397459745407104,-0.13321685791015625,-0.01803242228925228,-0.11748504638671875,0.0,0.0,12.179779052734375,1.822425127029419
7.372694969177246,-1.4992728233337402,2.5968165397644043,-0.40075355768203735,0.7434999942779541,-0.0,-0.0,1.8583199977874756,-0.09301796555519104,-0.1447407305240631,-0.031154124066233635,-0.0758657455444336,0.0,0.0,12.179779052734375,1.8583199977874756
7.382692813873291,-1.4992728233337402,2.5968165397644043,-0.37497228384017944,0.7565242648124695,-0.0,-0.0,1.7332966327667236,1.3609336614608765,-0.15711133182048798,-0.0310504212975502,0.03321123123168945,0.0,0.0,12.179779052734375,1.7332966327667236
7.392690181732178,-1.4992728233337402,2.5968165397644043,-0.38302892446517944,0.7314061522483826,-0.0,-0.0,1.7485086917877197,1.163995623588562,-0.14036783576011658,-0.06068671867251396,0.23171663284301758,0.0,0.0,12.179779052734375,1.7485086917877197
7.402688026428223,-1.4992728233337402,2.5968165397644043,-0.3975309133529663,0.7453606128692627,0.00319516658782959,9.770578384399414,1.774684190750122,-0.035607706755399704,-0.11853089928627014,-0.04547274112701416,0.1631026268005371,0.0,0.0,12.179779052734375,1.771488904953003
7.412685871124268,-1.4992728233337402,2.5968165397644043,-0.40075352787971497,0.7453606128692627,-0.0,-0.0,1.7981994152069092,0.3933596611022949,-0.1408327966928482,-0.0692451223731041,0.23066473007202148,0.0,0.0,12.179779052734375,1.7981994152069092
7.422682762145996,-1.4992728233337402,2.5968165397644043,-0.37658360600471497,0.7444303035736084,-0.0,-0.0,1.8207824230194092,1.0773227214813232,-0.13997745513916016,-0.05758550390601158,0.1412515640258789,0.0,0.0,12.179779052734375,1.8207824230194092
7.432681083679199,-1.4992728233337402,2.5968165397644043,-0.37658363580703735,0.7369878888130188,-0.0,-0.0,1.750427484512329,0.05962022766470909,-0.16542686522006989,-0.032214850187301636,0.012772560119628906,0.0,0.0,12.179779052734375,1.750427484512329
7.442677974700928,-1.4992728233337402,2.5968165397644043,-0.36691564321517944,0.7369878888130188,-0.0,-0.0,1.7890722751617432,0.14283350110054016,-0.17558428645133972,-0.0371415838599205,-0.009810924530029297,0.0,0.0,12.179779052734375,1.7890722751617432
7.452675819396973,-1.4992728233337402,2.5968165397644043,-0.3733609616756439,0.7332667112350464,6.279670715332031,-10.748614311218262,1.805720567703247,0.6679753065109253,-0.2007753700017929,-0.05570939555764198,0.03611135482788086,0.0,0.0,12.179779052734375,1.809234857559204
7.462674140930176,-1.4992728233337402,2.5968165397644043,-0.38302895426750183,0.7481514811515808,-0.0,-0.0,1.8292367458343506,1.2199851274490356,-0.14765268564224243,-0.05610737204551697,0.10555076599121094,0.0,0.0,12.179779052734375,1.8292367458343506
7.472671031951904,-1.4992728233337402,2.5968165397644043,-0.3814176321029663,0.7583848237991333,-0.0,-0.0,1.7877376079559326,0.32220688462257385,-0.10956156998872757,-0.02283645048737526,-0.011388778686523438,0.0,0.0,12.179779052734375,1.7877376079559326
7.482668876647949,-1.4992728233337402,2.5968165397644043,-0.39914223551750183,0.7444303035736084,-0.0,-0.0,1.7939636707305908,0.007305169012397528,-0.09451553225517273,-0.032297808676958084,0.10655975341796875,0.0,0.0,12.179779052734375,1.7939636707305908
7.492665767669678,-1.4992728233337402,2.5968165397644043,-0.37658360600471497,0.7444303035736084,-0.0,-0.0,1.700087308883667,0.9899312257766724,-0.1823534518480301,-0.04471293091773987,0.11196231842041016,0.0,0.0,12.179779052734375,1.700087308883667
7.502664089202881,-1.4992728233337402,2.5968165397644043,-0.3862515687942505,0.7444303035736084,-0.0,-0.0,1.591998815536499,3.4842147827148438,-0.14121095836162567,-0.04222835227847099,0.27167510986328125,0.0,0.0,12.179779052734375,1.591998815536499
7.512661933898926,-1.4992728233337402,2.5968165397644043,-0.39269691705703735,0.7481514811515808,-0.0,-0.0,2.1526854038238525,-1.5676662921905518,-0.15505315363407135,-0.02949298359453678,-0.3961014747619629,0.0,0.0,12.179779052734375,2.1526854038238525
7.522658824920654,-1.4992728233337402,2.5968165397644043,-0.3798062801361084,0.7444303035736084,-0.0,-0.0,1.6362988948822021,1.2011843919754028,-0.20249521732330322,-0.017282210290431976,0.020122051239013672,0.0,0.0,12.179779052734375,1.6362988948822021
7.532657146453857,-1.4992728233337402,2.5968165397644043,-0.3959195911884308,0.746290922164917,-0.0,-0.0,1.9427669048309326,-0.528863251209259,-0.11113312095403671,-0.037535130977630615,-0.046622276306152344,0.0,0.0,12.179779052734375,1.9427669048309326
7.542654991149902,-1.4992728233337402,2.5968165397644043,-0.3330777883529663,0.7490818500518799,-0.0,-0.0,1.8302052021026611,-0.07627210021018982,-0.1206246167421341,-0.04518866166472435,0.09942054748535156,0.0,0.0,12.179779052734375,1.8302052021026611
7.552651882171631,-1.4992728233337402,2.5968165397644043,-0.3701382875442505,0.7481514811515808,-0.0,-0.0,1.7159764766693115,0.19418442249298096,-0.19090349972248077,-0.025695757940411568,-0.01136636734008789,0.0,0.0,12.179779052734375,1.7159764766693115
7.562650203704834,-1.4992728233337402,2.5968165397644043,-0.3701383173465729,0.7555939555168152,0.0029740333557128906,10.737865447998047,1.7253386974334717,0.3938460648059845,-0.11718996614217758,0.006718624848872423,-0.2125682830810547,0.0,0.0,12.179779052734375,1.7223646640777588
7.5726470947265625,-1.4992728233337402,2.5968165397644043,-0.35241368412971497,0.7583848237991333,-0.0,-0.0,1.745267629623413,0.878110408782959,-0.20229686796665192,-0.02139866352081299,-0.06908130645751953,0.0,0.0,12.179779052734375,1.745267629623413
7.582644939422607,-1.4992728233337402,2.5968165397644043,-0.39430826902389526,0.7472212910652161,0.0029773712158203125,10.748614311218262,1.7535030841827393,0.8474245071411133,-0.12399714440107346,-0.017235340550541878,-0.04449748992919922,0.0,0.0,12.179779052734375,1.750525712966919
7.592642784118652,-2.9985456466674805,0.0,-0.8309781551361084,0.06717139482498169,0.032836198806762695,118.11652374267578,2.309664011001587,20.74652671813965,-0.09951659291982651,-0.20001181960105896,0.3787393569946289,0.0,0.0,12.179779052734375,2.2768280506134033
7.602640151977539,-2.9985456466674805,0.0,-0.8213101625442505,-0.04818587750196457,6.265338897705078,-64.42719268798828,1.419363260269165,-18.477907180786133,-0.2112450748682022,0.21192970871925354,-0.6444377899169922,0.0,0.0,12.179779052734375,1.4372093677520752
7.612637996673584,-2.9985456466674805,0.0,-0.7971402406692505,-0.011904129758477211,0.005948901176452637,21.475730895996094,1.4490902423858643,4.3812255859375,-0.1089705377817154,0.005575593560934067,0.07234764099121094,0.0,0.0,12.179779052734375,1.443141222000122
7.622635841369629,-2.9985456466674805,0.0,-0.8068082332611084,-0.03609196096658707,-0.0,-0.0,0.9880530834197998,0.7818235754966736,-0.14600461721420288,0.10985419899225235,-0.06229352951049805,0.0,0.0,12.179779052734375,0.9880530834197998
7.632633209228516,-2.9985456466674805,0.0,-0.7729703187942505,-0.02771923504769802,-0.0,-0.0,1.0931169986724854,4.3423171043396,-0.14281152188777924,0.05074518918991089,0.1382904052734375,0.0,0.0,12.179779052734375,1.0931169986724854
7.6426310539245605,-2.9985456466674805,0.0,-0.8309781551361084,-0.018416263163089752,0.0029740333557128906,10.737865447998047,1.213151216506958,-0.5870605707168579,-0.17947600781917572,0.040478095412254333,0.13619565963745117,0.0,0.0,12.179779052734375,1.2101771831512451
7.652627944946289,-2.9985456466674805,0.0,-0.8342008590698242,-0.03516168147325516,-0.0,-0.0,1.1443836688995361,-2.8474910259246826,-0.07226432859897614,0.0492963045835495,-0.1739201545715332,0.0,0.0,12.179779052734375,1.1443836688995361
7.662625789642334,-2.9985456466674805,0.0,-0.7890836000442505,-0.02213745191693306,6.280221462249756,-10.737865447998047,1.1491000652313232,-1.7244064807891846,-0.11327902972698212,0.06436499953269958,-0.09598779678344727,0.0,0.0,12.179779052734375,1.1520636081695557
7.672624111175537,-2.9985456466674805,0.0,-0.7987515926361084,-0.010973849333822727,-0.0,-0.0,1.1280524730682373,-1.820721983909607,-0.1014656126499176,0.04934165999293327,-0.010526180267333984,0.0,0.0,12.179779052734375,1.1280524730682373
7.682621002197266,-2.9985456466674805,0.0,-0.7874722480773926,-0.0026011227164417505,-0.0,-0.0,1.2150423526763916,-1.1198548078536987,-0.18594151735305786,0.05430673435330391,0.07151985168457031,0.0,0.0,12.179779052734375,1.2150423526763916
7.6926188468933105,-2.9985456466674805,0.0,-0.8164762258529663,-0.023067764937877655,-0.0,-0.0,1.0430271625518799,8.251958847045898,-0.14581474661827087,0.05393995717167854,0.17694950103759766,0.0,0.0,12.179779052734375,1.0430271625518799
7.702616214752197,-2.9985456466674805,0.0,-0.7906949520111084,-0.030510177835822105,-0.0,-0.0,1.1972973346710205,10.671204566955566,-0.10291589051485062,0.06609726697206497,-0.19466257095336914,0.0,0.0,12.179779052734375,1.1972973346710205
7.712614059448242,-2.9985456466674805,0.0,-0.8035855889320374,-0.015625353902578354,-0.0,-0.0,1.2451117038726807,8.576786994934082,-0.15919339656829834,0.05283137410879135,0.008145332336425781,0.0,0.0,12.179779052734375,1.2451117038726807
7.722611904144287,-2.9985456466674805,0.0,-0.8003629446029663,-0.000740562507417053,-0.0,-0.0,1.2592155933380127,6.0260725021362305,-0.14726245403289795,0.058379627764225006,-0.06410646438598633,0.0,0.0,12.179779052734375,1.2592155933380127
7.732608795166016,-2.9985456466674805,0.0,-0.8116421699523926,-0.018416227772831917,-0.0,-0.0,1.254154920578003,-0.6638137698173523,-0.14076463878154755,0.058299046009778976,-0.0765533447265625,0.0,0.0,12.179779052734375,1.254154920578003
7.742607116699219,-2.9985456466674805,0.0,-0.7826383113861084,-0.00725266057997942,-0.0,-0.0,1.2011282444000244,-0.22565685212612152,-0.2191181480884552,0.041360385715961456,0.18379831314086914,0.0,0.0,12.179779052734375,1.2011282444000244
7.752604961395264,-2.9985456466674805,0.0,-0.8132535219192505,-0.015625353902578354,-0.0,-0.0,1.2688391208648682,-0.6830021739006042,-0.1333647221326828,0.06270629167556763,-0.13836288452148438,0.0,0.0,12.179779052734375,1.2688391208648682
7.762601852416992,-2.9985456466674805,0.0,-0.8374234437942505,-0.01469503901898861,-0.0,-0.0,1.1890928745269775,-3.0402371883392334,-0.1376427710056305,0.044501129537820816,0.06827449798583984,0.0,0.0,12.179779052734375,1.1890928745269775
7.772600173950195,-2.9985456466674805,0.0,-0.8019742369651794,-0.01469503901898861,-0.0,-0.0,1.1619813442230225,-2.8321077823638916,-0.15537334978580475,0.027356131002306938,0.2345714569091797,0.0,0.0,12.179779052734375,1.1619813442230225
7.782597064971924,-2.9985456466674805,0.0,-0.8084195852279663,-0.010973849333822727,-0.0,-0.0,1.160266637802124,-1.9481403827667236,-0.20263229310512543,0.0486987940967083,0.17475366592407227,0.0,0.0,12.179779052734375,1.160266637802124
7.792594909667969,-2.9985456466674805,0.0,-0.7939175963401794,-0.015625353902578354,-0.0,-0.0,1.1583740711212158,-1.3679043054580688,-0.1547606736421585,0.05830441787838936,0.05188894271850586,0.0,0.0,12.179779052734375,1.1583740711212158
7.802592754364014,-2.9985456466674805,0.0,-0.7890836000442505,-0.037022240459918976,-0.0,-0.0,1.167525053024292,-0.550868034362793,-0.19979511201381683,0.01105407066643238,0.34927797317504883,0.0,0.0,12.179779052734375,1.167525053024292
7.8125901222229,-2.9985456466674805,0.0,-0.8100308775901794,-0.026788955554366112,-0.0,-0.0,1.1670606136322021,-0.3597274124622345,-0.1768639087677002,0.03948327898979187,0.18474912643432617,0.0,0.0,12.179779052734375,1.1670606136322021
7.822587966918945,-2.9985456466674805,0.0,-0.7794156074523926,-0.01469503901898861,-0.0,-0.0,1.1755688190460205,0.13514037430286407,-0.14788536727428436,0.07606249302625656,-0.08011198043823242,0.0,0.0,12.179779052734375,1.1755688190460205
7.83258581161499,-2.9985456466674805,0.0,-0.8035855293273926,0.00670188432559371,-0.0,-0.0,1.224212408065796,1.7196195125579834,-0.14802631735801697,0.06448223441839218,-0.06393623352050781,0.0,0.0,12.179779052734375,1.224212408065796
7.842583179473877,-2.9985456466674805,0.0,-0.7890836000442505,-0.003531437134370208,6.2807698249816895,-10.737865447998047,1.2391302585601807,1.608780860900879,-0.1931905895471573,0.05284363031387329,0.0654759407043457,0.0,0.0,12.179779052734375,1.2415459156036377
7.852581024169922,-2.9985456466674805,0.0,-0.7616910934448242,-0.011904164217412472,-0.0,-0.0,1.2378690242767334,1.028706669807434,-0.17390355467796326,0.0558098666369915,0.02282428741455078,0.0,0.0,12.179779052734375,1.2378690242767334
7.86257791519165,-2.9985456466674805,0.0,-0.7955289483070374,-0.020276857540011406,-0.0,-0.0,1.249459981918335,1.0020641088485718,-0.0965804010629654,0.11662153154611588,-0.5597946643829346,0.0,0.0,12.179779052734375,1.249459981918335
7.872575759887695,-2.9985456466674805,0.0,-0.7681363821029663,-0.008182975463569164,-0.0,-0.0,1.2362968921661377,0.25427499413490295,-0.15791836380958557,0.06388930976390839,-0.05006694793701172,0.0,0.0,12.179779052734375,1.2362968921661377
7.882574081420898,-2.9985456466674805,0.0,-0.7794156074523926,-0.01469503901898861,-0.0,-0.0,1.2419044971466064,0.4057649075984955,-0.16879288852214813,0.06707240641117096,-0.04941272735595703,0.0,0.0,12.179779052734375,1.2419044971466064
7.892570972442627,-2.9985456466674805,0.0,-0.8019742369651794,-0.01469503901898861,0.002415776252746582,10.737865447998047,1.2423794269561768,0.3346380889415741,-0.20635156333446503,0.04187658056616783,0.12884855270385742,0.0,0.0,12.179779052734375,1.2399637699127197
7.902568817138672,-2.9985456466674805,0.0,-0.7681363821029663,-0.008182975463569164,-0.0,-0.0,1.2529208660125732,0.5667263269424438,-0.13363562524318695,0.09081476181745529,-0.27998924255371094,0.0,0.0,12.179779052734375,1.2529208660125732
7.912566184997559,-2.9985456466674805,0.0,-0.8374234437942505,-0.01469503901898861,-0.0,-0.0,1.2492001056671143,0.16770429909229279,-0.14281408488750458,0.08061852306127548,-0.19306278228759766,0.0,0.0,12.179779052734375,1.2492001056671143
7.9225640296936035,-2.9985456466674805,0.0,-0.8342008590698242,-0.01655566692352295,-0.0,-0.0,1.2331984043121338,-0.48872822523117065,-0.1821884661912918,0.07749549299478531,-0.06501150131225586,0.0,0.0,12.179779052734375,1.2331984043121338
7.932561874389648,-2.9985456466674805,0.0,-0.8003629446029663,-0.015625353902578354,-0.0,-0.0,1.2190301418304443,-0.8595727682113647,-0.14654961228370667,0.08095844835042953,-0.1538710594177246,0.0,0.0,12.179779052734375,1.2190301418304443
7.942558765411377,-2.9985456466674805,0.0,-0.8019742369651794,-0.01469503901898861,-0.0,-0.0,1.221968412399292,-0.43214118480682373,-0.1267256736755371,0.033534400165081024,0.09036922454833984,0.0,0.0,12.179779052734375,1.221968412399292
7.95255708694458,-2.9985456466674805,0.0,-0.8019742965698242,-0.01655566692352295,-0.0,-0.0,1.2235968112945557,-0.2811782956123352,-0.2008000910282135,0.07103268057107925,0.0071258544921875,0.0,0.0,12.179779052734375,1.2235968112945557
7.962554931640625,-2.9985456466674805,0.0,-0.7906949520111084,-0.017485948279500008,-0.0,-0.0,1.224696397781372,-0.13290855288505554,-0.21835139393806458,0.03807368874549866,0.1741504669189453,0.0,0.0,12.179779052734375,1.224696397781372
7.9725518226623535,-2.9985456466674805,0.0,-0.7955289483070374,-0.02213745191693306,-0.0,-0.0,1.2459757328033447,0.659294843673706,-0.1927769035100937,0.054430171847343445,0.050065040588378906,0.0,0.0,12.179779052734375,1.2459757328033447
7.982550144195557,-2.9985456466674805,0.0,-0.7890836000442505,-0.025858640670776367,-0.0,-0.0,1.2833983898162842,1.757146954536438,-0.18712033331394196,0.05884356051683426,-0.016764163970947266,0.0,0.0,12.179779052734375,1.2833983898162842
7.992547035217285,-2.9985456466674805,0.0,-0.8003629446029663,-0.017485981807112694,-0.0,-0.0,1.2987072467803955,1.5631691217422485,-0.19587208330631256,0.053330980241298676,0.006807804107666016,0.0,0.0,12.179779052734375,1.2987072467803955
8.002545356750488,-2.9985456466674805,0.0,-0.7955288887023926,-0.01469503901898861,-0.0,-0.0,1.297790765762329,0.9389989972114563,-0.1619771122932434,0.046473193913698196,-0.006113529205322266,0.0,0.0,12.179779052734375,1.297790765762329
8.012542724609375,-2.9985456466674805,0.0,-0.7826383113861084,-0.02213745191693306,-0.0,-0.0,1.2937109470367432,0.4311021566390991,-0.18782176077365875,0.06613510847091675,-0.06158733367919922,0.0,0.0,12.179779052734375,1.2937109470367432
8.022540092468262,-2.9985456466674805,0.0,-0.7955289483070374,-0.02213745191693306,-0.0,-0.0,1.3085801601409912,0.8351719975471497,-0.21970786154270172,0.056556690484285355,0.01059103012084961,0.0,0.0,12.179779052734375,1.3085801601409912
8.032538414001465,-2.9985456466674805,0.0,-0.8003629446029663,-0.019346576184034348,-0.0,-0.0,1.3196876049041748,0.9191054105758667,-0.1766471117734909,0.06664418429136276,-0.10980606079101562,0.0,0.0,12.179779052734375,1.3196876049041748
8.042535781860352,-2.9985456466674805,0.0,-0.7923063039779663,-0.027719268575310707,-0.0,-0.0,1.3062489032745361,0.13405324518680573,-0.15904536843299866,0.06227444112300873,-0.10906600952148438,0.0,0.0,12.179779052734375,1.3062489032745361
8.052533149719238,-2.9985456466674805,0.0,-0.8100308775901794,-0.013764758594334126,-0.0,-0.0,1.274871587753296,-0.931406557559967,-0.21925169229507446,0.0708477571606636,-0.017000198364257812,0.0,0.0,12.179779052734375,1.274871587753296
8.062530517578125,-2.9985456466674805,0.0,-0.8148648738861084,-0.012834444642066956,-0.0,-0.0,1.290684461593628,-0.0009454032988287508,-0.2615993618965149,0.05373099073767662,0.07786035537719727,0.0,0.0,12.179779052734375,1.290684461593628
8.072527885437012,-2.9985456466674805,0.0,-0.7665250301361084,-0.027719268575310707,-0.0,-0.0,1.3480398654937744,1.9658926725387573,-0.2671421468257904,0.06341874599456787,-0.009711265563964844,0.0,0.0,12.179779052734375,1.3480398654937744
8.082526206970215,-2.9985456466674805,0.0,-0.7761930227279663,-0.018416263163089752,-0.0,-0.0,1.3655378818511963,1.804192304611206,-0.23865848779678345,0.06366796046495438,-0.05507326126098633,0.0,0.0,12.179779052734375,1.3655378818511963
8.092523574829102,-2.9985456466674805,0.0,-0.7826383113861084,-0.02213745191693306,-0.0,-0.0,1.3567430973052979,0.8535436391830444,-0.2061537653207779,0.05182560905814171,-0.032085418701171875,0.0,0.0,12.179779052734375,1.3567430973052979
8.102520942687988,-2.9985456466674805,0.0,-0.8003629446029663,-0.019346576184034348,-0.0,-0.0,1.3528568744659424,0.40170469880104065,-0.23432557284832,0.05505209416151047,-0.01273345947265625,0.0,0.0,12.179779052734375,1.3528568744659424
8.112519264221191,-2.9985456466674805,0.0,-0.7890836000442505,-0.018416227772831917,-0.0,-0.0,1.30619215965271,-1.3884910345077515,-0.17343124747276306,0.060902196913957596,-0.07387590408325195,0.0,0.0,12.179779052734375,1.30619215965271
8.122516632080078,-2.9985456466674805,0.0,-0.8148648738861084,-0.009113254956901073,-0.0,-0.0,1.2513601779937744,-2.794050931930542,-0.1779048591852188,0.04827633872628212,0.053750038146972656,0.0,0.0,12.179779052734375,1.2513601779937744
8.132513999938965,-2.9985456466674805,0.0,-0.7955289483070374,-0.020276857540011406,-0.0,-0.0,1.2557523250579834,-1.637515664100647,-0.1650412678718567,0.06375696510076523,-0.05437803268432617,0.0,0.0,12.179779052734375,1.2557523250579834
8.142512321472168,-2.9985456466674805,0.0,-0.7939175963401794,-0.010043535381555557,-0.0,-0.0,1.2462732791900635,-1.4234580993652344,-0.17975738644599915,0.06640832871198654,-0.029958248138427734,0.0,0.0,12.179779052734375,1.2462732791900635
8.152508735656738,-2.9985456466674805,0.0,-0.7842496633529663,-0.019346576184034348,-0.0,-0.0,1.2554504871368408,-0.5345452427864075,-0.24944262206554413,0.050295669585466385,0.11669111251831055,0.0,0.0,12.179779052734375,1.2554504871368408
8.162507057189941,-2.9985456466674805,0.0,-0.7923063039779663,-0.01655566692352295,-0.0,-0.0,1.29280686378479,0.9397522807121277,-0.17807579040527344,0.06457120180130005,-0.06984949111938477,0.0,0.0,12.179779052734375,1.29280686378479
8.172505378723145,-2.9985456466674805,0.0,-0.8068082332611084,-0.008182941004633904,-0.0,-0.0,1.3210394382476807,1.5808173418045044,-0.22281619906425476,0.04668533429503441,0.04393148422241211,0.0,0.0,12.179779052734375,1.3210394382476807
8.182501792907715,-2.9985456466674805,0.0,-0.7890836000442505,-0.018416227772831917,-0.0,-0.0,1.3539173603057861,2.2342710494995117,-0.24807357788085938,0.05688651278614998,-0.007824897766113281,0.0,0.0,12.179779052734375,1.3539173603057861
8.192500114440918,-2.9985456466674805,0.0,-0.8035855293273926,-0.010043535381555557,-0.0,-0.0,1.3622801303863525,1.7370808124542236,-0.23682226240634918,0.056101713329553604,-0.023609161376953125,0.0,0.0,12.179779052734375,1.3622801303863525
8.202498435974121,-2.9985456466674805,0.0,-0.8084195852279663,-0.022137485444545746,-0.0,-0.0,1.3346178531646729,0.09353198111057281,-0.23124393820762634,0.04814128577709198,0.031087398529052734,0.0,0.0,12.179779052734375,1.3346178531646729
8.212494850158691,-2.9985456466674805,0.0,-0.7794156074523926,-0.005392031744122505,-0.0,-0.0,1.281158685684204,-1.792037010192871,-0.19721554219722748,0.045175887644290924,0.06412506103515625,0.0,0.0,12.179779052734375,1.281158685684204
8.222493171691895,-2.9985456466674805,0.0,-0.7810269594192505,-0.024928361177444458,-0.0,-0.0,1.2667262554168701,-1.6075173616409302,-0.23041626811027527,0.09207457304000854,-0.0769500732421875,0.0,0.0,12.179779052734375,1.2667262554168701
8.232490539550781,-2.9985456466674805,0.0,-0.7971402406692505,-0.026788955554366112,-0.0,-0.0,1.253699541091919,-1.5231266021728516,-0.26923713088035583,0.11633522063493729,-0.09165668487548828,0.0,0.0,12.179779052734375,1.253699541091919
8.242487907409668,-2.9985456466674805,0.0,-0.7810269594192505,-0.02306773141026497,-0.0,-0.0,1.2375428676605225,-1.5010920763015747,-0.1127811074256897,0.07706469297409058,-0.2678050994873047,0.0,0.0,12.179779052734375,1.2375428676605225
8.252486228942871,-2.9985456466674805,0.0,-0.7955289483070374,-0.031440459191799164,-0.0,-0.0,1.2350437641143799,-1.1041531562805176,-0.24785056710243225,0.07018966972827911,0.05966663360595703,0.0,0.0,12.179779052734375,1.2350437641143799
8.262482643127441,-2.9985456466674805,0.0,-0.7858609557151794,-0.010973849333822727,-0.0,-0.0,1.2308824062347412,-0.8424786329269409,-0.15841269493103027,0.056890763342380524,-0.005173683166503906,0.0,0.0,12.179779052734375,1.2308824062347412
8.272480964660645,-2.9985456466674805,0.0,-0.7761930227279663,-0.038882870227098465,-0.0,-0.0,1.2228710651397705,-0.816417396068573,-0.2668764293193817,0.08168801665306091,0.05083179473876953,0.0,0.0,12.179779052734375,1.2228710651397705
8.282479286193848,-2.9985456466674805,0.0,-0.7761930227279663,-0.025858674198389053,0.001363515853881836,10.737865447998047,1.2204973697662354,-0.6073631644248962,-0.24694596230983734,0.08117010444402695,0.03266191482543945,0.0,0.0,12.179779052734375,1.2191336154937744
8.292475700378418,-1.4992728233337402,-2.5968165397644043,-0.4829312860965729,-0.7589356303215027,0.009546279907226562,75.1650619506836,3.0850021839141846,65.19351959228516,0.14520201086997986,0.0996456891298294,2.260011911392212,0.0,0.0,12.179779052734375,3.075455904006958
8.302474021911621,-1.4992728233337402,-2.5968165397644043,-0.38302892446517944,-0.7589356303215027,6.279058456420898,-32.24584197998047,0.48731422424316406,16.47336769104004,-0.04295028746128082,0.11256367713212967,-0.11780261993408203,0.0,0.0,12.179779052734375,0.4914412498474121
8.312471389770508,-1.4992728233337402,-2.5968165397644043,-0.4458707273006439,-0.7635870575904846,0.0025326013565063477,10.824461936950684,-0.7847905158996582,0.0,0.041316255927085876,0.04723171889781952,0.0,0.0,0.0,12.179779052734375,-0.7873232364654541
8.322468757629395,-1.4992728233337402,-2.5968165397644043,-0.4217008054256439,-0.7682386040687561,-0.0,-0.0,0.1464383602142334,2.0917868614196777,-0.035498764365911484,0.11847346276044846,0.14599108695983887,0.0,0.0,12.179779052734375,0.1464383602142334
8.332466125488281,-1.4992728233337402,-2.5968165397644043,-0.4265348017215729,-0.7524235248565674,0.0019985437393188477,11.291131019592285,-0.13326692581176758,-0.00723342364653945,0.018074847757816315,0.10326264053583145,-0.04018568992614746,0.0,0.0,12.179779052734375,-0.13526558876037598
8.342464447021484,-1.4992728233337402,-2.5968165397644043,-0.42492347955703735,-0.7589356303215027,-0.0,-0.0,-0.01091766357421875,1.9857498407363892,0.02924298495054245,0.1310371458530426,-0.2088618278503418,0.0,0.0,12.179779052734375,-0.01091766357421875
8.352461814880371,-1.4992728233337402,-2.5968165397644043,-0.43136876821517944,-0.7496326565742493,-0.0,-0.0,-0.7452669143676758,0.4404114782810211,0.011278041638433933,0.09331919997930527,0.6277682781219482,0.0,0.0,12.179779052734375,-0.7452669143676758
8.362460136413574,-1.4992728233337402,-2.5968165397644043,-0.4265348017215729,-0.7580053210258484,-0.0,-0.0,-0.13074183464050293,0.1001930981874466,0.03793903440237045,0.10949021577835083,-0.20363545417785645,0.0,0.0,12.179779052734375,-0.13074183464050293
8.372456550598145,-1.4992728233337402,-2.5968165397644043,-0.40719881653785706,-0.7803325057029724,-0.0,-0.0,-0.3860759735107422,0.10491105914115906,0.006285244133323431,0.10185030102729797,0.32584118843078613,0.0,0.0,12.179779052734375,-0.3860759735107422
8.382454872131348,-1.4992728233337402,-2.5968165397644043,-0.44103676080703735,-0.7682386636734009,-0.0,-0.0,-0.21411871910095215,0.0,-0.013860690407454967,0.0767800509929657,0.0,0.0,0.0,12.179779052734375,-0.21411871910095215
8.392452239990234,-1.4992728233337402,-2.5968165397644043,-0.42331209778785706,-0.7524235248565674,6.282397747039795,-10.226539611816406,-0.1471703052520752,0.09370942413806915,0.013061408884823322,0.09630230814218521,0.012446880340576172,0.0,0.0,12.179779052734375,-0.14638280868530273
8.402449607849121,-1.4992728233337402,-2.5968165397644043,-0.4345914423465729,-0.7626568078994751,-0.0,-0.0,1.4931318759918213,-0.122925765812397,-0.15661759674549103,0.019333241507411003,-0.04538726806640625,0.0,0.0,12.179779052734375,1.4931318759918213
8.412447929382324,-1.4992728233337402,-2.5968165397644043,-0.40881016850471497,-0.7700992226600647,-0.0,-0.0,0.40836167335510254,-0.5862733125686646,0.010289549827575684,0.08119139820337296,-0.5368626117706299,0.0,0.0,12.179779052734375,0.40836167335510254
8.422445297241211,-1.4992728233337402,-2.5968165397644043,-0.3975308835506439,-0.7561447024345398,-0.0,-0.0,0.17610812187194824,0.02885172702372074,-0.02805793099105358,0.0804128348827362,0.16028738021850586,0.0,0.0,12.179779052734375,0.17610812187194824
8.432442665100098,-1.4992728233337402,-2.5968165397644043,-0.3943082094192505,-0.7691689133644104,0.0019009113311767578,10.737865447998047,0.5313913822174072,-0.2859332263469696,0.008995904587209225,0.08310814946889877,-0.6419954299926758,0.0,0.0,12.179779052734375,0.5294904708862305
8.4424409866333,-1.4992728233337402,-2.5968165397644043,-0.44103673100471497,-0.7626568078994751,-0.0,-0.0,0.014873504638671875,1.212896466255188,-0.022377844899892807,0.10812990367412567,0.1903996467590332,0.0,0.0,12.179779052734375,0.014873504638671875
8.452439308166504,-1.4992728233337402,-2.5968165397644043,-0.436202734708786,-0.7728900909423828,6.282349586486816,-10.716432571411133,0.5363757610321045,0.0,-0.031004054471850395,0.07027895003557205,0.0,0.0,0.0,12.179779052734375,0.5372118949890137
8.462435722351074,-1.4992728233337402,-2.5968165397644043,-0.40881019830703735,-0.7682386636734009,-0.0,-0.0,0.17050528526306152,0.0,0.01400311291217804,0.07511662691831589,0.0,0.0,0.0,12.179779052734375,0.17050528526306152
8.472433090209961,-1.4992728233337402,-2.5968165397644043,-0.43781405687332153,-0.7626567482948303,-0.0,-0.0,-0.02332925796508789,0.9877970218658447,-0.009803706780076027,0.10346127301454544,0.11862993240356445,0.0,0.0,12.179779052734375,-0.02332925796508789
8.482431411743164,-1.4992728233337402,-2.5968165397644043,-0.39914223551750183,-0.7645173668861389,6.28233528137207,-10.759384155273438,0.03407406806945801,0.0,-0.0036011324264109135,0.10564477741718292,0.0,0.0,0.0,12.179779052734375,0.03492403030395508
8.49242877960205,-1.4992728233337402,-2.5968165397644043,-0.38302895426750183,-0.7607961893081665,-0.0,-0.0,0.22922205924987793,0.0,-0.02796514332294464,0.07298445701599121,0.0,0.0,0.0,12.179779052734375,0.22922205924987793
8.502426147460938,-1.4992728233337402,-2.5968165397644043,-0.4120328724384308,-0.7626568078994751,-0.0,-0.0,0.05517268180847168,0.28071165084838867,-0.03182683512568474,0.08350683748722076,0.3103518486022949,0.0,0.0,12.179779052734375,0.05517268180847168
8.512423515319824,-1.4992728233337402,-2.5968165397644043,-0.3862515985965729,-0.7961476445198059,-0.0,-0.0,0.3025236129760742,-0.2550232708454132,0.0023874666076153517,0.0946829542517662,-0.329195499420166,0.0,0.0,12.179779052734375,0.3025236129760742
8.522420883178711,-1.4992728233337402,-2.5968165397644043,-0.40558749437332153,-0.7626567482948303,6.28243350982666,-9.761695861816406,-0.10354161262512207,0.1302272528409958,0.03335946425795555,0.09885155409574509,-0.22281622886657715,0.0,0.0,12.179779052734375,-0.10278940200805664
8.532419204711914,-1.4992728233337402,-2.5968165397644043,-0.41686683893203735,-0.754284143447876,-0.0,-0.0,0.23172569274902344,0.05368499830365181,-0.03899926319718361,0.09365252405405045,0.16356182098388672,0.0,0.0,12.179779052734375,0.23172569274902344
8.5424165725708,-1.4992728233337402,-2.5968165397644043,-0.4136441946029663,-0.7524235248565674,-0.0,-0.0,0.18014287948608398,0.0,0.009703656658530235,0.07504066079854965,0.0,0.0,0.0,12.179779052734375,0.18014287948608398
8.552414894104004,-1.4992728233337402,-2.5968165397644043,-0.4104214906692505,-0.7561447024345398,-0.0,-0.0,-0.2631533145904541,0.0,0.03062610514461994,0.11368229240179062,0.0,0.0,0.0,12.179779052734375,-0.2631533145904541
8.56241226196289,-1.4992728233337402,-2.5968165397644043,-0.4297574758529663,-0.7617264986038208,6.281797885894775,-10.759384155273438,0.26614832878112793,0.062147896736860275,-0.06704684346914291,0.07285632938146591,0.47977614402770996,0.0,0.0,12.179779052734375,0.2675356864929199
8.572409629821777,-1.4992728233337402,-2.5968165397644043,-0.4136441648006439,-0.7561447024345398,-0.0,-0.0,0.20012187957763672,0.08203598856925964,-0.03070630505681038,0.1157740131020546,0.059411048889160156,0.0,0.0,12.179779052734375,0.20012187957763672
8.582406997680664,-1.4992728233337402,-2.5968165397644043,-0.4055875241756439,-0.7496325373649597,0.0009245872497558594,10.748614311218262,0.09843921661376953,0.0,-0.014615342020988464,0.05016443133354187,0.0,0.0,0.0,12.179779052734375,0.09751462936401367
8.592405319213867,-1.4992728233337402,-2.5968165397644043,-0.42170077562332153,-0.7626567482948303,-0.0,-0.0,-0.276686429977417,0.7832455039024353,-0.013122453354299068,0.09443597495555878,0.4167625904083252,0.0,0.0,12.179779052734375,-0.276686429977417
8.602401733398438,-1.4992728233337402,-2.5968165397644043,-0.4345914125442505,-0.7552143931388855,6.2823967933654785,-10.236287117004395,-0.008115291595458984,0.2658762037754059,-0.05214889720082283,0.1286158263683319,0.3950629234313965,0.0,0.0,12.179779052734375,-0.007326602935791016
8.61240005493164,-1.4992728233337402,-2.5968165397644043,-0.4039762020111084,-0.7747507095336914,-0.0,-0.0,0.6079461574554443,0.5257965326309204,-0.10729589313268661,0.019478773698210716,0.7867293357849121,0.0,0.0,12.179779052734375,0.6079461574554443
8.622398376464844,-1.4992728233337402,-2.5968165397644043,-0.42170077562332153,-0.7626567482948303,-0.0,-0.0,0.09412431716918945,1.1775016784667969,-0.025441929697990417,0.09360270202159882,0.17238521575927734,0.0,0.0,12.179779052734375,0.09412431716918945
8.63239574432373,-1.4992728233337402,-2.5968165397644043,-0.4039762318134308,-0.748702347278595,6.282900810241699,-10.149211883544922,0.2521655559539795,-0.20400050282478333,-0.018220355734229088,0.08568482846021652,-0.04288983345031738,0.0,0.0,12.179779052734375,0.25245046615600586
8.642393112182617,-1.4992728233337402,-2.5968165397644043,-0.4217008054256439,-0.7589355707168579,-0.0,-0.0,-0.034272193908691406,0.3218139111995697,-0.0632062777876854,0.09801347553730011,0.6096923351287842,0.0,0.0,12.179779052734375,-0.034272193908691406
8.65239143371582,-1.4992728233337402,-2.5968165397644043,-0.39108559489250183,-0.7561447024345398,-0.0,-0.0,0.26035094261169434,-0.07234367728233337,-0.005852467380464077,0.08730300515890121,-0.19425153732299805,0.0,0.0,12.179779052734375,0.26035094261169434
8.66238784790039,-1.4992728233337402,-2.5968165397644043,-0.41686680912971497,-0.7524235248565674,-0.0,-0.0,0.20423269271850586,0.020437229424715042,-0.014263538643717766,0.10265080630779266,-0.0664358139038086,0.0,0.0,12.179779052734375,0.20423269271850586
8.672386169433594,-1.4992728233337402,-2.5968165397644043,-0.4184781312942505,-0.7645173668861389,-0.0,-0.0,-0.09264111518859863,0.07966915518045425,-0.02529357187449932,0.076547771692276,0.4135313034057617,0.0,0.0,12.179779052734375,-0.09264111518859863
8.682382583618164,-1.4992728233337402,-2.5968165397644043,-0.41525548696517944,-0.7626567482948303,-0.0,-0.0,-0.025534629821777344,0.0,0.007980036549270153,0.06795401871204376,0.0,0.0,0.0,12.179779052734375,-0.025534629821777344
8.692380905151367,-1.4992728233337402,-2.5968165397644043,-0.4668179750442505,-0.7607961893081665,-0.0,-0.0,0.027472257614135742,0.1107836365699768,-0.04514402151107788,0.1296747475862503,0.3088667392730713,0.0,0.0,12.179779052734375,0.027472257614135742
8.702378273010254,-1.4992728233337402,-2.5968165397644043,-0.41525548696517944,-0.7589356303215027,-0.0,-0.0,0.4122040271759033,0.0,-0.009140479378402233,0.07769475877285004,0.0,0.0,0.0,12.179779052734375,0.4122040271759033
8.712376594543457,-1.4992728233337402,-2.5968165397644043,-0.4265348017215729,-0.7524235248565674,-0.0,-0.0,0.45194387435913086,-0.4693061411380768,-0.030170969665050507,0.11578676104545593,-0.19802331924438477,0.0,0.0,12.179779052734375,0.45194387435913086
8.722373962402344,-1.4992728233337402,-2.5968165397644043,-0.40719881653785706,-0.7617264986038208,-0.0,-0.0,0.2960343360900879,0.10627585649490356,-0.047736018896102905,0.06891980022192001,0.311065673828125,0.0,0.0,12.179779052734375,0.2960343360900879
8.732372283935547,-1.4992728233337402,-2.5968165397644043,-0.3862515985965729,-0.7403296232223511,-0.0,-0.0,0.22662949562072754,0.5597119927406311,-0.01080652978271246,0.09770001471042633,-0.11676979064941406,0.0,0.0,12.179779052734375,0.22662949562072754
8.742368698120117,-1.4992728233337402,-2.5968165397644043,-0.40719884634017944,-0.7728901505470276,6.282890796661377,-10.168434143066406,0.6045119762420654,0.0,-0.02748865634202957,0.0689273402094841,0.0,0.0,0.0,12.179779052734375,0.6048064231872559
8.752366065979004,-1.4992728233337402,-2.5968165397644043,-0.4458707571029663,-0.7617264986038208,-0.0,-0.0,0.2375950813293457,0.009535016492009163,-0.026189668104052544,0.08765362948179245,0.05297231674194336,0.0,0.0,12.179779052734375,0.2375950813293457
8.762364387512207,-1.4992728233337402,-2.5968165397644043,-0.4184781610965729,-0.7682386636734009,-0.0,-0.0,-0.3352391719818115,2.2216556072235107,0.0038870731368660927,0.08480958640575409,0.2913975715637207,0.0,0.0,12.179779052734375,-0.3352391719818115
8.772361755371094,-1.4992728233337402,-2.5968165397644043,-0.4120328426361084,-0.7514932155609131,6.2823486328125,-10.72713851928711,0.5107979774475098,0.0,-0.021146295592188835,0.07551229000091553,0.0,0.0,0.0,12.179779052734375,0.5116348266601562
8.782360076904297,-1.4992728233337402,-2.5968165397644043,-0.4184781610965729,-0.7533538341522217,-0.0,-0.0,-0.03866147994995117,0.0,-0.02892758883535862,0.07417382299900055,0.0,0.0,0.0,12.179779052734375,-0.03866147994995117
8.792357444763184,-1.4992728233337402,-2.5968165397644043,-0.428146094083786,-0.7496325373649597,-0.0,-0.0,0.8038747310638428,-2.152082920074463,-0.05692266300320625,0.10185787826776505,-0.29622316360473633,0.0,0.0,12.179779052734375,0.8038747310638428
8.80235481262207,-1.4992728233337402,-2.5968165397644043,-0.43298012018203735,-0.754284143447876,-0.0,-0.0,0.48365306854248047,0.06441760063171387,-0.05707748979330063,0.07890217006206512,0.14322328567504883,0.0,0.0,12.179779052734375,0.48365306854248047
8.812352180480957,-1.4992728233337402,-2.5968165397644043,-0.4281461238861084,-0.7570750117301941,-0.0,-0.0,0.5294358730316162,-0.06307344883680344,-0.03709261491894722,0.0839342400431633,-0.1138145923614502,0.0,0.0,12.179779052734375,0.5294358730316162
8.822349548339844,-1.4992728233337402,-2.5968165397644043,-0.4184781610965729,-0.7403296232223511,-0.0,-0.0,0.015250205993652344,-0.02745092660188675,-0.013589788228273392,0.08063217252492905,0.15234923362731934,0.0,0.0,12.179779052734375,0.015250205993652344
8.832347869873047,-1.4992728233337402,-2.5968165397644043,-0.41364413499832153,-0.7580052614212036,-0.0,-0.0,0.4424617290496826,-0.40807750821113586,-0.002711282577365637,0.09162826836109161,-0.4147512912750244,0.0,0.0,12.179779052734375,0.4424617290496826
8.842345237731934,-1.4992728233337402,-2.5968165397644043,-0.4217008054256439,-0.7700992226600647,-0.0,-0.0,0.373013973236084,0.03377137333154678,-0.06214636564254761,0.07330640405416489,0.3315773010253906,0.0,0.0,12.179779052734375,0.373013973236084
8.85234260559082,-1.4992728233337402,-2.5968165397644043,-0.3894742727279663,-0.7663780450820923,-0.0,-0.0,0.5173933506011963,-0.03382376581430435,-0.008115568198263645,0.09354401379823685,-0.4326744079589844,0.0,0.0,12.179779052734375,0.5173933506011963
8.862339973449707,-1.4992728233337402,-2.5968165397644043,-0.3862515687942505,-0.7794021964073181,-0.0,-0.0,0.3851032257080078,0.15063057839870453,-0.08971317857503891,0.07000210881233215,0.5253350734710693,0.0,0.0,12.179779052734375,0.3851032257080078
8.87233829498291,-1.4992728233337402,-2.5968165397644043,-0.4281461238861084,-0.7421901822090149,-0.0,-0.0,0.14777803421020508,-0.02134115621447563,-0.003489141818135977,0.11736900359392166,-0.11856198310852051,0.0,0.0,12.179779052734375,0.14777803421020508
8.882335662841797,-1.4992728233337402,-2.5968165397644043,-0.43136876821517944,-0.7589356303215027,6.2716217041015625,-10.72713851928711,0.14984774589538574,0.41286981105804443,-0.01996360719203949,0.09492781013250351,0.05781412124633789,0.0,0.0,12.179779052734375,0.16141176223754883
8.892333030700684,-1.4992728233337402,-2.5968165397644043,-0.42492344975471497,-0.7347478270530701,-0.0,-0.0,0.09101128578186035,0.0,-0.03168265148997307,0.07004956156015396,0.0,0.0,0.0,12.179779052734375,0.09101128578186035
8.902331352233887,-1.4992728233337402,-2.5968165397644043,-0.4055875539779663,-0.7756810188293457,-0.0,-0.0,0.18593311309814453,0.09753061085939407,-0.02354423701763153,0.08125269412994385,0.09654450416564941,0.0,0.0,12.179779052734375,0.18593311309814453
8.912328720092773,-1.4992728233337402,-2.5968165397644043,-0.39753085374832153,-0.7766112685203552,6.271417617797852,-10.835384368896484,0.29435062408447266,0.057031869888305664,-0.030333608388900757,0.11657516658306122,-0.03993725776672363,0.0,0.0,12.179779052734375,0.3061184883117676
8.92232608795166,-1.4992728233337402,-2.5968165397644043,-0.4136441648006439,-0.7561447024345398,0.009685635566711426,9.833210945129395,0.07385921478271484,-0.016844401136040688,-0.0007325514452531934,0.0948161706328392,-0.06641674041748047,0.0,0.0,12.179779052734375,0.06417346000671387
8.932324409484863,-1.4992728233337402,-2.5968165397644043,-0.40881016850471497,-0.7514932155609131,-0.0,-0.0,0.050237178802490234,0.0,-0.013709631748497486,0.0586434081196785,0.0,0.0,0.0,12.179779052734375,0.050237178802490234
8.942320823669434,-1.4992728233337402,-2.5968165397644043,-0.41686680912971497,-0.7338175177574158,-0.0,-0.0,0.611473798751831,0.0,-0.06485220789909363,0.09249867498874664,0.0,0.0,0.0,12.179779052734375,0.611473798751831
8.952319145202637,-1.4992728233337402,-2.5968165397644043,-0.4136441648006439,-0.7561447024345398,-0.0,-0.0,0.5266332626342773,-0.2263074815273285,-0.023759985342621803,0.10396197438240051,-0.30329132080078125,0.0,0.0,12.179779052734375,0.5266332626342773
8.962316513061523,-1.4992728233337402,-2.5968165397644043,-0.4265347719192505,-0.7561447024345398,-0.0,-0.0,-0.1723036766052246,0.7777050137519836,-0.016971783712506294,0.08640192449092865,0.3680613040924072,0.0,0.0,12.179779052734375,-0.1723036766052246
8.97231388092041,-1.4992728233337402,-2.5968165397644043,-0.3781949579715729,-0.7580053210258484,-0.0,-0.0,0.26916980743408203,0.15970635414123535,-0.052385564893484116,0.09300224483013153,0.24488353729248047,0.0,0.0,12.179779052734375,0.26916980743408203
8.982312202453613,-1.4992728233337402,-2.5968165397644043,-0.41686680912971497,-0.7524235248565674,-0.0,-0.0,0.256655216217041,0.0,-0.020505761727690697,0.07813406735658646,0.0,0.0,0.0,12.179779052734375,0.256655216217041
8.992308616638184,1.4992728233337402,-2.5968165397644043,0.33240073919296265,-0.7794022560119629,0.12589073181152344,128.85438537597656,-0.8070623874664307,-37.14264678955078,0.2697368860244751,0.17557136714458466,-0.19994449615478516,0.0,0.0,12.179779052734375,-0.9329531192779541
9.002306938171387,1.4992728233337402,-2.5968165397644043,0.4016878604888916,-0.7375386953353882,6.281991481781006,-42.65289306640625,-1.6894128322601318,0.05566192790865898,0.08759088814258575,0.006631023716181517,0.19501090049743652,0.0,0.0,12.179779052734375,-1.688218355178833
9.01230525970459,1.4992728233337402,-2.5968165397644043,0.37107259035110474,-0.7440507411956787,0.019907832145690918,21.475730895996094,-1.381989598274231,4.530576229095459,0.19392742216587067,0.029000043869018555,-0.039019107818603516,0.0,0.0,12.179779052734375,-1.4018974304199219
9.02230167388916,1.4992728233337402,-2.5968165397644043,0.3678499460220337,-0.7514932155609131,6.273242473602295,-10.737865447998047,-1.5109968185424805,-0.009326065890491009,0.14429858326911926,-0.003063435200601816,-0.08136963844299316,0.0,0.0,12.179779052734375,-1.501054048538208
9.032299995422363,1.4992728233337402,-2.5968165397644043,0.36301594972610474,-0.739399254322052,0.009953916072845459,10.737865447998047,-1.4554808139801025,0.7223714590072632,0.16150112450122833,0.021641595289111137,0.018210649490356445,0.0,0.0,12.179779052734375,-1.4654347896575928
9.042298316955566,1.4992728233337402,-2.5968165397644043,0.4016878306865692,-0.7635870575904846,-0.0,-0.0,-1.3487451076507568,-0.3035106360912323,0.1503072828054428,0.015224644914269447,-0.12171578407287598,0.0,0.0,12.179779052734375,-1.3487451076507568
9.052294731140137,1.4992728233337402,-2.5968165397644043,0.37268394231796265,-0.7356781363487244,-0.0,-0.0,-1.4966355562210083,0.872870147228241,0.20060528814792633,0.049182869493961334,0.16725969314575195,0.0,0.0,12.179779052734375,-1.4966355562210083
9.062294006347656,1.4992728233337402,-2.5968165397644043,0.37429526448249817,-0.7570750117301941,0.00033420324325561523,11.930962562561035,-1.3734612464904785,-0.12800109386444092,0.1397417038679123,0.0215371772646904,-0.044646263122558594,0.0,0.0,12.179779052734375,-1.373795509338379
9.072290420532227,1.4992728233337402,-2.5968165397644043,0.3694612681865692,-0.744981050491333,6.273242473602295,-10.737865447998047,-1.5664399862289429,3.0697498321533203,0.12949985265731812,0.0011729719117283821,0.0057485103607177734,0.0,0.0,12.179779052734375,-1.5564968585968018
9.082287788391113,1.4992728233337402,-2.5968165397644043,0.38879722356796265,-0.7319568395614624,-0.0,-0.0,-1.4624295234680176,-0.15753842890262604,0.1481608897447586,0.011334996670484543,-0.032198190689086914,0.0,0.0,12.179779052734375,-1.4624295234680176
9.092286109924316,1.4992728233337402,-2.5968165397644043,0.3710726499557495,-0.7384690046310425,-0.0,-0.0,-1.4739264249801636,0.8892262578010559,0.15564145147800446,0.028425611555576324,0.08442378044128418,0.0,0.0,12.179779052734375,-1.4739264249801636
9.102282524108887,1.4992728233337402,-2.5968165397644043,0.37268391251564026,-0.7431204915046692,-0.0,-0.0,-1.5495713949203491,0.960091769695282,0.1691211313009262,0.002312377793714404,-0.0072634220123291016,0.0,0.0,12.179779052734375,-1.5495713949203491
9.11228084564209,1.4992728233337402,-2.5968165397644043,0.48547691106796265,-0.804520308971405,-0.0,-0.0,-1.5056617259979248,-0.004114421550184488,0.16812466084957123,0.0231646616011858,0.07208609580993652,0.0,0.0,12.179779052734375,-1.5056617259979248
9.122279167175293,1.4992728233337402,-2.5968165397644043,0.36623862385749817,-0.7431204915046692,6.273231506347656,-10.737865447998047,-1.3035582304000854,0.0,0.09801552444696426,0.0268353670835495,0.0,0.0,0.0,12.179779052734375,-1.2936041355133057
9.132275581359863,1.4992728233337402,-2.5968165397644043,0.3759065866470337,-0.7412598729133606,-0.0,-0.0,-1.3941420316696167,-1.9814460277557373,0.19283027946949005,0.02784072980284691,-0.03406882286071777,0.0,0.0,12.179779052734375,-1.3941420316696167
9.142273902893066,1.4992728233337402,-2.5968165397644043,0.36462730169296265,-0.7310266494750977,-0.0,-0.0,-1.5506342649459839,0.06498133391141891,0.12700794637203217,0.021158594638109207,0.14554500579833984,0.0,0.0,12.179779052734375,-1.5506342649459839
9.152271270751953,1.4992728233337402,-2.5968165397644043,0.35818198323249817,-0.7347478270530701,-0.0,-0.0,-1.5178910493850708,-0.19168461859226227,0.147171750664711,0.017385205253958702,0.06488585472106934,0.0,0.0,12.179779052734375,-1.5178910493850708
9.16226863861084,1.4992728233337402,-2.5968165397644043,0.38074058294296265,-0.7310266494750977,-0.0,-0.0,-1.5611525774002075,-1.737767219543457,0.15272697806358337,-0.019954269751906395,-0.14072895050048828,0.0,0.0,12.179779052734375,-1.5611525774002075
9.172266960144043,1.4992728233337402,-2.5968165397644043,0.36462730169296265,-0.7273053526878357,6.273231506347656,-10.737865447998047,-1.6706645488739014,-5.028485298156738,0.16265706717967987,-0.014446338638663292,0.009649991989135742,0.0,0.0,12.179779052734375,-1.6607105731964111
9.18226432800293,1.4992728233337402,-2.5968165397644043,0.37268391251564026,-0.7245144844055176,-0.0,-0.0,-1.7695003747940063,-6.611332893371582,0.19409038126468658,-0.053717710077762604,-0.07381606101989746,0.0,0.0,12.179779052734375,-1.7695003747940063
9.192261695861816,1.4992728233337402,-2.5968165397644043,0.3678499758243561,-0.7161418199539185,-0.0,-0.0,-1.834574580192566,-6.509289264678955,0.1787298172712326,-0.029806071892380714,0.09676790237426758,0.0,0.0,12.179779052734375,-1.834574580192566
9.202259063720703,1.4992728233337402,-2.5968165397644043,0.3710726499557495,-0.7198629975318909,-0.0,-0.0,-1.8588751554489136,-4.9849534034729,0.18475301563739777,-0.03902702033519745,0.0785672664642334,0.0,0.0,12.179779052734375,-1.8588751554489136
9.212257385253906,1.4992728233337402,-2.5968165397644043,0.36462730169296265,-0.7217236161231995,-0.0,-0.0,-1.8639317750930786,-3.485210418701172,0.21894033253192902,-0.045724064111709595,0.08645200729370117,0.0,0.0,12.179779052734375,-1.8639317750930786
9.222254753112793,1.4992728233337402,-2.5968165397644043,0.36623865365982056,-0.722653865814209,-0.0,-0.0,-1.8510996103286743,-1.865594506263733,0.19856947660446167,-0.055207978934049606,0.008537530899047852,0.0,0.0,12.179779052734375,-1.8510996103286743
9.23225212097168,1.4992728233337402,-2.5968165397644043,0.36623865365982056,-0.722653865814209,-0.0,-0.0,-1.8463349342346191,-1.0953590869903564,0.19635333120822906,-0.03987155109643936,0.07515168190002441,0.0,0.0,12.179779052734375,-1.8463349342346191
9.242250442504883,1.4992728233337402,-2.5968165397644043,0.36623865365982056,-0.722653865814209,-0.0,-0.0,-1.833343744277954,-0.23523901402950287,0.20623253285884857,-0.06356588006019592,-0.036669015884399414,0.0,0.0,12.179779052734375,-1.833343744277954
9.25224781036377,1.4992728233337402,-2.5968165397644043,0.4000765383243561,-0.7310266494750977,6.2643513679504395,-21.475730895996094,-1.8298797607421875,-0.05184844508767128,0.1919671595096588,-0.04629175364971161,0.022533893585205078,0.0,0.0,12.179779052734375,-1.8110449314117432
9.262245178222656,1.4992728233337402,-2.5968165397644043,0.37268394231796265,-0.7300962209701538,-0.0,-0.0,-1.8298808336257935,-0.03422524780035019,0.19247175753116608,-0.043301187455654144,0.037941694259643555,0.0,0.0,12.179779052734375,-1.8298808336257935
9.272242546081543,1.4992728233337402,-2.5968165397644043,0.3775179386138916,-0.7254447937011719,-0.0,-0.0,-1.852147102355957,-0.7918461561203003,0.20929917693138123,-0.07384993880987167,-0.05836319923400879,0.0,0.0,12.179779052734375,-1.852147102355957
9.28223991394043,1.4992728233337402,-2.5968165397644043,0.3662385940551758,-0.7189326882362366,-0.0,-0.0,-1.8646217584609985,-0.9423761963844299,0.20458219945430756,-0.058565858751535416,0.014759063720703125,0.0,0.0,12.179779052734375,-1.8646217584609985
9.292238235473633,1.4992728233337402,-2.5968165397644043,0.3614046573638916,-0.7254447937011719,0.009426534175872803,10.748614311218262,-1.867405891418457,-0.7708176374435425,0.21915680170059204,-0.054925285279750824,0.05100297927856445,0.0,0.0,12.179779052734375,-1.8768324851989746
9.30223560333252,1.4992728233337402,-2.5968165397644043,0.3694612979888916,-0.7300962805747986,0.009437382221221924,10.748614311218262,-1.5852097272872925,-4.306687355041504,0.20043346285820007,-0.022941598668694496,-0.1014101505279541,0.0,0.0,12.179779052734375,-1.5946471691131592
9.312232971191406,1.4992728233337402,-2.5968165397644043,0.3549593687057495,-0.7291659712791443,-0.0,-0.0,-1.7890477180480957,-9.669221878051758,0.2092408835887909,-0.04653472080826759,-0.003823995590209961,0.0,0.0,12.179779052734375,-1.7890477180480957
9.32223129272461,1.4992728233337402,-2.5968165397644043,0.37268397212028503,-0.7189326882362366,-0.0,-0.0,-1.8683160543441772,-9.043106079101562,0.16428184509277344,-0.06703585386276245,-0.09331488609313965,0.0,0.0,12.179779052734375,-1.8683160543441772
9.332228660583496,1.4992728233337402,-2.5968165397644043,0.36462730169296265,-0.7161417007446289,-0.0,-0.0,-1.9107335805892944,-7.328805446624756,0.16230647265911102,-0.051403630524873734,0.030910491943359375,0.0,0.0,12.179779052734375,-1.9107335805892944
9.342226028442383,1.4992728233337402,-2.5968165397644043,0.37429526448249817,-0.7161418199539185,-0.0,-0.0,-1.9097838401794434,-4.792741298675537,0.18400201201438904,-0.05688675120472908,0.037705183029174805,0.0,0.0,12.179779052734375,-1.9097838401794434
9.352224349975586,1.4992728233337402,-2.5968165397644043,0.39846518635749817,-0.7300962805747986,-0.0,-0.0,-1.8937461376190186,-2.5083587169647217,0.2041703760623932,-0.0637294352054596,0.019640207290649414,0.0,0.0,12.179779052734375,-1.8937461376190186
9.362220764160156,1.4992728233337402,-2.5968165397644043,0.3759066164493561,-0.7170721292495728,-0.0,-0.0,-1.8476454019546509,-0.16077689826488495,0.19138310849666595,-0.0751226618885994,-0.09765887260437012,0.0,0.0,12.179779052734375,-1.8476454019546509
9.37221908569336,1.4992728233337402,-2.5968165397644043,0.3920198678970337,-0.7245144844055176,-0.0,-0.0,-1.8558365106582642,-0.4252015948295593,0.17499417066574097,-0.03541024029254913,0.0856015682220459,0.0,0.0,12.179779052734375,-1.8558365106582642
9.382217407226562,1.4992728233337402,-2.5968165397644043,0.3630159795284271,-0.7189326882362366,-0.0,-0.0,-1.8498499393463135,-0.12554052472114563,0.1627301722764969,-0.06514649838209152,-0.10221052169799805,0.0,0.0,12.179779052734375,-1.8498499393463135
9.392213821411133,1.4992728233337402,-2.5968165397644043,0.3775179386138916,-0.7254447937011719,-0.0,-0.0,-1.8553221225738525,-0.2927577793598175,0.2023688703775406,-0.06055218726396561,-0.0063364505767822266,0.0,0.0,12.179779052734375,-1.8553221225738525
9.402212142944336,1.4992728233337402,-2.5968165397644043,0.38718587160110474,-0.7347477674484253,-0.0,-0.0,-1.8504061698913574,-0.024914881214499474,0.21178053319454193,-0.04973845183849335,0.04912924766540527,0.0,0.0,12.179779052734375,-1.8504061698913574
9.412208557128906,1.4992728233337402,-2.5968165397644043,0.36623862385749817,-0.711490273475647,-0.0,-0.0,-1.8550008535385132,-0.1896597295999527,0.2058175504207611,-0.054384466260671616,0.025917768478393555,0.0,0.0,12.179779052734375,-1.8550008535385132
9.42220687866211,1.4992728233337402,-2.5968165397644043,0.3614046573638916,-0.7235841751098633,-0.0,-0.0,-1.8724782466888428,-0.6039950251579285,0.23884762823581696,-0.07368537038564682,0.0022499561309814453,0.0,0.0,12.179779052734375,-1.8724782466888428
9.432205200195312,1.4992728233337402,-2.5968165397644043,0.3775179386138916,-0.7254447937011719,-0.0,-0.0,-1.8595166206359863,0.0860641747713089,0.26028937101364136,-0.02960648201406002,0.17622828483581543,0.0,0.0,12.179779052734375,-1.8595166206359863
9.442201614379883,1.4992728233337402,-2.5968165397644043,0.37268394231796265,-0.7207932472229004,0.008869528770446777,10.737865447998047,-1.8525310754776,0.27069002389907837,0.17018863558769226,-0.042728640139102936,0.03599357604980469,0.0,0.0,12.179779052734375,-1.8614006042480469
9.452199935913086,1.4992728233337402,-2.5968165397644043,0.3291780948638916,-0.7384690046310425,6.27430534362793,-10.737865447998047,-2.030632495880127,13.157225608825684,0.17303118109703064,-0.08981133252382278,-0.014608144760131836,0.0,0.0,12.179779052734375,-2.021751642227173
9.462198257446289,1.4992728233337402,-2.5968165397644043,0.3340120315551758,-0.7375386953353882,-0.0,-0.0,-1.8110707998275757,16.027374267578125,0.19133709371089935,-0.07848737388849258,-0.14425873756408691,0.0,0.0,12.179779052734375,-1.8110707998275757
9.47219467163086,1.4992728233337402,-2.5968165397644043,0.33240073919296265,-0.7440507411956787,-0.0,-0.0,-1.7406306266784668,12.700922012329102,0.07461518794298172,-0.0381876565515995,-0.30022644996643066,0.0,0.0,12.179779052734375,-1.7406306266784668
9.482192993164062,1.4992728233337402,-2.5968165397644043,0.38074058294296265,-0.7217236161231995,-0.0,-0.0,-1.7208571434020996,8.864184379577637,0.1211606115102768,-0.08934803307056427,-0.4844212532043457,0.0,0.0,12.179779052734375,-1.7208571434020996
9.49219036102295,1.4992728233337402,-2.5968165397644043,0.35818201303482056,-0.7180023789405823,-0.0,-0.0,-1.8245208263397217,-0.6192266941070557,0.20307910442352295,-0.046449214220047,0.028781652450561523,0.0,0.0,12.179779052734375,-1.8245208263397217
9.502187728881836,1.4992728233337402,-2.5968165397644043,0.36623862385749817,-0.7152114510536194,-0.0,-0.0,-1.8345673084259033,-0.7782677412033081,0.21537376940250397,-0.045874547213315964,0.053873300552368164,0.0,0.0,12.179779052734375,-1.8345673084259033
9.512186050415039,1.4992728233337402,-2.5968165397644043,0.3678499460220337,-0.7273053526878357,-0.0,-0.0,-1.8255248069763184,-0.19940204918384552,0.23975852131843567,-0.040199071168899536,0.08891415596008301,0.0,0.0,12.179779052734375,-1.8255248069763184
9.522183418273926,1.4992728233337402,-2.5968165397644043,0.36462727189064026,-0.7198629975318909,-0.0,-0.0,-1.8197836875915527,0.09926527738571167,0.15017728507518768,-0.04134524613618851,-0.01971602439880371,0.0,0.0,12.179779052734375,-1.8197836875915527
9.532180786132812,1.4992728233337402,-2.5968165397644043,0.3678499460220337,-0.7180023789405823,-0.0,-0.0,-1.8179914951324463,0.15298059582710266,0.1362513154745102,-0.04264010861515999,-0.05628561973571777,0.0,0.0,12.179779052734375,-1.8179914951324463
9.542179107666016,1.4992728233337402,-2.5968165397644043,0.34045737981796265,-0.7300962209701538,-0.0,-0.0,-1.8271739482879639,-0.0709284320473671,0.23315800726413727,-0.030905824154615402,0.1250922679901123,0.0,0.0,12.179779052734375,-1.8271739482879639
9.552175521850586,1.4992728233337402,-2.5968165397644043,0.35657066106796265,-0.7207932472229004,-0.0,-0.0,-1.8379077911376953,-0.38851234316825867,0.213847354054451,-0.04289236292243004,0.06932377815246582,0.0,0.0,12.179779052734375,-1.8379077911376953
9.562173843383789,1.4992728233337402,-2.5968165397644043,0.3775179386138916,-0.7161418199539185,-0.0,-0.0,-1.8353359699249268,-0.2022053450345993,0.1735706478357315,-0.023004639893770218,0.13326001167297363,0.0,0.0,12.179779052734375,-1.8353359699249268
9.572171211242676,1.4992728233337402,-2.5968165397644043,0.3678499460220337,-0.7198629975318909,-0.0,-0.0,-1.8339630365371704,-0.024510422721505165,0.21584750711917877,-0.03542123734951019,0.10092759132385254,0.0,0.0,12.179779052734375,-1.8339630365371704
9.582168579101562,1.4992728233337402,-2.5968165397644043,0.35818201303482056,-0.7180023789405823,-0.0,-0.0,-1.8410955667495728,-0.30728915333747864,0.2248242050409317,-0.04678523913025856,0.06530117988586426,0.0,0.0,12.179779052734375,-1.8410955667495728
9.592166900634766,1.4992728233337402,-2.5968165397644043,0.3372347056865692,-0.7319568395614624,-0.0,-0.0,-1.8404518365859985,-0.1589028239250183,0.24294544756412506,-0.030146585777401924,0.1467597484588623,0.0,0.0,12.179779052734375,-1.8404518365859985
9.602164268493652,1.4992728233337402,-2.5968165397644043,0.33078938722610474,-0.7356781363487244,-0.0,-0.0,-1.8437074422836304,-0.17096003890037537,0.27933087944984436,-0.024376772344112396,0.18658661842346191,0.0,0.0,12.179779052734375,-1.8437074422836304
9.612161636352539,1.4992728233337402,-2.5968165397644043,0.36462727189064026,-0.7198629975318909,-0.0,-0.0,-1.8416545391082764,-0.09976448118686676,0.1961764395236969,-0.0258873850107193,0.14020967483520508,0.0,0.0,12.179779052734375,-1.8416545391082764
9.622159004211426,1.4992728233337402,-2.5968165397644043,0.3597933053970337,-0.7152114510536194,-0.0,-0.0,-1.8328323364257812,0.22802364826202393,0.17727325856685638,-0.06240992620587349,-0.07671308517456055,0.0,0.0,12.179779052734375,-1.8328323364257812
9.632157325744629,1.4992728233337402,-2.5968165397644043,0.3372347354888916,-0.7245144844055176,0.016703486442565918,21.497228622436523,-1.845197319984436,-0.3216527998447418,0.2587566375732422,-0.07295145839452744,-0.0005066394805908203,0.0,0.0,12.179779052734375,-1.861900806427002
9.642154693603516,1.4992728233337402,-2.5968165397644043,0.3678499758243561,-0.7217236161231995,0.008343398571014404,10.737865447998047,-1.85349440574646,-0.5019426941871643,0.18294304609298706,-0.022883281111717224,0.15875697135925293,0.0,0.0,12.179779052734375,-1.8618378639221191
9.652152061462402,1.4992728233337402,-2.5968165397644043,0.3775179386138916,-0.7012569904327393,-0.0,-0.0,-1.8501198291778564,-0.21114788949489594,0.21878689527511597,-0.050663143396377563,0.051917076110839844,0.0,0.0,12.179779052734375,-1.8501198291778564
9.662150382995605,1.4992728233337402,-2.5968165397644043,0.3920198678970337,-0.7319568395614624,-0.0,-0.0,-1.8555294275283813,-0.2912304997444153,0.17000627517700195,-0.01644861325621605,0.18897366523742676,0.0,0.0,12.179779052734375,-1.8555294275283813
9.672147750854492,1.4992728233337402,-2.5968165397644043,0.3452913463115692,-0.7124205231666565,-0.0,-0.0,-1.4338194131851196,-1.1964670419692993,0.16932280361652374,-0.03538255766034126,-0.3448188304901123,0.0,0.0,12.179779052734375,-1.4338194131851196
9.682145118713379,1.4992728233337402,-2.5968165397644043,0.3855745792388916,-0.7207933068275452,-0.0,-0.0,-1.7201817035675049,-10.509140014648438,0.23727235198020935,-0.060045745223760605,-0.10240888595581055,0.0,0.0,12.179779052734375,-1.7201817035675049
