time_s,v_alpha_v,v_beta_v,i_alpha_a,i_beta_a,encoder_angle_rad,encoder_speed_rad_s,pll_angle_rad,pll_speed_rad_s,emf_alpha_v,emf_beta_v,phase_error_rad,locked,active,bus_voltage_v,angle_error_rad
16.66893768310547,0.8626844882965088,0.195630744099617,-0.16802442073822021,0.021632332354784012,0.18254423141479492,-0.0,-1.4661641120910645,0.0029750748071819544,1.3336968421936035,0.12696199119091034,-0.00976252555847168,0.0,0.0,12.268424034118652,-1.6487083435058594
16.669437408447266,0.8636582493782043,0.1939440816640854,-0.17769239842891693,0.012329325079917908,0.18254423141479492,-0.0,-1.4660961627960205,0.0057889907620847225,1.2760108709335327,0.11316641420125961,-0.01631021499633789,0.0,0.0,12.268424034118652,-1.6486403942108154
16.669937133789062,0.8626844882965088,0.195630744099617,-0.17124707996845245,0.027214132249355316,0.18254423141479492,-0.0,-1.4663347005844116,-0.004345381166785955,1.2573765516281128,0.1285780668258667,-0.002568960189819336,0.0,0.0,12.268424034118652,-1.6488789319992065
16.67043685913086,0.865605354309082,0.197316974401474,-0.16963575780391693,0.007677821442484856,0.18254423141479492,-0.0,-1.4667870998382568,-0.023276325315237045,1.302469253540039,0.13478794693946838,-0.0009014606475830078,0.0,0.0,12.268424034118652,-1.6493313312530518
16.670936584472656,0.8646318316459656,0.1990031898021698,-0.16802442073822021,0.021632332354784012,0.18254423141479492,-0.0,-1.4665553569793701,-0.01299209427088499,1.322973370552063,0.1662382334470749,0.02084183692932129,0.0,0.0,12.268424034118652,-1.649099588394165
16.671436309814453,0.865605354309082,0.197316974401474,-0.16802442073822021,0.006747515872120857,0.18254423141479492,-0.0,-1.4664334058761597,-0.007718141656368971,1.2893961668014526,0.13332709670066833,-0.0013344287872314453,0.0,0.0,12.268424034118652,-1.6489776372909546
16.67193603515625,0.865605354309082,0.197316974401474,-0.1664130985736847,0.015120225958526134,0.18254423141479492,-0.0,-1.466402292251587,-0.00629004742950201,1.2791216373443604,0.1428987979888916,0.006887674331665039,0.0,0.0,12.268424034118652,-1.6489465236663818
16.672435760498047,0.865605354309082,0.197316974401474,-0.15352247655391693,0.007677821442484856,0.18254423141479492,-0.0,-1.4660547971725464,0.008426009677350521,1.2999897003173828,0.1464369297027588,0.007464408874511719,0.0,0.0,12.268424034118652,-1.6485990285873413
16.672935485839844,0.8626844882965088,0.195630744099617,-0.17124707996845245,0.019771728664636612,0.18254423141479492,-0.0,-1.4659918546676636,0.010888193733990192,1.2769423723220825,0.13835886120796204,0.0031430721282958984,0.0,0.0,12.268424034118652,-1.6485360860824585
16.67343521118164,0.865605354309082,0.197316974401474,-0.16963575780391693,0.030005041509866714,0.18254423141479492,-0.0,-1.4658769369125366,0.015541632659733295,1.2803151607513428,0.16369768977165222,0.02234673500061035,0.0,0.0,12.268424034118652,-1.6484211683273315
16.67393684387207,0.8636580109596252,0.20068985223770142,-0.17124707996845245,0.0011657149298116565,0.18254423141479492,-0.0,-1.4656354188919067,0.025517648085951805,1.2404131889343262,0.19188477098941803,0.048528432846069336,0.0,0.0,12.268424034118652,-1.6481796503067017
16.674436569213867,0.8626844882965088,0.195630744099617,-0.17608106136322021,0.026283835992217064,0.18254423141479492,-0.0,-1.4651380777359009,0.045777857303619385,1.292868971824646,0.1535559594631195,0.012627363204956055,0.0,0.0,12.268424034118652,-1.6476823091506958
16.67493438720703,0.8636582493782043,0.1939440816640854,-0.17769239842891693,0.03837775066494942,0.18254423141479492,-0.0,-1.465090036392212,0.046786755323410034,1.2647840976715088,0.12469229102134705,-0.007451534271240234,0.0,0.0,12.268424034118652,-1.6476342678070068
16.675434112548828,0.8626844882965088,0.195630744099617,-0.1744697391986847,0.032795943319797516,0.18254423141479492,-0.0,-1.464970350265503,0.05095623433589935,1.2857439517974854,0.15583105385303497,0.014864206314086914,0.0,0.0,12.268424034118652,-1.6475145816802979
16.675935745239258,0.8626844882965088,0.195630744099617,-0.17124707996845245,0.019771728664636612,0.18254423141479492,-0.0,-1.4647622108459473,0.05860009789466858,1.2545815706253052,0.1335911601781845,6.842613220214844e-05,0.0,0.0,12.268424034118652,-1.6473064422607422
16.676435470581055,0.865605354309082,0.197316974401474,-0.15996778011322021,0.00953841581940651,0.18254423141479492,-0.0,-1.4645509719848633,0.06624151021242142,1.2762727737426758,0.1538257896900177,0.01378321647644043,0.0,0.0,12.268424034118652,-1.6470952033996582
16.67693519592285,0.8626844882965088,0.195630744099617,-0.17124707996845245,0.019771728664636612,0.18254423141479492,-0.0,-1.4643007516860962,0.07521548867225647,1.2647494077682495,0.12443161755800247,-0.008436918258666992,0.0,0.0,12.268424034118652,-1.6468449831008911
16.67743492126465,0.865605354309082,0.197316974401474,-0.17124707996845245,0.029074735939502716,0.18254423141479492,-0.0,-1.4643887281417847,0.07001355290412903,1.2806990146636963,0.1639525592327118,0.021029233932495117,0.0,0.0,12.268424034118652,-1.6469329595565796
16.677934646606445,0.8646318316459656,0.1990031898021698,-0.15996778011322021,0.013259622268378735,0.18254423141479492,-0.0,-1.464298129081726,0.07239050418138504,1.2534345388412476,0.15601447224617004,0.01743149757385254,0.0,0.0,12.268424034118652,-1.646842360496521
16.678434371948242,0.865605354309082,0.197316974401474,-0.17124707996845245,0.01605052314698696,0.18254423141479492,-0.0,-1.4638782739639282,0.08848872780799866,1.2857407331466675,0.1550087183713913,0.013147115707397461,0.0,0.0,12.268424034118652,-1.6464225053787231
16.67893409729004,0.8646318316459656,0.1990031898021698,-0.17124707996845245,0.021632332354784012,0.18254423141479492,-0.0,-1.4633419513702393,0.10917336493730545,1.2629345655441284,0.16428111493587494,0.022026777267456055,0.0,0.0,12.268424034118652,-1.6458861827850342
16.679433822631836,0.8626844882965088,0.195630744099617,-0.17769239842891693,0.032795943319797516,0.18254423141479492,-0.0,-1.4631171226501465,0.11631929129362106,1.287237524986267,0.14337347447872162,0.003297090530395508,0.0,0.0,12.268424034118652,-1.6456613540649414
16.679933547973633,0.8626844882965088,0.195630744099617,-0.18736036121845245,0.029074735939502716,0.18254423141479492,-0.0,-1.4629837274551392,0.11949168890714645,1.2541481256484985,0.13876891136169434,0.002437114715576172,0.0,0.0,12.268424034118652,-1.645527958869934
16.68043327331543,0.8646318316459656,0.1990031898021698,-0.16963575780391693,0.015120225958526134,0.18254423141479492,-0.0,-1.4629852771759033,0.11700791865587234,1.2767242193222046,0.1652984917163849,0.02107071876525879,0.0,0.0,12.268424034118652,-1.6455295085906982
16.68093490600586,0.8636582493782043,0.1939440816640854,-0.17124707996845245,0.019771728664636612,0.18254423141479492,-0.0,-1.4626706838607788,0.1276540607213974,1.2904571294784546,0.09763624519109726,-0.03270363807678223,0.0,0.0,12.268424034118652,-1.6452149152755737
16.681434631347656,0.8626844882965088,0.195630744099617,-0.17769239842891693,0.032795943319797516,0.18254423141479492,-0.0,-1.4629653692245483,0.11266256123781204,1.2894099950790405,0.1458246111869812,0.004842519760131836,0.0,0.0,12.268424034118652,-1.6455096006393433
16.681934356689453,0.8636582493782043,0.1939440816640854,-0.15996778011322021,0.028144439682364464,0.18254423141479492,-0.0,-1.4629325866699219,0.11180270463228226,1.2484253644943237,0.13605931401252747,0.0007328987121582031,0.0,0.0,12.268424034118652,-1.6454768180847168
16.68243408203125,0.8626844882965088,0.195630744099617,-0.17769239842891693,0.032795943319797516,0.18254423141479492,-0.0,-1.4627676010131836,0.11642494052648544,1.2942185401916504,0.14979015290737152,0.007265806198120117,0.0,0.0,12.268424034118652,-1.6453118324279785
16.682933807373047,0.8636582493782043,0.1939440816640854,-0.17124707996845245,0.023492936044931412,0.18254423141479492,-0.0,-1.4627398252487183,0.11519678682088852,1.2605482339859009,0.12690147757530212,-0.0077168941497802734,0.0,0.0,12.268424034118652,-1.6452840566635132
16.683433532714844,0.865605354309082,0.197316974401474,-0.16802442073822021,0.021632332354784012,0.18254423141479492,-0.0,-1.4625344276428223,0.1215219497680664,1.2937277555465698,0.15946917235851288,0.01448369026184082,0.0,0.0,12.268424034118652,-1.6450786590576172
16.68393325805664,0.8626844882965088,0.195630744099617,-0.16802442073822021,0.029074735939502716,0.18254423141479492,-0.0,-1.4623161554336548,0.12817873060703278,1.2569659948349,0.1491907238960266,0.009741783142089844,0.0,0.0,12.268424034118652,-1.6448603868484497
16.684432983398438,0.8626844882965088,0.195630744099617,-0.17285840213298798,0.03186563774943352,0.18254423141479492,-0.0,-1.4623764753341675,0.12294799089431763,1.2918587923049927,0.13569723069667816,-0.003737926483154297,0.0,0.0,12.268424034118652,-1.6449207067489624
16.684932708740234,0.8636582493782043,0.1939440816640854,-0.17124707996845245,0.019771728664636612,0.18254423141479492,-0.0,-1.4624664783477783,0.11660811305046082,1.258538842201233,0.12053041160106659,-0.012865781784057617,0.0,0.0,12.268424034118652,-1.6450107097625732
16.68543243408203,0.8626844882965088,0.195630744099617,-0.17124707996845245,0.021632332354784012,0.18254423141479492,-0.0,-1.462922215461731,0.0950503721833229,1.2805267572402954,0.14034852385520935,0.001329660415649414,0.0,0.0,12.268424034118652,-1.6454664468765259
16.685932159423828,0.865605354309082,0.197316974401474,-0.17124707996845245,0.019771728664636612,0.18254423141479492,-0.0,-1.4626432657241821,0.1048387661576271,1.2497708797454834,0.1548764705657959,0.015240907669067383,0.0,0.0,12.268424034118652,-1.645187497138977
16.686433792114258,0.8626844882965088,0.195630744099617,-0.17124707996845245,0.023492936044931412,0.18254423141479492,-0.0,-1.4625589847564697,0.10615219920873642,1.2946058511734009,0.13595500588417053,-0.0035839080810546875,0.0,0.0,12.268424034118652,-1.6451032161712646
16.686933517456055,0.8636582493782043,0.1939440816640854,-0.1744697391986847,0.021632332354784012,0.18254423141479492,-0.0,-1.4625036716461182,0.10624202340841293,1.306574821472168,0.10776320099830627,-0.026075124740600586,0.0,0.0,12.268424034118652,-1.645047903060913
16.68743324279785,0.8626844882965088,0.195630744099617,-0.16480176150798798,0.025353530421853065,0.18254423141479492,-0.0,-1.4625002145767212,0.10423187166452408,1.2985585927963257,0.1566392183303833,0.011833429336547852,0.0,0.0,12.268424034118652,-1.6450444459915161
16.687931060791016,0.8626844882965088,0.195630744099617,-0.17124707996845245,0.023492936044931412,0.18254423141479492,-0.0,-1.4622619152069092,0.11207760870456696,1.2487326860427856,0.13115043938159943,-0.003870248794555664,0.0,0.0,12.268424034118652,-1.644806146621704
16.688432693481445,0.865605354309082,0.197316974401474,-0.16319043934345245,0.024423232302069664,0.18254423141479492,-0.0,-1.4621931314468384,0.11262992024421692,1.2764194011688232,0.15661491453647614,0.013579607009887695,0.0,0.0,12.268424034118652,-1.6447373628616333
16.688932418823242,0.8646318316459656,0.1922578662633896,-0.18736036121845245,0.029074735939502716,0.18254423141479492,-0.0,-1.462030053138733,0.11705435812473297,1.3026283979415894,0.10728418827056885,-0.02666449546813965,0.0,0.0,12.268424034118652,-1.6445742845535278
16.68943214416504,0.8626844882965088,0.195630744099617,-0.17124707996845245,0.029074735939502716,0.18254423141479492,-0.0,-1.4624085426330566,0.09881448745727539,1.2941486835479736,0.1443493515253067,0.002737283706665039,0.0,0.0,12.268424034118652,-1.6449527740478516
16.689931869506836,0.8636582493782043,0.1939440816640854,-0.17124707996845245,0.023492936044931412,0.18254423141479492,-0.0,-1.4626636505126953,0.08605395257472992,1.2888761758804321,0.1053709089756012,-0.026642560958862305,0.0,0.0,12.268424034118652,-1.6452078819274902
16.690431594848633,0.865605354309082,0.197316974401474,-0.17769239842891693,0.032795943319797516,0.18254423141479492,-0.0,-1.4629634618759155,0.07179424911737442,1.2766544818878174,0.17070703208446503,0.0252225399017334,0.0,0.0,12.268424034118652,-1.6455076932907104
16.69093132019043,0.8626844882965088,0.195630744099617,-0.17124707996845245,0.019771728664636612,0.18254423141479492,-0.0,-1.462801218032837,0.07715686410665512,1.265250325202942,0.14274191856384277,0.0043909549713134766,0.0,0.0,12.268424034118652,-1.6453454494476318
16.691431045532227,0.8626844882965088,0.195630744099617,-0.17124707996845245,0.023492936044931412,0.18254423141479492,-0.0,-1.4628645181655884,0.07280950993299484,1.2950952053070068,0.13645268976688385,-0.002946138381958008,0.0,0.0,12.268424034118652,-1.6454087495803833
16.691930770874023,0.8646318316459656,0.1990031898021698,-0.16963575780391693,0.02256263792514801,0.18254423141479492,-0.0,-1.4622563123703003,0.09700535237789154,1.254063367843628,0.20000068843364716,0.049851179122924805,0.0,0.0,12.268424034118652,-1.6448005437850952
16.69243049621582,0.8636582493782043,0.1939440816640854,-0.16963575780391693,0.02256263792514801,0.18254423141479492,-0.0,-1.4619604349136353,0.10734580457210541,1.2950676679611206,0.12756399810314178,-0.01066136360168457,0.0,0.0,12.268424034118652,-1.6445046663284302
16.692930221557617,0.865605354309082,0.197316974401474,-0.16802442073822021,0.01791112683713436,0.18254423141479492,-0.0,-1.4616060256958008,0.12010320276021957,1.2699885368347168,0.15978936851024628,0.016078710556030273,0.0,0.0,12.268424034118652,-1.6441502571105957
16.693431854248047,0.8626844882965088,0.195630744099617,-0.16802442073822021,0.019771728664636612,0.18254423141479492,-0.0,-1.4614874124526978,0.12258302420377731,1.2791368961334229,0.14738285541534424,0.005469560623168945,0.0,0.0,12.268424034118652,-1.6440316438674927
16.693931579589844,0.8636582493782043,0.1939440816640854,-0.17124707996845245,0.019771728664636612,0.18254423141479492,-0.0,-1.461482286453247,0.12020929157733917,1.2879337072372437,0.12339786440134048,-0.013812780380249023,0.0,0.0,12.268424034118652,-1.644026517868042
16.69443130493164,0.8626844882965088,0.195630744099617,-0.1664130985736847,0.02070203423500061,0.18254423141479492,-0.0,-1.4614635705947876,0.1185222789645195,1.2865972518920898,0.1476690173149109,0.005002498626708984,0.0,0.0,12.268424034118652,-1.6440078020095825
16.694931030273438,0.8626844882965088,0.195630744099617,-0.17285840213298798,0.020702026784420013,0.18254423141479492,-0.0,-1.4609999656677246,0.13548816740512848,1.259559988975525,0.13837970793247223,-0.00032782554626464844,0.0,0.0,12.268424034118652,-1.6435441970825195
16.695430755615234,0.865605354309082,0.197316974401474,-0.16963575780391693,0.02070203423500061,0.18254423141479492,-0.0,-1.4612730741500854,0.12116388231515884,1.2925465106964111,0.14577138423919678,0.0028328895568847656,0.0,0.0,12.268424034118652,-1.6438173055648804
16.69593048095703,0.8626844882965088,0.195630744099617,-0.17124707996845245,0.021632332354784012,0.18254423141479492,-0.0,-1.4610540866851807,0.12781572341918945,1.29655921459198,0.1448829174041748,0.0015895366668701172,0.0,0.0,12.268424034118652,-1.6435983180999756
16.696430206298828,0.8626844882965088,0.195630744099617,-0.16319043934345245,0.024423232302069664,0.18254423141479492,-0.0,-1.4612380266189575,0.11743088066577911,1.2907212972640991,0.14534349739551544,0.002625703811645508,0.0,0.0,12.268424034118652,-1.6437822580337524
16.696929931640625,0.8636582493782043,0.1939440816640854,-0.15996778011322021,0.013259622268378735,0.18254423141479492,-0.0,-1.4613494873046875,0.11029474437236786,1.3001582622528076,0.12024561315774918,-0.01725935935974121,0.0,0.0,12.268424034118652,-1.6438937187194824
16.697429656982422,0.8636582493782043,0.1939440816640854,-0.16802442073822021,0.027214132249355316,0.18254423141479492,-0.0,-1.4613369703292847,0.10847692936658859,1.292966365814209,0.1190037876367569,-0.017716646194458008,0.0,0.0,12.268424034118652,-1.6438812017440796
16.69792938232422,0.8626844882965088,0.195630744099617,-0.17124707996845245,0.019771728664636612,0.18254423141479492,-0.0,-1.4612114429473877,0.11153633147478104,1.2639338970184326,0.1390525847673416,2.7418136596679688e-05,0.0,0.0,12.268424034118652,-1.6437556743621826
16.698429107666016,0.8636580109596252,0.197316974401474,-0.17769239842891693,0.032795943319797516,0.18254423141479492,-0.0,-1.461010456085205,0.11768928170204163,1.2845796346664429,0.1581074595451355,0.012772083282470703,0.0,0.0,12.268424034118652,-1.6435546875
16.698930740356445,0.8636582493782043,0.1939440816640854,-0.17124707996845245,0.023492936044931412,0.18254423141479492,-0.0,-1.4612327814102173,0.10594090074300766,1.2920289039611816,0.1167047768831253,-0.019527673721313477,0.0,0.0,12.268424034118652,-1.6437770128250122
16.699430465698242,0.8626844882965088,0.195630744099617,-0.17124707996845245,0.023492936044931412,0.18254423141479492,-0.0,-1.4611529111862183,0.10713427513837814,1.2912383079528809,0.1483101099729538,0.004770040512084961,0.0,0.0,12.268424034118652,-1.6436971426010132
16.699928283691406,0.865605354309082,0.197316974401474,-0.16963575780391693,0.02256263792514801,0.18254423141479492,-0.0,-1.4607778787612915,0.1206742525100708,1.2775870561599731,0.1631835699081421,0.017133474349975586,0.0,0.0,12.268424034118652,-1.6433221101760864
16.700428009033203,0.8636582493782043,0.1939440816640854,-0.16319043934345245,0.03186563774943352,0.18254423141479492,-0.0,-1.4605683088302612,0.12696196138858795,1.2994993925094604,0.14313267171382904,-0.00048542022705078125,0.0,0.0,12.268424034118652,-1.6431125402450562
16.700929641723633,0.8636582493782043,0.1939440816640854,-0.16963575780391693,0.02256263792514801,0.18254423141479492,-0.0,-1.4612042903900146,0.09760536998510361,1.3183790445327759,0.10770048201084137,-0.028166532516479492,0.0,0.0,12.268424034118652,-1.6437485218048096
16.70142936706543,0.8646318316459656,0.1990031898021698,-0.16963575780391693,0.028144439682364464,0.18254423141479492,-0.0,-1.4610785245895386,0.10092534869909286,1.265034794807434,0.17196442186832428,0.02553105354309082,0.0,0.0,12.268424034118652,-1.6436227560043335
16.701929092407227,0.8626844882965088,0.195630744099617,-0.17124707996845245,0.023492936044931412,0.18254423141479492,-0.0,-1.461148738861084,0.09580142796039581,1.2662502527236938,0.13647973537445068,-0.002257108688354492,0.0,0.0,12.268424034118652,-1.643692970275879
16.702428817749023,0.865605354309082,0.197316974401474,-0.16319043934345245,0.01139901950955391,0.18254423141479492,-0.0,-1.4611732959747314,0.09275786578655243,1.2935786247253418,0.14713937044143677,0.003682374954223633,0.0,0.0,12.268424034118652,-1.6437175273895264
16.70292854309082,0.8626844882965088,0.195630744099617,-0.16802442073822021,0.032795943319797516,0.18254423141479492,-0.0,-1.460802435874939,0.10632087290287018,1.3088595867156982,0.1395612359046936,-0.003747224807739258,0.0,0.0,12.268424034118652,-1.6433466672897339
16.703428268432617,0.865605354309082,0.197316974401474,-0.16319043934345245,0.024423232302069664,0.18254423141479492,-0.0,-1.4604958295822144,0.11700871586799622,1.2691268920898438,0.15690621733665466,0.012801170349121094,0.0,0.0,12.268424034118652,-1.6430400609970093
16.703927993774414,0.8626844882965088,0.195630744099617,-0.15996778011322021,0.013259622268378735,0.18254423141479492,-0.0,-1.460155963897705,0.12877216935157776,1.2998034954071045,0.13394932448863983,-0.007939577102661133,0.0,0.0,12.268424034118652,-1.6427001953125
16.70442771911621,0.8636582493782043,0.1939440816640854,-0.17285840213298798,0.030005034059286118,0.18254423141479492,-0.0,-1.4603201150894165,0.11913621425628662,1.2930985689163208,0.1193273738026619,-0.018494367599487305,0.0,0.0,12.268424034118652,-1.6428643465042114
16.704927444458008,0.8636582493782043,0.1939440816640854,-0.16963575780391693,0.01884143240749836,0.18254423141479492,-0.0,-1.4603712558746338,0.11453156918287277,1.2904011011123657,0.12447241693735123,-0.014283895492553711,0.0,0.0,12.268424034118652,-1.6429154872894287
16.705427169799805,0.8646318316459656,0.1990031898021698,-0.16480176150798798,0.012329316698014736,0.18254423141479492,-0.0,-1.4603360891342163,0.113646000623703,1.285163402557373,0.15957137942314148,0.013164758682250977,0.0,0.0,12.268424034118652,-1.6428803205490112
16.705928802490234,0.8626844882965088,0.195630744099617,-0.15996778011322021,0.013259622268378735,0.18254423141479492,-0.0,-1.4600156545639038,0.12454846501350403,1.2920117378234863,0.11748310923576355,-0.020142316818237305,0.0,0.0,12.268424034118652,-1.6425598859786987
16.70642852783203,0.8626844882965088,0.195630744099617,-0.16802442073822021,0.021632332354784012,0.18254423141479492,-0.0,-1.4600286483764648,0.12143079936504364,1.292142391204834,0.14731277525424957,0.002801179885864258,0.0,0.0,12.268424034118652,-1.6425728797912598
16.706928253173828,0.8626844882965088,0.195630744099617,-0.18091504275798798,0.025353530421853065,0.18254423141479492,-0.0,-1.4603941440582275,0.1035422682762146,1.2647229433059692,0.12822870910167694,-0.009363412857055664,0.0,0.0,12.268424034118652,-1.6429383754730225
16.707427978515625,0.8626844882965088,0.195630744099617,-0.1744697391986847,0.025353537872433662,0.18254423141479492,-0.0,-1.4602067470550537,0.10932385921478271,1.2909655570983887,0.15350890159606934,0.007834196090698242,0.0,0.0,12.268424034118652,-1.6427509784698486
16.707927703857422,0.8626844882965088,0.195630744099617,-0.17769239842891693,0.023492936044931412,0.18254423141479492,-0.0,-1.4599889516830444,0.11614030599594116,1.2554062604904175,0.14382976293563843,0.003316164016723633,0.0,0.0,12.268424034118652,-1.6425331830978394
16.70842742919922,0.865605354309082,0.197316974401474,-0.17124707996845245,0.029074735939502716,0.18254423141479492,-0.0,-1.4597973823547363,0.12185002863407135,1.2724738121032715,0.16887933015823364,0.021075963973999023,0.0,0.0,12.268424034118652,-1.6423416137695312
16.708927154541016,0.8646318316459656,0.1990031898021698,-0.17124707996845245,0.019771728664636612,0.18254423141479492,-0.0,-1.4592982530593872,0.14033626019954681,1.2638909816741943,0.17509691417217255,0.026320695877075195,0.0,0.0,12.268424034118652,-1.6418424844741821
16.709426879882812,0.8626844882965088,0.195630744099617,-0.16802442073822021,0.029074735939502716,0.18254423141479492,-0.0,-1.4591078758239746,0.14535711705684662,1.2947585582733154,0.14970137178897858,0.003484487533569336,0.0,0.0,12.268424034118652,-1.6416521072387695
16.70992660522461,0.8626844882965088,0.195630744099617,-0.17124707996845245,0.019771728664636612,0.18254423141479492,-0.0,-1.4591506719589233,0.1405867338180542,1.2765742540359497,0.14229600131511688,-0.0005924701690673828,0.0,0.0,12.268424034118652,-1.6416949033737183
16.710426330566406,0.8626844882965088,0.195630744099617,-0.17124707996845245,0.021632332354784012,0.18254423141479492,-0.0,-1.4591124057769775,0.13927137851715088,1.2892098426818848,0.15125568211078644,0.005174398422241211,0.0,0.0,12.268424034118652,-1.6416566371917725
16.710926055908203,0.8626844882965088,0.195630744099617,-0.17124707996845245,0.019771728664636612,0.18254423141479492,-0.0,-1.459004521369934,0.14086805284023285,1.251680612564087,0.12530209124088287,-0.012020349502563477,0.0,0.0,12.268424034118652,-1.641548752784729
16.711427688598633,0.865605354309082,0.197316974401474,-0.17124707996845245,0.029074735939502716,0.18254423141479492,-0.0,-1.45880126953125,0.14649131894111633,1.2883046865463257,0.1590874195098877,0.01096343994140625,0.0,0.0,12.268424034118652,-1.641345500946045
16.71192741394043,0.8626844882965088,0.195630744099617,-0.17124707996845245,0.019771728664636612,0.18254423141479492,-0.0,-1.4588474035263062,0.14151808619499207,1.2564196586608887,0.14093181490898132,-0.00020003318786621094,0.0,0.0,12.268424034118652,-1.641391634941101
16.712427139282227,0.8626844882965088,0.195630744099617,-0.17285840213298798,0.03930804133415222,0.18254423141479492,-0.0,-1.458810567855835,0.14013053476810455,1.2851557731628418,0.15538543462753296,0.008420228958129883,0.0,0.0,12.268424034118652,-1.6413547992706299
16.712926864624023,0.865605354309082,0.197316974401474,-0.17124707996845245,0.023492936044931412,0.18254423141479492,-0.0,-1.4592400789260864,0.11921843141317368,1.2639673948287964,0.1619860827922821,0.01601243019104004,0.0,0.0,12.268424034118652,-1.6417843103408813
16.71342658996582,0.8626844882965088,0.195630744099617,-0.17285840213298798,0.022562630474567413,0.18254423141479492,-0.0,-1.4589636325836182,0.12834526598453522,1.286761999130249,0.15577004849910736,0.008716106414794922,0.0,0.0,12.268424034118652,-1.641507863998413
16.713926315307617,0.865605354309082,0.197316974401474,-0.15996778011322021,0.024423232302069664,0.18254423141479492,-0.0,-1.458639144897461,0.13924098014831543,1.2758545875549316,0.14532464742660522,0.0013096332550048828,0.0,0.0,12.268424034118652,-1.6411833763122559
16.714426040649414,0.8626844882965088,0.195630744099617,-0.17124707996845245,0.029074735939502716,0.18254423141479492,-0.0,-1.4588474035263062,0.12757407128810883,1.2813371419906616,0.14883476495742798,0.0037467479705810547,0.0,0.0,12.268424034118652,-1.641391634941101
16.71492576599121,0.8636582493782043,0.1939440816640854,-0.15996778011322021,0.013259622268378735,0.18254423141479492,-0.0,-1.458499789237976,0.13947999477386475,1.2949861288070679,0.11648640036582947,-0.022634267807006836,0.0,0.0,12.268424034118652,-1.641044020652771
16.715425491333008,0.8626844882965088,0.195630744099617,-0.1664130985736847,0.01884143240749836,0.18254423141479492,-0.0,-1.4586583375930786,0.12990817427635193,1.2987819910049438,0.1428300440311432,-0.002573251724243164,0.0,0.0,12.268424034118652,-1.6412025690078735
16.715925216674805,0.8636582493782043,0.1939440816640854,-0.16802442073822021,0.021632332354784012,0.18254423141479492,-0.0,-1.458775520324707,0.12224306911230087,1.2879962921142578,0.12831538915634155,-0.012737035751342773,0.0,0.0,12.268424034118652,-1.641319751739502
16.716426849365234,0.8626844882965088,0.195630744099617,-0.17124707996845245,0.029074735939502716,0.18254423141479492,-0.0,-1.4587122201919556,0.12236151844263077,1.2970106601715088,0.15239225327968597,0.0049359798431396484,0.0,0.0,12.268424034118652,-1.6412564516067505
16.7169246673584,0.8636582493782043,0.1939440816640854,-0.17124707996845245,0.023492936044931412,0.18254423141479492,-0.0,-1.4587465524673462,0.11837970465421677,1.2988362312316895,0.12473887950181961,-0.016333341598510742,0.0,0.0,12.268424034118652,-1.6412907838821411
16.717424392700195,0.8646318316459656,0.1990031898021698,-0.16963575780391693,-0.001625185483135283,0.18254423141479492,-0.0,-1.4588332176208496,0.11239142715930939,1.2705912590026855,0.17278629541397095,0.023331880569458008,0.0,0.0,12.268424034118652,-1.6413774490356445
16.717924118041992,0.865605354309082,0.197316974401474,-0.17124707996845245,0.030935339629650116,0.18254423141479492,-0.0,-1.458606481552124,0.11948757618665695,1.2682533264160156,0.15522342920303345,0.009676218032836914,0.0,0.0,12.268424034118652,-1.641150712966919
16.718425750732422,0.8626844882965088,0.195630744099617,-0.16963575780391693,0.030005041509866714,0.18254423141479492,-0.0,-1.4586446285247803,0.11542431265115738,1.2869764566421509,0.15018503367900848,0.0040743350982666016,0.0,0.0,12.268424034118652,-1.6411888599395752
16.71892547607422,0.8646318316459656,0.1990031898021698,-0.17124707996845245,0.019771728664636612,0.18254423141479492,-0.0,-1.458635926246643,0.11344470828771591,1.2682057619094849,0.17207305133342743,0.02283167839050293,0.0,0.0,12.268424034118652,-1.641180157661438
16.719425201416016,0.8626844882965088,0.195630744099617,-0.16802442073822021,0.03465653583407402,0.18254423141479492,-0.0,-1.4585187435150146,0.11597155779600143,1.2867621183395386,0.15145203471183777,0.004942893981933594,0.0,0.0,12.268424034118652,-1.6410629749298096
16.719924926757812,0.8636582493782043,0.1939440816640854,-0.16963575780391693,0.02256263792514801,0.18254423141479492,-0.0,-1.458711862564087,0.10541360080242157,1.285823941230774,0.11657530814409256,-0.02172541618347168,0.0,0.0,12.268424034118652,-1.6412560939788818
16.72042465209961,0.865605354309082,0.197316974401474,-0.15996778011322021,0.022562630474567413,0.18254423141479492,-0.0,-1.458666205406189,0.10519800335168839,1.2982279062271118,0.1581776887178421,0.009186983108520508,0.0,0.0,12.268424034118652,-1.6412104368209839
16.720924377441406,0.8636582493782043,0.1939440816640854,-0.15996778011322021,0.024423232302069664,0.18254423141479492,-0.0,-1.458821415901184,0.09638954699039459,1.2959898710250854,0.10495530813932419,-0.0312652587890625,0.0,0.0,12.268424034118652,-1.641365647315979
16.721424102783203,0.8626844882965088,0.195630744099617,-0.16963575780391693,0.028144439682364464,0.18254423141479492,-0.0,-1.4592097997665405,0.078044094145298,1.2837148904800415,0.13242073357105255,-0.008806467056274414,0.0,0.0,12.268424034118652,-1.6417540311813354
16.721923828125,0.8646318316459656,0.1990031898021698,-0.15996778011322021,0.013259622268378735,0.18254423141479492,-0.0,-1.4593297243118286,0.07143504172563553,1.2483774423599243,0.15785670280456543,0.014399290084838867,0.0,0.0,12.268424034118652,-1.6418739557266235
16.722423553466797,0.865605354309082,0.197316974401474,-0.16963575780391693,0.015120225958526134,0.18254423141479492,-0.0,-1.4593130350112915,0.07052566111087799,1.3098719120025635,0.13694173097610474,-0.007323026657104492,1.0,0.0,12.268424034118652,-1.6418572664260864
16.722923278808594,0.8626844882965088,0.195630744099617,-0.16802442073822021,0.023492926731705666,0.18254423141479492,-0.0,-1.4598593711853027,0.046165965497493744,1.3011428117752075,0.1452682763338089,0.0002658367156982422,1.0,0.0,12.268424034118652,-1.6424036026000977
16.72342300415039,0.8646318316459656,0.1990031898021698,-0.16319043934345245,0.013259622268378735,0.18254423141479492,-0.0,-1.460253357887268,0.028716672211885452,1.2564139366149902,0.15410010516643524,0.011555910110473633,1.0,0.0,12.268424034118652,-1.642797589302063
16.72392463684082,0.8626844882965088,0.195630744099617,-0.16802442073822021,0.021632332354784012,0.18254423141479492,-0.0,-1.4603745937347412,0.02296442911028862,1.300339698791504,0.14271855354309082,-0.0011012554168701172,1.0,0.0,12.268424034118652,-1.6429188251495361
16.724424362182617,0.8626844882965088,0.195630744099617,-0.16319043934345245,0.01884143240749836,0.18254423141479492,-0.0,-1.4607384204864502,0.007165445480495691,1.26127290725708,0.14123499393463135,0.0014641284942626953,1.0,0.0,12.268424034118652,-1.6432826519012451
16.72492218017578,0.8636582493782043,0.1939440816640854,-0.17124707996845245,0.027214132249355316,0.18254423141479492,-0.0,-1.4611098766326904,-0.008604784496128559,1.3337589502334595,0.129723459482193,-0.012786149978637695,0.0,0.0,12.268424034118652,-1.6436541080474854
16.72542381286621,0.8626844882965088,0.195630744099617,-0.1664130985736847,0.00581721868366003,0.18254423141479492,-0.0,-1.4609216451644897,-0.0004695378593169153,1.2916760444641113,0.13606391847133636,-0.0049436092376708984,0.0,0.0,12.268424034118652,-1.6434658765792847
16.725923538208008,0.8626844882965088,0.195630744099617,-0.17124707996845245,0.01791112683713436,0.18254423141479492,-0.0,-1.4613678455352783,-0.01930508203804493,1.2697489261627197,0.12192022800445557,-0.013766765594482422,0.0,0.0,12.268424034118652,-1.6439120769500732
16.726423263549805,0.8626844882965088,0.195630744099617,-0.16802442073822021,0.006747515872120857,0.18254423141479492,-0.0,-1.4616817235946655,-0.0321451798081398,1.3046082258224487,0.12119221687316895,-0.01656508445739746,0.0,0.0,12.268424034118652,-1.6442259550094604
16.7269229888916,0.865605354309082,0.197316974401474,-0.16802442073822021,0.021632332354784012,0.18254423141479492,-0.0,-1.4620509147644043,-0.04694964364171028,1.3006837368011475,0.15605247020721436,0.010689973831176758,0.0,0.0,12.268424034118652,-1.6445951461791992
16.7274227142334,0.8626844882965088,0.195630744099617,-0.1744697391986847,0.01791112683713436,0.18254423141479492,-0.0,-1.4621798992156982,-0.05142120644450188,1.2891870737075806,0.14545227587223053,0.0037317276000976562,0.0,0.0,12.268424034118652,-1.6447241306304932
16.727922439575195,0.865605354309082,0.197316974401474,-0.16480176150798798,0.008608118630945683,0.18254423141479492,-0.0,-1.462935209274292,-0.08206864446401596,1.2746796607971191,0.13448138535022736,-0.002786874771118164,0.0,0.0,12.268424034118652,-1.645479440689087
16.728422164916992,0.8636582493782043,0.1939440816640854,-0.1664130985736847,0.013259622268378735,0.18254423141479492,-0.0,-1.4631872177124023,-0.09105274826288223,1.2933661937713623,0.1211056262254715,-0.01433563232421875,0.0,0.0,12.268424034118652,-1.6457314491271973
16.728923797607422,0.8626844882965088,0.195630744099617,-0.17124707996845245,0.023492936044931412,0.18254423141479492,-0.0,-1.4632542133331299,-0.09201371669769287,1.3271374702453613,0.14003035426139832,-0.0024590492248535156,0.0,0.0,12.268424034118652,-1.6457984447479248
16.72942352294922,0.865605354309082,0.197316974401474,-0.16963575780391693,0.00023541766859125346,0.18254423141479492,-0.0,-1.4632903337478638,-0.09169846028089523,1.3173160552978516,0.12841331958770752,-0.010406017303466797,0.0,0.0,12.268424034118652,-1.6458345651626587
16.729921340942383,0.8626844882965088,0.195630744099617,-0.17769239842891693,0.023492936044931412,0.18254423141479492,-0.0,-1.4633057117462158,-0.09046678990125656,1.2891507148742676,0.1335723102092743,-0.004294633865356445,0.0,0.0,12.268424034118652,-1.6458499431610107
16.73042106628418,0.865605354309082,0.197316974401474,-0.1664130985736847,-0.001625185483135283,0.18254423141479492,-0.0,-1.4636272192001343,-0.10217341035604477,1.3133231401443481,0.1253792941570282,-0.012074947357177734,0.0,0.0,12.268424034118652,-1.6461714506149292
16.73092269897461,0.8626844882965088,0.195630744099617,-0.16802442073822021,0.03093533031642437,0.18254423141479492,-0.0,-1.463441014289856,-0.09221614897251129,1.3131029605865479,0.15640859305858612,0.011215925216674805,0.0,0.0,12.268424034118652,-1.6459852457046509
16.731422424316406,0.865605354309082,0.197316974401474,-0.16319043934345245,0.003956615459173918,0.18254423141479492,-0.0,-1.4637091159820557,-0.1015239730477333,1.2940031290054321,0.13773904740810394,-0.0010807514190673828,0.0,0.0,12.268424034118652,-1.6462533473968506
16.731922149658203,0.8626844882965088,0.195630744099617,-0.16480176150798798,0.021632323041558266,0.18254423141479492,-0.0,-1.4639892578125,-0.11124090850353241,1.2828236818313599,0.1318340301513672,-0.004453897476196289,0.0,0.0,12.268424034118652,-1.646533489227295
16.732421875,0.8626844882965088,0.195630744099617,-0.16963575780391693,0.015120225958526134,0.18254423141479492,-0.0,-1.4644094705581665,-0.12656618654727936,1.2860549688339233,0.1357136219739914,-0.0012965202331542969,0.0,0.0,12.268424034118652,-1.6469537019729614
16.732921600341797,0.8646318316459656,0.1990031898021698,-0.16480176150798798,0.019771728664636612,0.18254423141479492,-0.0,-1.4642622470855713,-0.11759742349386215,1.3177896738052368,0.1786079853773117,0.028259992599487305,0.0,0.0,12.268424034118652,-1.6468064785003662
16.733421325683594,0.8626844882965088,0.195630744099617,-0.17285840213298798,0.00953841581940651,0.18254423141479492,-0.0,-1.4644298553466797,-0.12224484980106354,1.2876958847045898,0.1251974105834961,-0.009525775909423828,0.0,0.0,12.268424034118652,-1.6469740867614746
16.73392105102539,0.865605354309082,0.197316974401474,-0.16480176150798798,0.01605052314698696,0.18254423141479492,-0.0,-1.4646729230880737,-0.12987452745437622,1.2623552083969116,0.14199426770210266,0.0058705806732177734,0.0,0.0,12.268424034118652,-1.6472171545028687
16.734420776367188,0.865605354309082,0.197316974401474,-0.17124707996845245,0.014189928770065308,0.18254423141479492,-0.0,-1.4643974304199219,-0.11557275801897049,1.2843316793441772,0.15327805280685425,0.012397289276123047,0.0,0.0,12.268424034118652,-1.6469416618347168
16.734920501708984,0.8626844882965088,0.195630744099617,-0.16802442073822021,0.023492926731705666,0.18254423141479492,-0.0,-1.46476411819458,-0.1286010891199112,1.332399606704712,0.139414444565773,-0.0018279552459716797,0.0,0.0,12.268424034118652,-1.647308349609375
16.73542022705078,0.8626844882965088,0.195630744099617,-0.16802442073822021,0.006747515872120857,0.18254423141479492,-0.0,-1.464873194694519,-0.1305035948753357,1.3010900020599365,0.1266322135925293,-0.008981943130493164,0.0,0.0,12.268424034118652,-1.647417426109314
16.73592185974121,0.8626844882965088,0.195630744099617,-0.17930372059345245,0.024423232302069664,0.18254423141479492,-0.0,-1.4648418426513672,-0.1264520138502121,1.292900562286377,0.13279329240322113,-0.0036613941192626953,0.0,0.0,12.268424034118652,-1.647386074066162
16.736421585083008,0.8626844882965088,0.195630744099617,-0.17124707996845245,0.008608118630945683,0.18254423141479492,-0.0,-1.4651873111724854,-0.13831697404384613,1.302097201347351,0.13679687678813934,-0.0009844303131103516,0.0,0.0,12.268424034118652,-1.6477315425872803
16.736921310424805,0.865605354309082,0.197316974401474,-0.17124707996845245,0.023492936044931412,0.18254423141479492,-0.0,-1.4657881259918213,-0.1605917066335678,1.3429234027862549,0.1595839262008667,0.013272285461425781,0.0,0.0,12.268424034118652,-1.6483323574066162
16.7374210357666,0.8626844882965088,0.195630744099617,-0.17285840213298798,0.00953841581940651,0.18254423141479492,-0.0,-1.4652100801467896,-0.1329837292432785,1.2910804748535156,0.13524197041988373,-0.0012655258178710938,0.0,0.0,12.268424034118652,-1.6477543115615845
16.7379207611084,0.8626844882965088,0.195630744099617,-0.17769239842891693,0.014189928770065308,0.18254423141479492,-0.0,-1.465513825416565,-0.1429472416639328,1.2872306108474731,0.1391768902540207,0.002382516860961914,0.0,0.0,12.268424034118652,-1.6480580568313599
16.738420486450195,0.8636582493782043,0.1939440816640854,-0.16319043934345245,0.003956615459173918,0.18254423141479492,-0.0,-1.4659613370895386,-0.15875521302223206,1.3008694648742676,0.11913607269525528,-0.013617753982543945,0.0,0.0,12.268424034118652,-1.6485055685043335
16.738920211791992,0.8626844882965088,0.195630744099617,-0.16802442073822021,0.01791112683713436,0.18254423141479492,-0.0,-1.4659074544906616,-0.15318788588047028,1.3294389247894287,0.136836975812912,-0.0023827552795410156,0.0,0.0,12.268424034118652,-1.6484516859054565
16.73941993713379,0.865605354309082,0.197316974401474,-0.1664130985736847,-0.001625185483135283,0.18254423141479492,-0.0,-1.466003179550171,-0.15400253236293793,1.3011143207550049,0.13921628892421722,0.0017549991607666016,0.0,0.0,12.268424034118652,-1.6485474109649658
16.739919662475586,0.8626844882965088,0.195630744099617,-0.18897168338298798,0.035586826503276825,0.18254423141479492,-0.0,-1.466149926185608,-0.1569715291261673,1.2829383611679077,0.14008338749408722,0.004076957702636719,0.0,0.0,12.268424034118652,-1.6486941576004028
16.740419387817383,0.865605354309082,0.197316974401474,-0.16802442073822021,-0.0006948881782591343,0.18254423141479492,-0.0,-1.46647047996521,-0.16711902618408203,1.2841391563415527,0.1425492763519287,0.00619959831237793,0.0,0.0,12.268424034118652,-1.6490147113800049
16.74091911315918,0.8636582493782043,0.1939440816640854,-0.17124707996845245,0.023492936044931412,0.18254423141479492,-0.0,-1.4670156240463257,-0.18669314682483673,1.3185449838638306,0.10204306244850159,-0.0267179012298584,0.0,0.0,12.268424034118652,-1.6495598554611206
16.74142074584961,0.8626844882965088,0.195630744099617,-0.16319043934345245,0.01139901950955391,0.18254423141479492,-0.0,-1.4670748710632324,-0.1851585954427719,1.289569616317749,0.13938888907432556,0.003904581069946289,0.0,0.0,12.268424034118652,-1.6496191024780273
16.741918563842773,0.8626844882965088,0.195630744099617,-0.17930372059345245,0.03186563774943352,0.18254423141479492,-0.0,-1.4672096967697144,-0.186885803937912,1.2713109254837036,0.14963863790035248,0.013572931289672852,0.0,0.0,12.268424034118652,-1.6497539281845093
16.74241828918457,0.865605354309082,0.197316974401474,-0.1664130985736847,0.013259622268378735,0.18254423141479492,-0.0,-1.4671939611434937,-0.18224336206912994,1.2816922664642334,0.1454954445362091,0.009410619735717773,0.0,0.0,12.268424034118652,-1.6497381925582886
16.742918014526367,0.8636582493782043,0.1939440816640854,-0.16802442073822021,0.021632332354784012,0.18254423141479492,-0.0,-1.46718430519104,-0.17811845242977142,1.3155317306518555,0.12613682448863983,-0.008114814758300781,0.0,0.0,12.268424034118652,-1.649728536605835
16.743419647216797,0.865605354309082,0.197316974401474,-0.16157911717891693,0.010468722321093082,0.18254423141479492,-0.0,-1.4677947759628296,-0.19996462762355804,1.2948007583618164,0.13924849033355713,0.0040814876556396484,0.0,0.0,12.268424034118652,-1.6503390073776245
16.743919372558594,0.865605354309082,0.197316974401474,-0.17285840213298798,0.028144430369138718,0.18254423141479492,-0.0,-1.4676040410995483,-0.18781666457653046,1.2997084856033325,0.14527124166488647,0.008089303970336914,0.0,0.0,12.268424034118652,-1.6501482725143433
16.74441909790039,0.865605354309082,0.197316974401474,-0.16802442073822021,-0.008137292228639126,0.18254423141479492,-0.0,-1.4676769971847534,-0.18694357573986053,1.283481478691101,0.135236918926239,0.0018055438995361328,0.0,0.0,12.268424034118652,-1.6502212285995483
16.744918823242188,0.865605354309082,0.197316974401474,-0.17124707996845245,0.008608118630945683,0.18254423141479492,-0.0,-1.4680228233337402,-0.197703018784523,1.3319590091705322,0.1387227475643158,0.0009398460388183594,0.0,0.0,12.268424034118652,-1.6505670547485352
16.745418548583984,0.8626844882965088,0.195630744099617,-0.17124707996845245,0.01605052314698696,0.18254423141479492,-0.0,-1.4680296182632446,-0.1939370185136795,1.2919155359268188,0.1314706951379776,-0.0014224052429199219,0.0,0.0,12.268424034118652,-1.6505738496780396
16.74591827392578,0.8626844882965088,0.195630744099617,-0.17124707996845245,0.03279593214392662,0.18254423141479492,-0.0,-1.4678388833999634,-0.18189603090286255,1.2705661058425903,0.13685546815395355,0.00429844856262207,0.0,0.0,12.268424034118652,-1.6503831148147583
16.746417999267578,0.8626844882965088,0.195630744099617,-0.17285840213298798,0.002096012234687805,0.18254423141479492,-0.0,-1.4679327011108398,-0.18197877705097198,1.3028810024261475,0.12743043899536133,-0.00545048713684082,0.0,0.0,12.268424034118652,-1.6504769325256348
16.746917724609375,0.865605354309082,0.197316974401474,-0.17124707996845245,0.01791112683713436,0.18254423141479492,-0.0,-1.4684072732925415,-0.19810236990451813,1.340013027191162,0.15603870153427124,0.013525009155273438,0.0,0.0,12.268424034118652,-1.6509515047073364
16.747417449951172,0.8626844882965088,0.195630744099617,-0.1664130985736847,0.013259622268378735,0.18254423141479492,-0.0,-1.4679405689239502,-0.1743517369031906,1.3037145137786865,0.14313443005084991,0.006464719772338867,0.0,0.0,12.268424034118652,-1.6504848003387451
16.74791717529297,0.865605354309082,0.197316974401474,-0.16480176150798798,0.014189919456839561,0.18254423141479492,-0.0,-1.46830153465271,-0.18584401905536652,1.2683898210525513,0.13515177369117737,0.0036118030548095703,0.0,0.0,12.268424034118652,-1.6508457660675049
16.7484188079834,0.8626844882965088,0.195630744099617,-0.16319043934345245,0.003956615459173918,0.18254423141479492,-0.0,-1.4680819511413574,-0.17275378108024597,1.298431634902954,0.12979485094547272,-0.003153085708618164,0.0,0.0,12.268424034118652,-1.6506261825561523
16.748918533325195,0.865605354309082,0.197316974401474,-0.16802442073822021,0.021632332354784012,0.18254423141479492,-0.0,-1.4680708646774292,-0.16864623129367828,1.313362717628479,0.15076838433742523,0.011562108993530273,0.0,0.0,12.268424034118652,-1.6506150960922241
16.749418258666992,0.8646318316459656,0.1990031898021698,-0.16802442073822021,-0.0006948881782591343,0.18254423141479492,-0.0,-1.4681512117385864,-0.1685139238834381,1.282058596611023,0.14219370484352112,0.007790327072143555,0.0,0.0,12.268424034118652,-1.6506954431533813
16.74991798400879,0.865605354309082,0.197316974401474,-0.16157911717891693,0.029074745252728462,0.18254423141479492,-0.0,-1.4679477214813232,-0.1565096080303192,1.2741405963897705,0.145219624042511,0.010628461837768555,0.0,0.0,12.268424034118652,-1.6504919528961182
16.750417709350586,0.8646318316459656,0.1922578662633896,-0.16802442073822021,0.014189919456839561,0.18254423141479492,-0.0,-1.4683647155761719,-0.17087367177009583,1.3620631694793701,0.08528100699186325,-0.04012656211853027,0.0,0.0,12.268424034118652,-1.6509089469909668
16.750917434692383,0.8626844882965088,0.195630744099617,-0.16480176150798798,0.023492926731705666,0.18254423141479492,-0.0,-1.4682787656784058,-0.16352884471416473,1.3256241083145142,0.1509629786014557,0.010865449905395508,0.0,0.0,12.268424034118652,-1.6508229970932007
16.75141716003418,0.865605354309082,0.197316974401474,-0.16963575780391693,0.00023541766859125346,0.18254423141479492,-0.0,-1.4682220220565796,-0.15768525004386902,1.2971432209014893,0.1413596272468567,0.0059473514556884766,0.0,0.0,12.268424034118652,-1.6507662534713745
16.751916885375977,0.8626844882965088,0.195630744099617,-0.1664130985736847,0.01698082871735096,0.18254423141479492,-0.0,-1.4682050943374634,-0.1536111682653427,1.2801461219787598,0.14486658573150635,0.010084390640258789,0.0,0.0,12.268424034118652,-1.6507493257522583
16.752416610717773,0.865605354309082,0.197316974401474,-0.17285840213298798,0.00953841581940651,0.18254423141479492,-0.0,-1.4683092832565308,-0.15476059913635254,1.2796934843063354,0.1419750303030014,0.007987260818481445,0.0,0.0,12.268424034118652,-1.6508535146713257
16.75291633605957,0.8646318316459656,0.1990031898021698,-0.16480176150798798,0.012329316698014736,0.18254423141479492,-0.0,-1.468202829360962,-0.14705818891525269,1.2726248502731323,0.15344445407390594,0.017424345016479492,0.0,0.0,12.268424034118652,-1.6507470607757568
16.753416061401367,0.8636582493782043,0.1939440816640854,-0.17769239842891693,0.029074735939502716,0.18254423141479492,-0.0,-1.4675219058990479,-0.1154271736741066,1.299423098564148,0.10781200975179672,-0.020619630813598633,0.0,0.0,12.268424034118652,-1.6500661373138428
16.753917694091797,0.865605354309082,0.197316974401474,-0.15352247655391693,0.009538425132632256,0.18254423141479492,-0.0,-1.4677187204360962,-0.12119878083467484,1.3250056505203247,0.14562688767910004,0.006376028060913086,0.0,0.0,12.268424034118652,-1.6502629518508911
16.754417419433594,0.8646318316459656,0.1990031898021698,-0.1744697391986847,0.032795943319797516,0.18254423141479492,-0.0,-1.4681205749511719,-0.13546308875083923,1.3036919832229614,0.2024276852607727,0.051537275314331055,0.0,0.0,12.268424034118652,-1.6506648063659668
16.754915237426758,0.865605354309082,0.197316974401474,-0.17285840213298798,0.013259622268378735,0.18254423141479492,-0.0,-1.4676134586334229,-0.11151213198900223,1.2703241109848022,0.12897200882434845,-0.002048492431640625,0.0,0.0,12.268424034118652,-1.6501576900482178
16.755416870117188,0.8646318316459656,0.1990031898021698,-0.15674512088298798,-0.007206995040178299,0.18254423141479492,-0.0,-1.4678775072097778,-0.12026751786470413,1.2686084508895874,0.13873323798179626,0.005991935729980469,0.0,0.0,12.268424034118652,-1.6504217386245728
16.755916595458984,0.8626844882965088,0.195630744099617,-0.17769239842891693,0.01605053059756756,0.18254423141479492,-0.0,-1.467328429222107,-0.09477979689836502,1.2908539772033691,0.13959497213363647,0.004241228103637695,0.0,0.0,12.268424034118652,-1.6498726606369019
16.75641632080078,0.8636582493782043,0.1939440816640854,-0.16480176150798798,0.02907472848892212,0.18254423141479492,-0.0,-1.4672191143035889,-0.08816341310739517,1.2908260822296143,0.1303582489490509,-0.0029718875885009766,0.0,0.0,12.268424034118652,-1.6497633457183838
16.756916046142578,0.865605354309082,0.197316974401474,-0.17124707996845245,0.023492936044931412,0.18254423141479492,-0.0,-1.4670348167419434,-0.07837578654289246,1.3046568632125854,0.17532026767730713,0.02991771697998047,0.0,0.0,12.268424034118652,-1.6495790481567383
16.757415771484375,0.865605354309082,0.197316974401474,-0.16802442073822021,0.006747515872120857,0.18254423141479492,-0.0,-1.4665889739990234,-0.05800219252705574,1.2918217182159424,0.14585348963737488,0.008236885070800781,0.0,0.0,12.268424034118652,-1.6491332054138184
16.757915496826172,0.8636582493782043,0.1939440816640854,-0.17124707996845245,0.019771728664636612,0.18254423141479492,-0.0,-1.4665621519088745,-0.05567000433802605,1.3313215970993042,0.131979301571846,-0.005464315414428711,0.0,0.0,12.268424034118652,-1.6491063833236694
16.75841522216797,0.8646318316459656,0.1990031898021698,-0.1664130985736847,0.01698082871735096,0.18254423141479492,-0.0,-1.4661402702331543,-0.036719098687171936,1.2933751344680786,0.1734076738357544,0.02873086929321289,0.0,0.0,12.268424034118652,-1.6486845016479492
16.758914947509766,0.8636582493782043,0.1939440816640854,-0.1664130985736847,0.009538425132632256,0.18254423141479492,-0.0,-1.465732455253601,-0.019018106162548065,1.2864210605621338,0.10434811562299728,-0.024233579635620117,0.0,0.0,12.268424034118652,-1.648276686668396
16.759414672851562,0.8626844882965088,0.195630744099617,-0.1744697391986847,0.008608118630945683,0.18254423141479492,-0.0,-1.4654301404953003,-0.005889918189495802,1.3011246919631958,0.1349124312400818,-0.0020568370819091797,0.0,0.0,12.268424034118652,-1.6479743719100952
16.75991439819336,0.8626844882965088,0.195630744099617,-0.16802442073822021,0.021632332354784012,0.18254423141479492,-0.0,-1.46528959274292,0.00021903729066252708,1.331841230392456,0.15129603445529938,0.007639646530151367,0.0,0.0,12.268424034118652,-1.6478338241577148
16.760414123535156,0.8626844882965088,0.195630744099617,-0.1664130985736847,0.013259622268378735,0.18254423141479492,-0.0,-1.4665507078170776,-0.05276213958859444,1.299656867980957,0.14109040796756744,0.003889322280883789,0.0,0.0,12.268424034118652,-1.6490949392318726
16.760915756225586,0.8646318316459656,0.1990031898021698,-0.16480176150798798,0.023492926731705666,0.18254423141479492,-0.0,-1.4666169881820679,-0.05444515123963356,1.27518892288208,0.15215644240379333,0.014622926712036133,0.0,0.0,12.268424034118652,-1.6491612195968628
16.761415481567383,0.8636582493782043,0.1939440816640854,-0.16963575780391693,0.00023541766859125346,0.18254423141479492,-0.0,-1.4664074182510376,-0.04461105540394783,1.3074721097946167,0.1130291149020195,-0.018245935440063477,0.0,0.0,12.268424034118652,-1.6489516496658325
16.76191520690918,0.8626844882965088,0.195630744099617,-0.17769239842891693,0.030935339629650116,0.18254423141479492,-0.0,-1.4662288427352905,-0.036240506917238235,1.2853479385375977,0.13464517891407013,-0.0002071857452392578,0.0,0.0,12.268424034118652,-1.6487730741500854
16.762414932250977,0.8626844882965088,0.195630744099617,-0.16802442073822021,0.03093533031642437,0.18254423141479492,-0.0,-1.4666255712509155,-0.05216587707400322,1.2884467840194702,0.13389641046524048,-0.0006418228149414062,0.0,0.0,12.268424034118652,-1.6491698026657104
16.762914657592773,0.8626844882965088,0.195630744099617,-0.17124707996845245,0.019771728664636612,0.18254423141479492,-0.0,-1.4666200876235962,-0.05077941343188286,1.3211784362792969,0.13815905153751373,7.152557373046875e-07,0.0,0.0,12.268424034118652,-1.6491643190383911
16.76341438293457,0.8626844882965088,0.195630744099617,-0.17285840213298798,0.016980819404125214,0.18254423141479492,-0.0,-1.4664839506149292,-0.04400042071938515,1.3173080682754517,0.12430687993764877,-0.010284185409545898,0.0,0.0,12.268424034118652,-1.6490281820297241
16.763914108276367,0.8626844882965088,0.195630744099617,-0.16802442073822021,0.021632332354784012,0.18254423141479492,-0.0,-1.466631531715393,-0.049312133342027664,1.3386034965515137,0.129921555519104,-0.0074579715728759766,0.0,0.0,12.268424034118652,-1.649175763130188
16.764413833618164,0.865605354309082,0.197316974401474,-0.1744697391986847,0.019771728664636612,0.18254423141479492,-0.0,-1.466685175895691,-0.05041363835334778,1.2952210903167725,0.1609691083431244,0.019599199295043945,0.0,0.0,12.268424034118652,-1.6492294073104858
16.76491355895996,0.8636582493782043,0.1939440816640854,-0.17769239842891693,0.021632332354784012,0.18254423141479492,-0.0,-1.4667580127716064,-0.052694112062454224,1.2933377027511597,0.1084589883685112,-0.0204775333404541,0.0,0.0,12.268424034118652,-1.6493022441864014
16.765413284301758,0.865605354309082,0.197316974401474,-0.17285840213298798,0.002096012234687805,0.18254423141479492,-0.0,-1.4663280248641968,-0.03340460732579231,1.2893062829971313,0.14555005729198456,0.00796818733215332,0.0,0.0,12.268424034118652,-1.6488722562789917
16.765913009643555,0.865605354309082,0.197316974401474,-0.16802442073822021,0.01605052314698696,0.18254423141479492,-0.0,-1.4659538269042969,-0.01693807542324066,1.2935446500778198,0.1529531329870224,0.01290273666381836,0.0,0.0,12.268424034118652,-1.6484980583190918
16.766414642333984,0.8626844882965088,0.195630744099617,-0.17285840213298798,0.015120225958526134,0.18254423141479492,-0.0,-1.4662954807281494,-0.03093264251947403,1.2844263315200806,0.13920345902442932,0.003459930419921875,0.0,0.0,12.268424034118652,-1.6488397121429443
16.76691246032715,0.865605354309082,0.197316974401474,-0.16802442073822021,0.01791112683713436,0.18254423141479492,-0.0,-1.4662331342697144,-0.027679916471242905,1.2937264442443848,0.15315444767475128,0.013317346572875977,0.0,0.0,12.268424034118652,-1.6487773656845093
16.767412185668945,0.865605354309082,0.197316974401474,-0.1744697391986847,0.010468722321093082,0.18254423141479492,-0.0,-1.4666098356246948,-0.04293237254023552,1.2943488359451294,0.14098107814788818,0.004309892654418945,0.0,0.0,12.268424034118652,-1.6491540670394897
16.767913818359375,0.865605354309082,0.197316974401474,-0.17769239842891693,0.01605053059756756,0.18254423141479492,-0.0,-1.4663221836090088,-0.02986619994044304,1.2725163698196411,0.16107282042503357,0.0215146541595459,0.0,0.0,12.268424034118652,-1.6488664150238037
16.768413543701172,0.8636582493782043,0.1939440816640854,-0.17285840213298798,0.022562630474567413,0.18254423141479492,-0.0,-1.4663705825805664,-0.031389180570840836,1.3020261526107788,0.12032312154769897,-0.012337446212768555,0.0,0.0,12.268424034118652,-1.6489148139953613
16.76891326904297,0.8646318316459656,0.1990031898021698,-0.16157911717891693,0.0030263180378824472,0.18254423141479492,-0.0,-1.4664859771728516,-0.0355948843061924,1.3123804330825806,0.13891468942165375,0.0011394023895263672,0.0,0.0,12.268424034118652,-1.6490302085876465
16.769412994384766,0.8626844882965088,0.195630744099617,-0.1664130985736847,0.00581721868366003,0.18254423141479492,-0.0,-1.4662628173828125,-0.02547922544181347,1.3022514581680298,0.14410138130187988,0.005688905715942383,0.0,0.0,12.268424034118652,-1.6488070487976074
16.769912719726562,0.8626844882965088,0.195630744099617,-0.17124707996845245,0.023492936044931412,0.18254423141479492,-0.0,-1.466387391090393,-0.03018077276647091,1.3369348049163818,0.15105022490024567,0.008120298385620117,0.0,0.0,12.268424034118652,-1.648931622505188
16.77041244506836,0.865605354309082,0.197316974401474,-0.16802442073822021,0.047680750489234924,0.18254423141479492,-0.0,-1.4663699865341187,-0.028786543756723404,1.2802067995071411,0.16486848890781403,0.02374100685119629,0.0,0.0,12.268424034118652,-1.6489142179489136
16.770912170410156,0.8636582493782043,0.1939440816640854,-0.17930372059345245,0.03186563774943352,0.18254423141479492,-0.0,-1.4665745496749878,-0.03684360161423683,1.2738242149353027,0.10201461613178253,-0.02442145347595215,0.0,0.0,12.268424034118652,-1.6491187810897827
16.771413803100586,0.8636582493782043,0.1939440816640854,-0.1744697391986847,0.029074735939502716,0.18254423141479492,-0.0,-1.466934084892273,-0.051083680242300034,1.3061368465423584,0.11707715690135956,-0.014542818069458008,0.0,0.0,12.268424034118652,-1.6494783163070679
16.77191162109375,0.8636582493782043,0.1939440816640854,-0.17124707996845245,0.023492936044931412,0.18254423141479492,-0.0,-1.4668446779251099,-0.04626789689064026,1.3314146995544434,0.1247161477804184,-0.010612249374389648,0.0,0.0,12.268424034118652,-1.6493889093399048
16.772411346435547,0.8626844882965088,0.195630744099617,-0.16802442073822021,0.01605052314698696,0.18254423141479492,-0.0,-1.466892957687378,-0.047397516667842865,1.3027658462524414,0.11890028417110443,-0.01295781135559082,0.0,0.0,12.268424034118652,-1.6494371891021729
16.772911071777344,0.865605354309082,0.197316974401474,-0.16802442073822021,0.01791112683713436,0.18254423141479492,-0.0,-1.4678781032562256,-0.08771984279155731,1.2875267267227173,0.1560361534357071,0.01772904396057129,0.0,0.0,12.268424034118652,-1.6504223346710205
16.773412704467773,0.8646318316459656,0.1922578662633896,-0.1744697391986847,0.027214132249355316,0.18254423141479492,-0.0,-1.4676333665847778,-0.0756998211145401,1.2939010858535767,0.09823949635028839,-0.02752375602722168,0.0,0.0,12.268424034118652,-1.6501775979995728
16.77391242980957,0.8626844882965088,0.195630744099617,-0.16802442073822021,0.021632332354784012,0.18254423141479492,-0.0,-1.4677165746688843,-0.07736614346504211,1.291542410850525,0.15538308024406433,0.016696929931640625,0.0,0.0,12.268424034118652,-1.6502608060836792
16.774412155151367,0.8636582493782043,0.1939440816640854,-0.1583564579486847,0.0030263180378824472,0.18254423141479492,-0.0,-1.4680711030960083,-0.0906643196940422,1.2873308658599854,0.09305313974618912,-0.030725717544555664,0.0,0.0,12.268424034118652,-1.6506153345108032
16.774911880493164,0.8636582493782043,0.1939440816640854,-0.17124707996845245,0.023492936044931412,0.18254423141479492,-0.0,-1.46787428855896,-0.08056016266345978,1.3132030963897705,0.1208532452583313,-0.011224985122680664,0.0,0.0,12.268424034118652,-1.6504185199737549
16.77541160583496,0.8636582493782043,0.1939440816640854,-0.15513379871845245,0.01605052314698696,0.18254423141479492,-0.0,-1.4682358503341675,-0.09411369264125824,1.2931267023086548,0.09370623528957367,-0.0303804874420166,0.0,0.0,12.268424034118652,-1.6507800817489624
16.775911331176758,0.8646318316459656,0.1990031898021698,-0.16480176150798798,0.01605052314698696,0.18254423141479492,-0.0,-1.467921495437622,-0.07888368517160416,1.295285701751709,0.1574854850769043,0.018164396286010742,0.0,0.0,12.268424034118652,-1.650465726852417
16.776411056518555,0.8636582493782043,0.1939440816640854,-0.1744697391986847,0.029074735939502716,0.18254423141479492,-0.0,-1.4681198596954346,-0.08566692471504211,1.3016163110733032,0.1100994348526001,-0.01839613914489746,0.0,0.0,12.268424034118652,-1.6506640911102295
16.77691078186035,0.8636582493782043,0.1939440816640854,-0.16802442073822021,0.03093533031642437,0.18254423141479492,-0.0,-1.4683008193969727,-0.09133794158697128,1.296915888786316,0.14196351170539856,0.006529569625854492,0.0,0.0,12.268424034118652,-1.6508450508117676
16.77741241455078,0.8646318316459656,0.1990031898021698,-0.15996778011322021,0.01698082871735096,0.18254423141479492,-0.0,-1.4680986404418945,-0.0808422714471817,1.2739219665527344,0.1663939356803894,0.027269601821899414,0.0,0.0,12.268424034118652,-1.6506428718566895
16.777912139892578,0.8626844882965088,0.195630744099617,-0.16802442073822021,0.021632332354784012,0.18254423141479492,-0.0,-1.4682869911193848,-0.08711031079292297,1.2854580879211426,0.1425926834344864,0.007970809936523438,0.0,0.0,12.268424034118652,-1.6508312225341797
16.778411865234375,0.8636582493782043,0.1939440816640854,-0.15352247655391693,0.01139902789145708,0.18254423141479492,-0.0,-1.468634009361267,-0.09984838962554932,1.3052043914794922,0.09316368401050568,-0.031067848205566406,0.0,0.0,12.268424034118652,-1.651178240776062
16.778911590576172,0.8646318316459656,0.1990031898021698,-0.16802442073822021,0.01791112683713436,0.18254423141479492,-0.0,-1.4724864959716797,-0.25965580344200134,1.285247802734375,0.18347299098968506,0.04358077049255371,0.0,0.0,12.268424034118652,-1.6550307273864746
16.77941131591797,0.865605354309082,0.197316974401474,-0.1744697391986847,0.029074735939502716,0.18254423141479492,-0.0,-1.4717108011245728,-0.22169272601604462,1.2743816375732422,0.15438522398471832,0.021488189697265625,0.0,0.0,12.268424034118652,-1.6542550325393677
16.779909133911133,0.8626844882965088,0.195630744099617,-0.16802442073822021,0.032795943319797516,0.18254423141479492,-0.0,-1.4712796211242676,-0.1988498568534851,1.2955901622772217,0.1498132199048996,0.015604257583618164,0.0,0.0,12.268424034118652,-1.6538238525390625
16.780410766601562,0.8636582493782043,0.1939440816640854,-0.16480176150798798,0.01791112683713436,0.18254423141479492,-0.0,-1.4713287353515625,-0.1967482715845108,1.2884414196014404,0.11983536183834076,-0.0068204402923583984,0.0,0.0,12.268424034118652,-1.6538729667663574
16.78091049194336,0.8626844882965088,0.195630744099617,-0.16802442073822021,0.021632332354784012,0.18254423141479492,-0.0,-1.471740484237671,-0.20993725955486298,1.2821019887924194,0.1395689845085144,0.009345769882202148,0.0,0.0,12.268424034118652,-1.6542847156524658
16.781410217285156,0.8646318316459656,0.1922578662633896,-0.18091504275798798,0.03093533031642437,0.18254423141479492,-0.0,-1.4714500904083252,-0.19342172145843506,1.3433901071548462,0.09243330359458923,-0.030842065811157227,0.0,0.0,12.268424034118652,-1.6539943218231201
16.781909942626953,0.8646318316459656,0.1990031898021698,-0.1664130985736847,0.02070203423500061,0.18254423141479492,-0.0,-1.4713480472564697,-0.18497467041015625,1.277585744857788,0.16857117414474487,0.03181052207946777,0.0,0.0,12.268424034118652,-1.6538922786712646
16.78240966796875,0.8626844882965088,0.195630744099617,-0.1744697391986847,0.025353537872433662,0.18254423141479492,-0.0,-1.4705085754394531,-0.14583969116210938,1.2881810665130615,0.14213025569915771,0.00959324836730957,0.0,0.0,12.268424034118652,-1.653052806854248
16.782909393310547,0.8626844882965088,0.195630744099617,-0.16802442073822021,0.021632332354784012,0.18254423141479492,-0.0,-1.4701128005981445,-0.1261189877986908,1.2943859100341797,0.14468364417552948,0.010634660720825195,0.0,0.0,12.268424034118652,-1.6526570320129395
16.783409118652344,0.8626844882965088,0.195630744099617,-0.1744697391986847,0.025353537872433662,0.18254423141479492,-0.0,-1.4699270725250244,-0.11559511721134186,1.2871769666671753,0.14601223170757294,0.012096166610717773,0.0,0.0,12.268424034118652,-1.6524713039398193
16.78390884399414,0.8636582493782043,0.1939440816640854,-0.17124707996845245,0.034656547009944916,0.18254423141479492,-0.0,-1.4699081182479858,-0.11239723861217499,1.2873561382293701,0.12472131103277206,-0.004363536834716797,0.0,0.0,12.268424034118652,-1.6524523496627808
16.784408569335938,0.8636582493782043,0.1939440816640854,-0.1744697391986847,0.032795943319797516,0.18254423141479492,-0.0,-1.4695940017700195,-0.09676000475883484,1.3037505149841309,0.13278785347938538,0.00026726722717285156,0.0,0.0,12.268424034118652,-1.6521382331848145
16.784908294677734,0.865605354309082,0.197316974401474,-0.16802442073822021,0.021632332354784012,0.18254423141479492,-0.0,-1.46917724609375,-0.07711237668991089,1.285561203956604,0.15912418067455292,0.02159714698791504,0.0,0.0,12.268424034118652,-1.651721477508545
16.78540802001953,0.8636582493782043,0.1939440816640854,-0.16157911717891693,0.017911134287714958,0.18254423141479492,-0.0,-1.4683233499526978,-0.03978018835186958,1.3254503011703491,0.10991093516349792,-0.01983499526977539,0.0,0.0,12.268424034118652,-1.6508675813674927
16.785907745361328,0.8626844882965088,0.195630744099617,-0.16157911717891693,0.017911134287714958,0.18254423141479492,-0.0,-1.4680103063583374,-0.025754719972610474,1.2925611734390259,0.1474309116601944,0.010821104049682617,0.0,0.0,12.268424034118652,-1.6505545377731323
16.786407470703125,0.8626844882965088,0.195630744099617,-0.16319043934345245,0.020702026784420013,0.18254423141479492,-0.0,-1.4676728248596191,-0.011028318665921688,1.304229736328125,0.1390426903963089,0.003093719482421875,0.0,0.0,12.268424034118652,-1.650217056274414
16.786907196044922,0.865605354309082,0.197316974401474,-0.17124707996845245,0.029074735939502716,0.18254423141479492,-0.0,-1.4671249389648438,0.012295955792069435,1.2669285535812378,0.16721250116825104,0.027672529220581055,0.0,0.0,12.268424034118652,-1.6496691703796387
16.78740882873535,0.8626844882965088,0.195630744099617,-0.16480176150798798,0.012329316698014736,0.18254423141479492,-0.0,-1.4662777185440063,0.04764094576239586,1.30198335647583,0.14305610954761505,0.00495457649230957,0.0,0.0,12.268424034118652,-1.6488219499588013
16.78790855407715,0.8636582493782043,0.1939440816640854,-0.15352247655391693,0.030005041509866714,0.18254423141479492,-0.0,-1.4663078784942627,0.04526360705494881,1.3123451471328735,0.0950879380106926,-0.03227829933166504,0.0,0.0,12.268424034118652,-1.6488521099090576
16.788408279418945,0.8626844882965088,0.195630744099617,-0.17124707996845245,0.019771728664636612,0.18254423141479492,-0.0,-1.466074824333191,0.054193902760744095,1.2995288372039795,0.13780255615711212,0.0009462833404541016,0.0,0.0,12.268424034118652,-1.6486190557479858
16.788908004760742,0.8646318316459656,0.1990031898021698,-0.15352247655391693,0.015120225958526134,0.18254423141479492,-0.0,-1.4656821489334106,0.06954240053892136,1.2717866897583008,0.16049975156784058,0.020531415939331055,0.0,0.0,12.268424034118652,-1.6482263803482056
16.78940773010254,0.8626844882965088,0.195630744099617,-0.17124707996845245,0.01605052314698696,0.18254423141479492,-0.0,-1.4653578996658325,0.08166512101888657,1.2935978174209595,0.13991907238960266,0.0023424625396728516,0.0,0.0,12.268424034118652,-1.6479021310806274
16.789907455444336,0.8626844882965088,0.195630744099617,-0.14063183963298798,0.03744743764400482,0.18254423141479492,-0.0,-1.4649720191955566,0.09615008533000946,1.3049389123916626,0.1559842824935913,0.01323246955871582,0.0,0.0,12.268424034118652,-1.6475162506103516
16.790407180786133,0.865605354309082,0.197316974401474,-0.16480176150798798,0.012329316698014736,0.18254423141479492,-0.0,-1.4646466970443726,0.10784129053354263,1.2813341617584229,0.1522272229194641,0.012186765670776367,0.0,0.0,12.268424034118652,-1.6471909284591675
16.790908813476562,0.865605354309082,0.197316974401474,-0.17124707996845245,0.0011657149298116565,0.18254423141479492,-0.0,-1.464493989944458,0.11196988075971603,1.2940911054611206,0.13555699586868286,-0.0019028186798095703,0.0,0.0,12.268424034118652,-1.647038221359253
16.79140853881836,0.8626844882965088,0.195630744099617,-0.16480176150798798,0.019771728664636612,0.18254423141479492,-0.0,-1.4636867046356201,0.14349369704723358,1.290406584739685,0.1356348991394043,-0.0023458003997802734,0.0,0.0,12.268424034118652,-1.646230936050415
16.791908264160156,0.8646318316459656,0.1990031898021698,-0.1502998173236847,-0.001625185483135283,0.18254423141479492,-0.0,-1.4634031057357788,0.15236003696918488,1.2921518087387085,0.15277279913425446,0.010386228561401367,0.0,0.0,12.268424034118652,-1.6459473371505737
16.792407989501953,0.865605354309082,0.197316974401474,-0.17124707996845245,0.01605052314698696,0.18254423141479492,-0.0,-1.4633551836013794,0.15112179517745972,1.29146409034729,0.14523953199386597,0.00461888313293457,0.0,0.0,12.268424034118652,-1.6458994150161743
16.79290771484375,0.8646318316459656,0.1922578662633896,-0.14868848025798798,0.045820146799087524,0.18254423141479492,-0.0,-1.4628783464431763,0.1678834855556488,1.2932465076446533,0.10231813043355942,-0.029030561447143555,0.0,0.0,12.268424034118652,-1.6454225778579712
16.793407440185547,0.865605354309082,0.197316974401474,-0.16480176150798798,0.019771728664636612,0.18254423141479492,-0.0,-1.4630063772201538,0.15916754305362701,1.281502366065979,0.15673351287841797,0.014021873474121094,0.0,0.0,12.268424034118652,-1.6455506086349487
16.793907165527344,0.8646318316459656,0.1922578662633896,-0.14868848025798798,0.030935339629650116,0.18254423141479492,-0.0,-1.4628732204437256,0.16127997636795044,1.3303972482681274,0.07281745225191116,-0.05341362953186035,0.0,0.0,12.268424034118652,-1.6454174518585205
16.794408798217773,0.865605354309082,0.197316974401474,-0.16802442073822021,0.014189919456839561,0.18254423141479492,-0.0,-1.4630775451660156,0.14948663115501404,1.276811122894287,0.15683037042617798,0.014609813690185547,0.0,0.0,12.268424034118652,-1.6456217765808105
16.79490852355957,0.8646318316459656,0.1922578662633896,-0.14707715809345245,0.04116864502429962,0.18254423141479492,-0.0,-1.4631342887878418,0.14389972388744354,1.304282307624817,0.10349053889513016,-0.028552770614624023,0.0,0.0,12.268424034118652,-1.6456785202026367
16.795408248901367,0.8626844882965088,0.195630744099617,-0.16802442073822021,0.014189919456839561,0.18254423141479492,-0.0,-1.4630848169326782,0.14310774207115173,1.2995525598526,0.13299071788787842,-0.0057070255279541016,0.0,0.0,12.268424034118652,-1.6456290483474731
16.795907974243164,0.8636582493782043,0.1939440816640854,-0.17769239842891693,0.049541354179382324,0.18254423141479492,-0.0,-1.4632561206817627,0.13284985721111298,1.3240904808044434,0.1366393119096756,-0.0046846866607666016,0.0,0.0,12.268424034118652,-1.6458003520965576
16.79640769958496,0.8636582493782043,0.1939440816640854,-0.17124707996845245,0.01605052314698696,0.18254423141479492,-0.0,-1.4630144834518433,0.14024528861045837,1.2818142175674438,0.12629833817481995,-0.009561300277709961,0.0,0.0,12.268424034118652,-1.6455587148666382
16.796905517578125,0.8656055927276611,0.19057120382785797,-0.18897168338298798,0.05791406333446503,0.18254423141479492,-0.0,-1.4628626108169556,0.14356577396392822,1.3311923742294312,0.09211631864309311,-0.03896069526672363,0.0,0.0,12.268424034118652,-1.6454068422317505
16.797405242919922,0.8626844882965088,0.195630744099617,-0.16802442073822021,0.014189919456839561,0.18254423141479492,-0.0,-1.4633351564407349,0.12089363485574722,1.2904651165008545,0.12620007991790771,-0.009978294372558594,0.0,0.0,12.268424034118652,-1.6458793878555298
16.79790687561035,0.8636582493782043,0.1939440816640854,-0.17285840213298798,0.03186563774943352,0.18254423141479492,-0.0,-1.4629071950912476,0.13633504509925842,1.2630250453948975,0.11946749687194824,-0.013592958450317383,0.0,0.0,12.268424034118652,-1.6454514265060425
16.79840660095215,0.8626844882965088,0.195630744099617,-0.17124707996845245,0.023492936044931412,0.18254423141479492,-0.0,-1.4631184339523315,0.12471798807382584,1.2965537309646606,0.1421569138765335,0.0015761852264404297,0.0,0.0,12.268424034118652,-1.6456626653671265
16.798906326293945,0.8646318316459656,0.1922578662633896,-0.17769239842891693,0.04395955428481102,0.18254423141479492,-0.0,-1.463286280632019,0.11501405388116837,1.307779312133789,0.10395073890686035,-0.028270244598388672,0.0,0.0,12.268424034118652,-1.645830512046814
16.799406051635742,0.8626844882965088,0.195630744099617,-0.16802442073822021,0.021632332354784012,0.18254423141479492,-0.0,-1.463272213935852,0.11332589387893677,1.2840421199798584,0.1354353427886963,-0.002409219741821289,0.0,0.0,12.268424034118652,-1.645816445350647
16.79990577697754,0.8636582493782043,0.1939440816640854,-0.16480176150798798,0.008608118630945683,0.18254423141479492,-0.0,-1.4630388021469116,0.12077071517705917,1.2628320455551147,0.11867959052324295,-0.014072418212890625,0.0,0.0,12.268424034118652,-1.6455830335617065
16.800405502319336,0.8626844882965088,0.195630744099617,-0.15996778011322021,0.01698082871735096,0.18254423141479492,-0.0,-1.462859869003296,0.12571702897548676,1.2982206344604492,0.1339106559753418,-0.00513005256652832,0.0,0.0,12.268424034118652,-1.6454041004180908
16.8009033203125,0.8626844882965088,0.195630744099617,-0.1905830204486847,0.01605053059756756,0.18254423141479492,-0.0,-1.4629334211349487,0.11999237537384033,1.313309907913208,0.1487749218940735,0.004999399185180664,0.0,0.0,12.268424034118652,-1.6454776525497437
16.801403045654297,0.8626844882965088,0.195630744099617,-0.16802442073822021,0.01791112683713436,0.18254423141479492,-0.0,-1.4627017974853516,0.12723278999328613,1.2877919673919678,0.1426476240158081,0.002276897430419922,0.0,0.0,12.268424034118652,-1.6452460289001465
16.801904678344727,0.8636580109596252,0.20068985223770142,-0.14707715809345245,0.013259622268378735,0.18254423141479492,-0.0,-1.4623692035675049,0.13867387175559998,1.2392688989639282,0.19109727442264557,0.04480314254760742,0.0,0.0,12.268424034118652,-1.6449134349822998
16.802404403686523,0.865605354309082,0.197316974401474,-0.17285840213298798,0.020702026784420013,0.18254423141479492,-0.0,-1.461816430091858,0.15893572568893433,1.2875648736953735,0.1528947651386261,0.009305715560913086,0.0,0.0,12.268424034118652,-1.6443606615066528
16.80290412902832,0.8626844882965088,0.195630744099617,-0.17608106136322021,0.04302924871444702,0.18254423141479492,-0.0,-1.4615142345428467,0.1683487445116043,1.2432548999786377,0.15900075435638428,0.01804971694946289,0.0,0.0,12.268424034118652,-1.6440584659576416
16.803403854370117,0.865605354309082,0.197316974401474,-0.16319043934345245,0.01139901950955391,0.18254423141479492,-0.0,-1.4611408710479736,0.18059095740318298,1.2824904918670654,0.1458429992198944,0.003652334213256836,0.0,0.0,12.268424034118652,-1.6436851024627686
16.803903579711914,0.8646318316459656,0.1922578662633896,-0.1905830204486847,0.06628676503896713,0.18254423141479492,-0.0,-1.4610923528671265,0.17867997288703918,1.3187638521194458,0.08947394788265228,-0.04207730293273926,0.0,0.0,12.268424034118652,-1.6436365842819214
16.80440330505371,0.8626844882965088,0.195630744099617,-0.16157911717891693,0.027214132249355316,0.18254423141479492,-0.0,-1.461378574371338,0.16319599747657776,1.2868648767471313,0.15525272488594055,0.01074528694152832,0.0,0.0,12.268424034118652,-1.6439228057861328
16.804903030395508,0.865605354309082,0.197316974401474,-0.1502998173236847,0.04302924871444702,0.18254423141479492,-0.0,-1.46111261844635,0.17099279165267944,1.2459832429885864,0.1613122820854187,0.01920318603515625,0.0,0.0,12.268424034118652,-1.643656849861145
16.805404663085938,0.865605354309082,0.197316974401474,-0.17124707996845245,0.01605052314698696,0.18254423141479492,-0.0,-1.4610753059387207,0.16907677054405212,1.2841784954071045,0.1497272551059723,0.006432056427001953,0.0,0.0,12.268424034118652,-1.6436195373535156
16.805904388427734,0.8646318316459656,0.1990031898021698,-0.16480176150798798,0.012329316698014736,0.18254423141479492,-0.0,-1.4604558944702148,0.19147081673145294,1.2697083950042725,0.17108218371868134,0.023757457733154297,0.0,0.0,12.268424034118652,-1.6430001258850098
16.80640411376953,0.8636582493782043,0.1939440816640854,-0.16963575780391693,0.01884143240749836,0.18254423141479492,-0.0,-1.4597320556640625,0.21774132549762726,1.2931935787200928,0.12183081358671188,-0.017131567001342773,0.0,0.0,12.268424034118652,-1.6422762870788574
16.806903839111328,0.865605354309082,0.197316974401474,-0.16480176150798798,0.012329316698014736,0.18254423141479492,-0.0,-1.459591269493103,0.21911311149597168,1.292986512184143,0.15714356303215027,0.009851455688476562,0.0,0.0,12.268424034118652,-1.642135500907898
16.807403564453125,0.8626844882965088,0.195630744099617,-0.16480176150798798,0.01605052314698696,0.18254423141479492,-0.0,-1.458560585975647,0.25771594047546387,1.2973803281784058,0.1399446725845337,-0.00471806526184082,0.0,0.0,12.268424034118652,-1.641104817390442
16.807903289794922,0.8646318316459656,0.1990031898021698,-0.16480176150798798,0.043959543108940125,0.18254423141479492,-0.0,-1.4586981534957886,0.24659405648708344,1.2389836311340332,0.18291336297988892,0.03470206260681152,0.0,0.0,12.268424034118652,-1.6412423849105835
16.80840301513672,0.8626844882965088,0.195630744099617,-0.16480176150798798,0.012329316698014736,0.18254423141479492,-0.0,-1.4583401679992676,0.2564336955547333,1.291195273399353,0.13125967979431152,-0.011107683181762695,0.0,0.0,12.268424034118652,-1.6408843994140625
16.80890464782715,0.8656055927276611,0.19057120382785797,-0.18897168338298798,0.06535645574331284,0.18254423141479492,-0.0,-1.4585633277893066,0.24154247343540192,1.3485467433929443,0.06332243233919144,-0.06550478935241699,0.0,0.0,12.268424034118652,-1.6411075592041016
16.809404373168945,0.8636582493782043,0.1939440816640854,-0.17124707996845245,0.023492936044931412,0.18254423141479492,-0.0,-1.4593183994293213,0.20510829985141754,1.2812180519104004,0.137937530875206,-0.004178762435913086,0.0,0.0,12.268424034118652,-1.6418626308441162
16.809904098510742,0.8636582493782043,0.1939440816640854,-0.18897168338298798,0.08024127036333084,0.18254423141479492,-0.0,-1.4595774412155151,0.19000647962093353,1.278860330581665,0.14149042963981628,-0.0009698867797851562,0.0,0.0,12.268424034118652,-1.64212167263031
16.81040382385254,0.8626844882965088,0.195630744099617,-0.17124707996845245,0.01605052314698696,0.18254423141479492,-0.0,-1.460067629814148,0.16570763289928436,1.2872916460037231,0.14821310341358185,0.003973960876464844,0.0,0.0,12.268424034118652,-1.6426118612289429
16.810903549194336,0.8636582493782043,0.1939440816640854,-0.1664130985736847,0.028144439682364464,0.18254423141479492,-0.0,-1.459854245185852,0.17113637924194336,1.2907441854476929,0.12841671705245972,-0.011770248413085938,0.0,0.0,12.268424034118652,-1.642398476600647
16.811403274536133,0.865605354309082,0.197316974401474,-0.17124707996845245,0.01605052314698696,0.18254423141479492,-0.0,-1.459960699081421,0.1631871908903122,1.2802443504333496,0.1478041261434555,0.0041773319244384766,0.0,0.0,12.268424034118652,-1.6425049304962158
16.811904907226562,0.8626844882965088,0.195630744099617,-0.18736036121845245,0.006747515872120857,0.18254423141479492,-0.0,-1.4593287706375122,0.1862427294254303,1.2944660186767578,0.142487570643425,-0.001779794692993164,0.0,0.0,12.268424034118652,-1.6418730020523071
16.81240463256836,0.8626844882965088,0.195630744099617,-0.1341865360736847,-0.005346391815692186,0.18254423141479492,-0.0,-1.4594782590866089,0.1760343760251999,1.293163776397705,0.12055817991495132,-0.01837754249572754,0.0,0.0,12.268424034118652,-1.6420224905014038
16.812904357910156,0.8626844882965088,0.195630744099617,-0.14063183963298798,0.03744743764400482,0.18254423141479492,-0.0,-1.4594955444335938,0.1715995967388153,1.3147727251052856,0.1499030441045761,0.0022902488708496094,0.0,0.0,12.268424034118652,-1.6420397758483887
16.81340217590332,0.8636582493782043,0.1939440816640854,-0.16802442073822021,0.01791112683713436,0.18254423141479492,-0.0,-1.459519386291504,0.16706645488739014,1.2949949502944946,0.12495114654302597,-0.015094518661499023,0.0,0.0,12.268424034118652,-1.6420636177062988
16.813901901245117,0.8646318316459656,0.1922578662633896,-0.1502998173236847,0.04302924871444702,0.18254423141479492,-0.0,-1.4597313404083252,0.15461024641990662,1.2820674180984497,0.10012014955282211,-0.033217668533325195,0.0,0.0,12.268424034118652,-1.6422755718231201
16.814401626586914,0.865605354309082,0.197316974401474,-0.16802442073822021,0.01791112683713436,0.18254423141479492,-0.0,-1.4593000411987305,0.16967631876468658,1.2849912643432617,0.16000275313854218,0.012491464614868164,0.0,0.0,12.268424034118652,-1.6418442726135254
16.81490135192871,0.8646318316459656,0.1990031898021698,-0.18736036121845245,0.019771728664636612,0.18254423141479492,-0.0,-1.4594591856002808,0.1592913269996643,1.2715177536010742,0.14679299294948578,0.0036695003509521484,0.0,0.0,12.268424034118652,-1.6420034170150757
16.815401077270508,0.8636582493782043,0.1939440816640854,-0.16480176150798798,0.01605052314698696,0.18254423141479492,-0.0,-1.4593595266342163,0.16004681587219238,1.2810723781585693,0.12181786447763443,-0.0166475772857666,0.0,0.0,12.268424034118652,-1.6419037580490112
16.815902709960938,0.8646318316459656,0.1990031898021698,-0.1664130985736847,0.009538425132632256,0.18254423141479492,-0.0,-1.4588234424591064,0.1791956126689911,1.2462345361709595,0.16562941670417786,0.020301342010498047,0.0,0.0,12.268424034118652,-1.6413676738739014
16.816402435302734,0.8626844882965088,0.195630744099617,-0.17124707996845245,0.019771728664636612,0.18254423141479492,-0.0,-1.4583489894866943,0.19528383016586304,1.2942687273025513,0.1312372386455536,-0.011376619338989258,0.0,0.0,12.268424034118652,-1.6408932209014893
16.81690216064453,0.8656055927276611,0.19057120382785797,-0.1744697391986847,0.05698375776410103,0.18254423141479492,-0.0,-1.458764672279358,0.1736244261264801,1.3410696983337402,0.061494939029216766,-0.06642842292785645,0.0,0.0,12.268424034118652,-1.6413089036941528
16.817401885986328,0.8626844882965088,0.195630744099617,-0.16480176150798798,0.012329316698014736,0.18254423141479492,-0.0,-1.4591513872146606,0.1540231555700302,1.294585108757019,0.14450974762439728,-0.00042939186096191406,0.0,0.0,12.268424034118652,-1.6416956186294556
16.817899703979492,0.8626844882965088,0.195630744099617,-0.1905830204486847,0.06628676503896713,0.18254423141479492,-0.0,-1.4584699869155884,0.17943337559700012,1.2860963344573975,0.17761904001235962,0.025077104568481445,0.0,0.0,12.268424034118652,-1.6410142183303833
16.81839942932129,0.8636582493782043,0.1939440816640854,-0.17124707996845245,0.01605052314698696,0.18254423141479492,-0.0,-1.4588860273361206,0.1582752764225006,1.2981075048446655,0.12469814717769623,-0.01615738868713379,0.0,0.0,12.268424034118652,-1.6414302587509155
16.818899154663086,0.8626844882965088,0.195630744099617,-0.14063183963298798,0.03930804133415222,0.18254423141479492,-0.0,-1.4585402011871338,0.16943857073783875,1.2484928369522095,0.13496273756027222,-0.004536151885986328,0.0,0.0,12.268424034118652,-1.6410844326019287
16.819400787353516,0.865605354309082,0.197316974401474,-0.16802442073822021,0.014189919456839561,0.18254423141479492,-0.0,-1.4581900835037231,0.18073265254497528,1.2813938856124878,0.1576913744211197,0.009942293167114258,0.0,0.0,12.268424034118652,-1.640734314918518
16.819900512695312,0.8626844882965088,0.195630744099617,-0.16157911717891693,0.025353537872433662,0.18254423141479492,-0.0,-1.457789659500122,0.19372859597206116,1.3083585500717163,0.14268000423908234,-0.00433659553527832,0.0,0.0,12.268424034118652,-1.640333890914917
16.82040023803711,0.8636582493782043,0.1939440816640854,-0.16480176150798798,0.019771728664636612,0.18254423141479492,-0.0,-1.4579627513885498,0.18237745761871338,1.284447431564331,0.11085453629493713,-0.02679300308227539,0.0,0.0,12.268424034118652,-1.6405069828033447
16.820899963378906,0.8646318316459656,0.1990031898021698,-0.1905830204486847,0.012329325079917908,0.18254423141479492,-0.0,-1.4581438302993774,0.17094828188419342,1.2971590757369995,0.16081653535366058,0.010796308517456055,0.0,0.0,12.268424034118652,-1.6406880617141724
16.821399688720703,0.8626844882965088,0.195630744099617,-0.16802442073822021,0.014189919456839561,0.18254423141479492,-0.0,-1.4580073356628418,0.17303217947483063,1.286667823791504,0.13181868195533752,-0.01068258285522461,0.0,0.0,12.268424034118652,-1.6405515670776367
16.8218994140625,0.8626844882965088,0.195630744099617,-0.13902051746845245,0.025353537872433662,0.18254423141479492,-0.0,-1.4581307172775269,0.16409555077552795,1.269365906715393,0.11845917254686356,-0.01964116096496582,0.0,0.0,12.268424034118652,-1.6406749486923218
16.822399139404297,0.8626844882965088,0.195630744099617,-0.16480176150798798,0.012329316698014736,0.18254423141479492,-0.0,-1.4581631422042847,0.15939529240131378,1.2930103540420532,0.14822843670845032,0.0015666484832763672,0.0,0.0,12.268424034118652,-1.6407073736190796
16.822900772094727,0.8646318316459656,0.1990031898021698,-0.14707715809345245,0.003956615459173918,0.18254423141479492,-0.0,-1.4582934379577637,0.15051038563251495,1.2692633867263794,0.14534786343574524,0.0015707015991210938,0.0,0.0,12.268424034118652,-1.6408376693725586
16.823400497436523,0.8626844882965088,0.195630744099617,-0.16480176150798798,0.012329316698014736,0.18254423141479492,-0.0,-1.4580081701278687,0.15931060910224915,1.28803551197052,0.1441110521554947,-0.0013196468353271484,0.0,0.0,12.268424034118652,-1.6405524015426636
16.82390022277832,0.865605354309082,0.197316974401474,-0.17285840213298798,0.018841423094272614,0.18254423141479492,-0.0,-1.4579411745071411,0.1587354838848114,1.258385419845581,0.14773884415626526,0.004083395004272461,0.0,0.0,12.268424034118652,-1.640485405921936
16.824399948120117,0.8636582493782043,0.1939440816640854,-0.16802442073822021,0.01791112683713436,0.18254423141479492,-0.0,-1.4580501317977905,0.15076376497745514,1.3361599445343018,0.10179894417524338,-0.03680920600891113,0.0,0.0,12.268424034118652,-1.6405943632125854
16.824899673461914,0.8636582493782043,0.1939440816640854,-0.17930372059345245,0.030005034059286118,0.18254423141479492,-0.0,-1.4582922458648682,0.13744141161441803,1.26235830783844,0.12281631678342819,-0.015537500381469727,0.0,0.0,12.268424034118652,-1.640836477279663
16.82539939880371,0.8626844882965088,0.195630744099617,-0.1583564579486847,0.008608118630945683,0.18254423141479492,-0.0,-1.458284854888916,0.13502627611160278,1.2858637571334839,0.1327325850725174,-0.00964665412902832,0.0,0.0,12.268424034118652,-1.640829086303711
16.825899124145508,0.8626844882965088,0.195630744099617,-0.18897168338298798,0.015120225958526134,0.18254423141479492,-0.0,-1.4584600925445557,0.12477654963731766,1.260556697845459,0.12375669926404953,-0.01449275016784668,0.0,0.0,12.268424034118652,-1.6410043239593506
16.826400756835938,0.8636582493782043,0.1939440816640854,-0.16802442073822021,0.021632332354784012,0.18254423141479492,-0.0,-1.4585627317428589,0.11784550547599792,1.3118040561676025,0.10947223007678986,-0.02905726432800293,0.0,0.0,12.268424034118652,-1.6411069631576538
16.826900482177734,0.8636580109596252,0.20068985223770142,-0.16157911717891693,0.010468722321093082,0.18254423141479492,-0.0,-1.4585059881210327,0.11781512200832367,1.2276787757873535,0.17670266330242157,0.030828475952148438,0.0,0.0,12.268424034118652,-1.6410502195358276
16.82740020751953,0.8636582493782043,0.1939440816640854,-0.16802442073822021,0.01791112683713436,0.18254423141479492,-0.0,-1.457607626914978,0.15292437374591827,1.305673360824585,0.11972948163747787,-0.02178502082824707,0.0,0.0,12.268424034118652,-1.640151858329773
16.827899932861328,0.865605354309082,0.197316974401474,-0.14063183963298798,0.03744743764400482,0.18254423141479492,-0.0,-1.4579390287399292,0.1358291506767273,1.2583601474761963,0.15619441866874695,0.010726690292358398,0.0,0.0,12.268424034118652,-1.6404832601547241
16.828399658203125,0.8626844882965088,0.195630744099617,-0.16963575780391693,0.015120225958526134,0.18254423141479492,-0.0,-1.4579105377197266,0.13417136669158936,1.2863154411315918,0.134559765458107,-0.008647680282592773,0.0,0.0,12.268424034118652,-1.6404547691345215
16.828899383544922,0.8636582493782043,0.1939440816640854,-0.17930372059345245,0.020702026784420013,0.18254423141479492,-0.0,-1.4578651189804077,0.1332443803548813,1.2480661869049072,0.11978485435247421,-0.01727581024169922,0.0,0.0,12.268424034118652,-1.6404093503952026
16.82939910888672,0.8626844882965088,0.195630744099617,-0.16480176150798798,0.019771728664636612,0.18254423141479492,-0.0,-1.4576877355575562,0.13798104226589203,1.294268012046814,0.14139555394649506,-0.0042645931243896484,0.0,0.0,12.268424034118652,-1.640231966972351
16.829898834228516,0.8646318316459656,0.1990031898021698,-0.20025098323822021,0.029074735939502716,0.18254423141479492,-0.0,-1.4576630592346191,0.1361711621284485,1.2590558528900146,0.1860705465078354,0.03377699851989746,0.0,0.0,12.268424034118652,-1.640207290649414
16.830398559570312,0.8626844882965088,0.195630744099617,-0.16480176150798798,0.012329316698014736,0.18254423141479492,-0.0,-1.4573858976364136,0.14491689205169678,1.2976049184799194,0.13267768919467926,-0.011516332626342773,0.0,0.0,12.268424034118652,-1.6399301290512085
16.83089828491211,0.8626844882965088,0.195630744099617,-0.16480176150798798,-0.002555491402745247,0.18254423141479492,-0.0,-1.4577245712280273,0.12760686874389648,1.327698826789856,0.12882250547409058,-0.016373634338378906,0.0,0.0,12.268424034118652,-1.6402688026428223
16.831398010253906,0.8636582493782043,0.1939440816640854,-0.16480176150798798,0.019771728664636612,0.18254423141479492,-0.0,-1.4576232433319092,0.12908388674259186,1.2926839590072632,0.11516346782445908,-0.024378061294555664,0.0,0.0,12.268424034118652,-1.640167474746704
16.831897735595703,0.865605354309082,0.197316974401474,-0.17285840213298798,0.002096012234687805,0.18254423141479492,-0.0,-1.4582453966140747,0.10004359483718872,1.2918670177459717,0.11554630100727081,-0.02341151237487793,0.0,0.0,12.268424034118652,-1.6407896280288696
16.8323974609375,0.8626844882965088,0.195630744099617,-0.16802442073822021,0.01791112683713436,0.18254423141479492,-0.0,-1.4574577808380127,0.1309352070093155,1.2878676652908325,0.1374412477016449,-0.007006406784057617,0.0,0.0,12.268424034118652,-1.6400020122528076
16.832897186279297,0.8626844882965088,0.195630744099617,-0.15996778011322021,0.01139901950955391,0.18254423141479492,-0.0,-1.4577312469482422,0.11657940596342087,1.312328577041626,0.12117094546556473,-0.021042585372924805,0.0,0.0,12.268424034118652,-1.640275478363037
16.833398818969727,0.8626844882965088,0.195630744099617,-0.17124707996845245,0.01605052314698696,0.18254423141479492,-0.0,-1.457623839378357,0.11865727603435516,1.2839618921279907,0.1351502388715744,-0.008293390274047852,0.0,0.0,12.268424034118652,-1.6401680707931519
16.833898544311523,0.8626844882965088,0.195630744099617,-0.15996778011322021,0.013259622268378735,0.18254423141479492,-0.0,-1.4580432176589966,0.0984928086400032,1.2993686199188232,0.1248626634478569,-0.01699066162109375,0.0,0.0,12.268424034118652,-1.6405874490737915
16.834396362304688,0.8636582493782043,0.1939440816640854,-0.17124707996845245,0.023492936044931412,0.18254423141479492,-0.0,-1.4577481746673584,0.10881827771663666,1.292938470840454,0.12674857676029205,-0.015357017517089844,0.0,0.0,12.268424034118652,-1.6402924060821533
16.834896087646484,0.8626844882965088,0.195630744099617,-0.17124707996845245,0.019771728664636612,0.18254423141479492,-0.0,-1.4581350088119507,0.09022936969995499,1.2986739873886108,0.1366654634475708,-0.007815122604370117,0.0,0.0,12.268424034118652,-1.6406792402267456
16.83539581298828,0.8636582493782043,0.1939440816640854,-0.16802442073822021,0.021632332354784012,0.18254423141479492,-0.0,-1.4574803113937378,0.11577997356653214,1.2963080406188965,0.12427832186222076,-0.017772912979125977,0.0,0.0,12.268424034118652,-1.6400245428085327
16.835895538330078,0.8626844882965088,0.195630744099617,-0.17124707996845245,0.021632332354784012,0.18254423141479492,-0.0,-1.457521915435791,0.1116153821349144,1.2880983352661133,0.1429801881313324,-0.0027000904083251953,0.0,0.0,12.268424034118652,-1.640066146850586
16.836395263671875,0.8626844882965088,0.195630744099617,-0.16157911717891693,0.017911134287714958,0.18254423141479492,-0.0,-1.4578500986099243,0.09552858024835587,1.3016616106033325,0.14058515429496765,-0.005349397659301758,0.0,0.0,12.268424034118652,-1.6403943300247192
16.836896896362305,0.8626844882965088,0.195630744099617,-0.16480176150798798,0.006747515872120857,0.18254423141479492,-0.0,-1.4581152200698853,0.08231936395168304,1.2756723165512085,0.12465027719736099,-0.015313386917114258,1.0,0.0,12.268424034118652,-1.6406594514846802
16.8373966217041,0.8626844882965088,0.195630744099617,-0.1744697391986847,0.025353537872433662,0.18254423141479492,-0.0,-1.4582312107086182,0.07563277333974838,1.314643383026123,0.12986403703689575,-0.014135599136352539,1.0,0.0,12.268424034118652,-1.640775442123413
16.8378963470459,0.865605354309082,0.197316974401474,-0.1664130985736847,0.024423232302069664,0.18254423141479492,-0.0,-1.4579999446868896,0.08371776342391968,1.287355661392212,0.1460873931646347,0.0002276897430419922,1.0,0.0,12.268424034118652,-1.6405441761016846
16.838396072387695,0.8626844882965088,0.195630744099617,-0.1744697391986847,0.029074735939502716,0.18254423141479492,-0.0,-1.4583793878555298,0.06603965163230896,1.298072099685669,0.14028240740299225,-0.004762887954711914,1.0,0.0,12.268424034118652,-1.6409236192703247
16.838895797729492,0.8626844882965088,0.195630744099617,-0.16802442073822021,0.01791112683713436,0.18254423141479492,-0.0,-1.4586002826690674,0.05538501217961311,1.303156852722168,0.137448251247406,-0.00712275505065918,1.0,0.0,12.268424034118652,-1.6411445140838623
16.83939552307129,0.8626844882965088,0.195630744099617,-0.1744697391986847,0.029074735939502716,0.18254423141479492,-0.0,-1.4589301347732544,0.04033387452363968,1.3105242252349854,0.14214549958705902,-0.0038263797760009766,1.0,0.0,12.268424034118652,-1.6414743661880493
16.839895248413086,0.8636582493782043,0.1939440816640854,-0.17769239842891693,0.030935339629650116,0.18254423141479492,-0.0,-1.4591577053070068,0.029868321493268013,1.2852756977081299,0.12616610527038574,-0.013837337493896484,1.0,0.0,12.268424034118652,-1.6417019367218018
16.840396881103516,0.8626844882965088,0.195630744099617,-0.1664130985736847,0.028144439682364464,0.18254423141479492,-0.0,-1.4594314098358154,0.01768847554922104,1.3113631010055542,0.12697356939315796,-0.014896631240844727,1.0,0.0,12.268424034118652,-1.6419756412506104
16.840896606445312,0.8636582493782043,0.1939440816640854,-0.17285840213298798,0.03558684140443802,0.18254423141479492,-0.0,-1.4594457149505615,0.0166546031832695,1.2788305282592773,0.13076819479465485,-0.009483098983764648,1.0,0.0,12.268424034118652,-1.6419899463653564
16.84139633178711,0.865605354309082,0.197316974401474,-0.16480176150798798,0.01605052314698696,0.18254423141479492,-0.0,-1.4595379829406738,0.012446669861674309,1.3084845542907715,0.1480039358139038,0.0013837814331054688,1.0,0.0,12.268424034118652,-1.6420822143554688
16.841896057128906,0.865605354309082,0.197316974401474,-0.15352247655391693,0.00581721868366003,0.18254423141479492,-0.0,-1.4596067667007446,0.00918081309646368,1.2568413019180298,0.13814294338226318,-0.0017201900482177734,1.0,0.0,12.268424034118652,-1.6421509981155396
16.842395782470703,0.8636582493782043,0.1939440816640854,-0.16157911717891693,0.025353537872433662,0.18254423141479492,-0.0,-1.459681749343872,0.005708618089556694,1.3189588785171509,0.11957898736000061,-0.020785093307495117,1.0,0.0,12.268424034118652,-1.642225980758667
16.8428955078125,0.8646318316459656,0.1990031898021698,-0.17285840213298798,0.024423232302069664,0.18254423141479492,-0.0,-1.4598724842071533,-0.0023639288265258074,1.2795099020004272,0.16877995431423187,0.020313024520874023,0.0,0.0,12.268424034118652,-1.6424167156219482
16.843395233154297,0.8626844882965088,0.195630744099617,-0.15996778011322021,0.013259622268378735,0.18254423141479492,-0.0,-1.460585117340088,-0.03238007798790932,1.3129326105117798,0.11977138370275497,-0.019330263137817383,0.0,0.0,12.268424034118652,-1.6431293487548828
16.843896865844727,0.8646318316459656,0.1990031898021698,-0.15513379871845245,0.006747515872120857,0.18254423141479492,-0.0,-1.4603774547576904,-0.023120105266571045,1.2561837434768677,0.16140252351760864,0.017432451248168945,0.0,0.0,12.268424034118652,-1.6429216861724854
16.844396591186523,0.8626844882965088,0.195630744099617,-0.16157911717891693,0.021632332354784012,0.18254423141479492,-0.0,-1.4605995416641235,-0.0321449413895607,1.313043236732483,0.12409437447786331,-0.016045570373535156,0.0,0.0,12.268424034118652,-1.6431437730789185
16.84489631652832,0.8636582493782043,0.1939440816640854,-0.17285840213298798,0.015120225958526134,0.18254423141479492,-0.0,-1.4611492156982422,-0.05456284061074257,1.332237958908081,0.13723649084568024,-0.00704503059387207,0.0,0.0,12.268424034118652,-1.643693447113037
16.845396041870117,0.8626844882965088,0.195630744099617,-0.1744697391986847,0.029074735939502716,0.18254423141479492,-0.0,-1.4619081020355225,-0.08546695113182068,1.2901227474212646,0.12117280066013336,-0.01533198356628418,0.0,0.0,12.268424034118652,-1.6444523334503174
16.845895767211914,0.8626844882965088,0.195630744099617,-0.15352247655391693,0.02070203423500061,0.18254423141479492,-0.0,-1.462310552597046,-0.1006096750497818,1.282607913017273,0.13000713288784027,-0.0075342655181884766,0.0,0.0,12.268424034118652,-1.6448547840118408
16.84639549255371,0.8646318316459656,0.1990031898021698,-0.1664130985736847,0.022562630474567413,0.18254423141479492,-0.0,-1.4626795053482056,-0.11397909373044968,1.2635653018951416,0.15271633863449097,0.012174129486083984,0.0,0.0,12.268424034118652,-1.6452237367630005
16.846893310546875,0.8636582493782043,0.1939440816640854,-0.16480176150798798,0.021632323041558266,0.18254423141479492,-0.0,-1.4625636339187622,-0.10682450234889984,1.2368035316467285,0.12402458488941193,-0.008358955383300781,0.0,0.0,12.268424034118652,-1.6451078653335571
16.847393035888672,0.8646318316459656,0.1990031898021698,-0.16157911717891693,0.014189928770065308,0.18254423141479492,-0.0,-1.4632759094238281,-0.13451717793941498,1.2784050703048706,0.14381316304206848,0.004476785659790039,0.0,0.0,12.268424034118652,-1.645820140838623
16.8478946685791,0.8626844882965088,0.195630744099617,-0.17285840213298798,0.043029237538576126,0.18254423141479492,-0.0,-1.4633108377456665,-0.13318249583244324,1.2308224439620972,0.1448986530303955,0.009696245193481445,0.0,0.0,12.268424034118652,-1.6458550691604614
16.8483943939209,0.865605354309082,0.197316974401474,-0.1744697391986847,0.021632332354784012,0.18254423141479492,-0.0,-1.463942289352417,-0.15686799585819244,1.2871980667114258,0.13886240124702454,0.0005600452423095703,0.0,0.0,12.268424034118652,-1.646486520767212
16.848894119262695,0.865605354309082,0.197316974401474,-0.17285840213298798,0.018841423094272614,0.18254423141479492,-0.0,-1.463889479637146,-0.1512908786535263,1.2404932975769043,0.14804382622241974,0.011873483657836914,0.0,0.0,12.268424034118652,-1.646433711051941
16.849393844604492,0.8626844882965088,0.195630744099617,-0.1744697391986847,0.029074735939502716,0.18254423141479492,-0.0,-1.464356780052185,-0.16784821450710297,1.3069851398468018,0.12715500593185425,-0.009551763534545898,0.0,0.0,12.268424034118652,-1.64690101146698
16.84989356994629,0.8636582493782043,0.1939440816640854,-0.17285840213298798,0.03372623026371002,0.18254423141479492,-0.0,-1.4643126726150513,-0.162425234913826,1.2444727420806885,0.12715281546115875,-0.004737138748168945,0.0,0.0,12.268424034118652,-1.6468569040298462
16.850393295288086,0.865605354309082,0.197316974401474,-0.1744697391986847,0.027214132249355316,0.18254423141479492,-0.0,-1.4650790691375732,-0.19117875397205353,1.279961347579956,0.13675130903720856,0.0006582736968994141,0.0,0.0,12.268424034118652,-1.6476233005523682
16.85089111328125,0.8636582493782043,0.1939440816640854,-0.1664130985736847,0.030005034059286118,0.18254423141479492,-0.0,-1.4655593633651733,-0.20742088556289673,1.2556796073913574,0.11308631300926208,-0.015553712844848633,0.0,0.0,12.268424034118652,-1.6481035947799683
16.85139274597168,0.8636582493782043,0.1939440816640854,-0.14868848025798798,0.006747515872120857,0.18254423141479492,-0.0,-1.466339111328125,-0.2358682006597519,1.3493973016738892,0.10472427308559418,-0.027196645736694336,0.0,0.0,12.268424034118652,-1.64888334274292
16.851892471313477,0.8636582493782043,0.1939440816640854,-0.16802442073822021,0.021632332354784012,0.18254423141479492,-0.0,-1.4660671949386597,-0.21961475908756256,1.3248026371002197,0.1214924231171608,-0.01340794563293457,0.0,0.0,12.268424034118652,-1.6486114263534546
16.852392196655273,0.865605354309082,0.197316974401474,-0.1744697391986847,0.029074735939502716,0.18254423141479492,-0.0,-1.4660686254501343,-0.21495337784290314,1.2798230648040771,0.15764886140823364,0.017838239669799805,0.0,0.0,12.268424034118652,-1.6486128568649292
16.85289192199707,0.8626844882965088,0.195630744099617,-0.17285840213298798,0.04488984867930412,0.18254423141479492,-0.0,-1.466493010520935,-0.22841095924377441,1.300816297531128,0.1358487457036972,-0.00032448768615722656,0.0,0.0,12.268424034118652,-1.64903724193573
16.853391647338867,0.865605354309082,0.197316974401474,-0.14868848025798798,0.008608118630945683,0.18254423141479492,-0.0,-1.4660718441009521,-0.20582011342048645,1.272992491722107,0.14631447196006775,0.009682893753051758,0.0,0.0,12.268424034118652,-1.648616075515747
16.853891372680664,0.8626844882965088,0.195630744099617,-0.17124707996845245,0.023492936044931412,0.18254423141479492,-0.0,-1.4659281969070435,-0.19561055302619934,1.2776967287063599,0.12888029217720032,-0.004422664642333984,0.0,0.0,12.268424034118652,-1.6484724283218384
16.85439109802246,0.8636582493782043,0.1939440816640854,-0.17608106136322021,0.030005034059286118,0.18254423141479492,-0.0,-1.4659651517868042,-0.19306710362434387,1.2956722974777222,0.13197626173496246,-0.003400564193725586,0.0,0.0,12.268424034118652,-1.6485093832015991
16.85489273071289,0.865605354309082,0.197316974401474,-0.16802442073822021,0.021632332354784012,0.18254423141479492,-0.0,-1.4661285877227783,-0.19590629637241364,1.285405158996582,0.1450856328010559,0.00769495964050293,0.0,0.0,12.268424034118652,-1.6486728191375732
16.855392456054688,0.8626844882965088,0.195630744099617,-0.1664130985736847,0.022562630474567413,0.18254423141479492,-0.0,-1.4661836624145508,-0.19403210282325745,1.2926851511001587,0.13977143168449402,0.003041982650756836,0.0,0.0,12.268424034118652,-1.6487278938293457
16.855892181396484,0.8636582493782043,0.1939440816640854,-0.17124707996845245,0.027214132249355316,0.18254423141479492,-0.0,-1.466050624847412,-0.1843964010477066,1.2762140035629272,0.12537668645381927,-0.00690913200378418,0.0,0.0,12.268424034118652,-1.648594856262207
16.85639190673828,0.8626844882965088,0.195630744099617,-0.16802442073822021,0.025353530421853065,0.18254423141479492,-0.0,-1.465777039527893,-0.1689591407775879,1.314697504043579,0.1391243040561676,0.0003559589385986328,0.0,0.0,12.268424034118652,-1.648321270942688
16.856891632080078,0.8626844882965088,0.195630744099617,-0.16480176150798798,0.012329316698014736,0.18254423141479492,-0.0,-1.4657107591629028,-0.16262395679950714,1.2809255123138428,0.1343729943037033,-0.0006215572357177734,0.0,0.0,12.268424034118652,-1.6482549905776978
16.857391357421875,0.8626844882965088,0.195630744099617,-0.16802442073822021,0.021632332354784012,0.18254423141479492,-0.0,-1.465914011001587,-0.16774483025074005,1.284097671508789,0.1347714215517044,-0.00036835670471191406,0.0,0.0,12.268424034118652,-1.6484582424163818
16.857891082763672,0.8636582493782043,0.1939440816640854,-0.17124707996845245,0.023492936044931412,0.18254423141479492,-0.0,-1.4661897420883179,-0.17592957615852356,1.3015990257263184,0.11609251797199249,-0.01577448844909668,0.0,0.0,12.268424034118652,-1.6487339735031128
16.8583927154541,0.8626844882965088,0.195630744099617,-0.1744697391986847,0.027214132249355316,0.18254423141479492,-0.0,-1.4662895202636719,-0.17639589309692383,1.28662109375,0.1454843282699585,0.008064508438110352,0.0,0.0,12.268424034118652,-1.6488337516784668
16.8588924407959,0.865605354309082,0.197316974401474,-0.16480176150798798,0.019771728664636612,0.18254423141479492,-0.0,-1.4665625095367432,-0.18430663645267487,1.2909011840820312,0.12975503504276276,-0.004133939743041992,0.0,0.0,12.268424034118652,-1.649106740951538
16.859392166137695,0.8626844882965088,0.195630744099617,-0.1744697391986847,0.027214132249355316,0.18254423141479492,-0.0,-1.4667912721633911,-0.19012677669525146,1.3116734027862549,0.13101325929164886,-0.00453495979309082,0.0,0.0,12.268424034118652,-1.649335503578186
16.859891891479492,0.865605354309082,0.197316974401474,-0.16480176150798798,0.023492926731705666,0.18254423141479492,-0.0,-1.4666693210601807,-0.18091081082820892,1.2789982557296753,0.1518394649028778,0.014035940170288086,0.0,0.0,12.268424034118652,-1.6492135524749756
16.86039161682129,0.8626844882965088,0.195630744099617,-0.1744697391986847,0.029074735939502716,0.18254423141479492,-0.0,-1.4666340351104736,-0.17565080523490906,1.286600947380066,0.13188935816287994,-0.002076387405395508,0.0,0.0,12.268424034118652,-1.6491782665252686
16.860891342163086,0.8626844882965088,0.195630744099617,-0.16802442073822021,0.021632332354784012,0.18254423141479492,-0.0,-1.466908574104309,-0.18345516920089722,1.286862850189209,0.13853269815444946,0.0033032894134521484,0.0,0.0,12.268424034118652,-1.649452805519104
16.861391067504883,0.8626844882965088,0.195630744099617,-0.16802442073822021,0.025353530421853065,0.18254423141479492,-0.0,-1.466541051864624,-0.16421978175640106,1.290687918663025,0.1345999836921692,-0.0004017353057861328,0.0,0.0,12.268424034118652,-1.649085283279419
16.861892700195312,0.865605354309082,0.197316974401474,-0.16802442073822021,0.021632332354784012,0.18254423141479492,-0.0,-1.467002511024475,-0.18025046586990356,1.2945029735565186,0.1347949355840683,-9.942054748535156e-05,0.0,0.0,12.268424034118652,-1.64954674243927
16.86239242553711,0.8636582493782043,0.1939440816640854,-0.15352247655391693,0.007677821442484856,0.18254423141479492,-0.0,-1.4670734405517578,-0.17957819998264313,1.3152306079864502,0.11506498605012894,-0.01658773422241211,0.0,0.0,12.268424034118652,-1.6496176719665527
16.862892150878906,0.8636582493782043,0.1939440816640854,-0.16157911717891693,0.029074745252728462,0.18254423141479492,-0.0,-1.466750979423523,-0.162274569272995,1.2821825742721558,0.1363925039768219,0.0018851757049560547,0.0,0.0,12.268424034118652,-1.6492952108383179
16.863391876220703,0.8626844882965088,0.195630744099617,-0.16157911717891693,0.021632332354784012,0.18254423141479492,-0.0,-1.466702938079834,-0.15689751505851746,1.2822314500808716,0.13146750628948212,-0.001981019973754883,0.0,0.0,12.268424034118652,-1.649247169494629
16.863889694213867,0.8626844882965088,0.195630744099617,-0.16802442073822021,0.032795943319797516,0.18254423141479492,-0.0,-1.4667268991470337,-0.1545325666666031,1.287524700164795,0.1518010050058365,0.013294219970703125,0.0,0.0,12.268424034118652,-1.6492711305618286
16.864389419555664,0.8626844882965088,0.195630744099617,-0.16319043934345245,0.01884143240749836,0.18254423141479492,-0.0,-1.466681718826294,-0.1493990421295166,1.286063313484192,0.13716158270835876,0.0020949840545654297,0.0,0.0,12.268424034118652,-1.6492259502410889
16.86488914489746,0.865605354309082,0.197316974401474,-0.16802442073822021,0.021632332354784012,0.18254423141479492,-0.0,-1.4662518501281738,-0.12808294594287872,1.2978116273880005,0.1614212542772293,0.019237279891967773,0.0,0.0,12.268424034118652,-1.6487960815429688
16.86539077758789,0.8626844882965088,0.195630744099617,-0.1744697391986847,0.029074735939502716,0.18254423141479492,-0.0,-1.4664313793182373,-0.13292524218559265,1.3023401498794556,0.15285927057266235,0.012480974197387695,0.0,0.0,12.268424034118652,-1.6489756107330322
16.865890502929688,0.8626844882965088,0.195630744099617,-0.16802442073822021,0.021632332354784012,0.18254423141479492,-0.0,-1.466552972793579,-0.13517887890338898,1.2954314947128296,0.1378926783800125,0.0017650127410888672,0.0,0.0,12.268424034118652,-1.649097204208374
16.866390228271484,0.8636582493782043,0.1939440816640854,-0.16480176150798798,0.023492926731705666,0.18254423141479492,-0.0,-1.4663838148117065,-0.12527810037136078,1.3256783485412598,0.11907848715782166,-0.014932394027709961,0.0,0.0,12.268424034118652,-1.6489280462265015
16.86688995361328,0.8626844882965088,0.195630744099617,-0.17124707996845245,0.023492936044931412,0.18254423141479492,-0.0,-1.4665418863296509,-0.12927763164043427,1.306944727897644,0.13932891190052032,0.0019159317016601562,0.0,0.0,12.268424034118652,-1.6490861177444458
16.867389678955078,0.8646318316459656,0.1990031898021698,-0.16319043934345245,0.015120225958526134,0.18254423141479492,-0.0,-1.466490387916565,-0.12432366609573364,1.2572516202926636,0.15766878426074982,0.020494461059570312,0.0,0.0,12.268424034118652,-1.6490346193313599
16.867887496948242,0.8626844882965088,0.195630744099617,-0.16802442073822021,0.021632332354784012,0.18254423141479492,-0.0,-1.4660521745681763,-0.10330643504858017,1.2902213335037231,0.14833875000476837,0.009731054306030273,0.0,0.0,12.268424034118652,-1.6485964059829712
16.86838722229004,0.8626844882965088,0.195630744099617,-0.1744697391986847,0.021632332354784012,0.18254423141479492,-0.0,-1.4661928415298462,-0.10707560926675797,1.295037865638733,0.12384321540594101,-0.009339094161987305,0.0,0.0,12.268424034118652,-1.6487370729446411
16.86888885498047,0.865605354309082,0.197316974401474,-0.16802442073822021,0.021632332354784012,0.18254423141479492,-0.0,-1.466331958770752,-0.11065676063299179,1.2951595783233643,0.14904558658599854,0.010115861892700195,0.0,0.0,12.268424034118652,-1.6488761901855469
16.869388580322266,0.8626844882965088,0.195630744099617,-0.16157911717891693,0.021632332354784012,0.18254423141479492,-0.0,-1.466544270515442,-0.11724104732275009,1.293339729309082,0.13198912143707275,-0.0026013851165771484,0.0,0.0,12.268424034118652,-1.6490885019302368
16.869888305664062,0.8626844882965088,0.195630744099617,-0.17124707996845245,0.03651713952422142,0.18254423141479492,-0.0,-1.4662972688674927,-0.10438910126686096,1.2848031520843506,0.1454274207353592,0.008211135864257812,0.0,0.0,12.268424034118652,-1.6488415002822876
16.87038803100586,0.8636582493782043,0.1939440816640854,-0.1744697391986847,0.025353537872433662,0.18254423141479492,-0.0,-1.4662169218063354,-0.0988461896777153,1.301835298538208,0.12704502046108246,-0.0073621273040771484,0.0,0.0,12.268424034118652,-1.6487611532211304
16.870887756347656,0.8636582493782043,0.1939440816640854,-0.16802442073822021,0.032795943319797516,0.18254423141479492,-0.0,-1.4662312269210815,-0.09745737165212631,1.2989075183868408,0.12021775543689728,-0.012359380722045898,0.0,0.0,12.268424034118652,-1.6487754583358765
16.871387481689453,0.865605354309082,0.197316974401474,-0.16480176150798798,0.01605052314698696,0.18254423141479492,-0.0,-1.467039942741394,-0.12927789986133575,1.2729061841964722,0.1397085040807724,0.005541563034057617,0.0,0.0,12.268424034118652,-1.649584174156189
16.87188720703125,0.8626844882965088,0.195630744099617,-0.16157911717891693,0.014189928770065308,0.18254423141479492,-0.0,-1.4663482904434204,-0.09747246652841568,1.2754210233688354,0.14911969006061554,0.011959075927734375,0.0,0.0,12.268424034118652,-1.6488925218582153
16.87238883972168,0.865605354309082,0.197316974401474,-0.1744697391986847,0.029074735939502716,0.18254423141479492,-0.0,-1.4663008451461792,-0.09338181465864182,1.252874493598938,0.15125548839569092,0.01568436622619629,0.0,0.0,12.268424034118652,-1.6488450765609741
16.872888565063477,0.8626844882965088,0.195630744099617,-0.16802442073822021,0.03093533031642437,0.18254423141479492,-0.0,-1.4662400484085083,-0.0888955220580101,1.2917068004608154,0.1360061764717102,0.00032067298889160156,0.0,0.0,12.268424034118652,-1.6487842798233032
16.873388290405273,0.8626844882965088,0.195630744099617,-0.1744697391986847,0.025353537872433662,0.18254423141479492,-0.0,-1.4663503170013428,-0.09157077968120575,1.2978110313415527,0.1405056118965149,0.003381013870239258,0.0,0.0,12.268424034118652,-1.6488945484161377
16.87388801574707,0.8626844882965088,0.195630744099617,-0.16802442073822021,0.021632332354784012,0.18254423141479492,-0.0,-1.466005802154541,-0.0752500668168068,1.2995609045028687,0.12866562604904175,-0.006155967712402344,0.0,0.0,12.268424034118652,-1.648550033569336
16.874387741088867,0.8626844882965088,0.195630744099617,-0.16802442073822021,0.025353530421853065,0.18254423141479492,-0.0,-1.4659883975982666,-0.07296620309352875,1.2827167510986328,0.13360969722270966,-0.0010492801666259766,0.0,0.0,12.268424034118652,-1.6485326290130615
16.874887466430664,0.8626844882965088,0.195630744099617,-0.16802442073822021,0.021632332354784012,0.18254423141479492,-0.0,-1.4661898612976074,-0.07980917394161224,1.2886395454406738,0.14648738503456116,0.008593082427978516,0.0,0.0,12.268424034118652,-1.6487340927124023
16.87538719177246,0.8626844882965088,0.195630744099617,-0.1744697391986847,0.025353537872433662,0.18254423141479492,-0.0,-1.4656884670257568,-0.05713704228401184,1.296821117401123,0.1390722692012787,0.001712799072265625,0.0,0.0,12.268424034118652,-1.6482326984405518
16.87588882446289,0.865605354309082,0.197316974401474,-0.16802442073822021,0.03093533031642437,0.18254423141479492,-0.0,-1.4654080867767334,-0.044161755591630936,1.3019088506698608,0.1519484668970108,0.010828733444213867,0.0,0.0,12.268424034118652,-1.6479523181915283
16.876388549804688,0.865605354309082,0.197316974401474,-0.1744697391986847,0.029074735939502716,0.18254423141479492,-0.0,-1.4659411907196045,-0.06566710770130157,1.2908185720443726,0.1435725837945938,0.005918264389038086,0.0,0.0,12.268424034118652,-1.6484854221343994
16.876888275146484,0.8626844882965088,0.195630744099617,-0.16802442073822021,0.03093533031642437,0.18254423141479492,-0.0,-1.465756893157959,-0.056534335017204285,1.2878620624542236,0.14353898167610168,0.005963802337646484,0.0,0.0,12.268424034118652,-1.648301124572754
16.87738800048828,0.8636582493782043,0.1939440816640854,-0.20025098323822021,0.04023835435509682,0.18254423141479492,-0.0,-1.4657009840011597,-0.05303317308425903,1.2910940647125244,0.13380804657936096,-0.001850128173828125,0.0,0.0,12.268424034118652,-1.6482452154159546
16.877887725830078,0.865605354309082,0.197316974401474,-0.17124707996845245,0.023492936044931412,0.18254423141479492,-0.0,-1.4655251502990723,-0.044386547058820724,1.2883386611938477,0.16256631910800934,0.02031874656677246,0.0,0.0,12.268424034118652,-1.6480693817138672
16.878387451171875,0.8626844882965088,0.195630744099617,-0.1744697391986847,0.027214132249355316,0.18254423141479492,-0.0,-1.4656492471694946,-0.048639118671417236,1.283185362815857,0.14321142435073853,0.006008148193359375,0.0,0.0,12.268424034118652,-1.6481934785842896
16.878887176513672,0.8626844882965088,0.195630744099617,-0.16802442073822021,0.03465653583407402,0.18254423141479492,-0.0,-1.4656541347503662,-0.04779659956693649,1.291935920715332,0.14216382801532745,0.0044591426849365234,0.0,0.0,12.268424034118652,-1.6481983661651611
16.8793888092041,0.8626844882965088,0.195630744099617,-0.1744697391986847,0.030935339629650116,0.18254423141479492,-0.0,-1.4661223888397217,-0.06641138345003128,1.3073973655700684,0.15040814876556396,0.009885549545288086,0.0,0.0,12.268424034118652,-1.6486666202545166
16.8798885345459,0.8636582493782043,0.1939440816640854,-0.17124707996845245,0.03837774321436882,0.18254423141479492,-0.0,-1.4660224914550781,-0.0608629435300827,1.288165807723999,0.1287965625524521,-0.005162477493286133,0.0,0.0,12.268424034118652,-1.648566722869873
16.880388259887695,0.8626844882965088,0.195630744099617,-0.15513379871845245,0.01791112683713436,0.18254423141479492,-0.0,-1.4660156965255737,-0.059279244393110275,1.2945762872695923,0.13103102147579193,-0.003945112228393555,0.0,0.0,12.268424034118652,-1.6485599279403687
16.88088607788086,0.8626844882965088,0.195630744099617,-0.16802442073822021,0.032795943319797516,0.18254423141479492,-0.0,-1.4658899307250977,-0.05277324095368385,1.2885335683822632,0.13796085119247437,0.001744985580444336,0.0,0.0,12.268424034118652,-1.6484341621398926
16.881385803222656,0.8626844882965088,0.195630744099617,-0.1744697391986847,0.023492936044931412,0.18254423141479492,-0.0,-1.4657506942749023,-0.04580884799361229,1.2918522357940674,0.13553433120250702,-0.0005309581756591797,0.0,0.0,12.268424034118652,-1.6482949256896973
16.881885528564453,0.8626844882965088,0.195630744099617,-0.17124707996845245,0.03837774321436882,0.18254423141479492,-0.0,-1.46552312374115,-0.03528133034706116,1.2924437522888184,0.14159218966960907,0.0038497447967529297,0.0,0.0,12.268424034118652,-1.6480673551559448
16.88238525390625,0.8626844882965088,0.195630744099617,-0.18897168338298798,0.03744743764400482,0.18254423141479492,-0.0,-1.465710997581482,-0.04234180226922035,1.2769232988357544,0.14415067434310913,0.007344484329223633,0.0,0.0,12.268424034118652,-1.6482552289962769
16.88288688659668,0.8636582493782043,0.1939440816640854,-0.17124707996845245,0.019771728664636612,0.18254423141479492,-0.0,-1.465282678604126,-0.023450942710042,1.2923122644424438,0.12693417072296143,-0.0076448917388916016,0.0,0.0,12.268424034118652,-1.647826910018921
16.883386611938477,0.8636582493782043,0.1939440816640854,-0.1744697391986847,0.025353537872433662,0.18254423141479492,-0.0,-1.4654631614685059,-0.030583517625927925,1.317731499671936,0.10691101849079132,-0.0244905948638916,0.0,0.0,12.268424034118652,-1.6480073928833008
16.883886337280273,0.8626844882965088,0.195630744099617,-0.16802442073822021,0.032795943319797516,0.18254423141479492,-0.0,-1.465255856513977,-0.02114926464855671,1.2918355464935303,0.155058816075325,0.013969182968139648,0.0,0.0,12.268424034118652,-1.647800087928772
16.88438606262207,0.865605354309082,0.197316974401474,-0.16802442073822021,0.025353530421853065,0.18254423141479492,-0.0,-1.465371012687683,-0.025523671880364418,1.2725073099136353,0.1581331491470337,0.018277883529663086,0.0,0.0,12.268424034118652,-1.647915244102478
16.884883880615234,0.865605354309082,0.197316974401474,-0.1583564579486847,0.030935339629650116,0.18254423141479492,-0.0,-1.4648555517196655,-0.003243314567953348,1.289542555809021,0.16866053640842438,0.024212121963500977,0.0,0.0,12.268424034118652,-1.6473997831344604
16.88538360595703,0.8626844882965088,0.195630744099617,-0.16802442073822021,0.01791112683713436,0.18254423141479492,-0.0,-1.464925765991211,-0.006198250222951174,1.2993111610412598,0.12138688564300537,-0.012772321701049805,0.0,0.0,12.268424034118652,-1.6474699974060059
16.885883331298828,0.865605354309082,0.197316974401474,-0.1664130985736847,0.015120225958526134,0.18254423141479492,-0.0,-1.4651460647583008,-0.015215408056974411,1.2847486734390259,0.1560138314962387,0.015252113342285156,0.0,0.0,12.268424034118652,-1.6476902961730957
16.886383056640625,0.8626844882965088,0.195630744099617,-0.14868848025798798,0.012329316698014736,0.18254423141479492,-0.0,-1.4649125337600708,-0.005096441600471735,1.3009514808654785,0.13446058332920074,-0.0029077529907226562,0.0,0.0,12.268424034118652,-1.6474567651748657
16.886884689331055,0.8626844882965088,0.195630744099617,-0.16802442073822021,0.032795943319797516,0.18254423141479492,-0.0,-1.4648431539535522,-0.0021088472567498684,1.2969030141830444,0.1442822813987732,0.004862308502197266,0.0,0.0,12.268424034118652,-1.6473873853683472
16.88738441467285,0.865605354309082,0.197316974401474,-0.15513379871845245,0.01791112683713436,0.18254423141479492,-0.0,-1.4651893377304077,-0.016547972336411476,1.280946969985962,0.14945650100708008,0.010583162307739258,0.0,0.0,12.268424034118652,-1.6477335691452026
16.88788414001465,0.8646318316459656,0.1922578662633896,-0.18736036121845245,0.029074735939502716,0.18254423141479492,-0.0,-1.4647589921951294,0.0017788533587008715,1.3554123640060425,0.09942552447319031,-0.03295111656188965,0.0,0.0,12.268424034118652,-1.6473032236099243
16.888383865356445,0.8626844882965088,0.195630744099617,-0.16157911717891693,0.021632332354784012,0.18254423141479492,-0.0,-1.4649460315704346,-0.00601753406226635,1.2852426767349243,0.14316584169864655,0.0051038265228271484,0.0,0.0,12.268424034118652,-1.6474902629852295
16.888883590698242,0.8636582493782043,0.1939440816640854,-0.17285840213298798,0.018841423094272614,0.18254423141479492,-0.0,-1.4654546976089478,-0.027484001591801643,1.2812784910202026,0.07977727055549622,-0.04334855079650879,0.0,0.0,12.268424034118652,-1.6479989290237427
16.88938331604004,0.865605354309082,0.197316974401474,-0.16802442073822021,0.025353530421853065,0.18254423141479492,-0.0,-1.4654226303100586,-0.025460543110966682,1.274604082107544,0.149490624666214,0.011416196823120117,0.0,0.0,12.268424034118652,-1.6479668617248535
16.889883041381836,0.865605354309082,0.197316974401474,-0.16802442073822021,0.021632332354784012,0.18254423141479492,-0.0,-1.4653260707855225,-0.020813584327697754,1.3026986122131348,0.15341168642044067,0.011796712875366211,0.0,0.0,12.268424034118652,-1.6478703022003174
16.890384674072266,0.8646318316459656,0.1922578662633896,-0.1744697391986847,0.029074735939502716,0.18254423141479492,-0.0,-1.465164303779602,-0.01367946621030569,1.3537514209747314,0.10012701153755188,-0.031942129135131836,0.0,0.0,12.268424034118652,-1.647708535194397
16.890884399414062,0.8626844882965088,0.195630744099617,-0.17285840213298798,0.03372623026371002,0.18254423141479492,-0.0,-1.4653618335723877,-0.021584559231996536,1.28468918800354,0.1424694061279297,0.005026102066040039,0.0,0.0,12.268424034118652,-1.6479060649871826
16.89138412475586,0.8636582493782043,0.1939440816640854,-0.1744697391986847,0.025353537872433662,0.18254423141479492,-0.0,-1.465470314025879,-0.025721639394760132,1.3136138916015625,0.1143118217587471,-0.018610239028930664,0.0,0.0,12.268424034118652,-1.6480145454406738
16.891883850097656,0.8636582493782043,0.1939440816640854,-0.16802442073822021,0.032795943319797516,0.18254423141479492,-0.0,-1.4657963514328003,-0.03886651620268822,1.27195143699646,0.12748843431472778,-0.005137443542480469,0.0,0.0,12.268424034118652,-1.6483405828475952
16.892383575439453,0.8636582493782043,0.1939440816640854,-0.1664130985736847,0.022562630474567413,0.18254423141479492,-0.0,-1.4659287929534912,-0.04360806569457054,1.3133797645568848,0.12132739275693893,-0.012819051742553711,0.0,0.0,12.268424034118652,-1.6484730243682861
16.89288330078125,0.8636582493782043,0.1939440816640854,-0.16802442073822021,0.03093533031642437,0.18254423141479492,-0.0,-1.4659497737884521,-0.04360596090555191,1.2906793355941772,0.12799377739429474,-0.006041765213012695,0.0,0.0,12.268424034118652,-1.648494005203247
16.893383026123047,0.8626844882965088,0.195630744099617,-0.1744697391986847,0.023492936044931412,0.18254423141479492,-0.0,-1.465843677520752,-0.03820875659584999,1.2819377183914185,0.13042590022087097,-0.003587961196899414,0.0,0.0,12.268424034118652,-1.6483879089355469
16.893884658813477,0.8626844882965088,0.195630744099617,-0.16802442073822021,0.021632332354784012,0.18254423141479492,-0.0,-1.465939998626709,-0.04145461320877075,1.292435646057129,0.13518379628658295,-0.0006556510925292969,0.0,0.0,12.268424034118652,-1.648484230041504
16.894384384155273,0.8626844882965088,0.195630744099617,-0.1744697391986847,0.027214132249355316,0.18254423141479492,-0.0,-1.4660663604736328,-0.045864809304475784,1.2921104431152344,0.14289595186710358,0.0054209232330322266,0.0,0.0,12.268424034118652,-1.6486105918884277
16.89488410949707,0.8626844882965088,0.195630744099617,-0.17124707996845245,0.023492936044931412,0.18254423141479492,-0.0,-1.4662154912948608,-0.0512385368347168,1.295709490776062,0.13046488165855408,-0.004264116287231445,0.0,0.0,12.268424034118652,-1.6487597227096558
16.895383834838867,0.865605354309082,0.197316974401474,-0.16157911717891693,0.01605053059756756,0.18254423141479492,-0.0,-1.4662741422653198,-0.05259299278259277,1.29568612575531,0.146116241812706,0.0077898502349853516,0.0,0.0,12.268424034118652,-1.6488183736801147
16.895883560180664,0.865605354309082,0.197316974401474,-0.16802442073822021,0.021632332354784012,0.18254423141479492,-0.0,-1.465494990348816,-0.018759826198220253,1.2870537042617798,0.1537688970565796,0.013659477233886719,0.0,0.0,12.268424034118652,-1.6480392217636108
16.89638328552246,0.865605354309082,0.197316974401474,-0.1744697391986847,0.029074735939502716,0.18254423141479492,-0.0,-1.465399146080017,-0.014338861219584942,1.2975265979766846,0.16146612167358398,0.018480539321899414,0.0,0.0,12.268424034118652,-1.647943377494812
16.896883010864258,0.865605354309082,0.197316974401474,-0.17124707996845245,0.019771728664636612,0.18254423141479492,-0.0,-1.4650301933288574,0.0014688324881717563,1.288516879081726,0.15194976329803467,0.011667013168334961,0.0,0.0,12.268424034118652,-1.6475744247436523
16.897384643554688,0.865605354309082,0.197316974401474,-0.15352247655391693,0.009538425132632256,0.18254423141479492,-0.0,-1.464954137802124,0.004631950985640287,1.3064144849777222,0.1433975249528885,0.003500699996948242,0.0,0.0,12.268424034118652,-1.647498369216919
16.89788246154785,0.8636582493782043,0.1939440816640854,-0.18091504275798798,0.03279593214392662,0.18254423141479492,-0.0,-1.465402364730835,-0.01421419158577919,1.3159927129745483,0.14656154811382294,0.005536794662475586,0.0,0.0,12.268424034118652,-1.6479465961456299
16.89838218688965,0.8636582493782043,0.1939440816640854,-0.16319043934345245,0.022562630474567413,0.18254423141479492,-0.0,-1.4656310081481934,-0.023465149104595184,1.33414626121521,0.11662831157445908,-0.018052339553833008,0.0,0.0,12.268424034118652,-1.6481752395629883
16.898881912231445,0.8626844882965088,0.195630744099617,-0.16802442073822021,0.032795943319797516,0.18254423141479492,-0.0,-1.465632438659668,-0.023000674322247505,1.2870465517044067,0.1366083025932312,0.0005757808685302734,0.0,0.0,12.268424034118652,-1.648176670074463
16.899381637573242,0.865605354309082,0.197316974401474,-0.16157911717891693,0.019771728664636612,0.18254423141479492,-0.0,-1.46576726436615,-0.028225572779774666,1.2771447896957397,0.1448100060224533,0.007898092269897461,0.0,0.0,12.268424034118652,-1.6483114957809448
16.89988136291504,0.8636582493782043,0.1939440816640854,-0.16802442073822021,0.03651713952422142,0.18254423141479492,-0.0,-1.4655624628067017,-0.01907220110297203,1.3052563667297363,0.12898384034633636,-0.006769418716430664,0.0,0.0,12.268424034118652,-1.6481066942214966
16.900381088256836,0.8626844882965088,0.195630744099617,-0.1744697391986847,0.032795943319797516,0.18254423141479492,-0.0,-1.4658801555633545,-0.03192371502518654,1.2864757776260376,0.15164130926132202,0.012457132339477539,0.0,0.0,12.268424034118652,-1.6484243869781494
16.900882720947266,0.8626844882965088,0.195630744099617,-0.15996778011322021,0.01698082871735096,0.18254423141479492,-0.0,-1.4658688306808472,-0.030766379088163376,1.2775520086288452,0.1360548585653305,0.0011637210845947266,0.0,0.0,12.268424034118652,-1.648413062095642
16.901382446289062,0.8626844882965088,0.195630744099617,-0.1744697391986847,0.025353537872433662,0.18254423141479492,-0.0,-1.4658091068267822,-0.027630209922790527,1.2932430505752563,0.13758130371570587,0.0009937286376953125,0.0,0.0,12.268424034118652,-1.6483533382415771
16.901880264282227,0.865605354309082,0.197316974401474,-0.16157911717891693,0.017911134287714958,0.18254423141479492,-0.0,-1.4653972387313843,-0.009599629789590836,1.2824759483337402,0.167741596698761,0.024758100509643555,0.0,0.0,12.268424034118652,-1.6479414701461792
16.902379989624023,0.865605354309082,0.197316974401474,-0.16480176150798798,0.03279593214392662,0.18254423141479492,-0.0,-1.464774250984192,0.016864674165844917,1.288653016090393,0.16724349558353424,0.023140668869018555,0.0,0.0,12.268424034118652,-1.6473184823989868
16.90287971496582,0.8636582493782043,0.1939440816640854,-0.17124707996845245,0.027214132249355316,0.18254423141479492,-0.0,-1.4686533212661743,-0.14675681293010712,1.2873225212097168,0.11105398833751678,-0.016205310821533203,0.0,0.0,12.268424034118652,-1.6511975526809692
16.903379440307617,0.8626844882965088,0.195630744099617,-0.1744697391986847,0.025353537872433662,0.18254423141479492,-0.0,-1.4682331085205078,-0.12600351870059967,1.2961022853851318,0.15048131346702576,0.013034582138061523,0.0,0.0,12.268424034118652,-1.6507773399353027
16.903879165649414,0.8626844882965088,0.195630744099617,-0.17124707996845245,0.023492936044931412,0.18254423141479492,-0.0,-1.4678950309753418,-0.10913020372390747,1.289326548576355,0.15138986706733704,0.014003515243530273,0.0,0.0,12.268424034118652,-1.6504392623901367
16.904380798339844,0.865605354309082,0.197316974401474,-0.1744697391986847,0.029074735939502716,0.18254423141479492,-0.0,-1.4674831628799438,-0.08952702581882477,1.2712680101394653,0.15317997336387634,0.016642332077026367,0.0,0.0,12.268424034118652,-1.6500273942947388
16.90488052368164,0.8636582493782043,0.1939440816640854,-0.15513379871845245,0.014189928770065308,0.18254423141479492,-0.0,-1.467321515083313,-0.08093508332967758,1.301103115081787,0.11942476779222488,-0.012021303176879883,0.0,0.0,12.268424034118652,-1.649865746498108
16.905380249023438,0.8636582493782043,0.1939440816640854,-0.16319043934345245,0.01884143240749836,0.18254423141479492,-0.0,-1.4676517248153687,-0.09314759820699692,1.3141448497772217,0.11088433861732483,-0.019077301025390625,0.0,0.0,12.268424034118652,-1.6501959562301636
16.905879974365234,0.8626844882965088,0.195630744099617,-0.16802442073822021,0.03093533031642437,0.18254423141479492,-0.0,-1.4673407077789307,-0.07806367427110672,1.2867928743362427,0.1486644297838211,0.011587858200073242,0.0,0.0,12.268424034118652,-1.6498849391937256
16.90637969970703,0.8626844882965088,0.195630744099617,-0.16319043934345245,0.022562630474567413,0.18254423141479492,-0.0,-1.4677048921585083,-0.09167131036520004,1.286447286605835,0.13709329068660736,0.0030574798583984375,0.0,0.0,12.268424034118652,-1.6502491235733032
16.906879425048828,0.8636582493782043,0.1939440816640854,-0.17124707996845245,0.034656547009944916,0.18254423141479492,-0.0,-1.4671375751495361,-0.06589795649051666,1.2861552238464355,0.14016366004943848,0.0048902034759521484,0.0,0.0,12.268424034118652,-1.649681806564331
16.907379150390625,0.865605354309082,0.197316974401474,-0.16157911717891693,0.021632332354784012,0.18254423141479492,-0.0,-1.467158317565918,-0.06532227993011475,1.2894272804260254,0.144807368516922,0.008209466934204102,0.0,0.0,12.268424034118652,-1.649702548980713
16.907880783081055,0.865605354309082,0.197316974401474,-0.15513379871845245,0.025353537872433662,0.18254423141479492,-0.0,-1.4670599699020386,-0.05972638353705406,1.2892756462097168,0.16434310376644135,0.023125886917114258,0.0,0.0,12.268424034118652,-1.6496042013168335
16.90838050842285,0.8636582493782043,0.1939440816640854,-0.1744697391986847,0.021632332354784012,0.18254423141479492,-0.0,-1.4671885967254639,-0.06399384140968323,1.2990987300872803,0.12279012799263,-0.009428977966308594,0.0,0.0,12.268424034118652,-1.6497328281402588
16.90888023376465,0.865605354309082,0.197316974401474,-0.16802442073822021,0.021632332354784012,0.18254423141479492,-0.0,-1.4667723178863525,-0.04504963755607605,1.2823601961135864,0.16480711102485657,0.023878812789916992,0.0,0.0,12.268424034118652,-1.6493165493011475
16.909379959106445,0.8626844882965088,0.195630744099617,-0.16319043934345245,0.024423232302069664,0.18254423141479492,-0.0,-1.4665284156799316,-0.033907700330019,1.307439923286438,0.1279589682817459,-0.006748199462890625,0.0,0.0,12.268424034118652,-1.6490726470947266
16.909879684448242,0.8636582493782043,0.1939440816640854,-0.15513379871845245,0.025353537872433662,0.18254423141479492,-0.0,-1.4666894674301147,-0.039999354630708694,1.2870312929153442,0.12426505982875824,-0.007899999618530273,0.0,0.0,12.268424034118652,-1.6492336988449097
16.91037940979004,0.8626844882965088,0.195630744099617,-0.1502998173236847,0.013259622268378735,0.18254423141479492,-0.0,-1.4669173955917358,-0.048775289207696915,1.3053359985351562,0.1219296008348465,-0.010802030563354492,0.0,0.0,12.268424034118652,-1.6494616270065308
16.910879135131836,0.8626844882965088,0.195630744099617,-0.16802442073822021,0.03093533031642437,0.18254423141479492,-0.0,-1.4662201404571533,-0.018535595387220383,1.2851579189300537,0.13774855434894562,0.002203226089477539,0.0,0.0,12.268424034118652,-1.6487643718719482
16.911380767822266,0.8626844882965088,0.195630744099617,-0.1744697391986847,0.025353537872433662,0.18254423141479492,-0.0,-1.4661133289337158,-0.013666292652487755,1.3117345571517944,0.14602059125900269,0.0062007904052734375,0.0,0.0,12.268424034118652,-1.6486575603485107
16.911880493164062,0.865605354309082,0.197316974401474,-0.14707715809345245,0.009538425132632256,0.18254423141479492,-0.0,-1.4657374620437622,0.0024259311612695456,1.2686337232589722,0.15463599562644958,0.016303539276123047,0.0,0.0,12.268424034118652,-1.6482816934585571
16.91238021850586,0.8636582493782043,0.1939440816640854,-0.1664130985736847,0.024423232302069664,0.18254423141479492,-0.0,-1.4652572870254517,0.022470485419034958,1.2907099723815918,0.12743496894836426,-0.007148027420043945,0.0,0.0,12.268424034118652,-1.6478015184402466
16.912879943847656,0.8626844882965088,0.195630744099617,-0.16963575780391693,0.013259630650281906,0.18254423141479492,-0.0,-1.4652824401855469,0.02097686007618904,1.304047703742981,0.1304725855588913,-0.005810976028442383,0.0,0.0,12.268424034118652,-1.6478266716003418
16.913379669189453,0.865605354309082,0.197316974401474,-0.16480176150798798,0.012329316698014736,0.18254423141479492,-0.0,-1.464520812034607,0.05251220986247063,1.2858860492706299,0.14397907257080078,0.0052683353424072266,0.0,0.0,12.268424034118652,-1.6470650434494019
16.913877487182617,0.8626844882965088,0.195630744099617,-0.17608106136322021,0.024423232302069664,0.18254423141479492,-0.0,-1.4641799926757812,0.06562477350234985,1.3024767637252808,0.13323122262954712,-0.004677772521972656,0.0,0.0,12.268424034118652,-1.6467242240905762
16.914377212524414,0.8626844882965088,0.195630744099617,-0.16802442073822021,0.014189919456839561,0.18254423141479492,-0.0,-1.464035987854004,0.07036284357309341,1.296094298362732,0.14499084651470184,0.004687070846557617,0.0,0.0,12.268424034118652,-1.6465802192687988
16.914878845214844,0.8626844882965088,0.195630744099617,-0.17124707996845245,0.019771728664636612,0.18254423141479492,-0.0,-1.4643644094467163,0.05498151853680611,1.2998391389846802,0.1282884180545807,-0.008070230484008789,0.0,0.0,12.268424034118652,-1.6469086408615112
16.91537857055664,0.8626844882965088,0.195630744099617,-0.16480176150798798,0.012329316698014736,0.18254423141479492,-0.0,-1.463759183883667,0.07924555987119675,1.3002790212631226,0.1372671276330948,-0.001840353012084961,0.0,0.0,12.268424034118652,-1.646303415298462
16.915878295898438,0.865605354309082,0.197316974401474,-0.1664130985736847,0.007677821442484856,0.18254423141479492,-0.0,-1.46396803855896,0.06859679520130157,1.3105067014694214,0.12455260008573532,-0.012099027633666992,0.0,0.0,12.268424034118652,-1.6465122699737549
16.916378021240234,0.865605354309082,0.197316974401474,-0.17285840213298798,0.016980819404125214,0.18254423141479492,-0.0,-1.4636882543563843,0.07892648130655289,1.2727352380752563,0.1537678986787796,0.013207674026489258,0.0,0.0,12.268424034118652,-1.6462324857711792
16.91687774658203,0.8636582493782043,0.1939440816640854,-0.17769239842891693,0.021632332354784012,0.18254423141479492,-0.0,-1.46341872215271,0.0884973406791687,1.3195191621780396,0.12371288985013962,-0.01392364501953125,0.0,0.0,12.268424034118652,-1.6459629535675049
16.917377471923828,0.8626844882965088,0.195630744099617,-0.16480176150798798,0.019771728664636612,0.18254423141479492,-0.0,-1.46355402469635,0.08108461648225784,1.2768396139144897,0.14188961684703827,0.003470897674560547,0.0,0.0,12.268424034118652,-1.646098256111145
16.917877197265625,0.8626844882965088,0.195630744099617,-0.17124707996845245,0.01791112683713436,0.18254423141479492,-0.0,-1.4638104438781738,0.06851990520954132,1.3006629943847656,0.12329622358083725,-0.012502908706665039,0.0,0.0,12.268424034118652,-1.6463546752929688
16.91837501525879,0.8626844882965088,0.195630744099617,-0.16480176150798798,0.019771728664636612,0.18254423141479492,-0.0,-1.4633467197418213,0.08653517067432404,1.2807668447494507,0.1359551101922989,-0.001672506332397461,0.0,0.0,12.268424034118652,-1.6458909511566162
16.91887664794922,0.8626844882965088,0.195630744099617,-0.17124707996845245,0.021632332354784012,0.18254423141479492,-0.0,-1.4632678031921387,0.08799244463443756,1.2956347465515137,0.13263757526874542,-0.0055048465728759766,0.0,0.0,12.268424034118652,-1.6458120346069336
16.919376373291016,0.8636582493782043,0.1939440816640854,-0.17124707996845245,0.023492936044931412,0.18254423141479492,-0.0,-1.4634510278701782,0.07852695137262344,1.2854715585708618,0.12827888131141663,-0.007889986038208008,0.0,0.0,12.268424034118652,-1.6459952592849731
16.919876098632812,0.8636582493782043,0.1939440816640854,-0.17769239842891693,0.019771728664636612,0.18254423141479492,-0.0,-1.4637600183486938,0.06385041773319244,1.302415132522583,0.11859311908483505,-0.016277074813842773,0.0,0.0,12.268424034118652,-1.6463042497634888
16.92037582397461,0.8626844882965088,0.195630744099617,-0.17124707996845245,0.023492936044931412,0.18254423141479492,-0.0,-1.4635108709335327,0.07300490140914917,1.2927502393722534,0.14043675363063812,0.0009527206420898438,0.0,0.0,12.268424034118652,-1.6460551023483276
16.920875549316406,0.865605354309082,0.197316974401474,-0.17769239842891693,0.01605053059756756,0.18254423141479492,-0.0,-1.4636456966400146,0.06580846011638641,1.2917784452438354,0.14527229964733124,0.004880428314208984,0.0,0.0,12.268424034118652,-1.6461899280548096
16.921375274658203,0.8626844882965088,0.195630744099617,-0.1583564579486847,0.008608118630945683,0.18254423141479492,-0.0,-1.4642399549484253,0.039478179067373276,1.2865458726882935,0.12169107049703598,-0.012287616729736328,0.0,0.0,12.268424034118652,-1.6467841863632202
16.921876907348633,0.8626844882965088,0.195630744099617,-0.17124707996845245,0.010468722321093082,0.18254423141479492,-0.0,-1.4640376567840576,0.04707763344049454,1.2978335618972778,0.12986166775226593,-0.007044076919555664,0.0,0.0,12.268424034118652,-1.6465818881988525
16.92237663269043,0.8626844882965088,0.195630744099617,-0.16802442073822021,0.021632332354784012,0.18254423141479492,-0.0,-1.4641083478927612,0.04312564805150032,1.2968978881835938,0.14032691717147827,0.0011136531829833984,0.0,0.0,12.268424034118652,-1.6466525793075562
16.922876358032227,0.8626844882965088,0.195630744099617,-0.17769239842891693,0.021632332354784012,0.18254423141479492,-0.0,-1.4642062187194824,0.03802897408604622,1.2996773719787598,0.12721915543079376,-0.009041070938110352,0.0,0.0,12.268424034118652,-1.6467504501342773
16.923376083374023,0.8626844882965088,0.195630744099617,-0.16802442073822021,0.021632332354784012,0.18254423141479492,-0.0,-1.464057207107544,0.04354432225227356,1.2792611122131348,0.14856240153312683,0.008926153182983398,0.0,0.0,12.268424034118652,-1.6466014385223389
16.92387580871582,0.8626844882965088,0.195630744099617,-0.17769239842891693,0.029074735939502716,0.18254423141479492,-0.0,-1.4640164375305176,0.04427109286189079,1.303418517112732,0.13600806891918182,-0.002805948257446289,0.0,0.0,12.268424034118652,-1.6465606689453125
16.924375534057617,0.8626844882965088,0.195630744099617,-0.16802442073822021,0.01791112683713436,0.18254423141479492,-0.0,-1.463524580001831,0.06403905153274536,1.2896498441696167,0.1466546654701233,0.006005048751831055,0.0,0.0,12.268424034118652,-1.646068811416626
