time_s,v_alpha_v,v_beta_v,i_alpha_a,i_beta_a,encoder_angle_rad,encoder_speed_rad_s,pll_angle_rad,pll_speed_rad_s,emf_alpha_v,emf_beta_v,phase_error_rad,locked,active,bus_voltage_v,angle_error_rad
6.689813137054443,0.8665791153907776,0.18888498842716217,-0.16802442073822021,0.027214132249355316,0.17180633544921875,-0.0,-1.4651273488998413,0.033907897770404816,1.2904431819915771,0.15236742794513702,0.01192164421081543,0.0,0.0,12.268424034118652,-1.63693368434906
6.69031286239624,0.8675529360771179,0.18719832599163055,-0.1664130985736847,0.015120225958526134,0.17180633544921875,-0.0,-1.4653675556182861,0.023122156038880348,1.3112679719924927,0.12595699727535248,-0.009697914123535156,0.0,0.0,12.268424034118652,-1.6371738910675049
6.690813064575195,0.8675529360771179,0.18719832599163055,-0.16319043934345245,0.024423232302069664,0.17180633544921875,-0.0,-1.4653346538543701,0.02401861362159252,1.26530921459198,0.1370205283164978,0.0024263858795166016,0.0,0.0,12.268424034118652,-1.6371409893035889
6.691312789916992,0.8665791153907776,0.18888498842716217,-0.17124707996845245,0.023492936044931412,0.17180633544921875,-0.0,-1.4653980731964111,0.020935745909810066,1.2795114517211914,0.1422937661409378,0.005385637283325195,0.0,0.0,12.268424034118652,-1.6372044086456299
6.691812992095947,0.8665791153907776,0.18888498842716217,-0.16480176150798798,0.004886912647634745,0.17180633544921875,-0.0,-1.4672070741653442,-0.05589773505926132,1.298559308052063,0.09111417084932327,-0.03369784355163574,0.0,0.0,12.268424034118652,-1.639013409614563
6.692313194274902,0.8675529360771179,0.18719832599163055,-0.16802442073822021,0.03837774321436882,0.17180633544921875,-0.0,-1.467434287071228,-0.06451848149299622,1.2808034420013428,0.10456052422523499,-0.022019624710083008,0.0,0.0,12.268424034118652,-1.6392406225204468
6.692812919616699,0.8675529360771179,0.18719832599163055,-0.15674512088298798,0.020702026784420013,0.17180633544921875,-0.0,-1.4675915241241455,-0.06974122673273087,1.2828199863433838,0.11513572186231613,-0.013773441314697266,0.0,0.0,12.268424034118652,-1.6393978595733643
6.693313121795654,0.8656055927276611,0.1838250309228897,-0.17608106136322021,0.018841423094272614,0.17180633544921875,-0.0,-1.4681446552276611,-0.09165523201227188,1.2928400039672852,0.07672598958015442,-0.04358696937561035,0.0,0.0,12.268424034118652,-1.6399509906768799
6.693811893463135,0.8665791153907776,0.18888498842716217,-0.16963575780391693,0.03558684140443802,0.17180633544921875,-0.0,-1.468596339225769,-0.10856971144676208,1.2680314779281616,0.16224420070648193,0.025127172470092773,0.0,0.0,12.268424034118652,-1.6404026746749878
6.69431209564209,0.8675529360771179,0.18719832599163055,-0.1664130985736847,0.01698082871735096,0.17180633544921875,-0.0,-1.468377709388733,-0.0971163809299469,1.2919739484786987,0.12236680090427399,-0.00805354118347168,0.0,0.0,12.268424034118652,-1.6401840448379517
6.694811820983887,0.8656055927276611,0.19057120382785797,-0.15996778011322021,0.024423232302069664,0.17180633544921875,-0.0,-1.4691274166107178,-0.1266939640045166,1.2690287828445435,0.14851675927639008,0.014852762222290039,0.0,0.0,12.268424034118652,-1.6409337520599365
6.695312023162842,0.8665791153907776,0.18888498842716217,-0.15996778011322021,0.024423232302069664,0.17180633544921875,-0.0,-1.4681346416473389,-0.08228537440299988,1.275460958480835,0.15269988775253296,0.016534090042114258,0.0,0.0,12.268424034118652,-1.6399409770965576
6.695811748504639,0.8665791153907776,0.18888498842716217,-0.1502998173236847,0.01884143240749836,0.17180633544921875,-0.0,-1.467851996421814,-0.06857271492481232,1.2909846305847168,0.15333516895771027,0.01531672477722168,0.0,0.0,12.268424034118652,-1.6396583318710327
6.696311950683594,0.8656055927276611,0.1838250309228897,-0.16802442073822021,0.014189919456839561,0.17180633544921875,-0.0,-1.4679783582687378,-0.07249436527490616,1.293759822845459,0.10202176868915558,-0.024249792098999023,0.0,0.0,12.268424034118652,-1.6397846937179565
6.696812152862549,0.8665791153907776,0.18888498842716217,-0.1744697391986847,0.023492936044931412,0.17180633544921875,-0.0,-1.4681988954544067,-0.08028989285230637,1.2653201818466187,0.15236680209636688,0.017288684844970703,0.0,0.0,12.268424034118652,-1.6400052309036255
6.697311878204346,0.8656055927276611,0.1838250309228897,-0.17769239842891693,0.025353537872433662,0.17180633544921875,-0.0,-1.467759370803833,-0.06014929711818695,1.306351900100708,0.10788854211568832,-0.020743131637573242,0.0,0.0,12.268424034118652,-1.6395657062530518
6.697811126708984,0.8665791153907776,0.18888498842716217,-0.1502998173236847,0.01884143240749836,0.17180633544921875,-0.0,-1.467875361442566,-0.06373709440231323,1.2611725330352783,0.15140214562416077,0.016604185104370117,0.0,0.0,12.268424034118652,-1.6396816968917847
6.698310852050781,0.8665791153907776,0.18888498842716217,-0.16802442073822021,0.023492926731705666,0.17180633544921875,-0.0,-1.4676733016967773,-0.05392536148428917,1.2574561834335327,0.16075903177261353,0.02411484718322754,0.0,0.0,12.268424034118652,-1.639479637145996
6.698811054229736,0.8665791153907776,0.18888498842716217,-0.1664130985736847,0.01139902789145708,0.17180633544921875,-0.0,-1.4670138359069824,-0.02498394437134266,1.2496246099472046,0.1606329083442688,0.024153947830200195,0.0,0.0,12.268424034118652,-1.6388201713562012
6.699310779571533,0.8646318316459656,0.18551169335842133,-0.16480176150798798,0.021632323041558266,0.17180633544921875,-0.0,-1.467257022857666,-0.03486739099025726,1.302342414855957,0.09350313991308212,-0.03201174736022949,0.0,0.0,12.268424034118652,-1.6390633583068848
6.699810981750488,0.8665791153907776,0.18888498842716217,-0.1744697391986847,0.04582015424966812,0.17180633544921875,-0.0,-1.4671188592910767,-0.028279628604650497,1.2692396640777588,0.15106242895126343,0.01483607292175293,0.0,0.0,12.268424034118652,-1.6389251947402954
6.700311183929443,0.8665791153907776,0.18888498842716217,-0.1502998173236847,0.007677821442484856,0.17180633544921875,-0.0,-1.4665441513061523,-0.0033763302490115166,1.2747089862823486,0.16341571509838104,0.02334737777709961,0.0,0.0,12.268424034118652,-1.638350486755371
6.70081090927124,0.8675529360771179,0.18719832599163055,-0.1583564579486847,0.030935339629650116,0.17180633544921875,-0.0,-1.4698559045791626,-0.14325189590454102,1.3047529458999634,0.030686091631650925,-0.07779908180236816,0.0,0.0,12.268424034118652,-1.6416622400283813
6.701311111450195,0.8665791153907776,0.18888498842716217,-0.16963575780391693,0.026283835992217064,0.17180633544921875,-0.0,-1.4695225954055786,-0.12592388689517975,1.2654290199279785,0.17043296992778778,0.0326993465423584,0.0,0.0,12.268424034118652,-1.6413289308547974
6.701810836791992,0.8656055927276611,0.19057120382785797,-0.17608106136322021,0.020702026784420013,0.17180633544921875,-0.0,-1.4700086116790771,-0.14384721219539642,1.2569950819015503,0.14763884246349335,0.016150236129760742,0.0,0.0,12.268424034118652,-1.641814947128296
6.702310085296631,0.8656055927276611,0.1838250309228897,-0.1744697391986847,0.025353537872433662,0.17180633544921875,-0.0,-1.4698076248168945,-0.13247494399547577,1.2926381826400757,0.09242485463619232,-0.02977776527404785,0.0,0.0,12.268424034118652,-1.6416139602661133
6.702809810638428,0.8665791153907776,0.18888498842716217,-0.17608106136322021,0.03186563774943352,0.17180633544921875,-0.0,-1.4701354503631592,-0.1433861255645752,1.2619340419769287,0.16333001852035522,0.0281217098236084,0.0,0.0,12.268424034118652,-1.641941785812378
6.703310012817383,0.8675529360771179,0.18719832599163055,-0.1744697391986847,0.030935339629650116,0.17180633544921875,-0.0,-1.4696893692016602,-0.12161018699407578,1.2880874872207642,0.14307907223701477,0.009517431259155273,0.0,0.0,12.268424034118652,-1.641495704650879
6.703810214996338,0.8665791153907776,0.18888498842716217,-0.14707715809345245,0.015120225958526134,0.17180633544921875,-0.0,-1.4705873727798462,-0.15671180188655853,1.2913366556167603,0.14239639043807983,0.009605884552001953,0.0,0.0,12.268424034118652,-1.642393708229065
6.704309940338135,0.8665791153907776,0.18888498842716217,-0.17285840213298798,0.020702026784420013,0.17180633544921875,-0.0,-1.4699708223342896,-0.12753696739673615,1.3068031072616577,0.1557970643043518,0.01786661148071289,0.0,0.0,12.268424034118652,-1.6417771577835083
6.70481014251709,0.8656055927276611,0.19057120382785797,-0.17769239842891693,0.019771728664636612,0.17180633544921875,-0.0,-1.4697153568267822,-0.11411575227975845,1.2529237270355225,0.1696963608264923,0.03364276885986328,0.0,0.0,12.268424034118652,-1.641521692276001
6.705309867858887,0.8675529360771179,0.18719832599163055,-0.15352247655391693,0.01884143240749836,0.17180633544921875,-0.0,-1.4694385528564453,-0.0999879390001297,1.2897570133209229,0.14623603224754333,0.011557817459106445,0.0,0.0,12.268424034118652,-1.641244888305664
6.705810070037842,0.8656055927276611,0.1838250309228897,-0.16963575780391693,0.01884143240749836,0.17180633544921875,-0.0,-1.4691932201385498,-0.08755398541688919,1.2853801250457764,0.11034703254699707,-0.01606154441833496,0.0,0.0,12.268424034118652,-1.6409995555877686
6.706309795379639,0.8646318316459656,0.18551169335842133,-0.17930372059345245,0.03186563774943352,0.17180633544921875,-0.0,-1.4686758518218994,-0.06395351886749268,1.3053679466247559,0.12648412585258484,-0.005571126937866211,0.0,0.0,12.268424034118652,-1.6404821872711182
6.706809043884277,0.8665791153907776,0.18888498842716217,-0.17124707996845245,0.012329325079917908,0.17180633544921875,-0.0,-1.4688382148742676,-0.06933063268661499,1.2797722816467285,0.15419937670230865,0.0180056095123291,0.0,0.0,12.268424034118652,-1.6406445503234863
6.707308769226074,0.8675529360771179,0.18719832599163055,-0.15996778011322021,0.013259622268378735,0.17180633544921875,-0.0,-1.4683177471160889,-0.04593675211071968,1.2840780019760132,0.13667739927768707,0.003561735153198242,0.0,0.0,12.268424034118652,-1.6401240825653076
6.707808971405029,0.8665791153907776,0.18888498842716217,-0.17769239842891693,0.019771728664636612,0.17180633544921875,-0.0,-1.4679772853851318,-0.03059198148548603,1.2609673738479614,0.1483236849308014,0.014319658279418945,0.0,0.0,12.268424034118652,-1.6397836208343506
6.708309173583984,0.8665791153907776,0.18888498842716217,-0.1664130985736847,0.030005034059286118,0.17180633544921875,-0.0,-1.467350721359253,-0.003683418733999133,1.301236867904663,0.14994150400161743,0.011324644088745117,0.0,0.0,12.268424034118652,-1.6391570568084717
6.708808898925781,0.8665791153907776,0.18888498842716217,-0.17124707996845245,0.019771728664636612,0.17180633544921875,-0.0,-1.4673632383346558,-0.004086137283593416,1.2697336673736572,0.15415574610233307,0.017455339431762695,0.0,0.0,12.268424034118652,-1.6391695737838745
6.709309101104736,0.8646318316459656,0.18551169335842133,-0.16963575780391693,0.013259630650281906,0.17180633544921875,-0.0,-1.4673430919647217,-0.003190451068803668,1.2859890460968018,0.10010791569948196,-0.02587413787841797,0.0,0.0,12.268424034118652,-1.6391494274139404
6.709808826446533,0.8665791153907776,0.18888498842716217,-0.15996778011322021,0.013259622268378735,0.17180633544921875,-0.0,-1.467932105064392,-0.028064098209142685,1.2726097106933594,0.1306479275226593,-0.0005729198455810547,0.0,0.0,12.268424034118652,-1.6397384405136108
6.710309028625488,0.8665791153907776,0.18888498842716217,-0.16802442073822021,0.014189919456839561,0.17180633544921875,-0.0,-1.4669286012649536,0.014649800024926662,1.2920151948928833,0.15465287864208221,0.015333414077758789,0.0,0.0,12.268424034118652,-1.6387349367141724
6.710807800292969,0.8656055927276611,0.19057120382785797,-0.17285840213298798,0.01139901950955391,0.17180633544921875,-0.0,-1.4676991701126099,-0.018024567514657974,1.2491178512573242,0.17377100884914398,0.03527212142944336,0.0,0.0,12.268424034118652,-1.6395055055618286
6.711308002471924,0.8675529360771179,0.18719832599163055,-0.16157911717891693,0.027214132249355316,0.17180633544921875,-0.0,-1.4673761129379272,-0.004024896305054426,1.271134853363037,0.1540258675813675,0.01723456382751465,0.0,0.0,12.268424034118652,-1.639182448387146
6.711808204650879,0.8656055927276611,0.19057120382785797,-0.1664130985736847,0.01698082871735096,0.17180633544921875,-0.0,-1.4674701690673828,-0.007815522141754627,1.2563551664352417,0.18880872428417206,0.046030282974243164,0.0,0.0,12.268424034118652,-1.6392765045166016
6.712307929992676,0.8675529360771179,0.18719832599163055,-0.16802442073822021,0.019771728664636612,0.17180633544921875,-0.0,-1.4663740396499634,0.03835507854819298,1.3118406534194946,0.1404561549425125,0.0022614002227783203,0.0,0.0,12.268424034118652,-1.6381803750991821
6.712808132171631,0.8665791153907776,0.18888498842716217,-0.1664130985736847,0.015120225958526134,0.17180633544921875,-0.0,-1.4669557809829712,0.013122827745974064,1.2984944581985474,0.16244392096996307,0.020705461502075195,0.0,0.0,12.268424034118652,-1.63876211643219
6.713307857513428,0.8665791153907776,0.18888498842716217,-0.17608106136322021,0.03186563774943352,0.17180633544921875,-0.0,-1.4665215015411377,0.031125258654356003,1.2971606254577637,0.1555575728416443,0.01515054702758789,0.0,0.0,12.268424034118652,-1.6383278369903564
6.713808059692383,0.8665791153907776,0.18888498842716217,-0.1502998173236847,0.01698082871735096,0.17180633544921875,-0.0,-1.4669021368026733,0.014494404196739197,1.3004581928253174,0.1683703064918518,0.024968862533569336,0.0,0.0,12.268424034118652,-1.638708472251892
6.71430778503418,0.8665791153907776,0.18888498842716217,-0.17124707996845245,0.014189928770065308,0.17180633544921875,-0.0,-1.46611750125885,0.04719078540802002,1.2958760261535645,0.16239215433597565,0.020085573196411133,0.0,0.0,12.268424034118652,-1.6379238367080688
6.714807033538818,0.8665791153907776,0.18888498842716217,-0.15674512088298798,0.00581721868366003,0.17180633544921875,-0.0,-1.4664210081100464,0.03335916996002197,1.29390287399292,0.15150068700313568,0.012244462966918945,0.0,0.0,12.268424034118652,-1.6382273435592651
6.715306758880615,0.8675529360771179,0.18719832599163055,-0.1744697391986847,0.025353537872433662,0.17180633544921875,-0.0,-1.4659477472305298,0.052484817802906036,1.3035094738006592,0.13065661489963531,-0.004951000213623047,0.0,0.0,12.268424034118652,-1.6377540826797485
6.71580696105957,0.8656055927276611,0.19057120382785797,-0.1502998173236847,0.01884143240749836,0.17180633544921875,-0.0,-1.4657158851623535,0.06120770797133446,1.2938315868377686,0.18916359543800354,0.040284156799316406,0.0,0.0,12.268424034118652,-1.6375222206115723
6.716307163238525,0.8675529360771179,0.18719832599163055,-0.17285840213298798,0.03744743764400482,0.17180633544921875,-0.0,-1.4648748636245728,0.0952923595905304,1.3013348579406738,0.1549232304096222,0.012655019760131836,0.0,0.0,12.268424034118652,-1.6366811990737915
6.716806888580322,0.8656055927276611,0.19057120382785797,-0.17285840213298798,0.030005034059286118,0.17180633544921875,-0.0,-1.4648146629333496,0.09593625366687775,1.2902358770370483,0.18550460040569305,0.0370023250579834,0.0,0.0,12.268424034118652,-1.6366209983825684
6.717307090759277,0.8665791153907776,0.18888498842716217,-0.17608106136322021,0.018841423094272614,0.17180633544921875,-0.0,-1.4643484354019165,0.11359308660030365,1.294388771057129,0.15839342772960663,0.015418291091918945,0.0,0.0,12.268424034118652,-1.6361547708511353
6.717806816101074,0.8656055927276611,0.1838250309228897,-0.15996778011322021,0.03744744509458542,0.17180633544921875,-0.0,-1.4649032354354858,0.08775320649147034,1.3671176433563232,0.09757519513368607,-0.034757137298583984,0.0,0.0,12.268424034118652,-1.6367095708847046
6.718307018280029,0.8675529360771179,0.18719832599163055,-0.1744697391986847,0.023492936044931412,0.17180633544921875,-0.0,-1.4645819664001465,0.09953076392412186,1.298482894897461,0.13521450757980347,-0.002432584762573242,0.0,0.0,12.268424034118652,-1.6363883018493652
6.71880578994751,0.8656055927276611,0.19057120382785797,-0.1744697391986847,0.01605053059756756,0.17180633544921875,-0.0,-1.4645769596099854,0.09769751131534576,1.2813308238983154,0.18326060473918915,0.03602409362792969,0.0,0.0,12.268424034118652,-1.636383295059204
6.719305992126465,0.8665791153907776,0.18888498842716217,-0.17285840213298798,0.022562630474567413,0.17180633544921875,-0.0,-1.4638887643814087,0.1246056854724884,1.2978256940841675,0.16531841456890106,0.01991581916809082,0.0,0.0,12.268424034118652,-1.6356950998306274
6.71980619430542,0.8656055927276611,0.19057120382785797,-0.15674512088298798,0.00581721868366003,0.17180633544921875,-0.0,-1.4644172191619873,0.09972251206636429,1.300008773803711,0.16296012699604034,0.018433809280395508,0.0,0.0,12.268424034118652,-1.636223554611206
6.720305919647217,0.8675529360771179,0.18719832599163055,-0.16963575780391693,0.015120225958526134,0.17180633544921875,-0.0,-1.4639904499053955,0.11552402377128601,1.3058885335922241,0.12696440517902374,-0.009888887405395508,0.0,0.0,12.268424034118652,-1.6357967853546143
6.720806121826172,0.8665791153907776,0.18888498842716217,-0.15996778011322021,0.026283826678991318,0.17180633544921875,-0.0,-1.464343547821045,0.09829165786504745,1.30524480342865,0.1612255871295929,0.01654791831970215,0.0,0.0,12.268424034118652,-1.6361498832702637
6.721305847167969,0.8665791153907776,0.18888498842716217,-0.16963575780391693,0.02070203423500061,0.17180633544921875,-0.0,-1.4637988805770874,0.11918427050113678,1.3024890422821045,0.14441487193107605,0.0034821033477783203,0.0,0.0,12.268424034118652,-1.6356052160263062
6.721806049346924,0.8665791153907776,0.18888498842716217,-0.1502998173236847,0.0020960208494216204,0.17180633544921875,-0.0,-1.464125156402588,0.10292172431945801,1.3109071254730225,0.15601859986782074,0.011871576309204102,0.0,0.0,12.268424034118652,-1.6359314918518066
6.722305774688721,0.8665791153907776,0.18888498842716217,-0.17608106136322021,0.026283835992217064,0.17180633544921875,-0.0,-1.4633285999298096,0.1342732310295105,1.295098900794983,0.15782710909843445,0.013901948928833008,0.0,0.0,12.268424034118652,-1.6351349353790283
6.722805976867676,0.8675529360771179,0.18719832599163055,-0.1502998173236847,0.009538425132632256,0.17180633544921875,-0.0,-1.4635825157165527,0.1207457110285759,1.3362106084823608,0.1314995288848877,-0.009115219116210938,0.0,0.0,12.268424034118652,-1.6353888511657715
6.723304748535156,0.8665791153907776,0.18888498842716217,-0.16480176150798798,0.01791112683713436,0.17180633544921875,-0.0,-1.463207483291626,0.13403423130512238,1.3038939237594604,0.16504515707492828,0.01844191551208496,0.0,0.0,12.268424034118652,-1.6350138187408447
6.723804950714111,0.8656055927276611,0.19057120382785797,-0.17608106136322021,0.018841423094272614,0.17180633544921875,-0.0,-1.463280439376831,0.12815088033676147,1.2997267246246338,0.1829613298177719,0.03251290321350098,0.0,0.0,12.268424034118652,-1.6350867748260498
6.724305152893066,0.8665791153907776,0.18888498842716217,-0.16802442073822021,0.012329325079917908,0.17180633544921875,-0.0,-1.4629613161087036,0.13883568346500397,1.3013856410980225,0.14159612357616425,0.0005915164947509766,0.0,0.0,12.268424034118652,-1.6347676515579224
6.724804878234863,0.8656055927276611,0.19057120382785797,-0.14868848025798798,0.0011657149298116565,0.17180633544921875,-0.0,-1.4634617567062378,0.11482346802949905,1.3055113554000854,0.15918533504009247,0.014096975326538086,0.0,0.0,12.268424034118652,-1.6352680921554565
6.725305080413818,0.8675529360771179,0.18719832599163055,-0.17285840213298798,0.030005034059286118,0.17180633544921875,-0.0,-1.4626919031143188,0.1447788029909134,1.2917462587356567,0.15254290401935577,0.009529829025268555,0.0,0.0,12.268424034118652,-1.6344982385635376
6.725804805755615,0.8656055927276611,0.19057120382785797,-0.17930372059345245,0.007677821442484856,0.17180633544921875,-0.0,-1.4629112482070923,0.13258805871009827,1.2856355905532837,0.17037858068943024,0.024016618728637695,0.0,0.0,12.268424034118652,-1.634717583656311
6.72630500793457,0.8665791153907776,0.18888498842716217,-0.16963575780391693,0.02070203423500061,0.17180633544921875,-0.0,-1.4619799852371216,0.1689026653766632,1.2957322597503662,0.1556916981935501,0.010869503021240234,0.0,0.0,12.268424034118652,-1.6337863206863403
6.726805210113525,0.8675529360771179,0.18719832599163055,-0.1502998173236847,0.01698082871735096,0.1834254264831543,10.737865447998047,-1.4628926515579224,0.12684279680252075,1.3308466672897339,0.11507967114448547,-0.021695613861083984,0.0,0.0,12.268424034118652,-1.6463180780410767
6.727304935455322,0.8646318316459656,0.1922578662633896,-0.16802442073822021,0.014189919456839561,0.18879270553588867,10.737865447998047,-1.4630000591278076,0.11951503157615662,1.2940068244934082,0.12795668840408325,-0.009231328964233398,0.0,0.0,12.268424034118652,-1.6517927646636963
6.727804183959961,0.8626844882965088,0.195630744099617,-0.16319043934345245,0.003956615459173918,0.17093515396118164,-10.737865447998047,-1.4632636308670044,0.10587508231401443,1.2946373224258423,0.1210273802280426,-0.014344930648803711,0.0,0.0,12.268424034118652,-1.634198784828186
6.728303909301758,0.8626844882965088,0.195630744099617,-0.16802442073822021,0.01605052314698696,0.16556787490844727,-10.737865447998047,-1.4632906913757324,0.10244576632976532,1.2987004518508911,0.1654704064130783,0.01933884620666504,0.0,0.0,12.268424034118652,-1.6288585662841797
6.728804111480713,0.8665791153907776,0.18888498842716217,-0.16480176150798798,0.023492926731705666,0.17180633544921875,-0.0,-1.4637187719345093,0.08214474469423294,1.293540596961975,0.08146589994430542,-0.044339656829833984,0.0,0.0,12.268424034118652,-1.635525107383728
6.72930383682251,0.8656055927276611,0.19057120382785797,-0.16157911717891693,0.019771728664636612,0.17180633544921875,-0.0,-1.4638339281082153,0.07556913793087006,1.3146743774414062,0.1202288493514061,-0.015805482864379883,0.0,0.0,12.268424034118652,-1.635640263557434
6.729804039001465,0.8646318316459656,0.1922578662633896,-0.17124707996845245,0.019771728664636612,0.17180633544921875,-0.0,-1.4634103775024414,0.09193030744791031,1.274713158607483,0.18278028070926666,0.035210371017456055,0.0,0.0,12.268424034118652,-1.6352167129516602
6.730303764343262,0.8665791153907776,0.18888498842716217,-0.15513379871845245,0.01605052314698696,0.17180633544921875,-0.0,-1.463666558265686,0.07909183204174042,1.2880429029464722,0.12717945873737335,-0.008720159530639648,0.0,0.0,12.268424034118652,-1.6354728937149048
6.730803966522217,0.8675529360771179,0.18719832599163055,-0.17124707996845245,0.023492936044931412,0.17180633544921875,-0.0,-1.4636286497116089,0.07897447049617767,1.2891931533813477,0.11364872753620148,-0.01929450035095215,0.0,0.0,12.268424034118652,-1.6354349851608276
6.731304168701172,0.8665791153907776,0.18888498842716217,-0.16802442073822021,0.023492926731705666,0.17180633544921875,-0.0,-1.464146614074707,0.0554855652153492,1.2859041690826416,0.12360341846942902,-0.010849237442016602,0.0,0.0,12.268424034118652,-1.6359529495239258
6.731803894042969,0.8675529360771179,0.18719832599163055,-0.17124707996845245,0.019771728664636612,0.17180633544921875,-0.0,-1.4641008377075195,0.056322287768125534,1.289310336112976,0.14572417736053467,0.005895376205444336,0.0,0.0,12.268424034118652,-1.6359071731567383
6.732303142547607,0.8665791153907776,0.18888498842716217,-0.16480176150798798,0.008608118630945683,0.17180633544921875,-0.0,-1.4644955396652222,0.03843426704406738,1.3047244548797607,0.12800969183444977,-0.008524179458618164,0.0,0.0,12.268424034118652,-1.636301875114441
6.732802867889404,0.8646318316459656,0.18551169335842133,-0.16802442073822021,0.01791112683713436,0.17180633544921875,-0.0,-1.4642413854599,0.04827698692679405,1.2914553880691528,0.11742857843637466,-0.015927553176879883,0.0,0.0,12.268424034118652,-1.6360477209091187
6.733303070068359,0.8665791153907776,0.18888498842716217,-0.17124707996845245,0.025353530421853065,0.17180633544921875,-0.0,-1.4643555879592896,0.04238973930478096,1.2861734628677368,0.14316335320472717,0.004445075988769531,0.0,0.0,12.268424034118652,-1.6361619234085083
6.733802795410156,0.8656055927276611,0.19057120382785797,-0.15674512088298798,-0.0016251940978690982,0.17180633544921875,-0.0,-1.4655576944351196,-0.009136613458395004,1.295680284500122,0.1473025530576706,0.007992982864379883,0.0,0.0,12.268424034118652,-1.6373640298843384
6.734302997589111,0.8656055927276611,0.1838250309228897,-0.16802442073822021,0.019771728664636612,0.17180633544921875,-0.0,-1.4652972221374512,0.0019046022789552808,1.3216421604156494,0.12480942904949188,-0.011390209197998047,0.0,0.0,12.268424034118652,-1.63710355758667
6.734803199768066,0.8675529360771179,0.18719832599163055,-0.17769239842891693,0.021632332354784012,0.17180633544921875,-0.0,-1.4655728340148926,-0.009735755622386932,1.2742316722869873,0.1295849084854126,-0.0038950443267822266,0.0,0.0,12.268424034118652,-1.6373791694641113
6.735302925109863,0.8665791153907776,0.18888498842716217,-0.1664130985736847,0.01139902789145708,0.17180633544921875,-0.0,-1.4653780460357666,-0.0013037496246397495,1.2854456901550293,0.1564493626356125,0.015759706497192383,0.0,0.0,12.268424034118652,-1.6371843814849854
6.735803127288818,0.8675529360771179,0.18719832599163055,-0.17124707996845245,0.01605052314698696,0.17180633544921875,-0.0,-1.4656260013580322,-0.011773332953453064,1.281620979309082,0.12044858932495117,-0.011516332626342773,0.0,0.0,12.268424034118652,-1.637432336807251
6.736302852630615,0.8665791153907776,0.18888498842716217,-0.1664130985736847,0.01698082871735096,0.17180633544921875,-0.0,-1.465824842453003,-0.019825926050543785,1.2804821729660034,0.16315226256847382,0.021845102310180664,0.0,0.0,12.268424034118652,-1.6376311779022217
6.736802101135254,0.8656055927276611,0.1838250309228897,-0.15674512088298798,0.020702026784420013,0.17180633544921875,-0.0,-1.4662882089614868,-0.03898196294903755,1.2510862350463867,0.10620163381099701,-0.019919872283935547,0.0,0.0,12.268424034118652,-1.6380945444107056
6.737301826477051,0.8656055927276611,0.19057120382785797,-0.1664130985736847,0.015120225958526134,0.17180633544921875,-0.0,-1.4656590223312378,-0.011586993932723999,1.2815556526184082,0.178777277469635,0.033605098724365234,0.0,0.0,12.268424034118652,-1.6374653577804565
6.737802028656006,0.8656055927276611,0.1838250309228897,-0.15674512088298798,0.020702026784420013,0.17180633544921875,-0.0,-1.4660249948501587,-0.026879146695137024,1.2764369249343872,0.08247645944356918,-0.04042458534240723,0.0,0.0,12.268424034118652,-1.6378313302993774
6.738301753997803,0.8665791153907776,0.18888498842716217,-0.1744697391986847,0.019771728664636612,0.17180633544921875,-0.0,-1.4656338691711426,-0.009679709561169147,1.281212568283081,0.17380407452583313,0.029791593551635742,0.0,0.0,12.268424034118652,-1.6374402046203613
6.738801956176758,0.8675529360771179,0.18719832599163055,-0.15996778011322021,0.022562630474567413,0.17180633544921875,-0.0,-1.4653229713439941,0.003559587523341179,1.2893500328063965,0.14299006760120392,0.004998207092285156,0.0,0.0,12.268424034118652,-1.637129306793213
6.739302158355713,0.8665791153907776,0.18888498842716217,-0.16480176150798798,0.006747515872120857,0.17180633544921875,-0.0,-1.4655786752700806,-0.0072628469206392765,1.2956434488296509,0.13902229070663452,0.0016777515411376953,0.0,0.0,12.268424034118652,-1.6373850107192993
6.73980188369751,0.8656055927276611,0.19057120382785797,-0.16802442073822021,0.006747515872120857,0.17180633544921875,-0.0,-1.4657247066497803,-0.013202930800616741,1.2284139394760132,0.16279186308383942,0.026790380477905273,0.0,0.0,12.268424034118652,-1.637531042098999
6.740302085876465,0.8656055927276611,0.19057120382785797,-0.1664130985736847,0.013259622268378735,0.17180633544921875,-0.0,-1.4652760028839111,0.005929672624915838,1.2930402755737305,0.17099040746688843,0.026067018508911133,0.0,0.0,12.268424034118652,-1.6370823383331299
6.740800857543945,0.8675529360771179,0.18719832599163055,-0.19380567967891693,0.03279595077037811,0.17180633544921875,-0.0,-1.4648789167404175,0.022432425990700722,1.2823750972747803,0.12922917306423187,-0.005498647689819336,0.0,0.0,12.268424034118652,-1.6366852521896362
6.7413010597229,0.8675529360771179,0.18719832599163055,-0.16802442073822021,0.014189919456839561,0.17180633544921875,-0.0,-1.4650346040725708,0.015469583682715893,1.3017842769622803,0.12722153961658478,-0.00837254524230957,0.0,0.0,12.268424034118652,-1.6368409395217896
6.741800785064697,0.8665791153907776,0.18888498842716217,-0.17124707996845245,0.030935339629650116,0.17180633544921875,-0.0,-1.464529037475586,0.036568742245435715,1.2860406637191772,0.18241409957408905,0.034792184829711914,0.0,0.0,12.268424034118652,-1.6363353729248047
6.742300987243652,0.8665791153907776,0.18888498842716217,-0.16802442073822021,0.01605052314698696,0.17180633544921875,-0.0,-1.464058518409729,0.05555320158600807,1.27608060836792,0.14960066974163055,0.010024309158325195,0.0,0.0,12.268424034118652,-1.6358648538589478
6.742801189422607,0.8646318316459656,0.18551169335842133,-0.20186232030391693,0.06535647809505463,0.17180633544921875,-0.0,-1.4637786149978638,0.06616818159818649,1.2925218343734741,0.14789624512195587,0.00696253776550293,0.0,0.0,12.268424034118652,-1.6355849504470825
6.743300914764404,0.8665791153907776,0.18888498842716217,-0.17769239842891693,0.025353537872433662,0.17180633544921875,-0.0,-1.4644436836242676,0.03698120266199112,1.2675615549087524,0.13855566084384918,0.002547025680541992,0.0,0.0,12.268424034118652,-1.6362500190734863
6.743801116943359,0.8656055927276611,0.19057120382785797,-0.1341865360736847,0.02256263792514801,0.17180633544921875,-0.0,-1.4647778272628784,0.022176312282681465,1.2741247415542603,0.16461144387722015,0.022567272186279297,0.0,0.0,12.268424034118652,-1.6365841627120972
6.744300842285156,0.8665791153907776,0.18888498842716217,-0.16157911717891693,0.008608127944171429,0.17180633544921875,-0.0,-1.4650906324386597,0.008410618640482426,1.2941584587097168,0.12399003654718399,-0.010229825973510742,0.0,0.0,12.268424034118652,-1.6368969678878784
6.744800090789795,0.8675529360771179,0.18719832599163055,-0.16480176150798798,0.019771728664636612,0.17180633544921875,-0.0,-1.4664030075073242,-0.04719586297869682,1.2670621871948242,0.10979871451854706,-0.018044233322143555,0.0,0.0,12.268424034118652,-1.638209342956543
6.745299816131592,0.8665791153907776,0.18888498842716217,-0.1664130985736847,0.01139902789145708,0.17180633544921875,-0.0,-1.4664374589920044,-0.047669220715761185,1.2812118530273438,0.15685220062732697,0.0175173282623291,0.0,0.0,12.268424034118652,-1.6382437944412231
6.745800018310547,0.8656055927276611,0.19057120382785797,-0.1664130985736847,0.02070203423500061,0.17180633544921875,-0.0,-1.4661186933517456,-0.033248547464609146,1.2561821937561035,0.18377481400966644,0.04074740409851074,0.0,0.0,12.268424034118652,-1.6379250288009644
6.746300220489502,0.8665791153907776,0.18888498842716217,-0.1664130985736847,0.015120225958526134,0.17180633544921875,-0.0,-1.4661710262298584,-0.03482688590884209,1.330241322517395,0.13758331537246704,-0.0015826225280761719,0.0,0.0,12.268424034118652,-1.6379773616790771
6.746799945831299,0.8675529360771179,0.18719832599163055,-0.17124707996845245,0.027214132249355316,0.17180633544921875,-0.0,-1.4663798809051514,-0.04289870709180832,1.2725905179977417,0.135234996676445,0.0014455318450927734,0.0,0.0,12.268424034118652,-1.6381862163543701
6.747300148010254,0.8646318316459656,0.18551169335842133,-0.17608106136322021,0.020702026784420013,0.17180633544921875,-0.0,-1.46653413772583,-0.04850422590970993,1.3042324781417847,0.10351956635713577,-0.025177717208862305,0.0,0.0,12.268424034118652,-1.6383404731750488
6.747799873352051,0.8675529360771179,0.18719832599163055,-0.16802442073822021,0.023492926731705666,0.17180633544921875,-0.0,-1.4670145511627197,-0.06762082129716873,1.2757490873336792,0.13095246255397797,-0.0015213489532470703,0.0,0.0,12.268424034118652,-1.6388208866119385
6.748300075531006,0.8665791153907776,0.18888498842716217,-0.1664130985736847,0.013259622268378735,0.17180633544921875,-0.0,-1.4667781591415405,-0.056156836450099945,1.290508508682251,0.1577671617269516,0.0176851749420166,0.0,0.0,12.268424034118652,-1.6385844945907593
6.748798847198486,0.8665791153907776,0.18888498842716217,-0.17124707996845245,0.019771728664636612,0.17180633544921875,-0.0,-1.466907262802124,-0.06040541082620621,1.262404203414917,0.16164299845695496,0.023540019989013672,0.0,0.0,12.268424034118652,-1.6387135982513428
6.749299049377441,0.8665791153907776,0.18888498842716217,-0.17608106136322021,0.022562630474567413,0.17180633544921875,-0.0,-1.4668627977371216,-0.057270828634500504,1.2989606857299805,0.14690138399600983,0.008696794509887695,0.0,0.0,12.268424034118652,-1.6386691331863403
6.749798774719238,0.8665791153907776,0.18888498842716217,-0.16802442073822021,0.021632332354784012,0.17180633544921875,-0.0,-1.4671239852905273,-0.0669407770037651,1.2723444700241089,0.16112706065177917,0.02236628532409668,0.0,0.0,12.268424034118652,-1.638930320739746
6.750298976898193,0.8656055927276611,0.19057120382785797,-0.17608106136322021,0.018841423094272614,0.17180633544921875,-0.0,-1.4668554067611694,-0.05416079983115196,1.285481333732605,0.1730714589357376,0.02999711036682129,0.0,0.0,12.268424034118652,-1.6386617422103882
6.750799179077148,0.8656055927276611,0.19057120382785797,-0.16802442073822021,0.01791112683713436,0.17180633544921875,-0.0,-1.4664679765701294,-0.03677626699209213,1.2781308889389038,0.17850427329540253,0.03456687927246094,0.0,0.0,12.268424034118652,-1.6382743120193481
6.751298904418945,0.8665791153907776,0.18888498842716217,-0.17285840213298798,0.024423232302069664,0.17180633544921875,-0.0,-1.4662293195724487,-0.02597448043525219,1.2857776880264282,0.14426438510417938,0.0071871280670166016,0.0,0.0,12.268424034118652,-1.6380356550216675
6.7517991065979,0.8656055927276611,0.19057120382785797,-0.16802442073822021,0.006747515872120857,0.17180633544921875,-0.0,-1.4664381742477417,-0.03414487838745117,1.2669157981872559,0.16966845095157623,0.028881549835205078,0.0,0.0,12.268424034118652,-1.6382445096969604
6.752298831939697,0.8675529360771179,0.18719832599163055,-0.1664130985736847,0.015120225958526134,0.17180633544921875,-0.0,-1.4662944078445435,-0.027684403583407402,1.296401858329773,0.09507563710212708,-0.03143572807312012,0.0,0.0,12.268424034118652,-1.6381007432937622
6.752799034118652,0.8665791153907776,0.18888498842716217,-0.16802442073822021,0.023492926731705666,0.17180633544921875,-0.0,-1.466530203819275,-0.03700968995690346,1.2632536888122559,0.13661468029022217,0.003462553024291992,0.0,0.0,12.268424034118652,-1.6383365392684937
6.753297805786133,0.8665791153907776,0.18888498842716217,-0.17608106136322021,0.024423232302069664,0.17180633544921875,-0.0,-1.4661823511123657,-0.021549049764871597,1.2934715747833252,0.15991559624671936,0.01846480369567871,0.0,0.0,12.268424034118652,-1.6379886865615845
6.753798007965088,0.8675529360771179,0.18719832599163055,-0.16802442073822021,0.023492926731705666,0.17180633544921875,-0.0,-1.4662607908248901,-0.02449999377131462,1.2738442420959473,0.13415686786174774,0.0003876686096191406,0.0,0.0,12.268424034118652,-1.6380671262741089
6.754298210144043,0.8656055927276611,0.19057120382785797,-0.17285840213298798,0.013259622268378735,0.17180633544921875,-0.0,-1.4663807153701782,-0.0288899727165699,1.2790988683700562,0.16586661338806152,0.024632692337036133,0.0,0.0,12.268424034118652,-1.638187050819397
6.75479793548584,0.8656055927276611,0.1838250309228897,-0.16802442073822021,0.01791112683713436,0.17180633544921875,-0.0,-1.4665766954421997,-0.03672729805111885,1.3130675554275513,0.06622862070798874,-0.054062604904174805,0.0,0.0,12.268424034118652,-1.6383830308914185
6.755298137664795,0.8675529360771179,0.18719832599163055,-0.1664130985736847,0.009538425132632256,0.17180633544921875,-0.0,-1.4670627117156982,-0.05630364269018173,1.2975544929504395,0.10721980780363083,-0.021397113800048828,0.0,0.0,12.268424034118652,-1.638869047164917
6.755797863006592,0.8656055927276611,0.1838250309228897,-0.16802442073822021,0.027214132249355316,0.17180633544921875,-0.0,-1.4685051441192627,-0.11588459461927414,1.2937763929367065,0.08663760125637054,-0.0356137752532959,0.0,0.0,12.268424034118652,-1.6403114795684814
6.756298065185547,0.8665791153907776,0.18888498842716217,-0.17608106136322021,0.020702026784420013,0.17180633544921875,-0.0,-1.4679808616638184,-0.09138216823339462,1.2877752780914307,0.1429251879453659,0.007720232009887695,0.0,0.0,12.268424034118652,-1.639787197113037
6.756797790527344,0.8665791153907776,0.18888498842716217,-0.17124707996845245,0.023492936044931412,0.17180633544921875,-0.0,-1.467873454093933,-0.08491577953100204,1.2765575647354126,0.14384916424751282,0.009299516677856445,0.0,0.0,12.268424034118652,-1.6396797895431519
6.757297039031982,0.8665791153907776,0.18888498842716217,-0.16319043934345245,0.01139901950955391,0.17180633544921875,-0.0,-1.4681365489959717,-0.09410858899354935,1.2839720249176025,0.14990225434303284,0.013588428497314453,0.0,0.0,12.268424034118652,-1.6399428844451904
6.757796764373779,0.8656055927276611,0.1838250309228897,-0.1664130985736847,-0.001625185483135283,0.17180633544921875,-0.0,-1.4679409265518188,-0.08410576730966568,1.312362790107727,0.06697770953178406,-0.052109718322753906,0.0,0.0,12.268424034118652,-1.6397472620010376
6.758296966552734,0.8665791153907776,0.18888498842716217,-0.16802442073822021,-0.0006948881782591343,0.17180633544921875,-0.0,-1.4683175086975098,-0.09822865575551987,1.3178415298461914,0.12217220664024353,-0.010111808776855469,0.0,0.0,12.268424034118652,-1.6401238441467285
6.7587971687316895,0.8656055927276611,0.1838250309228897,-0.16802442073822021,0.012329325079917908,0.17180633544921875,-0.0,-1.4682292938232422,-0.09266038984060287,1.3056812286376953,0.08650857210159302,-0.03659224510192871,0.0,0.0,12.268424034118652,-1.640035629272461
6.759296894073486,0.8675529360771179,0.18719832599163055,-0.16963575780391693,0.007677821442484856,0.17180633544921875,-0.0,-1.4689494371414185,-0.12099967151880264,1.3113737106323242,0.11970137804746628,-0.010905742645263672,0.0,0.0,12.268424034118652,-1.6407557725906372
6.759797096252441,0.8656055927276611,0.1838250309228897,-0.16963575780391693,0.03186563774943352,0.17180633544921875,-0.0,-1.468863606452942,-0.11488908529281616,1.278749942779541,0.10231432318687439,-0.02222275733947754,0.0,0.0,12.268424034118652,-1.6406699419021606
6.760296821594238,0.8675529360771179,0.18719832599163055,-0.1664130985736847,0.00581721868366003,0.17180633544921875,-0.0,-1.468833088874817,-0.11117518693208694,1.3025691509246826,0.11051377654075623,-0.01743292808532715,0.0,0.0,12.268424034118652,-1.6406394243240356
6.760797023773193,0.8675529360771179,0.18719832599163055,-0.16319043934345245,0.024423232302069664,0.17180633544921875,-0.0,-1.468999981880188,-0.1158810704946518,1.2722856998443604,0.1214543879032135,-0.006689786911010742,0.0,0.0,12.268424034118652,-1.6408063173294067
6.76129674911499,0.8665791153907776,0.18888498842716217,-0.17608106136322021,0.020702026784420013,0.17180633544921875,-0.0,-1.4687936305999756,-0.1046823114156723,1.2947276830673218,0.16001401841640472,0.02101588249206543,0.0,0.0,12.268424034118652,-1.6405999660491943
6.761795997619629,0.8656055927276611,0.19057120382785797,-0.14385449886322021,0.003956615459173918,0.17180633544921875,-0.0,-1.4686492681503296,-0.09645354747772217,1.269258975982666,0.1543712317943573,0.01892876625061035,0.0,0.0,12.268424034118652,-1.6404556035995483
6.762296199798584,0.8656055927276611,0.19057120382785797,-0.1664130985736847,0.02070203423500061,0.17180633544921875,-0.0,-1.467947244644165,-0.06497660279273987,1.2981672286987305,0.17088329792022705,0.028128623962402344,0.0,0.0,12.268424034118652,-1.6397535800933838
6.762795925140381,0.8675529360771179,0.18719832599163055,-0.17930372059345245,0.04861105605959892,0.17180633544921875,-0.0,-1.4677902460098267,-0.05697345361113548,1.301255226135254,0.15134522318840027,0.012815237045288086,0.0,0.0,12.268424034118652,-1.6395965814590454
6.763296127319336,0.8665791153907776,0.18888498842716217,-0.1744697391986847,0.01605053059756756,0.17180633544921875,-0.0,-1.467542290687561,-0.04518314450979233,1.2822458744049072,0.1568281650543213,0.018511295318603516,0.0,0.0,12.268424034118652,-1.6393486261367798
6.763795852661133,0.8665791153907776,0.1821388155221939,-0.16802442073822021,0.023492926731705666,0.17180633544921875,-0.0,-1.4681979417800903,-0.07191640138626099,1.2894353866577148,0.05804797261953354,-0.0578768253326416,0.0,0.0,12.268424034118652,-1.640004277229309
6.764296054840088,0.8665791153907776,0.18888498842716217,-0.16319043934345245,0.013259622268378735,0.17180633544921875,-0.0,-1.4683717489242554,-0.0775076225399971,1.3020637035369873,0.14397543668746948,0.0077092647552490234,0.0,0.0,12.268424034118652,-1.6401780843734741
6.764795780181885,0.8675529360771179,0.18719832599163055,-0.16963575780391693,0.015120225958526134,0.17180633544921875,-0.0,-1.4683361053466797,-0.07442513853311539,1.2921299934387207,0.11276443302631378,-0.015500307083129883,0.0,0.0,12.268424034118652,-1.6401424407958984
6.76529598236084,0.8665791153907776,0.18888498842716217,-0.1744697391986847,0.01791112683713436,0.17180633544921875,-0.0,-1.4673818349838257,-0.03271224722266197,1.292914867401123,0.15874585509300232,0.01882338523864746,0.0,0.0,12.268424034118652,-1.6391881704330444
6.76579475402832,0.8656055927276611,0.1838250309228897,-0.17769239842891693,0.023492936044931412,0.17180633544921875,-0.0,-1.467644453048706,-0.04317101836204529,1.3136862516403198,0.09279413521289825,-0.032784223556518555,0.0,0.0,12.268424034118652,-1.6394507884979248
6.766294956207275,0.8665791153907776,0.18888498842716217,-0.17285840213298798,0.020702026784420013,0.17180633544921875,-0.0,-1.467699408531189,-0.04444620758295059,1.2885905504226685,0.15117067098617554,0.01372671127319336,0.0,0.0,12.268424034118652,-1.6395057439804077
6.7667951583862305,0.8656055927276611,0.1838250309228897,-0.16319043934345245,0.024423232302069664,0.17180633544921875,-0.0,-1.4679830074310303,-0.0555524006485939,1.3010972738265991,0.10072225332260132,-0.025679826736450195,0.0,0.0,12.268424034118652,-1.639789342880249
6.767294883728027,0.8665791153907776,0.18888498842716217,-0.17285840213298798,0.013259622268378735,0.17180633544921875,-0.0,-1.467827558517456,-0.047716133296489716,1.2872267961502075,0.15488268435001373,0.016832828521728516,0.0,0.0,12.268424034118652,-1.6396338939666748
6.767795085906982,0.8665791153907776,0.1821388155221939,-0.1664130985736847,0.01698082871735096,0.17180633544921875,-0.0,-1.4680819511413574,-0.057569026947021484,1.2852749824523926,0.06021341308951378,-0.05615401268005371,0.0,0.0,12.268424034118652,-1.6398882865905762
6.768294811248779,0.8665791153907776,0.18888498842716217,-0.17124707996845245,0.01605052314698696,0.17180633544921875,-0.0,-1.4682152271270752,-0.061877258121967316,1.2939554452896118,0.146341472864151,0.010058164596557617,0.0,0.0,12.268424034118652,-1.640021562576294
6.768795013427734,0.8675529360771179,0.18719832599163055,-0.19380567967891693,0.030935339629650116,0.17180633544921875,-0.0,-1.4678884744644165,-0.04682078957557678,1.2745310068130493,0.14048179984092712,0.006884574890136719,0.0,0.0,12.268424034118652,-1.6396948099136353
6.7692952156066895,0.8665791153907776,0.18888498842716217,-0.16802442073822021,0.025353530421853065,0.17180633544921875,-0.0,-1.4676340818405151,-0.03509451821446419,1.3056926727294922,0.14850671589374542,0.01011967658996582,0.0,0.0,12.268424034118652,-1.6394404172897339
6.76979398727417,0.8675529360771179,0.18719832599163055,-0.15674512088298798,0.03558684140443802,0.17180633544921875,-0.0,-1.4681936502456665,-0.05788029357790947,1.2864129543304443,0.12543748319149017,-0.005442380905151367,0.0,0.0,12.268424034118652,-1.6399999856948853
6.770294189453125,0.8675529360771179,0.18719832599163055,-0.17608106136322021,0.030005034059286118,0.17180633544921875,-0.0,-1.4677371978759766,-0.03739190846681595,1.3080101013183594,0.13972899317741394,0.00336456298828125,0.0,0.0,12.268424034118652,-1.6395435333251953
6.770793914794922,0.8665791153907776,0.18888498842716217,-0.16802442073822021,0.021632332354784012,0.17180633544921875,-0.0,-1.467811942100525,-0.03968500345945358,1.254309892654419,0.15607067942619324,0.020880937576293945,0.0,0.0,12.268424034118652,-1.6396182775497437
6.771294116973877,0.8675529360771179,0.18719832599163055,-0.18736036121845245,0.03651713952422142,0.17180633544921875,-0.0,-1.4672586917877197,-0.015565725974738598,1.2977160215377808,0.13929398357868195,0.0033998489379882812,0.0,0.0,12.268424034118652,-1.6390650272369385
6.771793842315674,0.8656055927276611,0.19057120382785797,-0.1664130985736847,0.01698082871735096,0.17180633544921875,-0.0,-1.4672771692276,-0.015894629061222076,1.2504287958145142,0.18614408373832703,0.044440507888793945,0.0,0.0,12.268424034118652,-1.6390835046768188
6.772294044494629,0.8675529360771179,0.18719832599163055,-0.17124707996845245,0.023492936044931412,0.17180633544921875,-0.0,-1.4669620990753174,-0.002464915858581662,1.3056002855300903,0.12394291162490845,-0.009225606918334961,0.0,0.0,12.268424034118652,-1.6387684345245361
6.772793769836426,0.8665791153907776,0.18888498842716217,-0.17124707996845245,0.023492936044931412,0.17180633544921875,-0.0,-1.4672846794128418,-0.016136284917593002,1.2991541624069214,0.12805552780628204,-0.005287885665893555,0.0,0.0,12.268424034118652,-1.6390910148620605
6.773293972015381,0.8665791153907776,0.18888498842716217,-0.16480176150798798,0.021632323041558266,0.17180633544921875,-0.0,-1.4668790102005005,0.0013320634607225657,1.2906979322433472,0.15417179465293884,0.015031099319458008,0.0,0.0,12.268424034118652,-1.6386853456497192
6.7737932205200195,0.8665791153907776,0.18888498842716217,-0.15352247655391693,0.022562630474567413,0.17180633544921875,-0.0,-1.467558741569519,-0.02745760791003704,1.2592233419418335,0.13173672556877136,0.000995635986328125,0.0,0.0,12.268424034118652,-1.6393650770187378
6.774292945861816,0.8665791153907776,0.18888498842716217,-0.16319043934345245,0.030005041509866714,0.17180633544921875,-0.0,-1.466785192489624,0.005695910658687353,1.3063429594039917,0.1686619371175766,0.024492979049682617,0.0,0.0,12.268424034118652,-1.6385915279388428
6.7747931480407715,0.8656055927276611,0.19057120382785797,-0.16802442073822021,0.01605052314698696,0.17180633544921875,-0.0,-1.4699240922927856,-0.12708720564842224,1.3203707933425903,0.06986109912395477,-0.04825544357299805,0.0,0.0,12.268424034118652,-1.6417304277420044
6.775292873382568,0.8665791153907776,0.18888498842716217,-0.14868848025798798,0.014189919456839561,0.17180633544921875,-0.0,-1.4692890644073486,-0.09767524898052216,1.3054109811782837,0.15802593529224396,0.01900792121887207,0.0,0.0,12.268424034118652,-1.6410953998565674
6.775793075561523,0.8656055927276611,0.19057120382785797,-0.1664130985736847,0.022562630474567413,0.17180633544921875,-0.0,-1.4684758186340332,-0.06139406934380531,1.2935419082641602,0.19080820679664612,0.0442965030670166,0.0,0.0,12.268424034118652,-1.640282154083252
6.77629280090332,0.8665791153907776,0.18888498842716217,-0.17769239842891693,0.03651713952422142,0.17180633544921875,-0.0,-1.4683387279510498,-0.054375991225242615,1.3062461614608765,0.14498920738697052,0.008102655410766602,0.0,0.0,12.268424034118652,-1.6401450634002686
6.776793003082275,0.8665791153907776,0.18888498842716217,-0.17285840213298798,0.013259622268378735,0.17180633544921875,-0.0,-1.4678370952606201,-0.031961992383003235,1.2841503620147705,0.16190344095230103,0.022540807723999023,0.0,0.0,12.268424034118652,-1.6396434307098389
6.7772932052612305,0.8675529360771179,0.18719832599163055,-0.18574903905391693,0.028144439682364464,0.17180633544921875,-0.0,-1.4677233695983887,-0.026604270562529564,1.3011789321899414,0.12183127552270889,-0.009763240814208984,0.0,0.0,12.268424034118652,-1.6395297050476074
6.777791976928711,0.8656055927276611,0.1838250309228897,-0.1502998173236847,0.01139902789145708,0.17180633544921875,-0.0,-1.4674547910690308,-0.014645050279796124,1.2895426750183105,0.10615706443786621,-0.021299123764038086,0.0,0.0,12.268424034118652,-1.6392611265182495
6.778292179107666,0.8656055927276611,0.1838250309228897,-0.16963575780391693,0.02070203423500061,0.17180633544921875,-0.0,-1.4675123691558838,-0.016848623752593994,1.3086360692977905,0.09234826266765594,-0.03297591209411621,0.0,0.0,12.268424034118652,-1.6393187046051025
6.778791904449463,0.8665791153907776,0.18888498842716217,-0.15191113948822021,0.004886912647634745,0.17180633544921875,-0.0,-1.4671307802200317,-0.0003023119061253965,1.272124171257019,0.16321346163749695,0.024037837982177734,0.0,0.0,12.268424034118652,-1.6389371156692505
6.779292106628418,0.8665791153907776,0.18888498842716217,-0.17285840213298798,0.022562630474567413,0.17180633544921875,-0.0,-1.466321349143982,0.03372161462903023,1.288122534751892,0.15236018598079681,0.013325929641723633,0.0,0.0,12.268424034118652,-1.6381276845932007
6.779791831970215,0.8656055927276611,0.19057120382785797,-0.16480176150798798,0.014189919456839561,0.17180633544921875,-0.0,-1.4665768146514893,0.02224128693342209,1.2899411916732788,0.1665349006652832,0.024281978607177734,0.0,0.0,12.268424034118652,-1.638383150100708
6.78029203414917,0.8675529360771179,0.18719832599163055,-0.1744697391986847,0.025353537872433662,0.17180633544921875,-0.0,-1.4666508436203003,0.018659444525837898,1.3070566654205322,0.13542546331882477,-0.0009005069732666016,0.0,0.0,12.268424034118652,-1.638457179069519
6.780791759490967,0.8675529360771179,0.18719832599163055,-0.16802442073822021,0.01791112683713436,0.17180633544921875,-0.0,-1.4668550491333008,0.009642758406698704,1.3179792165756226,0.12221403419971466,-0.011522293090820312,0.0,0.0,12.268424034118652,-1.6386613845825195
6.781291961669922,0.8665791153907776,0.18888498842716217,-0.17124707996845245,0.021632332354784012,0.17180633544921875,-0.0,-1.4662799835205078,0.033659860491752625,1.3068203926086426,0.16050738096237183,0.017780065536499023,0.0,0.0,12.268424034118652,-1.6380863189697266
6.781792163848877,0.8675529360771179,0.18719832599163055,-0.17124707996845245,0.019771728664636612,0.17180633544921875,-0.0,-1.4663830995559692,0.02855035848915577,1.316704273223877,0.13608397543430328,-0.0014233589172363281,0.0,0.0,12.268424034118652,-1.638189435005188
6.782290935516357,0.8665791153907776,0.18888498842716217,-0.17124707996845245,0.023492936044931412,0.17180633544921875,-0.0,-1.4659779071807861,0.04504585266113281,1.2939375638961792,0.14900946617126465,0.009892702102661133,0.0,0.0,12.268424034118652,-1.6377842426300049
6.7827911376953125,0.8675529360771179,0.18719832599163055,-0.16480176150798798,0.012329316698014736,0.17180633544921875,-0.0,-1.4663686752319336,0.02767123468220234,1.3169782161712646,0.14032971858978271,0.0017426013946533203,0.0,0.0,12.268424034118652,-1.6381750106811523
6.783290863037109,0.8665791153907776,0.18888498842716217,-0.16963575780391693,0.02070203423500061,0.17180633544921875,-0.0,-1.465405821800232,0.06755168735980988,1.2930277585983276,0.15436264872550964,0.01350712776184082,0.0,0.0,12.268424034118652,-1.6372121572494507
6.7837910652160645,0.8665791153907776,0.18888498842716217,-0.1664130985736847,0.022562630474567413,0.17180633544921875,-0.0,-1.4657307863235474,0.05243316665291786,1.2791876792907715,0.15871499478816986,0.018472909927368164,0.0,0.0,12.268424034118652,-1.6375371217727661
6.784290790557861,0.8675529360771179,0.18719832599163055,-0.17285840213298798,0.024423232302069664,0.17180633544921875,-0.0,-1.465069055557251,0.07912454009056091,1.3062000274658203,0.1264546662569046,-0.009228944778442383,0.0,0.0,12.268424034118652,-1.6368753910064697
6.784790992736816,0.8665791153907776,0.18888498842716217,-0.1664130985736847,0.024423232302069664,0.17180633544921875,-0.0,-1.46573007106781,0.049679066985845566,1.3165286779403687,0.1457751840353012,0.005249977111816406,0.0,0.0,12.268424034118652,-1.6375364065170288
6.7852911949157715,0.8675529360771179,0.18719832599163055,-0.16963575780391693,0.02256263792514801,0.17180633544921875,-0.0,-1.4650403261184692,0.07760605216026306,1.311214804649353,0.1455181986093521,0.00481724739074707,0.0,0.0,12.268424034118652,-1.636846661567688
6.785790920257568,0.8675529360771179,0.18719832599163055,-0.1664130985736847,0.007677821442484856,0.17180633544921875,-0.0,-1.4652297496795654,0.06802963465452194,1.314431071281433,0.14078836143016815,0.0011637210845947266,0.0,0.0,12.268424034118652,-1.6370360851287842
6.786290168762207,0.8665791153907776,0.18888498842716217,-0.17124707996845245,0.029074735939502716,0.17180633544921875,-0.0,-1.464791178703308,0.08494797348976135,1.298068642616272,0.15227031707763672,0.010840177536010742,0.0,0.0,12.268424034118652,-1.6365975141525269
6.786789894104004,0.8665791153907776,0.18888498842716217,-0.1664130985736847,0.022562630474567413,0.17180633544921875,-0.0,-1.4653459787368774,0.05978517606854439,1.3065533638000488,0.1353650838136673,-0.002203226089477539,0.0,0.0,12.268424034118652,-1.6371523141860962
6.787290096282959,0.8665791153907776,0.18888498842716217,-0.16963575780391693,0.015120225958526134,0.17180633544921875,-0.0,-1.4651988744735718,0.06468594074249268,1.3051460981369019,0.16016767919063568,0.01660323143005371,0.0,0.0,12.268424034118652,-1.6370052099227905
6.787789821624756,0.8646318316459656,0.18551169335842133,-0.1664130985736847,0.022562630474567413,0.17180633544921875,-0.0,-1.4654220342636108,0.05376660078763962,1.301127314567566,0.10267651081085205,-0.0267179012298584,0.0,0.0,12.268424034118652,-1.6372283697128296
6.788290023803711,0.8675529360771179,0.18719832599163055,-0.17608106136322021,0.018841423094272614,0.17180633544921875,-0.0,-1.4655169248580933,0.04874306172132492,1.299627661705017,0.13913297653198242,0.0013926029205322266,0.0,0.0,12.268424034118652,-1.637323260307312
6.788789749145508,0.8675529360771179,0.18719832599163055,-0.1664130985736847,0.022562630474567413,0.17180633544921875,-0.0,-1.4655990600585938,0.04417957365512848,1.29741370677948,0.13138513267040253,-0.004277467727661133,0.0,0.0,12.268424034118652,-1.6374053955078125
6.789289951324463,0.8665791153907776,0.18888498842716217,-0.1744697391986847,0.01791112683713436,0.17180633544921875,-0.0,-1.4652013778686523,0.059956710785627365,1.3031171560287476,0.1450468748807907,0.005298614501953125,0.0,0.0,12.268424034118652,-1.637007713317871
6.789790153503418,0.8665791153907776,0.18888498842716217,-0.1664130985736847,0.013259622268378735,0.17180633544921875,-0.0,-1.4653940200805664,0.05054100230336189,1.313741683959961,0.1383836716413498,-0.00043892860412597656,0.0,0.0,12.268424034118652,-1.6372003555297852
6.790289878845215,0.8665791153907776,0.18888498842716217,-0.16802442073822021,0.019771728664636612,0.17180633544921875,-0.0,-1.465011477470398,0.06563085317611694,1.301313042640686,0.1505088210105896,0.009423971176147461,0.0,0.0,12.268424034118652,-1.6368178129196167
6.7907891273498535,0.8675529360771179,0.18719832599163055,-0.1664130985736847,0.022562630474567413,0.17180633544921875,-0.0,-1.4654184579849243,0.04707567021250725,1.3097610473632812,0.12148814648389816,-0.012924909591674805,0.0,0.0,12.268424034118652,-1.637224793434143
6.79128885269165,0.8675529360771179,0.18719832599163055,-0.17285840213298798,0.022562630474567413,0.17180633544921875,-0.0,-1.4651284217834473,0.05832991749048233,1.3095868825912476,0.13690724968910217,-0.0014908313751220703,0.0,0.0,12.268424034118652,-1.636934757232666
6.7917890548706055,0.8665791153907776,0.18888498842716217,-0.16480176150798798,0.02907472848892212,0.17180633544921875,-0.0,-1.465367317199707,0.047062020748853683,1.3125547170639038,0.15842577815055847,0.014767885208129883,0.0,0.0,12.268424034118652,-1.6371736526489258
6.792288780212402,0.8665791153907776,0.18888498842716217,-0.16963575780391693,0.02070203423500061,0.17180633544921875,-0.0,-1.4646779298782349,0.07514950633049011,1.2915078401565552,0.15207341313362122,0.011162519454956055,0.0,0.0,12.268424034118652,-1.6364842653274536
6.792788982391357,0.8675529360771179,0.18719832599163055,-0.1664130985736847,0.015120225958526134,0.17180633544921875,-0.0,-1.46515953540802,0.05320749431848526,1.3161522150039673,0.1274053305387497,-0.00915670394897461,0.0,0.0,12.268424034118652,-1.6369658708572388
6.7932891845703125,0.8665791153907776,0.18888498842716217,-0.17285840213298798,0.022562630474567413,0.17180633544921875,-0.0,-1.4648070335388184,0.06695730984210968,1.3034913539886475,0.17147456109523773,0.024936437606811523,0.0,0.0,12.268424034118652,-1.636613368988037
6.793788909912109,0.8665791153907776,0.18888498842716217,-0.1664130985736847,0.022562630474567413,0.17180633544921875,-0.0,-1.4654351472854614,0.03911662474274635,1.2965896129608154,0.14443419873714447,0.005613565444946289,0.0,0.0,12.268424034118652,-1.6372414827346802
6.7942891120910645,0.8665791153907776,0.18888498842716217,-0.16963575780391693,0.02070203423500061,0.17180633544921875,-0.0,-1.4650009870529175,0.056529875844717026,1.3069199323654175,0.14876478910446167,0.00759577751159668,0.0,0.0,12.268424034118652,-1.6368073225021362
6.794787883758545,0.8675529360771179,0.18719832599163055,-0.16480176150798798,0.008608118630945683,0.17180633544921875,-0.0,-1.465535044670105,0.03281357139348984,1.3219919204711914,0.13026326894760132,-0.0070612430572509766,0.0,0.0,12.268424034118652,-1.6373413801193237
6.7952880859375,0.8665791153907776,0.18888498842716217,-0.1744697391986847,0.023492936044931412,0.17180633544921875,-0.0,-1.4653348922729492,0.040487393736839294,1.301085114479065,0.14116837084293365,0.002640962600708008,0.0,0.0,12.268424034118652,-1.637141227722168
6.795787811279297,0.8665791153907776,0.18888498842716217,-0.16157911717891693,0.019771728664636612,0.17180633544921875,-0.0,-1.465516448020935,0.03204924613237381,1.2968084812164307,0.15412449836730957,0.01307988166809082,0.0,0.0,12.268424034118652,-1.6373227834701538
6.796288013458252,0.8665791153907776,0.18888498842716217,-0.1744697391986847,0.023492936044931412,0.17180633544921875,-0.0,-1.465132236480713,0.04751495271921158,1.3099470138549805,0.14296072721481323,0.003069162368774414,0.0,0.0,12.268424034118652,-1.6369385719299316
6.796788215637207,0.8665791153907776,0.18888498842716217,-0.17769239842891693,0.029074735939502716,0.17180633544921875,-0.0,-1.4654552936553955,0.03290339186787605,1.3040835857391357,0.1439410150051117,0.004621267318725586,0.0,0.0,12.268424034118652,-1.6372616291046143
6.797287940979004,0.8665791153907776,0.18888498842716217,-0.17124707996845245,0.029074735939502716,0.17180633544921875,-0.0,-1.4646984338760376,0.06405795365571976,1.2916368246078491,0.15311521291732788,0.011966466903686523,0.0,0.0,12.268424034118652,-1.6365047693252563
6.797788143157959,0.8675529360771179,0.18719832599163055,-0.1744697391986847,0.027214132249355316,0.17180633544921875,-0.0,-1.4649296998977661,0.05296609550714493,1.3081202507019043,0.14319130778312683,0.0031936168670654297,0.0,0.0,12.268424034118652,-1.6367360353469849
6.798287868499756,0.8675529360771179,0.18719832599163055,-0.16802442073822021,0.021632332354784012,0.17180633544921875,-0.0,-1.4647401571273804,0.05988782271742821,1.3053803443908691,0.14056570827960968,0.0012373924255371094,0.0,0.0,12.268424034118652,-1.6365464925765991
6.7987871170043945,0.8665791153907776,0.18888498842716217,-0.1664130985736847,0.024423232302069664,0.17180633544921875,-0.0,-1.4648845195770264,0.0526077076792717,1.3140270709991455,0.15797099471092224,0.013808250427246094,0.0,0.0,12.268424034118652,-1.6366908550262451
6.799286842346191,0.8665791153907776,0.18888498842716217,-0.17285840213298798,0.024423232302069664,0.17180633544921875,-0.0,-1.4643596410751343,0.07360099256038666,1.294272780418396,0.15200509130954742,0.01054072380065918,0.0,0.0,12.268424034118652,-1.636165976524353
6.7997870445251465,0.8675529360771179,0.18719832599163055,-0.17608106136322021,0.028144430369138718,0.17180633544921875,-0.0,-1.464611530303955,0.06137801334261894,1.3129807710647583,0.13456875085830688,-0.00404667854309082,0.0,0.0,12.268424034118652,-1.6364178657531738
6.800286769866943,0.8675529360771179,0.18719832599163055,-0.17285840213298798,0.024423232302069664,0.17180633544921875,-0.0,-1.4643737077713013,0.07011277973651886,1.3085298538208008,0.13670825958251953,-0.0023119449615478516,0.0,0.0,12.268424034118652,-1.63618004322052
6.800786972045898,0.8665791153907776,0.18888498842716217,-0.1744697391986847,0.027214132249355316,0.17180633544921875,-0.0,-1.4644876718521118,0.0638645589351654,1.297036051750183,0.15397997200489044,0.011926412582397461,0.0,0.0,12.268424034118652,-1.6362940073013306
6.8012871742248535,0.8665791153907776,0.18888498842716217,-0.16963575780391693,0.015120225958526134,0.17180633544921875,-0.0,-1.4648032188415527,0.049385447055101395,1.298854112625122,0.16647657752037048,0.021590471267700195,0.0,0.0,12.268424034118652,-1.6366095542907715
6.80178689956665,0.8675529360771179,0.18719832599163055,-0.17285840213298798,0.026283826678991318,0.17180633544921875,-0.0,-1.464879035949707,0.04505396634340286,1.3263291120529175,0.137330561876297,-0.0027396678924560547,0.0,0.0,12.268424034118652,-1.6366853713989258
6.8022871017456055,0.8665791153907776,0.18888498842716217,-0.17285840213298798,0.030005034059286118,0.17180633544921875,-0.0,-1.4650009870529175,0.03900629281997681,1.299214482307434,0.14844368398189545,0.008014440536499023,0.0,0.0,12.268424034118652,-1.6368073225021362
6.802786827087402,0.8665791153907776,0.18888498842716217,-0.17124707996845245,0.019771728664636612,0.17180633544921875,-0.0,-1.4655145406723022,0.016592122614383698,1.302807331085205,0.1442745327949524,0.005036592483520508,0.0,0.0,12.268424034118652,-1.637320876121521
6.803286075592041,0.8675529360771179,0.18719832599163055,-0.1744697391986847,0.025353537872433662,0.17180633544921875,-0.0,-1.4651787281036377,0.030355200171470642,1.302057147026062,0.13020524382591248,-0.005964040756225586,0.0,0.0,12.268424034118652,-1.6369850635528564
6.803785800933838,0.8675529360771179,0.18719832599163055,-0.17124707996845245,0.01605052314698696,0.17180633544921875,-0.0,-1.465571641921997,0.013122801668941975,1.3148080110549927,0.1207677498459816,-0.01368260383605957,0.0,0.0,12.268424034118652,-1.6373779773712158
6.804286003112793,0.8675529360771179,0.18719832599163055,-0.16963575780391693,0.015120225958526134,0.17180633544921875,-0.0,-1.4654924869537354,0.016186656430363655,1.3031384944915771,0.12955689430236816,-0.006231069564819336,0.0,0.0,12.268424034118652,-1.637298822402954
6.804786205291748,0.8656055927276611,0.1838250309228897,-0.1664130985736847,0.030005034059286118,0.17180633544921875,-0.0,-1.4659600257873535,-0.003966046031564474,1.3550083637237549,0.10336042195558548,-0.02882552146911621,0.0,0.0,12.268424034118652,-1.6377663612365723
6.805285930633545,0.8675529360771179,0.18719832599163055,-0.16802442073822021,0.021632332354784012,0.17180633544921875,-0.0,-1.4654446840286255,0.01792425476014614,1.2962713241577148,0.1404285728931427,0.002577066421508789,0.0,0.0,12.268424034118652,-1.6372510194778442
6.8057861328125,0.8665791153907776,0.18888498842716217,-0.17124707996845245,0.019771728664636612,0.17180633544921875,-0.0,-1.4661587476730347,-0.012418780475854874,1.280489444732666,0.15378297865390778,0.014945268630981445,0.0,0.0,12.268424034118652,-1.6379650831222534
6.806285858154297,0.8656055927276611,0.1838250309228897,-0.1664130985736847,0.01884143240749836,0.17180633544921875,-0.0,-1.466416835784912,-0.02307298593223095,1.2881972789764404,0.09085572510957718,-0.03411698341369629,0.0,0.0,12.268424034118652,-1.6382231712341309
6.806786060333252,0.8665791153907776,0.18888498842716217,-0.17124707996845245,0.0011657149298116565,0.17180633544921875,-0.0,-1.4669935703277588,-0.04687662050127983,1.3151602745056152,0.12979255616664886,-0.00547027587890625,0.0,0.0,12.268424034118652,-1.6387999057769775
6.807284832000732,0.8675529360771179,0.18719832599163055,-0.17285840213298798,0.022562630474567413,0.17180633544921875,-0.0,-1.4663472175598145,-0.01883813366293907,1.286329984664917,0.1143142431974411,-0.01588606834411621,0.0,0.0,12.268424034118652,-1.6381535530090332
6.8077850341796875,0.8675529360771179,0.18719832599163055,-0.16802442073822021,0.01791112683713436,0.17180633544921875,-0.0,-1.4662938117980957,-0.016116874292492867,1.30534029006958,0.12774492800235748,-0.0069844722747802734,0.0,0.0,12.268424034118652,-1.6381001472473145
6.808284759521484,0.8675529360771179,0.18719832599163055,-0.17124707996845245,0.021632332354784012,0.17180633544921875,-0.0,-1.4665130376815796,-0.025094935670495033,1.293129563331604,0.10682862997055054,-0.021958112716674805,0.0,0.0,12.268424034118652,-1.6383193731307983
6.8087849617004395,0.8665791153907776,0.18888498842716217,-0.1664130985736847,0.015120225958526134,0.17180633544921875,-0.0,-1.4667078256607056,-0.03266653046011925,1.2780046463012695,0.15916268527507782,0.019885778427124023,0.0,0.0,12.268424034118652,-1.6385141611099243
6.8092851638793945,0.8656055927276611,0.1838250309228897,-0.17285840213298798,0.030005034059286118,0.17180633544921875,-0.0,-1.4666597843170166,-0.030116887763142586,1.2995871305465698,0.08485627919435501,-0.0391080379486084,0.0,0.0,12.268424034118652,-1.6384661197662354
6.809784889221191,0.8675529360771179,0.18719832599163055,-0.16802442073822021,0.01791112683713436,0.17180633544921875,-0.0,-1.4671956300735474,-0.05180497094988823,1.2844334840774536,0.13385137915611267,0.0002186298370361328,0.0,0.0,12.268424034118652,-1.6390019655227661
6.8102850914001465,0.8675529360771179,0.18719832599163055,-0.16963575780391693,0.013259630650281906,0.17180633544921875,-0.0,-1.4673748016357422,-0.05827399343252182,1.2903356552124023,0.11400485783815384,-0.015381097793579102,0.0,0.0,12.268424034118652,-1.639181137084961
6.810784816741943,0.8665791153907776,0.18888498842716217,-0.17285840213298798,0.026283826678991318,0.17180633544921875,-0.0,-1.4675135612487793,-0.06284036487340927,1.2918654680252075,0.1506613940000534,0.012848615646362305,0.0,0.0,12.268424034118652,-1.639319896697998
6.811285018920898,0.8675529360771179,0.18719832599163055,-0.16802442073822021,0.012329325079917908,0.17180633544921875,-0.0,-1.4672622680664062,-0.05098942294716835,1.3035037517547607,0.11531450599431992,-0.015380144119262695,0.0,0.0,12.268424034118652,-1.639068603515625
6.811783790588379,0.8665791153907776,0.18888498842716217,-0.16802442073822021,0.023492926731705666,0.17180633544921875,-0.0,-1.4673675298690796,-0.054324205964803696,1.2741881608963013,0.1554008424282074,0.017989635467529297,0.0,0.0,12.268424034118652,-1.6391738653182983
6.812283992767334,0.8675529360771179,0.18719832599163055,-0.17285840213298798,0.024423232302069664,0.17180633544921875,-0.0,-1.466851830482483,-0.03153376281261444,1.2907406091690063,0.12744052708148956,-0.005562782287597656,0.0,0.0,12.268424034118652,-1.6386581659317017
6.812784194946289,0.8675529360771179,0.18719832599163055,-0.17124707996845245,0.019771728664636612,0.17180633544921875,-0.0,-1.4667474031448364,-0.026424864307045937,1.2986890077590942,0.14146532118320465,0.004462480545043945,0.0,0.0,12.268424034118652,-1.6385537385940552
6.813283920288086,0.8656055927276611,0.1838250309228897,-0.17285840213298798,0.03372623026371002,0.17180633544921875,-0.0,-1.4668446779251099,-0.03002219833433628,1.296657919883728,0.10021751374006271,-0.026938676834106445,0.0,0.0,12.268424034118652,-1.6386510133743286
6.813784122467041,0.8665791153907776,0.18888498842716217,-0.1664130985736847,0.01698082871735096,0.17180633544921875,-0.0,-1.4669368267059326,-0.033119961619377136,1.2671328783035278,0.16865961253643036,0.028574466705322266,0.0,0.0,12.268424034118652,-1.6387431621551514
6.814283847808838,0.8656055927276611,0.1838250309228897,-0.16963575780391693,0.02070203423500061,0.17180633544921875,-0.0,-1.4667961597442627,-0.02666725404560566,1.299342155456543,0.09662964940071106,-0.02990269660949707,0.0,0.0,12.268424034118652,-1.6386024951934814
6.814784049987793,0.8675529360771179,0.18719832599163055,-0.16963575780391693,0.01698082871735096,0.17180633544921875,-0.0,-1.4672974348068237,-0.04721855744719505,1.2886333465576172,0.12029837816953659,-0.010474920272827148,0.0,0.0,12.268424034118652,-1.6391037702560425
6.81528377532959,0.8656055927276611,0.1838250309228897,-0.17608106136322021,0.026283835992217064,0.17180633544921875,-0.0,-1.467826247215271,-0.06848997622728348,1.304276704788208,0.09715018421411514,-0.028764724731445312,0.0,0.0,12.268424034118652,-1.6396325826644897
6.8157830238342285,0.8675529360771179,0.18719832599163055,-0.16802442073822021,0.021632332354784012,0.17180633544921875,-0.0,-1.4677085876464844,-0.0619964674115181,1.282342553138733,0.13517095148563385,0.0019211769104003906,0.0,0.0,12.268424034118652,-1.6395149230957031
6.816282749176025,0.8656055927276611,0.1838250309228897,-0.1744697391986847,0.025353537872433662,0.17180633544921875,-0.0,-1.468233585357666,-0.08282551914453506,1.3018492460250854,0.09591540694236755,-0.02916884422302246,0.0,0.0,12.268424034118652,-1.6400399208068848
6.8167829513549805,0.8665791153907776,0.18888498842716217,-0.15996778011322021,0.003956615459173918,0.17180633544921875,-0.0,-1.4679524898529053,-0.06909145414829254,1.257870078086853,0.16610297560691833,0.028543710708618164,0.0,0.0,12.268424034118652,-1.639758825302124
6.8172831535339355,0.8675529360771179,0.18719832599163055,-0.17124707996845245,0.023492936044931412,0.17180633544921875,-0.0,-1.4676964282989502,-0.05697936937212944,1.2947553396224976,0.12416961044073105,-0.00754094123840332,0.0,0.0,12.268424034118652,-1.639502763748169
6.817782878875732,0.8675529360771179,0.18719832599163055,-0.16802442073822021,0.023492926731705666,0.17180633544921875,-0.0,-1.4678751230239868,-0.06326835602521896,1.3524348735809326,0.12165617197751999,-0.01328587532043457,0.0,0.0,12.268424034118652,-1.6396814584732056
6.8182830810546875,0.8646318316459656,0.18551169335842133,-0.17124707996845245,0.023492936044931412,0.17180633544921875,-0.0,-1.4672479629516602,-0.035583287477493286,1.2948020696640015,0.1082095056772232,-0.020266294479370117,0.0,0.0,12.268424034118652,-1.639054298400879
6.818782806396484,0.8675529360771179,0.18719832599163055,-0.1664130985736847,0.015120225958526134,0.17180633544921875,-0.0,-1.4670649766921997,-0.027058670297265053,1.2954519987106323,0.12635977566242218,-0.0065343379974365234,0.0,0.0,12.268424034118652,-1.6388713121414185
6.8192830085754395,0.8675529360771179,0.18719832599163055,-0.17124707996845245,0.021632332354784012,0.17180633544921875,-0.0,-1.4668748378753662,-0.01847822219133377,1.2909122705459595,0.1158621683716774,-0.014475822448730469,0.0,0.0,12.268424034118652,-1.638681173324585
6.81978178024292,0.8665791153907776,0.18888498842716217,-0.17124707996845245,0.019771728664636612,0.17180633544921875,-0.0,-1.4665157794952393,-0.0028582389932125807,1.2825180292129517,0.1549890637397766,0.016049861907958984,0.0,0.0,12.268424034118652,-1.638322114944458
6.820281982421875,0.8665791153907776,0.18888498842716217,-0.17285840213298798,0.024423232302069664,0.17180633544921875,-0.0,-1.4660090208053589,0.018534071743488312,1.3054825067520142,0.1448814421892166,0.005769968032836914,0.0,0.0,12.268424034118652,-1.6378153562545776
6.82078218460083,0.8665791153907776,0.18888498842716217,-0.1664130985736847,0.022562630474567413,0.17180633544921875,-0.0,-1.4663180112838745,0.005114058032631874,1.286365270614624,0.13860566914081573,0.002871274948120117,0.0,0.0,12.268424034118652,-1.6381243467330933
6.821281909942627,0.8646318316459656,0.18551169335842133,-0.16963575780391693,0.02070203423500061,0.17180633544921875,-0.0,-1.4659494161605835,0.02045401744544506,1.301228404045105,0.10288407653570175,-0.026046276092529297,0.0,0.0,12.268424034118652,-1.6377557516098022
6.821782112121582,0.8665791153907776,0.18888498842716217,-0.16480176150798798,0.023492926731705666,0.17180633544921875,-0.0,-1.466295838356018,0.005496947094798088,1.3044567108154297,0.15465480089187622,0.013566255569458008,0.0,0.0,12.268424034118652,-1.6381021738052368
6.822281837463379,0.8675529360771179,0.18719832599163055,-0.1744697391986847,0.025353537872433662,0.17180633544921875,-0.0,-1.4658790826797485,0.02288001962006092,1.309857726097107,0.1351325809955597,-0.0021164417266845703,0.0,0.0,12.268424034118652,-1.6376854181289673
6.822782039642334,0.8665791153907776,0.18888498842716217,-0.1664130985736847,0.022562630474567413,0.17180633544921875,-0.0,-1.4662656784057617,0.006210798397660255,1.2999444007873535,0.15501391887664795,0.014217138290405273,0.0,0.0,12.268424034118652,-1.6380720138549805
6.823281764984131,0.8665791153907776,0.18888498842716217,-0.16802442073822021,0.019771728664636612,0.17180633544921875,-0.0,-1.4659134149551392,0.020960930734872818,1.307912826538086,0.15747293829917908,0.01501011848449707,0.0,0.0,12.268424034118652,-1.637719750404358
6.823781967163086,0.8675529360771179,0.18719832599163055,-0.17124707996845245,0.025353530421853065,0.17180633544921875,-0.0,-1.4659610986709595,0.01839682273566723,1.3114731311798096,0.13298194110393524,-0.0037915706634521484,0.0,0.0,12.268424034118652,-1.6377674341201782
6.824281215667725,0.8665791153907776,0.18888498842716217,-0.17930372059345245,0.028144439682364464,0.17180633544921875,-0.0,-1.4656085968017578,0.03295315057039261,1.3080284595489502,0.17020344734191895,0.024320125579833984,0.0,0.0,12.268424034118652,-1.6374149322509766
6.8247809410095215,0.8675529360771179,0.18719832599163055,-0.16157911717891693,0.019771728664636612,0.17180633544921875,-0.0,-1.465910792350769,0.019470825791358948,1.3174450397491455,0.13059768080711365,-0.0060977935791015625,0.0,0.0,12.268424034118652,-1.6377171277999878
6.825281143188477,0.8665791153907776,0.18888498842716217,-0.17285840213298798,0.030005034059286118,0.17180633544921875,-0.0,-1.4654872417449951,0.03691110387444496,1.3092429637908936,0.14936122298240662,0.008329153060913086,0.0,0.0,12.268424034118652,-1.6372935771942139
6.825780868530273,0.8665791153907776,0.18888498842716217,-0.16157911717891693,0.019771728664636612,0.18343544006347656,10.737865447998047,-1.4657269716262817,0.026059405878186226,1.2871363162994385,0.13761663436889648,0.0014576911926269531,0.0,0.0,12.268424034118652,-1.6491624116897583
6.8262810707092285,0.8656055927276611,0.19057120382785797,-0.17124707996845245,0.014189928770065308,0.18880605697631836,10.737865447998047,-1.4654157161712646,0.03857669606804848,1.304943323135376,0.13260021805763245,-0.004118680953979492,0.0,0.0,12.268424034118652,-1.654221773147583
6.826780796051025,0.8636582493782043,0.1939440816640854,-0.16319043934345245,0.01698082871735096,0.1709151268005371,-10.737865447998047,-1.4652111530303955,0.046381283551454544,1.2929643392562866,0.13143634796142578,-0.004280567169189453,0.0,0.0,12.268424034118652,-1.6361262798309326
6.8272809982299805,0.8636582493782043,0.1939440816640854,-0.16802442073822021,0.03093533031642437,0.1655445098876953,-10.737865447998047,-1.4654545783996582,0.03518231213092804,1.2756813764572144,0.14034099876880646,0.004259824752807617,0.0,0.0,12.268424034118652,-1.6309990882873535
6.8277812004089355,0.8656055927276611,0.19057120382785797,-0.1502998173236847,0.03930804133415222,0.17180633544921875,-0.0,-1.4654346704483032,0.03541096672415733,1.2617524862289429,0.15762974321842194,0.019015073776245117,0.0,0.0,12.268424034118652,-1.637241005897522
6.828280925750732,0.8665791153907776,0.18888498842716217,-0.16802442073822021,0.023492926731705666,0.17180633544921875,-0.0,-1.4651696681976318,0.04580634832382202,1.2912118434906006,0.12886549532413483,-0.00616455078125,0.0,0.0,12.268424034118652,-1.6369760036468506
6.828780174255371,0.8656055927276611,0.19057120382785797,-0.16157911717891693,0.019771728664636612,0.17180633544921875,-0.0,-1.464496374130249,0.0732894167304039,1.2675495147705078,0.1672748476266861,0.02503800392150879,0.0,0.0,12.268424034118652,-1.6363027095794678
6.829279899597168,0.8665791153907776,0.18888498842716217,-0.1744697391986847,0.01605053059756756,0.17180633544921875,-0.0,-1.464633584022522,0.06599278748035431,1.2922627925872803,0.1356736272573471,-0.0015413761138916016,0.0,0.0,12.268424034118652,-1.6364399194717407
6.829780101776123,0.8665791153907776,0.18888498842716217,-0.17124707996845245,0.019771728664636612,0.17180633544921875,-0.0,-1.4645047187805176,0.07010699063539505,1.2716131210327148,0.15404315292835236,0.014344453811645508,0.0,0.0,12.268424034118652,-1.6363110542297363
6.83027982711792,0.8665791153907776,0.18888498842716217,-0.16480176150798798,0.014189919456839561,0.17180633544921875,-0.0,-1.4638932943344116,0.09438269585371017,1.2869566679000854,0.1380118429660797,-4.100799560546875e-05,0.0,0.0,12.268424034118652,-1.6356996297836304
6.830780029296875,0.8665791153907776,0.18888498842716217,-0.16480176150798798,0.021632323041558266,0.17180633544921875,-0.0,-1.464042067527771,0.08611766993999481,1.2854945659637451,0.13765929639339447,-4.553794860839844e-05,0.0,0.0,12.268424034118652,-1.6358484029769897
6.831279754638672,0.8675529360771179,0.18719832599163055,-0.16802442073822021,0.023492926731705666,0.17180633544921875,-0.0,-1.4640750885009766,0.0829310268163681,1.297513484954834,0.13499587774276733,-0.0030372142791748047,0.0,0.0,12.268424034118652,-1.6358814239501953
6.831779956817627,0.8656055927276611,0.19057120382785797,-0.15513379871845245,0.010468722321093082,0.17180633544921875,-0.0,-1.4644595384597778,0.06506425887346268,1.2846333980560303,0.18341481685638428,0.035651445388793945,0.0,0.0,12.268424034118652,-1.6362658739089966
6.832280158996582,0.8665791153907776,0.18888498842716217,-0.16480176150798798,0.021632323041558266,0.17180633544921875,-0.0,-1.464155673980713,0.07638300955295563,1.294600009918213,0.14717577397823334,0.0066106319427490234,0.0,0.0,12.268424034118652,-1.6359620094299316
6.8327789306640625,0.8675529360771179,0.18719832599163055,-0.1825263798236847,0.02070203423500061,0.17180633544921875,-0.0,-1.4654643535614014,0.01952836848795414,1.287225365638733,0.10733098536729813,-0.02222919464111328,0.0,0.0,12.268424034118652,-1.6372706890106201
6.833279132843018,0.8656055927276611,0.1838250309228897,-0.16802442073822021,0.023492926731705666,0.17180633544921875,-0.0,-1.4650520086288452,0.036494601517915726,1.3051228523254395,0.12926773726940155,-0.007036924362182617,0.0,0.0,12.268424034118652,-1.636858344078064
6.8337788581848145,0.8675529360771179,0.18719832599163055,-0.16802442073822021,0.025353530421853065,0.17180633544921875,-0.0,-1.4652023315429688,0.02945764735341072,1.2932788133621216,0.14291436970233917,0.0044934749603271484,0.0,0.0,12.268424034118652,-1.6370086669921875
6.8342790603637695,0.8675529360771179,0.18719832599163055,-0.17124707996845245,0.025353530421853065,0.17180633544921875,-0.0,-1.464988112449646,0.03794398531317711,1.2786991596221924,0.13721902668476105,0.0011115074157714844,0.0,0.0,12.268424034118652,-1.6367944478988647
6.834778785705566,0.8656055927276611,0.1838250309228897,-0.16802442073822021,0.01791112683713436,0.17180633544921875,-0.0,-1.465017318725586,0.035939283668994904,1.3090927600860596,0.11904704570770264,-0.01514124870300293,0.0,0.0,12.268424034118652,-1.6368236541748047
6.8352789878845215,0.8675529360771179,0.18719832599163055,-0.16480176150798798,0.021632323041558266,0.17180633544921875,-0.0,-1.4651165008544922,0.031087875366210938,1.2764315605163574,0.14048345386981964,0.003965616226196289,0.0,0.0,12.268424034118652,-1.636922836303711
6.835779190063477,0.8675529360771179,0.18719832599163055,-0.16802442073822021,0.01791112683713436,0.17180633544921875,-0.0,-1.4653737545013428,0.019606946036219597,1.2940078973770142,0.13744671642780304,0.0004067420959472656,0.0,0.0,12.268424034118652,-1.6371800899505615
6.836278915405273,0.8675529360771179,0.18719832599163055,-0.16157911717891693,0.008608127944171429,0.17180633544921875,-0.0,-1.4655635356903076,0.011205107904970646,1.3076155185699463,0.13025213778018951,-0.005971193313598633,0.0,0.0,12.268424034118652,-1.6373698711395264
6.8367791175842285,0.8665791153907776,0.18888498842716217,-0.14546583592891693,-0.0025554827880114317,0.17180633544921875,-0.0,-1.4653668403625488,0.019295981153845787,1.2909796237945557,0.14641976356506348,0.007543325424194336,0.0,0.0,12.268424034118652,-1.6371731758117676
6.837277889251709,0.8656055927276611,0.1838250309228897,-0.16802442073822021,0.03837774321436882,0.17180633544921875,-0.0,-1.4648269414901733,0.04153114929795265,1.3045951128005981,0.130704864859581,-0.0061261653900146484,0.0,0.0,12.268424034118652,-1.636633276939392
6.837778091430664,0.8665791153907776,0.18888498842716217,-0.16480176150798798,0.019771728664636612,0.17180633544921875,-0.0,-1.4650870561599731,0.029902677983045578,1.2706537246704102,0.16623549163341522,0.024491071701049805,0.0,0.0,12.268424034118652,-1.636893391609192
6.838277816772461,0.8675529360771179,0.18719832599163055,-0.16802442073822021,0.014189919456839561,0.17180633544921875,-0.0,-1.4649851322174072,0.03353272005915642,1.301490306854248,0.12871626019477844,-0.0072519779205322266,0.0,0.0,12.268424034118652,-1.636791467666626
6.838778018951416,0.8665791153907776,0.18888498842716217,-0.16802442073822021,0.01791112683713436,0.17180633544921875,-0.0,-1.4651119709014893,0.027524743229150772,1.2795214653015137,0.15456876158714294,0.014605283737182617,0.0,0.0,12.268424034118652,-1.636918306350708
6.839278221130371,0.8675529360771179,0.18719832599163055,-0.16480176150798798,0.010468722321093082,0.17180633544921875,-0.0,-1.4645330905914307,0.05125778913497925,1.2889105081558228,0.13492362201213837,-0.0019538402557373047,0.0,0.0,12.268424034118652,-1.6363394260406494
6.839777946472168,0.8665791153907776,0.18888498842716217,-0.18091504275798798,0.025353530421853065,0.17180633544921875,-0.0,-1.464773416519165,0.04013528674840927,1.2846752405166626,0.16477803885936737,0.021648645401000977,0.0,0.0,12.268424034118652,-1.6365797519683838
6.840278148651123,0.8675529360771179,0.18719832599163055,-0.1744697391986847,0.030935339629650116,0.17180633544921875,-0.0,-1.4645951986312866,0.046736009418964386,1.2917375564575195,0.12063512951135635,-0.013120889663696289,0.0,0.0,12.268424034118652,-1.6364015340805054
6.84077787399292,0.8665791153907776,0.18888498842716217,-0.16319043934345245,0.01698082871735096,0.17180633544921875,-0.0,-1.4663976430892944,-0.03021411970257759,1.292582631111145,0.10563908517360687,-0.022958993911743164,0.0,0.0,12.268424034118652,-1.6382039785385132
6.841277122497559,0.8665791153907776,0.18888498842716217,-0.17124707996845245,0.019771728664636612,0.17180633544921875,-0.0,-1.4662866592407227,-0.024917077273130417,1.3070460557937622,0.14238300919532776,0.004005908966064453,0.0,0.0,12.268424034118652,-1.6380929946899414
6.8417768478393555,0.8665791153907776,0.18888498842716217,-0.16157911717891693,0.017911134287714958,0.17180633544921875,-0.0,-1.4663594961166382,-0.027419038116931915,1.2809351682662964,0.16693751513957977,0.025254011154174805,0.0,0.0,12.268424034118652,-1.638165831565857
6.8422770500183105,0.8675529360771179,0.18719832599163055,-0.17608106136322021,0.018841423094272614,0.17180633544921875,-0.0,-1.4661118984222412,-0.016490045934915543,1.293868064880371,0.1107596680521965,-0.01937556266784668,0.0,0.0,12.268424034118652,-1.63791823387146
6.842776775360107,0.8675529360771179,0.18719832599163055,-0.15674512088298798,0.020702026784420013,0.17180633544921875,-0.0,-1.4662675857543945,-0.022710366174578667,1.3041470050811768,0.1280066967010498,-0.006724119186401367,0.0,0.0,12.268424034118652,-1.6380739212036133
6.8432769775390625,0.8675529360771179,0.18719832599163055,-0.17124707996845245,0.03279593214392662,0.17180633544921875,-0.0,-1.4651784896850586,0.02350984327495098,1.2785723209381104,0.1492036134004593,0.010604143142700195,0.0,0.0,12.268424034118652,-1.6369848251342773
6.843777179718018,0.8675529360771179,0.18719832599163055,-0.1422431766986847,0.0030263180378824472,0.17180633544921875,-0.0,-1.4656753540039062,0.002135040471330285,1.3012717962265015,0.11630646139383316,-0.016045331954956055,0.0,0.0,12.268424034118652,-1.637481689453125
6.8442769050598145,0.8665791153907776,0.18888498842716217,-0.16802442073822021,0.008608118630945683,0.17180633544921875,-0.0,-1.4653137922286987,0.01731158047914505,1.284679889678955,0.14537575840950012,0.007235288619995117,0.0,0.0,12.268424034118652,-1.6371201276779175
6.8447771072387695,0.8665791153907776,0.18888498842716217,-0.16802442073822021,0.021632332354784012,0.17180633544921875,-0.0,-1.46527099609375,0.018735168501734734,1.300042748451233,0.1430652141571045,0.004103422164916992,0.0,0.0,12.268424034118652,-1.6370773315429688
6.845276832580566,0.8665791153907776,0.18888498842716217,-0.16480176150798798,0.012329316698014736,0.17180633544921875,-0.0,-1.464855670928955,0.03580264374613762,1.2926476001739502,0.13784030079841614,0.00030541419982910156,0.0,0.0,12.268424034118652,-1.6366620063781738
6.845776081085205,0.8665791153907776,0.18888498842716217,-0.16802442073822021,0.021632332354784012,0.17180633544921875,-0.0,-1.465178370475769,0.021458789706230164,1.292402982711792,0.1566237211227417,0.015052080154418945,0.0,0.0,12.268424034118652,-1.6369847059249878
6.846275806427002,0.8665791153907776,0.18888498842716217,-0.16480176150798798,0.014189919456839561,0.17180633544921875,-0.0,-1.4650572538375854,0.026089997962117195,1.2974580526351929,0.13348212838172913,-0.0032248497009277344,0.0,0.0,12.268424034118652,-1.6368635892868042
6.846776008605957,0.8656055927276611,0.19057120382785797,-0.14546583592891693,0.012329325079917908,0.17180633544921875,-0.0,-1.4649667739868164,0.029454430565238,1.2620108127593994,0.18935300409793854,0.043291330337524414,0.0,0.0,12.268424034118652,-1.6367731094360352
6.847276210784912,0.8665791153907776,0.18888498842716217,-0.16157911717891693,0.008608127944171429,0.17180633544921875,-0.0,-1.4645804166793823,0.04496411979198456,1.299092173576355,0.13424015045166016,-0.0032460689544677734,0.0,0.0,12.268424034118652,-1.636386752128601
6.847775936126709,0.8665791153907776,0.18888498842716217,-0.1583564579486847,0.01605053059756756,0.17180633544921875,-0.0,-1.4643070697784424,0.055548589676618576,1.284445881843567,0.14270947873592377,0.004198789596557617,0.0,0.0,12.268424034118652,-1.6361134052276611
6.848276138305664,0.8665791153907776,0.18888498842716217,-0.16802442073822021,0.014189919456839561,0.17180633544921875,-0.0,-1.463826298713684,0.07464034110307693,1.277251958847046,0.15910348296165466,0.01705479621887207,0.0,0.0,12.268424034118652,-1.6356326341629028
6.848775863647461,0.8665791153907776,0.18888498842716217,-0.15191113948822021,0.012329325079917908,0.17180633544921875,-0.0,-1.464061975479126,0.063177190721035,1.2822697162628174,0.14633482694625854,0.00694584846496582,0.0,0.0,12.268424034118652,-1.6358683109283447
6.849276065826416,0.8665791153907776,0.18888498842716217,-0.16802442073822021,0.023492926731705666,0.17180633544921875,-0.0,-1.4641170501708984,0.059504542499780655,1.2927285432815552,0.14855223894119263,0.00778508186340332,0.0,0.0,12.268424034118652,-1.6359233856201172
6.8497748374938965,0.8665791153907776,0.18888498842716217,-0.15674512088298798,0.013259622268378735,0.17180633544921875,-0.0,-1.46529221534729,0.008718867786228657,1.2841129302978516,0.11741682142019272,-0.01437687873840332,0.0,0.0,12.268424034118652,-1.6370985507965088
6.850275039672852,0.8656055927276611,0.19057120382785797,-0.17285840213298798,0.022562630474567413,0.17180633544921875,-0.0,-1.4647290706634521,0.03225771710276604,1.2475703954696655,0.18030034005641937,0.0376284122467041,0.0,0.0,12.268424034118652,-1.636535406112671
6.850774765014648,0.8665791153907776,0.18888498842716217,-0.16480176150798798,0.019771728664636612,0.17180633544921875,-0.0,-1.4651646614074707,0.013208114542067051,1.2751820087432861,0.1413295716047287,0.004773139953613281,0.0,0.0,12.268424034118652,-1.6369709968566895
6.8512749671936035,0.8675529360771179,0.18719832599163055,-0.16480176150798798,0.021632323041558266,0.17180633544921875,-0.0,-1.4650591611862183,0.017359314486384392,1.2935997247695923,0.13109417259693146,-0.004755258560180664,0.0,0.0,12.268424034118652,-1.636865496635437
6.851775169372559,0.8656055927276611,0.1838250309228897,-0.16802442073822021,0.01791112683713436,0.17180633544921875,-0.0,-1.4654195308685303,0.0017881689127534628,1.2969831228256226,0.0827699676156044,-0.04182028770446777,0.0,0.0,12.268424034118652,-1.637225866317749
6.8522748947143555,0.8675529360771179,0.18719832599163055,-0.17124707996845245,0.029074735939502716,0.17180633544921875,-0.0,-1.46555757522583,-0.004004972986876965,1.2878869771957397,0.12956154346466064,-0.004998445510864258,0.0,0.0,12.268424034118652,-1.6373639106750488
6.8527750968933105,0.8656055927276611,0.19057120382785797,-0.1664130985736847,0.026283835992217064,0.17180633544921875,-0.0,-1.4655898809432983,-0.005099658854305744,1.2318347692489624,0.17580875754356384,0.03670907020568848,0.0,0.0,12.268424034118652,-1.637396216392517
6.853274822235107,0.8675529360771179,0.18719832599163055,-0.16319043934345245,0.028144430369138718,0.17180633544921875,-0.0,-1.4658130407333374,-0.014426535926759243,1.3151934146881104,0.13388316333293915,-0.0035550594329833984,0.0,0.0,12.268424034118652,-1.6376193761825562
6.853774070739746,0.8675529360771179,0.18719832599163055,-0.14385449886322021,0.04675045236945152,0.17180633544921875,-0.0,-1.4661145210266113,-0.02674105018377304,1.2772698402404785,0.1448497623205185,0.00826716423034668,0.0,0.0,12.268424034118652,-1.63792085647583
6.854273796081543,0.8665791153907776,0.18888498842716217,-0.1744697391986847,0.01605053059756756,0.17180633544921875,-0.0,-1.4662286043167114,-0.030826376751065254,1.307142734527588,0.14858119189739227,0.00864100456237793,0.0,0.0,12.268424034118652,-1.6380349397659302
6.854773998260498,0.8675529360771179,0.18719832599163055,-0.16802442073822021,0.032795943319797516,0.17180633544921875,-0.0,-1.466510534286499,-0.04222739487886429,1.2785567045211792,0.10531847923994064,-0.022205352783203125,0.0,0.0,12.268424034118652,-1.6383168697357178
6.855274200439453,0.8656055927276611,0.1838250309228897,-0.1664130985736847,0.01884143240749836,0.17180633544921875,-0.0,-1.4673417806625366,-0.07638204097747803,1.3003007173538208,0.06705310940742493,-0.052176475524902344,0.0,0.0,12.268424034118652,-1.6391481161117554
6.85577392578125,0.8665791153907776,0.18888498842716217,-0.14868848025798798,0.030935339629650116,0.17180633544921875,-0.0,-1.4671519994735718,-0.06677540391683578,1.2822312116622925,0.14970171451568604,0.012610912322998047,0.0,0.0,12.268424034118652,-1.6389583349227905
6.856274127960205,0.8665791153907776,0.18888498842716217,-0.16480176150798798,0.021632323041558266,0.17180633544921875,-0.0,-1.4669419527053833,-0.056522712111473083,1.3019222021102905,0.1505909264087677,0.011330366134643555,0.0,0.0,12.268424034118652,-1.638748288154602
6.856773853302002,0.8675529360771179,0.18719832599163055,-0.17124707996845245,0.023492936044931412,0.17180633544921875,-0.0,-1.4665040969848633,-0.03707129508256912,1.2925838232040405,0.11027701199054718,-0.019276142120361328,0.0,0.0,12.268424034118652,-1.638310432434082
6.857274055480957,0.8675529360771179,0.18719832599163055,-0.14868848025798798,0.004886912647634745,0.17180633544921875,-0.0,-1.4669479131698608,-0.054938286542892456,1.3071438074111938,0.11273552477359772,-0.017908811569213867,0.0,0.0,12.268424034118652,-1.6387542486190796
6.8577728271484375,0.8665791153907776,0.18888498842716217,-0.16157911717891693,0.017911134287714958,0.17180633544921875,-0.0,-1.4683102369308472,-0.1111171767115593,1.3088905811309814,0.1431409865617752,0.0064313411712646484,0.0,0.0,12.268424034118652,-1.640116572380066
6.858273029327393,0.8646318316459656,0.18551169335842133,-0.1744697391986847,0.01605053059756756,0.17180633544921875,-0.0,-1.4677462577819824,-0.08512729406356812,1.2995412349700928,0.11070896685123444,-0.018168926239013672,0.0,0.0,12.268424034118652,-1.6395525932312012
6.8587727546691895,0.8675529360771179,0.18719832599163055,-0.1664130985736847,0.02070203423500061,0.17180633544921875,-0.0,-1.468129277229309,-0.09942179173231125,1.278770923614502,0.12316099554300308,-0.006712436676025391,0.0,0.0,12.268424034118652,-1.6399356126785278
6.8592729568481445,0.8665791153907776,0.18888498842716217,-0.17285840213298798,0.024423232302069664,0.17180633544921875,-0.0,-1.4684265851974487,-0.10972559452056885,1.2937570810317993,0.14769938588142395,0.011312007904052734,0.0,0.0,12.268424034118652,-1.6402329206466675
6.8597731590271,0.8675529360771179,0.18719832599163055,-0.1502998173236847,0.01698082871735096,0.17180633544921875,-0.0,-1.4681624174118042,-0.09633592516183853,1.2906826734542847,0.13681676983833313,0.002955198287963867,0.0,0.0,12.268424034118652,-1.639968752861023
6.8602728843688965,0.8665791153907776,0.18888498842716217,-0.16963575780391693,0.02070203423500061,0.17180633544921875,-0.0,-1.4678289890289307,-0.08031321316957474,1.2861508131027222,0.1402052938938141,0.00561213493347168,0.0,0.0,12.268424034118652,-1.6396353244781494
6.860773086547852,0.8656055927276611,0.1838250309228897,-0.1744697391986847,0.06442616879940033,0.17180633544921875,-0.0,-1.468001127243042,-0.08596161007881165,1.2683217525482178,0.11980791389942169,-0.00867772102355957,0.0,0.0,12.268424034118652,-1.6398074626922607
6.861272811889648,0.8675529360771179,0.18719832599163055,-0.17608106136322021,0.018841423094272614,0.17180633544921875,-0.0,-1.4687566757202148,-0.11580219864845276,1.2928686141967773,0.1172991394996643,-0.01164698600769043,0.0,0.0,12.268424034118652,-1.6405630111694336
6.8617730140686035,0.8656055927276611,0.19057120382785797,-0.1422431766986847,0.006747524254024029,0.17180633544921875,-0.0,-1.4688876867294312,-0.1187511533498764,1.2910970449447632,0.16043366491794586,0.021770715713500977,0.0,0.0,12.268424034118652,-1.64069402217865
6.862271785736084,0.8675529360771179,0.18719832599163055,-0.16480176150798798,0.019771728664636612,0.17180633544921875,-0.0,-1.4678833484649658,-0.07407627999782562,1.290636658668518,0.14592663943767548,0.009690523147583008,0.0,0.0,12.268424034118652,-1.6396896839141846
6.862771987915039,0.8675529360771179,0.18719832599163055,-0.16802442073822021,0.021632332354784012,0.17180633544921875,-0.0,-1.4676250219345093,-0.06163632869720459,1.3075579404830933,0.11875327676534653,-0.012672662734985352,0.0,0.0,12.268424034118652,-1.639431357383728
6.863272190093994,0.8656055927276611,0.1838250309228897,-0.16802442073822021,0.021632332354784012,0.17180633544921875,-0.0,-1.4675830602645874,-0.058581702411174774,1.3018171787261963,0.09077174961566925,-0.03375983238220215,0.0,0.0,12.268424034118652,-1.6393893957138062
6.863771915435791,0.8665791153907776,0.18888498842716217,-0.15996778011322021,0.022562630474567413,0.17180633544921875,-0.0,-1.46791672706604,-0.07126601040363312,1.286747694015503,0.1624670922756195,0.02278923988342285,0.0,0.0,12.268424034118652,-1.6397230625152588
6.864272117614746,0.8665791153907776,0.18888498842716217,-0.14868848025798798,0.004886912647634745,0.17180633544921875,-0.0,-1.4673871994018555,-0.04766128212213516,1.2997019290924072,0.12642832100391388,-0.006482362747192383,0.0,0.0,12.268424034118652,-1.6391935348510742
6.864771842956543,0.8675529360771179,0.18719832599163055,-0.1502998173236847,0.031865645200014114,0.17180633544921875,-0.0,-1.4670295715332031,-0.03175191953778267,1.2803575992584229,0.12223878502845764,-0.008629560470581055,0.0,0.0,12.268424034118652,-1.6388359069824219
6.865272045135498,0.8675529360771179,0.18719832599163055,-0.17124707996845245,0.01605052314698696,0.17180633544921875,-0.0,-1.4668773412704468,-0.024652648717164993,1.3080015182495117,0.13787193596363068,0.0010962486267089844,0.0,0.0,12.268424034118652,-1.6386836767196655
6.865771770477295,0.8675529360771179,0.18719832599163055,-0.14385449886322021,0.03558683395385742,0.17180633544921875,-0.0,-1.4667161703109741,-0.01738845184445381,1.283012866973877,0.1330120861530304,-0.0007865428924560547,0.0,0.0,12.268424034118652,-1.6385225057601929
6.86627197265625,0.8675529360771179,0.18719832599163055,-0.16963575780391693,0.02256263792514801,0.17180633544921875,-0.0,-1.4666626453399658,-0.014706330373883247,1.314913034439087,0.13506384193897247,-0.0017881393432617188,0.0,0.0,12.268424034118652,-1.6384689807891846
6.8667707443237305,0.8656055927276611,0.19057120382785797,-0.1341865360736847,0.015120225958526134,0.17180633544921875,-0.0,-1.4666225910186768,-0.012623434886336327,1.2788079977035522,0.19488073885440826,0.04724860191345215,0.0,0.0,12.268424034118652,-1.6384289264678955
6.8672709465026855,0.8665791153907776,0.18888498842716217,-0.16157911717891693,0.012329325079917908,0.17180633544921875,-0.0,-1.465741515159607,0.02457614429295063,1.2986737489700317,0.13921381533145905,0.0017497539520263672,0.0,0.0,12.268424034118652,-1.6375478506088257
6.867771148681641,0.8675529360771179,0.18719832599163055,-0.1664130985736847,0.022562630474567413,0.17180633544921875,-0.0,-1.4662282466888428,0.0034373323433101177,1.3176219463348389,0.10554906725883484,-0.024735212326049805,0.0,0.0,12.268424034118652,-1.6380345821380615
6.8682708740234375,0.8675529360771179,0.18719832599163055,-0.17285840213298798,0.03372623026371002,0.17180633544921875,-0.0,-1.4658385515213013,0.019779495894908905,1.3096352815628052,0.1381242871284485,0.0001285076141357422,0.0,0.0,12.268424034118652,-1.63764488697052
6.868771076202393,0.8665791153907776,0.18888498842716217,-0.1664130985736847,0.013259622268378735,0.17180633544921875,-0.0,-1.4662785530090332,0.0008758440962992609,1.3298661708831787,0.14554888010025024,0.004513978958129883,0.0,0.0,12.268424034118652,-1.638084888458252
6.8692708015441895,0.8675529360771179,0.18719832599163055,-0.1664130985736847,0.01884143240749836,0.17180633544921875,-0.0,-1.4659595489501953,0.014274142682552338,1.3039249181747437,0.12547503411769867,-0.008936166763305664,0.0,0.0,12.268424034118652,-1.637765884399414
6.8697710037231445,0.8675529360771179,0.18719832599163055,-0.17285840213298798,0.018841423094272614,0.17180633544921875,-0.0,-1.4663522243499756,-0.002506786724552512,1.2936409711837769,0.13419826328754425,-0.0010821819305419922,0.0,0.0,12.268424034118652,-1.6381585597991943
6.870269775390625,0.8665791153907776,0.18888498842716217,-0.16963575780391693,0.02070203423500061,0.17180633544921875,-0.0,-1.4658403396606445,0.019105209037661552,1.2879889011383057,0.16057464480400085,0.019161462783813477,0.0,0.0,12.268424034118652,-1.6376466751098633
6.87076997756958,0.8656055927276611,0.1838250309228897,-0.1744697391986847,0.029074735939502716,0.17180633544921875,-0.0,-1.4659736156463623,0.013049853965640068,1.3540188074111938,0.12175171077251434,-0.015204191207885742,0.0,0.0,12.268424034118652,-1.637779951095581
6.871270179748535,0.8665791153907776,0.18888498842716217,-0.16963575780391693,0.02070203423500061,0.17180633544921875,-0.0,-1.4656506776809692,0.026510680094361305,1.2991795539855957,0.15559518337249756,0.014118671417236328,0.0,0.0,12.268424034118652,-1.637457013130188
6.871769905090332,0.8675529360771179,0.18719832599163055,-0.1664130985736847,0.013259622268378735,0.17180633544921875,-0.0,-1.4659833908081055,0.011971906758844852,1.3152244091033936,0.13518626987934113,-0.002393007278442383,0.0,0.0,12.268424034118652,-1.6377897262573242
6.872270107269287,0.8675529360771179,0.18719832599163055,-0.16319043934345245,0.01698082871735096,0.17180633544921875,-0.0,-1.4656527042388916,0.025638854131102562,1.3020398616790771,0.13834995031356812,0.0007269382476806641,0.0,0.0,12.268424034118652,-1.6374590396881104
6.872769832611084,0.8665791153907776,0.18888498842716217,-0.17124707996845245,0.01791112683713436,0.17180633544921875,-0.0,-1.4657014608383179,0.023052172735333443,1.3130935430526733,0.1601237952709198,0.016325950622558594,0.0,0.0,12.268424034118652,-1.6375077962875366
6.873270034790039,0.8646318316459656,0.18551169335842133,-0.16963575780391693,0.028144439682364464,0.17180633544921875,-0.0,-1.4656097888946533,0.026503680273890495,1.290250539779663,0.11790002882480621,-0.014112234115600586,0.0,0.0,12.268424034118652,-1.637416124343872
6.873769760131836,0.8656055927276611,0.19057120382785797,-0.1664130985736847,0.022562630474567413,0.17180633544921875,-0.0,-1.4660835266113281,0.006140435114502907,1.3116557598114014,0.1805037558078766,0.032180070877075195,0.0,0.0,12.268424034118652,-1.6378898620605469
6.874269962310791,0.8665791153907776,0.18888498842716217,-0.17124707996845245,0.021632332354784012,0.17180633544921875,-0.0,-1.465983510017395,0.010242712683975697,1.3032526969909668,0.15034861862659454,0.01008915901184082,0.0,0.0,12.268424034118652,-1.6377898454666138
6.87476921081543,0.8665791153907776,0.18888498842716217,-0.1664130985736847,0.022562630474567413,0.17180633544921875,-0.0,-1.4660704135894775,0.006328705232590437,1.2852545976638794,0.16463282704353333,0.022771120071411133,0.0,0.0,12.268424034118652,-1.6378767490386963
6.875268936157227,0.8665791153907776,0.18888498842716217,-0.16963575780391693,0.02256263792514801,0.17180633544921875,-0.0,-1.465488076210022,0.03067968785762787,1.3080395460128784,0.15558890998363495,0.013148784637451172,0.0,0.0,12.268424034118652,-1.6372944116592407
6.875769138336182,0.8656055927276611,0.19057120382785797,-0.1664130985736847,0.024423232302069664,0.17180633544921875,-0.0,-1.4654511213302612,0.03163769096136093,1.2938843965530396,0.18163707852363586,0.03427863121032715,0.0,0.0,12.268424034118652,-1.63725745677948
6.8762688636779785,0.8665791153907776,0.18888498842716217,-0.1664130985736847,0.013259622268378735,0.17180633544921875,-0.0,-1.464468240737915,0.07237859815359116,1.3040282726287842,0.17216938734054565,0.0250704288482666,0.0,0.0,12.268424034118652,-1.6362745761871338
6.876769065856934,0.8675529360771179,0.18719832599163055,-0.1664130985736847,0.01698082871735096,0.17180633544921875,-0.0,-1.4649832248687744,0.04908805340528488,1.2906283140182495,0.11033996194601059,-0.020596981048583984,0.0,0.0,12.268424034118652,-1.6367895603179932
6.8772687911987305,0.8665791153907776,0.18888498842716217,-0.17124707996845245,0.03279593214392662,0.17180633544921875,-0.0,-1.4649192094802856,0.05089680850505829,1.3031811714172363,0.15503254532814026,0.01260066032409668,0.0,0.0,12.268424034118652,-1.6367255449295044
6.8777689933776855,0.8675529360771179,0.18719832599163055,-0.17930372059345245,0.030005034059286118,0.17180633544921875,-0.0,-1.4649412631988525,0.04877232760190964,1.316614031791687,0.1270810067653656,-0.009656190872192383,0.0,0.0,12.268424034118652,-1.6367475986480713
6.878269195556641,0.8675529360771179,0.18719832599163055,-0.16480176150798798,0.025353530421853065,0.17180633544921875,-0.0,-1.4647717475891113,0.054842960089445114,1.3096396923065186,0.12492022663354874,-0.010954618453979492,0.0,0.0,12.268424034118652,-1.63657808303833
6.878767967224121,0.8675529360771179,0.18719832599163055,-0.1664130985736847,0.022562630474567413,0.17180633544921875,-0.0,-1.4651533365249634,0.037655968219041824,1.3150341510772705,0.13765506446361542,-0.0013380050659179688,0.0,0.0,12.268424034118652,-1.6369596719741821
6.879268169403076,0.8665791153907776,0.18888498842716217,-0.17285840213298798,0.024423232302069664,0.17180633544921875,-0.0,-1.4655596017837524,0.01991111971437931,1.3034356832504272,0.15393035113811493,0.012372970581054688,0.0,0.0,12.268424034118652,-1.6373659372329712
6.879767894744873,0.8665791153907776,0.18888498842716217,-0.16480176150798798,0.021632323041558266,0.17180633544921875,-0.0,-1.4656835794448853,0.014201144687831402,1.3075981140136719,0.13227298855781555,-0.004311800003051758,0.0,0.0,12.268424034118652,-1.637489914894104
6.880268096923828,0.8665791153907776,0.18888498842716217,-0.16802442073822021,0.014189919456839561,0.17180633544921875,-0.0,-1.465599775314331,0.017509959638118744,1.3080151081085205,0.15589772164821625,0.013492584228515625,0.0,0.0,12.268424034118652,-1.6374061107635498
6.880767822265625,0.8675529360771179,0.18719832599163055,-0.1664130985736847,0.022562630474567413,0.17180633544921875,-0.0,-1.4658148288726807,0.007990135811269283,1.3019909858703613,0.1350243091583252,-0.0016491413116455078,0.0,0.0,12.268424034118652,-1.6376211643218994
6.88126802444458,0.8675529360771179,0.18719832599163055,-0.16157911717891693,0.012329325079917908,0.17180633544921875,-0.0,-1.4660197496414185,-0.0007336519774980843,1.2980650663375854,0.12662555277347565,-0.007566690444946289,0.0,0.0,12.268424034118652,-1.6378260850906372
6.881767749786377,0.8675529360771179,0.18719832599163055,-0.1502998173236847,0.05047165974974632,0.17180633544921875,-0.0,-1.469373106956482,-0.14232732355594635,1.3151980638504028,0.048128992319107056,-0.06516504287719727,0.0,0.0,12.268424034118652,-1.6411794424057007
6.882267951965332,0.8656055927276611,0.1838250309228897,-0.16802442073822021,0.019771728664636612,0.17180633544921875,-0.0,-1.469241976737976,-0.13375912606716156,1.2917908430099487,0.08802323043346405,-0.033704519271850586,0.0,0.0,12.268424034118652,-1.6410483121871948
6.882767200469971,0.8656055927276611,0.1838250309228897,-0.1744697391986847,0.014189928770065308,0.17180633544921875,-0.0,-1.4692877531051636,-0.1329335868358612,1.3052645921707153,0.09643374383449554,-0.027923107147216797,0.0,0.0,12.268424034118652,-1.6410940885543823
6.883266925811768,0.8656055927276611,0.1838250309228897,-0.16963575780391693,0.02070203423500061,0.17180633544921875,-0.0,-1.4691654443740845,-0.1250162422657013,1.2764902114868164,0.10422514379024506,-0.02028822898864746,0.0,0.0,12.268424034118652,-1.6409717798233032
6.883767127990723,0.8665791153907776,0.18888498842716217,-0.17124707996845245,0.023492936044931412,0.17180633544921875,-0.0,-1.4689983129501343,-0.1151299774646759,1.2877446413040161,0.17151251435279846,0.030701160430908203,0.0,0.0,12.268424034118652,-1.640804648399353
6.8842668533325195,0.8646318316459656,0.18551169335842133,-0.17124707996845245,0.023492936044931412,0.17180633544921875,-0.0,-1.468563437461853,-0.09453670680522919,1.2901157140731812,0.1020112931728363,-0.023455381393432617,0.0,0.0,12.268424034118652,-1.6403697729110718
6.884767055511475,0.8665791153907776,0.18888498842716217,-0.16319043934345245,0.015120225958526134,0.17180633544921875,-0.0,-1.4688239097595215,-0.10345116257667542,1.2781842947006226,0.1327013075351715,0.0014488697052001953,0.0,0.0,12.268424034118652,-1.6406302452087402
6.8852667808532715,0.8656055927276611,0.1838250309228897,-0.17124707996845245,0.021632332354784012,0.17180633544921875,-0.0,-1.4686163663864136,-0.09247685223817825,1.2874239683151245,0.11318454891443253,-0.014581680297851562,0.0,0.0,12.268424034118652,-1.6404227018356323
6.885766983032227,0.8665791153907776,0.18888498842716217,-0.16802442073822021,0.01791112683713436,0.17180633544921875,-0.0,-1.4682772159576416,-0.07616502046585083,1.2842384576797485,0.15524612367153168,0.017832040786743164,0.0,0.0,12.268424034118652,-1.6400835514068604
6.886267185211182,0.8675529360771179,0.18719832599163055,-0.16319043934345245,0.01698082871735096,0.17180633544921875,-0.0,-1.468268871307373,-0.07422250509262085,1.301329493522644,0.1295500546693802,-0.0033409595489501953,0.0,0.0,12.268424034118652,-1.6400752067565918
6.886765956878662,0.8665791153907776,0.18888498842716217,-0.17124707996845245,0.012329325079917908,0.17180633544921875,-0.0,-1.4697141647338867,-0.13358458876609802,1.2993754148483276,0.12520906329154968,-0.005083560943603516,0.0,0.0,12.268424034118652,-1.6415205001831055
6.887266159057617,0.8665791153907776,0.18888498842716217,-0.15191113948822021,0.008608118630945683,0.17180633544921875,-0.0,-1.4690152406692505,-0.10139195621013641,1.2868818044662476,0.14202213287353516,0.008135795593261719,0.0,0.0,12.268424034118652,-1.6408215761184692
6.887765884399414,0.8675529360771179,0.18719832599163055,-0.17769239842891693,0.01605053059756756,0.17180633544921875,-0.0,-1.4684785604476929,-0.0766197219491005,1.3103119134902954,0.15659905970096588,0.01667499542236328,0.0,0.0,12.268424034118652,-1.6402848958969116
6.888266086578369,0.8675529360771179,0.18719832599163055,-0.14385449886322021,0.01139901950955391,0.17180633544921875,-0.0,-1.4683645963668823,-0.07027716934680939,1.311997652053833,0.13292278349399567,-0.0014927387237548828,0.0,0.0,12.268424034118652,-1.640170931816101
6.888765811920166,0.8656055927276611,0.19057120382785797,-0.17285840213298798,0.013259622268378735,0.18343544006347656,10.737865447998047,-1.467783808708191,-0.044375572353601456,1.2716686725616455,0.1627861112356186,0.024392127990722656,0.0,0.0,12.268424034118652,-1.6512192487716675
6.889266014099121,0.8656055927276611,0.19057120382785797,-0.16963575780391693,0.01884143240749836,0.18880605697631836,10.737865447998047,-1.4675259590148926,-0.03260252624750137,1.3234522342681885,0.12769414484500885,-0.007123231887817383,0.0,0.0,12.268424034118652,-1.656332015991211
6.889766216278076,0.8636582493782043,0.1939440816640854,-0.16802442073822021,0.025353530421853065,0.18254423141479492,-0.0,-1.4672787189483643,-0.021581178531050682,1.2773164510726929,0.11294341087341309,-0.015396356582641602,0.0,0.0,12.268424034118652,-1.6498229503631592
6.890265941619873,0.8646318316459656,0.1990031898021698,-0.16802442073822021,0.023492926731705666,0.18254423141479492,-0.0,-1.4676207304000854,-0.035445407032966614,1.2970536947250366,0.13810044527053833,0.002897500991821289,0.0,0.0,12.268424034118652,-1.6501649618148804
6.890766143798828,0.865605354309082,0.197316974401474,-0.16480176150798798,0.02907472848892212,0.1709151268005371,-10.737865447998047,-1.4677773714065552,-0.04141179844737053,1.3062728643417358,0.1203388050198555,-0.011214971542358398,0.0,0.0,12.268424034118652,-1.6386924982070923
6.891265869140625,0.8626844882965088,0.195630744099617,-0.15996778011322021,0.013259622268378735,0.1655445098876953,-10.737865447998047,-1.4673041105270386,-0.02049477957189083,1.2923024892807007,0.15009483695030212,0.012179136276245117,0.0,0.0,12.268424034118652,-1.6328486204147339
6.891765117645264,0.8665791153907776,0.18888498842716217,-0.16480176150798798,0.023492926731705666,0.17180633544921875,-0.0,-1.4675039052963257,-0.028630584478378296,1.2870824337005615,0.07783421874046326,-0.043082237243652344,0.0,0.0,12.268424034118652,-1.6393102407455444
6.8922648429870605,0.8656055927276611,0.19057120382785797,-0.16319043934345245,0.00581721868366003,0.17180633544921875,-0.0,-1.4674400091171265,-0.02535511553287506,1.326225757598877,0.10966207087039948,-0.020952701568603516,0.0,0.0,12.268424034118652,-1.6392463445663452
6.892765045166016,0.8646318316459656,0.1922578662633896,-0.16802442073822021,0.021632332354784012,0.17180633544921875,-0.0,-1.467063069343567,-0.008893346413969994,1.282058835029602,0.18111178278923035,0.03675532341003418,0.0,0.0,12.268424034118652,-1.6388694047927856
6.8932647705078125,0.8665791153907776,0.18888498842716217,-0.17285840213298798,0.015120225958526134,0.17180633544921875,-0.0,-1.4670523405075073,-0.008312959223985672,1.3107556104660034,0.1393738090991974,0.002195119857788086,0.0,0.0,12.268424034118652,-1.638858675956726
6.893764972686768,0.8665791153907776,0.18888498842716217,-0.15674512088298798,0.03558684140443802,0.17180633544921875,-0.0,-1.4672019481658936,-0.014545254409313202,1.2795333862304688,0.14550061523914337,0.009668588638305664,0.0,0.0,12.268424034118652,-1.6390082836151123
6.894265174865723,0.8665791153907776,0.18888498842716217,-0.16802442073822021,0.014189919456839561,0.17180633544921875,-0.0,-1.4672048091888428,-0.014212659560143948,1.2686411142349243,0.16249842941761017,0.023898601531982422,0.0,0.0,12.268424034118652,-1.6390111446380615
6.8947649002075195,0.8675529360771179,0.18719832599163055,-0.15996778011322021,0.020702026784420013,0.18343544006347656,10.737865447998047,-1.4674063920974731,-0.022482790052890778,1.2908536195755005,0.11877232789993286,-0.011693954467773438,0.0,0.0,12.268424034118652,-1.6508418321609497
6.895265102386475,0.8665791153907776,0.18888498842716217,-0.17285840213298798,0.016980819404125214,0.18880605697631836,10.737865447998047,-1.4671363830566406,-0.010582235641777515,1.300632119178772,0.10790833085775375,-0.02097463607788086,0.0,0.0,12.268424034118652,-1.655942440032959
6.895763874053955,0.8636582493782043,0.1939440816640854,-0.16480176150798798,0.008608118630945683,0.1709151268005371,-10.748614311218262,-1.4675116539001465,-0.026076864451169968,1.2924816608428955,0.1441344916820526,0.007797956466674805,0.0,0.0,12.268424034118652,-1.6384267807006836
6.89626407623291,0.8656055927276611,0.19057120382785797,-0.16319043934345245,0.024423232302069664,0.1655411720275879,-10.748614311218262,-1.467828631401062,-0.03904055804014206,1.306799054145813,0.10083829611539841,-0.026077985763549805,0.0,0.0,12.268424034118652,-1.63336980342865
6.896763801574707,0.8656055927276611,0.19057120382785797,-0.16802442073822021,-0.002555491402745247,0.17180633544921875,-0.0,-1.4674794673919678,-0.023469971492886543,1.2910873889923096,0.16240793466567993,0.02190113067626953,0.0,0.0,12.268424034118652,-1.6392858028411865
6.897264003753662,0.8646318316459656,0.18551169335842133,-0.16963575780391693,0.02256263792514801,0.17180633544921875,-0.0,-1.4670377969741821,-0.004453154746443033,1.2879326343536377,0.10945513099431992,-0.0190584659576416,0.0,0.0,12.268424034118652,-1.6388441324234009
6.897764205932617,0.8656055927276611,0.19057120382785797,-0.15996778011322021,0.003956615459173918,0.17180633544921875,-0.0,-1.46690833568573,0.0010099683422595263,1.2790247201919556,0.1470208615064621,0.01060175895690918,0.0,0.0,12.268424034118652,-1.6387146711349487
6.898263931274414,0.8675529360771179,0.18719832599163055,-0.17124707996845245,0.01791112683713436,0.17180633544921875,-0.0,-1.4666224718093872,0.01289695966988802,1.2967265844345093,0.13097000122070312,-0.0035250186920166016,0.0,0.0,12.268424034118652,-1.638428807258606
6.898764133453369,0.8675529360771179,0.18719832599163055,-0.1664130985736847,0.028144439682364464,0.17180633544921875,-0.0,-1.4668312072753906,0.0038898871280252934,1.3072453737258911,0.15428362786769867,0.013571500778198242,0.0,0.0,12.268424034118652,-1.6386375427246094
6.899263858795166,0.8675529360771179,0.18719832599163055,-0.14063183963298798,0.00581721868366003,0.17180633544921875,-0.0,-1.4665759801864624,0.014616576954722404,1.2927573919296265,0.14005328714847565,0.003715991973876953,0.0,0.0,12.268424034118652,-1.6383823156356812
6.899763107299805,0.8656055927276611,0.1838250309228897,-0.16480176150798798,0.010468722321093082,0.17180633544921875,-0.0,-1.466395378112793,0.02178974635899067,1.3116053342819214,0.10464987903833389,-0.024878740310668945,0.0,0.0,12.268424034118652,-1.6382017135620117
6.900262832641602,0.8665791153907776,0.18888498842716217,-0.1664130985736847,0.01884143240749836,0.17180633544921875,-0.0,-1.4667482376098633,0.006655307952314615,1.2871354818344116,0.1620478332042694,0.021282196044921875,0.0,0.0,12.268424034118652,-1.638554573059082
6.900763034820557,0.8665791153907776,0.1821388155221939,-0.1744697391986847,0.04023834690451622,0.17180633544921875,-0.0,-1.468337893486023,-0.06057002767920494,1.292891502380371,0.06694256514310837,-0.05096077919006348,0.0,0.0,12.268424034118652,-1.6401442289352417
6.9012627601623535,0.8675529360771179,0.18719832599163055,-0.18091504275798798,0.029074735939502716,0.17180633544921875,-0.0,-1.4680719375610352,-0.04781065508723259,1.2641351222991943,0.17489281296730042,0.03488278388977051,0.0,0.0,12.268424034118652,-1.639878273010254
6.901762962341309,0.8665791153907776,0.18888498842716217,-0.15996778011322021,0.003956615459173918,0.17180633544921875,-0.0,-1.4675770998001099,-0.026067087426781654,1.2868094444274902,0.15663373470306396,0.017974138259887695,0.0,0.0,12.268424034118652,-1.6393834352493286
6.902263164520264,0.8675529360771179,0.18719832599163055,-0.1664130985736847,0.013259622268378735,0.17180633544921875,-0.0,-1.467225193977356,-0.01085952203720808,1.2938529253005981,0.13374613225460052,-0.0005724430084228516,0.0,0.0,12.268424034118652,-1.6390315294265747
6.9027628898620605,0.8675529360771179,0.18719832599163055,-0.15674512088298798,0.007677813060581684,0.17180633544921875,-0.0,-1.4670382738113403,-0.0027797215152531862,1.2917293310165405,0.1259762942790985,-0.0065686702728271484,0.0,0.0,12.268424034118652,-1.638844609260559
6.903263092041016,0.8656055927276611,0.1838250309228897,-0.16802442073822021,0.03837774321436882,0.17180633544921875,-0.0,-1.467470407485962,-0.02098393812775612,1.2958840131759644,0.1272311955690384,-0.00548863410949707,0.0,0.0,12.268424034118652,-1.6392767429351807
6.9037628173828125,0.8675529360771179,0.18719832599163055,-0.15352247655391693,-0.001625185483135283,0.17180633544921875,-0.0,-1.4677177667617798,-0.030854126438498497,1.295798659324646,0.11122527718544006,-0.017536640167236328,0.0,0.0,12.268424034118652,-1.6395241022109985
6.904263019561768,0.8675529360771179,0.18719832599163055,-0.1664130985736847,0.01698082871735096,0.17180633544921875,-0.0,-1.4677205085754395,-0.030326569452881813,1.3031291961669922,0.12126736342906952,-0.01033782958984375,0.0,0.0,12.268424034118652,-1.6395268440246582
6.904761791229248,0.8665791153907776,0.18888498842716217,-0.15996778011322021,0.03372624143958092,0.17180633544921875,-0.0,-1.4672338962554932,-0.0090475557371974,1.273138165473938,0.17652958631515503,0.03435683250427246,0.0,0.0,12.268424034118652,-1.639040231704712
6.905261993408203,0.8675529360771179,0.18719832599163055,-0.16802442073822021,0.04209895059466362,0.17180633544921875,-0.0,-1.466947317123413,0.0032583747524768114,1.2833192348480225,0.15723831951618195,0.018145084381103516,0.0,0.0,12.268424034118652,-1.6387536525726318
6.905762195587158,0.8665791153907776,0.18888498842716217,-0.15996778011322021,0.007677821442484856,0.17180633544921875,-0.0,-1.4670242071151733,6.508715159725398e-05,1.2878432273864746,0.14727720618247986,0.010135412216186523,0.0,0.0,12.268424034118652,-1.638830542564392
6.906261920928955,0.8656055927276611,0.1838250309228897,-0.16963575780391693,0.03186563774943352,0.17180633544921875,-0.0,-1.4669386148452759,0.0036054314114153385,1.2820826768875122,0.11194169521331787,-0.016835451126098633,0.0,0.0,12.268424034118652,-1.6387449502944946
6.90676212310791,0.8665791153907776,0.18888498842716217,-0.1744697391986847,0.012329325079917908,0.17180633544921875,-0.0,-1.4670709371566772,-0.0018506530905142426,1.2906185388565063,0.16953107714653015,0.026995420455932617,0.0,0.0,12.268424034118652,-1.638877272605896
6.907261848449707,0.8675529360771179,0.18719832599163055,-0.16480176150798798,0.01791112683713436,0.17180633544921875,-0.0,-1.466847538948059,0.007396917324513197,1.31719970703125,0.12146133184432983,-0.012045145034790039,0.0,0.0,12.268424034118652,-1.6386538743972778
6.907762050628662,0.8675529360771179,0.18719832599163055,-0.16157911717891693,0.03837775066494942,0.17180633544921875,-0.0,-1.4667409658432007,0.011731881648302078,1.2765161991119385,0.14815250039100647,0.011539936065673828,0.0,0.0,12.268424034118652,-1.6385473012924194
6.908261775970459,0.8675529360771179,0.18719832599163055,-0.17769239842891693,0.029074735939502716,0.17180633544921875,-0.0,-1.466957926750183,0.002461008494719863,1.3037316799163818,0.13609427213668823,0.0001747608184814453,0.0,0.0,12.268424034118652,-1.6387642621994019
6.908761024475098,0.8665791153907776,0.18888498842716217,-0.16480176150798798,0.03837773576378822,0.17180633544921875,-0.0,-1.4668033123016357,0.009022120386362076,1.2823585271835327,0.15435832738876343,0.01587080955505371,0.0,0.0,12.268424034118652,-1.6386096477508545
6.9092607498168945,0.8675529360771179,0.18719832599163055,-0.18413770198822021,0.023492926731705666,0.17180633544921875,-0.0,-1.467186450958252,-0.007227044552564621,1.2983964681625366,0.11947707086801529,-0.011901617050170898,0.0,0.0,12.268424034118652,-1.6389927864074707
6.90976095199585,0.8675529360771179,0.18719832599163055,-0.16480176150798798,0.03837773576378822,0.17180633544921875,-0.0,-1.46663498878479,0.016100319102406502,1.262630820274353,0.1461169272661209,0.011101961135864258,0.0,0.0,12.268424034118652,-1.6384413242340088
6.910261154174805,0.8665791153907776,0.18888498842716217,-0.1664130985736847,0.02070203423500061,0.17180633544921875,-0.0,-1.4666961431503296,0.013237481005489826,1.296669363975525,0.147623673081398,0.00930333137512207,0.0,0.0,12.268424034118652,-1.6385024785995483
6.910760879516602,0.8665791153907776,0.18888498842716217,-0.17124707996845245,0.03837774321436882,0.17180633544921875,-0.0,-1.466537356376648,0.019721902906894684,1.297702431678772,0.17069856822490692,0.026647329330444336,0.0,0.0,12.268424034118652,-1.6383436918258667
6.911261081695557,0.8665791153907776,0.18888498842716217,-0.15352247655391693,0.013259630650281906,0.17180633544921875,-0.0,-1.4664466381072998,0.023090586066246033,1.289923071861267,0.14592942595481873,0.008344411849975586,0.0,0.0,12.268424034118652,-1.6382529735565186
6.9117608070373535,0.8665791153907776,0.18888498842716217,-0.16319043934345245,0.03372624143958092,0.17180633544921875,-0.0,-1.4667221307754517,0.010873403400182724,1.3028228282928467,0.13501161336898804,-0.000812530517578125,0.0,0.0,12.268424034118652,-1.6385284662246704
6.912261009216309,0.8675529360771179,0.18719832599163055,-0.16480176150798798,0.021632323041558266,0.17180633544921875,-0.0,-1.4662600755691528,0.0300813689827919,1.3201745748519897,0.12015815079212189,-0.013817310333251953,0.0,0.0,12.268424034118652,-1.6380664110183716
6.912759780883789,0.8665791153907776,0.18888498842716217,-0.16480176150798798,0.04768074303865433,0.17180633544921875,-0.0,-1.4660784006118774,0.037107471376657486,1.287233591079712,0.1574290692806244,0.017061710357666016,0.0,0.0,12.268424034118652,-1.6378847360610962
6.913259983062744,0.8675529360771179,0.18719832599163055,-0.1905830204486847,0.027214132249355316,0.17180633544921875,-0.0,-1.4661140441894531,0.034835878759622574,1.3009753227233887,0.12964163720607758,-0.0053713321685791016,0.0,0.0,12.268424034118652,-1.6379203796386719
6.913760185241699,0.8665791153907776,0.18888498842716217,-0.1664130985736847,0.04302924871444702,0.17180633544921875,-0.0,-1.4665178060531616,0.0171711053699255,1.297813057899475,0.1529521942138672,0.013094663619995117,0.0,0.0,12.268424034118652,-1.6383241415023804
6.914259910583496,0.8665791153907776,0.18888498842716217,-0.1664130985736847,0.01698082871735096,0.17180633544921875,-0.0,-1.4665559530258179,0.015298322774469852,1.3103690147399902,0.1352296620607376,-0.001405477523803711,0.0,0.0,12.268424034118652,-1.6383622884750366
6.914760112762451,0.8675529360771179,0.18719832599163055,-0.17608106136322021,0.044889841228723526,0.17180633544921875,-0.0,-1.4665749073028564,0.0141623979434371,1.3023433685302734,0.15186990797519684,0.01192164421081543,0.0,0.0,12.268424034118652,-1.6383812427520752
6.915259838104248,0.8665791153907776,0.18888498842716217,-0.17124707996845245,0.025353530421853065,0.17180633544921875,-0.0,-1.466692566871643,0.008983761072158813,1.3090542554855347,0.14141085743904114,0.0035216808319091797,0.0,0.0,12.268424034118652,-1.6384989023208618
6.915760040283203,0.8656055927276611,0.19057120382785797,-0.1664130985736847,0.03558684140443802,0.17180633544921875,-0.0,-1.4665610790252686,0.014384957030415535,1.2815221548080444,0.18472641706466675,0.039093017578125,0.0,0.0,12.268424034118652,-1.6383674144744873
6.916259765625,0.8675529360771179,0.18719832599163055,-0.15996778011322021,0.018841423094272614,0.17180633544921875,-0.0,-1.4668148756027222,0.003361421637237072,1.309095859527588,0.1013398990035057,-0.026834487915039062,0.0,0.0,12.268424034118652,-1.638621211051941
6.916759014129639,0.8665791153907776,0.18888498842716217,-0.15352247655391693,0.003956623841077089,0.17180633544921875,-0.0,-1.4671746492385864,-0.011832669377326965,1.3012422323226929,0.13485628366470337,-0.0003592967987060547,0.0,0.0,12.268424034118652,-1.6389809846878052
6.917259216308594,0.8665791153907776,0.18888498842716217,-0.14707715809345245,0.00581721868366003,0.17180633544921875,-0.0,-1.4665790796279907,0.013472877442836761,1.2697888612747192,0.1584777981042862,0.020035505294799805,0.0,0.0,12.268424034118652,-1.6383854150772095
6.917758941650391,0.8675529360771179,0.18719832599163055,-0.16157911717891693,0.04395955428481102,0.17180633544921875,-0.0,-1.466066598892212,0.0345526821911335,1.3017395734786987,0.13952969014644623,0.0020699501037597656,0.0,0.0,12.268424034118652,-1.6378729343414307
6.918259143829346,0.8665791153907776,0.18888498842716217,-0.1502998173236847,0.007677821442484856,0.17180633544921875,-0.0,-1.4668232202529907,0.0019574491307139397,1.2929418087005615,0.12844157218933105,-0.00497746467590332,0.0,0.0,12.268424034118652,-1.6386295557022095
6.918758869171143,0.8656055927276611,0.19057120382785797,-0.15996778011322021,0.003956615459173918,0.17180633544921875,-0.0,-1.4663517475128174,0.02176154963672161,1.287648320198059,0.16840946674346924,0.02572035789489746,0.0,0.0,12.268424034118652,-1.6381580829620361
6.919259071350098,0.8665791153907776,0.18888498842716217,-0.1502998173236847,0.01139902789145708,0.17180633544921875,-0.0,-1.4658958911895752,0.040414150804281235,1.2914927005767822,0.14191199839115143,0.004575252532958984,0.0,0.0,12.268424034118652,-1.637702226638794
6.9197587966918945,0.8656055927276611,0.19057120382785797,-0.16319043934345245,0.03372624143958092,0.17180633544921875,-0.0,-1.4654738903045654,0.05734647810459137,1.2733440399169922,0.18904151022434235,0.04225754737854004,0.0,0.0,12.268424034118652,-1.6372802257537842
6.92025899887085,0.8665791153907776,0.18888498842716217,-0.17285840213298798,0.024423232302069664,0.17180633544921875,-0.0,-1.465230107307434,0.0663442313671112,1.2927398681640625,0.13893167674541473,0.001522064208984375,0.0,0.0,12.268424034118652,-1.6370364427566528
6.92075777053833,0.8665791153907776,0.18888498842716217,-0.17285840213298798,0.03558684140443802,0.17180633544921875,-0.0,-1.4653762578964233,0.058917172253131866,1.269970417022705,0.1505565494298935,0.012652873992919922,0.0,0.0,12.268424034118652,-1.637182593345642
6.921257972717285,0.8675529360771179,0.18719832599163055,-0.16802442073822021,0.023492926731705666,0.17180633544921875,-0.0,-1.4652819633483887,0.06159784272313118,1.3047208786010742,0.12019272893667221,-0.013688802719116211,0.0,0.0,12.268424034118652,-1.6370882987976074
6.92175817489624,0.8665791153907776,0.18888498842716217,-0.1664130985736847,0.031865645200014114,0.17180633544921875,-0.0,-1.4651308059692383,0.06679588556289673,1.293836236000061,0.16634757816791534,0.022317886352539062,0.0,0.0,12.268424034118652,-1.636937141418457
6.922257900238037,0.8675529360771179,0.18719832599163055,-0.17608106136322021,0.028144430369138718,0.17180633544921875,-0.0,-1.4653136730194092,0.057695046067237854,1.3036123514175415,0.12148677557706833,-0.012592077255249023,0.0,0.0,12.268424034118652,-1.637120008468628
6.922758102416992,0.8665791153907776,0.18888498842716217,-0.1664130985736847,0.03930804133415222,0.17180633544921875,-0.0,-1.4652836322784424,0.057833101600408554,1.276190161705017,0.15701547265052795,0.016997098922729492,0.0,0.0,12.268424034118652,-1.6370899677276611
6.923257827758789,0.8675529360771179,0.18719832599163055,-0.17124707996845245,0.029074735939502716,0.17180633544921875,-0.0,-1.4654403924942017,0.05009276047348976,1.3070944547653198,0.1297166347503662,-0.006449699401855469,0.0,0.0,12.268424034118652,-1.6372467279434204
6.923758029937744,0.8675529360771179,0.18719832599163055,-0.16963575780391693,0.03186563774943352,0.17180633544921875,-0.0,-1.4655323028564453,0.04526311159133911,1.2966315746307373,0.1251680999994278,-0.00905156135559082,0.0,0.0,12.268424034118652,-1.637338638305664
6.924257755279541,0.8665791153907776,0.18888498842716217,-0.17124707996845245,0.023492936044931412,0.17180633544921875,-0.0,-1.4653137922286987,0.05365760996937752,1.2862712144851685,0.1525200754404068,0.012612581253051758,0.0,0.0,12.268424034118652,-1.6371201276779175
6.924757957458496,0.8675529360771179,0.18719832599163055,-0.16480176150798798,0.03837773576378822,0.17180633544921875,-0.0,-1.4654078483581543,0.0485389269888401,1.3049798011779785,0.12889015674591064,-0.006952762603759766,0.0,0.0,12.268424034118652,-1.637214183807373
6.925257205963135,0.8675529360771179,0.18719832599163055,-0.18091504275798798,0.025353530421853065,0.17180633544921875,-0.0,-1.4657526016235352,0.03296108916401863,1.30008864402771,0.12163682281970978,-0.011793375015258789,0.0,0.0,12.268424034118652,-1.637558937072754
6.925756931304932,0.8665791153907776,0.18888498842716217,-0.16802442073822021,0.008608118630945683,0.17180633544921875,-0.0,-1.4666471481323242,-0.005220046732574701,1.2802534103393555,0.1478637158870697,0.010880708694458008,0.0,0.0,12.268424034118652,-1.638453483581543
6.926257133483887,0.8665791153907776,0.18888498842716217,-0.16319043934345245,0.015120225958526134,0.17180633544921875,-0.0,-1.4667247533798218,-0.008520923554897308,1.2941325902938843,0.13509583473205566,-6.031990051269531e-05,0.0,0.0,12.268424034118652,-1.6385310888290405
6.926756858825684,0.8656055927276611,0.19057120382785797,-0.16963575780391693,0.009538425132632256,0.17180633544921875,-0.0,-1.4665510654449463,-0.0010987577261403203,1.2846293449401855,0.16046296060085297,0.02010488510131836,0.0,0.0,12.268424034118652,-1.638357400894165
6.927257061004639,0.8675529360771179,0.18719832599163055,-0.1744697391986847,0.027214132249355316,0.17180633544921875,-0.0,-1.4660866260528564,0.01829151064157486,1.3188608884811401,0.12170815467834473,-0.012734651565551758,0.0,0.0,12.268424034118652,-1.6378929615020752
6.9277567863464355,0.8665791153907776,0.18888498842716217,-0.16319043934345245,0.030005041509866714,0.17180633544921875,-0.0,-1.4664806127548218,0.001298452029004693,1.2764250040054321,0.1429290771484375,0.007226467132568359,0.0,0.0,12.268424034118652,-1.6382869482040405
6.928256988525391,0.8665791153907776,0.18888498842716217,-0.16157911717891693,0.006747524254024029,0.17180633544921875,-0.0,-1.46728515625,-0.032728176563978195,1.301754355430603,0.10348473489284515,-0.024294137954711914,0.0,0.0,12.268424034118652,-1.6390914916992188
6.928757190704346,0.8665791153907776,0.18888498842716217,-0.16802442073822021,0.008608118630945683,0.17180633544921875,-0.0,-1.4670788049697876,-0.023275041952729225,1.285689353942871,0.16953642666339874,0.027497529983520508,0.0,0.0,12.268424034118652,-1.6388851404190063
6.929256916046143,0.8665791153907776,0.18888498842716217,-0.17124707996845245,0.010468722321093082,0.17180633544921875,-0.0,-1.4667326211929321,-0.008211801759898663,1.2647584676742554,0.16333234310150146,0.024466276168823242,0.0,0.0,12.268424034118652,-1.6385389566421509
6.929756164550781,0.8656055927276611,0.1838250309228897,-0.1664130985736847,0.04116865247488022,0.17180633544921875,-0.0,-1.46675705909729,-0.00921773724257946,1.3144868612289429,0.09563235193490982,-0.031549692153930664,0.0,0.0,12.268424034118652,-1.6385633945465088
6.930255889892578,0.8665791153907776,0.18888498842716217,-0.16963575780391693,0.02070203423500061,0.17180633544921875,-0.0,-1.4671149253845215,-0.02388748899102211,1.304169774055481,0.15636001527309418,0.015699148178100586,0.0,0.0,12.268424034118652,-1.6389212608337402
6.930756092071533,0.8675529360771179,0.18719832599163055,-0.16802442073822021,0.047680750489234924,0.17180633544921875,-0.0,-1.4668852090835571,-0.013699516654014587,1.275719404220581,0.14773957431316376,0.01142740249633789,0.0,0.0,12.268424034118652,-1.6386915445327759
6.93125581741333,0.8656055927276611,0.19057120382785797,-0.1664130985736847,0.026283835992217064,0.17180633544921875,-0.0,-1.4667584896087646,-0.00788680650293827,1.2998955249786377,0.19901956617832184,0.04808521270751953,0.0,0.0,12.268424034118652,-1.6385648250579834
6.931756019592285,0.8665791153907776,0.18888498842716217,-0.16319043934345245,0.04116864502429962,0.17180633544921875,-0.0,-1.4657806158065796,0.033511776477098465,1.2887804508209229,0.18377260863780975,0.0367887020111084,0.0,0.0,12.268424034118652,-1.6375869512557983
6.932255744934082,0.8675529360771179,0.18719832599163055,-0.17124707996845245,0.019771728664636612,0.17180633544921875,-0.0,-1.466065526008606,0.02082848735153675,1.3223259449005127,0.11454158276319504,-0.018395185470581055,0.0,0.0,12.268424034118652,-1.6378718614578247
6.932755947113037,0.8665791153907776,0.18888498842716217,-0.16319043934345245,0.04488984867930412,0.17180633544921875,-0.0,-1.466341495513916,0.008819443173706532,1.2925680875778198,0.15278485417366028,0.013260126113891602,0.0,0.0,12.268424034118652,-1.6381478309631348
6.933256149291992,0.8675529360771179,0.18719832599163055,-0.15996778011322021,0.018841423094272614,0.17180633544921875,-0.0,-1.466559648513794,-0.0005309084663167596,1.301828145980835,0.12038213014602661,-0.012078046798706055,0.0,0.0,12.268424034118652,-1.6383659839630127
6.933754920959473,0.8656055927276611,0.19057120382785797,-0.15674512088298798,-0.009067597799003124,0.17180633544921875,-0.0,-1.466455340385437,0.0038606617599725723,1.2791274785995483,0.14708387851715088,0.010187864303588867,0.0,0.0,12.268424034118652,-1.6382616758346558
6.934255123138428,0.8656055927276611,0.19057120382785797,-0.16480176150798798,0.019771728664636612,0.17180633544921875,-0.0,-1.4661426544189453,0.016841435804963112,1.285639762878418,0.16103923320770264,0.020046710968017578,0.0,0.0,12.268424034118652,-1.637948989868164
6.934754848480225,0.8665791153907776,0.18888498842716217,-0.18091504275798798,0.04768074303865433,0.17180633544921875,-0.0,-1.4660840034484863,0.01902827061712742,1.2726324796676636,0.1689218431711197,0.02737116813659668,0.0,0.0,12.268424034118652,-1.637890338897705
6.93525505065918,0.8665791153907776,0.18888498842716217,-0.14063183963298798,0.00953841581940651,0.17180633544921875,-0.0,-1.4664350748062134,0.003929923288524151,1.296513557434082,0.1397733986377716,0.0030450820922851562,0.0,0.0,12.268424034118652,-1.6382414102554321
6.935754776000977,0.8665791153907776,0.18888498842716217,-0.16963575780391693,0.04861105605959892,0.17180633544921875,-0.0,-1.464983344078064,0.06498240679502487,1.2822118997573853,0.17883014678955078,0.03292250633239746,0.0,0.0,12.268424034118652,-1.6367896795272827
6.936254978179932,0.8665791153907776,0.18888498842716217,-0.16319043934345245,0.024423232302069664,0.17180633544921875,-0.0,-1.465038776397705,0.06139262393116951,1.2604910135269165,0.14003600180149078,0.004926204681396484,0.0,0.0,12.268424034118652,-1.6368451118469238
6.936755180358887,0.8675529360771179,0.18719832599163055,-0.17285840213298798,0.043029237538576126,0.17180633544921875,-0.0,-1.4652698040008545,0.050361841917037964,1.3045744895935059,0.13185001909732819,-0.004804372787475586,0.0,0.0,12.268424034118652,-1.6370761394500732
6.937254905700684,0.8665791153907776,0.18888498842716217,-0.18091504275798798,0.027214132249355316,0.17180633544921875,-0.0,-1.4652942419052124,0.04832645133137703,1.2944104671478271,0.14269070327281952,0.004324913024902344,0.0,0.0,12.268424034118652,-1.6371005773544312
6.937755107879639,0.8675529360771179,0.18719832599163055,-0.16963575780391693,0.07838067412376404,0.17180633544921875,-0.0,-1.465340495109558,0.045441851019859314,1.2837207317352295,0.1588168740272522,0.017724037170410156,0.0,0.0,12.268424034118652,-1.6371468305587769
6.938253879547119,0.8675529360771179,0.18719832599163055,-0.19541700184345245,0.03558684140443802,0.17180633544921875,-0.0,-1.4654918909072876,0.0382925383746624,1.2728126049041748,0.13820034265518188,0.0028753280639648438,0.0,0.0,12.268424034118652,-1.6372982263565063
6.938754081726074,0.8675529360771179,0.18719832599163055,-0.15996778011322021,0.05791405588388443,0.1828780174255371,10.737865447998047,-1.4657775163650513,0.0255427323281765,1.298224925994873,0.14356403052806854,0.005148649215698242,0.0,0.0,12.268424034118652,-1.6486555337905884
6.939253807067871,0.8656055927276611,0.19057120382785797,-0.17769239842891693,0.027214141562581062,0.18824529647827148,10.737865447998047,-1.46560800075531,0.03227439150214195,1.3110467195510864,0.13266484439373016,-0.0043489933013916016,0.0,0.0,12.268424034118652,-1.6538532972335815
6.939754009246826,0.8636582493782043,0.1939440816640854,-0.1664130985736847,0.03930804133415222,0.18254423141479492,-0.0,-1.4661277532577515,0.009733965620398521,1.3003778457641602,0.12114494293928146,-0.011821508407592773,0.0,0.0,12.268424034118652,-1.6486719846725464
6.940254211425781,0.8626844882965088,0.195630744099617,-0.18574903905391693,0.03372624143958092,0.18254423141479492,-0.0,-1.4661316871643066,0.009367984719574451,1.3114657402038574,0.11858730763196945,-0.014544248580932617,0.0,0.0,12.268424034118652,-1.6486759185791016
6.940753936767578,0.8646318316459656,0.1990031898021698,-0.17930372059345245,0.05419285595417023,0.1714625358581543,-10.748614311218262,-1.4660285711288452,0.0136643685400486,1.2732291221618652,0.16170527040958405,0.02165508270263672,0.0,0.0,12.268424034118652,-1.6374911069869995
6.941254138946533,0.8626844882965088,0.195630744099617,-0.18736036121845245,0.03837775066494942,0.16608858108520508,-10.748614311218262,-1.466402292251587,-0.0022245219442993402,1.2985442876815796,0.1431243121623993,0.005403757095336914,0.0,0.0,12.268424034118652,-1.632490873336792
6.941752910614014,0.8656055927276611,0.19057120382785797,-0.17124707996845245,0.042098939418792725,0.17180633544921875,-0.0,-1.4661945104599,0.006739934906363487,1.305482268333435,0.14481864869594574,0.005904436111450195,0.0,0.0,12.268424034118652,-1.6380008459091187
6.942253112792969,0.8656055927276611,0.19057120382785797,-0.17769239842891693,0.029074735939502716,0.17180633544921875,-0.0,-1.4667246341705322,-0.015725646167993546,1.2870476245880127,0.12466001510620117,-0.007552385330200195,0.0,0.0,12.268424034118652,-1.638530969619751
6.942752838134766,0.8656055927276611,0.19057120382785797,-0.15996778011322021,0.026283826678991318,0.17180633544921875,-0.0,-1.4665347337722778,-0.007312866859138012,1.2781074047088623,0.1364235281944275,0.002080678939819336,0.0,0.0,12.268424034118652,-1.6383410692214966
6.943253040313721,0.8675529360771179,0.18719832599163055,-0.1744697391986847,0.023492936044931412,0.17180633544921875,-0.0,-1.4665231704711914,-0.006762434262782335,1.3068664073944092,0.1062927395105362,-0.023216962814331055,0.0,0.0,12.268424034118652,-1.6383295059204102
6.943752765655518,0.8665791153907776,0.18888498842716217,-0.15996778011322021,0.026283826678991318,0.17180633544921875,-0.0,-1.4665532112121582,-0.007742361165583134,1.2668958902359009,0.1626487672328949,0.02353811264038086,0.0,0.0,12.268424034118652,-1.638359546661377
6.944252967834473,0.8675529360771179,0.18719832599163055,-0.1502998173236847,0.015120225958526134,0.17180633544921875,-0.0,-1.4664524793624878,-0.003470525611191988,1.3080052137374878,0.12386530637741089,-0.009970426559448242,0.0,0.0,12.268424034118652,-1.6382588148117065
6.944753170013428,0.8675529360771179,0.18719832599163055,-0.14385449886322021,0.028144439682364464,0.17180633544921875,-0.0,-1.465916395187378,0.019272159785032272,1.289366602897644,0.15832681953907013,0.017381906509399414,0.0,0.0,12.268424034118652,-1.6377227306365967
6.945252895355225,0.8675529360771179,0.18719832599163055,-0.16802442073822021,0.023492926731705666,0.17180633544921875,-0.0,-1.4657282829284668,0.026643812656402588,1.2977975606918335,0.12523336708545685,-0.008897542953491211,0.0,0.0,12.268424034118652,-1.6375346183776855
