time_s,v_alpha_v,v_beta_v,i_alpha_a,i_beta_a,encoder_angle_rad,encoder_speed_rad_s,pll_angle_rad,pll_speed_rad_s,emf_alpha_v,emf_beta_v,phase_error_rad,locked,active,bus_voltage_v,angle_error_rad
58.961402893066406,0.7012596130371094,1.1464760303497314,-0.08139625936746597,-0.06033474579453468,5.6142354011535645,343.6116943359375,-0.3603029251098633,675.8366088867188,1.1143869161605835,1.1540907621383667,-0.1853785514831543,0.0,0.0,12.392526626586914,0.30864715576171875
58.96240234375,0.280307412147522,1.296386957168579,-0.10878884047269821,0.00013479907647706568,5.958451747894287,343.9556579589844,-0.06212902069091797,670.3773803710938,0.8041483163833618,1.2126061916351318,-0.3046376705169678,0.0,0.0,12.392526626586914,0.2626047134399414
58.96340560913086,-0.1662171632051468,1.2895724773406982,-0.12973611056804657,0.07921036332845688,6.226036548614502,300.6602478027344,0.21719074249267578,662.7184448242188,0.4353015422821045,1.0734864473342896,-0.38727784156799316,0.0,0.0,12.392526626586914,0.2743396759033203
58.96440124511719,-0.5930706858634949,1.1498832702636719,-0.12490212172269821,0.1359587013721466,0.30058956146240234,333.20703125,0.49074339866638184,654.8011474609375,0.06469661742448807,0.8745365738868713,-0.35157227516174316,0.0,0.0,12.392526626586914,0.1901538372039795
58.96540069580078,-0.9638631939888,0.8824286460876465,-0.14262673258781433,0.18712523579597473,0.6521511077880859,343.6116943359375,0.7910542488098145,651.1259155273438,-0.36252561211586,0.5762847065925598,-0.013170719146728516,0.0,0.0,12.392526626586914,0.13890314102172852
58.966400146484375,-1.2284337282180786,0.5195768475532532,-0.11362282186746597,0.20387065410614014,0.9768199920654297,332.87384033203125,1.1424095630645752,654.6973266601562,-0.7470529079437256,0.23717361688613892,0.3433198928833008,0.0,0.0,12.392526626586914,0.1655895709991455
58.96739959716797,-1.3582605123519897,0.11072931438684464,-0.08623024821281433,0.20666155219078064,1.2339286804199219,289.9223937988281,1.5299508571624756,662.9552612304688,-1.0395299196243286,-0.1681874394416809,0.4274625778198242,0.0,0.0,12.392526626586914,0.2960221767425537
58.96839904785156,-1.343507170677185,-0.3066354990005493,-0.06044899672269821,0.18805553019046783,1.6185588836669922,343.6116943359375,1.9071218967437744,669.1974487304688,-1.2402830123901367,-0.46661776304244995,0.24939346313476562,0.0,0.0,12.392526626586914,0.2885630130767822
58.969398498535156,-1.1890925168991089,-0.6899300813674927,-0.005663841962814331,0.1452617049217224,1.942896842956543,332.87384033203125,2.2683403491973877,672.8247680664062,-1.277214527130127,-0.8184175491333008,0.09735584259033203,0.0,0.0,12.392526626586914,0.3254435062408447
58.97039794921875,-0.9068184494972229,-0.9880476593971252,0.06040060892701149,0.09037396311759949,2.2757701873779297,332.87384033203125,2.6026365756988525,672.5140380859375,-1.2322434186935425,-1.0338155031204224,-0.11167430877685547,0.0,0.0,12.392526626586914,0.32686638832092285
58.97140121459961,-0.5478283762931824,-1.2043960094451904,0.09423849731683731,0.026183217763900757,2.5523815155029297,300.96124267578125,2.912536382675171,668.8896484375,-0.9639734029769897,-1.2266520261764526,-0.21751689910888672,0.0,0.0,12.392526626586914,0.3601548671722412
58.9724006652832,-0.12490866333246231,-1.2861655950546265,0.11518576741218567,-0.008237915113568306,2.9096364974975586,332.87384033203125,-3.0856945514678955,662.0963745117188,-0.6641224026679993,-1.152754783630371,-0.3633005619049072,0.0,0.0,12.392526626586914,0.2878546714782715
58.9734001159668,0.31374719738960266,-1.2350596189498901,0.1345217078924179,-0.118013396859169,3.242508888244629,332.87384033203125,-2.8128457069396973,654.1148071289062,-0.2957603633403778,-1.023168683052063,-0.3979780673980713,0.0,0.0,12.392526626586914,0.2278308868408203
58.97439956665039,0.7238809466362,-1.045967936515808,0.13613303005695343,-0.15615573525428772,3.575052261352539,332.87384033203125,-2.5380661487579346,646.9696655273438,0.09482347965240479,-0.7537497878074646,-0.2668166160583496,0.0,0.0,12.392526626586914,0.17006731033325195
58.975399017333984,1.0405787229537964,-0.7631816267967224,0.1345217078924179,-0.20360104739665985,3.8327131271362305,290.21258544921875,-2.2231950759887695,645.8344116210938,0.5092765688896179,-0.48137107491493225,0.1114504337310791,0.0,0.0,12.392526626586914,0.22727727890014648
58.97639846801758,1.2608903646469116,-0.3952189087867737,0.10874045640230179,-0.22406768798828125,4.198180198669434,332.87384033203125,-1.8578588962554932,651.6713256835938,0.841971218585968,-0.09691546112298965,0.3944973945617676,0.0,0.0,12.392526626586914,0.22714662551879883
58.97740173339844,1.345474362373352,0.017035411670804024,0.07006857544183731,-0.20174047350883484,4.549652099609375,343.6116943359375,-1.473380446434021,659.7053833007812,1.1135234832763672,0.2675451338291168,0.36264920234680176,0.0,0.0,12.392526626586914,0.26015281677246094
58.97840118408203,1.2795774936676025,0.42417946457862854,0.0249513927847147,-0.15708601474761963,4.874921798706055,333.20703125,-1.104078769683838,665.0913696289062,1.258647084236145,0.5512295961380005,0.16951847076416016,0.0,0.0,12.392526626586914,0.3041849136352539
58.979400634765625,1.0946731567382812,0.7648851275444031,-0.03144508972764015,-0.11894368380308151,5.131772994995117,289.9223937988281,-0.7579662799835205,666.9285278320312,1.2906731367111206,0.8485473394393921,-0.009600400924682617,0.0,0.0,12.392526626586914,0.3934464454650879
58.98040008544922,0.8015802502632141,1.040857195854187,-0.05561501160264015,-0.08452256768941879,5.497462272644043,332.87384033203125,-0.4374110698699951,665.1506958007812,1.118821382522583,1.1080344915390015,-0.13345074653625488,0.0,0.0,12.392526626586914,0.3483119010925293
58.98139953613281,0.4258701503276825,1.2112102508544922,-0.09267555922269821,0.0019953979644924402,5.811394691467285,322.1359558105469,-0.13968849182128906,660.3569946289062,0.8980690240859985,1.1653895378112793,-0.3013467788696289,0.0,0.0,12.392526626586914,0.33210229873657227
58.982398986816406,0.014752853661775589,1.2589091062545776,-0.11040017008781433,0.05502254143357277,6.076416015625,289.9223937988281,0.1357576847076416,652.850341796875,0.5767799019813538,1.0771344900131226,-0.4158797264099121,0.0,0.0,12.392526626586914,0.342526912689209
58.9833984375,-0.39046284556388855,1.183953881263733,-0.11684548109769821,0.09595577418804169,0.17841291427612305,343.9556579589844,0.399430513381958,644.2537231445312,0.23095278441905975,0.985558032989502,-0.42102694511413574,0.0,0.0,12.392526626586914,0.22101759910583496
58.98440170288086,-0.774040937423706,0.9863439202308655,-0.11684548109769821,0.14805258810520172,0.4844479560852051,322.4584045410156,0.6720588207244873,637.4862060546875,-0.16665813326835632,0.695104718208313,-0.22778987884521484,0.0,0.0,12.392526626586914,0.18761086463928223
58.98540115356445,-1.0730353593826294,0.6797086596488953,-0.12651345133781433,0.17596162855625153,0.8252902030944824,332.87384033203125,0.990248441696167,637.4544067382812,-0.5563929080963135,0.4042265713214874,0.1665043830871582,0.0,0.0,12.392526626586914,0.16495823860168457
58.98639678955078,-1.2579399347305298,0.3185602128505707,-0.11040017008781433,0.20387065410614014,1.0815534591674805,289.6327819824219,1.3538320064544678,643.6325073242188,-0.9062866568565369,0.06284353882074356,0.36673402786254883,0.0,0.0,12.392526626586914,0.2722785472869873
58.987396240234375,-1.318919062614441,-0.08347291499376297,-0.05883767083287239,0.18712523579597473,1.4290580749511719,322.4584045410156,1.7322661876678467,651.38623046875,-1.111688494682312,-0.33715349435806274,0.35439491271972656,0.0,0.0,12.392526626586914,0.3032081127166748
58.98839569091797,-1.2412196397781372,-0.47017455101013184,-0.02661110647022724,0.1350284069776535,1.7698893547058105,332.87384033203125,2.0943939685821533,656.3670654296875,-1.221706748008728,-0.6447082161903381,0.1827073097229004,0.0,0.0,12.392526626586914,0.3245046138763428
58.98939514160156,-1.0386115312576294,-0.8006594777107239,0.010449439287185669,0.115492083132267,2.0838212966918945,322.1359558105469,2.4320008754730225,657.6390991210938,-1.2155269384384155,-0.8790366053581238,-0.016625404357910156,0.0,0.0,12.392526626586914,0.34817957878112793
58.990394592285156,-0.739617645740509,-1.0527819395065308,0.04428732767701149,0.07734975963830948,2.348842144012451,289.9223937988281,2.7431018352508545,655.1971435546875,-1.0344191789627075,-1.064332127571106,-0.15688514709472656,0.0,0.0,12.392526626586914,0.3942596912384033
58.99139404296875,-0.3766935169696808,-1.1975820064544678,0.07973654568195343,0.010368107818067074,2.6955575942993164,322.1359558105469,3.036677598953247,650.5169067382812,-0.8293830752372742,-1.1347240209579468,-0.31415653228759766,0.0,0.0,12.392526626586914,0.34112000465393066
58.99239730834961,0.03442389890551567,-1.2316526174545288,0.10229513794183731,-0.05103173851966858,3.0372116565704346,333.20703125,-2.977649450302124,642.7793579101562,-0.5065338611602783,-1.052051305770874,-0.40433526039123535,0.0,0.0,12.392526626586914,0.2683243751525879
58.9933967590332,0.44750797748565674,-1.1362550258636475,0.12807638943195343,-0.11801338195800781,3.369831085205078,332.87384033203125,-2.7128777503967285,635.0144653320312,-0.16439154744148254,-0.8806754946708679,-0.4075462818145752,0.0,0.0,12.392526626586914,0.20047664642333984
58.9943962097168,0.8005964159965515,-0.9403488636016846,0.12163107842206955,-0.14964359998703003,3.6269381046295166,289.9223937988281,-2.4362475872039795,629.4439086914062,0.25372183322906494,-0.6781530976295471,-0.13985824584960938,0.0,0.0,12.392526626586914,0.2199997901916504
58.99539566040039,1.0740188360214233,-0.6439346075057983,0.10551779717206955,-0.17755262553691864,3.9733638763427734,322.1359558105469,-2.113598585128784,630.5744018554688,0.6273388266563416,-0.4048880338668823,0.18184828758239746,0.0,0.0,12.392526626586914,0.19622278213500977
58.996395111083984,1.2500715255737305,-0.2708611488342285,0.08618185669183731,-0.19243744015693665,4.3150177001953125,333.20703125,-1.7520862817764282,636.9295043945312,0.9189417362213135,-0.03160912171006203,0.3636457920074463,0.0,0.0,12.392526626586914,0.2160816192626953
58.99739456176758,1.2953141927719116,0.13117171823978424,0.07812521606683731,-0.18964655697345734,4.628695964813232,322.1359558105469,-1.3860403299331665,643.4412841796875,1.1351990699768066,0.3033812940120697,0.29435181617736816,0.0,0.0,12.392526626586914,0.2684493064880371
58.998390197753906,1.2058124542236328,0.4906165301799774,0.012060767039656639,-0.14592240750789642,4.893716812133789,289.9223937988281,-1.0331599712371826,647.6876831054688,1.2607207298278809,0.5940552353858948,0.11972260475158691,0.0,0.0,12.392526626586914,0.3563084602355957
58.999393463134766,1.005171537399292,0.8108803629875183,-0.03466774895787239,-0.1003376767039299,5.241000175476074,322.4584045410156,-0.6998095512390137,648.9689331054688,1.2063674926757812,0.8920503258705139,-0.01869940757751465,0.0,0.0,12.392526626586914,0.3423757553100586
59.00039291381836,0.7002760767936707,1.0527819395065308,-0.04916970059275627,-0.08266196399927139,5.56289005279541,322.1359558105469,-0.38962459564208984,646.9940795898438,1.0615451335906982,1.0557154417037964,-0.18586277961730957,0.0,0.0,12.392526626586914,0.3306708335876465
59.00139236450195,0.3412860929965973,1.194174885749817,-0.09267555922269821,0.0019953979644924402,5.828200817108154,289.9223937988281,-0.10113072395324707,642.1828002929688,0.7791040539741516,1.1182520389556885,-0.29782557487487793,0.0,0.0,12.392526626586914,0.353853702545166
59.00239181518555,-0.05802851542830467,1.2248386144638062,-0.10395485907793045,0.07548914849758148,6.19389009475708,332.87384033203125,0.16940951347351074,635.2471923828125,0.4681757986545563,1.0690922737121582,-0.3759591579437256,0.0,0.0,12.392526626586914,0.25870466232299805
59.00339126586914,-0.4534090757369995,1.1294405460357666,-0.12812477350234985,0.113631471991539,0.2248833179473877,322.4584045410156,0.4304168224334717,627.49365234375,0.1252320408821106,0.9256412982940674,-0.36104631423950195,0.0,0.0,12.392526626586914,0.20553350448608398
59.004390716552734,-0.8045307993888855,0.919906497001648,-0.12006814032793045,0.1368890106678009,0.5467723608016968,322.1359558105469,0.7056741714477539,622.2429809570312,-0.25797635316848755,0.6881183385848999,-0.14192938804626465,0.0,0.0,12.392526626586914,0.15890192985534668
59.00539016723633,-1.074018955230713,0.6303061842918396,-0.09912087023258209,0.16758891940116882,0.8120830059051514,289.9223937988281,1.0234148502349854,623.1895751953125,-0.6584126949310303,0.41477590799331665,0.19513845443725586,0.0,0.0,12.392526626586914,0.21133184432983398
59.00639343261719,-1.236302137374878,0.2674541771411896,-0.08623024821281433,0.16944953799247742,1.1588307619094849,322.1359558105469,1.3796069622039795,629.3221435546875,-0.8921796083450317,0.05803021788597107,0.34014129638671875,0.0,0.0,12.392526626586914,0.22077631950378418
59.00739288330078,-1.282528281211853,-0.12606123089790344,-0.05239235609769821,0.17968283593654633,1.5001628398895264,333.20703125,1.740997076034546,635.7232666015625,-1.137671709060669,-0.27392590045928955,0.2813096046447754,0.0,0.0,12.392526626586914,0.24083423614501953
59.008392333984375,-1.1890922784805298,-0.5059486627578735,-0.012109153904020786,0.1303768903017044,1.813840389251709,322.1359558105469,2.092984437942505,640.3845825195312,-1.1888697147369385,-0.6166326999664307,0.17157888412475586,0.0,0.0,12.392526626586914,0.2791440486907959
59.00939178466797,-0.9855009913444519,-0.817694902420044,0.008838110603392124,0.09409517049789429,2.0791518688201904,289.9223937988281,2.4227359294891357,641.6778564453125,-1.1600204706192017,-0.8516709208488464,-0.005297660827636719,0.0,0.0,12.392526626586914,0.3435840606689453
59.01039123535156,-0.6835560202598572,-1.0476711988449097,0.06523459404706955,0.018740814179182053,2.425898790359497,322.1359558105469,2.731363534927368,639.9877319335938,-1.0156431198120117,-1.0456013679504395,-0.14980554580688477,0.0,0.0,12.392526626586914,0.3054647445678711
59.011390686035156,-0.3216157853603363,-1.2009888887405396,0.07651389390230179,0.004786298144608736,2.7477126121520996,322.1359558105469,3.017779588699341,635.3745727539062,-0.7629717588424683,-1.1146128177642822,-0.26874589920043945,0.0,0.0,12.392526626586914,0.2700669765472412
59.01239013671875,0.08556768298149109,-1.2248386144638062,0.09584982693195343,-0.05661354586482048,3.088779926300049,332.87384033203125,-2.990743637084961,629.4723510742188,-0.4295802116394043,-1.0904961824417114,-0.3210728168487549,0.0,0.0,12.392526626586914,0.20366191864013672
59.01339340209961,0.4809480905532837,-1.1192198991775513,0.11357443779706955,-0.0947558730840683,3.3464417457580566,290.21258544921875,-2.7239081859588623,622.9158935546875,-0.06492619961500168,-0.8677778244018555,-0.2890644073486328,0.0,0.0,12.392526626586914,0.21283578872680664
59.0143928527832,0.8222344517707825,-0.909685492515564,0.11196310818195343,-0.14592240750789642,3.6935362815856934,322.4584045410156,-2.43929386138916,619.2590942382812,0.2887622117996216,-0.6662296652793884,-0.08851957321166992,0.0,0.0,12.392526626586914,0.15035533905029297
59.0153923034668,1.0927060842514038,-0.6115672588348389,0.08779318630695343,-0.17290115356445312,4.014857292175293,321.81414794921875,-2.1180408000946045,620.8856811523438,0.6776643991470337,-0.3910045623779297,0.23359012603759766,0.0,0.0,12.392526626586914,0.15028715133666992
59.01639175415039,1.2549892663955688,-0.235087051987648,0.09101584553718567,-0.17290113866329193,4.356435298919678,333.20703125,-1.7629140615463257,627.01171875,0.985726535320282,-0.0650574266910553,0.339341402053833,0.0,0.0,12.392526626586914,0.16383600234985352
59.017391204833984,1.286462426185608,0.15331785380840302,0.03623068705201149,-0.14499211311340332,4.613287925720215,289.9223937988281,-1.4041486978530884,633.1992797851562,1.1602190732955933,0.26060205698013306,0.2685220241546631,0.0,0.0,12.392526626586914,0.2657489776611328
59.01839065551758,1.1920429468154907,0.5212803483009338,0.004004126880317926,-0.12824669480323792,4.96003532409668,322.1359558105469,-1.0536673069000244,637.8295288085938,1.2226598262786865,0.6183438897132874,0.16546344757080078,0.0,0.0,12.392526626586914,0.2694830894470215
59.019386291503906,0.9756653904914856,0.8415440320968628,-0.005663841962814331,-0.0947558730840683,5.281848907470703,322.1359558105469,-0.7243199348449707,639.2384643554688,1.1809332370758057,0.8598232865333557,-0.004606962203979492,0.0,0.0,12.392526626586914,0.27701663970947266
59.020389556884766,0.6570006608963013,1.08003830909729,-0.05561501160264015,-0.047310538589954376,5.623503684997559,333.20703125,-0.4149775505065918,637.811279296875,1.0082480907440186,1.0686545372009277,-0.1309800148010254,0.0,0.0,12.392526626586914,0.2447042465209961
59.02138900756836,0.2881755232810974,1.214617371559143,-0.08623024821281433,0.009437805972993374,5.880356788635254,289.9223937988281,-0.12488079071044922,633.85107421875,0.7357476949691772,1.1293387413024902,-0.24502253532409668,0.0,0.0,12.392526626586914,0.27794790267944336
59.02238845825195,-0.11507314443588257,1.2248386144638062,-0.09750954061746597,0.04758013039827347,6.246045112609863,332.87384033203125,0.14803504943847656,627.8106689453125,0.4410542845726013,1.0635147094726562,-0.3368842601776123,0.0,0.0,12.392526626586914,0.18517541885375977
59.02338790893555,-0.5143880248069763,1.1158124208450317,-0.11040017008781433,0.09967698156833649,0.2770380973815918,322.4584045410156,0.42008328437805176,622.0748901367188,0.057677943259477615,0.9250879287719727,-0.27919650077819824,0.0,0.0,12.392526626586914,0.14304518699645996
59.02438735961914,-0.854691207408905,0.9011677503585815,-0.11362282186746597,0.1294465959072113,0.5421028137207031,289.9223937988281,0.7063286304473877,618.7060546875,-0.34793221950531006,0.6891480684280396,-0.033438682556152344,0.0,0.0,12.392526626586914,0.16422581672668457
59.025386810302734,-1.1172946691513062,0.5894215703010559,-0.07817360758781433,0.1387495994567871,0.9077916145324707,332.87384033203125,1.0312550067901611,620.8721313476562,-0.7001324892044067,0.40565499663352966,0.22394704818725586,0.0,0.0,12.392526626586914,0.12346339225769043
59.02638626098633,-1.2717093229293823,0.20612715184688568,-0.07333961874246597,0.18061313033103943,1.2406659126281738,332.87384033203125,1.3863351345062256,627.0048828125,-0.9809343814849854,0.05091586709022522,0.34581470489501953,0.0,0.0,12.392526626586914,0.14566922187805176
59.02738952636719,-1.2903965711593628,-0.1942024528980255,-0.04916970059275627,0.1424708068370819,1.554598331451416,322.1359558105469,1.749617338180542,633.817138671875,-1.1904923915863037,-0.27848494052886963,0.26535511016845703,0.0,0.0,12.392526626586914,0.19501900672912598
59.02838897705078,-1.1772903203964233,-0.5672756433486938,0.0007814705022610724,0.1173526868224144,1.838550090789795,300.6602478027344,2.0983431339263916,638.1564331054688,-1.2509441375732422,-0.5871602892875671,0.12523269653320312,0.0,0.0,12.392526626586914,0.2597930431365967
59.029388427734375,-0.9461596012115479,-0.8858360648155212,0.0249513927847147,0.08107096701860428,2.1965909004211426,333.20703125,2.4273531436920166,639.5047607421875,-1.1681782007217407,-0.8921014666557312,0.00843954086303711,0.0,0.0,12.392526626586914,0.23076224327087402
59.03038787841797,-0.6107743382453918,-1.1192198991775513,0.05234396830201149,0.024322615936398506,2.5292105674743652,332.87384033203125,2.7367336750030518,638.0703125,-0.960115373134613,-1.0816245079040527,-0.11036968231201172,0.0,0.0,12.392526626586914,0.20752310752868652
59.03138732910156,-0.21342676877975464,-1.2452808618545532,0.07490256428718567,-0.00730760907754302,2.8620848655700684,332.87384033203125,3.0302207469940186,634.5611572265625,-0.665180504322052,-1.1444438695907593,-0.2068634033203125,0.0,0.0,12.392526626586914,0.1681358814239502
59.032386779785156,0.19769014418125153,-1.2418736219406128,0.07651389390230179,-0.06591654568910599,3.119187831878662,289.9223937988281,-2.9714443683624268,629.6574096679688,-0.3127095103263855,-1.109678864479065,-0.23861432075500488,0.0,0.0,12.392526626586914,0.19255304336547852
59.033382415771484,0.6009392142295837,-1.1021844148635864,0.10390646755695343,-0.12080428749322891,3.484544277191162,332.87384033203125,-2.6870503425598145,625.4971313476562,0.08752413839101791,-0.9103342294692993,-0.15269875526428223,0.0,0.0,12.392526626586914,0.11159086227416992
59.034385681152344,0.9432089328765869,-0.8500615358352661,0.09746115654706955,-0.14499209821224213,3.8180060386657715,333.20703125,-2.3808341026306152,624.6293334960938,0.48089686036109924,-0.6921198964118958,0.05498623847961426,0.0,0.0,12.392526626586914,0.08434534072875977
59.03538513183594,1.1940100193023682,-0.4974309206008911,0.08134787529706955,-0.13568909466266632,4.150628566741943,332.87384033203125,-2.040769577026367,628.4545288085938,0.8132284283638,-0.3411824107170105,0.2856171131134033,0.0,0.0,12.392526626586914,0.09178733825683594
59.03638458251953,1.3140010833740234,-0.11243303120136261,0.04750998690724373,-0.14778301119804382,4.407735347747803,289.9223937988281,-1.6797784566879272,634.873046875,1.122199296951294,-0.009501738473773003,0.3159306049346924,0.0,0.0,12.392526626586914,0.19567155838012695
59.037384033203125,1.3031822443008423,0.29471057653427124,0.01850607991218567,-0.14964361488819122,4.773087978363037,332.87384033203125,-1.3216047286987305,640.4436645507812,1.2769771814346313,0.3342665731906891,0.22283291816711426,0.0,0.0,12.392526626586914,0.1884927749633789
59.03838348388672,1.1468003988265991,0.674597978591919,0.0007814705022610724,-0.0891740620136261,5.106553554534912,333.20703125,-0.9763796329498291,643.8567504882812,1.262783169746399,0.6863827109336853,0.11919689178466797,0.0,0.0,12.392526626586914,0.20025205612182617
59.03938293457031,0.8743615746498108,0.9829374551773071,-0.05239235609769821,-0.05289234220981598,5.439168453216553,332.87384033203125,-0.6490271091461182,644.5786743164062,1.1847827434539795,0.9455959796905518,-0.034269094467163086,0.0,0.0,12.392526626586914,0.19498968124389648
59.040382385253906,0.5202894806861877,1.1907681226730347,-0.06528297811746597,-0.023122722283005714,5.714919567108154,300.6602478027344,-0.340512752532959,642.6805419921875,0.9315392971038818,1.1163450479507446,-0.14307379722595215,0.0,0.0,12.392526626586914,0.2277531623840332
59.041385650634766,0.10523822903633118,1.2793515920639038,-0.09589821845293045,0.03362562879920006,6.072371959686279,332.87384033203125,-0.04787015914916992,638.74169921875,0.5876036286354065,1.1380125284194946,-0.2192835807800293,0.0,0.0,12.392526626586914,0.16294336318969727
59.04238510131836,-0.3275166451931,1.2350596189498901,-0.10395485907793045,0.07921035587787628,0.12264776229858398,333.20703125,0.23458051681518555,633.6792602539062,0.21777671575546265,1.0589654445648193,-0.22973871231079102,0.0,0.0,12.392526626586914,0.11193275451660156
59.04338455200195,-0.7150290608406067,1.0612995624542236,-0.11362282186746597,0.1313071846961975,0.38001012802124023,290.21258544921875,0.5243022441864014,629.974853515625,-0.1692815124988556,0.8770021200180054,-0.12578511238098145,0.0,0.0,12.392526626586914,0.14429211616516113
59.04438400268555,-1.0327107906341553,0.7836240530014038,-0.09912087023258209,0.1471223086118698,0.7455229759216309,332.87384033203125,0.8391265869140625,629.97900390625,-0.5656099915504456,0.610942006111145,0.11889982223510742,0.0,0.0,12.392526626586914,0.09360361099243164
59.04538345336914,-1.2628576755523682,0.405440092086792,-0.09106422960758209,0.19270703196525574,1.0964007377624512,343.2684326171875,1.1916143894195557,635.1392822265625,-0.8994497656822205,0.23831309378147125,0.3359527587890625,0.0,0.0,12.392526626586914,0.09521365165710449
59.046382904052734,-1.3454742431640625,-0.017035411670804024,-0.06044899672269821,0.15270410478115082,1.4219298362731934,333.20703125,1.5625402927398682,642.4425659179688,-1.1614331007003784,-0.11405251920223236,0.3241748809814453,0.0,0.0,12.392526626586914,0.1406104564666748
59.04738235473633,-1.2894129753112793,-0.4207720160484314,-0.02177712321281433,0.14712229371070862,1.6787810325622559,289.9223937988281,1.9265267848968506,648.2887573242188,-1.2705920934677124,-0.4733960032463074,0.21947288513183594,0.0,0.0,12.392526626586914,0.24774575233459473
59.04838562011719,-1.0976237058639526,-0.7802170515060425,0.008838110603392124,0.09595577418804169,2.063413143157959,343.6116943359375,2.2725327014923096,651.2664184570312,-1.268884301185608,-0.7888463735580444,0.07203054428100586,0.0,0.0,12.392526626586914,0.20911955833435059
59.04938507080078,-0.7878108024597168,-1.064706563949585,0.06523459404706955,0.044789232313632965,2.3877501487731934,332.87384033203125,2.597101926803589,651.1075439453125,-1.1050639152526855,-1.0233980417251587,-0.0635828971862793,0.0,0.0,12.392526626586914,0.2093517780303955
59.050384521484375,-0.39833107590675354,-1.2452808618545532,0.08940451592206955,-0.01754091866314411,2.720620632171631,332.87384033203125,2.903148889541626,648.4239501953125,-0.8665907382965088,-1.1654508113861084,-0.18781614303588867,0.0,0.0,12.392526626586914,0.18252825736999512
59.05138397216797,0.030489467084407806,-1.2997936010360718,0.09584982693195343,-0.05847414955496788,2.9972357749938965,300.96124267578125,-3.0915956497192383,643.5230712890625,-0.4858952760696411,-1.1474461555480957,-0.23977208137512207,0.0,0.0,12.392526626586914,0.19435405731201172
59.05238342285156,0.45931029319763184,-1.2043960094451904,0.11196310818195343,-0.1031285747885704,3.354491710662842,332.87384033203125,-2.8081157207489014,638.2793579101562,-0.11576703935861588,-0.9890097975730896,-0.24096369743347168,0.0,0.0,12.392526626586914,0.12057828903198242
59.05337905883789,0.8507566452026367,-0.9829371571540833,0.11035177856683731,-0.13754969835281372,3.7059645652770996,343.6116943359375,-2.5153894424438477,634.677734375,0.2885564863681793,-0.7465171813964844,-0.04689669609069824,0.0,0.0,12.392526626586914,0.06183147430419922
59.054378509521484,1.1527016162872314,-0.6439347863197327,0.11679709702730179,-0.18220414221286774,4.030641078948975,332.87384033203125,-2.178508996963501,637.3927612304688,0.6913756132125854,-0.42947372794151306,0.2674562931060791,0.0,0.0,12.392526626586914,0.0740351676940918
59.05537796020508,1.3277705907821655,-0.2521224617958069,0.06684592366218567,-0.17755264043807983,4.30725622177124,300.96124267578125,-1.80361807346344,645.1069946289062,1.0175474882125854,-0.05594956502318382,0.3977997303009033,0.0,0.0,12.392526626586914,0.17231130599975586
59.05638122558594,1.3621941804885864,0.17205654084682465,0.04428732767701149,-0.16080722212791443,4.664510250091553,332.87384033203125,-1.4296659231185913,652.1370239257812,1.246976375579834,0.2832794785499573,0.303210973739624,0.0,0.0,12.392526626586914,0.1890091896057129
59.05738067626953,1.248104453086853,0.5809038281440735,0.0056154546327888966,-0.132898211479187,5.0159831047058105,343.6116943359375,-1.0672976970672607,657.0985107421875,1.3113394975662231,0.663802444934845,0.18612146377563477,0.0,0.0,12.392526626586914,0.1999049186706543
59.058380126953125,0.9953363537788391,0.9233134984970093,-0.04755837097764015,-0.08545286953449249,5.341248989105225,333.20703125,-0.7245450019836426,659.0260620117188,1.2647067308425903,0.9369063973426819,0.010637521743774414,0.0,0.0,12.392526626586914,0.2173914909362793
59.05937957763672,0.6481489539146423,1.1669187545776367,-0.04755837097764015,-0.03335602954030037,5.617045879364014,300.6602478027344,-0.4049985408782959,657.649169921875,1.0513101816177368,1.1321381330490112,-0.1264052391052246,0.0,0.0,12.392526626586914,0.261141300201416
59.06037902832031,0.2311306595802307,1.296386957168579,-0.09267555922269821,0.005716604180634022,5.993472576141357,343.6116943359375,-0.1043248176574707,653.7798461914062,0.7356814742088318,1.1949466466903687,-0.23325848579406738,0.0,0.0,12.392526626586914,0.18538808822631836
59.061378479003906,-0.22522932291030884,1.2793515920639038,-0.12490212172269821,0.08944366127252579,0.05355215072631836,343.6116943359375,0.18033218383789062,647.9874267578125,0.3712506592273712,1.0926952362060547,-0.29634881019592285,0.0,0.0,12.392526626586914,0.12678003311157227
59.062381744384766,-0.6638855338096619,1.122626543045044,-0.12812477350234985,0.1340980976819992,0.39777326583862305,343.9556579589844,0.46385645866394043,642.4552612304688,-0.0466640368103981,0.8966079950332642,-0.20089936256408691,0.0,0.0,12.392526626586914,0.06608319282531738
59.06338119506836,-1.018941044807434,0.8415442109107971,-0.11684548109769821,0.16107682883739471,0.6653552055358887,300.6602478027344,0.7800357341766357,641.7975463867188,-0.4767124652862549,0.6147382855415344,0.09428954124450684,0.0,0.0,12.392526626586914,0.11468052864074707
59.06438064575195,-1.2667914628982544,0.4667673408985138,-0.10395485907793045,0.20759186148643494,1.0417838096618652,343.6116943359375,1.1385538578033447,646.9833374023438,-0.8342012166976929,0.2505928575992584,0.3604450225830078,0.0,0.0,12.392526626586914,0.09677004814147949
59.06538009643555,-1.3779311180114746,0.02895990014076233,-0.07333961874246597,0.18061313033103943,1.385392665863037,343.6116943359375,1.5220091342926025,655.199951171875,-1.1141968965530396,-0.13167515397071838,0.3895583152770996,0.0,0.0,12.392526626586914,0.13661646842956543
59.066375732421875,-1.3366223573684692,-0.39351561665534973,-0.03144508972764015,0.16758891940116882,1.6529383659362793,300.6602478027344,1.9010169506072998,662.2241821289062,-1.2990849018096924,-0.47724246978759766,0.2453603744506836,0.0,0.0,12.392526626586914,0.2480785846710205
59.06737518310547,-1.151718258857727,-0.7751065492630005,0.0007814705022610724,0.1396799087524414,2.0299296379089355,343.9556579589844,2.257929563522339,665.739501953125,-1.3013287782669067,-0.8082758784294128,0.09127235412597656,0.0,0.0,12.392526626586914,0.22799992561340332
59.06837463378906,-0.8350203037261963,-1.0783350467681885,0.04589865729212761,0.07269825041294098,2.3732752799987793,343.6116943359375,2.591514825820923,665.8184814453125,-1.164168357849121,-1.0718064308166504,-0.05595874786376953,0.0,0.0,12.392526626586914,0.21823954582214355
59.069374084472656,-0.4258699119091034,-1.2725374698638916,0.07329123467206955,0.014089309610426426,2.697946071624756,332.87384033203125,2.9058616161346436,663.259033203125,-0.8757948875427246,-1.1827538013458252,-0.1835646629333496,0.0,0.0,12.392526626586914,0.2079155445098877
59.070377349853516,0.010818791575729847,-1.3236433267593384,0.08940451592206955,-0.045449938625097275,2.9736952781677246,300.6602478027344,-3.082282781600952,658.2337036132812,-0.5457119941711426,-1.1669464111328125,-0.2816431522369385,0.0,0.0,12.392526626586914,0.22720766067504883
59.07137680053711,0.4612773358821869,-1.2282453775405884,0.12485373765230179,-0.11801338940858841,3.350686550140381,343.9556579589844,-2.7955691814422607,652.42236328125,-0.1435222625732422,-1.005029320716858,-0.27460360527038574,0.0,0.0,12.392526626586914,0.13692998886108398
59.0723762512207,0.8615756630897522,-0.9982688426971436,0.15546897053718567,-0.18220414221286774,3.6940321922302246,343.6116943359375,-2.4988832473754883,648.4033813476562,0.28319668769836426,-0.7682333588600159,-0.0749051570892334,0.0,0.0,12.392526626586914,0.0902700424194336
59.0733757019043,1.1792571544647217,-0.6524521112442017,0.12968771159648895,-0.20267073810100555,4.018702983856201,332.87384033203125,-2.1546061038970947,651.2025756835938,0.6929122805595398,-0.38608020544052124,0.2960202693939209,0.0,0.0,12.392526626586914,0.10987615585327148
59.07437515258789,1.3513754606246948,-0.2521229088306427,0.07973654568195343,-0.19987985491752625,4.294454097747803,300.6602478027344,-1.772446632385254,658.9619750976562,1.021713376045227,-0.03233316168189049,0.39446353912353516,0.0,0.0,12.392526626586914,0.21628475189208984
59.075374603271484,1.3887497186660767,0.1942022293806076,0.05717795342206955,-0.19429804384708405,4.670838832855225,343.6116943359375,-1.3892765045166016,666.3143920898438,1.1895560026168823,0.4068954586982727,0.374675989151001,0.0,0.0,12.392526626586914,0.2230701446533203
59.07637405395508,1.2707257270812988,0.6030495762825012,0.01850607991218567,-0.17197082936763763,5.015054225921631,343.9556579589844,-1.0163381099700928,671.7489624023438,1.3139568567276,0.7608541250228882,0.19642925262451172,0.0,0.0,12.392526626586914,0.25179338455200195
59.07737731933594,1.008122205734253,0.9420526027679443,-0.07495094835758209,-0.07894076406955719,5.339461803436279,332.87384033203125,-0.6678962707519531,673.4481811523438,1.2664231061935425,1.0112496614456177,-0.005214691162109375,0.0,0.0,12.392526626586914,0.27582740783691406
59.07837677001953,0.6520830988883972,1.183953881263733,-0.06689430773258209,-0.06870745122432709,5.615212917327881,300.6602478027344,-0.34717512130737305,671.2477416992188,1.0576504468917847,1.1761835813522339,-0.16422700881958008,0.0,0.0,12.392526626586914,0.3207974433898926
59.079376220703125,0.2311304211616516,1.306607961654663,-0.11040017008781433,0.0159499179571867,5.991593837738037,343.6116943359375,-0.04699373245239258,666.3710327148438,0.7780225872993469,1.2078965902328491,-0.3077986240386963,0.0,0.0,12.392526626586914,0.2445979118347168
59.08037567138672,-0.2370315045118332,1.2793515920639038,-0.14423805475234985,0.08944366127252579,0.05262613296508789,343.9556579589844,0.23174238204956055,658.9022827148438,0.41419899463653564,1.0279011726379395,-0.4010896682739258,0.0,0.0,12.392526626586914,0.17911624908447266
59.08137512207031,-0.6737208962440491,1.1192198991775513,-0.12490212172269821,0.1340980976819992,0.39658403396606445,343.9556579589844,0.5087616443634033,651.7325439453125,-0.022100109606981277,0.8502309322357178,-0.2696712017059326,0.0,0.0,12.392526626586914,0.11217761039733887
59.082374572753906,-1.02582585811615,0.8296195864677429,-0.13779275119304657,0.18247374892234802,0.663820743560791,300.6602478027344,0.823552131652832,650.2525634765625,-0.437811017036438,0.5391095876693726,0.07579350471496582,0.0,0.0,12.392526626586914,0.15973138809204102
59.0833740234375,-1.2726927995681763,0.4565461277961731,-0.10234352946281433,0.22898876667022705,1.0207200050354004,332.54132080078125,1.1886837482452393,655.7736206054688,-0.8056153059005737,0.16420970857143402,0.40456533432006836,0.0,0.0,12.392526626586914,0.16796374320983887
59.08437728881836,-1.3798980712890625,0.018738696351647377,-0.08784157782793045,0.21875546872615814,1.3733830451965332,343.9556579589844,1.5840117931365967,665.018798828125,-1.0810022354125977,-0.24657966196537018,0.4380912780761719,0.0,0.0,12.392526626586914,0.21062874794006348
59.08537673950195,-1.3366223573684692,-0.39351561665534973,-0.02822243608534336,0.16944953799247742,1.6409687995910645,300.6602478027344,1.9661648273468018,671.799072265625,-1.2709410190582275,-0.5602860450744629,0.24654769897460938,0.0,0.0,12.392526626586914,0.3251960277557373
59.08637619018555,-1.1566358804702759,-0.7665888071060181,0.0007814705022610724,0.16572831571102142,2.0173935890197754,343.6116943359375,2.325576066970825,675.00732421875,-1.2979967594146729,-0.900496244430542,0.07722663879394531,0.0,0.0,12.392526626586914,0.3081824779510498
59.087371826171875,-0.8468223214149475,-1.064706802368164,0.06523459404706955,0.10246787220239639,2.360661029815674,343.6116943359375,2.6597330570220947,674.5269775390625,-1.1593568325042725,-1.1221213340759277,-0.09688234329223633,0.0,0.0,12.392526626586914,0.2990720272064209
59.08837127685547,-0.435705304145813,-1.2486881017684937,0.09584982693195343,0.0122287068516016,2.7048802375793457,343.9556579589844,2.9696433544158936,670.760986328125,-0.9246339797973633,-1.1981427669525146,-0.26585865020751953,0.0,0.0,12.392526626586914,0.26476311683654785
59.08937072753906,-0.0009835154050961137,-1.3032010793685913,0.11035177856683731,-0.03335602208971977,2.9724621772766113,300.6602478027344,-3.0285420417785645,663.8482666015625,-0.5788608193397522,-1.1593687534332275,-0.36023736000061035,0.0,0.0,12.392526626586914,0.2821812629699707
59.090370178222656,0.4475078582763672,-1.2043960094451904,0.1409670114517212,-0.1254557967185974,3.3488898277282715,343.6116943359375,-2.7544260025024414,655.9239501953125,-0.20787030458450317,-0.940361738204956,-0.391878604888916,0.0,0.0,12.392526626586914,0.1798696517944336
59.091373443603516,0.8537073135375977,-0.9778264760971069,0.13613303005695343,-0.18778593838214874,3.6921563148498535,343.6116943359375,-2.467794418334961,650.2882080078125,0.22093378007411957,-0.678501546382904,-0.14469575881958008,0.0,0.0,12.392526626586914,0.12323474884033203
59.09237289428711,1.1635206937789917,-0.6388241052627563,0.1490236520767212,-0.22127677500247955,4.035768985748291,343.6116943359375,-2.1281344890594482,652.3286743164062,0.6753555536270142,-0.3513367772102356,0.2986025810241699,0.0,0.0,12.392526626586914,0.11928224563598633
59.0933723449707,1.3366223573684692,-0.23679077625274658,0.10874045640230179,-0.22406768798828125,4.285237789154053,290.21258544921875,-1.745102047920227,660.1371459960938,0.9902504682540894,0.03372621163725853,0.4337174892425537,0.0,0.0,12.392526626586914,0.25284576416015625
59.0943717956543,1.3710461854934692,0.19079525768756866,0.04750998690724373,-0.19615863263607025,4.669647693634033,343.6116943359375,-1.357123851776123,668.0599975585938,1.208776831626892,0.424222469329834,0.3507201671600342,0.0,0.0,12.392526626586914,0.25641393661499023
59.09537124633789,1.2530221939086914,0.5928285717964172,0.012060767039656639,-0.16452842950820923,4.994571208953857,333.20703125,-0.988231897354126,672.8246459960938,1.2958239316940308,0.7689257264137268,0.17911171913146973,0.0,0.0,12.392526626586914,0.300382137298584
59.096370697021484,0.9953363537788391,0.9233134984970093,-0.07333961874246597,-0.0854528620839119,5.346131801605225,343.6116943359375,-0.6432065963745117,673.9798583984375,1.278610348701477,0.9857089519500732,-0.047370195388793945,0.0,0.0,12.392526626586914,0.29384708404541016
59.09737014770508,0.64224773645401,1.1601043939590454,-0.08139625936746597,-0.043589334934949875,5.613977909088135,300.6602478027344,-0.3242807388305664,671.4910278320312,1.0875298976898193,1.1472585201263428,-0.2140047550201416,0.0,0.0,12.392526626586914,0.3449268341064453
59.09837341308594,0.2311306595802307,1.2793515920639038,-0.10717751085758209,0.012228702194988728,5.971460819244385,332.87384033203125,-0.030976295471191406,665.660400390625,0.7920197248458862,1.149026870727539,-0.35598039627075195,0.0,0.0,12.392526626586914,0.2807483673095703
59.099369049072266,-0.21932822465896606,1.2657231092453003,-0.1313474327325821,0.08572246134281158,0.0397491455078125,343.6116943359375,0.2450876235961914,657.8799438476562,0.3998526930809021,1.0810761451721191,-0.3857765197753906,0.0,0.0,12.392526626586914,0.2053384780883789
59.10036849975586,-0.6491321921348572,1.1072946786880493,-0.12812477350234985,0.15456470847129822,0.3650169372558594,333.20703125,0.5228800773620605,650.8829345703125,-0.013029295019805431,0.843163788318634,-0.29494714736938477,0.0,0.0,12.392526626586914,0.15786314010620117
59.10136795043945,-0.9923858046531677,0.8398405313491821,-0.11523415148258209,0.17131014168262482,0.6218700408935547,289.9223937988281,0.8330533504486084,648.8359375,-0.4303726851940155,0.5308305025100708,0.0648641586303711,0.0,0.0,12.392526626586914,0.2111833095550537
59.10236740112305,-1.235318660736084,0.48039576411247253,-0.11845681071281433,0.23270995914936066,1.006500244140625,343.6116943359375,1.189570665359497,653.2619018554688,-0.7898522019386292,0.22251887619495392,0.3282904624938965,0.0,0.0,12.392526626586914,0.18307042121887207
59.10336685180664,-1.3513755798339844,0.06814122200012207,-0.08623024821281433,0.20294035971164703,1.3308382034301758,332.87384033203125,1.5738890171051025,661.1604614257812,-1.1092716455459595,-0.13092763721942902,0.3388199806213379,0.0,0.0,12.392526626586914,0.24305081367492676
59.104366302490234,-1.3248200416564941,-0.3390025794506073,-0.03950173035264015,0.16107682883739471,1.587986946105957,289.9223937988281,1.9495389461517334,667.3246459960938,-1.2454142570495605,-0.5073971152305603,0.23317956924438477,0.0,0.0,12.392526626586914,0.36155200004577637
59.105369567871094,-1.1654878854751587,-0.7035578489303589,-0.0072751701809465885,0.14991320669651031,1.9542226791381836,333.20703125,2.304666757583618,670.2474365234375,-1.2948664426803589,-0.8270721435546875,0.05819272994995117,0.0,0.0,12.392526626586914,0.35044407844543457
59.10636901855469,-0.8822299838066101,-0.9965653419494629,0.05234396830201149,0.07641945779323578,2.286839485168457,332.87384033203125,2.6339313983917236,669.4214477539062,-1.2049732208251953,-1.0462889671325684,-0.12723016738891602,0.0,0.0,12.392526626586914,0.3470919132232666
59.10736846923828,-0.508486807346344,-1.1975820064544678,0.09423849731683731,0.026183217763900757,2.6197128295898438,332.87384033203125,2.9389946460723877,665.3438720703125,-0.9625945687294006,-1.1541296243667603,-0.2750234603881836,0.0,0.0,12.392526626586914,0.31928181648254395
59.108367919921875,-0.10130367428064346,-1.2725374698638916,0.11035177856683731,-0.018471214920282364,2.8765316009521484,289.9223937988281,-3.0637259483337402,658.1785278320312,-0.6401234269142151,-1.1150528192520142,-0.3853275775909424,0.0,0.0,12.392526626586914,0.3429279327392578
59.10936737060547,0.32161566615104675,-1.214617371559143,0.12807638943195343,-0.1142921894788742,3.2611074447631836,343.6116943359375,-2.7958202362060547,649.7845458984375,-0.30817297101020813,-0.9824934601783752,-0.43954968452453613,0.0,0.0,12.392526626586914,0.2262578010559082
59.11036682128906,0.7209301590919495,-1.030635952949524,0.13774435222148895,-0.15522541105747223,3.5863771438598633,333.20703125,-2.5260496139526367,642.24853515625,0.09171977639198303,-0.7479903101921082,-0.28375673294067383,0.0,0.0,12.392526626586914,0.17075872421264648
59.111366271972656,1.0445129871368408,-0.7359254360198975,0.12807638943195343,-0.19615866243839264,3.900623321533203,322.4584045410156,-2.212599515914917,641.2481079101562,0.5108217597007751,-0.42098355293273926,0.16805386543273926,0.0,0.0,12.392526626586914,0.16996240615844727
59.112369537353516,1.251055121421814,-0.37818390130996704,0.10874045640230179,-0.22220705449581146,4.164855003356934,289.6327819824219,-1.8472180366516113,647.3988037109375,0.8466377854347229,-0.09125561267137527,0.3896059989929199,0.0,0.0,12.392526626586914,0.27111244201660156
59.11336898803711,1.328754186630249,0.01873912289738655,0.06040060892701149,-0.17755264043807983,4.531309127807617,333.20703125,-1.4660155773162842,655.2689819335938,1.0939491987228394,0.28132766485214233,0.369826078414917,0.0,0.0,12.392526626586914,0.285860538482666
59.1143684387207,1.2697423696517944,0.4139575958251953,0.02817404828965664,-0.16638901829719543,4.863928318023682,332.87384033203125,-1.0976977348327637,660.8272094726562,1.2601944208145142,0.5859813094139099,0.18438720703125,0.0,0.0,12.392526626586914,0.32155942916870117
59.1153678894043,1.0789366960525513,0.7648851275444031,-0.02661110647022724,-0.11801338940858841,5.19680118560791,332.87384033203125,-0.7542779445648193,662.5857543945312,1.258108139038086,0.8498172760009766,-0.002142667770385742,0.0,0.0,12.392526626586914,0.3321061134338379
59.11636734008789,0.7848599553108215,1.0289323329925537,-0.03627907484769821,-0.09196498245000839,5.453619956970215,289.9223937988281,-0.4367635250091553,660.6788330078125,1.1185916662216187,1.0193095207214355,-0.17773699760437012,0.0,0.0,12.392526626586914,0.39280176162719727
59.117366790771484,0.42390310764312744,1.2009888887405396,-0.08461891859769821,-0.02870452031493187,5.819852828979492,333.20703125,-0.14180350303649902,655.8152465820312,0.876061201095581,1.1594011783599854,-0.29111623764038086,0.0,0.0,12.392526626586914,0.32152891159057617
59.11836624145508,0.010819037444889545,1.2486881017684937,-0.11040017008781433,0.043858930468559265,6.133530139923096,322.1359558105469,0.13262248039245605,648.4752807617188,0.5651605725288391,1.091930866241455,-0.399965763092041,0.0,0.0,12.392526626586914,0.28227758407592773
59.11936950683594,-0.41013386845588684,1.1703253984451294,-0.11201149970293045,0.09688606858253479,0.1914219856262207,332.87384033203125,0.39740777015686035,640.32861328125,0.19414861500263214,0.9407025575637817,-0.39327526092529297,0.0,0.0,12.392526626586914,0.20598578453063965
59.120365142822266,-0.7730578780174255,0.9744192361831665,-0.11684548109769821,0.15549500286579132,0.42980241775512695,279.4639587402344,0.6720154285430908,634.1094970703125,-0.2008219063282013,0.685928225517273,-0.17870616912841797,0.0,0.0,12.392526626586914,0.24221301078796387
59.12136459350586,-1.0592658519744873,0.6831158995628357,-0.11523415148258209,0.17131014168262482,0.8034815788269043,332.87384033203125,0.9878799915313721,633.9854736328125,-0.5536513328552246,0.3971925973892212,0.17380952835083008,0.0,0.0,12.392526626586914,0.18439841270446777
59.12236404418945,-1.2451540231704712,0.32026389241218567,-0.11201149970293045,0.20294035971164703,1.1174139976501465,322.1359558105469,1.3478796482086182,639.8983154296875,-0.899120569229126,0.0822363793849945,0.34923553466796875,0.0,0.0,12.392526626586914,0.23046565055847168
59.12336349487305,-1.3031822443008423,-0.06984471529722214,-0.07333961874246597,0.17875254154205322,1.3827242851257324,289.9223937988281,1.7178986072540283,646.7630615234375,-1.0922411680221558,-0.28839078545570374,0.33059215545654297,0.0,0.0,12.392526626586914,0.3351743221282959
59.12436294555664,-1.2392526865005493,-0.4463249146938324,-0.04755837097764015,0.16572833061218262,1.7294721603393555,322.1359558105469,2.077550172805786,651.7158813476562,-1.2135688066482544,-0.6158145666122437,0.18201589584350586,0.0,0.0,12.392526626586914,0.34807801246643066
59.125362396240234,-1.0484471321105957,-0.7699956297874451,0.008838110603392124,0.1164223924279213,2.051286220550537,322.1359558105469,2.4145538806915283,653.2196655273438,-1.2070658206939697,-0.8638407588005066,-0.005446434020996094,0.0,0.0,12.392526626586914,0.3632676601409912
59.126365661621094,-0.7474859356880188,-1.0255253314971924,0.05234396830201149,0.06339524686336517,2.392939567565918,333.20703125,2.7257940769195557,651.0955200195312,-1.0587843656539917,-1.025267243385315,-0.1714649200439453,0.0,0.0,12.392526626586914,0.3328545093536377
59.12736511230469,-0.39833107590675354,-1.1805466413497925,0.07329123467206955,0.014089309610426426,2.6308505535125732,279.18450927734375,3.016571283340454,646.3162231445312,-0.8243995308876038,-1.1265013217926025,-0.29578638076782227,0.0,0.0,12.392526626586914,0.38572072982788086
59.12836456298828,-0.002950669266283512,-1.2248386144638062,0.09584982693195343,-0.043589331209659576,3.0047435760498047,332.87384033203125,-2.9972312450408936,638.9347534179688,-0.5369162559509277,-1.0567306280136108,-0.407451868057251,0.0,0.0,12.392526626586914,0.28121042251586914
59.129364013671875,0.3983311951160431,-1.1464760303497314,0.12807638943195343,-0.1049891859292984,3.3183536529541016,322.1359558105469,-2.7336301803588867,631.2750854492188,-0.18901196122169495,-0.9127828478813171,-0.40767931938171387,0.0,0.0,12.392526626586914,0.2312016487121582
59.13036346435547,0.7612552642822266,-0.9539772868156433,0.11679709702730179,-0.12452550232410431,3.6404898166656494,322.1359558105469,-2.4657132625579834,624.7626342773438,0.20016415417194366,-0.6803603172302246,-0.18442702293395996,0.0,0.0,12.392526626586914,0.17698240280151367
59.13136291503906,1.0395952463150024,-0.669487476348877,0.11840841919183731,-0.18313443660736084,3.906344413757324,290.21258544921875,-2.1500496864318848,625.2542114257812,0.5692591667175293,-0.39667704701423645,0.18106961250305176,0.0,0.0,12.392526626586914,0.2267913818359375
59.132362365722656,1.219582200050354,-0.31685671210289,0.10874045640230179,-0.19801926612854004,4.252870559692383,322.1359558105469,-1.7923195362091064,631.4569091796875,0.8681947588920593,-0.05959455668926239,0.36797451972961426,0.0,0.0,12.392526626586914,0.23799562454223633
59.133358001708984,1.28449547290802,0.07495521008968353,0.04912131279706955,-0.16917993128299713,4.5936150550842285,332.87384033203125,-1.4237191677093506,638.6966552734375,1.0756778717041016,0.304159551858902,0.34557080268859863,0.0,0.0,12.392526626586914,0.2658514976501465
59.134361267089844,1.2077795267105103,0.4463251233100891,0.02334006316959858,-0.15057390928268433,4.908126354217529,322.4584045410156,-1.0693480968475342,643.47802734375,1.2175427675247192,0.5704096555709839,0.1527419090270996,0.0,0.0,12.392526626586914,0.3057112693786621
59.13536071777344,1.0268093347549438,0.7665890455245972,-0.02983376383781433,-0.1068497747182846,5.15424919128418,279.18450927734375,-0.7362101078033447,645.0210571289062,1.1874287128448486,0.853295624256134,0.003077268600463867,0.0,0.0,12.392526626586914,0.39272642135620117
59.13636016845703,0.7435516715049744,1.011897325515747,-0.05400368571281433,-0.06312565505504608,5.508878707885742,322.1359558105469,-0.4289240837097168,642.923095703125,1.0453776121139526,1.0390393733978271,-0.14768362045288086,0.0,0.0,12.392526626586914,0.3453826904296875
59.137359619140625,0.3924298584461212,1.1703253984451294,-0.07978493720293045,-0.016610611230134964,5.831014633178711,322.1359558105469,-0.1419360637664795,638.1838989257812,0.8104979991912842,1.1150180101394653,-0.2781071662902832,0.0,0.0,12.392526626586914,0.31023454666137695
59.13835906982422,-0.010819037444889545,1.214617371559143,-0.10234352946281433,0.05967404320836067,6.172081470489502,332.87384033203125,0.12819790840148926,631.4688720703125,0.504608690738678,1.0903679132461548,-0.35640978813171387,0.0,0.0,12.392526626586914,0.2393021583557129
59.13935852050781,-0.398330956697464,1.1362550258636475,-0.12490212172269821,0.115492083132267,0.127608060836792,279.4639587402344,0.3890352249145508,623.9457397460938,0.16953076422214508,0.9334651231765747,-0.3660883903503418,0.0,0.0,12.392526626586914,0.2614271640777588
59.140357971191406,-0.745518684387207,0.953977108001709,-0.12490212172269821,0.1359587013721466,0.4829140901565552,322.4584045410156,0.6566743850708008,617.8926391601562,-0.19407260417938232,0.6962670087814331,-0.18175792694091797,0.0,0.0,12.392526626586914,0.17376017570495605
59.141361236572266,-1.02877676486969,0.6677837371826172,-0.11201149970293045,0.15828591585159302,0.8234233856201172,332.87384033203125,0.962993860244751,617.5718383789062,-0.5580750107765198,0.4395846128463745,0.1480412483215332,0.0,0.0,12.392526626586914,0.1395704746246338
59.14236068725586,-1.2156479358673096,0.31004250049591064,-0.07817360758781433,0.16107681393623352,1.1373549699783325,322.1359558105469,1.312004804611206,623.102783203125,-0.861670196056366,0.1123511865735054,0.3409900665283203,0.0,0.0,12.392526626586914,0.17464995384216309
59.14336013793945,-1.2736765146255493,-0.059623513370752335,-0.03789040446281433,0.1452617049217224,1.3837249279022217,279.18450927734375,1.6674482822418213,629.114990234375,-1.086355209350586,-0.19612032175064087,0.2951831817626953,0.0,0.0,12.392526626586914,0.2837233543395996
59.14435958862305,-1.214664340019226,-0.4344002306461334,-0.02499977871775627,0.1192132830619812,1.7386754751205444,322.1359558105469,2.0189836025238037,634.1714477539062,-1.1910641193389893,-0.5570498704910278,0.2029404640197754,0.0,0.0,12.392526626586914,0.2803080081939697
59.14535903930664,-1.0258256196975708,-0.7614783048629761,0.0056154546327888966,0.1071193739771843,2.0604894161224365,322.1359558105469,2.3501412868499756,636.0847778320312,-1.1756106615066528,-0.8030534386634827,0.031932830810546875,0.0,0.0,12.392526626586914,0.28965187072753906
59.146358489990234,-0.7346999645233154,-1.0136008262634277,0.03300803154706955,0.041068028658628464,2.3826255798339844,322.1359558105469,2.6617300510406494,635.1765747070312,-1.0437419414520264,-0.9933730959892273,-0.12062501907348633,0.0,0.0,12.392526626586914,0.27910447120666504
59.147361755371094,-0.3904629647731781,-1.1737327575683594,0.06523459404706955,0.007577203214168549,2.6484806537628174,290.21258544921875,2.9528815746307373,631.54150390625,-0.796747624874115,-1.0900713205337524,-0.23558425903320312,0.0,0.0,12.392526626586914,0.3044009208679199
59.14836120605469,-0.00491745350882411,-1.2248386144638062,0.10068381577730179,-0.05196204409003258,2.9950056076049805,322.1359558105469,-3.057044506072998,625.7054443359375,-0.49653419852256775,-1.0757571458816528,-0.3130791187286377,0.0,0.0,12.392526626586914,0.23113536834716797
59.14936065673828,0.3924298584461212,-1.1464760303497314,0.09907248616218567,-0.0994073748588562,3.317141532897949,322.1359558105469,-2.7919652462005615,619.1555786132812,-0.18348032236099243,-0.9276102781295776,-0.3435859680175781,0.0,0.0,12.392526626586914,0.17407846450805664
59.150360107421875,0.7425680756568909,-0.9659020304679871,0.11196310818195343,-0.14592240750789642,3.582163095474243,289.9223937988281,-2.513869047164917,614.86279296875,0.23072808980941772,-0.745763897895813,-0.1248326301574707,0.0,0.0,12.392526626586914,0.18715333938598633
59.15135955810547,1.021891713142395,-0.693337082862854,0.09907248616218567,-0.15708602964878082,3.9294466972351074,322.4584045410156,-2.2044129371643066,615.1642456054688,0.5589442849159241,-0.48709413409233093,0.12308692932128906,0.0,0.0,12.392526626586914,0.14932584762573242
59.15235900878906,1.2087631225585938,-0.3424093723297119,0.09101584553718567,-0.17476172745227814,4.251336097717285,322.1359558105469,-1.853684902191162,621.0924682617188,0.8933271169662476,-0.1715860366821289,0.30381274223327637,0.0,0.0,12.392526626586914,0.17816448211669922
59.153358459472656,1.281544804573059,0.052809521555900574,0.07651389390230179,-0.17569203674793243,4.573472023010254,322.1359558105469,-1.4925135374069214,628.0291137695312,1.1029185056686401,0.21623347699642181,0.32863759994506836,0.0,0.0,12.392526626586914,0.21719980239868164
59.154354095458984,1.2215489149093628,0.4156613051891327,0.01850607991218567,-0.14778302609920502,4.839004993438721,290.21258544921875,-1.1434448957443237,632.8239135742188,1.204419493675232,0.5196048617362976,0.19302034378051758,0.0,0.0,12.392526626586914,0.3007354736328125
59.155357360839844,1.0435293912887573,0.7444427013397217,-0.008886498399078846,-0.0910346657037735,5.185530662536621,322.1359558105469,-0.8096058368682861,635.2002563476562,1.1984959840774536,0.8193691372871399,0.050432682037353516,0.0,0.0,12.392526626586914,0.28804922103881836
59.15635681152344,0.7573211193084717,1.0084903240203857,-0.03144508972764015,-0.06126504763960838,5.526607990264893,332.87384033203125,-0.49837303161621094,634.3099975585938,1.0657520294189453,1.0142261981964111,-0.10219979286193848,0.0,0.0,12.392526626586914,0.25820446014404297
59.15735626220703,0.3943970203399658,1.1737327575683594,-0.07172829657793045,-0.01009850949048996,5.840540409088135,322.1359558105469,-0.20332622528076172,631.2669067382812,0.8159091472625732,1.1285865306854248,-0.21557879447937012,0.0,0.0,12.392526626586914,0.23931884765625
59.158355712890625,0.006884976755827665,1.2248386144638062,-0.08623024821281433,0.044789236038923264,6.105562210083008,289.9223937988281,0.07393646240234375,625.9949951171875,0.5088599324226379,1.0949556827545166,-0.30486607551574707,0.0,0.0,12.392526626586914,0.2515597343444824
59.15935516357422,-0.39046311378479004,1.1566972732543945,-0.09750954061746597,0.07548914849758148,0.18860960006713867,333.20703125,0.3435852527618408,620.0513305664062,0.14974044263362885,0.9779183864593506,-0.2932312488555908,0.0,0.0,12.392526626586914,0.15497565269470215
59.16035461425781,-0.7592883706092834,0.9573841094970703,-0.12651345133781433,0.1313071846961975,0.5028557777404785,322.4584045410156,0.6225447654724121,615.8059692382812,-0.21449066698551178,0.7488513588905334,-0.1406409740447998,0.0,0.0,12.392526626586914,0.1196889877319336
59.161354064941406,-1.0464798212051392,0.6711912155151367,-0.10234352946281433,0.143401101231575,0.8436975479125977,332.87384033203125,0.9325563907623291,616.1328735351562,-0.6277766227722168,0.5246375203132629,0.1490616798400879,0.0,0.0,12.392526626586914,0.08885884284973145
59.162357330322266,-1.2294175624847412,0.32026371359825134,-0.07656227797269821,0.16200710833072662,1.081038475036621,278.90557861328125,1.2813770771026611,621.7325439453125,-0.9269813895225525,0.18272462487220764,0.3057222366333008,0.0,0.0,12.392526626586914,0.20033860206604004
59.16335678100586,-1.2933470010757446,-0.07325171679258347,-0.012109153904020786,0.1247950866818428,1.4556775093078613,333.20703125,1.6386163234710693,628.0889282226562,-1.1002169847488403,-0.2075481414794922,0.3320174217224121,0.0,0.0,12.392526626586914,0.182938814163208
59.16435623168945,-1.2205654382705688,-0.4582498371601105,-0.0233884509652853,0.1164223924279213,1.769355297088623,322.1359558105469,1.9913527965545654,633.3843383789062,-1.221834659576416,-0.5171844959259033,0.19312810897827148,0.0,0.0,12.392526626586914,0.22199749946594238
59.16535568237305,-1.019924521446228,-0.7989559769630432,0.008838110603392124,0.08851337432861328,2.1104331016540527,332.87384033203125,2.3236801624298096,635.51171875,-1.193853497505188,-0.7942441701889038,0.046146392822265625,0.0,0.0,12.392526626586914,0.21324706077575684
59.16635513305664,-0.7199468612670898,-1.0527819395065308,0.06362326443195343,0.043858930468559265,2.367539882659912,289.9223937988281,2.639068841934204,635.1758422851562,-0.9939972758293152,-1.0266437530517578,-0.05621957778930664,0.0,0.0,12.392526626586914,0.271528959274292
59.16735076904297,-0.35898998379707336,-1.214617371559143,0.06684592366218567,0.0029256995767354965,2.732896327972412,332.87384033203125,2.9323999881744385,631.84423828125,-0.7653254270553589,-1.1259289979934692,-0.18007135391235352,0.0,0.0,12.392526626586914,0.19950366020202637
59.16835021972656,0.05802875757217407,-1.2486881017684937,0.07490256428718567,-0.05010143667459488,3.0657668113708496,332.87384033203125,-3.0680220127105713,627.2947998046875,-0.4608219861984253,-1.1129350662231445,-0.26101040840148926,0.0,0.0,12.392526626586914,0.14939641952514648
59.16935348510742,0.48094797134399414,-1.153290033340454,0.09584982693195343,-0.1049891859292984,3.399228572845459,333.20703125,-2.787731409072876,622.7269897460938,-0.06001835688948631,-0.9359148144721985,-0.21364760398864746,0.0,0.0,12.392526626586914,0.09622526168823242
59.170352935791016,0.8399379849433899,-0.9403488636016846,0.11357443779706955,-0.13941031694412231,3.656594753265381,290.21258544921875,-2.491669178009033,620.6566162109375,0.3449290692806244,-0.7115367650985718,0.008019685745239258,0.0,0.0,12.392526626586914,0.13492155075073242
59.17135238647461,1.11532723903656,-0.63371342420578,0.10229513794183731,-0.15708602964878082,4.021188259124756,332.54132080078125,-2.1599037647247314,623.62109375,0.7330326437950134,-0.4735950529575348,0.22597193717956543,0.0,0.0,12.392526626586914,0.10209321975708008
59.1723518371582,1.283511757850647,-0.24701176583766937,0.05878928303718567,-0.15429511666297913,4.354897975921631,333.20703125,-1.806342363357544,629.3555297851562,1.0008023977279663,-0.11454912275075912,0.3354358673095703,0.0,0.0,12.392526626586914,0.12194490432739258
59.1733512878418,1.3208857774734497,0.1482071429491043,0.05234396830201149,-0.14871332049369812,4.592813014984131,279.18450927734375,-1.4479866027832031,635.3343505859375,1.22465980052948,0.22157371044158936,0.2711451053619385,0.0,0.0,12.392526626586914,0.2423858642578125
59.17435073852539,1.2244995832443237,0.5263910293579102,-0.00244118575938046,-0.1133618876338005,4.966371059417725,332.87384033203125,-1.097719669342041,639.7877197265625,1.2954190969467163,0.5946760177612305,0.1723945140838623,0.0,0.0,12.392526626586914,0.21909475326538086
59.175350189208984,0.9992704391479492,0.8619866371154785,-0.03789040446281433,-0.08173166960477829,5.299832820892334,333.20703125,-0.7681288719177246,641.1004638671875,1.2432869672775269,0.8598871231079102,0.015846967697143555,0.0,0.0,12.392526626586914,0.2152237892150879
59.176353454589844,0.6668359637260437,1.1175163984298706,-0.03305641934275627,-0.047310538589954376,5.63245153427124,332.87384033203125,-0.45564961433410645,639.9769897460938,1.0395485162734985,1.0444999933242798,-0.11609077453613281,0.0,0.0,12.392526626586914,0.1950840950012207
59.17735290527344,0.2842414677143097,1.2520948648452759,-0.08461891859769821,0.0122287068516016,5.889560222625732,289.9223937988281,-0.16115689277648926,636.4711303710938,0.7483707666397095,1.1365829706192017,-0.21230411529541016,0.0,0.0,12.392526626586914,0.2324681282043457
59.17835235595703,-0.13867823779582977,1.2657231092453003,-0.09106422960758209,0.06804674118757248,6.2741923332214355,343.6116943359375,0.12000346183776855,631.383544921875,0.41017499566078186,1.0915907621383667,-0.2731196880340576,0.0,0.0,12.392526626586914,0.1289963722229004
59.179351806640625,-0.5596304535865784,1.1396617889404297,-0.09912087023258209,0.10060726851224899,0.31592702865600586,333.20703125,0.39991116523742676,626.4779052734375,0.026514744386076927,0.9159706234931946,-0.22348618507385254,0.0,0.0,12.392526626586914,0.0839841365814209
59.18035125732422,-0.9264891743659973,0.8926498293876648,-0.08945289999246597,0.132237508893013,0.6485476493835449,332.87384033203125,0.7021069526672363,624.9887084960938,-0.39113566279411316,0.6641150116920471,0.038556575775146484,0.0,0.0,12.392526626586914,0.053559303283691406
59.18135070800781,-1.184174656867981,0.5621652007102966,-0.09106422960758209,0.15921622514724731,0.9056563377380371,289.9223937988281,1.042543649673462,628.839111328125,-0.7915772795677185,0.3943714499473572,0.2789573669433594,0.0,0.0,12.392526626586914,0.1368873119354248
59.182350158691406,-1.3258037567138672,0.16694582998752594,-0.05883767083287239,0.14991320669651031,1.2713465690612793,332.87384033203125,1.4084970951080322,635.9067993164062,-1.0812700986862183,0.03420056402683258,0.34685420989990234,0.0,0.0,12.392526626586914,0.13715052604675293
59.183353424072266,-1.328754186630249,-0.26404738426208496,-0.04111305996775627,0.1471223086118698,1.6042170524597168,332.87384033203125,1.7752749919891357,642.5863037109375,-1.2174274921417236,-0.3345455229282379,0.28119993209838867,0.0,0.0,12.392526626586914,0.17105793952941895
59.18435287475586,-1.188109040260315,-0.657562792301178,-0.004052513744682074,0.07362855225801468,1.9367575645446777,332.87384033203125,2.1273200511932373,646.7863159179688,-1.2461671829223633,-0.7307895421981812,0.19154071807861328,0.0,0.0,12.392526626586914,0.19056248664855957
59.18535232543945,-0.9274723529815674,-0.9590877890586853,0.02172873541712761,0.07362855225801468,2.1939101219177246,289.9223937988281,2.45947003364563,647.9669189453125,-1.1875202655792236,-0.9230093359947205,-0.012633323669433594,0.0,0.0,12.392526626586914,0.2655599117279053
59.18635177612305,-0.5773347020149231,-1.177139401435852,0.06362326443195343,0.021531714126467705,2.559556484222412,332.87384033203125,2.7730863094329834,646.5336303710938,-0.9820621013641357,-1.1255751848220825,-0.13571691513061523,0.0,0.0,12.392526626586914,0.2135298252105713
59.18735122680664,-0.1603163331747055,-1.2895724773406982,0.09584982693195343,-0.028704524040222168,2.9113593101501465,343.6116943359375,3.0661728382110596,642.391357421875,-0.6615461111068726,-1.167179822921753,-0.22967290878295898,0.0,0.0,12.392526626586914,0.15481352806091309
59.18834686279297,0.28227418661117554,-1.2589091062545776,0.10712912678718567,-0.06126504763960838,3.2357096672058105,332.87384033203125,-2.9312376976013184,637.5376586914062,-0.28098738193511963,-1.086093544960022,-0.2549154758453369,0.0,0.0,12.392526626586914,0.11623811721801758
59.18934631347656,0.6874899864196777,-1.0885560512542725,0.12001974880695343,-0.15615573525428772,3.5118250846862793,300.6602478027344,-2.647704839706421,632.7283325195312,0.11417010426521301,-0.8782464861869812,-0.15627527236938477,0.0,0.0,12.392526626586914,0.12365579605102539
59.19034957885742,1.0277928113937378,-0.812584400177002,0.10712912678718567,-0.15057390928268433,3.8692450523376465,332.87384033203125,-2.331423044204712,632.749267578125,0.5439395308494568,-0.595022976398468,0.14278602600097656,0.0,0.0,12.392526626586914,0.08251714706420898
59.191349029541016,1.264824390411377,-0.4361037313938141,0.09262717515230179,-0.18127384781837463,4.221036434173584,343.6116943359375,-1.9749679565429688,638.27490234375,0.8991891741752625,-0.2254805862903595,0.3758270740509033,0.0,0.0,12.392526626586914,0.08718109130859375
59.19234848022461,1.3651448488235474,-0.0034074236173182726,0.05717795342206955,-0.16824960708618164,4.545396327972412,332.87384033203125,-1.5978378057479858,646.2241821289062,1.1632742881774902,0.1588647961616516,0.3828442096710205,0.0,0.0,12.392526626586914,0.13995122909545898
59.1933479309082,1.318919062614441,0.410550594329834,0.02172873541712761,-0.15708602964878082,4.821544170379639,300.6602478027344,-1.229594111442566,652.3934326171875,1.3229807615280151,0.5188235640525818,0.2528955936431885,0.0,0.0,12.392526626586914,0.23204708099365234
59.1943473815918,1.1261460781097412,0.7785135507583618,0.004004126880317926,-0.12266489863395691,5.178927898406982,332.87384033203125,-0.8772182464599609,655.9583740234375,1.3138011693954468,0.8206354379653931,0.08402252197265625,0.0,0.0,12.392526626586914,0.22703933715820312
59.19534683227539,0.8074813485145569,1.0715205669403076,-0.04433571547269821,-0.05196203663945198,5.530368328094482,343.6116943359375,-0.5469896793365479,656.2455444335938,1.1460731029510498,1.0311543941497803,-0.07390594482421875,0.0,0.0,12.392526626586914,0.2058272361755371
59.196346282958984,0.4081664979457855,1.2623162269592285,-0.08623024821281433,-0.0035864028614014387,5.874587535858154,343.9556579589844,-0.23915600776672363,653.45751953125,0.8793720602989197,1.1906850337982178,-0.18211793899536133,0.0,0.0,12.392526626586914,0.16944169998168945
59.197349548339844,-0.032456621527671814,1.306607961654663,-0.11684548109769821,0.05316194146871567,6.142301082611084,300.6602478027344,0.0526883602142334,648.6726684570312,0.5302094221115112,1.1429307460784912,-0.2750258445739746,0.0,0.0,12.392526626586914,0.1935725212097168
59.19834899902344,-0.4730798900127411,1.214617371559143,-0.09912087023258209,0.09130426496267319,0.2170882225036621,333.20703125,0.3355233669281006,642.9837646484375,0.14924883842468262,0.9700243473052979,-0.2780938148498535,0.0,0.0,12.392526626586914,0.11843514442443848
59.19934844970703,-0.8684601783752441,0.9795301556587219,-0.1394040733575821,0.16851924359798431,0.5686278343200684,343.6116943359375,0.6328866481781006,639.6944580078125,-0.2539352476596832,0.7442291378974915,-0.09256219863891602,0.0,0.0,12.392526626586914,0.06425881385803223
59.20034408569336,-1.1792569160461426,0.638823926448822,-0.09750954061746597,0.17410103976726532,0.9118971824645996,343.6116943359375,0.9729688167572021,642.5120849609375,-0.6961567997932434,0.4066672921180725,0.28668689727783203,0.0,0.0,12.392526626586914,0.06107163429260254
59.20134353637695,-1.3523592948913574,0.2299765646457672,-0.1313474327325821,0.21224336326122284,1.1798701286315918,300.6602478027344,1.3500354290008545,650.1643676757812,-1.060847520828247,0.061048150062561035,0.38468265533447266,0.0,0.0,12.392526626586914,0.1701653003692627
59.20234298706055,-1.379897952079773,-0.209534153342247,-0.06044899672269821,0.17503133416175842,1.5561671257019043,343.6116943359375,1.730022668838501,657.6746826171875,-1.2358707189559937,-0.34863072633743286,0.33899688720703125,0.0,0.0,12.392526626586914,0.17385554313659668
59.20334243774414,-1.2530220746994019,-0.6268994212150574,-0.008886498399078846,0.1340980976819992,1.8997797966003418,343.6116943359375,2.0974414348602295,662.9523315429688,-1.290034294128418,-0.745198130607605,0.2206096649169922,0.0,0.0,12.392526626586914,0.1976616382598877
59.204345703125,-0.980583131313324,-0.9624947905540466,0.04589865729212761,0.08758306503295898,2.224149227142334,332.87384033203125,2.442030668258667,664.7277221679688,-1.2499752044677734,-0.9543647170066833,0.0019207000732421875,0.0,0.0,12.392526626586914,0.217881441116333
59.205345153808594,-0.6206097602844238,-1.2043960094451904,0.06040060892701149,0.04199833422899246,2.5008559226989746,300.96124267578125,2.7625114917755127,663.085205078125,-1.0441327095031738,-1.1265829801559448,-0.14987707138061523,0.0,0.0,12.392526626586914,0.2616555690765381
59.20634460449219,-0.19178931415081024,-1.3236433267593384,0.09101584553718567,-0.027774225920438766,2.8769240379333496,343.6116943359375,3.0662615299224854,659.26513671875,-0.7108612656593323,-1.2039049863815308,-0.24207782745361328,0.0,0.0,12.392526626586914,0.18933749198913574
59.20734405517578,0.2763729989528656,-1.2929795980453491,0.11357443779706955,-0.0984770804643631,3.220536708831787,343.6116943359375,-2.9306228160858154,653.3184814453125,-0.3295210897922516,-1.0647119283676147,-0.2978651523590088,0.0,0.0,12.392526626586914,0.13202619552612305
59.208343505859375,0.7169961333274841,-1.1124051809310913,0.13613303005695343,-0.14871332049369812,3.564147472381592,343.6116943359375,-2.638129949569702,648.653076171875,0.09763449430465698,-0.8595870733261108,-0.1770317554473877,0.0,0.0,12.392526626586914,0.08090829849243164
59.20934295654297,1.0622165203094482,-0.8211016058921814,0.12001974880695343,-0.18220415711402893,3.8134360313415527,290.21258544921875,-2.31548810005188,648.4705200195312,0.5291680097579956,-0.538797914981842,0.16820263862609863,0.0,0.0,12.392526626586914,0.15426111221313477
59.21034240722656,1.3031822443008423,-0.4378074109554291,0.10874045640230179,-0.22220705449581146,4.197682857513428,343.6116943359375,-1.9469408988952637,654.5715942382812,0.8935940265655518,-0.1910872459411621,0.38838982582092285,0.0,0.0,12.392526626586914,0.13856172561645508
59.21134567260742,1.4025192260742188,0.006813994143158197,0.06523459404706955,-0.19522835314273834,4.541295528411865,343.6116943359375,-1.5585432052612305,662.943115234375,1.1461620330810547,0.23804879188537598,0.41861939430236816,0.0,0.0,12.392526626586914,0.18334674835205078
59.212345123291016,1.34744131565094,0.42247530817985535,0.02334006316959858,-0.17476172745227814,4.808969020843506,300.6602478027344,-1.176316738128662,669.8814086914062,1.3219373226165771,0.5748998522758484,0.2417433261871338,0.0,0.0,12.392526626586914,0.2978997230529785
59.21334457397461,1.153685212135315,0.7989559769630432,-0.02499977871775627,-0.12824669480323792,5.185830593109131,343.9556579589844,-0.8176681995391846,673.1089477539062,1.3318427801132202,0.9003455638885498,0.06602096557617188,0.0,0.0,12.392526626586914,0.27968645095825195
59.2143440246582,0.8350203037261963,1.0919630527496338,-0.05883767083287239,-0.0901043638586998,5.510270595550537,332.87384033203125,-0.4859631061553955,672.4283447265625,1.2176473140716553,1.1333798170089722,-0.11320137977600098,0.0,0.0,12.392526626586914,0.28695154190063477
59.2153434753418,0.4219360649585724,1.2725374698638916,-0.08945289999246597,-0.029634825885295868,5.8620524406433105,343.6116943359375,-0.17782306671142578,668.564697265625,0.9365863800048828,1.1976505517959595,-0.2671499252319336,0.0,0.0,12.392526626586914,0.24330997467041016
59.21634292602539,-0.02458825148642063,1.320236325263977,-0.12329079210758209,0.05316193774342537,6.1300272941589355,300.6602478027344,0.10892581939697266,662.0404052734375,0.5833787322044373,1.1334272623062134,-0.3690922260284424,0.0,0.0,12.392526626586914,0.2620840072631836
59.217342376708984,-0.4691455364227295,1.2214313745498657,-0.12973611056804657,0.1089799776673317,0.22340059280395508,343.9556579589844,0.3828890323638916,654.2260131835938,0.18451382219791412,0.9827088713645935,-0.35572004318237305,0.0,0.0,12.392526626586914,0.15948843955993652
59.218345642089844,-0.8753454089164734,0.9812334775924683,-0.12812477350234985,0.16200710833072662,0.5673565864562988,343.9556579589844,0.6703555583953857,648.8193359375,-0.21891139447689056,0.6848926544189453,-0.1471996307373047,0.0,0.0,12.392526626586914,0.10299897193908691
59.21934509277344,-1.1871252059936523,0.6251956820487976,-0.1394040733575821,0.21689486503601074,0.9101014137268066,343.2684326171875,1.0106990337371826,651.0556640625,-0.6313643455505371,0.3013945519924164,0.3357572555541992,0.0,0.0,12.392526626586914,0.10059762001037598
59.22034454345703,-1.3582605123519897,0.21975556015968323,-0.11201149970293045,0.22526755928993225,1.1783356666564941,300.6602478027344,1.4008800983428955,659.9214477539062,-1.0130891799926758,-0.04691833630204201,0.44159650802612305,0.0,0.0,12.392526626586914,0.22254443168640137
59.221343994140625,-1.3838319778442383,-0.21634836494922638,-0.06689430773258209,0.19177675247192383,1.5552411079406738,343.9556579589844,1.7933661937713623,668.4754028320312,-1.2382103204727173,-0.43115317821502686,0.33936071395874023,0.0,0.0,12.392526626586914,0.23812508583068848
59.22233963012695,-1.2540055513381958,-0.6320099234580994,-0.012109153904020786,0.17131012678146362,1.8982453346252441,343.6116943359375,2.1650373935699463,673.5859985351562,-1.2960275411605835,-0.7850387096405029,0.17673206329345703,0.0,0.0,12.392526626586914,0.26679205894470215
59.22333908081055,-0.9805832505226135,-0.9693090319633484,0.02978537604212761,0.1192132830619812,2.2418580055236816,343.6116943359375,2.514235734939575,675.2598266601562,-1.2609347105026245,-1.048142433166504,-0.02575969696044922,0.0,0.0,12.392526626586914,0.27237772941589355
59.22433853149414,-0.6088075637817383,-1.1975820064544678,0.08457053452730179,0.04851042851805687,2.509830951690674,300.6602478027344,2.8347885608673096,672.8991088867188,-1.022253155708313,-1.1733596324920654,-0.18868064880371094,0.0,0.0,12.392526626586914,0.32495760917663574
59.225337982177734,-0.17801983654499054,-1.306607961654663,0.10551779717206955,-0.021262114867568016,2.886129856109619,343.6116943359375,3.1302173137664795,667.2578735351562,-0.7484623193740845,-1.160124659538269,-0.34435272216796875,0.0,0.0,12.392526626586914,0.24408745765686035
59.226341247558594,0.2862083613872528,-1.2691302299499512,0.14741232991218567,-0.09196498245000839,3.2293972969055176,343.6116943359375,-2.872542142868042,659.9644165039062,-0.34906187653541565,-1.0460654497146606,-0.3767378330230713,0.0,0.0,12.392526626586914,0.18124628067016602
59.22734069824219,0.7219140529632568,-1.0834455490112305,0.14741232991218567,-0.17011022567749023,3.5736145973205566,343.9556579589844,-2.5930087566375732,653.0693969726562,0.06328637152910233,-0.7932406663894653,-0.255230188369751,0.0,0.0,12.392526626586914,0.1165623664855957
59.22834014892578,1.0651670694351196,-0.7887347340583801,0.12485373765230179,-0.19615864753723145,3.841858386993408,300.96124267578125,-2.271461009979248,652.43505859375,0.4984685778617859,-0.4687204360961914,0.16521215438842773,0.0,0.0,12.392526626586914,0.16986608505249023
59.229339599609375,1.2923635244369507,-0.40884730219841003,0.10390646755695343,-0.20453135669231415,4.198462009429932,332.54132080078125,-1.8958101272583008,659.238525390625,0.8771284818649292,-0.12189856171607971,0.411696195602417,0.0,0.0,12.392526626586914,0.18891334533691406
59.23033905029297,1.3848156929016113,0.030663825571537018,0.07812521606683731,-0.20267075300216675,4.550760746002197,343.9556579589844,-1.5059716701507568,667.4947509765625,1.1356260776519775,0.27566978335380554,0.40067219734191895,0.0,0.0,12.392526626586914,0.22645330429077148
59.23133850097656,1.318919062614441,0.45824941992759705,0.03139670565724373,-0.17755262553691864,4.894110202789307,343.6116943359375,-1.1266872882843018,673.716064453125,1.2938438653945923,0.6123591065406799,0.22498703002929688,0.0,0.0,12.392526626586914,0.262387752532959
59.232337951660156,1.1153274774551392,0.817694902420044,-0.02822243608534336,-0.1133618950843811,5.162085056304932,300.6602478027344,-0.7708065509796143,676.3017578125,1.3045735359191895,0.9212929606437683,0.0402989387512207,0.0,0.0,12.392526626586914,0.3502936363220215
59.23333740234375,0.7937117218971252,1.0885562896728516,-0.06528297811746597,-0.06033474579453468,5.519140720367432,332.87384033203125,-0.44213151931762695,674.9844970703125,1.1751192808151245,1.1099796295166016,-0.14934539794921875,0.0,0.0,12.392526626586914,0.3219132423400879
59.234336853027344,0.3904629647731781,1.2623162269592285,-0.09750954061746597,0.001065096352249384,5.871519565582275,343.9556579589844,-0.1390984058380127,670.2457275390625,0.9327036142349243,1.1768742799758911,-0.31241488456726074,0.0,0.0,12.392526626586914,0.2725672721862793
59.23533630371094,-0.0658968836069107,1.2997936010360718,-0.12490212172269821,0.046649836003780365,6.214868068695068,343.6116943359375,0.1436769962310791,663.0650634765625,0.546294093132019,1.113524317741394,-0.38446927070617676,0.0,0.0,12.392526626586914,0.21199464797973633
59.23633575439453,-0.5006187558174133,1.194174885749817,-0.14584939181804657,0.1424708068370819,0.1812582015991211,290.21258544921875,0.41965603828430176,655.4596557617188,0.11371133476495743,0.9441271424293518,-0.3259410858154297,0.0,0.0,12.392526626586914,0.23839783668518066
59.237335205078125,-0.8841966986656189,0.9522737860679626,-0.15068337321281433,0.20107974112033844,0.5655603408813477,343.6116943359375,0.71199631690979,650.6304321289062,-0.2509877681732178,0.6547496914863586,-0.13133621215820312,0.0,0.0,12.392526626586914,0.14643597602844238
59.23833465576172,-1.1763064861297607,0.6166781783103943,-0.12167946249246597,0.19363735616207123,0.889918327331543,332.87384033203125,1.052628755569458,652.77587890625,-0.6757848858833313,0.3232284188270569,0.2930641174316406,0.0,0.0,12.392526626586914,0.16271042823791504
59.23933410644531,-1.3376059532165527,0.22145885229110718,-0.08945289999246597,0.21968576312065125,1.14715576171875,289.9223937988281,1.4339377880096436,660.3145141601562,-0.9717704653739929,-0.03943830356001854,0.4024238586425781,0.0,0.0,12.392526626586914,0.28678202629089355
59.24033737182617,-1.362194538116455,-0.19931316375732422,-0.06206032633781433,0.19084644317626953,1.5316238403320312,343.6116943359375,1.8162028789520264,667.4403686523438,-1.1948643922805786,-0.39815184473991394,0.30225276947021484,0.0,0.0,12.392526626586914,0.2845790386199951
59.241336822509766,-1.2422031164169312,-0.5911252498626709,-0.010497826151549816,0.15363439917564392,1.856328010559082,332.87384033203125,2.1813342571258545,671.7203369140625,-1.2957141399383545,-0.7172343134880066,0.11999225616455078,0.0,0.0,12.392526626586914,0.32500624656677246
59.24233627319336,-0.9914021492004395,-0.9233136773109436,0.0249513927847147,0.1350284069776535,2.188868522644043,332.87384033203125,2.5223047733306885,672.4019775390625,-1.2318521738052368,-0.9902892112731934,-0.05150794982910156,0.0,0.0,12.392526626586914,0.3334362506866455
59.24333572387695,-0.648148775100708,-1.153290033340454,0.07490256428718567,0.06525584310293198,2.4655771255493164,300.96124267578125,2.8379404544830322,669.5629272460938,-1.0429635047912598,-1.1513441801071167,-0.21262121200561523,0.0,0.0,12.392526626586914,0.3723633289337158
59.24433517456055,-0.2370315045118332,-1.2725374698638916,0.09584982693195343,-0.021262120455503464,2.822734832763672,332.87384033203125,3.130296468734741,663.7327270507812,-0.7710731625556946,-1.1425025463104248,-0.36661529541015625,0.0,0.0,12.392526626586914,0.30756163597106934
59.24533462524414,0.19965730607509613,-1.2555022239685059,0.12485373765230179,-0.0975467786192894,3.1556081771850586,332.87384033203125,-2.880237579345703,655.6087036132812,-0.42928674817085266,-1.0218929052352905,-0.4470646381378174,0.0,0.0,12.392526626586914,0.24733972549438477
59.246334075927734,0.622576892375946,-1.1055912971496582,0.14418967068195343,-0.15150423347949982,3.4884824752807617,332.87384033203125,-2.6078741550445557,648.0224609375,-0.005346298683434725,-0.8171384334564209,-0.32918834686279297,0.0,0.0,12.392526626586914,0.1868290901184082
59.247337341308594,0.9618961215019226,-0.8517652153968811,0.12968771159648895,-0.16359810531139374,3.764857292175293,300.96124267578125,-2.3088479042053223,644.6444702148438,0.41662633419036865,-0.5514450669288635,0.02906179428100586,0.0,0.0,12.392526626586914,0.20948028564453125
59.24833679199219,1.2038453817367554,-0.5008379220962524,0.10874045640230179,-0.20918285846710205,4.122016906738281,332.87384033203125,-1.9552053213119507,648.970458984375,0.7547574639320374,-0.2581446170806885,0.2743806838989258,0.0,0.0,12.392526626586914,0.205963134765625
59.24933624267578,1.3326884508132935,-0.0868799164891243,0.08134787529706955,-0.18778593838214874,4.454890251159668,332.87384033203125,-1.5736278295516968,656.8027954101562,1.0445754528045654,0.18535444140434265,0.40228772163391113,0.0,0.0,12.392526626586914,0.2546672821044922
59.250335693359375,1.310067057609558,0.33048465847969055,0.03784201666712761,-0.15894661843776703,4.787432670593262,332.87384033203125,-1.198866367340088,663.1492309570312,1.2030242681503296,0.5401507019996643,0.27430176734924316,0.0,0.0,12.392526626586914,0.2968864440917969
59.25133514404297,1.1576193571090698,0.6831158995628357,-0.008886498399078846,-0.14127089083194733,5.045220851898193,290.21258544921875,-0.8461110591888428,666.035400390625,1.2882847785949707,0.8070970177650452,0.05722784996032715,0.0,0.0,12.392526626586914,0.39185380935668945
59.25233459472656,0.8900983333587646,0.9693090319633484,-0.04755837097764015,-0.1003376692533493,5.3916521072387695,322.1359558105469,-0.5188858509063721,665.2205200195312,1.20424222946167,1.021329402923584,-0.12905216217041016,0.0,0.0,12.392526626586914,0.372647762298584
59.253334045410156,0.5320919156074524,1.1737327575683594,-0.07817360758781433,-0.01568031497299671,5.732696533203125,332.87384033203125,-0.2183234691619873,660.81298828125,0.9791268706321716,1.1393481492996216,-0.2755587100982666,0.0,0.0,12.392526626586914,0.3321652412414551
59.254337310791016,0.12097448110580444,1.2589091062545776,-0.11201149970293045,0.03362562879920006,6.065571308135986,332.87384033203125,0.06246185302734375,653.9978637695312,0.6998550295829773,1.127399206161499,-0.40599799156188965,0.0,0.0,12.392526626586914,0.2800760269165039
59.255332946777344,-0.29604366421699524,1.214617371559143,-0.12167946249246597,0.08758306503295898,0.039841651916503906,290.21258544921875,0.328533411026001,645.644775390625,0.3199727535247803,0.9921823740005493,-0.4315915107727051,0.0,0.0,12.392526626586914,0.28869175910949707
59.25633239746094,-0.683556318283081,1.040856957435608,-0.16035133600234985,0.143401101231575,0.40576982498168945,333.20703125,0.5975914001464844,638.283447265625,-0.04317113012075424,0.7589290738105774,-0.33297109603881836,0.0,0.0,12.392526626586914,0.19182157516479492
59.25733184814453,-1.0081220865249634,0.7716995477676392,-0.13295875489711761,0.16851919889450073,0.7383890151977539,332.87384033203125,0.8993628025054932,635.9544677734375,-0.495111882686615,0.49290308356285095,0.10114908218383789,0.0,0.0,12.392526626586914,0.16097378730773926
59.258331298828125,-1.2304006814956665,0.40714383125305176,-0.10073219984769821,0.18712523579597473,1.070676326751709,332.54132080078125,1.254615068435669,641.0924682617188,-0.8322761654853821,0.14624850451946259,0.3603086471557617,0.0,0.0,12.392526626586914,0.18393874168395996
59.25933074951172,-1.3169517517089844,0.011924703605473042,-0.07333961874246597,0.17875254154205322,1.3349113464355469,293.919677734375,1.628678560256958,648.4259643554688,-1.112027645111084,-0.1781003177165985,0.32089662551879883,0.0,0.0,12.392526626586914,0.29376721382141113
59.26033020019531,-1.2726927995681763,-0.38159090280532837,-0.03305641934275627,0.16665862500667572,1.6741790771484375,321.17242431640625,1.9922468662261963,653.8008422851562,-1.2329771518707275,-0.5077633261680603,0.18917560577392578,0.0,0.0,12.392526626586914,0.3180677890777588
59.26133346557617,-1.1074591875076294,-0.7222970128059387,0.0007814705022610724,0.1229344978928566,1.9448943138122559,290.7947692871094,2.336909055709839,656.2166748046875,-1.240569829940796,-0.8252629041671753,0.039650917053222656,0.0,0.0,12.392526626586914,0.392014741897583
59.262332916259766,-0.8340365290641785,-0.9914548397064209,0.03784201666712761,0.08107095956802368,2.3040523529052734,331.8782043457031,2.657506227493286,655.1663208007812,-1.1295889616012573,-1.0062066316604614,-0.14306974411010742,0.0,0.0,12.392526626586914,0.3534538745880127
59.26333236694336,-0.4750470221042633,-1.1805466413497925,0.05878928303718567,0.020601412281394005,2.639246940612793,333.8754577636719,2.952371835708618,650.6663818359375,-0.903592050075531,-1.1064890623092651,-0.2830080986022949,0.0,0.0,12.392526626586914,0.3131248950958252
59.26433181762695,-0.06983069330453873,-1.2486881017684937,0.09423849731683731,-0.03521662577986717,2.9521963596343994,321.49298095703125,-3.054049491882324,643.9994506835938,-0.612250566482544,-1.129427433013916,-0.3751718997955322,0.0,0.0,12.392526626586914,0.27693986892700195
59.26533126831055,0.3393191993236542,-1.1907681226730347,0.1264650672674179,-0.12080428749322891,3.2222158908843994,290.5033874511719,-2.7888100147247314,636.2203979492188,-0.22274063527584076,-0.9762964248657227,-0.3704836368560791,0.0,0.0,12.392526626586914,0.2721595764160156
59.26633071899414,0.7120785117149353,-1.011897087097168,0.12968771159648895,-0.14313150942325592,3.5820765495300293,332.20941162109375,-2.519671678543091,629.5309448242188,0.13985706865787506,-0.7447470426559448,-0.23000431060791016,0.0,0.0,12.392526626586914,0.18143701553344727
59.267330169677734,1.0159903764724731,-0.7308146953582764,0.11518576741218567,-0.17941322922706604,3.899703025817871,323.4296875,-2.2111709117889404,628.719482421875,0.4949492812156677,-0.4546070396900177,0.10801124572753906,0.0,0.0,12.392526626586914,0.17231130599975586
59.26832962036133,1.2235162258148193,-0.37136951088905334,0.08940451592206955,-0.19429804384708405,4.236867904663086,331.8782043457031,-1.8541922569274902,634.5789794921875,0.8477638959884644,-0.13955478370189667,0.3358304500579834,0.0,0.0,12.392526626586914,0.1921253204345703
59.26932907104492,1.302198886871338,0.017035411670804024,0.06845725327730179,-0.18406474590301514,4.500506401062012,290.7947692871094,-1.4823412895202637,642.0531616210938,1.1119296550750732,0.21816469728946686,0.3231780529022217,0.0,0.0,12.392526626586914,0.3003377914428711
59.270328521728516,1.2500715255737305,0.4003296196460724,0.0168947521597147,-0.15243451297283173,4.841849327087402,321.17242431640625,-1.1209657192230225,647.5720825195312,1.1951863765716553,0.5763691067695618,0.21780705451965332,0.0,0.0,12.392526626586914,0.3203701972961426
59.27132797241211,1.072052001953125,0.7495536208152771,-0.02499977871775627,-0.1170831024646759,5.184344291687012,334.210693359375,-0.7830827236175537,649.4876708984375,1.1654731035232544,0.857958197593689,0.06371569633483887,0.0,0.0,12.392526626586914,0.31575822830200195
59.2723274230957,0.7858436107635498,1.0136005878448486,-0.04755837097764015,-0.07987106591463089,5.496859073638916,321.17242431640625,-0.4690830707550049,647.998046875,1.1037003993988037,1.07338285446167,-0.11630558967590332,0.0,0.0,12.392526626586914,0.3172430992126465
59.2733268737793,0.4278372824192047,1.1805466413497925,-0.08300758898258209,-0.025913624092936516,5.767574310302734,290.7947692871094,-0.1734294891357422,644.0952758789062,0.8521583676338196,1.1259615421295166,-0.26377224922180176,0.0,0.0,12.392526626586914,0.3421816825866699
59.27432632446289,0.028522560372948647,1.2384668588638306,-0.10556618124246597,0.057813435792922974,6.126732349395752,331.8782043457031,0.10283231735229492,637.8162841796875,0.5188165903091431,1.10964035987854,-0.33253908157348633,0.0,0.0,12.392526626586914,0.25928544998168945
59.27532958984375,-0.3786604404449463,1.1669187545776367,-0.12167946249246597,0.09316486865282059,0.1605302095413208,323.1052551269531,0.36295509338378906,629.7589721679688,0.18450139462947845,0.9443066716194153,-0.3511779308319092,0.0,0.0,12.392526626586914,0.2024247646331787
59.276329040527344,-0.7396173477172852,0.9778264760971069,-0.13295875489711761,0.14805258810520172,0.4274897575378418,289.3437194824219,0.6366012096405029,624.1243286132812,-0.166443333029747,0.7402157783508301,-0.2106647491455078,0.0,0.0,12.392526626586914,0.20911145210266113
59.27732849121094,-1.025826096534729,0.7001510858535767,-0.13618141412734985,0.17782223224639893,0.772911548614502,323.1052551269531,0.9436252117156982,623.4636840820312,-0.5067070126533508,0.46932923793792725,0.0886225700378418,0.0,0.0,12.392526626586914,0.1707136631011963
59.27832794189453,-1.2225323915481567,0.35263100266456604,-0.08461891859769821,0.17037983238697052,1.110614538192749,331.8782043457031,1.292353868484497,628.56494140625,-0.8853798508644104,0.1240336000919342,0.3530845642089844,0.0,0.0,12.392526626586914,0.18173933029174805
59.279327392578125,-1.2933472394943237,-0.045995526015758514,-0.06206032633781433,0.16479803621768951,1.4279206991195679,323.1052551269531,1.65781569480896,635.5772705078125,-1.1166126728057861,-0.2195342630147934,0.32285356521606445,0.0,0.0,12.392526626586914,0.22989487648010254
59.28032684326172,-1.2254830598831177,-0.4156615138053894,-0.0233884509652853,0.1368890106678009,1.6945576667785645,289.3437194824219,2.013651132583618,640.7748413085938,-1.2374839782714844,-0.48269927501678467,0.14411115646362305,0.0,0.0,12.392526626586914,0.3190934658050537
59.28132629394531,-1.0533645153045654,-0.7546641230583191,0.013672095723450184,0.1099102795124054,2.0399794578552246,323.1052551269531,2.352440118789673,643.2838745117188,-1.194563627243042,-0.8397447466850281,0.04563093185424805,0.0,0.0,12.392526626586914,0.31246066093444824
59.28232955932617,-0.7622385025024414,-1.02041494846344,0.04106467217206955,0.06804674863815308,2.37768292427063,331.8782043457031,2.6672956943511963,642.3387451171875,-1.0490577220916748,-1.0387786626815796,-0.10379505157470703,0.0,0.0,12.392526626586914,0.2896127700805664
59.283329010009766,-0.3983311951160431,-1.1873608827590942,0.06523459404706955,0.015019611455500126,2.6949892044067383,323.1052551269531,2.9598686695098877,638.404541015625,-0.8248471617698669,-1.1226197481155396,-0.24289512634277344,0.0,0.0,12.392526626586914,0.2648794651031494
59.28432846069336,0.0009836384560912848,-1.2316526174545288,0.09101584553718567,-0.05940444394946098,2.9611458778381348,289.0552062988281,-3.0483322143554688,632.333251953125,-0.5183411240577698,-1.0655531883239746,-0.340282678604126,0.0,0.0,12.392526626586914,0.27370738983154297
59.28532791137695,0.39439713954925537,-1.1601043939590454,0.11196310818195343,-0.1049891859292984,3.3251595497131348,334.210693359375,-2.783062696456909,625.3576049804688,-0.17029574513435364,-0.9604532122612,-0.3304634094238281,0.0,0.0,12.392526626586914,0.17496347427368164
59.28632736206055,0.7642058730125427,-0.9693087339401245,0.10874045640230179,-0.14406181871891022,3.637674570083618,321.17242431640625,-2.503380298614502,620.86181640625,0.25136497616767883,-0.7483563423156738,-0.10911750793457031,0.0,0.0,12.392526626586914,0.14213037490844727
59.28732681274414,1.0602493286132812,-0.6677840352058411,0.11840841919183731,-0.19243744015693665,3.9799466133117676,333.8754577636719,-2.1838417053222656,622.1547241210938,0.6094983816146851,-0.42053595185279846,0.2189786434173584,0.0,0.0,12.392526626586914,0.11939716339111328
59.288326263427734,1.2382690906524658,-0.318560391664505,0.07812521606683731,-0.17476172745227814,4.221426963806152,278.34942626953125,-1.8316234350204468,627.80810546875,0.9329326152801514,-0.12306781858205795,0.343111515045166,0.0,0.0,12.392526626586914,0.2301349639892578
59.28932571411133,1.299248218536377,0.06984493136405945,0.04428732767701149,-0.17383143305778503,4.592227935791016,334.210693359375,-1.4667011499404907,634.7907104492188,1.160213828086853,0.2231135368347168,0.30107712745666504,0.0,0.0,12.392526626586914,0.2242565155029297
59.29032516479492,1.2264666557312012,0.4616568386554718,0.02011740766465664,-0.15429511666297913,4.90474271774292,321.17242431640625,-1.1124637126922607,639.82080078125,1.2160863876342773,0.5587650537490845,0.1877002716064453,0.0,0.0,12.392526626586914,0.2659792900085449
59.291324615478516,1.0238587856292725,0.7921415567398071,-0.02661110647022724,-0.103128582239151,5.247014999389648,333.8754577636719,-0.7802793979644775,641.480712890625,1.2131439447402954,0.8046731948852539,0.00860905647277832,0.0,0.0,12.392526626586914,0.2558913230895996
59.29232406616211,0.7287985682487488,1.0442639589309692,-0.05400368571281433,-0.06870745122432709,5.506500244140625,289.3437194824219,-0.4659764766693115,640.5823974609375,1.0733526945114136,1.0464098453521729,-0.1207113265991211,0.0,0.0,12.392526626586914,0.31070852279663086
59.2933235168457,0.36095690727233887,1.2009888887405396,-0.05883767083287239,-0.02870452217757702,5.869811534881592,333.8754577636719,-0.17220592498779297,636.929443359375,0.8134251236915588,1.1060371398925781,-0.2534916400909424,0.0,0.0,12.392526626586914,0.24116802215576172
59.2943229675293,-0.04622608423233032,1.2384668588638306,-0.10234352946281433,0.04664982855319977,6.182548999786377,321.17242431640625,0.10469889640808105,631.2223510742188,0.49434909224510193,1.0863244533538818,-0.32620692253112793,0.0,0.0,12.392526626586914,0.20533514022827148
59.29532241821289,-0.44750797748565674,1.1498832702636719,-0.11201149970293045,0.10060727596282959,0.1705636978149414,291.08673095703125,0.37656068801879883,625.2308959960938,0.08739763498306274,0.9232451319694519,-0.2665727138519287,0.0,0.0,12.392526626586914,0.20599699020385742
59.29632568359375,-0.7917449474334717,0.9488663673400879,-0.11684548109769821,0.1406102031469345,0.5295681953430176,331.8782043457031,0.658797025680542,621.0840454101562,-0.2522399127483368,0.7795840501785278,-0.14118409156799316,0.0,0.0,12.392526626586914,0.12922883033752441
59.297325134277344,-1.0828707218170166,0.655859112739563,-0.10556618124246597,0.16386771202087402,0.8644313812255859,333.8754577636719,0.9774806499481201,622.2406005859375,-0.7160808444023132,0.47912392020225525,0.2134871482849121,0.0,0.0,12.392526626586914,0.11304926872253418
59.29832458496094,-1.2579399347305298,0.2708613872528076,-0.08139625936746597,0.15735562145709991,1.194983959197998,331.8782043457031,1.3312890529632568,628.104736328125,-0.9793972969055176,0.12449159473180771,0.32638978958129883,0.0,0.0,12.392526626586914,0.1363050937652588
59.29932403564453,-1.3031822443008423,-0.13117194175720215,-0.03305641934275627,0.15921622514724731,1.4586224555969238,290.7947692871094,1.6935431957244873,634.7109375,-1.148086667060852,-0.23560789227485657,0.2947368621826172,0.0,0.0,12.392526626586914,0.23492074012756348
59.300323486328125,-1.2185982465744019,-0.5161698460578918,-0.013720482587814331,0.1313071995973587,1.8177800178527832,331.8782043457031,2.0469906330108643,639.644287109375,-1.22981858253479,-0.6337897181510925,0.21529817581176758,0.0,0.0,12.392526626586914,0.22921061515808105
59.30131912231445,-0.9914019107818604,-0.8483584523200989,0.0168947521597147,0.07641946524381638,2.152641773223877,333.8754577636719,2.3804824352264404,641.4969482421875,-1.176823616027832,-0.8538316488265991,0.0317535400390625,0.0,0.0,12.392526626586914,0.22784066200256348
59.30231857299805,-0.6668360829353333,-1.0970737934112549,0.05556662753224373,0.042928632348775864,2.4837470054626465,332.20941162109375,2.6933653354644775,640.4058227539062,-0.9942677021026611,-1.06925630569458,-0.08905887603759766,0.0,0.0,12.392526626586914,0.20961833000183105
59.30331802368164,-0.27834001183509827,-1.2384668588638306,0.07651389390230179,-0.024983322247862816,2.765054225921631,301.56494140625,2.9889137744903564,637.0169677734375,-0.7095423936843872,-1.1312332153320312,-0.19832849502563477,0.0,0.0,12.392526626586914,0.22385954856872559
59.3043212890625,0.14064528048038483,-1.2418736219406128,0.09262717515230179,-0.06405595690011978,3.1170592308044434,331.8782043457031,-3.0128424167633057,631.9285888671875,-0.40893399715423584,-1.0518755912780762,-0.2933075428009033,0.0,0.0,12.392526626586914,0.15328359603881836
59.305320739746094,0.5497953295707703,-1.1294405460357666,0.10068381577730179,-0.0966164842247963,3.452256679534912,333.8754577636719,-2.7327969074249268,627.02001953125,0.023876184597611427,-0.9391509890556335,-0.17721080780029297,0.0,0.0,12.392526626586914,0.09813165664672852
59.30632019042969,0.9117359519004822,-0.8909463286399841,0.08779318630695343,-0.13568910956382751,3.783029079437256,332.20941162109375,-2.428853750228882,625.74169921875,0.4603256583213806,-0.7120352983474731,0.07024645805358887,0.0,0.0,12.392526626586914,0.07130289077758789
59.30731964111328,1.1694215536117554,-0.5536474585533142,0.07973654568195343,-0.15522541105747223,4.046449184417725,290.7947692871094,-2.0893423557281494,629.4135131835938,0.785695493221283,-0.4020533263683319,0.25840115547180176,0.0,0.0,12.392526626586914,0.14739370346069336
59.308319091796875,1.3140010833740234,-0.16013185679912567,0.04267600178718567,-0.14685270190238953,4.405602931976318,331.8782043457031,-1.7244696617126465,636.2908935546875,1.058842658996582,-0.021012961864471436,0.3501772880554199,0.0,0.0,12.392526626586914,0.15311288833618164
59.30931854248047,1.3199024200439453,0.25893688201904297,0.02817404828965664,-0.13848000764846802,4.740468502044678,333.8754577636719,-1.3617973327636719,642.3878784179688,1.2215118408203125,0.36737060546875,0.30084657669067383,0.0,0.0,12.392526626586914,0.18091964721679688
59.31031799316406,1.1782735586166382,0.6405274271965027,-0.005663841962814331,-0.1096406877040863,5.071572780609131,332.20941162109375,-1.0129849910736084,646.1527099609375,1.289455533027649,0.6549581289291382,0.12879061698913574,0.0,0.0,12.392526626586914,0.19862794876098633
59.31132125854492,0.9215712547302246,0.9488667845726013,-0.03789040446281433,-0.06684684753417969,5.3349928855896,290.7947692871094,-0.6829969882965088,647.0859375,1.1814777851104736,0.9491538405418396,0.004245281219482422,0.0,0.0,12.392526626586914,0.265195369720459
59.312320709228516,0.5793012380599976,1.1703253984451294,-0.05883767083287239,-0.026843922212719917,5.694146633148193,331.8782043457031,-0.37348389625549316,645.1488037109375,0.9769073724746704,1.0899769067764282,-0.1446542739868164,0.0,0.0,12.392526626586914,0.21555471420288086
59.31332015991211,0.1701512336730957,1.2759442329406738,-0.08461891859769821,0.021531714126467705,6.029012203216553,333.8754577636719,-0.08115172386169434,640.991455078125,0.6844185590744019,1.1551775932312012,-0.24382376670837402,0.0,0.0,12.392526626586914,0.17302179336547852
59.3143196105957,-0.27243855595588684,1.2486881017684937,-0.10717751085758209,0.08293155580759048,0.09475278854370117,342.92584228515625,0.19922232627868652,635.4886474609375,0.30554404854774475,1.0527210235595703,-0.2740366458892822,0.0,0.0,12.392526626586914,0.10446953773498535
59.3153190612793,-0.6747040748596191,1.0902595520019531,-0.11040017008781433,0.1127011775970459,0.3510870933532715,290.7947692871094,0.4853043556213379,631.1627197265625,-0.11851584166288376,0.8804835677146912,-0.14351201057434082,0.0,0.0,12.392526626586914,0.1342172622680664
59.31631851196289,-1.0100890398025513,0.8159914016723633,-0.11201149970293045,0.152704119682312,0.7286295890808105,342.92584228515625,0.8014366626739502,631.2698364257812,-0.5067511200904846,0.6016436815261841,0.11000370979309082,0.0,0.0,12.392526626586914,0.07280707359313965
59.317317962646484,-1.2451539039611816,0.44973212480545044,-0.07333961874246597,0.1359587013721466,1.055957317352295,333.5409240722656,1.150094747543335,635.8203735351562,-0.8663404583930969,0.27728819847106934,0.326812744140625,0.0,0.0,12.392526626586914,0.09413743019104004
59.318321228027344,-1.349408507347107,0.023849407210946083,-0.08784157782793045,0.17596162855625153,1.3869528770446777,332.20941162109375,1.517228364944458,642.5709228515625,-1.1319239139556885,-0.08120868355035782,0.3435249328613281,0.0,0.0,12.392526626586914,0.13027548789978027
59.31932067871094,-1.3051495552062988,-0.3798872232437134,-0.02661110647022724,0.1127011775970459,1.6503691673278809,290.7947692871094,1.8836891651153564,648.741455078125,-1.3083200454711914,-0.42337700724601746,0.21877288818359375,0.0,0.0,12.392526626586914,0.23331999778747559
59.32032012939453,-1.1281132698059082,-0.7614783048629761,-0.013720482587814331,0.1331677883863449,2.027341365814209,342.5839538574219,2.230943441390991,651.8658447265625,-1.2288718223571777,-0.7688822746276855,0.11730575561523438,0.0,0.0,12.392526626586914,0.20360207557678223
59.321319580078125,-0.8251851201057434,-1.0476711988449097,0.06040060892701149,0.051301341503858566,2.3554625511169434,333.8754577636719,2.562871217727661,652.6620483398438,-1.157042384147644,-1.0135902166366577,-0.056382179260253906,0.0,0.0,12.392526626586914,0.20740866661071777
59.32231521606445,-0.44947490096092224,-1.2384668588638306,0.07812521606683731,0.011298409663140774,2.6322684288024902,299.7609558105469,2.8712494373321533,650.190185546875,-0.8835389018058777,-1.155276894569397,-0.16859817504882812,0.0,0.0,12.392526626586914,0.23898100852966309
59.32331466674805,-0.02655516006052494,-1.3032010793685913,0.10712912678718567,-0.046380240470170975,2.9886622428894043,333.8754577636719,-3.1198151111602783,645.6602172851562,-0.5598968267440796,-1.1615188121795654,-0.25972580909729004,0.0,0.0,12.392526626586914,0.17470788955688477
59.32431411743164,0.4140678346157074,-1.2282453775405884,0.11357443779706955,-0.1133618876338005,3.3375887870788574,342.92584228515625,-2.8368425369262695,640.2073974609375,-0.14342957735061646,-1.075238585472107,-0.22750473022460938,0.0,0.0,12.392526626586914,0.10875415802001953
59.3253173828125,0.8251848816871643,-1.0067863464355469,0.11679709702730179,-0.15615573525428772,3.6833701133728027,344.6456298828125,-2.5422451496124268,636.7247924804688,0.23029078543186188,-0.7624850869178772,-0.0955507755279541,0.0,0.0,12.392526626586914,0.05756998062133789
59.326316833496094,1.1261461973190308,-0.6899300813674927,0.10712912678718567,-0.17476172745227814,3.9352221488952637,289.0552062988281,-2.2088959217071533,638.8110961914062,0.6366381645202637,-0.4729814827442169,0.21448683738708496,0.0,0.0,12.392526626586914,0.1390671730041504
59.32731628417969,1.3179351091384888,-0.2964142858982086,0.08134787529706955,-0.18592534959316254,4.317132472991943,344.9916687011719,-1.8384954929351807,645.8175048828125,0.969894289970398,-0.0833253338932991,0.40219974517822266,0.0,0.0,12.392526626586914,0.12755727767944336
59.32831573486328,1.364161491394043,0.1345791518688202,0.05073264241218567,-0.16452842950820923,4.640304088592529,331.8782043457031,-1.460854411125183,653.305908203125,1.212754249572754,0.23446252942085266,0.3023676872253418,0.0,0.0,12.392526626586914,0.18202686309814453
59.329315185546875,1.267775297164917,0.5536474585533142,0.012060767039656639,-0.13661940395832062,4.9933905601501465,344.6456298828125,-1.0948026180267334,658.6958618164062,1.2950204610824585,0.6662960648536682,0.22121667861938477,0.0,0.0,12.392526626586914,0.1949925422668457
59.33031463623047,1.0258256196975708,0.8977603316307068,-0.010497826151549816,-0.08638317137956619,5.263543605804443,300.0601501464844,-0.7484700679779053,661.0045166015625,1.254340410232544,0.9296951293945312,0.0357975959777832,0.0,0.0,12.392526626586914,0.27117204666137695
59.33131408691406,0.6855230927467346,1.153290033340454,-0.06528297811746597,-0.03428632766008377,5.637660503387451,344.6456298828125,-0.4265413284301758,659.8095703125,1.067617654800415,1.1041762828826904,-0.12428879737854004,0.0,0.0,12.392526626586914,0.21898365020751953
59.33231735229492,0.26260364055633545,1.296386957168579,-0.07817360758781433,0.012228710576891899,5.978877544403076,342.5839538574219,-0.12631607055664062,655.7255859375,0.7830176949501038,1.1759382486343384,-0.24639368057250977,0.0,0.0,12.392526626586914,0.1779918670654297
59.333316802978516,-0.20162445306777954,1.2929795980453491,-0.11845681071281433,0.08944366127252579,0.04169607162475586,344.6456298828125,0.1615152359008789,650.229736328125,0.3856991231441498,1.1142197847366333,-0.2823307514190674,0.0,0.0,12.392526626586914,0.11981916427612305
59.334312438964844,-0.6343790888786316,1.1396617889404297,-0.13295875489711761,0.1313071846961975,0.31185293197631836,300.0601501464844,0.4473764896392822,644.8635864257812,-0.017339354380965233,0.9054871797561646,-0.21668601036071777,0.0,0.0,12.392526626586914,0.13552355766296387
59.33531188964844,-0.9973032474517822,0.8722076416015625,-0.11362282186746597,0.16479803621768951,0.6859698295593262,344.6456298828125,0.7556197643280029,642.9509887695312,-0.4457516074180603,0.6380414366722107,0.06894350051879883,0.0,0.0,12.392526626586914,0.06964993476867676
59.33631134033203,-1.2608901262283325,0.4974309206008911,-0.11201149970293045,0.17875254154205322,1.0271868705749512,342.5839538574219,1.1131646633148193,647.9279174804688,-0.8700198531150818,0.29722392559051514,0.34861183166503906,0.0,0.0,12.392526626586914,0.08597779273986816
59.337310791015625,-1.3838324546813965,0.05280930548906326,-0.07656227797269821,0.17689192295074463,1.3731932640075684,344.6456298828125,1.4970638751983643,656.1492309570312,-1.1419261693954468,-0.1132006123661995,0.39608049392700195,0.0,0.0,12.392526626586914,0.1238706111907959
59.33831024169922,-1.346457839012146,-0.37648022174835205,-0.02983376383781433,0.1480526179075241,1.6431517601013184,299.7609558105469,1.8721296787261963,662.5740356445312,-1.3224385976791382,-0.4545365869998932,0.25347089767456055,0.0,0.0,12.392526626586914,0.22897791862487793
59.33931350708008,-1.1664711236953735,-0.7699958086013794,0.0249513927847147,0.09967698156833649,2.017695903778076,344.9916687011719,2.2316930294036865,666.4356689453125,-1.2828212976455688,-0.8456579446792603,0.14549684524536133,0.0,0.0,12.392526626586914,0.21399712562561035
59.34031295776367,-0.847806453704834,-1.0766310691833496,0.02817404828965664,0.04758013039827347,2.3586783409118652,342.5839538574219,2.569406747817993,667.0333251953125,-1.17145836353302,-1.0536097288131714,-0.044930458068847656,0.0,0.0,12.392526626586914,0.21072840690612793
59.341312408447266,-0.4494750201702118,-1.2657231092453003,0.08940451592206955,0.0122287068516016,2.6331305503845215,301.56494140625,2.8835031986236572,664.3540649414062,-0.9117055535316467,-1.147181510925293,-0.19514799118041992,0.0,0.0,12.392526626586914,0.25037264823913574
59.34231185913086,-0.012785699218511581,-1.3270504474639893,0.08134787529706955,-0.05196203663945198,2.9851393699645996,331.8782043457031,-3.1031301021575928,659.4622192382812,-0.5758199095726013,-1.154173493385315,-0.28578782081604004,0.0,0.0,12.392526626586914,0.1949162483215332
59.34331130981445,0.4416067600250244,-1.2452808618545532,0.12001974880695343,-0.1152224913239479,3.338223934173584,344.6456298828125,-2.815946340560913,653.6327514648438,-0.1679094433784485,-1.025954008102417,-0.2741992473602295,0.0,0.0,12.392526626586914,0.12901544570922852
59.34431076049805,0.850756824016571,-1.0101933479309082,0.16030295193195343,-0.17197082936763763,3.679664134979248,342.92584228515625,-2.5191614627838135,649.5438232421875,0.2433197796344757,-0.751404881477356,-0.0945274829864502,0.0,0.0,12.392526626586914,0.08435964584350586
59.34531021118164,1.1654876470565796,-0.6831158995628357,0.11518576741218567,-0.17941322922706604,3.9538893699645996,301.56494140625,-2.1815872192382812,651.3480834960938,0.6685116291046143,-0.39631202816963196,0.2962667942047119,0.0,0.0,12.392526626586914,0.14770889282226562
59.3463134765625,1.3543261289596558,-0.27426859736442566,0.09584982693195343,-0.20732226967811584,4.323710918426514,342.5839538574219,-1.8013325929641724,658.8435668945312,0.9920951724052429,-0.01997152715921402,0.43536925315856934,0.0,0.0,12.392526626586914,0.15814208984375
59.347312927246094,1.3926838636398315,0.16694582998752594,0.06362326443195343,-0.19429804384708405,4.651498317718506,333.8754577636719,-1.4127520322799683,666.9395141601562,1.2449992895126343,0.3264952003955841,0.3245723247528076,0.0,0.0,12.392526626586914,0.2189350128173828
59.34831237792969,1.28154456615448,0.5843108296394348,0.013672095723450184,-0.16359812021255493,5.000421047210693,342.92584228515625,-1.0393946170806885,672.3851318359375,1.3479195833206177,0.7127664089202881,0.18102502822875977,0.0,0.0,12.392526626586914,0.24336957931518555
59.34931182861328,1.0336941480636597,0.9318313598632812,-0.02016579546034336,-0.132898211479187,5.274646282196045,301.56494140625,-0.6907341480255127,674.0733032226562,1.2653911113739014,1.008284568786621,0.017096757888793945,0.0,0.0,12.392526626586914,0.31780481338500977
59.350311279296875,0.6796217560768127,1.177139401435852,-0.07333961874246597,-0.05568324401974678,5.644469738006592,342.5839538574219,-0.36643075942993164,672.3067016601562,1.0871142148971558,1.1966973543167114,-0.1494896411895752,0.0,0.0,12.392526626586914,0.27228498458862305
59.35131072998047,0.24489986896514893,1.306607961654663,-0.09912087023258209,0.020601412281394005,5.990132808685303,344.6456298828125,-0.06786775588989258,667.13671875,0.8063426613807678,1.1930791139602661,-0.3087916374206543,0.0,0.0,12.392526626586914,0.22518491744995117
59.35231018066406,-0.22326205670833588,1.2929795980453491,-0.13457009196281433,0.08200126141309738,0.04873323440551758,342.92584228515625,0.21527934074401855,660.2176513671875,0.4291938841342926,1.0905537605285645,-0.3757362365722656,0.0,0.0,12.392526626586914,0.16654610633850098
59.35331344604492,-0.6589677929878235,1.1311442852020264,-0.14423805475234985,0.1489829123020172,0.32295846939086914,301.56494140625,0.4932088851928711,653.0740966796875,0.004509273450821638,0.8220940232276917,-0.285358190536499,0.0,0.0,12.392526626586914,0.17025041580200195
59.354312896728516,-1.0120563507080078,0.8534689545631409,-0.14101539552211761,0.18991611897945404,0.6933465003967285,342.92584228515625,0.8029665946960449,650.8089599609375,-0.40230175852775574,0.5813564658164978,0.019063234329223633,0.0,0.0,12.392526626586914,0.1096200942993164
59.355308532714844,-1.2736765146255493,0.4616568386554718,-0.12167946249246597,0.21038274466991425,1.0382142066955566,344.30029296875,1.1685583591461182,656.3562622070312,-0.7714112401008606,0.16047336161136627,0.4210829734802246,0.0,0.0,12.392526626586914,0.13034415245056152
59.35630798339844,-1.380881667137146,0.023849407210946083,-0.09267555922269821,0.20666155219078064,1.3802285194396973,342.92584228515625,1.5626575946807861,665.3856811523438,-1.0870513916015625,-0.17633476853370667,0.395540714263916,0.0,0.0,12.392526626586914,0.18242907524108887
59.35730743408203,-1.345474123954773,-0.41225454211235046,-0.04433571547269821,0.18619494140148163,1.6544556617736816,301.56494140625,1.946197748184204,672.3411865234375,-1.2348546981811523,-0.6028411984443665,0.3064413070678711,0.0,0.0,12.392526626586914,0.29174208641052246
59.358306884765625,-1.1576193571090698,-0.7853275537490845,-0.0008298575994558632,0.1220041960477829,2.024275302886963,342.5839538574219,2.3080389499664307,675.8350219726562,-1.2673969268798828,-0.916785478591919,0.11525821685791016,0.0,0.0,12.392526626586914,0.2837636470794678
59.35930633544922,-0.8389542102813721,-1.0783348083496094,0.05234396830201149,0.08758306503295898,2.3523926734924316,333.8754577636719,2.6447203159332275,675.6438598632812,-1.1772712469100952,-1.1100599765777588,-0.09452438354492188,0.0,0.0,12.392526626586914,0.2923276424407959
59.36030960083008,-0.44554081559181213,-1.2623162269592285,0.08779318630695343,0.03734682500362396,2.647522449493408,310.77655029296875,2.9541733264923096,671.7327880859375,-0.9333815574645996,-1.1815885305404663,-0.2613215446472168,0.0,0.0,12.392526626586914,0.30665087699890137
59.36130905151367,0.0029505460988730192,-1.310015082359314,0.11840841919183731,-0.05847414210438728,3.0139803886413574,344.30029296875,-3.0406148433685303,665.2101440429688,-0.5810259580612183,-1.118456244468689,-0.3638002872467041,0.0,0.0,12.392526626586914,0.2285904884338379
59.362308502197266,0.4534090757369995,-1.2112102508544922,0.1409670114517212,-0.1310376077890396,3.3559956550598145,342.92584228515625,-2.765249252319336,657.36328125,-0.2240930199623108,-0.9641726016998291,-0.39138340950012207,0.0,0.0,12.392526626586914,0.1619405746459961
59.36330795288086,0.8605921864509583,-0.9795299768447876,0.13613303005695343,-0.18220415711402893,3.701777935028076,344.6456298828125,-2.4773712158203125,651.8034057617188,0.22356228530406952,-0.6775447130203247,-0.1305079460144043,0.0,0.0,12.392526626586914,0.10403633117675781
59.36430740356445,1.1704051494598389,-0.6473414301872253,0.12324240803718567,-0.20639196038246155,3.971436023712158,299.7609558105469,-2.134762763977051,654.1416625976562,0.669416606426239,-0.3232690095901489,0.3361499309539795,0.0,0.0,12.392526626586914,0.1769866943359375
59.36530685424805,1.345474362373352,-0.2419014871120453,0.09746115654706955,-0.21941615641117096,4.328382968902588,334.210693359375,-1.743685007095337,662.9290161132812,0.9915030598640442,0.063057079911232,0.4630873203277588,0.0,0.0,12.392526626586914,0.21111726760864258
59.36630630493164,1.3730133771896362,0.19420266151428223,0.06362326443195343,-0.20174045860767365,4.6765265464782715,342.5839538574219,-1.353758454322815,670.922607421875,1.2270084619522095,0.38010916113853455,0.31064867973327637,0.0,0.0,12.392526626586914,0.2529006004333496
59.367305755615234,1.251055121421814,0.6030499935150146,0.015283423475921154,-0.14778301119804382,5.022190570831299,344.6456298828125,-0.9830193519592285,675.740478515625,1.3066391944885254,0.7489640116691589,0.15953636169433594,0.0,0.0,12.392526626586914,0.27797555923461914
59.36830520629883,1.0002539157867432,0.9352383613586426,-0.03466774895787239,-0.1021982729434967,5.274868488311768,289.3437194824219,-0.6376187801361084,676.7546997070312,1.2560999393463135,1.0262047052383423,-0.0234677791595459,0.0,0.0,12.392526626586914,0.3706984519958496
59.36930465698242,0.6501159071922302,1.1669187545776367,-0.08461891859769821,-0.045449938625097275,5.656070232391357,344.6456298828125,-0.31652188301086426,674.3660278320312,1.083448886871338,1.1761935949325562,-0.20640945434570312,0.0,0.0,12.392526626586914,0.3105931282043457
59.370304107666016,0.22326205670833588,1.2827584743499756,-0.10556618124246597,0.020601416006684303,5.997284412384033,342.5839538574219,-0.02376580238342285,668.2601928710938,0.8315045833587646,1.1556040048599243,-0.38290858268737793,0.0,0.0,12.392526626586914,0.26213502883911133
59.37130355834961,-0.23506422340869904,1.2691302299499512,-0.13779275119304657,0.08944366872310638,0.060108184814453125,344.6456298828125,0.2539093494415283,660.5211181640625,0.3984629213809967,1.0749067068099976,-0.39457249641418457,0.0,0.0,12.392526626586914,0.1938011646270752
59.3723030090332,-0.6570005416870117,1.1072949171066284,-0.13779275119304657,0.15270410478115082,0.3124408721923828,289.3437194824219,0.5312345027923584,653.2760620117188,0.005998858250677586,0.825299084186554,-0.32564353942871094,0.0,0.0,12.392526626586914,0.21879363059997559
59.3733024597168,-1.0022212266921997,0.8364335298538208,-0.13779275119304657,0.17689192295074463,0.6757535934448242,333.8754577636719,0.8392021656036377,650.758056640625,-0.41054898500442505,0.5114830136299133,0.05430865287780762,0.0,0.0,12.392526626586914,0.16344857215881348
59.374305725097656,-1.2520383596420288,0.46506384015083313,-0.11684548109769821,0.20387063920497894,1.0241193771362305,342.5839538574219,1.202723741531372,656.0263671875,-0.8028206825256348,0.16349567472934723,0.3905930519104004,0.0,0.0,12.392526626586914,0.1786043643951416
59.37530517578125,-1.358260154724121,0.04258831590414047,-0.08300758898258209,0.19177675247192383,1.3522377014160156,333.8754577636719,1.5876715183258057,663.824951171875,-1.0705585479736328,-0.15469437837600708,0.35211706161499023,0.0,0.0,12.392526626586914,0.23543381690979004
59.376304626464844,-1.3267868757247925,-0.36285200715065,-0.03627907484769821,0.16479800641536713,1.6112432479858398,289.0552062988281,1.960521936416626,669.4188842773438,-1.3009605407714844,-0.5094068050384521,0.2088932991027832,0.0,0.0,12.392526626586914,0.34927868843078613
59.37730407714844,-1.1556522846221924,-0.7342216968536377,-0.0072751701809465885,0.1443314105272293,1.9746999740600586,333.8754577636719,2.3163540363311768,672.2963256835938,-1.2662498950958252,-0.8442715406417847,0.06694889068603516,0.0,0.0,12.392526626586914,0.34165406227111816
59.37830352783203,-0.8655098080635071,-1.025525450706482,0.03945334628224373,0.08200126141309738,2.3058061599731445,332.20941162109375,2.647826910018921,671.6318359375,-1.1886366605758667,-1.073448657989502,-0.12081432342529297,0.0,0.0,12.392526626586914,0.34202075004577637
59.379302978515625,-0.4809478521347046,-1.2282453775405884,0.08134787529706955,0.024322617799043655,2.6586713790893555,344.6456298828125,2.952221632003784,667.3110961914062,-0.8872241973876953,-1.1745595932006836,-0.23888254165649414,0.0,0.0,12.392526626586914,0.2935502529144287
59.38030242919922,-0.059995416551828384,-1.2861655950546265,0.09423849731683731,-0.03521662577986717,2.9108142852783203,289.0552062988281,-3.0479609966278076,660.3546142578125,-0.6317861080169678,-1.1328399181365967,-0.38800644874572754,0.0,0.0,12.392526626586914,0.32440996170043945
59.38130569458008,0.36489108204841614,-1.214617371559143,0.1345217078924179,-0.1087103933095932,3.273982048034668,333.8754577636719,-2.7757482528686523,652.4053344726562,-0.27061793208122253,-0.9745039939880371,-0.425492525100708,0.0,0.0,12.392526626586914,0.23345518112182617
59.38230514526367,0.7622386813163757,-1.0204148292541504,0.1345217078924179,-0.16824960708618164,3.605088233947754,332.20941162109375,-2.5000765323638916,645.4993896484375,0.13948267698287964,-0.7335569858551025,-0.2422034740447998,0.0,0.0,12.392526626586914,0.17802095413208008
59.383304595947266,1.0700846910476685,-0.725703775882721,0.12807638943195343,-0.19801926612854004,3.86850643157959,290.7947692871094,-2.1779356002807617,645.4677734375,0.5456704497337341,-0.39644917845726013,0.19613337516784668,0.0,0.0,12.392526626586914,0.23674345016479492
59.38430404663086,1.270725965499878,-0.35774150490760803,0.09423849731683731,-0.20639197528362274,4.227663993835449,331.8782043457031,-1.8069202899932861,652.1057739257812,0.8763304352760315,-0.04791508615016937,0.4038066864013672,0.0,0.0,12.392526626586914,0.24860143661499023
59.38530349731445,1.3425239324569702,0.056216515600681305,0.07167990505695343,-0.20453135669231415,4.562525749206543,333.8754577636719,-1.4249845743179321,659.759765625,1.1241097450256348,0.3118692636489868,0.34891700744628906,0.0,0.0,12.392526626586914,0.29567527770996094
59.38630294799805,1.2726930379867554,0.44973212480545044,0.02011740766465664,-0.18220414221286774,4.893631935119629,332.20941162109375,-1.0587432384490967,664.7194213867188,1.2685531377792358,0.6308206915855408,0.17277812957763672,0.0,0.0,12.392526626586914,0.3308100700378418
59.38730239868164,1.0789366960525513,0.7921415567398071,-0.02016579546034336,-0.14964361488819122,5.157051086425781,290.7947692871094,-0.7171061038970947,665.972900390625,1.2470217943191528,0.9217807054519653,0.004364013671875,0.0,0.0,12.392526626586914,0.4090285301208496
59.38829803466797,0.7750245928764343,1.045967698097229,-0.06367165595293045,-0.07987106591463089,5.515875816345215,331.8782043457031,-0.39793896675109863,664.057861328125,1.1184148788452148,1.0904473066329956,-0.18175244331359863,0.0,0.0,12.392526626586914,0.3693709373474121
59.38930130004883,0.4002983570098877,1.214617371559143,-0.08784157782793045,-0.019401516765356064,5.851070404052734,333.8754577636719,-0.10829710960388184,658.232421875,0.8973099589347839,1.1542953252792358,-0.33815813064575195,0.0,0.0,12.392526626586914,0.32381772994995117
59.39030075073242,-0.030489837750792503,1.2520948648452759,-0.10878884047269821,0.059674039483070374,6.1821746826171875,332.20941162109375,0.16454219818115234,650.5073852539062,0.558543860912323,1.0653871297836304,-0.4369692802429199,0.0,0.0,12.392526626586914,0.26555299758911133
59.391300201416016,-0.43767258524894714,1.1635112762451172,-0.1394040733575821,0.1164223924279213,0.16240930557250977,290.7947692871094,0.42498779296875,641.625,0.18581081926822662,0.9372192025184631,-0.41288089752197266,0.0,0.0,12.392526626586914,0.26257848739624023
59.39229965209961,-0.8055141568183899,0.9522736072540283,-0.14101539552211761,0.16572833061218262,0.5221171379089355,332.20941162109375,0.7011215686798096,635.5277709960938,-0.20955121517181396,0.644632875919342,-0.17784976959228516,0.0,0.0,12.392526626586914,0.17900443077087402
59.3932991027832,-1.0897554159164429,0.643934428691864,-0.12812477350234985,0.19363735616207123,0.8383355140686035,322.7815246582031,1.0237739086151123,636.24072265625,-0.5832074880599976,0.37262073159217834,0.19268560409545898,0.0,0.0,12.392526626586914,0.1854383945465088
59.3942985534668,-1.2697423696517944,0.26404717564582825,-0.09912087023258209,0.18991616368293762,1.1767945289611816,332.20941162109375,1.3890221118927002,642.7176513671875,-0.8842626810073853,0.006184273865073919,0.3938436508178711,0.0,0.0,12.392526626586914,0.21222758293151855
59.39529800415039,-1.3100671768188477,-0.12606123089790344,-0.07011696696281433,0.17503131926059723,1.4223246574401855,280.0245666503906,1.7616641521453857,649.7394409179688,-1.1399809122085571,-0.32308822870254517,0.30550193786621094,0.0,0.0,12.392526626586914,0.3393394947052002
59.39630126953125,-1.2294172048568726,-0.5042449235916138,-0.0233884509652853,0.14991320669651031,1.7886343002319336,331.8782043457031,2.11944842338562,654.2349243164062,-1.2169489860534668,-0.6676660776138306,0.17304468154907227,0.0,0.0,12.392526626586914,0.3308141231536865
59.397300720214844,-1.0140233039855957,-0.8296195864677429,0.01850607991218567,0.1182829886674881,2.1056175231933594,323.1052551269531,2.45727276802063,655.6814575195312,-1.1924000978469849,-0.9055390357971191,-0.019183635711669922,0.0,0.0,12.392526626586914,0.3516552448272705
59.39830017089844,-0.7012596726417542,-1.0715210437774658,0.03945334628224373,0.06339524686336517,2.4260411262512207,321.49298095703125,2.7701685428619385,653.6137084960938,-1.0454206466674805,-1.088785171508789,-0.17870616912841797,0.0,0.0,12.392526626586914,0.3441274166107178
59.39929962158203,-0.3353852331638336,-1.2112102508544922,0.08134787529706955,0.013159007765352726,2.696544647216797,290.7947692871094,3.058316469192505,648.3002319335938,-0.7958371043205261,-1.124830722808838,-0.32120466232299805,0.0,0.0,12.392526626586914,0.361771821975708
59.400299072265625,0.06589675694704056,-1.2384668588638306,0.10712912678718567,-0.05754384398460388,3.055152654647827,331.5476379394531,-2.955446720123291,640.7905883789062,-0.46633344888687134,-1.0769493579864502,-0.3868839740753174,0.0,0.0,12.392526626586914,0.2725863456726074
59.40129852294922,0.46717867255210876,-1.132847785949707,0.12485373765230179,-0.11801338940858841,3.3732240200042725,323.4296875,-2.696539878845215,632.3570556640625,-0.154600590467453,-0.8888375163078308,-0.4125025272369385,0.0,0.0,12.392526626586914,0.21342134475708008
59.40229415893555,0.8261685371398926,-0.9164994955062866,0.12324240803718567,-0.16917993128299713,3.7109313011169434,332.20941162109375,-2.4196910858154297,626.9932861328125,0.26725396513938904,-0.6573484539985657,-0.12894058227539062,0.0,0.0,12.392526626586914,0.15256309509277344
59.403297424316406,1.0976240634918213,-0.6098639965057373,0.10874045640230179,-0.18871626257896423,3.974350929260254,290.7947692871094,-2.093576192855835,628.7631225585938,0.640017569065094,-0.33901411294937134,0.2481377124786377,0.0,0.0,12.392526626586914,0.21525812149047852
59.404296875,1.2589235305786133,-0.24190105497837067,0.08457053452730179,-0.18964655697345734,4.3156938552856445,321.17242431640625,-1.7283976078033447,635.7340698242188,0.9068253636360168,0.0021235947497189045,0.37645936012268066,0.0,0.0,12.392526626586914,0.23909425735473633
59.405296325683594,1.2903965711593628,0.14650385081768036,0.05395529791712761,-0.17569203674793243,4.640077114105225,323.1052551269531,-1.359836459159851,642.6652221679688,1.1533970832824707,0.3041282594203949,0.26414990425109863,0.0,0.0,12.392526626586914,0.28327178955078125
59.40629577636719,1.1959770917892456,0.5280943512916565,0.008838110603392124,-0.14406181871891022,4.977999687194824,332.20941162109375,-1.0087757110595703,646.727783203125,1.1988129615783691,0.6757692694664001,0.16863393783569336,0.0,0.0,12.392526626586914,0.29641008377075195
59.40729522705078,0.9786160588264465,0.8364332914352417,-0.02983376383781433,-0.07708016037940979,5.241419315338135,290.7947692871094,-0.6797745227813721,647.4796752929688,1.1969382762908936,0.8978500366210938,-0.032550811767578125,0.0,0.0,12.392526626586914,0.36199140548706055
59.408294677734375,0.6727370619773865,1.0664100646972656,-0.06367165595293045,-0.05382264032959938,5.582762241363525,321.17242431640625,-0.37337303161621094,645.0923461914062,1.02889883518219,1.0742931365966797,-0.17830848693847656,0.0,0.0,12.392526626586914,0.32705020904541016
59.40929412841797,0.29604366421699524,1.2009888887405396,-0.07656227797269821,0.009437805972993374,5.907144546508789,323.1052551269531,-0.08802342414855957,639.9801025390625,0.7805050611495972,1.0750828981399536,-0.3315584659576416,0.0,0.0,12.392526626586914,0.28801774978637695
59.41029739379883,-0.10917254537343979,1.2180242538452148,-0.10717751085758209,0.058743737637996674,6.245067119598389,332.20941162109375,0.18117022514343262,633.0095825195312,0.4633944034576416,1.0572688579559326,-0.3889501094818115,0.0,0.0,12.392526626586914,0.21928834915161133
59.41129684448242,-0.5006185173988342,1.1158124208450317,-0.12490212172269821,0.113631471991539,0.20741212368011475,280.0245666503906,0.4462733268737793,625.9689331054688,0.07092919945716858,0.8765245676040649,-0.3231666088104248,0.0,0.0,12.392526626586914,0.2388613224029541
59.412296295166016,-0.8409212231636047,0.8977605700492859,-0.12812477350234985,0.16014650464057922,0.5742721557617188,332.20941162109375,0.7264306545257568,621.4932250976562,-0.28026703000068665,0.6233735680580139,-0.09851408004760742,0.0,0.0,12.392526626586914,0.15215849876403809
59.41329574584961,-1.1035250425338745,0.5928285717964172,-0.11040017008781433,0.16107681393623352,0.8908131122589111,322.7815246582031,1.0525457859039307,623.634521484375,-0.6825980544090271,0.3828674256801605,0.21744537353515625,0.0,0.0,12.392526626586914,0.16173267364501953
59.4142951965332,-1.2589232921600342,0.21464486420154572,-0.06044899672269821,0.17317073047161102,1.2111283540725708,321.49298095703125,1.4087398052215576,629.735107421875,-0.9306269288063049,0.013690697029232979,0.3616771697998047,0.0,0.0,12.392526626586914,0.19761157035827637
59.4152946472168,-1.2874455451965332,-0.17205654084682465,-0.05078103020787239,0.152704119682312,1.481631875038147,290.7947692871094,1.7702906131744385,636.1206665039062,-1.1534937620162964,-0.3153700828552246,0.28276920318603516,0.0,0.0,12.392526626586914,0.28865885734558105
59.41629409790039,-1.1861416101455688,-0.5246873497962952,-0.02499977871775627,0.1322374939918518,1.8229751586914062,321.17242431640625,2.1193015575408936,640.3424682617188,-1.274682641029358,-0.5990843772888184,0.10523128509521484,0.0,0.0,12.392526626586914,0.2963263988494873
59.41729736328125,-0.9687806963920593,-0.8534687161445618,0.0168947521597147,0.09502547979354858,2.1652474403381348,333.8754577636719,2.4483835697174072,641.5450439453125,-1.1664775609970093,-0.9005667567253113,-0.006856441497802734,0.0,0.0,12.392526626586914,0.28313612937927246
59.418296813964844,-0.6599513292312622,-1.074927568435669,0.04912131279706955,0.05409223958849907,2.406449317932129,278.34942626953125,2.7581517696380615,640.021240234375,-0.9974431395530701,-1.0866972208023071,-0.14829587936401367,0.0,0.0,12.392526626586914,0.3517024517059326
59.41929626464844,-0.29210934042930603,-1.2078032493591309,0.07490256428718567,0.0019953979644924402,2.7769718170166016,333.8754577636719,3.0457828044891357,635.572998046875,-0.7283497452735901,-1.1221297979354858,-0.2721977233886719,0.0,0.0,12.392526626586914,0.2688109874725342
59.42029571533203,0.1091722920536995,-1.2248386144638062,0.09584982693195343,-0.062195345759391785,3.108076810836792,332.20941162109375,-2.966026782989502,629.203369140625,-0.42909157276153564,-1.100929617881775,-0.3425467014312744,0.0,0.0,12.392526626586914,0.20908212661743164
59.421295166015625,0.5163553953170776,-1.1158124208450317,0.10712912678718567,-0.1077800840139389,3.425163984298706,323.1052551269531,-2.7000794410705566,622.552978515625,-0.0007125504780560732,-0.9208962917327881,-0.23842477798461914,0.0,0.0,12.392526626586914,0.1579422950744629
59.42229461669922,0.8556745052337646,-0.8858360648155212,0.10874045640230179,-0.15708602964878082,3.6920900344848633,289.3437194824219,-2.410722494125366,619.573974609375,0.3291247487068176,-0.6576210260391235,-0.06158041954040527,0.0,0.0,12.392526626586914,0.1803727149963379
59.42329025268555,1.1153275966644287,-0.5792005658149719,0.10229513794183731,-0.17383143305778503,4.036684513092041,322.7815246582031,-2.080660343170166,622.3897094726562,0.7046600580215454,-0.3331787884235382,0.2789773941040039,0.0,0.0,12.392526626586914,0.16584062576293945
59.424293518066406,1.264824628829956,-0.20442365109920502,0.06523459404706955,-0.17848293483257294,4.375144958496094,332.20941162109375,-1.7190990447998047,629.3028564453125,0.9726189374923706,-0.0033766126725822687,0.3589823246002197,0.0,0.0,12.392526626586914,0.18894147872924805
59.42529296875,1.286462426185608,0.20101666450500488,0.03784201666712761,-0.15336482226848602,4.692232131958008,323.1052551269531,-1.3560307025909424,635.9342651367188,1.1404118537902832,0.3786827325820923,0.32168078422546387,0.0,0.0,12.392526626586914,0.2349228858947754
59.426292419433594,1.1792569160461426,0.5570544600486755,0.0056154546327888966,-0.1273164004087448,4.958868980407715,289.3437194824219,-1.0079128742218018,640.0526123046875,1.255475401878357,0.6547556519508362,0.13248944282531738,0.0,0.0,12.392526626586914,0.316403865814209
59.42729187011719,0.9520607590675354,0.8688004612922668,-0.0233884509652853,-0.093825563788414,5.322179794311523,333.8754577636719,-0.680736780166626,641.0180053710938,1.157954454421997,0.9260944724082947,-0.002299785614013672,0.0,0.0,12.392526626586914,0.28026914596557617
59.42829132080078,0.6304450631141663,1.0987772941589355,-0.04594704508781433,-0.05289233848452568,5.634917736053467,321.17242431640625,-0.37383008003234863,639.143310546875,0.9647934436798096,1.1121463775634766,-0.12992024421691895,0.0,0.0,12.392526626586914,0.27443742752075195
59.429290771484375,0.24293309450149536,1.2248386144638062,-0.08139625936746597,-0.0007955025066621602,5.977189540863037,333.8754577636719,-0.08683919906616211,634.6636352539062,0.7205890417098999,1.134564757347107,-0.27158069610595703,0.0,0.0,12.392526626586914,0.21915674209594727
59.43029022216797,-0.1701512336730957,1.2180242538452148,-0.10556618124246597,0.06525585055351257,6.236484527587891,289.0552062988281,0.18544340133666992,628.4789428710938,0.3793870210647583,1.0020993947982788,-0.3429431915283203,0.0,0.0,12.392526626586914,0.23214435577392578
59.43129348754883,-0.5537298321723938,1.0987772941589355,-0.12006814032793045,0.10525878518819809,0.31702327728271484,334.210693359375,0.45507049560546875,622.3746337890625,0.006392112001776695,0.9082875847816467,-0.2585759162902832,0.0,0.0,12.392526626586914,0.1380472183227539
59.43229293823242,-0.8989500403404236,0.8585794568061829,-0.11362282186746597,0.1461920142173767,0.6300716400146484,321.49298095703125,0.7444374561309814,619.4127197265625,-0.36867550015449524,0.6523703932762146,-0.02434253692626953,0.0,0.0,12.392526626586914,0.11436581611633301
59.433292388916016,-1.150734782218933,0.5315015316009521,-0.09106422960758209,0.1480526328086853,0.9715886116027832,333.5409240722656,1.077817678451538,622.688232421875,-0.7504215240478516,0.33685368299484253,0.28197383880615234,0.0,0.0,12.392526626586914,0.10622906684875488
59.43429183959961,-1.2835116386413574,0.15161435306072235,-0.06689430773258209,0.1415404975414276,1.2315850257873535,289.3437194824219,1.4368255138397217,629.2238159179688,-1.022731900215149,0.01770029589533806,0.33040523529052734,0.0,0.0,12.392526626586914,0.20524048805236816
59.4352912902832,-1.2903962135314941,-0.24871546030044556,-0.03144508972764015,0.1396798938512802,1.5943846702575684,333.5409240722656,1.7975919246673584,635.5430908203125,-1.1915467977523804,-0.3574766516685486,0.27982139587402344,0.0,0.0,12.392526626586914,0.20320725440979004
59.43628692626953,-1.153685450553894,-0.6217886805534363,-0.010497826151549816,0.1201435923576355,1.925377368927002,332.20941162109375,2.14750599861145,639.93408203125,-1.2359439134597778,-0.6544634699821472,0.12479257583618164,0.0,0.0,12.392526626586914,0.22212862968444824
59.437286376953125,-0.8989498615264893,-0.9335348606109619,0.03139670565724373,0.07734975963830948,2.260354518890381,333.8754577636719,2.471705675125122,640.4934692382812,-1.164016842842102,-0.9011144042015076,-0.029515743255615234,0.0,0.0,12.392526626586914,0.2113511562347412
59.438289642333984,-0.5615978240966797,-1.1498832702636719,0.05717795342206955,0.03269532322883606,2.519650936126709,289.0552062988281,2.7791779041290283,638.7278442382812,-0.9406197667121887,-1.0877001285552979,-0.14005136489868164,0.0,0.0,12.392526626586914,0.25952696800231934
59.43928909301758,-0.1583489328622818,-1.2555022239685059,0.08779318630695343,-0.02777421846985817,2.901040554046631,344.6456298828125,3.0718562602996826,635.0567016601562,-0.6347124576568604,-1.110133171081543,-0.24168825149536133,0.0,0.0,12.392526626586914,0.17081570625305176
59.44028854370117,0.2704720199108124,-1.2248386144638062,0.08457053452730179,-0.07614985853433609,3.224107265472412,331.8782043457031,-2.9344987869262695,629.4774780273438,-0.2901274263858795,-1.023197889328003,-0.27776551246643066,0.0,0.0,12.392526626586914,0.12457942962646484
59.441287994384766,0.6766715049743652,-1.0664103031158447,0.10068381577730179,-0.12452550232410431,3.559304714202881,333.8754577636719,-2.649052381515503,625.483154296875,0.15726815164089203,-0.8754255175590515,-0.1082000732421875,0.0,0.0,12.392526626586914,0.0748286247253418
59.44228744506836,1.0032044649124146,-0.7938450574874878,0.09584982693195343,-0.14964362978935242,3.8196043968200684,289.6327819824219,-2.335414171218872,625.63330078125,0.5176063776016235,-0.5821089148521423,0.13048863410949707,0.0,0.0,12.392526626586914,0.12816667556762695
59.44328689575195,1.2274502515792847,-0.4463251233100891,0.07651389390230179,-0.15522541105747223,4.182210445404053,333.5409240722656,-1.9867002964019775,630.5709228515625,0.8721311092376709,-0.2798267900943756,0.31946492195129395,0.0,0.0,12.392526626586914,0.11427450180053711
59.44428634643555,1.3307214975357056,-0.04258809983730316,0.04428732767701149,-0.13848000764846802,4.513204097747803,332.20941162109375,-1.6223214864730835,637.3017578125,1.1690970659255981,0.06392068415880203,0.32245349884033203,0.0,0.0,12.392526626586914,0.1476597785949707
59.445289611816406,1.2854784727096558,0.3730732202529907,0.02172873541712761,-0.0994073674082756,4.848180294036865,333.8754577636719,-1.2653980255126953,642.5299682617188,1.3080626726150513,0.3748807907104492,0.18996548652648926,0.0,0.0,12.392526626586914,0.16960716247558594
59.4462890625,1.1153274774551392,0.7359251976013184,-0.0233884509652853,-0.088243767619133,5.107476711273193,289.0552062988281,-0.9220373630523682,645.5458984375,1.2654966115951538,0.7352266311645508,0.09350776672363281,0.0,0.0,12.392526626586914,0.25367116928100586
59.447288513183594,0.8320696353912354,1.0221184492111206,-0.04755837097764015,-0.07242865860462189,5.470643520355225,333.8754577636719,-0.5961718559265137,645.9530639648438,1.1466702222824097,0.9814565181732178,-0.05258798599243164,0.0,0.0,12.392526626586914,0.2163701057434082
59.44828796386719,0.4573432505130768,1.2282453775405884,-0.04755837097764015,-0.038937829434871674,5.801747798919678,332.20941162109375,-0.2892160415649414,643.746337890625,0.8489282727241516,1.1481901407241821,-0.13516950607299805,0.0,0.0,12.392526626586914,0.19222164154052734
59.44928741455078,0.04425880312919617,1.2895724773406982,-0.08945289999246597,0.04851042851805687,6.083055019378662,301.56494140625,0.00022268295288085938,639.2876586914062,0.5357279777526855,1.164482831954956,-0.22177934646606445,0.0,0.0,12.392526626586914,0.20035314559936523
59.450286865234375,-0.3786601722240448,1.2248386144638062,-0.11040017008781433,0.09037397056818008,0.15242719650268555,332.20941162109375,0.28205132484436035,634.0989990234375,0.15810464322566986,1.0523829460144043,-0.2232804298400879,0.0,0.0,12.392526626586914,0.1296241283416748
59.45128631591797,-0.7789586186408997,1.025525689125061,-0.11845681071281433,0.1359587013721466,0.5053057670593262,344.6456298828125,0.5706455707550049,630.21337890625,-0.22366271913051605,0.8000862002372742,-0.08965063095092773,0.0,0.0,12.392526626586914,0.06533980369567871
59.45228958129883,-1.090739130973816,0.7171865105628967,-0.11040017008781433,0.1275860071182251,0.8283610343933105,331.8782043457031,0.8942410945892334,631.4058837890625,-0.6444771885871887,0.5396749973297119,0.19202804565429688,0.0,0.0,12.392526626586914,0.06588006019592285
59.45328903198242,-1.2884294986724854,0.3270778954029083,-0.08623024821281433,0.16758891940116882,1.0920023918151855,290.7947692871094,1.2532808780670166,637.3687133789062,-0.9026474356651306,0.13490623235702515,0.38634824752807617,0.0,0.0,12.392526626586914,0.16127848625183105
59.454288482666016,-1.3523591756820679,-0.08006612956523895,-0.06044899672269821,0.16014650464057922,1.4689745903015137,342.5839538574219,1.6261451244354248,644.7820434570312,-1.203799843788147,-0.1820589154958725,0.3134126663208008,0.0,0.0,12.392526626586914,0.15717053413391113
59.45528793334961,-1.2746597528457642,-0.5008379220962524,-0.015331810340285301,0.1210738942027092,1.7970919609069824,333.8754577636719,1.9884626865386963,650.2489624023438,-1.2693156003952026,-0.6127454042434692,0.25171613693237305,0.0,0.0,12.392526626586914,0.19137072563171387
59.45628356933594,-1.0504138469696045,-0.8551724553108215,0.02172873541712761,0.1127011850476265,2.1273131370544434,331.8782043457031,2.331731081008911,652.7197875976562,-1.2333570718765259,-0.8797016143798828,0.07673358917236328,0.0,0.0,12.392526626586914,0.20441794395446777
59.45728302001953,-0.7238810658454895,-1.114108920097351,0.05556662753224373,0.042928632348775864,2.408872127532959,301.56494140625,2.656665086746216,652.5053100585938,-1.075447916984558,-1.0768412351608276,-0.08396100997924805,0.0,0.0,12.392526626586914,0.24779295921325684
59.458282470703125,-0.3255497217178345,-1.2691302299499512,0.08134787529706955,-0.005447005853056908,2.7613959312438965,332.20941162109375,2.9594309329986572,649.27734375,-0.7716083526611328,-1.1487807035446167,-0.19601774215698242,0.0,0.0,12.392526626586914,0.19803500175476074
59.459285736083984,0.11310648173093796,-1.2929795980453491,0.09584982693195343,-0.06591655313968658,3.1142611503601074,344.6456298828125,-3.03721022605896,644.050048828125,-0.44430723786354065,-1.14544677734375,-0.2637665271759033,0.0,0.0,12.392526626586914,0.1317143440246582
59.46028518676758,0.5556966662406921,-1.1703253984451294,0.09423849731683731,-0.12638609111309052,3.4376635551452637,331.8782043457031,-2.748945474624634,639.4295654296875,-0.019866332411766052,-0.9461217522621155,-0.20372295379638672,0.0,0.0,12.392526626586914,0.09657621383666992
59.46128463745117,0.9205877184867859,-0.9233134984970093,0.11035177856683731,-0.14685270190238953,3.7193961143493652,301.86773681640625,-2.442945718765259,637.5765380859375,0.37741321325302124,-0.6939268708229065,0.011695384979248047,0.0,0.0,12.392526626586914,0.12084341049194336
59.462284088134766,1.2018784284591675,-0.5792001485824585,0.09423849731683731,-0.18220414221286774,4.071197032928467,331.8782043457031,-2.100480318069458,640.857421875,0.7484473586082458,-0.32479190826416016,0.33794713020324707,0.0,0.0,12.392526626586914,0.11150789260864258
59.46328353881836,1.34744131565094,-0.17035283148288727,0.06845725327730179,-0.17290113866329193,4.424281597137451,344.6456298828125,-1.7215712070465088,648.8748168945312,1.076366901397705,0.008980760350823402,0.3800334930419922,0.0,0.0,12.392526626586914,0.13733243942260742
59.46428298950195,1.348425030708313,0.27086159586906433,0.05073264241218567,-0.15894661843776703,4.765157222747803,342.5839538574219,-1.3483271598815918,655.5499267578125,1.290189266204834,0.3470330834388733,0.2618215084075928,0.0,0.0,12.392526626586914,0.16970109939575195
59.46528244018555,1.2087631225585938,0.6558595299720764,-0.0008298575994558632,-0.1310376077890396,5.022252559661865,291.08673095703125,-0.9902079105377197,659.6865844726562,1.3485441207885742,0.6993424296379089,0.11879324913024902,0.0,0.0,12.392526626586914,0.2707247734069824
59.466285705566406,0.9412419199943542,0.9829369783401489,-0.04111305996775627,-0.0835922583937645,5.3990302085876465,342.5839538574219,-0.6497077941894531,661.1288452148438,1.2274580001831055,1.0045689344406128,-0.015581607818603516,0.0,0.0,12.392526626586914,0.23444747924804688
59.46728515625,0.5635647177696228,1.2112102508544922,-0.05883767083287239,-0.03800753131508827,5.745040416717529,344.6456298828125,-0.3329885005950928,659.2183227539062,0.9887642860412598,1.1724040508270264,-0.1504528522491455,0.0,0.0,12.392526626586914,0.20515680313110352
59.468284606933594,0.1229415163397789,1.3134219646453857,-0.10556618124246597,0.03548622503876686,6.0862555503845215,342.5839538574219,-0.03555464744567871,654.7982177734375,0.6582271456718445,1.2245427370071411,-0.24318861961364746,0.0,0.0,12.392526626586914,0.1613755226135254
59.46928024291992,-0.33341798186302185,1.2623162269592285,-0.12006814032793045,0.08665277063846588,0.09561681747436523,312.648681640625,0.24833464622497559,648.833984375,0.24110761284828186,1.0462150573730469,-0.26259803771972656,0.0,0.0,12.392526626586914,0.15271782875061035
59.470279693603516,-0.748469352722168,1.0783348083496094,-0.12651345133781433,0.1406102031469345,0.4408144950866699,332.20941162109375,0.5416808128356934,644.5916137695312,-0.18491323292255402,0.8567512035369873,-0.11630415916442871,0.0,0.0,12.392526626586914,0.10086631774902344
59.47127914428711,-1.090739130973816,0.7648853063583374,-0.11684548109769821,0.17037983238697052,0.7936968803405762,344.6456298828125,0.8687851428985596,645.2941284179688,-0.5805301070213318,0.5088873505592346,0.19957828521728516,0.0,0.0,12.392526626586914,0.0750882625579834
59.4722785949707,-1.312034010887146,0.35433429479599,-0.09106422960758209,0.18526466190814972,1.1343379020690918,342.24273681640625,1.2364709377288818,651.4864501953125,-0.8954878449440002,0.1447436511516571,0.3960709571838379,0.0,0.0,12.392526626586914,0.10213303565979004
